timestamp,time_s,speed_mps,distance_m,wheel_omega_rad_s,motor_current_A,steer_motor_deg,steer_column_deg,vx_mps,vy_mps,yaw_rate_rad_s,heading_rad,x_m,y_m,gyro_x_rad_s,gyro_y_rad_s,gyro_z_rad_s,accel_x_mps2,accel_y_mps2,accel_z_mps2,grade_deg,bank_deg,moving,gps_new_fix,gps_time_s,gps_latitude_deg,gps_longitude_deg,gps_altitude_m,gps_east_m,gps_north_m,gps_sigma_m
2026-09-11T19:02:23.749,0.000007,0.307245,0.001678,2.844861,0.000000,-43.392026,14.928449,0.296875,0.036658,0.077175,0.000000,0.000000,0.000000,0.067075,-0.006583,0.078659,0.969093,0.275665,9.597474,2.288540,1.691595,1,1,-0.528789,38.990378,-76.939807,-6.551000,0.000000,0.000000,3.480894
2026-09-11T19:02:23.783,0.033433,0.366163,0.013949,3.390394,0.000000,-43.392026,14.928449,0.353804,0.037816,0.079612,0.002620,0.010873,0.001260,0.062076,-0.004419,0.081096,0.863279,0.810324,9.426250,2.282195,1.725866,1,0,,38.990378,-76.939807,-6.551000,,,
2026-09-11T19:02:23.817,0.066852,0.337313,0.024679,3.123270,0.000000,-43.392026,14.928449,0.325928,0.039287,0.082710,0.005333,0.022226,0.002593,0.071512,0.000279,0.084194,1.029992,-0.504454,10.129485,2.284061,1.674733,1,0,,38.990378,-76.939807,-6.551000,,,
2026-09-11T19:02:23.850,0.100265,0.386332,0.037591,3.577148,0.000000,-43.392026,14.928449,0.373293,0.039110,0.082337,0.008090,0.033898,0.003982,0.046806,0.005931,0.083821,0.961150,-0.167301,9.704563,2.276373,1.645749,1,0,,38.990378,-76.939807,-6.551000,,,
2026-09-11T19:02:23.884,0.133699,0.357466,0.049185,3.309874,0.000000,-43.392026,14.928449,0.345401,0.040878,0.086058,0.010905,0.045900,0.005433,0.036332,-0.009735,0.087542,0.910351,-0.948009,9.286505,2.262335,1.566584,1,0,,38.990378,-76.939807,-6.551000,,,
2026-09-11T19:02:23.917,0.167113,0.397097,0.063402,3.676823,0.000000,-43.311002,14.900574,0.383744,0.042329,0.089115,0.013832,0.058063,0.006974,0.038930,-0.007061,0.090598,0.715395,-0.273507,10.469580,2.232663,1.531703,1,0,,38.990378,-76.939807,-6.551000,,,
2026-09-11T19:02:23.951,0.200526,0.387453,0.075814,3.587532,0.000000,-42.661435,14.677099,0.374810,0.045587,0.095973,0.016924,0.070711,0.008638,0.048662,-0.023561,0.097456,0.916628,-1.676349,10.274722,2.211347,1.406326,1,0,,38.990378,-76.939807,-6.551000,,,
2026-09-11T19:02:23.984,0.233947,0.407607,0.090223,3.774137,0.000000,-40.931775,14.082033,0.395358,0.039092,0.082299,0.019903,0.083553,0.010290,0.004758,-0.003908,0.083783,0.747463,0.193387,9.008095,2.174294,1.403538,1,0,,38.990378,-76.939807,-6.551000,,,
2026-09-11T19:02:24.018,0.267362,0.437166,0.104395,4.047837,0.000000,-38.910291,13.386568,0.425289,0.035470,0.074674,0.022526,0.097235,0.011827,-0.013385,-0.001038,0.076158,0.987726,-0.796104,10.069861,2.153163,1.336804,1,0,,38.990378,-76.939807,-6.551000,,,
2026-09-11T19:02:24.051,0.300775,0.427523,0.118647,3.958546,0.000000,-36.647107,12.607950,0.417214,0.039985,0.084179,0.025179,0.111276,0.013423,-0.021910,-0.001274,0.085663,1.557100,0.610464,9.904226,2.167902,1.361606,1,0,,38.990378,-76.939807,-6.551000,,,
2026-09-11T19:02:24.084,0.334196,0.476542,0.134843,4.412425,0.000000,-34.124372,11.740036,0.466573,0.038810,0.081706,0.027951,0.126004,0.015132,0.004279,-0.008348,0.083189,1.762451,0.716474,9.728687,2.195075,1.392805,1,0,,38.990378,-76.939807,-6.551000,,,
2026-09-11T19:02:24.118,0.367610,0.506001,0.151486,4.685191,0.000000,-33.719251,11.600660,0.495665,0.047038,0.099026,0.030971,0.142031,0.017040,0.019244,-0.011176,0.100510,1.239070,-1.132864,9.046046,2.185320,1.303285,1,0,,38.990378,-76.939807,-6.551000,,,
2026-09-11T19:02:24.151,0.401024,0.525288,0.169278,4.863774,0.000000,-33.082730,11.381673,0.514957,0.045716,0.096244,0.034233,0.158856,0.019140,0.022859,0.000476,0.097728,1.285162,1.424122,9.518727,2.176482,1.380171,1,0,,38.990378,-76.939807,-6.551000,,,
2026-09-11T19:02:24.185,0.434444,0.554602,0.188433,5.135205,0.000000,-32.168805,11.067249,0.544288,0.042555,0.089589,0.037339,0.176492,0.021248,0.044094,0.002151,0.091073,1.532583,-0.043443,10.256481,2.185989,1.361296,1,1,0.424113,38.990377,-76.939809,-6.584000,-0.205119,-0.091550,4.796355
2026-09-11T19:02:24.218,0.467861,0.603348,0.208718,5.586554,0.000000,-31.345517,10.784008,0.592692,0.047279,0.099536,0.040499,0.195416,0.023488,0.029470,-0.014863,0.101019,1.446775,-0.270271,8.207480,2.189789,1.327293,1,0,,38.990377,-76.939809,-6.584000,,,
2026-09-11T19:02:24.252,0.501276,0.632395,0.229687,5.855512,0.000000,-30.932843,10.642033,0.621518,0.050714,0.106765,0.043945,0.215615,0.025981,0.068164,-0.010204,0.108249,1.744603,-0.818561,8.807941,2.216001,1.257717,1,0,,38.990377,-76.939809,-6.584000,,,
2026-09-11T19:02:24.285,0.534698,0.661753,0.251920,6.127345,0.000000,-30.428159,10.468403,0.650739,0.047165,0.099295,0.047389,0.236779,0.028587,0.077880,-0.002411,0.100779,0.943400,-0.461991,10.841448,2.191928,1.212085,1,0,,38.990377,-76.939809,-6.584000,,,
2026-09-11T19:02:24.319,0.568116,0.681384,0.274996,6.309114,0.000000,-29.724347,10.226266,0.670560,0.049440,0.104084,0.050787,0.258751,0.031283,0.080720,0.013963,0.105568,1.037347,0.429727,10.467030,2.178145,1.224332,1,0,,38.990377,-76.939809,-6.584000,,,
2026-09-11T19:02:24.352,0.601528,0.691354,0.298589,6.401430,0.000000,-28.161542,9.688604,0.681494,0.045455,0.095695,0.054125,0.281224,0.034050,0.046077,-0.047299,0.097179,1.298891,-0.866319,9.259929,2.187253,1.152887,1,0,,38.990377,-76.939809,-6.584000,,,
2026-09-11T19:02:24.385,0.634951,0.740033,0.323473,6.852157,0.000000,-25.537870,8.785964,0.731349,0.040101,0.084423,0.057135,0.304719,0.036792,-0.011112,-0.095584,0.085907,2.184824,-0.834056,8.515605,2.256321,1.084524,1,0,,38.990377,-76.939809,-6.584000,,,
2026-09-11T19:02:24.419,0.668364,0.730817,0.348416,6.766823,0.000000,-19.701383,6.777999,0.725709,0.048871,0.102886,0.060264,0.328932,0.039704,-0.082417,0.009115,0.104370,0.527598,0.950068,9.377511,2.218448,1.131531,1,0,,38.990377,-76.939809,-6.584000,,,
2026-09-11T19:02:24.452,0.701784,0.731078,0.372813,6.769241,0.000000,-18.039701,6.206319,0.726793,0.027201,0.057266,0.062940,0.353079,0.042467,-0.148895,-0.041213,0.058750,0.458363,-0.395502,10.927452,2.178438,1.093092,1,0,,38.990377,-76.939809,-6.584000,,,
2026-09-11T19:02:24.486,0.735216,0.741074,0.397910,6.861794,0.000000,-15.646741,5.383053,0.737805,0.019829,0.041746,0.064595,0.377462,0.044812,-0.182053,-0.018410,0.043230,0.684504,1.514637,10.283940,2.155403,1.179417,1,0,,38.990377,-76.939809,-6.584000,,,
2026-09-11T19:02:24.519,0.768632,0.731719,0.422547,6.775174,0.000000,-14.836499,5.104300,0.728817,0.027083,0.057017,0.066245,0.401862,0.047196,-0.130521,-0.009421,0.058500,0.929082,0.031381,9.771640,2.149707,1.168077,1,0,,38.990377,-76.939809,-6.584000,,,
2026-09-11T19:02:24.552,0.802046,0.731990,0.447280,6.777684,0.000000,-14.622266,5.030596,0.729170,0.028926,0.060896,0.068215,0.426103,0.049766,-0.116063,-0.037818,0.062380,-0.754033,-0.059036,9.503723,2.035544,1.150830,1,0,,38.990377,-76.939809,-6.584000,,,
2026-09-11T19:02:24.586,0.835471,0.712734,0.471323,6.599392,0.000000,-16.204983,5.575109,0.709363,0.038120,0.080252,0.070574,0.450009,0.052550,-0.060817,-0.029122,0.081736,0.984490,-1.547686,8.531786,2.036079,1.036613,1,0,,38.990377,-76.939809,-6.584000,,,
2026-09-11T19:02:24.619,0.868887,0.722649,0.495882,6.691194,0.000000,-18.167417,6.250258,0.718353,0.047467,0.099931,0.073585,0.473698,0.055694,-0.048230,-0.018755,0.101415,1.075201,-1.130118,8.094899,2.043853,0.949749,1,0,,38.990377,-76.939809,-6.584000,,,
2026-09-11T19:02:24.653,0.902300,0.722734,0.520210,6.691982,0.000000,-19.331967,6.650906,0.717870,0.045044,0.094829,0.076839,0.497508,0.059039,-0.049706,-0.019484,0.096312,0.305673,1.611625,9.788900,2.001924,1.041473,1,0,,38.990377,-76.939809,-6.584000,,,
2026-09-11T19:02:24.686,0.935724,0.752337,0.545037,6.966085,0.000000,-20.845334,7.171560,0.746452,0.052508,0.110543,0.080271,0.521776,0.062585,-0.026552,-0.015163,0.112026,0.351765,1.143455,10.276879,1.963709,1.100978,1,0,,38.990377,-76.939809,-6.584000,,,
2026-09-11T19:02:24.719,0.969138,0.772174,0.570780,7.149761,0.000000,-21.537473,7.409681,0.765726,0.055458,0.116754,0.084068,0.546806,0.066457,-0.001191,0.012138,0.118238,1.226322,0.360591,10.236770,1.984612,1.108711,1,0,,38.990377,-76.939809,-6.584000,,,
2026-09-11T19:02:24.753,1.002553,0.801666,0.597229,7.422837,0.000000,-21.897275,7.533466,0.794747,0.065360,0.137600,0.088318,0.572607,0.070713,-0.050032,0.022033,0.139083,3.416441,-1.239953,13.358030,2.147386,1.011513,1,0,,38.990377,-76.939809,-6.584000,,,
2026-09-11T19:02:24.787,1.035976,0.811860,0.624315,7.517220,0.000000,-21.704328,7.467085,0.804975,0.043868,0.092353,0.092161,0.599068,0.074941,0.013997,-0.095768,0.093837,1.000180,0.574866,7.762748,2.151663,1.035082,1,0,,38.990377,-76.939809,-6.584000,,,
2026-09-11T19:02:24.820,1.069393,0.841453,0.652573,7.791230,0.000000,-21.660382,7.451966,0.834346,0.062387,0.131341,0.095898,0.626170,0.079281,0.019767,-0.003298,0.132824,1.441185,-1.963291,10.476150,2.185665,0.891881,1,0,,38.990377,-76.939809,-6.584000,,,
2026-09-11T19:02:24.853,1.102808,0.832100,0.680621,7.704632,0.000000,-21.770932,7.490000,0.825000,0.052863,0.111291,0.099952,0.653573,0.083907,0.012579,0.001381,0.112775,0.711963,1.695766,10.915488,2.172488,0.988158,1,0,,38.990377,-76.939809,-6.584000,,,
2026-09-11T19:02:24.887,1.136235,0.881437,0.710256,8.161457,0.000000,-21.660382,7.451966,0.873993,0.056086,0.118075,0.103785,0.681637,0.088608,0.035576,0.004414,0.119558,-0.178971,0.806989,8.227191,2.103358,1.025144,1,0,,38.990377,-76.939809,-6.584000,,,
2026-09-11T19:02:24.920,1.169652,0.872134,0.739448,8.075316,0.000000,-21.432416,7.373538,0.864922,0.055164,0.116135,0.107699,0.710333,0.093523,0.023454,0.033699,0.117619,0.128859,-0.440417,9.767914,2.056037,0.981176,1,0,,38.990377,-76.939809,-6.584000,,,
2026-09-11T19:02:24.953,1.203065,0.872512,0.768298,8.078813,0.000000,-21.484601,7.391491,0.865262,0.061680,0.129852,0.111808,0.738850,0.098629,0.059853,0.017507,0.131336,0.723535,-1.226714,8.587389,2.048865,0.886062,1,0,,38.990377,-76.939809,-6.584000,,,
2026-09-11T19:02:24.987,1.236491,0.853409,0.796737,7.901934,0.000000,-21.396710,7.361254,0.846375,0.052583,0.110702,0.115829,0.767055,0.103775,0.058251,-0.013417,0.112186,0.436788,-0.581927,10.014747,2.026151,0.834904,1,0,,38.990377,-76.939809,-6.584000,,,
2026-09-11T19:02:25.021,1.269908,0.873367,0.825805,8.086728,0.000000,-21.463315,7.384168,0.866124,0.054976,0.115738,0.119612,0.795259,0.108921,0.086066,0.001680,0.117222,0.014318,-0.289590,10.050738,1.976815,0.802817,1,0,,38.990377,-76.939809,-6.584000,,,
2026-09-11T19:02:25.054,1.303323,0.844703,0.853598,7.821321,0.000000,-21.172177,7.284006,0.837886,0.048274,0.101628,0.123244,0.823310,0.114081,0.058831,-0.015686,0.103112,-0.463756,1.268686,9.733198,1.890650,0.872880,1,0,,38.990377,-76.939809,-6.584000,,,
2026-09-11T19:02:25.088,1.336750,0.834955,0.881112,7.731062,0.000000,-20.639340,7.100691,0.828551,0.047822,0.100677,0.126625,0.850745,0.119145,0.036891,0.013778,0.102160,0.207509,-0.102283,11.964702,1.840709,0.853574,1,0,,38.990377,-76.939809,-6.584000,,,
2026-09-11T19:02:25.120,1.370164,0.825262,0.908255,7.641311,0.000000,-19.752881,6.795716,0.819464,0.034493,0.072617,0.129520,0.877877,0.124025,0.024925,0.018485,0.074100,0.868575,-0.953795,9.322104,1.831099,0.780949,1,0,,38.990377,-76.939809,-6.584000,,,
2026-09-11T19:02:25.154,1.403578,0.815440,0.935397,7.550373,0.000000,-17.943570,6.173247,0.810712,0.026712,0.056235,0.131673,0.904748,0.128586,0.011910,-0.018714,0.057719,0.847197,-1.141788,8.737725,1.819143,0.697866,1,0,,38.990377,-76.939809,-6.584000,,,
2026-09-11T19:02:25.188,1.436999,0.834984,0.963420,7.731337,0.000000,-15.800549,5.435969,0.831229,0.033357,0.070225,0.133786,0.931811,0.133212,-0.005572,-0.067170,0.071709,0.894465,-0.214079,9.412129,1.808199,0.674889,1,1,1.426306,38.990374,-76.939816,-6.804000,-0.819035,-0.497968,6.329561
2026-09-11T19:02:25.221,1.470417,0.845083,0.991525,7.824839,0.000000,-13.668515,4.702471,0.842238,0.017815,0.037505,0.135586,0.959406,0.137814,0.059286,-0.000504,0.038988,1.613684,0.311165,9.889418,1.843710,0.687886,1,0,,38.990374,-76.939816,-6.804000,,,
2026-09-11T19:02:25.254,1.503833,0.835563,1.019907,7.736698,0.000000,-11.816632,4.065355,0.833461,0.003993,0.008407,0.136353,0.987096,0.141970,0.037026,0.099186,0.009891,0.133076,1.308796,10.466245,1.785550,0.766874,1,0,,38.990374,-76.939816,-6.804000,,,
2026-09-11T19:02:25.288,1.537257,0.874666,1.048999,8.098756,0.000000,-8.546139,2.940185,0.873514,0.004675,0.009842,0.136658,1.015337,0.145996,0.059056,-0.042559,0.011326,3.247864,0.887208,6.376382,1.932661,0.817618,1,0,,38.990374,-76.939816,-6.804000,,,
2026-09-11T19:02:25.321,1.570673,0.972314,1.081327,9.002903,0.000000,-5.237880,1.802023,0.971833,-0.002882,-0.006067,0.136722,1.045878,0.150227,0.025145,0.039685,-0.004584,3.141658,-0.949872,12.898883,2.074458,0.749871,1,0,,38.990374,-76.939816,-6.804000,,,
2026-09-11T19:02:25.354,1.604089,1.020911,1.115969,9.452879,0.000000,-1.138607,0.391722,1.020887,-0.010367,-0.021824,0.136255,1.078893,0.154538,0.083488,0.013162,-0.020341,1.071671,-0.067960,16.872636,2.081713,0.740993,1,0,,38.990374,-76.939816,-6.804000,,,
2026-09-11T19:02:25.388,1.637509,1.060077,1.151045,9.815524,0.000000,6.132971,-2.109967,1.059358,-0.023198,-0.048839,0.135075,1.113410,0.158683,0.017439,-0.022742,-0.047355,0.888679,-0.897112,8.718700,2.072680,0.680467,1,0,,38.990374,-76.939816,-6.804000,,,
2026-09-11T19:02:25.421,1.670924,1.079641,1.187265,9.996672,0.000000,10.863271,-3.737364,1.077345,-0.059287,-0.124814,0.132173,1.148973,0.162073,0.033608,-0.015083,-0.123331,2.201397,1.711359,12.446306,2.147053,0.794729,1,0,,38.990374,-76.939816,-6.804000,,,
2026-09-11T19:02:25.456,1.704337,1.089721,1.223512,10.090011,0.000000,16.441580,-5.656507,1.084415,-0.058965,-0.124136,0.128014,1.185040,0.164799,0.000374,-0.002150,-0.122653,1.249759,0.444437,9.515687,2.162696,0.825770,1,0,,38.990374,-76.939816,-6.804000,,,
2026-09-11T19:02:25.490,1.737753,1.070616,1.259315,9.913111,0.000000,19.414068,-6.679152,1.063350,-0.069482,-0.146277,0.123496,1.220910,0.167171,-0.064314,-0.053414,-0.144793,0.063645,-0.809637,7.368717,2.100689,0.776687,1,0,,38.990374,-76.939816,-6.804000,,,
2026-09-11T19:02:25.524,1.771171,1.051748,1.294115,9.738411,0.000000,21.058584,-7.244926,1.043351,-0.070287,-0.147972,0.118580,1.256135,0.169104,-0.127478,-0.051648,-0.146488,-0.287335,-2.626613,7.652816,2.012999,0.610514,1,0,,38.990374,-76.939816,-6.804000,,,
2026-09-11T19:02:25.555,1.804589,1.023041,1.328011,9.472603,0.000000,22.416769,-7.712191,1.013787,-0.062194,-0.130935,0.113919,1.290533,0.170893,-0.172824,-0.143571,-0.129452,-2.135594,2.004381,16.310028,1.809159,0.744410,1,0,,38.990374,-76.939816,-6.804000,,,
2026-09-11T19:02:25.588,1.838005,0.965098,1.360301,8.936097,0.000000,22.691427,-7.806684,0.956154,-0.080997,-0.170521,0.108883,1.323507,0.172177,-0.172130,0.019737,-0.169037,0.831800,-2.147558,6.351277,1.804524,0.610158,1,0,,38.990374,-76.939816,-6.804000,,,
2026-09-11T19:02:25.622,1.871418,0.985254,1.393558,9.122722,0.000000,22.871328,-7.868576,0.975977,-0.083336,-0.175445,0.103103,1.355896,0.172861,-0.231673,0.007933,-0.173962,1.429319,0.181619,8.886002,1.840582,0.628610,1,0,,38.990374,-76.939816,-6.804000,,,
2026-09-11T19:02:25.655,1.904830,1.014738,1.427349,9.395726,0.000000,22.657781,-7.795108,1.005362,-0.066388,-0.139765,0.097837,1.389080,0.173691,-0.241164,-0.164560,-0.138281,3.230899,-0.208391,10.135173,1.991045,0.619641,1,0,,38.990374,-76.939816,-6.804000,,,
2026-09-11T19:02:25.688,1.938239,1.025096,1.462068,9.491626,0.000000,22.306219,-7.674158,1.015914,-0.054594,-0.114934,0.093582,1.422884,0.174906,-0.233996,0.042259,-0.113451,-0.611249,1.853653,9.965518,1.885495,0.742618,1,0,,38.990374,-76.939816,-6.804000,,,
2026-09-11T19:02:25.721,1.971651,0.986587,1.494437,9.135066,0.000000,21.918264,-7.540687,0.978055,-0.040367,-0.084984,0.090242,1.456200,0.176384,-0.230317,-0.053876,-0.083501,1.754998,-1.431183,11.575280,1.927953,0.649572,1,0,,38.990374,-76.939816,-6.804000,,,
2026-09-11T19:02:25.755,2.005064,1.035652,1.529190,9.589367,0.000000,21.883245,-7.528639,1.026724,-0.064832,-0.136489,0.086542,1.489716,0.177589,-0.160069,-0.017236,-0.135005,1.528759,0.741873,10.504099,1.950088,0.701819,1,0,,38.990374,-76.939816,-6.804000,,,
2026-09-11T19:02:25.789,2.038475,1.074481,1.565176,9.948898,0.000000,21.940237,-7.548247,1.065170,-0.066923,-0.140891,0.081909,1.524725,0.178334,-0.158651,-0.040367,-0.139407,3.108022,-3.060459,8.599648,2.069892,0.508160,1,0,,38.990374,-76.939816,-6.804000,,,
2026-09-11T19:02:25.822,2.071889,1.132993,1.602726,10.490677,0.000000,21.901098,-7.534781,1.123210,-0.071352,-0.150215,0.077045,1.561353,0.178931,-0.113727,-0.061228,-0.148732,1.933871,1.264764,9.184026,2.105386,0.597650,1,0,,38.990374,-76.939816,-6.804000,,,
2026-09-11T19:02:25.855,2.105302,1.152334,1.641294,10.669757,0.000000,21.899038,-7.534073,1.142386,-0.080207,-0.168856,0.071715,1.599286,0.179218,-0.057848,-0.008067,-0.167373,2.020660,-1.876404,12.056884,2.144504,0.484509,1,0,,38.990374,-76.939816,-6.804000,,,
2026-09-11T19:02:25.888,2.138712,1.191400,1.681172,11.031484,0.000000,21.778875,-7.492732,1.181227,-0.083989,-0.176819,0.065940,1.638199,0.179149,-0.049792,0.004469,-0.175335,2.173840,-1.240149,9.550500,2.199118,0.414817,1,0,,38.990374,-76.939816,-6.804000,,,
2026-09-11T19:02:25.923,2.172123,1.240174,1.722812,11.483091,0.000000,21.778875,-7.492732,1.229584,-0.090835,-0.191232,0.059792,1.678577,0.178762,0.031937,-0.011841,-0.189749,2.443719,-0.771195,8.648289,2.276499,0.377931,1,0,,38.990374,-76.939816,-6.804000,,,
2026-09-11T19:02:25.956,2.205534,1.298858,1.766375,12.026463,0.000000,21.778875,-7.492732,1.287768,-0.087866,-0.184982,0.053507,1.720732,0.178160,0.082884,0.012604,-0.183498,1.724794,-0.629587,10.397697,2.307693,0.350813,1,0,,38.990374,-76.939816,-6.804000,,,
2026-09-11T19:02:25.989,2.238946,1.328305,1.810762,12.299119,0.000000,21.734930,-7.477613,1.317009,-0.093260,-0.196336,0.047136,1.764344,0.177325,0.101988,0.013737,-0.194853,0.667343,0.725594,11.398171,2.272395,0.412975,1,0,,38.990374,-76.939816,-6.804000,,,
2026-09-11T19:02:26.022,2.272359,1.338407,1.855320,12.392659,0.000000,21.845480,-7.515647,1.326909,-0.093011,-0.195813,0.040585,1.808609,0.176152,0.088341,0.018096,-0.194329,2.214538,-2.486672,8.699087,2.343395,0.266731,1,0,,38.990374,-76.939816,-6.804000,,,
2026-09-11T19:02:26.056,2.305771,1.348326,1.900145,12.484498,0.000000,21.852346,-7.518009,1.336735,-0.099400,-0.209264,0.033818,1.853196,0.174595,0.071433,-0.024670,-0.207780,0.968113,-0.424432,9.441352,2.337963,0.256800,1,0,,38.990374,-76.939816,-6.804000,,,
2026-09-11T19:02:26.089,2.339185,1.358306,1.945573,12.576904,0.000000,22.617956,-7.781407,1.345798,-0.100222,-0.210993,0.026797,1.898092,0.172619,0.072757,0.035470,-0.209509,0.259974,-2.964158,11.189780,2.291536,0.082957,1,0,,38.990374,-76.939816,-6.804000,,,
2026-09-11T19:02:26.122,2.372599,1.339054,1.990323,12.398650,0.000000,25.168844,-8.659006,1.323792,-0.110222,-0.232046,0.019395,1.942761,0.170135,0.042592,-0.023816,-0.230563,-0.321462,0.276351,10.067311,2.213897,0.122171,1,0,,38.990374,-76.939816,-6.804000,,,
2026-09-11T19:02:26.156,2.406010,1.320149,2.034763,12.223601,0.000000,27.420357,-9.433609,1.302295,-0.123650,-0.260317,0.011170,1.986685,0.166900,0.094196,0.043357,-0.258833,0.710982,0.637825,8.702029,2.213503,0.186389,1,0,,38.990374,-76.939816,-6.804000,,,
2026-09-11T19:02:26.190,2.439424,1.291422,2.078622,11.957614,0.000000,28.086403,-9.662753,1.273101,-0.122044,-0.256935,0.002528,2.029738,0.163093,0.093031,0.051336,-0.255452,0.954383,-2.456370,8.588664,2.238782,0.048967,1,0,,38.990374,-76.939816,-6.804000,,,
2026-09-11T19:02:26.223,2.472841,1.272882,2.122314,11.785948,0.000000,27.927102,-9.607948,1.255028,-0.094279,-0.198481,-0.005082,2.071977,0.159425,0.213123,0.027213,-0.196998,-0.733145,-7.108252,7.281144,2.162851,-0.392979,1,1,2.474329,38.990369,-76.939826,-6.764000,-1.631299,-1.083965,4.381783
2026-09-11T19:02:26.256,2.506258,1.263979,2.163381,11.703505,0.000000,27.931222,-9.609365,1.246243,-0.102820,-0.216464,-0.012015,2.113739,0.155775,0.105239,0.017647,-0.214981,-0.404426,-1.408137,9.865098,2.114260,-0.459894,1,0,,38.990369,-76.939826,-6.764000,,,
2026-09-11T19:02:26.289,2.539672,1.274334,2.205452,11.799392,0.000000,28.030098,-9.643383,1.256327,-0.111158,-0.234017,-0.019541,2.155486,0.151541,0.095572,0.038166,-0.232533,1.378325,-1.923967,12.778948,2.184383,-0.557868,1,0,,38.990369,-76.939826,-6.764000,,,
2026-09-11T19:02:26.323,2.573083,1.284135,2.248298,11.890134,0.000000,30.722436,-10.569645,1.262346,-0.124620,-0.262357,-0.027833,2.197456,0.146606,-0.063557,-0.076665,-0.260873,1.246033,1.180525,8.717131,2.248313,-0.451511,1,0,,38.990369,-76.939826,-6.764000,,,
2026-09-11T19:02:26.357,2.606496,1.284218,2.291465,11.890905,0.000000,33.592614,-11.557092,1.258181,-0.138401,-0.291371,-0.037084,2.239399,0.140848,-0.133513,-0.090243,-0.289888,0.230064,-4.067308,8.861093,2.245632,-0.683546,1,0,,38.990369,-76.939826,-6.764000,,,
2026-09-11T19:02:26.390,2.639911,1.255151,2.334074,11.621766,0.000000,34.761284,-11.959157,1.227908,-0.145098,-0.305470,-0.047056,2.280698,0.134372,-0.210215,0.044109,-0.303987,-1.232108,-0.674011,10.069665,2.143139,-0.692930,1,0,,38.990369,-76.939826,-6.764000,,,
2026-09-11T19:02:26.423,2.673323,1.226337,2.374874,11.354971,0.000000,34.720772,-11.945220,1.199782,-0.131788,-0.277448,-0.056794,2.320962,0.127649,-0.157951,0.095093,-0.275965,-0.323031,-0.266054,10.422410,2.095903,-0.678548,1,0,,38.990369,-76.939826,-6.764000,,,
2026-09-11T19:02:26.456,2.706738,1.207115,2.414719,11.176990,0.000000,34.253167,-11.784346,1.181673,-0.123582,-0.260172,-0.065776,2.360413,0.120955,-0.178294,0.091665,-0.258689,0.244872,-0.217806,10.966777,2.080741,-0.662848,1,0,,38.990369,-76.939826,-6.764000,,,
2026-09-11T19:02:26.491,2.740151,1.178424,2.453855,10.911329,0.000000,32.940301,-11.332672,1.155448,-0.096541,-0.203245,-0.073518,2.399110,0.114571,-0.139555,0.062543,-0.201761,-0.722750,1.455993,10.918920,1.996599,-0.543732,1,0,,38.990369,-76.939826,-6.764000,,,
2026-09-11T19:02:26.524,2.773579,1.159542,2.492803,10.736497,0.000000,29.892968,-10.284278,1.140913,-0.087253,-0.183691,-0.079985,2.437143,0.108566,-0.154649,0.021118,-0.182208,0.246245,-0.362160,9.862842,1.973048,-0.545198,1,0,,38.990369,-76.939826,-6.764000,,,
2026-09-11T19:02:26.557,2.806993,1.150088,2.531228,10.648963,0.000000,26.435021,-9.094617,1.135630,-0.077734,-0.163650,-0.085788,2.474819,0.102670,-0.108227,0.048612,-0.162166,0.231829,-1.311443,9.313278,1.946677,-0.609598,1,0,,38.990369,-76.939826,-6.764000,,,
2026-09-11T19:02:26.592,2.840405,1.121187,2.568658,10.381361,0.000000,22.557534,-7.760619,1.110918,-0.061279,-0.129009,-0.090678,2.512000,0.097051,-0.095502,0.055738,-0.127525,0.871419,-1.938677,9.166570,1.957094,-0.716612,1,0,,38.990369,-76.939826,-6.764000,,,
2026-09-11T19:02:26.624,2.873822,1.131203,2.607095,10.474097,0.000000,20.169381,-6.939007,1.122917,-0.058652,-0.123478,-0.094896,2.548977,0.091597,-0.096223,0.058483,-0.121994,0.760996,0.533776,10.138213,1.952921,-0.662781,1,0,,38.990369,-76.939826,-6.764000,,,
2026-09-11T19:02:26.657,2.907234,1.151002,2.645513,10.657425,0.000000,17.214745,-5.922504,1.144858,-0.040834,-0.085966,-0.098395,2.586526,0.086286,-0.047039,0.043970,-0.084482,1.208081,-0.487685,9.089294,1.970188,-0.678239,1,0,,38.990369,-76.939826,-6.764000,,,
2026-09-11T19:02:26.690,2.940655,1.151354,2.684072,10.660685,0.000000,14.275216,-4.911198,1.147127,-0.038076,-0.080161,-0.101171,2.624504,0.081159,-0.061246,0.058163,-0.078677,1.475803,-0.067274,9.114105,2.000329,-0.666743,1,0,,38.990369,-76.939826,-6.764000,,,
2026-09-11T19:02:26.724,2.974067,1.181143,2.723825,10.936509,0.000000,9.731682,-3.348056,1.179127,-0.033918,-0.071407,-0.103703,2.663040,0.075988,-0.037969,0.062912,-0.069924,1.146986,0.976252,8.950922,2.005862,-0.588368,1,0,,38.990369,-76.939826,-6.764000,,,
2026-09-11T19:02:26.758,3.007485,1.220672,2.764653,11.302522,0.000000,7.848214,-2.700074,1.219317,-0.022921,-0.048254,-0.105703,2.702798,0.070854,-0.006957,0.034086,-0.046771,1.855320,-0.908390,8.701245,2.054580,-0.634437,1,0,,38.990369,-76.939826,-6.764000,,,
2026-09-11T19:02:26.791,3.040909,1.230565,2.806061,11.394121,0.000000,7.494591,-2.578414,1.229319,-0.022733,-0.047860,-0.107309,2.743406,0.065745,0.056594,0.040806,-0.046376,0.817188,0.519262,9.065267,2.033473,-0.587610,1,0,,38.990369,-76.939826,-6.764000,,,
2026-09-11T19:02:26.824,3.074323,1.269990,2.849233,11.759167,0.000000,7.312630,-2.515813,1.268766,-0.027856,-0.058644,-0.109088,2.784806,0.060397,0.039895,0.049405,-0.057161,2.390567,-0.369515,11.331780,2.108872,-0.597810,1,0,,38.990369,-76.939826,-6.764000,,,
2026-09-11T19:02:26.858,3.107735,1.309342,2.894044,12.123533,0.000000,7.387475,-2.541562,1.308054,-0.025643,-0.053984,-0.110970,2.827496,0.054782,0.074636,0.117570,-0.052501,1.162971,-0.486410,9.318965,2.098010,-0.615704,1,0,,38.990369,-76.939826,-6.764000,,,
2026-09-11T19:02:26.891,3.141147,1.348762,2.939113,12.488542,0.000000,7.387475,-2.541562,1.347436,-0.026914,-0.056661,-0.112818,2.871482,0.048955,0.111369,0.082454,-0.055178,0.296455,1.151301,9.967871,2.030192,-0.527081,1,0,,38.990369,-76.939826,-6.764000,,,
2026-09-11T19:02:26.924,3.174559,1.368107,2.984684,12.667659,0.000000,6.470116,-2.225957,1.367075,-0.023372,-0.049204,-0.114587,2.916444,0.042975,0.214627,-0.009693,-0.047721,1.510714,-0.678816,10.371807,2.042207,-0.558423,1,0,,38.990369,-76.939826,-6.764000,,,
2026-09-11T19:02:26.958,3.207973,1.368206,3.030289,12.668576,0.000000,4.577035,-1.574668,1.367690,-0.012518,-0.026353,-0.115849,2.961761,0.037126,0.232876,0.015973,-0.024869,0.779629,-0.826603,9.032905,2.009546,-0.601000,1,0,,38.990369,-76.939826,-6.764000,,,
2026-09-11T19:02:26.992,3.241382,1.368485,3.076300,12.671156,0.000000,2.582329,-0.888416,1.368320,-0.002029,-0.004271,-0.116361,3.007129,0.031591,0.229402,0.065079,-0.002788,0.588203,-0.648318,6.486609,1.970073,-0.633521,1,0,,38.990369,-76.939826,-6.764000,,,
2026-09-11T19:02:27.025,3.274794,1.368679,3.122363,12.672950,0.000000,2.015847,-0.693525,1.368578,0.008111,0.017076,-0.116147,3.052554,0.026388,0.218381,0.090573,0.018559,0.985666,-1.683606,7.669879,1.961209,-0.734551,1,0,,38.990369,-76.939826,-6.764000,,,
2026-09-11T19:02:27.058,3.308205,1.378866,3.168914,12.767279,0.000000,2.159356,-0.742898,1.378750,0.002555,0.005379,-0.115772,3.098163,0.021255,0.148623,0.101749,0.006863,-1.026560,-0.342546,-0.118170,1.827637,-0.746672,1,0,,38.990369,-76.939826,-6.764000,,,
2026-09-11T19:02:27.091,3.341617,1.427836,3.216681,13.220699,0.000000,3.507241,-1.206620,1.427519,-0.015945,-0.033568,-0.116243,3.144703,0.015606,0.076348,0.064876,-0.032084,0.996356,-3.465572,6.215945,1.834841,-0.957131,1,0,,38.990369,-76.939826,-6.764000,,,
2026-09-11T19:02:27.125,3.375030,1.457006,3.265175,13.490792,0.000000,6.079415,-2.091542,1.456035,-0.030082,-0.063330,-0.117862,3.192457,0.009216,0.048121,-0.032807,-0.061846,1.558571,1.851496,10.378378,1.888450,-0.818385,1,0,,38.990369,-76.939826,-6.764000,,,
2026-09-11T19:02:27.159,3.408441,1.476734,3.314850,13.673460,0.000000,7.469185,-2.569674,1.475249,-0.044512,-0.093710,-0.120485,3.240930,0.002157,0.064639,-0.009651,-0.092226,1.151987,1.261037,11.794360,1.924545,-0.716409,1,1,3.420748,38.990367,-76.939840,-7.031000,-2.910842,-1.307282,3.233112
2026-09-11T19:02:27.194,3.441857,1.476914,3.364717,13.675128,0.000000,8.770379,-3.017332,1.474866,-0.060245,-0.126831,-0.124170,3.289639,-0.005595,-0.004757,-0.036377,-0.125347,0.361081,0.510534,9.859214,1.913396,-0.660952,1,0,,38.990367,-76.939840,-7.031000,,,
2026-09-11T19:02:27.225,3.475274,1.467632,3.413660,13.589187,0.000000,9.463204,-3.255689,1.465263,-0.060355,-0.127063,-0.128412,3.338119,-0.013781,-0.052377,-0.112171,-0.125580,1.067454,-2.473041,10.564606,1.950735,-0.799218,1,0,,38.990367,-76.939840,-7.031000,,,
2026-09-11T19:02:27.258,3.508687,1.468550,3.462289,13.597682,0.000000,9.496850,-3.267265,1.466163,-0.054877,-0.115530,-0.132465,3.386427,-0.022060,-0.087695,-0.071379,-0.114046,0.985764,0.870144,9.392221,1.985510,-0.720725,1,0,,38.990367,-76.939840,-7.031000,,,
2026-09-11T19:02:27.293,3.542106,1.449743,3.510646,13.423550,0.000000,9.540795,-3.282384,1.447365,-0.051518,-0.108459,-0.136208,3.434433,-0.030342,-0.114441,-0.036197,-0.106975,-0.066979,3.100569,10.593045,1.952891,-0.499573,1,0,,38.990367,-76.939840,-7.031000,,,
2026-09-11T19:02:27.326,3.575520,1.430735,3.557930,13.247551,0.000000,9.496850,-3.267265,1.428410,-0.043286,-0.091129,-0.139542,3.481805,-0.038513,-0.136070,-0.022764,-0.089646,-0.091398,-0.366082,9.790077,1.922194,-0.506918,1,0,,38.990367,-76.939840,-7.031000,,,
2026-09-11T19:02:27.359,3.608935,1.402202,3.604204,12.983356,0.000000,9.378060,-3.226397,1.399980,-0.037724,-0.079418,-0.142392,3.528402,-0.046492,-0.133935,0.002044,-0.077935,-0.779727,4.520081,11.096617,1.852800,-0.199293,1,0,,38.990367,-76.939840,-7.031000,,,
2026-09-11T19:02:27.392,3.642351,1.353912,3.649194,12.536221,0.000000,9.150780,-3.148204,1.351869,-0.037216,-0.078349,-0.145028,3.573727,-0.054315,-0.103943,-0.012667,-0.076865,-0.094634,2.014580,11.819661,1.831021,-0.057513,1,0,,38.990367,-76.939840,-7.031000,,,
2026-09-11T19:02:27.426,3.675763,1.315025,3.693089,12.176160,0.000000,9.034737,-3.108281,1.313091,-0.035586,-0.074919,-0.147588,3.617595,-0.062008,-0.005367,0.010061,-0.073435,0.243009,-0.958110,9.389769,1.831926,-0.110107,1,0,,38.990367,-76.939840,-7.031000,,,
2026-09-11T19:02:27.459,3.709176,1.305498,3.736827,12.087949,0.000000,8.998345,-3.095761,1.303593,-0.044208,-0.093069,-0.150394,3.660627,-0.069815,-0.008583,0.006914,-0.091586,-0.187111,1.945541,8.972693,1.803611,0.027199,1,0,,38.990367,-76.939840,-7.031000,,,
2026-09-11T19:02:27.492,3.742592,1.276611,3.779496,11.820473,0.000000,9.021691,-3.103793,1.274738,-0.037235,-0.078390,-0.153259,3.703005,-0.077675,0.049068,0.055190,-0.076906,1.156498,-3.463120,10.424861,1.857702,-0.188303,1,0,,38.990367,-76.939840,-7.031000,,,
2026-09-11T19:02:27.525,3.776007,1.257502,3.821576,11.643536,0.000000,8.727120,-3.002450,1.255776,-0.049387,-0.103972,-0.156306,3.744555,-0.085622,-0.028334,0.001962,-0.102489,1.485119,2.407631,6.315090,1.925022,-0.019626,1,0,,38.990367,-76.939840,-7.031000,,,
2026-09-11T19:02:27.559,3.809431,1.267482,3.863848,11.735942,0.000000,8.555459,-2.943392,1.265810,-0.021732,-0.045752,-0.158808,3.785988,-0.093409,-0.020447,-0.018629,-0.044269,1.497868,-2.781460,7.374993,1.985565,-0.193271,1,0,,38.990367,-76.939840,-7.031000,,,
2026-09-11T19:02:27.593,3.842844,1.267905,3.906016,11.739863,0.000000,8.633736,-2.970322,1.266202,-0.062100,-0.130736,-0.161757,3.827522,-0.101542,-0.141429,-0.063983,-0.129252,-0.706373,4.576371,10.829190,1.895021,0.118002,1,0,,38.990367,-76.939840,-7.031000,,,
2026-09-11T19:02:27.626,3.876256,1.258382,3.947996,11.651689,0.000000,8.639229,-2.972212,1.256690,-0.035511,-0.074760,-0.165190,3.868843,-0.110010,-0.060479,-0.053137,-0.073276,2.142067,-1.939657,11.133294,1.980130,-0.000315,1,0,,38.990367,-76.939840,-7.031000,,,
2026-09-11T19:02:27.659,3.909668,1.278031,3.990622,11.833624,0.000000,8.463448,-2.911737,1.276381,-0.040211,-0.084654,-0.167853,3.910365,-0.118272,-0.002794,0.049401,-0.083170,1.717046,-0.480722,10.534206,2.027312,-0.022036,1,0,,38.990367,-76.939840,-7.031000,,,
2026-09-11T19:02:27.693,3.943082,1.268623,4.033573,11.746511,0.000000,8.448342,-2.906540,1.266991,-0.030800,-0.064841,-0.170351,3.952052,-0.126593,-0.061959,0.156529,-0.063358,0.645278,-2.071165,12.782968,1.995702,-0.148083,1,0,,38.990367,-76.939840,-7.031000,,,
2026-09-11T19:02:27.727,3.976495,1.288502,4.076607,11.930573,0.000000,8.243722,-2.836143,1.286924,-0.040012,-0.084235,-0.172841,3.993890,-0.135044,-0.003022,0.090905,-0.082751,1.699492,-4.157529,9.217074,2.022800,-0.406001,1,0,,38.990367,-76.939840,-7.031000,,,
2026-09-11T19:02:27.760,4.009904,1.337455,4.121373,12.383846,0.000000,8.398903,-2.889531,1.335755,-0.033625,-0.070790,-0.175431,4.036824,-0.143847,-0.024583,0.006773,-0.069306,1.263097,-2.849714,8.205813,2.012542,-0.577340,1,0,,38.990367,-76.939840,-7.031000,,,
2026-09-11T19:02:27.794,4.043315,1.386446,4.168259,12.837467,0.000000,8.415383,-2.895201,1.384677,-0.045264,-0.095294,-0.178205,4.081330,-0.153140,-0.027675,-0.019383,-0.093810,1.012537,-0.554174,7.101976,1.983014,-0.595876,1,0,,38.990367,-76.939840,-7.031000,,,
2026-09-11T19:02:27.826,4.076727,1.406335,4.214840,13.021619,0.000000,8.873375,-3.052767,1.404339,-0.054048,-0.113786,-0.181698,4.126873,-0.163112,-0.021181,-0.028341,-0.112302,3.371428,-3.816650,10.089964,2.106134,-0.823473,1,0,,38.990367,-76.939840,-7.031000,,,
2026-09-11T19:02:27.860,4.110138,1.455229,4.263069,13.474343,0.000000,8.990792,-3.093162,1.453109,-0.051565,-0.108558,-0.185412,4.173484,-0.173561,0.016281,0.015368,-0.107075,0.656947,1.326644,10.361216,2.050700,-0.715935,1,0,,38.990367,-76.939840,-7.031000,,,
2026-09-11T19:02:27.895,4.143631,1.484933,4.313354,13.749380,0.000000,9.145287,-3.146314,1.482695,-0.064439,-0.135661,-0.189502,4.221425,-0.184633,0.023474,0.068690,-0.134177,1.562984,-0.595950,11.948913,2.054612,-0.731200,1,0,,38.990367,-76.939840,-7.031000,,,
2026-09-11T19:02:27.927,4.177049,1.514261,4.364339,14.020940,0.000000,8.896721,-3.060799,1.512101,-0.055921,-0.117728,-0.193736,4.270166,-0.196138,0.011590,0.026790,-0.116244,1.163461,3.459002,10.505276,2.033079,-0.485385,1,0,,38.990367,-76.939840,-7.031000,,,
2026-09-11T19:02:27.960,4.210462,1.572422,4.416533,14.559459,0.000000,9.057396,-3.116077,1.570097,-0.056333,-0.118596,-0.197684,4.320310,-0.207993,0.012656,-0.004239,-0.117112,3.098411,-2.844517,10.133898,2.138459,-0.649604,1,0,,38.990367,-76.939840,-7.031000,,,
2026-09-11T19:02:27.995,4.243878,1.630732,4.471356,15.099372,0.000000,9.178246,-3.157653,1.628256,-0.056483,-0.118912,-0.201652,4.372312,-0.220442,-0.011112,0.034330,-0.117429,2.391057,-1.197294,9.058501,2.202404,-0.704964,1,0,,38.990367,-76.939840,-7.031000,,,
2026-09-11T19:02:28.028,4.277294,1.660134,4.526954,15.371612,0.000000,8.946847,-3.078044,1.657739,-0.057484,-0.121019,-0.205661,4.425694,-0.233411,0.039552,0.048214,-0.119535,0.854355,0.700881,7.851694,2.175988,-0.636441,1,0,,38.990367,-76.939840,-7.031000,,,
2026-09-11T19:02:28.061,4.310707,1.670241,4.582425,15.465192,0.000000,8.881615,-3.055602,1.667866,-0.059319,-0.124882,-0.209769,4.479656,-0.246779,0.081784,0.077602,-0.123398,-0.279980,2.193552,9.600809,2.083792,-0.471621,1,0,,38.990367,-76.939840,-7.031000,,,
2026-09-11T19:02:28.095,4.344122,1.680225,4.638895,15.557636,0.000000,8.925561,-3.070720,1.677812,-0.050827,-0.107004,-0.213644,4.533920,-0.260324,0.045467,0.007263,-0.105520,0.963307,-2.203358,9.957084,2.081323,-0.594951,1,0,,38.990367,-76.939840,-7.031000,,,
2026-09-11T19:02:28.128,4.377533,1.680603,4.695076,15.561136,0.000000,9.057396,-3.116077,1.678118,-0.058650,-0.123474,-0.217494,4.588293,-0.274103,0.052839,0.028764,-0.121990,0.277626,-1.367537,9.133718,2.045699,-0.661043,1,0,,38.990367,-76.939840,-7.031000,,,
2026-09-11T19:02:28.161,4.410945,1.690765,4.751504,15.655228,0.000000,8.702401,-2.993945,1.688457,-0.059334,-0.124913,-0.221643,4.642756,-0.288277,0.074592,-0.014529,-0.123429,-0.606443,0.440515,12.261255,1.961329,-0.609194,1,0,,38.990367,-76.939840,-7.031000,,,
2026-09-11T19:02:28.194,4.444372,1.681569,4.808181,15.570079,0.000000,8.449029,-2.906776,1.679405,-0.048846,-0.102834,-0.225450,4.697244,-0.302518,0.072734,0.012888,-0.101350,-0.071589,-1.684488,12.559279,1.921358,-0.697907,1,1,4.425167,38.990365,-76.939857,-6.825000,-4.296546,-1.475186,3.131368
2026-09-11T19:02:28.228,4.477783,1.682406,4.864055,15.577829,0.000000,8.124932,-2.795275,1.680404,-0.048901,-0.102949,-0.228888,4.751560,-0.316750,0.045351,0.123165,-0.101465,-2.037332,1.118252,3.646505,1.766335,-0.604261,1,0,,38.990365,-76.939857,-6.825000,,,
2026-09-11T19:02:28.261,4.511197,1.663443,4.919660,15.402249,0.000000,7.357949,-2.531404,1.661820,-0.050680,-0.106695,-0.232390,4.805540,-0.331134,-0.078859,0.033847,-0.105212,1.070690,0.863377,-1.843944,1.823264,-0.527853,1,0,,38.990365,-76.939857,-6.825000,,,
2026-09-11T19:02:28.295,4.544614,1.624909,4.974418,15.045450,0.000000,7.228173,-2.486757,1.623378,-0.037454,-0.078850,-0.235490,4.858595,-0.345290,-0.125256,-0.076874,-0.077367,0.269094,-2.412632,9.140975,1.832661,-0.667444,1,0,,38.990365,-76.939857,-6.825000,,,
2026-09-11T19:02:28.328,4.578023,1.615887,5.028461,14.961913,0.000000,6.366433,-2.190286,1.614706,-0.017684,-0.037229,-0.237429,4.910965,-0.358856,-0.140282,-0.052985,-0.035746,-0.240263,1.851299,9.383003,1.812150,-0.534021,1,0,,38.990365,-76.939857,-6.825000,,,
2026-09-11T19:02:28.362,4.611434,1.567558,5.080145,14.514427,0.000000,4.815301,-1.656640,1.566903,-0.006645,-0.013990,-0.238285,4.962523,-0.371774,-0.164867,-0.027308,-0.012506,0.030401,0.555056,10.502824,1.810166,-0.488398,1,0,,38.990365,-76.939857,-6.825000,,,
2026-09-11T19:02:28.395,4.644854,1.518808,5.131025,14.063039,0.000000,1.854485,-0.638011,1.518714,0.008632,0.018172,-0.238215,5.012636,-0.383911,-0.139817,0.035692,0.019655,-0.805224,1.835118,10.216078,1.756275,-0.363643,1,0,,38.990365,-76.939857,-6.825000,,,
2026-09-11T19:02:28.429,4.678273,1.499539,5.180930,13.884619,0.000000,-1.939918,0.667403,1.499437,0.027527,0.057952,-0.236943,5.061793,-0.395193,-0.145079,0.028355,0.059436,-0.619780,-0.627920,7.520818,1.717822,-0.403482,1,0,,38.990365,-76.939857,-6.825000,,,
2026-09-11T19:02:28.463,4.711691,1.470893,5.230085,13.619378,0.000000,-5.472022,1.882577,1.470099,0.031940,0.067241,-0.234851,5.110268,-0.405823,-0.164380,-0.019312,0.068725,-0.553880,0.580456,14.116379,1.683502,-0.365468,1,0,,38.990365,-76.939857,-6.825000,,,
2026-09-11T19:02:28.496,4.745108,1.432445,5.278044,13.263381,0.000000,-6.011726,2.068254,1.431512,0.044351,0.093371,-0.232168,5.157728,-0.415802,-0.133224,-0.006045,0.094854,-0.475132,1.798834,8.597392,1.652206,-0.251300,1,0,,38.990365,-76.939857,-6.825000,,,
2026-09-11T19:02:28.528,4.778520,1.423436,5.325705,13.179967,0.000000,-7.124778,2.451185,1.422134,0.048771,0.102676,-0.228892,5.204496,-0.425181,-0.140971,0.028356,0.104159,1.823350,-4.986780,7.178664,1.765240,-0.578186,1,0,,38.990365,-76.939857,-6.825000,,,
2026-09-11T19:02:28.562,4.811935,1.394712,5.372254,12.913996,0.000000,-8.455497,2.909001,1.392914,0.046640,0.098189,-0.225537,5.250678,-0.434223,-0.060775,0.007941,0.099673,0.116601,1.232892,11.238225,1.759558,-0.498481,1,0,,38.990365,-76.939857,-6.825000,,,
2026-09-11T19:02:28.597,4.845346,1.395186,5.419546,12.918390,0.000000,-10.241462,3.523439,1.392549,0.059772,0.125836,-0.221794,5.296445,-0.442811,-0.086361,0.031068,0.127320,0.365788,-0.916726,10.860571,1.761968,-0.561217,1,0,,38.990365,-76.939857,-6.825000,,,
2026-09-11T19:02:28.629,4.878763,1.395542,5.466232,12.921687,0.000000,-12.869941,4.427732,1.391377,0.062510,0.131599,-0.217493,5.342287,-0.450952,-0.054722,-0.020183,0.133083,-0.699410,1.441970,11.042288,1.684480,-0.471166,1,0,,38.990365,-76.939857,-6.825000,,,
2026-09-11T19:02:28.662,4.912176,1.376720,5.512148,12.747405,0.000000,-18.395383,6.328687,1.368330,0.070084,0.147545,-0.212829,5.387803,-0.458632,0.005114,0.019780,0.149028,0.316166,0.599873,13.171312,1.664552,-0.437816,1,0,,38.990365,-76.939857,-6.825000,,,
2026-09-11T19:02:28.696,4.945598,1.357895,5.557789,12.573105,0.000000,-18.870542,6.492159,1.349188,0.078107,0.164435,-0.207616,5.432731,-0.465688,0.004948,-0.035775,0.165919,1.146397,-1.706651,8.035667,1.689472,-0.555376,1,0,,38.990365,-76.939857,-6.825000,,,
2026-09-11T19:02:28.729,4.979009,1.377954,5.604526,12.758834,0.000000,-18.926160,6.511294,1.369066,0.085777,0.180583,-0.201852,5.477749,-0.472238,0.049173,-0.031865,0.182067,2.518348,-2.335846,9.849113,1.791479,-0.713947,1,0,,38.990365,-76.939857,-6.825000,,,
2026-09-11T19:02:28.762,5.012418,1.378747,5.650707,12.766179,0.000000,-19.046323,6.552634,1.369741,0.069305,0.145905,-0.196398,5.523109,-0.478749,0.008452,-0.081983,0.147389,1.810308,4.262559,9.117243,1.837655,-0.440845,1,0,,38.990365,-76.939857,-6.825000,,,
2026-09-11T19:02:28.795,5.045827,1.398747,5.697997,12.951357,0.000000,-19.312741,6.644292,1.389352,0.080899,0.170314,-0.191116,5.568818,-0.485160,0.040386,-0.070153,0.171797,1.211415,-0.162398,8.687613,1.837040,-0.459391,1,0,,38.990365,-76.939857,-6.825000,,,
2026-09-11T19:02:28.830,5.079239,1.437910,5.746746,13.313986,0.000000,-19.169919,6.595156,1.428395,0.065720,0.138357,-0.185959,5.615517,-0.491575,0.199531,-0.120170,0.139841,3.720055,-2.392823,5.506924,1.992839,-0.619501,1,0,,38.990365,-76.939857,-6.825000,,,
2026-09-11T19:02:28.862,5.112649,1.467197,5.796212,13.585159,0.000000,-18.147504,6.243407,1.458495,0.054386,0.114496,-0.181735,5.663296,-0.498418,0.129921,0.007844,0.115980,2.694671,-1.374598,7.945152,2.076052,-0.709982,1,0,,38.990365,-76.939857,-6.825000,,,
2026-09-11T19:02:28.895,5.146058,1.506023,5.846620,13.944655,0.000000,-15.223081,5.237298,1.499735,0.049372,0.103942,-0.178086,5.712225,-0.505554,0.144466,-0.076630,0.105425,3.632972,-3.227859,12.117293,2.216455,-0.918638,1,0,,38.990365,-76.939857,-6.825000,,,
2026-09-11T19:02:28.930,5.179471,1.535446,5.898773,14.217094,0.000000,-10.671994,3.671557,1.532295,0.037203,0.078323,-0.175041,5.762346,-0.513027,0.153322,-0.055994,0.079807,1.419513,-1.964860,10.550485,2.209680,-1.040974,1,0,,38.990365,-76.939857,-6.825000,,,
2026-09-11T19:02:28.963,5.212883,1.594041,5.952232,14.759643,0.000000,-5.291439,1.820449,1.593237,0.007715,0.016243,-0.173462,5.813902,-0.521339,0.122045,-0.024752,0.017726,2.516681,-2.083717,9.023295,2.274735,-1.163560,1,0,,38.990365,-76.939857,-6.825000,,,
2026-09-11T19:02:28.996,5.246294,1.643096,6.006956,15.213854,0.000000,-1.706463,0.587086,1.643010,-0.008708,-0.018333,-0.173496,5.867151,-0.530688,0.128694,-0.000336,-0.016850,2.647207,-0.322148,9.755067,2.350631,-1.167182,1,0,,38.990365,-76.939857,-6.825000,,,
2026-09-11T19:02:29.030,5.279707,1.682167,6.063955,15.575621,0.000000,4.566731,-1.571123,1.681535,-0.032060,-0.067494,-0.174930,5.921733,-0.540986,0.145529,0.054948,-0.066011,1.343707,-2.019974,11.633335,2.343649,-1.275234,1,0,,38.990365,-76.939857,-6.825000,,,
2026-09-11T19:02:29.063,5.313119,1.721254,6.121074,15.937534,0.000000,6.793524,-2.337221,1.719822,-0.047452,-0.099900,-0.177727,5.977441,-0.552262,0.104149,-0.011476,-0.098416,0.718239,-5.247931,9.435763,2.301343,-1.587219,1,0,,38.990365,-76.939857,-6.825000,,,
2026-09-11T19:02:29.098,5.346528,1.750418,6.179516,16.207573,0.000000,8.444219,-2.905121,1.748168,-0.058297,-0.122731,-0.181446,6.034125,-0.564349,0.019687,-0.051318,-0.121247,2.154913,-2.068615,8.235821,2.360704,-1.687238,1,0,,38.990365,-76.939857,-6.825000,,,
2026-09-11T19:02:29.130,5.379946,1.789851,6.239391,16.572692,0.000000,10.644232,-3.662006,1.786196,-0.075047,-0.157993,-0.186136,6.091777,-0.577333,0.072590,-0.021565,-0.156509,0.348136,-1.687626,9.285917,2.309891,-1.757134,1,0,,38.990365,-76.939857,-6.825000,,,
2026-09-11T19:02:29.164,5.413496,1.771068,6.299568,16.398780,0.000000,12.180944,-4.190692,1.766333,-0.076721,-0.161517,-0.191496,6.149834,-0.591019,0.031438,0.033372,-0.160034,-0.155337,-0.557508,6.941245,2.232140,-1.752883,1,1,5.422142,38.990363,-76.939873,-6.944000,-5.738139,-1.725004,3.119922
2026-09-11T19:02:29.197,5.446920,1.781472,6.358418,16.495107,0.000000,12.491308,-4.297468,1.776463,-0.080699,-0.169893,-0.197035,6.207419,-0.605030,0.106660,0.004292,-0.168410,0.273507,-1.060099,9.021530,2.192776,-1.780167,1,0,,38.990363,-76.939873,-6.944000,,,
2026-09-11T19:02:29.231,5.480332,1.762226,6.417499,16.316909,0.000000,11.801916,-4.060292,1.757803,-0.076792,-0.161667,-0.202574,6.264766,-0.619327,0.202777,-0.018122,-0.160183,1.017538,-0.431100,9.883044,2.214085,-1.767568,1,0,,38.990363,-76.939873,-6.944000,,,
2026-09-11T19:02:29.263,5.513742,1.752927,6.476017,16.230807,0.000000,10.835119,-3.727679,1.749219,-0.071900,-0.151368,-0.207803,6.321615,-0.633695,0.171478,-0.007518,-0.149885,0.939575,0.335191,7.928775,2.241337,-1.706770,1,0,,38.990363,-76.939873,-6.944000,,,
2026-09-11T19:02:29.297,5.547152,1.743003,6.534141,16.138917,0.000000,10.748602,-3.697913,1.739374,-0.059601,-0.125476,-0.212428,6.378153,-0.647998,0.119456,0.257189,-0.123992,1.696649,-5.589006,4.316789,2.327199,-2.033104,1,0,,38.990363,-76.939873,-6.944000,,,
2026-09-11T19:02:29.331,5.580563,1.733456,6.592281,16.050523,0.000000,13.239752,-4.554960,1.727982,-0.097008,-0.204228,-0.217936,6.434181,-0.662921,-0.075381,-0.205729,-0.202745,-0.438161,0.892994,20.110105,2.282800,-1.927540,1,0,,38.990363,-76.939873,-6.944000,,,
2026-09-11T19:02:29.364,5.613977,1.695108,6.648151,15.695443,0.000000,18.506323,-6.366854,1.684653,-0.100175,-0.210895,-0.224871,6.489081,-0.678653,-0.057705,0.047000,-0.209412,2.421360,2.672312,8.567286,2.434146,-1.707815,1,0,,38.990363,-76.939873,-6.944000,,,
2026-09-11T19:02:29.397,5.647389,1.695522,6.704475,15.699275,0.000000,21.555715,-7.415957,1.681339,-0.127697,-0.268837,-0.232886,6.542981,-0.695118,-0.114504,0.038845,-0.267353,0.821307,-8.129027,5.790042,2.481144,-2.183471,1,0,,38.990363,-76.939873,-6.944000,,,
2026-09-11T19:02:29.431,5.680801,1.695799,6.761853,15.701840,0.000000,26.582647,-9.145406,1.674242,-0.137035,-0.288495,-0.242196,6.596424,-0.712607,-0.103245,0.037048,-0.287012,0.296063,-2.925324,11.129469,2.490707,-2.315021,1,0,,38.990363,-76.939873,-6.944000,,,
2026-09-11T19:02:29.464,5.714214,1.657313,6.817292,15.345495,0.000000,30.992287,-10.662484,1.628699,-0.152177,-0.320373,-0.252368,6.648741,-0.730794,-0.134923,0.034390,-0.318889,-1.904746,-1.805502,9.216290,2.353886,-2.370101,1,0,,38.990363,-76.939873,-6.944000,,,
2026-09-11T19:02:29.497,5.747627,1.628783,6.871526,15.081320,0.000000,31.425561,-10.811546,1.599871,-0.149798,-0.315363,-0.262989,6.699613,-0.749415,-0.087323,-0.021713,-0.313880,-0.805126,3.226976,7.335767,2.282609,-2.099839,1,0,,38.990363,-76.939873,-6.944000,,,
2026-09-11T19:02:29.531,5.781040,1.571385,6.923963,14.549861,0.000000,31.513451,-10.841784,1.543336,-0.148191,-0.311981,-0.273470,6.748928,-0.768127,-0.046783,0.069518,-0.310497,-0.547898,-0.800517,11.292750,2.223504,-2.094838,1,0,,38.990363,-76.939873,-6.944000,,,
2026-09-11T19:02:29.564,5.814447,1.552780,6.975444,14.377596,0.000000,31.513451,-10.841784,1.525064,-0.136813,-0.288027,-0.283492,6.796900,-0.786792,0.098212,0.130265,-0.286544,-0.619878,0.499453,9.855683,2.157017,-2.008481,1,0,,38.990363,-76.939873,-6.944000,,,
2026-09-11T19:02:29.600,5.847858,1.495143,7.025558,13.843918,0.000000,31.424187,-10.811074,1.468606,-0.139196,-0.293043,-0.293199,6.843535,-0.805430,0.028497,-0.021513,-0.291560,0.119249,-0.253894,4.337677,2.129110,-1.972417,1,0,,38.990363,-76.939873,-6.944000,,,
2026-09-11T19:02:29.632,5.881275,1.466615,7.075434,13.579764,0.000000,31.469506,-10.826665,1.440509,-0.136028,-0.286374,-0.302880,6.888649,-0.824096,0.093064,0.040673,-0.284890,0.358825,-4.798394,13.203380,2.105625,-2.232155,1,0,,38.990363,-76.939873,-6.944000,,,
2026-09-11T19:02:29.664,5.914688,1.496467,7.125274,13.856175,0.000000,31.654900,-10.890447,1.469516,-0.146666,-0.308771,-0.312823,6.933546,-0.843330,0.118712,0.078563,-0.307287,-0.447477,-0.226043,10.353077,2.028821,-2.190290,1,0,,38.990363,-76.939873,-6.944000,,,
2026-09-11T19:02:29.698,5.948114,1.506393,7.175431,13.948085,0.000000,34.246300,-11.781984,1.474656,-0.165407,-0.348225,-0.323803,6.978645,-0.863683,0.060463,-0.014567,-0.346742,0.925846,0.012160,9.019176,2.041175,-2.129574,1,0,,38.990363,-76.939873,-6.944000,,,
2026-09-11T19:02:29.732,5.981529,1.554825,7.227619,14.396525,0.000000,37.671288,-12.960306,1.515217,-0.189284,-0.398492,-0.336279,7.023977,-0.885481,0.150220,0.050235,-0.397009,-0.008826,-2.207281,10.065252,1.992395,-2.207410,1,0,,38.990363,-76.939873,-6.944000,,,
2026-09-11T19:02:29.765,6.014941,1.613329,7.281451,14.938232,0.000000,42.778557,-14.717394,1.560397,-0.211913,-0.446132,-0.350390,7.070098,-0.909092,0.057286,0.053934,-0.444649,0.933789,-3.448410,9.056049,2.002816,-2.358768,1,0,,38.990363,-76.939873,-6.944000,,,
2026-09-11T19:02:29.798,6.048353,1.652636,7.336477,15.302183,0.000000,49.959496,-17.187900,1.578830,-0.252791,-0.532191,-0.366734,7.116476,-0.934766,-0.012261,0.049680,-0.530708,0.895249,-2.491772,7.888371,2.006519,-2.437186,1,0,,38.990363,-76.939873,-6.944000,,,
2026-09-11T19:02:29.831,6.081765,1.701425,7.393330,15.753939,0.000000,60.198754,-20.710580,1.591477,-0.295917,-0.622984,-0.386032,7.162352,-0.962756,-0.074037,0.030272,-0.621500,1.698806,-3.968849,6.384325,2.061290,-2.600603,1,0,,38.990363,-76.939873,-6.944000,,,
2026-09-11T19:02:29.865,6.115178,1.818357,7.454200,16.836638,0.000000,65.400094,-22.500032,1.679942,-0.348403,-0.733480,-0.408693,7.208563,-0.993841,-0.056742,-0.195534,-0.731997,2.722032,-1.057843,6.928006,2.182219,-2.558098,1,0,,38.990363,-76.939873,-6.944000,,,
2026-09-11T19:02:29.899,6.148589,1.886416,7.518164,17.466815,0.000000,70.195626,-24.149871,1.721314,-0.397748,-0.837365,-0.434936,7.255282,-1.028478,-0.132862,0.053153,-0.835881,-2.327903,-4.268246,15.882949,1.979007,-2.710444,1,0,,38.990363,-76.939873,-6.944000,,,
2026-09-11T19:02:29.932,6.182001,1.867486,7.580668,17.291533,0.000000,73.266310,-25.206299,1.689664,-0.405631,-0.853959,-0.463191,7.300787,-1.065295,0.059333,-0.002323,-0.852476,-2.438522,-0.167498,9.267284,1.772654,-2.595408,1,0,,38.990363,-76.939873,-6.944000,,,
2026-09-11T19:02:29.965,6.215413,1.868085,7.642968,17.297087,0.000000,75.331053,-25.916647,1.680214,-0.407273,-0.857417,-0.491781,7.344543,-1.103222,-0.152767,0.036719,-0.855933,-0.594087,-7.468549,0.640570,1.689645,-2.954712,1,0,,38.990363,-76.939873,-6.944000,,,
2026-09-11T19:02:29.999,6.248824,1.820125,7.703753,16.853009,0.000000,78.579573,-27.034257,1.621249,-0.427765,-0.900559,-0.521149,7.386003,-1.142154,0.071074,0.144499,-0.899075,-0.171322,-1.758823,16.189603,1.642255,-2.938926,1,0,,38.990363,-76.939873,-6.944000,,,
2026-09-11T19:02:30.032,6.282240,1.840146,7.765708,17.038390,0.000000,79.803175,-27.455221,1.632893,-0.419174,-0.882471,-0.550939,7.425515,-1.182088,0.107265,-0.072708,-0.880987,-0.680974,3.904027,9.582470,1.565839,-2.557701,1,0,,38.990363,-76.939873,-6.944000,,,
2026-09-11T19:02:30.067,6.315652,1.811596,7.825657,16.774032,0.000000,79.338316,-27.295292,1.609883,-0.400673,-0.843523,-0.579774,7.463926,-1.222669,0.027477,-0.023241,-0.842039,-1.875620,-2.954646,5.549387,1.413057,-2.630375,1,0,,38.990363,-76.939873,-6.944000,,,
2026-09-11T19:02:30.099,6.349068,1.772527,7.884806,16.412286,0.000000,79.681639,-27.413408,1.573486,-0.399653,-0.841375,-0.607926,7.500526,-1.263502,-0.010153,0.221926,-0.839891,-1.035582,-0.380106,17.073672,1.322264,-2.537699,1,0,,38.990363,-76.939873,-6.944000,,,
2026-09-11T19:02:30.133,6.382480,1.713860,7.942362,15.869077,0.000000,80.173277,-27.582549,1.519071,-0.408797,-0.860624,-0.636359,7.534641,-1.304570,-0.076361,0.068608,-0.859141,2.670351,-0.448066,5.861533,1.481456,-2.451542,1,0,,38.990363,-76.939873,-6.944000,,,
2026-09-11T19:02:30.166,6.415900,1.704138,7.999867,15.779053,0.000000,81.841139,-28.156355,1.502475,-0.388842,-0.818616,-0.664419,7.566756,-1.345745,-0.048545,-0.037608,-0.817132,0.195054,-4.335520,1.866990,1.479693,-2.623148,1,1,6.426689,38.990365,-76.939891,-6.948000,-7.320175,-1.473889,3.275877
2026-09-11T19:02:30.199,6.449324,1.733591,8.057653,16.051765,0.000000,82.254500,-28.298566,1.526408,-0.397072,-0.835941,-0.692070,7.597923,-1.387731,-0.188669,-0.068519,-0.834457,-2.112451,1.313209,5.781609,1.326312,-2.423937,1,0,,38.990365,-76.939891,-6.948000,,,
2026-09-11T19:02:30.233,6.482735,1.734050,8.115022,16.056016,0.000000,82.548384,-28.399673,1.525359,-0.404231,-0.851013,-0.720251,7.628022,-1.430993,-0.208847,-0.091665,-0.849530,-1.258585,3.038002,7.645363,1.225005,-2.113944,1,0,,38.990365,-76.939891,-6.948000,,,
2026-09-11T19:02:30.266,6.516146,1.704977,8.171928,15.786823,0.000000,82.634901,-28.429438,1.499364,-0.394569,-0.830671,-0.748345,7.656591,-1.474749,-0.144245,-0.022189,-0.829188,-2.230915,3.249139,16.135176,1.056019,-1.797192,1,0,,38.990365,-76.939891,-6.948000,,,
2026-09-11T19:02:30.300,6.549558,1.744340,8.230508,16.151301,0.000000,82.418608,-28.355026,1.535057,-0.405762,-0.854235,-0.776493,7.684006,-1.519430,-0.103407,0.027985,-0.852751,1.329389,-4.156549,11.994612,1.117740,-1.959066,1,0,,38.990365,-76.939891,-6.948000,,,
2026-09-11T19:02:30.333,6.582970,1.734877,8.288603,16.063678,0.000000,82.247633,-28.296204,1.527575,-0.403453,-0.849374,-0.804953,7.710380,-1.565303,-0.022271,0.024625,-0.847891,2.013207,-2.186981,10.352684,1.216962,-1.992554,1,0,,38.990365,-76.939891,-6.948000,,,
2026-09-11T19:02:30.366,6.616384,1.755126,8.347147,16.251165,0.000000,82.216047,-28.285337,1.545561,-0.413852,-0.871267,-0.833700,7.735448,-1.612138,-0.067540,0.122876,-0.869783,-1.879445,2.269259,13.319883,1.063111,-1.734020,1,0,,38.990365,-76.939891,-6.948000,,,
2026-09-11T19:02:30.400,6.649795,1.726427,8.404875,15.985433,0.000000,82.206434,-28.282030,1.520336,-0.403430,-0.849327,-0.862443,7.759089,-1.659574,-0.121818,0.087798,-0.847843,0.750993,-3.329848,8.265535,1.082329,-1.844369,1,0,,38.990365,-76.939891,-6.948000,,,
2026-09-11T19:02:30.434,6.683204,1.746426,8.464655,16.170615,0.000000,82.423414,-28.356679,1.536869,-0.403081,-0.848591,-0.890806,7.781400,-1.707442,-0.097586,0.064196,-0.847107,-2.048119,1.296733,12.295774,0.920574,-1.653219,1,0,,38.990365,-76.939891,-6.948000,,,
2026-09-11T19:02:30.466,6.716617,1.717710,8.521219,15.904720,0.000000,82.474226,-28.374160,1.511349,-0.411330,-0.865958,-0.919450,7.802151,-1.755888,-0.057310,0.028999,-0.864475,-0.257621,-2.265728,9.594434,0.883729,-1.694456,1,0,,38.990365,-76.939891,-6.948000,,,
2026-09-11T19:02:30.500,6.750026,1.756741,8.579895,16.266124,0.000000,82.379469,-28.341560,1.546166,-0.407057,-0.856962,-0.948231,7.821529,-1.805078,-0.074277,0.013013,-0.855479,0.696272,0.346763,9.270128,0.912890,-1.565112,1,0,,38.990365,-76.939891,-6.948000,,,
2026-09-11T19:02:30.534,6.783436,1.766310,8.639361,16.354719,0.000000,82.446074,-28.364475,1.554252,-0.423570,-0.891726,-0.977443,7.839718,-1.855509,-0.101138,0.074128,-0.890242,0.434729,-2.442738,11.899585,0.929815,-1.613779,1,0,,38.990365,-76.939891,-6.948000,,,
2026-09-11T19:02:30.567,6.816847,1.776446,8.698601,16.448576,0.000000,82.601942,-28.418099,1.562381,-0.430991,-0.907349,-1.007497,7.856219,-1.906904,-0.134435,-0.076788,-0.905865,-2.609452,0.631058,13.082071,0.756025,-1.460936,1,0,,38.990365,-76.939891,-6.948000,,,
2026-09-11T19:02:30.602,6.850261,1.805932,8.758575,16.721597,0.000000,82.371229,-28.338726,1.589504,-0.376010,-0.791599,-1.035881,7.872202,-1.958866,-0.118686,-0.537960,-0.790115,1.308599,-5.982841,21.636216,0.843948,-1.748152,1,0,,38.990365,-76.939891,-6.948000,,,
2026-09-11T19:02:30.634,6.883680,1.670605,8.814529,15.468561,0.000000,82.753691,-28.470306,1.468569,-0.369327,-0.777530,-1.062101,7.886898,-2.009357,-0.138027,0.246327,-0.776046,-0.860632,-6.493375,0.061684,0.794849,-2.072884,1,0,,38.990365,-76.939891,-6.948000,,,
2026-09-11T19:02:30.667,6.917094,1.709674,8.871019,15.830311,0.000000,82.618422,-28.423769,1.503574,-0.417476,-0.878897,-1.089775,7.898898,-2.059287,0.007323,-0.207702,-0.877413,-4.004938,0.735597,7.906023,0.547033,-1.914357,1,0,,38.990365,-76.939891,-6.948000,,,
2026-09-11T19:02:30.701,6.950516,1.671424,8.926920,15.476148,0.000000,83.066115,-28.577792,1.467792,-0.382934,-0.806177,-1.117934,7.909316,-2.109646,0.059534,-0.040528,-0.804694,-0.682445,-2.216597,19.848856,0.519419,-1.957661,1,0,,38.990365,-76.939891,-6.948000,,,
2026-09-11T19:02:30.734,6.984021,1.613711,8.980649,14.941771,0.000000,83.373732,-28.683623,1.415682,-0.400989,-0.844188,-1.145582,7.917971,-2.158939,0.042439,0.069342,-0.842704,-0.716670,0.258013,7.990360,0.490309,-1.839195,1,0,,38.990365,-76.939891,-6.948000,,,
2026-09-11T19:02:30.767,7.017436,1.575359,9.033731,14.586657,0.000000,83.474669,-28.718349,1.381578,-0.386593,-0.813880,-1.173284,7.924605,-2.207033,0.008070,-0.009827,-0.812396,-4.104770,-1.727539,13.990559,0.244772,-1.855472,1,0,,38.990365,-76.939891,-6.948000,,,
2026-09-11T19:02:30.801,7.050848,1.537456,9.084262,14.235700,0.000000,83.632597,-28.772683,1.347636,-0.352417,-0.741930,-1.199275,7.930273,-2.253929,-0.049101,0.049902,-0.740446,-1.424710,-2.004283,9.646704,0.176556,-1.897545,1,0,,38.990365,-76.939891,-6.948000,,,
2026-09-11T19:02:30.835,7.084260,1.489586,9.134196,13.792464,0.000000,83.208937,-28.626928,1.307496,-0.348439,-0.733555,-1.223924,7.934912,-2.299564,-0.052341,0.076827,-0.732072,-1.257703,-1.656834,8.832261,0.124689,-1.919298,1,0,,38.990365,-76.939891,-6.948000,,,
2026-09-11T19:02:30.868,7.117671,1.432047,9.181535,13.259698,0.000000,81.422972,-28.012490,1.264276,-0.314274,-0.661630,-1.247232,7.938601,-2.343778,-0.100584,0.057975,-0.660147,-1.281631,-1.078732,9.344561,0.069067,-1.911327,1,0,,38.990365,-76.939891,-6.948000,,,
2026-09-11T19:02:30.900,7.151082,1.384174,9.226927,12.816423,0.000000,78.962721,-27.166074,1.231481,-0.285945,-0.601990,-1.268341,7.941906,-2.386533,-0.063617,0.027160,-0.600507,-0.510730,-1.474234,10.628938,0.061899,-1.935205,1,0,,38.990365,-76.939891,-6.948000,,,
2026-09-11T19:02:30.934,7.184495,1.326140,9.271669,12.279076,0.000000,76.553969,-26.337375,1.188483,-0.279570,-0.588569,-1.288231,7.944524,-2.427966,-0.158566,0.048174,-0.587085,-3.383098,-5.131035,14.140405,-0.126142,-2.198272,1,0,,38.990365,-76.939891,-6.948000,,,
2026-09-11T19:02:30.968,7.217905,1.316344,9.315055,12.188375,0.000000,74.796843,-25.732859,1.185800,-0.258471,-0.544149,-1.307153,7.946569,-2.468584,-0.155685,-0.041284,-0.542665,0.608012,-0.881324,7.369894,-0.060196,-2.186811,1,0,,38.990365,-76.939891,-6.948000,,,
2026-09-11T19:02:31.002,7.251314,1.316159,9.358913,12.186654,0.000000,73.414625,-25.257325,1.190335,-0.276030,-0.581116,-1.325951,7.947909,-2.509243,-0.111003,-0.001784,-0.579632,0.233300,-2.187962,9.302490,-0.029564,-2.257061,1,0,,38.990365,-76.939891,-6.948000,,,
2026-09-11T19:02:31.035,7.284725,1.316400,9.402997,12.188888,0.000000,73.437285,-25.265121,1.190476,-0.268695,-0.565674,-1.345108,7.948331,-2.550040,-0.145735,-0.003105,-0.564191,0.285962,-1.190625,10.347095,-0.002205,-2.263150,1,0,,38.990365,-76.939891,-6.948000,,,
2026-09-11T19:02:31.068,7.318136,1.316859,9.447193,12.193135,0.000000,73.711256,-25.359377,1.189965,-0.275636,-0.580285,-1.364252,7.947976,-2.590828,-0.104022,0.063528,-0.578802,0.355883,-2.620533,10.000430,0.027448,-2.360647,1,0,,38.990365,-76.939891,-6.948000,,,
2026-09-11T19:02:31.103,7.351549,1.278358,9.490459,11.836645,0.000000,74.751524,-25.717267,1.151732,-0.235316,-0.495403,-1.382223,7.947292,-2.630867,0.076005,0.193524,-0.493919,-4.897147,-7.987713,6.702453,-0.285695,-2.812477,1,0,,38.990365,-76.939891,-6.948000,,,
2026-09-11T19:02:31.135,7.384965,1.269156,9.532640,11.751441,0.000000,76.008772,-26.149807,1.139251,-0.317378,-0.668163,-1.401664,7.945014,-2.670162,-0.255493,0.129475,-0.666680,3.857544,3.218543,8.261220,-0.032814,-2.521110,1,0,,38.990365,-76.939891,-6.948000,,,
2026-09-11T19:02:31.169,7.418376,1.220831,9.573894,11.303991,0.000000,75.458769,-25.960586,1.097644,-0.307175,-0.646685,-1.423629,7.940604,-2.708705,-0.022935,0.392287,-0.645201,-6.268509,0.200938,18.957824,-0.438025,-2.431806,1,0,,38.990365,-76.939891,-6.948000,,,
2026-09-11T19:02:31.202,7.451799,1.182469,9.613130,10.948784,0.000000,75.900282,-26.112482,1.061776,-0.223258,-0.470017,-1.442291,7.936790,-2.745679,-0.081131,0.130393,-0.468533,2.333394,-2.818039,8.103627,-0.280322,-2.552682,1,1,7.443990,38.990376,-76.939902,-6.736000,-8.193947,-0.277617,5.580844
2026-09-11T19:02:31.235,7.485211,1.231535,9.654537,11.403101,0.000000,74.945158,-25.783885,1.108925,-0.269168,-0.566670,-1.459610,7.932950,-2.782659,-0.117924,0.047171,-0.565186,2.617493,2.643677,8.944057,-0.101086,-2.310118,1,0,,38.990376,-76.939902,-6.736000,,,
2026-09-11T19:02:31.268,7.518624,1.261213,9.696710,11.677901,0.000000,74.952711,-25.786483,1.135623,-0.274825,-0.578578,-1.478743,7.927709,-2.820884,-0.096185,-0.010111,-0.577095,1.592110,-3.183827,7.098936,0.014323,-2.445752,1,0,,38.990376,-76.939902,-6.736000,,,
2026-09-11T19:02:31.302,7.552037,1.261911,9.737768,11.684365,0.000000,74.077925,-25.485525,1.139120,-0.265274,-0.558472,-1.497739,7.921850,-2.859501,-0.015844,0.018227,-0.556989,-0.378635,-2.148343,10.093200,0.002659,-2.514187,1,0,,38.990376,-76.939902,-6.736000,,,
2026-09-11T19:02:31.336,7.585449,1.204052,9.778718,11.148632,0.000000,72.621550,-24.984478,1.091380,-0.240412,-0.506132,-1.515524,7.915817,-2.897230,0.008069,0.053185,-0.504648,-0.020594,-1.713418,6.496710,0.014255,-2.559124,1,0,,38.990376,-76.939902,-6.736000,,,
2026-09-11T19:02:31.369,7.618872,1.204879,9.819430,11.156284,0.000000,71.884092,-24.730766,1.094372,-0.251450,-0.529368,-1.532829,7.909308,-2.934099,0.030788,0.048135,-0.527884,-0.413841,0.815521,10.503805,-0.000203,-2.438002,1,0,,38.990376,-76.939902,-6.736000,,,
2026-09-11T19:02:31.402,7.652287,1.186078,9.858344,10.982206,0.000000,71.524977,-24.607217,1.078363,-0.234867,-0.494457,-1.549934,7.902256,-2.970623,0.032118,0.078060,-0.492974,-1.183957,-0.231045,13.052847,-0.065824,-2.389026,1,0,,38.990376,-76.939902,-6.736000,,,
2026-09-11T19:02:31.436,7.685701,1.118548,9.896086,10.356924,0.000000,71.151442,-24.478707,1.018007,-0.227549,-0.479051,-1.566199,7.894985,-3.005743,0.018980,0.013113,-0.477567,-1.200530,-0.245755,9.146270,-0.137031,-2.344495,1,0,,38.990376,-76.939902,-6.736000,,,
2026-09-11T19:02:31.470,7.719113,1.099712,9.932691,10.182517,0.000000,69.339384,-23.855293,1.005763,-0.213318,-0.449091,-1.581704,7.887516,-3.039529,0.010494,0.029670,-0.447607,-1.113545,0.183580,8.827162,-0.203512,-2.274993,1,0,,38.990376,-76.939902,-6.736000,,,
2026-09-11T19:02:31.504,7.752528,1.022014,9.967198,9.463093,0.000000,65.705656,-22.605157,0.943498,-0.191243,-0.402616,-1.595934,7.880178,-3.071971,0.090008,0.040271,-0.401132,-0.010101,-1.438341,10.273153,-0.196727,-2.315934,1,0,,38.990376,-76.939902,-6.736000,,,
2026-09-11T19:02:31.536,7.785939,1.002561,10.000630,9.282969,0.000000,58.808302,-20.232214,0.940701,-0.174219,-0.366777,-1.608787,7.873083,-3.103241,0.127112,0.057228,-0.365293,-0.185640,-0.586732,8.685456,-0.202357,-2.303533,1,0,,38.990376,-76.939902,-6.736000,,,
2026-09-11T19:02:31.569,7.819351,0.973409,10.033059,9.013044,0.000000,57.527022,-19.791407,0.915911,-0.156110,-0.328652,-1.620405,7.866214,-3.133987,0.159440,0.006642,-0.327168,-0.564667,0.575160,11.587146,-0.237967,-2.218888,1,0,,38.990376,-76.939902,-6.736000,,,
2026-09-11T19:02:31.603,7.852763,0.953849,10.064413,8.831933,0.000000,54.871077,-18.877664,0.902543,-0.140468,-0.295721,-1.630836,7.859603,-3.164050,0.197243,-0.012393,-0.294238,-0.012553,-0.216923,10.155963,-0.241612,-2.188678,1,0,,38.990376,-76.939902,-6.736000,,,
2026-09-11T19:02:31.637,7.886179,0.915318,10.096047,8.475166,0.000000,51.181044,-17.608157,0.872433,-0.129831,-0.273329,-1.640344,7.853179,-3.193353,0.190881,0.040839,-0.271846,0.059821,-0.120720,9.769385,-0.242558,-2.154411,1,0,,38.990376,-76.939902,-6.736000,,,
2026-09-11T19:02:31.670,7.919594,0.905959,10.125634,8.388508,0.000000,46.100554,-15.860282,0.871470,-0.115446,-0.243044,-1.648971,7.846942,-3.222108,0.191358,0.020192,-0.241561,0.971545,0.100518,9.191969,-0.189280,-2.107927,1,0,,38.990376,-76.939902,-6.736000,,,
2026-09-11T19:02:31.703,7.953016,0.906230,10.156354,8.391018,0.000000,43.020949,-14.800785,0.876161,-0.110305,-0.232221,-1.656913,7.840786,-3.250905,0.186129,0.012519,-0.230738,0.707158,-0.554076,8.710659,-0.158857,-2.104880,1,0,,38.990376,-76.939902,-6.736000,,,
2026-09-11T19:02:31.736,7.986425,0.935956,10.187741,8.666255,0.000000,40.005202,-13.763257,0.909082,-0.100509,-0.211598,-1.664327,7.834601,-3.280290,0.169545,-0.029398,-0.210114,0.826504,0.526127,8.987991,-0.125817,-2.032665,1,0,,38.990376,-76.939902,-6.736000,,,
2026-09-11T19:02:31.770,8.019837,0.955723,10.219149,8.849290,0.000000,36.638579,-12.605016,0.932688,-0.096056,-0.202224,-1.671240,7.828352,-3.310596,0.163663,0.018337,-0.200741,1.383130,-3.653271,8.956904,-0.061391,-2.232062,1,0,,38.990376,-76.939902,-6.736000,,,
2026-09-11T19:02:31.804,8.053247,0.975453,10.251520,9.031974,0.000000,34.610228,-11.907188,0.954465,-0.101263,-0.213184,-1.678180,7.821802,-3.341609,0.119762,-0.045437,-0.211701,1.007241,1.385876,9.813417,-0.023296,-2.102048,1,0,,38.990376,-76.939902,-6.736000,,,
2026-09-11T19:02:31.837,8.086662,0.995118,10.284734,9.214056,0.000000,34.505858,-11.871281,0.973835,-0.111523,-0.234785,-1.685664,7.814695,-3.373231,0.110673,-0.010129,-0.233301,1.101287,0.605168,10.189208,0.023418,-2.022385,1,0,,38.990376,-76.939902,-6.736000,,,
2026-09-11T19:02:31.870,8.120074,0.995276,10.317423,9.215523,0.000000,34.391188,-11.831831,0.974130,-0.102119,-0.214987,-1.693178,7.807300,-3.405123,0.072525,0.008076,-0.213504,1.007829,-1.177190,10.531852,0.061907,-2.060240,1,0,,38.990376,-76.939902,-6.736000,,,
2026-09-11T19:02:31.903,8.153620,1.015236,10.351439,9.400334,0.000000,35.574278,-12.238857,0.992162,-0.108850,-0.229159,-1.700628,7.799641,-3.437396,0.022168,-0.032281,-0.227675,0.421196,-0.169263,12.675488,0.059292,-2.031148,1,0,,38.990376,-76.939902,-6.736000,,,
2026-09-11T19:02:31.937,8.187031,0.996242,10.385031,9.224461,0.000000,36.797194,-12.659585,0.972023,-0.114766,-0.241613,-1.708492,7.791563,-3.469418,0.008205,-0.081362,-0.240129,0.701470,-1.586814,6.959682,0.077579,-2.093779,1,0,,38.990376,-76.939902,-6.736000,,,
2026-09-11T19:02:31.970,8.220444,1.025871,10.419292,9.498801,0.000000,37.849135,-13.021491,0.999491,-0.118995,-0.250517,-1.716714,7.783041,-3.501471,0.003769,0.119669,-0.249033,1.013125,-6.079829,10.867239,0.118542,-2.445640,1,0,,38.990376,-76.939902,-6.736000,,,
2026-09-11T19:02:32.003,8.253854,0.997507,10.452440,9.236177,0.000000,38.324980,-13.185200,0.971211,-0.110302,-0.232215,-1.724778,7.774337,-3.533451,0.014898,-0.065016,-0.230731,-1.368616,1.529151,3.504505,0.007172,-2.302537,1,0,,38.990376,-76.939902,-6.736000,,,
2026-09-11T19:02:32.038,8.287266,1.027290,10.487039,9.511947,0.000000,37.987837,-13.069210,1.000681,-0.111919,-0.235618,-1.732593,7.765489,-3.565399,-0.040291,-0.074443,-0.234135,-0.053054,0.433846,11.061117,-0.016295,-2.231278,1,0,,38.990376,-76.939902,-6.736000,,,
2026-09-11T19:02:32.071,8.320677,0.989159,10.519428,9.158878,0.000000,37.950758,-13.056453,0.963587,-0.106019,-0.223197,-1.740258,7.756491,-3.597164,0.007062,0.019037,-0.221714,-0.276449,3.189711,9.690343,-0.053398,-1.983748,1,0,,38.990376,-76.939902,-6.736000,,,
2026-09-11T19:02:32.106,8.354087,0.941002,10.551115,8.712984,0.000000,37.806563,-13.006845,0.916859,-0.103036,-0.216917,-1.747610,7.747642,-3.627507,-0.075812,0.001204,-0.215433,-0.804930,-2.617885,9.501663,-0.125251,-2.115976,1,0,,38.990376,-76.939902,-6.736000,,,
2026-09-11T19:02:32.137,8.387504,0.970699,10.583878,8.987950,0.000000,37.509932,-12.904793,0.946181,-0.103012,-0.216868,-1.754858,7.738667,-3.657511,0.016206,0.059399,-0.215384,0.074825,0.661360,11.676778,-0.140003,-2.034031,1,0,,38.990376,-76.939902,-6.736000,,,
2026-09-11T19:02:32.171,8.420918,0.951833,10.615116,8.813265,0.000000,37.748884,-12.987002,0.927486,-0.117844,-0.248092,-1.762626,7.729195,-3.687573,-0.002637,-0.016950,-0.246608,0.563098,-0.715493,6.423846,-0.123766,-2.040530,1,1,8.429248,38.990386,-76.939902,-6.561000,-8.187609,0.817468,4.694824
2026-09-11T19:02:32.205,8.454339,0.932730,10.646307,8.636385,0.000000,38.882536,-13.377019,0.907423,-0.111422,-0.234573,-1.770692,7.719471,-3.716904,-0.002012,0.014646,-0.233090,0.478565,0.376673,8.701735,-0.115164,-1.977353,1,0,,38.990386,-76.939902,-6.561000,,,
2026-09-11T19:02:32.238,8.487751,0.952272,10.678510,8.817333,0.000000,41.254210,-14.192962,0.923204,-0.121981,-0.256802,-1.778901,7.709456,-3.746061,-0.012648,0.022129,-0.255319,0.655476,-0.346371,10.098398,-0.098382,-1.960132,1,0,,38.990386,-76.939902,-6.561000,,,
2026-09-11T19:02:32.271,8.521164,0.961914,10.710743,8.906608,0.000000,43.851103,-15.086389,0.928761,-0.127764,-0.268977,-1.787685,7.698852,-3.775424,-0.007278,0.012730,-0.267493,0.772372,-1.224753,10.485172,-0.075080,-1.999140,1,0,,38.990386,-76.939902,-6.561000,,,
2026-09-11T19:02:32.304,8.554574,0.981355,10.743091,9.086622,0.000000,45.510039,-15.657123,0.944941,-0.140338,-0.295449,-1.797114,7.687602,-3.804973,-0.054231,0.014914,-0.293965,1.127569,-1.390779,9.504017,-0.029524,-2.046561,1,0,,38.990386,-76.939902,-6.561000,,,
2026-09-11T19:02:32.338,8.587985,1.000723,10.776924,9.265956,0.000000,46.937575,-16.148248,0.961240,-0.150528,-0.316901,-1.807343,7.675568,-3.834852,-0.051276,-0.019439,-0.315417,0.716278,2.174330,10.349056,-0.016510,-1.861033,1,0,,38.990386,-76.939902,-6.561000,,,
2026-09-11T19:02:32.372,8.621400,1.020503,10.810819,9.449100,0.000000,47.377714,-16.299672,0.979486,-0.148394,-0.312408,-1.817857,7.662953,-3.865136,-0.094300,-0.004420,-0.310924,0.758446,0.821503,9.789096,-0.003149,-1.765041,1,0,,38.990386,-76.939902,-6.561000,,,
2026-09-11T19:02:32.404,8.654812,1.030680,10.845389,9.543336,0.000000,47.373594,-16.298255,0.989261,-0.147681,-0.310907,-1.828270,7.649954,-3.895750,-0.030672,-0.001809,-0.309424,0.266643,2.172173,9.544322,-0.020249,-1.582604,1,0,,38.990386,-76.939902,-6.561000,,,
2026-09-11T19:02:32.438,8.688224,1.030844,10.879989,9.544856,0.000000,47.366728,-16.295893,0.989431,-0.150559,-0.316967,-1.838760,7.636557,-3.926377,-0.066338,-0.023507,-0.315483,1.098541,-0.456500,11.510850,0.013772,-1.571933,1,0,,38.990386,-76.939902,-6.561000,,,
2026-09-11T19:02:32.471,8.721639,1.070170,10.915931,9.908985,0.000000,47.267164,-16.261639,1.027356,-0.144837,-0.304921,-1.849150,7.622712,-3.957491,-0.082974,-0.054596,-0.303437,0.498668,-0.021378,8.767341,0.009149,-1.533241,1,0,,38.990386,-76.939902,-6.561000,,,
2026-09-11T19:02:32.505,8.755053,1.080154,10.951318,10.001427,0.000000,46.831145,-16.111632,1.037729,-0.145883,-0.307123,-1.859375,7.608399,-3.989256,-0.068220,-0.006961,-0.305639,0.506415,1.789027,10.484094,0.006739,-1.377459,1,0,,38.990386,-76.939902,-6.561000,,,
2026-09-11T19:02:32.539,8.788464,1.080377,10.987538,10.003495,0.000000,44.600233,-15.344117,1.041866,-0.127878,-0.269217,-1.869003,7.593973,-4.021191,-0.058450,0.003681,-0.267733,0.363533,-1.171993,9.800080,-0.004430,-1.417507,1,0,,38.990386,-76.939902,-6.561000,,,
2026-09-11T19:02:32.572,8.821874,1.070928,11.022816,9.916001,0.000000,41.742415,-14.360922,1.037464,-0.115373,-0.242891,-1.877558,7.579747,-4.053139,-0.049772,-0.004446,-0.241408,0.010591,0.895543,9.443412,-0.034071,-1.325166,1,0,,38.990386,-76.939902,-6.561000,,,
2026-09-11T19:02:32.607,8.855287,1.071088,11.058288,9.917484,0.000000,38.905882,-13.385051,1.041994,-0.110574,-0.232787,-1.885505,7.565530,-4.085062,-0.072486,0.000794,-0.231303,0.631352,-1.195136,9.514412,-0.023149,-1.369745,1,0,,38.990386,-76.939902,-6.561000,,,
2026-09-11T19:02:32.639,8.888706,1.081147,11.094808,10.010623,0.000000,36.888518,-12.691004,1.054734,-0.106738,-0.224712,-1.893149,7.551109,-4.117197,-0.074145,0.051710,-0.223228,0.807774,-1.183859,9.570604,-0.002547,-1.413468,1,0,,38.990386,-76.939902,-6.561000,,,
2026-09-11T19:02:32.672,8.922120,1.052616,11.129458,9.746445,0.000000,35.259794,-12.130663,1.029112,-0.098070,-0.206464,-1.900353,7.536721,-4.149084,-0.049001,0.025067,-0.204981,-0.254581,-0.030401,11.924494,-0.050527,-1.383641,1,0,,38.990386,-76.939902,-6.561000,,,
2026-09-11T19:02:32.706,8.955533,1.082715,11.165360,10.025143,0.000000,33.359846,-11.477011,1.061066,-0.105461,-0.222023,-1.907512,7.522087,-4.180971,-0.091540,-0.000005,-0.220540,1.165422,-0.673815,10.365041,-0.005633,-1.394287,1,0,,38.990386,-76.939902,-6.561000,,,
2026-09-11T19:02:32.739,8.988945,1.034527,11.200547,9.578958,0.000000,31.415953,-10.808241,1.016175,-0.093693,-0.197248,-1.914516,7.507373,-4.212575,-0.146591,-0.003395,-0.195764,-3.142345,4.419073,11.873304,-0.242730,-1.077540,1,0,,38.990386,-76.939902,-6.561000,,,
2026-09-11T19:02:32.772,9.022362,1.073852,11.235715,9.943070,0.000000,29.819502,-10.259003,1.056684,-0.068711,-0.144654,-1.920229,7.493054,-4.244229,-0.049260,-0.027175,-0.143171,0.583005,2.132750,6.120428,-0.239847,-0.915311,1,0,,38.990386,-76.939902,-6.561000,,,
2026-09-11T19:02:32.805,9.055776,1.045072,11.270581,9.676588,0.000000,27.589277,-9.491724,1.030764,-0.074831,-0.157540,-1.925277,7.478781,-4.276139,-0.065806,0.044593,-0.156056,-1.095893,-1.750487,11.509281,-0.349057,-1.005543,1,0,,38.990386,-76.939902,-6.561000,,,
2026-09-11T19:02:32.839,9.089187,1.036213,11.305290,9.594562,0.000000,26.210493,-9.017372,1.023406,-0.069618,-0.146564,-1.930358,7.464528,-4.307448,-0.048040,0.040313,-0.145080,0.493863,-0.285275,8.510996,-0.358075,-1.000774,1,0,,38.990386,-76.939902,-6.561000,,,
2026-09-11T19:02:32.873,9.122599,1.075143,11.341009,9.955030,0.000000,23.555922,-8.104102,1.064406,-0.061096,-0.128623,-1.934955,7.450136,-4.339295,-0.011519,-0.027137,-0.127139,0.692644,-1.565828,11.513203,-0.355631,-1.079759,1,0,,38.990386,-76.939902,-6.561000,,,
2026-09-11T19:02:32.906,9.156013,1.085218,11.377492,10.048315,0.000000,21.075758,-7.250834,1.076540,-0.064203,-0.135164,-1.939362,7.435368,-4.371940,-0.016116,-0.014070,-0.133681,0.430022,0.336662,9.643369,-0.372324,-1.034213,1,0,,38.990386,-76.939902,-6.561000,,,
2026-09-11T19:02:32.939,9.189441,1.075418,11.413348,9.957577,0.000000,19.582304,-6.737031,1.067993,-0.055046,-0.115886,-1.943558,7.420527,-4.404628,-0.048583,0.012763,-0.114402,0.863966,1.011556,9.843033,-0.361606,-0.946874,1,0,,38.990386,-76.939902,-6.561000,,,
2026-09-11T19:02:32.973,9.222854,1.114222,11.450441,10.316871,0.000000,17.737288,-6.102278,1.107909,-0.042312,-0.089078,-1.946982,7.405715,-4.437865,-0.031486,0.007543,-0.087595,1.376069,0.574081,9.403695,-0.320010,-0.890472,1,0,,38.990386,-76.939902,-6.561000,,,
2026-09-11T19:02:33.006,9.256262,1.162911,11.489418,10.767691,0.000000,15.073790,-5.185937,1.158150,-0.035689,-0.075134,-1.949725,7.390549,-4.472570,0.037738,0.000056,-0.073651,1.045879,-0.302731,11.626078,-0.302465,-0.892180,1,0,,38.990386,-76.939902,-6.561000,,,
2026-09-11T19:02:33.041,9.289673,1.182492,11.528510,10.949004,0.000000,9.974760,-3.431684,1.180372,-0.023037,-0.048499,-1.951791,7.375148,-4.508487,0.064600,0.038480,-0.047016,1.869736,-2.829022,8.581996,-0.233431,-1.059249,1,0,,38.990386,-76.939902,-6.561000,,,
2026-09-11T19:02:33.073,9.323091,1.211839,11.569215,11.220727,0.000000,7.232985,-2.488412,1.210696,-0.020110,-0.042337,-1.953308,7.359594,-4.545295,0.094762,-0.020011,-0.040854,0.376870,3.233056,8.508054,-0.264006,-0.832595,1,0,,38.990386,-76.939902,-6.561000,,,
2026-09-11T19:02:33.107,9.356504,1.241366,11.610502,11.494134,0.000000,4.589400,-1.578922,1.240895,-0.004819,-0.010146,-1.954185,7.343904,-4.583129,0.100983,-0.033165,-0.008662,0.697155,1.171404,11.249699,-0.267022,-0.744386,1,0,,38.990386,-76.939902,-6.561000,,,
2026-09-11T19:02:33.140,9.389913,1.251271,11.652229,11.585843,0.000000,1.609358,-0.553678,1.251213,0.004841,0.010191,-1.954184,7.328332,-4.621736,0.169306,-0.004215,0.011675,1.588775,-0.098557,11.230183,-0.205779,-0.740958,1,0,,38.990386,-76.939902,-6.561000,,,
2026-09-11T19:02:33.174,9.423345,1.260913,11.695234,11.675118,0.000000,-0.649019,0.223286,1.260903,0.010478,0.022060,-1.953645,7.312872,-4.660781,0.156468,0.029634,0.023543,-0.016377,1.751075,10.817716,-0.249539,-0.618807,1,1,9.424476,38.990395,-76.939899,-6.540000,-8.003520,1.815443,4.851418
2026-09-11T19:02:33.206,9.456765,1.270908,11.737119,11.767671,0.000000,-1.429735,0.491881,1.270862,0.019976,0.042055,-1.952574,7.297561,-4.700222,0.157726,-0.038756,0.043539,0.102676,0.440417,8.971026,-0.280601,-0.584526,1,0,,38.990395,-76.939899,-6.540000,,,
2026-09-11T19:02:33.240,9.490177,1.280989,11.779974,11.861010,0.000000,-1.863695,0.641179,1.280909,0.017520,0.036885,-1.951255,7.282286,-4.740026,0.153688,-0.026017,0.038368,0.814344,-1.322329,9.775073,-0.254438,-0.664272,1,0,,38.990395,-76.939899,-6.540000,,,
2026-09-11T19:02:33.274,9.523595,1.300953,11.823712,12.045858,0.000000,-1.662508,0.571964,1.300888,0.003905,0.008222,-1.950502,7.266614,-4.780220,0.075721,-0.018069,0.009705,0.489744,1.542684,10.167927,-0.243625,-0.555400,1,0,,38.990395,-76.939899,-6.540000,,,
2026-09-11T19:02:33.307,9.557009,1.320954,11.867566,12.231053,0.000000,-1.866442,0.642124,1.320871,0.004213,0.008869,-1.950216,7.250511,-4.820955,0.077309,-0.012553,0.010352,0.198977,1.462073,11.320012,-0.247732,-0.453031,1,0,,38.990395,-76.939899,-6.540000,,,
2026-09-11T19:02:33.340,9.590421,1.302230,11.910502,12.057688,0.000000,-1.199022,0.412508,1.302197,-0.005546,-0.011675,-1.950263,7.234259,-4.861649,0.017705,-0.051963,-0.010192,0.231339,2.337513,8.453529,-0.245834,-0.293436,1,0,,38.990395,-76.939899,-6.540000,,,
2026-09-11T19:02:33.374,9.624010,1.253967,11.952538,11.610806,0.000000,1.166472,-0.401309,1.253936,-0.015670,-0.032988,-1.951013,7.218012,-4.901387,-0.049607,0.022582,-0.031505,-0.248893,-0.057859,8.920031,-0.271962,-0.288845,1,0,,38.990395,-76.939899,-6.540000,,,
2026-09-11T19:02:33.408,9.657441,1.254600,11.995052,11.616667,0.000000,3.896574,-1.340565,1.254257,-0.014155,-0.029799,-1.952063,7.201969,-4.940125,-0.055355,0.003283,-0.028316,0.214177,-1.019303,10.027006,-0.267056,-0.346815,1,0,,38.990395,-76.939899,-6.540000,,,
2026-09-11T19:02:33.441,9.690855,1.264754,12.037509,11.710687,0.000000,4.794707,-1.649555,1.264230,-0.009750,-0.020526,-1.952903,7.185926,-4.979024,-0.095546,0.030373,-0.019043,-0.473269,-1.360084,9.727118,-0.308612,-0.426901,1,0,,38.990395,-76.939899,-6.540000,,,
2026-09-11T19:02:33.474,9.724267,1.216485,12.077433,11.263751,0.000000,4.706129,-1.619081,1.215999,-0.002019,-0.004251,-1.953317,7.170285,-5.017395,-0.114176,0.030550,-0.002767,-0.351274,-1.429515,9.217859,-0.342459,-0.511934,1,0,,38.990395,-76.939899,-6.540000,,,
2026-09-11T19:02:33.507,9.757679,1.187240,12.117150,10.992966,0.000000,4.794707,-1.649555,1.186748,-0.004794,-0.010093,-1.953557,7.155192,-5.054590,-0.112565,0.010606,-0.008609,0.565550,0.090908,8.571208,-0.317216,-0.497224,1,0,,38.990395,-76.939899,-6.540000,,,
2026-09-11T19:02:33.542,9.791092,1.196868,12.157128,11.082112,0.000000,4.670424,-1.606797,1.196397,-0.002325,-0.004894,-1.953807,7.140207,-5.091477,-0.123121,-0.021089,-0.003411,-0.783649,1.607212,8.601511,-0.379525,-0.384980,1,0,,38.990395,-76.939899,-6.540000,,,
2026-09-11T19:02:33.574,9.824505,1.177480,12.196931,10.902594,0.000000,4.508375,-1.551047,1.177049,0.001753,0.003690,-1.953827,7.125380,-5.128252,-0.118949,0.028921,0.005174,-0.154455,-0.024517,11.638042,-0.402924,-0.380199,1,0,,38.990395,-76.939899,-6.540000,,,
2026-09-11T19:02:33.607,9.857916,1.197206,12.236822,11.085242,0.000000,4.373106,-1.504509,1.196793,-0.000650,-0.001368,-1.953789,7.110577,-5.165041,-0.089729,-0.000870,0.000116,0.829054,-0.492588,6.984394,-0.370602,-0.405363,1,0,,38.990395,-76.939899,-6.540000,,,
2026-09-11T19:02:33.641,9.891329,1.168329,12.276290,10.817857,0.000000,4.376539,-1.505690,1.167925,-0.011945,-0.025148,-1.954232,7.095610,-5.201603,-0.091447,0.013640,-0.023665,0.337447,-0.923198,9.526866,-0.377380,-0.456314,1,0,,38.990395,-76.939899,-6.540000,,,
2026-09-11T19:02:33.675,9.924740,1.207473,12.316543,11.180302,0.000000,4.376539,-1.505690,1.207056,-0.001996,-0.004203,-1.954722,7.080542,-5.238307,-0.056678,0.020762,-0.002719,0.919177,-0.356178,9.550500,-0.349602,-0.471590,1,0,,38.990395,-76.939899,-6.540000,,,
2026-09-11T19:02:33.708,9.958148,1.217557,12.357048,11.273678,0.000000,3.453001,-1.187959,1.217296,0.008666,0.018244,-1.954487,7.065481,-5.275899,-0.030892,-0.003375,0.019727,0.608993,0.845137,8.176883,-0.348491,-0.410753,1,0,,38.990395,-76.939899,-6.540000,,,
2026-09-11T19:02:33.742,9.991559,1.237206,12.398031,11.455613,0.000000,1.987013,-0.683605,1.237118,0.006234,0.013125,-1.953963,7.050373,-5.314016,0.007754,-0.032162,0.014609,0.686269,0.256150,9.908737,-0.350559,-0.388301,1,0,,38.990395,-76.939899,-6.540000,,,
2026-09-11T19:02:33.774,10.024971,1.256845,12.440194,11.637457,0.000000,1.034636,-0.355953,1.256821,0.011366,0.023928,-1.953344,7.035082,-5.352774,0.006406,-0.024351,0.025412,0.510534,-0.879166,11.616958,-0.369013,-0.440437,1,0,,38.990395,-76.939899,-6.540000,,,
2026-09-11T19:02:33.808,10.058382,1.276548,12.483054,11.819888,0.000000,0.625395,-0.215159,1.276539,0.008386,0.017654,-1.952650,7.019604,-5.392164,0.008633,-0.027203,0.019138,1.739994,-0.711571,6.309403,-0.310833,-0.480664,1,0,,38.990395,-76.939899,-6.540000,,,
2026-09-11T19:02:33.842,10.091794,1.296790,12.526882,12.007317,0.000000,0.509352,-0.175236,1.296784,-0.006020,-0.012673,-1.952566,7.003622,-5.432074,-0.035444,-0.028466,-0.011189,1.249858,1.420591,9.544518,-0.287490,-0.379991,1,0,,38.990395,-76.939899,-6.540000,,,
2026-09-11T19:02:33.875,10.125207,1.336320,12.571591,12.373329,0.000000,0.421461,-0.144998,1.336315,0.011084,0.023335,-1.952388,6.987316,-5.472929,-0.023765,0.028290,0.024819,0.795712,-1.720577,7.457859,-0.298805,-0.486724,1,0,,38.990395,-76.939899,-6.540000,,,
2026-09-11T19:02:33.908,10.158619,1.356224,12.616714,12.557628,0.000000,0.419401,-0.144289,1.356220,0.001651,0.003476,-1.951940,6.970771,-5.514758,-0.020252,-0.025394,0.004959,1.375873,1.499241,10.733477,-0.275594,-0.382266,1,0,,38.990395,-76.939899,-6.540000,,,
2026-09-11T19:02:33.942,10.192031,1.395570,12.662739,12.921940,0.000000,0.408415,-0.140510,1.395565,0.007183,0.015123,-1.951630,6.953814,-5.557489,-0.026650,-0.023621,0.016606,0.402171,-0.057565,8.524627,-0.313763,-0.380737,1,0,,38.990395,-76.939899,-6.540000,,,
2026-09-11T19:02:33.976,10.225441,1.415371,12.709923,13.105289,0.000000,0.268339,-0.092319,1.415369,0.005110,0.010758,-1.951197,6.936561,-5.601161,0.019310,-0.021384,0.012241,1.849926,-0.142000,8.095292,-0.255925,-0.384308,1,0,,38.990395,-76.939899,-6.540000,,,
2026-09-11T19:02:34.009,10.258849,1.444615,12.757880,13.376061,0.000000,0.161223,-0.055466,1.444614,0.008590,0.018084,-1.950716,6.919046,-5.645609,0.007783,-0.046549,0.019568,1.543273,2.191198,10.632664,-0.217319,-0.237626,1,0,,38.990395,-76.939899,-6.540000,,,
2026-09-11T19:02:34.042,10.292261,1.473779,12.806903,13.646100,0.000000,0.406355,-0.139801,1.473774,0.012413,0.026133,-1.949977,6.901309,-5.691023,0.004963,0.108686,0.027617,0.809441,0.029420,4.540871,-0.224148,-0.233199,1,0,,38.990395,-76.939899,-6.540000,,,
2026-09-11T19:02:34.077,10.325673,1.483357,12.856136,13.734792,0.000000,0.664534,-0.228624,1.483346,0.018306,0.038538,-1.948897,6.883524,-5.737115,-0.011798,0.029266,0.040022,-2.972298,0.619878,-0.884070,-0.469987,-0.191831,1,0,,38.990395,-76.939899,-6.540000,,,
2026-09-11T19:02:34.110,10.359089,1.512599,12.907245,14.005546,0.000000,0.491499,-0.169094,1.512592,0.018694,0.039356,-1.947595,6.865651,-5.783876,0.014378,-0.097915,0.040840,3.297682,-3.704854,18.646070,-0.298552,-0.430872,1,0,,38.990395,-76.939899,-6.540000,,,
2026-09-11T19:02:34.143,10.392501,1.551830,12.958963,14.368798,0.000000,0.488066,-0.167913,1.551823,0.010839,0.022820,-1.946556,6.847298,-5.831670,0.040188,-0.019995,0.024303,1.366851,2.778420,12.535743,-0.245185,-0.246271,1,0,,38.990395,-76.939899,-6.540000,,,
2026-09-11T19:02:34.178,10.425923,1.571559,13.011374,14.551468,0.000000,0.333571,-0.114761,1.571555,0.005248,0.011048,-1.945990,6.828408,-5.880327,0.023491,0.049979,0.012532,1.576419,-0.157691,8.344969,-0.171294,-0.252486,1,1,10.435687,38.990406,-76.939900,-6.803000,-8.035066,3.112531,3.304073
2026-09-11T19:02:34.211,10.459341,1.571921,13.063787,14.554820,0.000000,0.333571,-0.114761,1.571917,0.011143,0.023459,-1.945414,6.809429,-5.929303,0.008637,-0.014384,0.024943,1.583088,-1.210827,8.892376,-0.089650,-0.328031,1,0,,38.990406,-76.939900,-6.803000,,,
2026-09-11T19:02:34.244,10.492756,1.572144,13.116111,14.556889,0.000000,0.289625,-0.099642,1.572142,0.016026,0.033740,-1.944458,6.790654,-5.978365,0.073686,-0.011392,0.035223,0.520635,0.156416,11.489177,-0.070782,-0.315326,1,0,,38.990406,-76.939900,-6.803000,,,
2026-09-11T19:02:34.276,10.526171,1.592060,13.169625,14.741300,0.000000,0.289625,-0.099642,1.592058,0.012768,0.026881,-1.943445,6.771829,-6.027768,0.047008,-0.073732,0.028364,0.360100,1.335960,9.601691,-0.056840,-0.225788,1,0,,38.990406,-76.939900,-6.803000,,,
2026-09-11T19:02:34.309,10.559588,1.573236,13.221736,14.567005,0.000000,0.365156,-0.125627,1.573233,0.002620,0.005515,-1.942904,6.752827,-6.077124,-0.015369,-0.085176,0.006999,0.639688,1.890526,10.186266,-0.020535,-0.099151,1,0,,38.990406,-76.939900,-6.803000,,,
2026-09-11T19:02:34.343,10.593005,1.544810,13.273854,14.303801,0.000000,0.420775,-0.144762,1.544806,0.007664,0.016136,-1.942542,6.734054,-6.125722,-0.119070,-0.017014,0.017619,-0.104539,-0.426785,10.191855,-0.028434,-0.124893,1,0,,38.990406,-76.939900,-6.803000,,,
2026-09-11T19:02:34.377,10.626423,1.496736,13.323872,13.858662,0.000000,0.532698,-0.183268,1.496728,0.014561,0.030655,-1.941760,6.715958,-6.173213,-0.137524,-0.008022,0.032138,-0.759623,0.527990,9.986602,-0.074273,-0.089933,1,0,,38.990406,-76.939900,-6.803000,,,
2026-09-11T19:02:34.410,10.659839,1.468031,13.372880,13.592876,0.000000,0.575957,-0.198150,1.468022,0.007928,0.016690,-1.940969,6.698369,-6.219522,-0.191867,-0.007460,0.018173,0.156612,-0.534168,9.721921,-0.059020,-0.122698,1,0,,38.990406,-76.939900,-6.803000,,,
2026-09-11T19:02:34.443,10.693254,1.439407,13.421588,13.327839,0.000000,0.619902,-0.213269,1.439397,0.013701,0.028844,-1.940209,6.681149,-6.264945,-0.225239,-0.001927,0.030328,-1.091186,0.019417,9.112437,-0.129055,-0.120384,1,0,,38.990406,-76.939900,-6.803000,,,
2026-09-11T19:02:34.476,10.726675,1.400963,13.468273,12.971879,0.000000,0.398802,-0.137203,1.400959,0.022006,0.046329,-1.938952,6.664596,-6.309432,-0.174853,0.021666,0.047812,-1.037446,-2.165995,9.599828,-0.199840,-0.261017,1,0,,38.990406,-76.939900,-6.803000,,,
2026-09-11T19:02:34.510,10.760097,1.381700,13.514643,12.793516,0.000000,-1.968752,0.677323,1.381603,0.025196,0.053044,-1.937292,6.648633,-6.353113,-0.157204,0.019785,0.054527,0.852786,-1.139827,8.818532,-0.151249,-0.334242,1,0,,38.990406,-76.939900,-6.803000,,,
2026-09-11T19:02:34.544,10.793517,1.371844,13.561110,12.702264,0.000000,-3.872133,1.332156,1.371474,0.040417,0.085089,-1.934984,6.633221,-6.396471,-0.185811,-0.038979,0.086573,-2.883253,5.387577,11.429258,-0.351285,0.012885,1,0,,38.990406,-76.939900,-6.803000,,,
2026-09-11T19:02:34.577,10.826937,1.352472,13.605742,12.522893,0.000000,-4.868456,1.674927,1.351895,0.037197,0.078309,-1.932253,6.618282,-6.439477,-0.048935,0.059977,0.079792,0.818953,-6.142395,9.719371,-0.318195,-0.389173,1,0,,38.990406,-76.939900,-6.803000,,,
2026-09-11T19:02:34.610,10.860363,1.343282,13.651206,12.437795,0.000000,-5.379320,1.850683,1.342581,0.028323,0.059627,-1.929948,6.603429,-6.482005,-0.169615,0.009969,0.061110,0.350588,2.540217,10.152237,-0.324537,-0.223262,1,0,,38.990406,-76.939900,-6.803000,,,
2026-09-11T19:02:34.644,10.893770,1.353287,13.696420,12.530438,0.000000,-5.417772,1.863912,1.352571,0.035804,0.075377,-1.927693,6.588657,-6.524544,-0.102409,-0.026023,0.076860,2.182372,1.333018,8.307311,-0.221068,-0.138782,1,0,,38.990406,-76.939900,-6.803000,,,
2026-09-11T19:02:34.677,10.927181,1.382703,13.742955,12.802801,0.000000,-5.986315,2.059512,1.381809,0.034790,0.073241,-1.925210,6.573858,-6.567775,-0.096593,0.057424,0.074725,1.728716,1.685567,9.342599,-0.155596,-0.032375,1,0,,38.990406,-76.939900,-6.803000,,,
2026-09-11T19:02:34.711,10.960600,1.441317,13.791612,13.345530,0.000000,-6.778704,2.332123,1.440123,0.052561,0.110655,-1.922137,6.558933,-6.612527,-0.066509,-0.095742,0.112139,2.034292,-2.045667,10.374259,-0.077259,-0.172300,1,0,,38.990406,-76.939900,-6.803000,,,
2026-09-11T19:02:34.744,10.994009,1.461132,13.840023,13.529004,0.000000,-7.330080,2.521816,1.459717,0.050995,0.107358,-1.918496,6.543971,-6.658631,-0.010963,-0.054370,0.108842,1.377246,-0.099930,7.040488,-0.047896,-0.184609,1,0,,38.990406,-76.939900,-6.803000,,,
2026-09-11T19:02:34.778,11.027420,1.520222,13.890642,14.076134,0.000000,-7.532640,2.591505,1.518668,0.044110,0.092864,-1.915151,6.528591,-6.705977,-0.028107,-0.032985,0.094347,1.105308,0.441299,10.069272,-0.038913,-0.160757,1,0,,38.990406,-76.939900,-6.803000,,,
2026-09-11T19:02:34.811,11.060843,1.559394,13.943046,14.438835,0.000000,-7.620531,2.621742,1.557762,0.045030,0.094801,-1.912015,6.512715,-6.754898,0.008737,0.002983,0.096284,1.426475,0.566236,8.772245,-0.009812,-0.129507,1,0,,38.990406,-76.939900,-6.803000,,,
2026-09-11T19:02:34.844,11.094257,1.608265,13.996454,14.891345,0.000000,-7.687822,2.644893,1.606552,0.047537,0.100078,-1.908759,6.496565,-6.805261,0.083312,-0.031727,0.101562,1.661639,0.178089,11.536936,0.034892,-0.124569,1,0,,38.990406,-76.939900,-6.803000,,,
2026-09-11T19:02:34.878,11.127668,1.618435,14.050692,14.985512,0.000000,-7.708422,2.651980,1.616702,0.046233,0.097332,-1.905461,6.480274,-6.856608,0.118170,0.012375,0.098816,1.754606,0.446791,11.031109,0.085834,-0.102083,1,0,,38.990406,-76.939900,-6.803000,,,
2026-09-11T19:02:34.911,11.161088,1.667617,14.107174,15.440896,0.000000,-7.708422,2.651980,1.665831,0.046441,0.097771,-1.902201,6.463808,-6.908951,0.113693,-0.026556,0.099254,0.356472,1.484335,10.265013,0.050904,-0.013066,1,0,,38.990406,-76.939900,-6.803000,,,
2026-09-11T19:02:34.944,11.194505,1.677615,14.163279,15.533469,0.000000,-7.796312,2.682217,1.675777,0.048613,0.102342,-1.898857,6.447232,-6.962291,0.143981,-0.028832,0.103826,1.527092,0.848962,9.885103,0.102285,0.033292,1,0,,38.990406,-76.939900,-6.803000,,,
2026-09-11T19:02:34.978,11.227919,1.697060,14.220183,15.713520,0.000000,-8.517290,2.930260,1.694841,0.058493,0.123144,-1.895090,6.430884,-7.016208,0.175765,-0.015995,0.124627,0.480526,0.023536,12.044037,0.091560,0.023328,1,0,,38.990406,-76.939900,-6.803000,,,
2026-09-11T19:02:35.012,11.261343,1.707046,14.277482,15.805982,0.000000,-9.681841,3.330909,1.704162,0.063298,0.133259,-1.890805,6.414831,-7.070734,0.183819,-0.117671,0.134742,-0.228985,0.029616,10.514592,0.040623,0.012675,1,0,,38.990406,-76.939900,-6.803000,,,
2026-09-11T19:02:35.044,11.294764,1.707406,14.334015,15.809315,0.000000,-11.190401,3.849909,1.703553,0.066457,0.139910,-1.886240,6.399100,-7.125505,0.173554,-0.081510,0.141393,-0.184561,1.982120,8.708109,-0.000611,0.127750,1,0,,38.990406,-76.939900,-6.803000,,,
2026-09-11T19:02:35.077,11.328177,1.688327,14.390710,15.632655,0.000000,-12.690035,4.365838,1.683428,0.076374,0.160786,-1.881217,6.383950,-7.180076,0.108062,-0.133238,0.162270,-0.835625,0.180246,9.322398,-0.079746,0.122869,1,0,,38.990406,-76.939900,-6.803000,,,
2026-09-11T19:02:35.112,11.361599,1.669321,14.447189,15.456674,0.000000,-13.861452,4.768848,1.663542,0.082209,0.173071,-1.875638,6.369539,-7.234183,0.088670,-0.131268,0.174554,-0.987824,0.909665,13.157288,-0.163440,0.164123,1,0,,38.990406,-76.939900,-6.803000,,,
2026-09-11T19:02:35.145,11.395009,1.679653,14.502727,15.552342,0.000000,-14.783617,5.086107,1.673039,0.082959,0.174651,-1.869829,6.355599,-7.288220,0.024545,-0.170511,0.176135,0.179952,-0.824445,13.974575,-0.161802,0.092460,1,0,,38.990406,-76.939900,-6.803000,,,
2026-09-11T19:02:35.179,11.428429,1.631525,14.557360,15.106710,0.000000,-17.620149,6.061978,1.622402,0.075913,0.159817,-1.864240,6.342061,-7.341662,-0.070063,0.152716,0.161301,0.947420,2.354773,2.193355,-0.101706,0.229401,1,1,11.425008,38.990419,-76.939900,-6.847000,-8.080728,4.562143,4.909874
2026-09-11T19:02:35.212,11.461843,1.612600,14.611054,14.931481,0.000000,-17.721097,6.096708,1.603479,0.066068,0.139090,-1.859246,6.328872,-7.393972,0.000991,0.000290,0.140573,1.531603,-1.742544,12.836905,0.001739,0.102088,1,0,,38.990419,-76.939900,-6.847000,,,
2026-09-11T19:02:35.245,11.495255,1.613336,14.664813,14.938297,0.000000,-17.771909,6.114189,1.604159,0.092960,0.195704,-1.853653,6.316322,-7.446135,-0.074234,0.050213,0.197188,0.203684,-0.893974,7.095406,0.022972,0.025204,1,0,,38.990419,-76.939900,-6.847000,,,
2026-09-11T19:02:35.279,11.528673,1.604235,14.718535,14.854026,0.000000,-17.727964,6.099070,1.595154,0.090351,0.190213,-1.847205,6.304511,-7.498360,-0.101818,0.007846,0.191697,-0.194368,0.089633,5.855943,0.020580,0.013477,1,0,,38.990419,-76.939900,-6.847000,,,
2026-09-11T19:02:35.313,11.562085,1.614413,14.773096,14.948267,0.000000,-17.710111,6.092928,1.605293,0.097279,0.204799,-1.840606,6.293109,-7.550691,-0.055259,-0.059900,0.206282,-0.058448,-0.592322,7.085795,0.028745,-0.043872,1,0,,38.990419,-76.939900,-6.847000,,,
2026-09-11T19:02:35.345,11.595500,1.634478,14.827133,15.134052,0.000000,-18.304746,6.297504,1.624615,0.102400,0.215579,-1.833582,6.282127,-7.603630,0.000566,-0.004286,0.217063,-0.205645,-0.553389,11.466720,0.028283,-0.099461,1,0,,38.990419,-76.939900,-6.847000,,,
2026-09-11T19:02:35.379,11.628921,1.605513,14.880489,14.865862,0.000000,-18.518979,6.371208,1.595597,0.092229,0.194167,-1.826735,6.271469,-7.656476,0.001827,-0.030589,0.195651,-0.364219,-0.040600,14.095000,0.020966,-0.118648,1,0,,38.990419,-76.939900,-6.847000,,,
2026-09-11T19:02:35.413,11.662342,1.557003,14.932281,14.416692,0.000000,-18.445508,6.345932,1.547462,0.089290,0.187980,-1.820349,6.261269,-7.708086,-0.022638,0.021633,0.189463,0.228201,-0.815913,8.871292,0.052305,-0.186566,1,0,,38.990419,-76.939900,-6.847000,,,
2026-09-11T19:02:35.445,11.695754,1.527854,14.982975,14.146798,0.000000,-18.452375,6.348294,1.518486,0.089413,0.188238,-1.814064,6.251669,-7.758487,-0.013093,0.019062,0.189721,-1.736758,2.114412,8.230035,-0.046050,-0.063826,1,0,,38.990419,-76.939900,-6.847000,,,
2026-09-11T19:02:35.479,11.729170,1.489387,15.032512,13.790621,0.000000,-18.404309,6.331758,1.480302,0.083182,0.175120,-1.807993,6.242547,-7.807837,0.065188,-0.028090,0.176603,0.375595,0.530834,8.505602,-0.003551,-0.043164,1,0,,38.990419,-76.939900,-6.847000,,,
2026-09-11T19:02:35.514,11.762589,1.480222,15.082886,13.705763,0.000000,-18.372037,6.320655,1.471225,0.081996,0.172623,-1.802183,6.233782,-7.856450,0.095251,0.009847,0.174106,-0.554762,0.794535,9.341913,-0.019293,-0.005326,1,0,,38.990419,-76.939900,-6.847000,,,
2026-09-11T19:02:35.546,11.796002,1.461119,15.131039,13.528883,0.000000,-18.364484,6.318056,1.452245,0.084661,0.178233,-1.796321,6.225432,-7.904651,0.114089,0.020833,0.179716,-0.437965,0.989295,10.575295,-0.029848,0.044370,1,0,,38.990419,-76.939900,-6.847000,,,
2026-09-11T19:02:35.579,11.829443,1.432331,15.178652,13.262325,0.000000,-18.320539,6.302938,1.423673,0.069325,0.145947,-1.790901,6.217315,-7.952119,0.056458,-0.000886,0.147430,-0.435219,-0.602815,10.292079,-0.043325,-0.006217,1,0,,38.990419,-76.939900,-6.847000,,,
2026-09-11T19:02:35.613,11.862865,1.403640,15.224883,12.996664,0.000000,-16.417844,5.648341,1.396825,0.053032,0.111647,-1.786596,6.209119,-7.998580,-0.013853,-0.000941,0.113130,0.868281,0.568295,6.176621,0.024565,0.022918,1,0,,38.990419,-76.939900,-6.847000,,,
2026-09-11T19:02:35.647,11.896276,1.364793,15.270462,12.636969,0.000000,-13.219449,4.547975,1.360495,0.062344,0.131250,-1.782538,6.201230,-8.044001,-0.040382,0.031409,0.132734,-5.181540,1.560532,10.852039,-0.306072,0.114439,1,0,,38.990419,-76.939900,-6.847000,,,
2026-09-11T19:02:35.680,11.929700,1.355312,15.315600,12.549181,0.000000,-11.078488,3.811406,1.352314,0.009794,0.020618,-1.780000,6.192936,-8.088590,0.095948,0.075000,0.022101,1.231519,2.891393,13.405495,-0.225496,0.300857,1,0,,38.990419,-76.939900,-6.847000,,,
2026-09-11T19:02:35.713,11.963120,1.326330,15.359837,12.280830,0.000000,-8.879162,3.054758,1.324445,0.040097,0.084415,-1.778245,6.184501,-8.132524,0.126718,0.044735,0.085898,-0.417175,-4.366117,6.147691,-0.261235,0.010172,1,0,,38.990419,-76.939900,-6.847000,,,
2026-09-11T19:02:35.746,11.996533,1.288066,15.403377,11.926538,0.000000,-7.199627,2.476936,1.286863,0.031155,0.065588,-1.775739,6.176733,-8.175468,0.042640,0.069496,0.067072,-1.942697,-4.676203,11.207530,-0.403342,-0.295515,1,0,,38.990419,-76.939900,-6.847000,,,
2026-09-11T19:02:35.780,12.029941,1.279034,15.446248,11.842907,0.000000,-6.051555,2.081957,1.278190,0.016738,0.035239,-1.774055,6.168832,-8.217589,0.030389,0.014427,0.036722,2.324961,-3.531865,5.794455,-0.274584,-0.521231,1,0,,38.990419,-76.939900,-6.847000,,,
2026-09-11T19:02:35.814,12.063364,1.327926,15.490639,12.295614,0.000000,-5.000301,1.720287,1.327328,-0.003666,-0.007719,-1.773595,6.160266,-8.260280,0.071172,0.021587,-0.006235,0.114542,2.873348,12.013048,-0.298977,-0.326469,1,0,,38.990419,-76.939900,-6.847000,,,
2026-09-11T19:02:35.846,12.096778,1.357474,15.535734,12.569205,0.000000,-3.325573,1.144119,1.357203,0.009331,0.019645,-1.773396,6.151330,-8.304232,0.093338,0.032727,0.021128,1.002338,-0.982332,13.750002,-0.274819,-0.385746,1,0,,38.990419,-76.939900,-6.847000,,,
2026-09-11T19:02:35.880,12.130192,1.367195,15.581186,12.659214,0.000000,-1.893230,0.651341,1.367107,-0.006260,-0.013180,-1.773288,6.142224,-8.348827,0.068835,0.001251,-0.011696,1.989573,-1.907786,8.929838,-0.195507,-0.501348,1,0,,38.990419,-76.939900,-6.847000,,,
2026-09-11T19:02:35.914,12.163607,1.376752,15.627232,12.747702,0.000000,-0.695720,0.239353,1.376740,-0.012787,-0.026921,-1.773958,6.132678,-8.393666,0.086671,0.014490,-0.025437,0.213687,0.265074,9.916583,-0.239339,-0.473863,1,0,,38.990419,-76.939900,-6.847000,,,
2026-09-11T19:02:35.947,12.197022,1.405999,15.674573,13.018508,0.000000,1.191182,-0.409810,1.405963,-0.013660,-0.028758,-1.774888,6.122844,-8.439108,0.084871,0.003481,-0.027275,2.178057,-1.033621,7.355478,-0.161748,-0.530487,1,0,,38.990419,-76.939900,-6.847000,,,
2026-09-11T19:02:35.980,12.230432,1.445065,15.722999,13.380236,0.000000,5.499197,-1.891925,1.444278,-0.026763,-0.056343,-1.776309,6.112499,-8.485588,0.067968,-0.016317,-0.054860,0.659105,-0.690388,10.162632,-0.188891,-0.561624,1,0,,38.990419,-76.939900,-6.847000,,,
2026-09-11T19:02:36.015,12.263853,1.484490,15.773091,13.745278,0.000000,6.046453,-2.080202,1.483512,-0.034103,-0.071795,-1.778451,6.101467,-8.533264,0.064129,0.010703,-0.070311,2.275143,-2.375367,9.289840,-0.112945,-0.699840,1,0,,38.990419,-76.939900,-6.847000,,,
2026-09-11T19:02:36.047,12.297268,1.523640,15.824446,14.107780,0.000000,6.400762,-2.202097,1.522515,-0.042450,-0.089369,-1.781143,6.089795,-8.582128,0.020316,0.018060,-0.087886,0.969976,0.081591,9.622089,-0.114765,-0.675621,1,0,,38.990419,-76.939900,-6.847000,,,
2026-09-11T19:02:36.080,12.330682,1.572529,15.876808,14.560453,0.000000,8.266378,-2.843937,1.570592,-0.056857,-0.119699,-1.784636,6.077293,-8.632297,-0.004177,-0.044476,-0.118215,1.470213,2.804702,13.130614,-0.073453,-0.472133,1,0,,38.990419,-76.939900,-6.847000,,,
2026-09-11T19:02:36.114,12.364109,1.611616,15.930658,14.922366,0.000000,8.979803,-3.089382,1.609273,-0.052770,-0.111094,-1.788494,6.064124,-8.683819,-0.034578,0.009181,-0.109611,4.097513,-4.084568,7.495713,0.142620,-0.717312,1,0,,38.990419,-76.939900,-6.847000,,,
2026-09-11T19:02:36.148,12.397521,1.641037,15.985820,15.194788,0.000000,9.034734,-3.108280,1.638623,-0.058319,-0.122778,-1.792401,6.050489,-8.736370,0.071647,0.044669,-0.121294,2.198945,0.429433,11.838098,0.236436,-0.666186,1,0,,38.990419,-76.939900,-6.847000,,,
2026-09-11T19:02:36.181,12.430946,1.680530,16.042225,15.560460,0.000000,8.473058,-2.915043,1.678355,-0.052394,-0.110302,-1.796296,6.036394,-8.790015,0.083448,0.058829,-0.108819,1.536800,1.150614,16.752897,0.291359,-0.569972,1,1,12.425357,38.990431,-76.939903,-6.983000,-8.284550,5.910752,6.952204
2026-09-11T19:02:36.215,12.464363,1.700413,16.098669,15.744560,0.000000,7.945715,-2.733617,1.698478,-0.033091,-0.069665,-1.799303,6.022303,-8.844668,0.018810,0.011464,-0.068181,1.160225,-0.465816,7.901120,0.326198,-0.583757,1,0,,38.990431,-76.939903,-6.983000,,,
2026-09-11T19:02:36.248,12.497776,1.701076,16.154942,15.750700,0.000000,7.610632,-2.618337,1.699300,-0.024820,-0.052253,-1.801340,6.008446,-8.899724,-0.004528,-0.009356,-0.050770,-0.049131,1.484629,7.284282,0.287924,-0.473116,1,0,,38.990431,-76.939903,-6.983000,,,
2026-09-11T19:02:36.282,12.531189,1.682068,16.211189,15.574701,0.000000,7.440344,-2.559751,1.680389,-0.024005,-0.050538,-1.803057,5.994703,-8.954495,-0.019354,0.054034,-0.049054,-0.483566,-0.710100,11.501337,0.230092,-0.505937,1,0,,38.990431,-76.939903,-6.983000,,,
2026-09-11T19:02:36.315,12.564611,1.624169,16.265334,15.038603,0.000000,7.476049,-2.572035,1.622533,-0.023985,-0.050496,-1.804746,5.981174,-9.008013,-0.014275,0.044710,-0.049012,-0.466797,-2.593271,8.777834,0.183309,-0.660465,1,0,,38.990431,-76.939903,-6.983000,,,
2026-09-11T19:02:36.348,12.598025,1.594744,16.319270,14.766148,0.000000,7.275549,-2.503056,1.593222,-0.023136,-0.048707,-1.806403,5.967910,-9.060081,0.016795,0.097208,-0.047224,-2.051159,-1.212592,5.367180,0.043172,-0.724197,1,0,,38.990431,-76.939903,-6.983000,,,
2026-09-11T19:02:36.381,12.631441,1.585263,16.372877,14.678358,0.000000,7.248083,-2.493606,1.583762,-0.030525,-0.064263,-1.808290,5.954599,-9.111474,0.016055,0.095344,-0.062779,-0.510142,1.648302,6.741287,0.011788,-0.600556,1,0,,38.990431,-76.939903,-6.983000,,,
2026-09-11T19:02:36.415,12.664861,1.565978,16.425004,14.499792,0.000000,7.101141,-2.443053,1.564554,-0.030968,-0.065196,-1.810454,5.941169,-9.162349,-0.042178,-0.069651,-0.063712,0.329503,-3.516174,7.347338,0.042001,-0.812452,1,0,,38.990431,-76.939903,-6.983000,,,
2026-09-11T19:02:36.449,12.698308,1.546924,16.477390,14.323369,0.000000,7.084661,-2.437383,1.545524,-0.031372,-0.066047,-1.812649,5.927756,-9.212612,-0.004463,0.019371,-0.064564,-0.131703,1.913474,10.346604,0.046468,-0.670523,1,0,,38.990431,-76.939903,-6.983000,,,
2026-09-11T19:02:36.482,12.731745,1.557282,16.529342,14.419277,0.000000,7.035909,-2.420611,1.555892,-0.024612,-0.051815,-1.814619,5.914379,-9.262716,-0.093788,-0.036793,-0.050331,-0.138666,1.326153,11.005219,0.051744,-0.569628,1,0,,38.990431,-76.939903,-6.983000,,,
2026-09-11T19:02:36.515,12.765166,1.538197,16.580237,14.242562,0.000000,6.953512,-2.392263,1.536856,-0.013837,-0.029131,-1.815972,5.901245,-9.312706,-0.014352,-0.006162,-0.027648,-0.310086,-1.385385,12.001673,0.044655,-0.647686,1,0,,38.990431,-76.939903,-6.983000,,,
2026-09-11T19:02:36.549,12.798587,1.509308,16.630718,13.975071,0.000000,6.715933,-2.310527,1.508081,-0.027992,-0.058931,-1.817443,5.888181,-9.361887,0.054485,0.039233,-0.057447,-0.209568,1.280356,9.315827,0.038543,-0.549521,1,0,,38.990431,-76.939903,-6.983000,,,
2026-09-11T19:02:36.582,12.832018,1.480577,16.680221,13.709045,0.000000,6.573797,-2.261627,1.479424,-0.019100,-0.040210,-1.819100,5.875185,-9.410110,0.021353,0.046263,-0.038727,-0.130625,-2.298090,16.009160,0.031320,-0.685951,1,0,,38.990431,-76.939903,-6.983000,,,
2026-09-11T19:02:36.615,12.865445,1.461677,16.728796,13.534050,0.000000,6.500326,-2.236351,1.460564,-0.006706,-0.014117,-1.820008,5.862670,-9.457630,0.041871,0.036001,-0.012633,-0.391678,-2.804996,9.678673,0.004094,-0.856186,1,0,,38.990431,-76.939903,-6.983000,,,
2026-09-11T19:02:36.649,12.898870,1.433144,16.777182,13.269855,0.000000,6.552511,-2.254304,1.432035,-0.017743,-0.037354,-1.820869,5.850331,-9.504373,0.022195,-0.025898,-0.035871,1.210435,0.542014,3.447920,0.077750,-0.805771,1,0,,38.990431,-76.939903,-6.983000,,,
2026-09-11T19:02:36.683,12.932293,1.423705,16.825141,13.182452,0.000000,6.596456,-2.269423,1.422588,-0.017095,-0.035990,-1.822094,5.837933,-9.550443,0.030401,-0.010950,-0.034506,0.797085,-1.482177,7.089227,0.120057,-0.887071,1,0,,38.990431,-76.939903,-6.983000,,,
2026-09-11T19:02:36.716,12.965703,1.424065,16.872920,13.185786,0.000000,6.499639,-2.236114,1.422980,-0.020688,-0.043554,-1.823423,5.825471,-9.596318,-0.006224,0.025801,-0.042071,-0.249677,-3.428013,9.702602,0.092228,-1.092631,1,0,,38.990431,-76.939903,-6.983000,,,
2026-09-11T19:02:36.751,12.999457,1.424522,16.921905,13.190017,0.000000,6.509252,-2.239422,1.423434,-0.020986,-0.044180,-1.824904,5.812748,-9.642648,0.025881,-0.000986,-0.042697,0.743442,0.772078,14.664276,0.128752,-1.023420,1,0,,38.990431,-76.939903,-6.983000,,,
2026-09-11T19:02:36.784,13.032876,1.424787,16.969598,13.192471,0.000000,6.508566,-2.239185,1.423699,-0.018815,-0.039610,-1.826304,5.800113,-9.688518,0.030160,-0.109713,-0.038126,0.208097,2.501578,7.558279,0.126159,-0.844164,1,0,,38.990431,-76.939903,-6.983000,,,
2026-09-11T19:02:36.816,13.066297,1.434514,17.017705,13.282534,0.000000,6.266180,-2.155796,1.433498,-0.016578,-0.034900,-1.827549,5.787445,-9.734557,-0.001509,-0.012232,-0.033417,0.766586,1.185526,8.836674,0.156623,-0.752466,1,0,,38.990431,-76.939903,-6.983000,,,
2026-09-11T19:02:36.850,13.099723,1.434852,17.065739,13.285664,0.000000,6.200948,-2.133354,1.433857,-0.037750,-0.079473,-1.829460,5.774354,-9.780664,0.105686,0.156681,-0.077990,2.190511,1.438832,11.440634,0.278954,-0.641244,1,0,,38.990431,-76.939903,-6.983000,,,
2026-09-11T19:02:36.883,13.133135,1.445004,17.113777,13.379663,0.000000,6.165243,-2.121070,1.444014,-0.009486,-0.019971,-1.831122,5.761254,-9.826930,-0.056402,-0.075160,-0.018487,-0.261151,3.756045,5.112893,0.239926,-0.386903,1,0,,38.990431,-76.939903,-6.983000,,,
2026-09-11T19:02:36.917,13.166557,1.455122,17.161899,13.473349,0.000000,6.290212,-2.164064,1.454084,-0.011185,-0.023548,-1.831849,5.748438,-9.873634,-0.061511,-0.030005,-0.022064,-0.612720,1.218967,9.039770,0.176658,-0.299139,1,0,,38.990431,-76.939903,-6.983000,,,
2026-09-11T19:02:36.951,13.199973,1.465206,17.211100,13.566725,0.000000,6.276479,-2.159339,1.464166,-0.017773,-0.037418,-1.832868,5.735362,-9.920609,-0.002187,-0.058044,-0.035934,-1.660070,1.188076,11.031109,0.045015,-0.213031,1,0,,38.990431,-76.939903,-6.983000,,,
2026-09-11T19:02:36.983,13.233389,1.475093,17.260197,13.658271,0.000000,6.106878,-2.100990,1.474102,-0.034834,-0.073335,-1.834718,5.721750,-9.967784,-0.001732,-0.055696,-0.071851,0.096596,2.103330,11.366104,0.028549,-0.065217,1,0,,38.990431,-76.939903,-6.983000,,,
2026-09-11T19:02:37.016,13.266815,1.465780,17.308704,13.572035,0.000000,6.233907,-2.144693,1.464753,-0.027588,-0.058079,-1.836914,5.707878,-10.014914,-0.013921,-0.030790,-0.056596,0.942713,1.159833,13.477770,0.068964,0.018455,1,0,,38.990431,-76.939903,-6.983000,,,
2026-09-11T19:02:37.051,13.300229,1.485397,17.358872,13.753679,0.000000,6.259313,-2.153433,1.484348,-0.028375,-0.059738,-1.838883,5.693972,-10.062191,-0.010671,-0.048807,-0.058254,0.536718,4.603242,8.962788,0.085169,0.324161,1,0,,38.990431,-76.939903,-6.983000,,,
2026-09-11T19:02:37.084,13.333640,1.456856,17.407333,13.489407,0.000000,6.332784,-2.178710,1.455803,-0.015090,-0.031769,-1.840411,5.680226,-10.109350,-0.011007,-0.051847,-0.030285,-0.288610,1.684488,11.397093,0.048423,0.434907,1,0,,38.990431,-76.939903,-6.983000,,,
2026-09-11T19:02:37.117,13.367069,1.438053,17.455826,13.315309,0.000000,6.447454,-2.218161,1.436976,-0.026777,-0.056373,-1.841885,5.666638,-10.155758,0.042876,-0.006171,-0.054890,-0.550349,1.840022,10.799083,-0.003623,0.556803,1,0,,38.990431,-76.939903,-6.983000,,,
2026-09-11T19:02:37.150,13.400482,1.428966,17.504054,13.231165,0.000000,6.488653,-2.232335,1.427881,-0.040289,-0.084819,-1.844244,5.652688,-10.201556,0.013389,-0.048334,-0.083335,0.226239,-0.804832,12.490338,0.000203,0.508789,1,0,,38.990431,-76.939903,-6.983000,,,
2026-09-11T19:02:37.185,13.433902,1.429484,17.552427,13.235967,0.000000,6.529852,-2.246509,1.428386,-0.037422,-0.078784,-1.846977,5.638487,-10.247140,-0.005854,0.011196,-0.077300,0.258896,0.945263,12.696082,0.009867,0.573979,1,1,13.425281,38.990444,-76.939906,-7.391000,-8.558234,7.334232,18.301166
2026-09-11T19:02:37.218,13.467320,1.439941,17.600416,13.332787,0.000000,6.596456,-2.269423,1.438812,-0.027191,-0.057244,-1.849250,5.624332,-10.292923,0.044636,0.028087,-0.055760,0.781492,-4.911367,14.652116,0.055140,0.257570,1,0,,38.990444,-76.939906,-7.391000,,,
2026-09-11T19:02:37.251,13.500737,1.430401,17.648307,13.244449,0.000000,6.772238,-2.329898,1.429218,-0.035592,-0.074930,-1.851459,5.610101,-10.338693,-0.006512,-0.002799,-0.073447,-0.348332,3.698088,10.716315,0.026777,0.503286,1,0,,38.990444,-76.939906,-7.391000,,,
2026-09-11T19:02:37.284,13.534152,1.411015,17.695367,13.064952,0.000000,6.772238,-2.329898,1.409848,-0.032397,-0.068204,-1.853850,5.595817,-10.383939,-0.051451,-0.061966,-0.066721,0.497884,-0.520537,8.205126,0.052867,0.472640,1,0,,38.990444,-76.939906,-7.391000,,,
2026-09-11T19:02:37.319,13.567575,1.401233,17.742607,12.974377,0.000000,6.696707,-2.303913,1.400100,-0.033818,-0.071196,-1.856180,5.581588,-10.428704,-0.028907,0.003797,-0.069713,-0.517203,1.407156,10.585102,0.012328,0.567295,1,0,,38.990444,-76.939906,-7.391000,,,
2026-09-11T19:02:37.352,13.600991,1.411133,17.789687,13.066049,0.000000,6.749578,-2.322103,1.409975,-0.034927,-0.073531,-1.858598,5.567214,-10.473415,-0.056586,-0.036731,-0.072047,-0.414331,-4.006801,10.464578,-0.022974,0.310880,1,0,,38.990444,-76.939906,-7.391000,,,
2026-09-11T19:02:37.384,13.634412,1.392226,17.835625,12.890980,0.000000,6.749578,-2.322103,1.391083,-0.024927,-0.052478,-1.860703,5.552922,-10.517998,0.047637,0.003682,-0.050994,-1.143946,1.439714,12.228010,-0.106405,0.407699,1,0,,38.990444,-76.939906,-7.391000,,,
2026-09-11T19:02:37.417,13.667833,1.353784,17.880492,12.535037,0.000000,6.777044,-2.331552,1.352663,-0.032585,-0.068601,-1.862727,5.538851,-10.561645,0.019260,-0.010315,-0.067117,0.461795,-1.129628,8.664568,-0.086235,0.338478,1,0,,38.990444,-76.939906,-7.391000,,,
2026-09-11T19:02:37.451,13.701247,1.354027,17.926210,12.537291,0.000000,6.772238,-2.329898,1.352908,-0.029091,-0.061244,-1.864896,5.524808,-10.604622,0.027045,0.010228,-0.059760,-0.005688,0.504062,10.001704,-0.096545,0.375081,1,0,,38.990444,-76.939906,-7.391000,,,
2026-09-11T19:02:37.485,13.734661,1.344570,17.971354,12.449719,0.000000,6.705633,-2.306984,1.343480,-0.032579,-0.068588,-1.867065,5.510717,-10.647423,0.020693,-0.057231,-0.067105,0.894072,0.183384,4.746321,-0.049796,0.391135,1,0,,38.990444,-76.939906,-7.391000,,,
2026-09-11T19:02:37.519,13.768088,1.354585,18.017292,12.542455,0.000000,6.788717,-2.335568,1.353460,-0.033318,-0.070143,-1.869384,5.496454,-10.690196,0.028945,0.037240,-0.068659,-0.379615,0.859847,6.793067,-0.088599,0.450975,1,0,,38.990444,-76.939906,-7.391000,,,
2026-09-11T19:02:37.552,13.801500,1.364747,18.062781,12.636545,0.000000,6.948019,-2.390373,1.363559,-0.030896,-0.065044,-1.871642,5.482028,-10.733246,-0.005299,-0.101731,-0.063561,-0.016475,3.406732,7.942700,-0.103491,0.674474,1,0,,38.990444,-76.939906,-7.391000,,,
2026-09-11T19:02:37.586,13.834950,1.355368,18.109102,12.549707,0.000000,6.950079,-2.391082,1.354188,-0.033439,-0.070399,-1.873908,5.467482,-10.776324,0.002021,0.021739,-0.068915,0.088456,-1.996536,1.909943,-0.108930,0.546254,1,0,,38.990444,-76.939906,-7.391000,,,
2026-09-11T19:02:37.618,13.868380,1.346553,18.153945,12.468084,0.000000,7.082601,-2.436675,1.345336,-0.030092,-0.063351,-1.876143,5.452952,-10.819057,-0.061586,-0.129800,-0.061867,0.457382,1.870520,13.282912,-0.089137,0.669169,1,0,,38.990444,-76.939906,-7.391000,,,
2026-09-11T19:02:37.652,13.901791,1.347196,18.200082,12.474036,0.000000,6.684347,-2.299661,1.346111,-0.025578,-0.053848,-1.878101,5.438507,-10.861645,-0.096611,0.070422,-0.052364,-0.602619,0.297338,8.778521,-0.139402,0.688064,1,0,,38.990444,-76.939906,-7.391000,,,
2026-09-11T19:02:37.686,13.935216,1.357650,18.245587,12.570836,0.000000,6.904073,-2.375255,1.356484,-0.018863,-0.039711,-1.879665,5.424103,-10.904460,-0.142152,0.003071,-0.038228,1.871109,-2.250234,10.305122,-0.027707,0.540689,1,0,,38.990444,-76.939906,-7.391000,,,
2026-09-11T19:02:37.719,13.968636,1.358107,18.291143,12.575067,0.000000,6.720739,-2.312181,1.357002,-0.005299,-0.011156,-1.880515,5.409917,-10.947528,-0.040325,0.036332,-0.009672,0.060017,-0.359021,11.729048,-0.032618,0.514834,1,0,,38.990444,-76.939906,-7.391000,,,
2026-09-11T19:02:37.752,14.002047,1.377887,18.336753,12.758215,0.000000,4.916921,-1.691601,1.377287,-0.002208,-0.004647,-1.880779,5.395869,-10.990992,-0.085267,-0.032566,-0.003164,0.547996,-0.434631,11.665599,-0.005271,0.483814,1,0,,38.990444,-76.939906,-7.391000,,,
2026-09-11T19:02:37.786,14.035476,1.368252,18.381863,12.668997,0.000000,2.970281,-1.021886,1.368034,0.009472,0.019940,-1.880523,5.381993,-11.034731,-0.045433,-0.009229,0.021424,0.797183,0.834546,9.859998,0.040426,0.533085,1,0,,38.990444,-76.939906,-7.391000,,,
2026-09-11T19:02:37.819,14.068898,1.348727,18.426953,12.488217,0.000000,1.000295,-0.344138,1.348703,0.002324,0.004894,-1.880108,5.368352,-11.078033,-0.061091,0.008937,0.006377,0.588987,0.621447,7.776772,0.074651,0.569349,1,0,,38.990444,-76.939906,-7.391000,,,
2026-09-11T19:02:37.853,14.102309,1.329387,18.471666,12.309137,0.000000,-0.995783,0.342586,1.329363,0.009861,0.020759,-1.879679,5.354936,-11.120713,-0.040361,0.007262,0.022243,-0.981351,2.600135,9.783212,0.007497,0.731835,1,0,,38.990444,-76.939906,-7.391000,,,
2026-09-11T19:02:37.885,14.135738,1.320097,18.515476,12.223122,0.000000,-2.524943,0.868673,1.319945,0.028423,0.059837,-1.878332,5.342113,-11.163102,-0.034600,0.018302,0.061321,-0.474053,-0.846314,11.394053,-0.027335,0.666224,1,0,,38.990444,-76.939906,-7.391000,,,
2026-09-11T19:02:37.919,14.169159,1.291388,18.558126,11.957297,0.000000,-3.524699,1.212626,1.291099,0.029637,0.062393,-1.876290,5.329872,-11.204993,-0.003466,-0.000503,0.063876,-0.548878,0.300083,9.336421,-0.067872,0.675432,1,0,,38.990444,-76.939906,-7.391000,,,
2026-09-11T19:02:37.953,14.202574,1.262497,18.600901,11.689789,0.000000,-3.889994,1.338301,1.262153,0.025123,0.052890,-1.874364,5.317954,-11.245962,-0.039264,-0.036820,0.054373,0.997434,-1.424318,7.286145,-0.009137,0.573872,1,0,,38.990444,-76.939906,-7.391000,,,
2026-09-11T19:02:37.986,14.236002,1.253044,18.643068,11.602255,0.000000,-3.906473,1.343970,1.252699,0.027335,0.057547,-1.872518,5.306263,-11.286347,-0.019358,-0.003834,0.059030,-0.993414,0.947813,7.725483,-0.079307,0.626575,1,0,,38.990444,-76.939906,-7.391000,,,
2026-09-11T19:02:38.019,14.269450,1.253427,18.684654,11.605806,0.000000,-3.973078,1.366885,1.253070,0.029449,0.061997,-1.870519,5.294757,-11.326653,-0.012007,0.005592,0.063480,0.220159,-0.839842,9.207856,-0.071320,0.562598,1,0,,38.990444,-76.939906,-7.391000,,,
2026-09-11T19:02:38.052,14.302862,1.234358,18.725495,11.429236,0.000000,-3.973078,1.366885,1.234006,0.025430,0.053537,-1.868588,5.283403,-11.366632,0.024262,-0.003752,0.055021,-0.438946,0.702254,9.657883,-0.114188,0.599905,1,0,,38.990444,-76.939906,-7.391000,,,
2026-09-11T19:02:38.087,14.336292,1.215159,18.766189,11.251477,0.000000,-3.973078,1.366885,1.214814,0.011154,0.023482,-1.867301,5.272003,-11.405949,0.019752,0.037025,0.024965,0.577121,-0.183875,11.362671,-0.099548,0.581895,1,0,,38.990444,-76.939906,-7.391000,,,
2026-09-11T19:02:38.121,14.369716,1.206060,18.807235,11.167219,0.000000,-3.876261,1.333576,1.205733,0.014153,0.029796,-1.866411,5.260605,-11.444765,0.026126,-0.009844,0.031279,-0.093555,0.555449,10.737694,-0.133436,0.611451,1,0,,38.990444,-76.939906,-7.391000,,,
2026-09-11T19:02:38.153,14.403129,1.226114,18.848113,11.352911,0.000000,-3.288492,1.131362,1.225875,-0.003129,-0.006587,-1.866023,5.248954,-11.483683,0.039196,0.039701,-0.005104,1.530328,-1.356260,9.734375,-0.064879,0.519848,1,0,,38.990444,-76.939906,-7.391000,,,
2026-09-11T19:02:38.187,14.436556,1.236535,18.889200,11.449401,0.000000,-2.851786,0.981119,1.236354,0.021698,0.045679,-1.865370,5.237291,-11.523148,0.196810,0.188500,0.047163,0.799732,-2.086561,13.767850,-0.048716,0.377785,1,1,14.444038,38.990456,-76.939908,-7.626000,-8.718843,8.654301,6.466739
2026-09-11T19:02:38.221,14.469978,1.256558,18.930245,11.634796,0.000000,-2.207026,0.759298,1.256448,0.002605,0.005484,-1.864515,5.225602,-11.563134,0.102607,-0.052407,0.006968,2.883057,0.646847,9.817045,0.099598,0.417393,1,0,,38.990456,-76.939908,-7.626000,,,
2026-09-11T19:02:38.254,14.503404,1.247209,18.972816,11.548235,0.000000,-0.403895,0.138955,1.247206,-0.020156,-0.042435,-1.865132,5.213195,-11.603098,0.106085,0.069138,-0.040951,0.123956,2.560614,9.871766,0.066351,0.584291,1,0,,38.990456,-76.939908,-7.626000,,,
2026-09-11T19:02:38.287,14.536835,1.286563,19.015808,11.912618,0.000000,3.950811,-1.359224,1.286201,-0.018546,-0.039044,-1.866494,5.200263,-11.643427,0.044150,-0.031185,-0.037560,3.054379,1.450698,6.016282,0.220112,0.677347,1,0,,38.990456,-76.939908,-7.626000,,,
2026-09-11T19:02:38.320,14.570256,1.345065,19.061200,12.454303,0.000000,5.804754,-1.997048,1.344248,-0.028246,-0.059465,-1.868140,5.186670,-11.685236,-0.018983,0.057653,-0.057981,2.417143,0.232025,10.321597,0.328965,0.692413,1,0,,38.990456,-76.939908,-7.626000,,,
2026-09-11T19:02:38.353,14.603665,1.384049,19.107205,12.815265,0.000000,7.053762,-2.426753,1.382807,-0.039841,-0.083875,-1.870535,5.172184,-11.728440,-0.012201,-0.077590,-0.082391,1.756665,-2.553259,13.111884,0.395082,0.529477,1,0,,38.990456,-76.939908,-7.626000,,,
2026-09-11T19:02:38.388,14.637089,1.393767,19.154241,12.905253,0.000000,8.348089,-2.872049,1.392017,-0.045944,-0.096723,-1.873553,5.157055,-11.772299,-0.029072,-0.083483,-0.095240,0.133567,1.554746,6.481607,0.357941,0.635319,1,0,,38.990456,-76.939908,-7.626000,,,
2026-09-11T19:02:38.420,14.670511,1.393747,19.200906,12.905069,0.000000,9.111639,-3.134738,1.391662,-0.050331,-0.105960,-1.876940,5.141576,-11.816195,-0.014050,-0.007545,-0.104476,0.615661,-3.300526,9.972481,0.354964,0.426642,1,0,,38.990456,-76.939908,-7.626000,,,
2026-09-11T19:02:38.454,14.703931,1.403830,19.248040,12.998425,0.000000,9.101339,-3.131195,1.401734,-0.046891,-0.098718,-1.880360,5.125884,-11.860185,0.028660,-0.002097,-0.097235,-0.423941,2.465784,10.266190,0.288466,0.592797,1,0,,38.990456,-76.939908,-7.626000,,,
2026-09-11T19:02:38.488,14.737355,1.394643,19.294763,12.913364,0.000000,8.700338,-2.993236,1.392741,-0.043708,-0.092017,-1.883548,5.110144,-11.904181,0.071987,-0.061980,-0.090533,0.337447,-1.900431,8.370859,0.275718,0.473926,1,0,,38.990456,-76.939908,-7.626000,,,
2026-09-11T19:02:38.521,14.770777,1.414276,19.342230,13.095152,0.000000,8.287664,-2.851261,1.412526,-0.029758,-0.062648,-1.886132,5.094495,-11.948388,0.083886,-0.069607,-0.061165,-0.593008,2.313389,6.115721,0.209039,0.626480,1,0,,38.990456,-76.939908,-7.626000,,,
2026-09-11T19:02:38.553,14.804189,1.424276,19.389272,13.187742,0.000000,8.023992,-2.760548,1.422623,-0.033394,-0.070304,-1.888353,5.078753,-11.993071,0.011224,-0.091396,-0.068820,-0.107383,-0.454636,11.536347,0.185112,0.598985,1,0,,38.990456,-76.939908,-7.626000,,,
2026-09-11T19:02:38.587,14.837609,1.405383,19.436495,13.012802,0.000000,7.980047,-2.745429,1.403770,-0.029967,-0.063087,-1.890582,5.062951,-12.037591,0.006278,-0.033044,-0.061604,-0.154553,0.201625,11.706394,0.168356,0.613510,1,0,,38.990456,-76.939908,-7.626000,,,
2026-09-11T19:02:38.621,14.871032,1.376553,19.482966,12.745860,0.000000,8.118063,-2.792911,1.374918,-0.039766,-0.083718,-1.893036,5.047194,-12.081288,-0.072185,0.013060,-0.082235,-1.261331,0.221042,9.945120,0.085736,0.630849,1,0,,38.990456,-76.939908,-7.626000,,,
2026-09-11T19:02:38.655,14.904445,1.377021,19.528796,12.750198,0.000000,8.310323,-2.859056,1.375307,-0.032273,-0.067943,-1.895569,5.031446,-12.124468,-0.094249,0.002926,-0.066459,0.017946,-1.681644,8.784405,0.089331,0.523505,1,0,,38.990456,-76.939908,-7.626000,,,
2026-09-11T19:02:38.687,14.937869,1.368017,19.574670,12.666821,0.000000,8.243719,-2.836142,1.366341,-0.039370,-0.082885,-1.898090,5.015637,-12.167489,-0.057871,-0.028501,-0.081401,0.411487,0.384519,9.119792,0.121486,0.552300,1,0,,38.990456,-76.939908,-7.626000,,,
2026-09-11T19:02:38.721,14.971288,1.349214,19.619970,12.492722,0.000000,8.025366,-2.761020,1.347648,-0.016375,-0.034475,-1.900051,5.000135,-12.210117,-0.078418,0.003285,-0.032991,-0.891621,1.538663,8.456274,0.068960,0.651126,1,0,,38.990456,-76.939908,-7.626000,,,
2026-09-11T19:02:38.754,15.004701,1.320685,19.663181,12.228565,0.000000,6.497579,-2.235406,1.319680,-0.009986,-0.021022,-1.900978,4.985290,-12.252136,-0.056213,0.049706,-0.019539,-0.406290,-0.771391,9.584333,0.049099,0.598190,1,0,,38.990456,-76.939908,-7.626000,,,
2026-09-11T19:02:38.788,15.038123,1.282358,19.705926,11.873686,0.000000,4.960867,-1.706720,1.281789,-0.006499,-0.013683,-1.901558,4.970923,-12.293168,-0.032211,0.042755,-0.012199,-1.212004,2.036155,13.719504,-0.020186,0.726840,1,0,,38.990456,-76.939908,-7.626000,,,
2026-09-11T19:02:38.824,15.071543,1.253531,19.747511,11.606765,0.000000,3.840948,-1.321427,1.253197,0.000721,0.001519,-1.901761,4.957071,-12.333199,-0.046264,0.030097,0.003002,0.428943,1.453247,12.079439,0.015081,0.815082,1,0,,38.990456,-76.939908,-7.626000,,,
2026-09-11T19:02:38.854,15.104956,1.224266,19.788142,11.335796,0.000000,3.207861,-1.103622,1.224039,0.002928,0.006164,-1.901633,4.943683,-12.372359,0.004733,0.009928,0.007648,-0.498080,-1.773827,10.528322,-0.016285,0.693198,1,0,,38.990456,-76.939908,-7.626000,,,
2026-09-11T19:02:38.888,15.138380,1.214294,19.828988,11.243467,0.000000,3.002554,-1.032989,1.214097,0.000009,0.000018,-1.901530,4.930495,-12.410912,0.048439,0.024850,0.001502,0.195447,0.889267,9.595415,-0.007416,0.745448,1,0,,38.990456,-76.939908,-7.626000,,,
2026-09-11T19:02:38.922,15.171804,1.194847,19.869086,11.063399,0.000000,3.047186,-1.048344,1.194647,-0.010103,-0.021270,-1.901885,4.917257,-12.448928,0.029356,0.018960,-0.019787,0.176029,0.323325,11.103972,-0.003587,0.762140,1,0,,38.990456,-76.939908,-7.626000,,,
2026-09-11T19:02:38.955,15.205226,1.175738,19.908404,10.886462,0.000000,3.212667,-1.105275,1.175519,-0.011064,-0.023293,-1.902630,4.904033,-12.486265,0.031888,0.072367,-0.021810,0.316461,1.064806,6.828371,0.005640,0.826756,1,0,,38.990456,-76.939908,-7.626000,,,
2026-09-11T19:02:38.988,15.238650,1.195387,19.948103,11.068397,0.000000,3.424841,-1.178271,1.195134,0.002559,0.005386,-1.902929,4.890986,-12.523673,0.044391,0.053432,0.006870,1.896312,-0.886227,21.917765,0.114035,0.762213,1,0,,38.990456,-76.939908,-7.626000,,,
2026-09-11T19:02:39.022,15.272076,1.176355,19.986905,10.892174,0.000000,3.673406,-1.263787,1.176069,-0.011121,-0.023412,-1.903230,4.877924,-12.561090,0.036132,0.167566,-0.021929,3.610220,-2.704282,16.091928,0.328573,0.582919,1,0,,38.990456,-76.939908,-7.626000,,,
2026-09-11T19:02:39.055,15.305490,1.186244,20.026668,10.983737,0.000000,4.056555,-1.395604,1.185892,-0.020282,-0.042699,-1.904335,4.864529,-12.598212,0.046498,0.149468,-0.041216,1.130609,1.148555,9.666807,0.375784,0.656426,1,0,,38.990456,-76.939908,-7.626000,,,
2026-09-11T19:02:39.089,15.338915,1.205792,20.067489,11.164738,0.000000,4.666982,-1.605613,1.205318,-0.006359,-0.013387,-1.905272,4.851007,-12.635820,0.033218,0.139077,-0.011903,0.881029,0.103950,9.619932,0.402535,0.659308,1,0,,38.990456,-76.939908,-7.626000,,,
2026-09-11T19:02:39.122,15.372340,1.235335,20.109066,11.438291,0.000000,5.066610,-1.743100,1.234764,-0.017277,-0.036372,-1.906104,4.837231,-12.674205,0.025805,0.151180,-0.034889,0.295376,-0.929180,9.366822,0.389750,0.597163,1,0,,38.990456,-76.939908,-7.626000,,,
2026-09-11T19:02:39.155,15.405752,1.255054,20.151086,11.620869,0.000000,5.810934,-1.999174,1.254290,-0.028643,-0.060300,-1.907719,4.822792,-12.713206,-0.037337,0.134042,-0.058817,1.191508,-0.307537,8.029783,0.435706,0.577931,1,0,,38.990456,-76.939908,-7.626000,,,
2026-09-11T19:02:39.189,15.439189,1.284459,20.194765,11.893142,0.000000,7.203451,-2.478251,1.283258,-0.041387,-0.087130,-1.910183,4.807613,-12.752839,-0.045058,0.158338,-0.085646,1.219751,-0.353726,9.439980,0.483028,0.558250,1,0,,38.990456,-76.939908,-7.626000,,,
2026-09-11T19:02:39.223,15.472613,1.284740,20.236640,11.895743,0.000000,8.187414,-2.816771,1.283188,-0.047738,-0.100501,-1.913319,4.791867,-12.792762,-0.095652,0.122013,-0.099018,-0.126898,0.016181,10.487526,0.443869,0.563841,1,0,,38.990456,-76.939908,-7.626000,,,
2026-09-11T19:02:39.257,15.506024,1.285476,20.280134,11.902554,0.000000,9.566885,-3.291359,1.283355,-0.054051,-0.113792,-1.916899,4.775794,-12.832547,-0.114023,0.177006,-0.112308,-0.871811,-0.950951,11.667952,0.357588,0.507913,1,1,15.490499,38.990468,-76.939908,-7.544000,-8.725469,10.025149,5.660220
2026-09-11T19:02:39.289,15.539444,1.276574,20.322884,11.820127,0.000000,10.331808,-3.554521,1.274118,-0.047595,-0.100200,-1.920475,4.759629,-12.872143,-0.095211,0.143336,-0.098716,-0.259582,-0.501218,10.499000,0.308778,0.480500,1,0,,38.990468,-76.939908,-7.544000,,,
2026-09-11T19:02:39.323,15.572869,1.286935,20.365617,11.916068,0.000000,10.463644,-3.599877,1.284396,-0.051161,-0.107708,-1.923949,4.743360,-12.911721,-0.008777,0.193601,-0.106224,-0.225553,0.531422,9.594434,0.267087,0.520904,1,0,,38.990468,-76.939908,-7.544000,,,
2026-09-11T19:02:39.360,15.606283,1.277496,20.407880,11.828664,0.000000,10.397039,-3.576963,1.275007,-0.054833,-0.115438,-1.927677,4.726836,-12.951199,-0.005269,0.162573,-0.113954,-0.907704,-1.032542,9.826950,0.187986,0.460243,1,0,,38.990468,-76.939908,-7.544000,,,
2026-09-11T19:02:39.391,15.639709,1.268030,20.450548,11.741023,0.000000,10.309149,-3.546725,1.265602,-0.056192,-0.118298,-1.931584,4.710187,-12.990304,0.014692,0.180762,-0.116815,-1.052940,-0.333426,9.626110,0.098523,0.445639,1,0,,38.990468,-76.939908,-7.544000,,,
2026-09-11T19:02:39.423,15.673119,1.239001,20.491363,11.472234,0.000000,10.342108,-3.558065,1.236613,-0.047803,-0.100637,-1.935241,4.693737,-13.028770,0.055711,0.165417,-0.099154,0.312048,-0.354412,10.181558,0.096640,0.428212,1,0,,38.990468,-76.939908,-7.544000,,,
2026-09-11T19:02:39.456,15.706540,1.229291,20.532215,11.382322,0.000000,10.331808,-3.554521,1.226926,-0.056889,-0.119766,-1.938924,4.677360,-13.066579,0.087321,0.172599,-0.118283,-0.615956,0.087083,10.646197,0.031586,0.440995,1,0,,38.990468,-76.939908,-7.544000,,,
2026-09-11T19:02:39.490,15.739958,1.219653,20.572858,11.293084,0.000000,10.331808,-3.554521,1.217307,-0.057487,-0.121025,-1.942948,4.660804,-13.103963,0.131022,0.107792,-0.119542,-1.733227,0.181227,10.603440,-0.112487,0.459751,1,0,,38.990468,-76.939908,-7.544000,,,
2026-09-11T19:02:39.524,15.773372,1.219793,20.613746,11.294383,0.000000,10.473257,-3.603185,1.217382,-0.059053,-0.124323,-1.947047,4.644124,-13.141112,0.125784,0.128978,-0.122840,0.642532,-0.061292,9.020941,-0.111516,0.462869,1,0,,38.990468,-76.939908,-7.544000,,,
2026-09-11T19:02:39.557,15.806791,1.258925,20.655103,11.656712,0.000000,10.913397,-3.754609,1.256223,-0.045152,-0.095056,-1.950712,4.627247,-13.178883,0.242784,0.192919,-0.093573,-2.884528,-6.971450,8.825691,-0.347232,0.016791,1,0,,38.990468,-76.939908,-7.544000,,,
2026-09-11T19:02:39.590,15.840207,1.181256,20.693279,10.937555,0.000000,10.699163,-3.680905,1.178819,-0.061186,-0.128813,-1.954453,4.610442,-13.215977,0.292867,0.233082,-0.127329,1.987416,4.052500,6.072964,-0.272104,0.290990,1,0,,38.990468,-76.939908,-7.544000,,,
2026-09-11T19:02:39.623,15.873651,1.210942,20.733623,11.212429,0.000000,11.745611,-4.040921,1.207932,-0.064289,-0.135345,-1.958870,4.593476,-13.252163,-0.100481,0.039073,-0.133861,-2.477650,-6.681663,6.199274,-0.492870,-0.131898,1,0,,38.990468,-76.939908,-7.544000,,,
2026-09-11T19:02:39.657,15.907071,1.259736,20.775754,11.664219,0.000000,13.152548,-4.524959,1.255809,-0.066151,-0.139266,-1.963459,4.575793,-13.289404,0.072400,0.077126,-0.137782,-1.085106,7.835121,10.867436,-0.626792,0.390212,1,0,,38.990468,-76.939908,-7.544000,,,
2026-09-11T19:02:39.691,15.940496,1.288902,20.819162,11.934275,0.000000,14.067159,-4.839619,1.284306,-0.067557,-0.142225,-1.968163,4.557393,-13.327727,0.135891,-0.105151,-0.140741,2.596016,1.385582,7.190824,-0.526918,0.489759,1,0,,38.990468,-76.939908,-7.544000,,,
2026-09-11T19:02:39.723,15.973907,1.337926,20.864443,12.388205,0.000000,14.452368,-4.972145,1.332891,-0.083570,-0.175937,-1.973478,4.538040,-13.367011,0.120938,0.032935,-0.174454,2.891883,2.759297,7.301149,-0.411412,0.680374,1,0,,38.990468,-76.939908,-7.544000,,,
2026-09-11T19:02:39.757,16.007324,1.406317,20.911768,13.021456,0.000000,16.578222,-5.703517,1.399355,-0.075181,-0.158276,-1.979063,4.517591,-13.407915,0.084443,0.013968,-0.156793,2.757140,-1.168462,9.612871,-0.308964,0.613951,1,0,,38.990468,-76.939908,-7.544000,,,
2026-09-11T19:02:39.791,16.040752,1.494470,20.961792,13.837684,0.000000,19.716192,-6.783094,1.484009,-0.095253,-0.200533,-1.985060,4.495711,-13.450946,0.046998,0.003125,-0.199049,0.526225,0.359512,8.839224,-0.352096,0.652059,1,0,,38.990468,-76.939908,-7.544000,,,
2026-09-11T19:02:39.825,16.074159,1.543525,21.013446,14.291897,0.000000,21.941610,-7.548719,1.530148,-0.112806,-0.237487,-1.992376,4.472099,-13.495548,0.020015,-0.041215,-0.236004,1.089127,-0.575454,9.846465,-0.362062,0.633505,1,0,,38.990468,-76.939908,-7.544000,,,
2026-09-11T19:02:39.858,16.107581,1.611861,21.067312,14.924637,0.000000,23.918463,-8.228829,1.595266,-0.120536,-0.253760,-2.000585,4.446976,-13.541503,-0.045914,-0.026981,-0.252276,1.347532,-2.570617,9.036338,-0.360186,0.488725,1,0,,38.990468,-76.939908,-7.544000,,,
2026-09-11T19:02:39.890,16.141005,1.621835,21.121478,15.016992,0.000000,25.499807,-8.772869,1.602861,-0.129802,-0.273267,-2.009393,4.420697,-13.588229,-0.118466,-0.001249,-0.271783,0.885442,-1.770395,12.796011,-0.386464,0.399475,1,0,,38.990468,-76.939908,-7.544000,,,
2026-09-11T19:02:39.925,16.174415,1.670692,21.177804,15.469372,0.000000,27.368170,-9.415655,1.648184,-0.146916,-0.309297,-2.019125,4.393217,-13.635297,-0.148365,0.000110,-0.307813,-0.060899,-1.145809,7.995362,-0.471933,0.356294,1,0,,38.990468,-76.939908,-7.544000,,,
2026-09-11T19:02:39.958,16.207838,1.680152,21.234229,15.556962,0.000000,28.198327,-9.701259,1.656125,-0.146733,-0.308911,-2.029456,4.364613,-13.682785,-0.115613,-0.009790,-0.307428,-0.687838,2.508345,9.584235,-0.594618,0.550149,1,0,,38.990468,-76.939908,-7.544000,,,
2026-09-11T19:02:39.991,16.241258,1.689694,21.290774,15.645319,0.000000,28.261498,-9.722992,1.665423,-0.139510,-0.293705,-2.039526,4.335510,-13.730288,-0.074345,0.088551,-0.292222,-0.265858,-1.327820,9.342305,-0.684277,0.492172,1,0,,38.990468,-76.939908,-7.544000,,,
2026-09-11T19:02:40.024,16.274674,1.719165,21.348331,15.918195,0.000000,28.147515,-9.683778,1.694669,-0.145395,-0.306095,-2.049547,4.305660,-13.778072,-0.073108,-0.111707,-0.304612,-0.456107,-1.077064,19.082074,-0.777552,0.452982,1,0,,38.990468,-76.939908,-7.544000,,,
2026-09-11T19:02:40.057,16.308093,1.729535,21.405665,16.014209,0.000000,28.142708,-9.682124,1.704899,-0.142088,-0.299132,-2.059660,4.274984,-13.826122,-0.000348,0.018063,-0.297648,2.073910,-0.011082,9.372706,-0.697680,0.482628,1,0,,38.990468,-76.939908,-7.544000,,,
2026-09-11T19:02:40.092,16.341516,1.739438,21.463958,16.105903,0.000000,28.350762,-9.753703,1.714294,-0.140236,-0.295234,-2.069593,4.243746,-13.874197,-0.007483,0.014363,-0.293751,0.498178,1.694001,14.022921,-0.714368,0.622031,1,0,,38.990468,-76.939908,-7.544000,,,
2026-09-11T19:02:40.125,16.374929,1.759471,21.522511,16.291394,0.000000,28.310250,-9.739765,1.734110,-0.142595,-0.300200,-2.079541,4.211795,-13.922370,0.074370,0.181463,-0.298717,-0.501316,-1.893664,2.485397,-0.791104,0.528698,1,0,,38.990468,-76.939908,-7.544000,,,
2026-09-11T19:02:40.158,16.408352,1.788935,21.582048,16.564215,0.000000,28.100136,-9.667478,1.763530,-0.137984,-0.290493,-2.089412,4.178989,-13.970971,0.022815,-0.032004,-0.289010,1.815897,-2.834416,14.301332,-0.712795,0.374965,1,0,,38.990468,-76.939908,-7.544000,,,
2026-09-11T19:02:40.192,16.441779,1.808883,21.642516,16.748921,0.000000,27.903069,-9.599680,1.783554,-0.146212,-0.307814,-2.099412,4.145231,-14.019934,-0.031443,-0.158536,-0.306330,1.427848,-2.380957,7.770692,-0.656408,0.254638,1,1,16.421144,38.990482,-76.939906,-7.541000,-8.552760,11.493664,3.276715
2026-09-11T19:02:40.225,16.475188,1.828776,21.703869,16.933114,0.000000,28.063057,-9.654722,1.802874,-0.154539,-0.325345,-2.109988,4.110418,-14.068948,-0.107009,-0.242888,-0.323862,0.779334,0.762075,13.364405,-0.638774,0.341434,1,0,,38.990482,-76.939906,-7.541000,,,
2026-09-11T19:02:40.259,16.508612,1.858692,21.766469,17.210115,0.000000,28.663186,-9.861188,1.831231,-0.157130,-0.330800,-2.120954,4.074493,-14.118191,-0.027189,-0.164595,-0.329316,-1.498456,-0.894563,8.855601,-0.764274,0.321348,1,0,,38.990482,-76.939906,-7.541000,,,
2026-09-11T19:02:40.292,16.542040,1.868829,21.828813,17.303974,0.000000,31.793603,-10.938166,1.834877,-0.183009,-0.385281,-2.132922,4.037319,-14.167228,-0.153725,-0.228505,-0.383798,-0.556233,-0.757073,10.035341,-0.822204,0.316928,1,0,,38.990482,-76.939906,-7.541000,,,
2026-09-11T19:02:40.325,16.575451,1.868655,21.891490,17.302364,0.000000,33.032998,-11.364563,1.832017,-0.193936,-0.408285,-2.146179,3.999023,-14.215448,-0.130965,-0.216872,-0.406802,0.524067,-0.592616,10.097908,-0.804361,0.325851,1,0,,38.990482,-76.939906,-7.541000,,,
2026-09-11T19:02:40.359,16.608874,1.887952,21.954775,17.481038,0.000000,34.090432,-11.728360,1.848536,-0.203713,-0.428869,-2.160170,3.959642,-14.263159,-0.128950,-0.156971,-0.427385,-0.324796,-1.597209,7.444424,-0.836831,0.272571,1,0,,38.990482,-76.939906,-7.541000,,,
2026-09-11T19:02:40.393,16.642299,1.878289,22.017949,17.391564,0.000000,35.390938,-12.175782,1.836037,-0.204358,-0.430228,-2.174527,3.919409,-14.310269,-0.109428,0.040616,-0.428744,2.150108,-2.209634,13.522292,-0.700716,0.180065,1,0,,38.990482,-76.939906,-7.541000,,,
2026-09-11T19:02:40.425,16.675718,1.878774,22.080626,17.396052,0.000000,35.702675,-12.283031,1.835766,-0.209166,-0.440350,-2.189074,3.878553,-14.356556,-0.108015,-0.048362,-0.438866,-2.780578,-0.734616,4.291586,-0.873416,0.185227,1,0,,38.990482,-76.939906,-7.541000,,,
2026-09-11T19:02:40.459,16.709143,1.869295,22.143340,17.308283,0.000000,35.709542,-12.285393,1.826487,-0.201441,-0.424085,-2.203521,3.837155,-14.402157,-0.096901,-0.171932,-0.422602,-0.690094,-1.487178,14.851289,-0.895303,0.139445,1,0,,38.990482,-76.939906,-7.541000,,,
2026-09-11T19:02:40.495,16.742562,1.830809,22.205328,16.951936,0.000000,33.815774,-11.633867,1.793197,-0.185629,-0.390799,-2.217137,3.795871,-14.446829,-0.015654,-0.176606,-0.389315,-0.601148,-1.441774,10.183814,-0.898250,0.092342,1,0,,38.990482,-76.939906,-7.541000,,,
2026-09-11T19:02:40.526,16.775981,1.831165,22.266030,16.955235,0.000000,32.825631,-11.293222,1.795710,-0.175193,-0.368828,-2.229830,3.754660,-14.490810,0.027769,-0.187762,-0.367344,-0.230064,2.612590,6.093950,-0.867668,0.305591,1,0,,38.990482,-76.939906,-7.541000,,,
2026-09-11T19:02:40.559,16.809396,1.783330,22.325324,16.512315,0.000000,31.224373,-10.742330,1.752078,-0.152896,-0.321885,-2.241370,3.713782,-14.534084,0.024241,-0.181399,-0.320402,0.816894,0.583005,13.910341,-0.765210,0.378792,1,0,,38.990482,-76.939906,-7.541000,,,
2026-09-11T19:02:40.594,16.842811,1.764607,22.383209,16.338953,0.000000,30.769814,-10.585945,1.734574,-0.131544,-0.276935,-2.251375,3.673646,-14.576571,-0.008629,-0.281794,-0.275451,0.109540,-0.230652,10.149589,-0.706059,0.393135,1,0,,38.990482,-76.939906,-7.541000,,,
2026-09-11T19:02:40.628,16.876229,1.735981,22.441665,16.073902,0.000000,30.651024,-10.545077,1.706663,-0.139170,-0.292988,-2.260898,3.633752,-14.618225,0.057901,-0.178301,-0.291505,-1.253682,-0.941536,7.272906,-0.735085,0.362598,1,0,,38.990482,-76.939906,-7.541000,,,
2026-09-11T19:02:40.659,16.909648,1.687914,22.497730,15.628836,0.000000,30.747155,-10.578150,1.659229,-0.128538,-0.270607,-2.270315,3.594310,-14.658568,0.101578,-0.304251,-0.269124,-0.326169,1.835315,4.014843,-0.707859,0.508764,1,0,,38.990482,-76.939906,-7.541000,,,
2026-09-11T19:02:40.693,16.943061,1.600877,22.551465,14.822936,0.000000,30.923623,-10.638861,1.573359,-0.133364,-0.280766,-2.279527,3.556020,-14.696901,0.211386,-0.021248,-0.279282,-3.627774,0.928396,8.792348,-0.900291,0.594148,1,0,,38.990482,-76.939906,-7.541000,,,
2026-09-11T19:02:40.727,16.976476,1.513735,22.601409,14.016067,0.000000,31.032113,-10.676186,1.487532,-0.118890,-0.250295,-2.288399,3.519380,-14.732824,0.200435,0.065379,-0.248812,-2.173938,-1.480510,11.807207,-1.006111,0.518259,1,0,,38.990482,-76.939906,-7.541000,,,
2026-09-11T19:02:40.760,17.009886,1.445738,22.649509,13.386465,0.000000,31.073998,-10.690596,1.420645,-0.135564,-0.285398,-2.297348,3.484086,-14.766474,0.169475,0.063606,-0.283915,-0.753347,-5.661673,10.254030,-1.026226,0.174910,1,0,,38.990482,-76.939906,-7.541000,,,
2026-09-11T19:02:40.793,17.043297,1.397388,22.696543,12.938776,0.000000,31.381615,-10.796427,1.372653,-0.129526,-0.272687,-2.306671,3.449631,-14.798254,0.139008,0.040846,-0.271203,0.639296,-2.787442,8.654957,-0.962576,0.019259,1,0,,38.990482,-76.939906,-7.541000,,,
2026-09-11T19:02:40.827,17.076710,1.378304,22.742887,12.762076,0.000000,32.480935,-11.174633,1.352173,-0.139376,-0.293422,-2.316129,3.415603,-14.828821,0.108612,-0.025198,-0.291939,0.342252,-4.916466,7.998010,-0.926775,-0.270948,1,0,,38.990482,-76.939906,-7.541000,,,
2026-09-11T19:02:40.861,17.110121,1.359492,22.788936,12.587886,0.000000,34.441308,-11.849074,1.330524,-0.157785,-0.332179,-2.326580,3.381408,-14.858209,-0.076882,0.011421,-0.330695,0.535835,-0.744913,8.891886,-0.884623,-0.285160,1,0,,38.990482,-76.939906,-7.541000,,,
2026-09-11T19:02:40.894,17.143579,1.379376,22.835114,12.772001,0.000000,37.009362,-12.732579,1.345456,-0.173787,-0.365867,-2.338258,3.346501,-14.886777,-0.047861,0.134284,-0.364384,2.891000,1.250838,12.614098,-0.696728,-0.166698,1,0,,38.990482,-76.939906,-7.541000,,,
2026-09-11T19:02:40.927,17.176995,1.418548,22.881447,13.134700,0.000000,38.288582,-13.172677,1.381222,-0.152472,-0.320993,-2.349734,3.310779,-14.915572,-0.068944,0.011691,-0.319510,1.233873,-1.714889,5.166830,-0.624974,-0.244730,1,0,,38.990482,-76.939906,-7.541000,,,
2026-09-11T19:02:40.960,17.210409,1.467256,22.930807,13.585703,0.000000,40.138405,-13.809084,1.424847,-0.181895,-0.382938,-2.361494,3.273695,-14.944789,-0.033419,-0.082570,-0.381454,3.288758,-0.314597,4.347582,-0.429402,-0.224689,1,0,,38.990482,-76.939906,-7.541000,,,
2026-09-11T19:02:40.993,17.243822,1.535568,22.982018,14.218222,0.000000,41.931923,-14.426120,1.487151,-0.217392,-0.457667,-2.375538,3.234214,-14.973978,0.070775,0.089011,-0.456184,0.441495,1.556119,18.098075,-0.427249,-0.075124,1,0,,38.990482,-76.939906,-7.541000,,,
2026-09-11T19:02:41.027,17.277232,1.565075,23.034815,14.491432,0.000000,44.927071,-15.456561,1.508470,-0.218059,-0.459072,-2.390852,3.192883,-15.003112,0.117389,0.066883,-0.457589,1.016067,0.424040,11.348550,-0.391405,0.000315,1,0,,38.990482,-76.939906,-7.541000,,,
2026-09-11T19:02:41.061,17.310664,1.614225,23.089168,14.946523,0.000000,48.039635,-16.527397,1.547531,-0.245687,-0.517236,-2.407172,3.150007,-15.031936,0.009697,0.184009,-0.515753,2.768417,1.445794,8.123927,-0.245266,0.148083,1,0,,38.990482,-76.939906,-7.541000,,,
2026-09-11T19:02:41.096,17.344076,1.653555,23.144362,15.310693,0.000000,53.109139,-18.271493,1.570185,-0.269169,-0.566673,-2.425280,3.105330,-15.060048,-0.013211,-0.147668,-0.565189,-0.398150,-0.612523,6.925358,-0.307707,0.166762,1,0,,38.990482,-76.939906,-7.541000,,,
2026-09-11T19:02:41.127,17.377496,1.693023,23.200413,15.676143,0.000000,57.968529,-19.943301,1.591494,-0.285622,-0.601310,-2.444797,3.059130,-15.087290,0.101068,0.014556,-0.599827,0.345684,0.550741,8.099705,-0.320276,0.264851,1,0,,38.990482,-76.939906,-7.541000,,,
2026-09-11T19:02:41.165,17.410908,1.702926,23.258051,15.767836,0.000000,59.809426,-20.576637,1.594285,-0.327454,-0.689377,-2.466359,3.011468,-15.113072,0.016340,0.142686,-0.687893,-0.728634,1.517579,11.826526,-0.397152,0.433567,1,0,,38.990482,-76.939906,-7.541000,,,
2026-09-11T19:02:41.195,17.444322,1.673660,23.314294,15.496847,0.000000,61.553505,-21.176665,1.560639,-0.322606,-0.679171,-2.489223,2.963267,-15.136996,0.012123,0.035792,-0.677687,-1.158165,4.348367,10.498804,-0.495576,0.781024,1,1,17.438791,38.990494,-76.939898,-7.681000,-7.885980,12.865253,3.055945
2026-09-11T19:02:41.228,17.477731,1.663755,23.369208,15.405138,0.000000,61.359185,-21.109811,1.552103,-0.313334,-0.659651,-2.511588,2.915245,-15.159586,0.014307,-0.096269,-0.658167,-0.504944,5.443181,9.484109,-0.543611,1.193096,1,0,,38.990494,-76.939898,-7.681000,,,
2026-09-11T19:02:41.261,17.511146,1.615596,23.423238,14.959227,0.000000,58.649682,-20.177643,1.516444,-0.294621,-0.620254,-2.532972,2.867607,-15.181081,0.178828,0.127765,-0.618771,-0.452087,0.274978,12.734229,-0.580341,1.260914,1,0,,38.990494,-76.939898,-7.681000,,,
2026-09-11T19:02:41.294,17.544558,1.587071,23.476637,14.695106,0.000000,58.253487,-20.041337,1.490967,-0.276065,-0.581189,-2.553043,2.820731,-15.201518,0.139496,0.028092,-0.579706,-1.189056,-1.571418,7.010578,-0.659340,1.203728,1,0,,38.990494,-76.939898,-7.681000,,,
2026-09-11T19:02:41.328,17.577970,1.587635,23.530250,14.700328,0.000000,58.345498,-20.072992,1.491196,-0.292424,-0.615629,-2.573037,2.773830,-15.220807,0.047382,-0.023864,-0.614146,-1.754312,5.489567,11.753761,-0.769592,1.607365,1,0,,38.990494,-76.939898,-7.681000,,,
2026-09-11T19:02:41.361,17.611382,1.578016,23.582899,14.611256,0.000000,59.249123,-20.383873,1.479200,-0.264283,-0.556386,-2.592617,2.726822,-15.239232,0.002702,0.006980,-0.554902,-0.875636,-5.873007,11.685702,-0.819342,1.265196,1,0,,38.990494,-76.939898,-7.681000,,,
2026-09-11T19:02:41.394,17.644797,1.568574,23.635102,14.523833,0.000000,59.878777,-20.600497,1.468274,-0.286219,-0.602566,-2.611980,2.679850,-15.256627,-0.062338,0.135756,-0.601083,1.969764,-6.373734,14.183260,-0.684170,0.898431,1,0,,38.990494,-76.939898,-7.681000,,,
2026-09-11T19:02:41.428,17.678208,1.549746,23.687139,14.349500,0.000000,59.672097,-20.529391,1.451325,-0.292656,-0.616117,-2.632339,2.632715,-15.272444,-0.062234,0.031347,-0.614634,-2.157659,4.309140,11.069551,-0.820062,1.227479,1,0,,38.990494,-76.939898,-7.681000,,,
2026-09-11T19:02:41.461,17.711622,1.559974,23.739618,14.444200,0.000000,58.697060,-20.193943,1.464081,-0.254104,-0.534955,-2.651569,2.585581,-15.287762,-0.142283,-0.047609,-0.533472,0.682641,-4.828206,6.906137,-0.773983,0.954562,1,0,,38.990494,-76.939898,-7.681000,,,
2026-09-11T19:02:41.495,17.745033,1.541245,23.790955,14.270786,0.000000,58.070839,-19.978500,1.448494,-0.241383,-0.508175,-2.668996,2.538621,-15.302953,-0.059675,0.046607,-0.506692,-0.505925,-5.879283,8.290542,-0.808794,0.613662,1,0,,38.990494,-76.939898,-7.681000,,,
2026-09-11T19:02:41.528,17.778442,1.522361,23.841503,14.095938,0.000000,57.114342,-19.649430,1.433711,-0.233618,-0.491827,-2.685700,2.492019,-15.317417,-0.086717,-0.004188,-0.490344,-1.342727,-1.367733,6.898782,-0.902493,0.566390,1,0,,38.990494,-76.939898,-7.681000,,,
2026-09-11T19:02:41.561,17.811855,1.513100,23.891712,14.010183,0.000000,54.988488,-18.918058,1.431367,-0.222252,-0.467900,-2.701734,2.445578,-15.331281,-0.033765,-0.053010,-0.466416,-2.360068,-7.252606,9.712114,-1.065620,0.136662,1,0,,38.990494,-76.939898,-7.681000,,,
2026-09-11T19:02:41.595,17.845268,1.503639,23.942205,13.922580,0.000000,53.559578,-18.426460,1.426547,-0.205946,-0.433570,-2.716794,2.399227,-15.344791,-0.042003,-0.111278,-0.432087,-1.203668,-2.659858,8.625341,-1.154056,0.005477,1,0,,38.990494,-76.939898,-7.681000,,,
2026-09-11T19:02:41.629,17.878679,1.513559,23.993163,14.014435,0.000000,52.936104,-18.211963,1.437740,-0.223677,-0.470899,-2.731904,2.352577,-15.357618,0.002306,0.003491,-0.469415,-0.517693,1.904059,11.478586,-1.197291,0.174759,1,0,,38.990494,-76.939898,-7.681000,,,
2026-09-11T19:02:41.662,17.912093,1.523299,24.044084,14.104623,0.000000,53.090600,-18.265115,1.446550,-0.222781,-0.469012,-2.747607,2.305312,-15.369598,0.090587,-0.024641,-0.467528,0.817777,-1.569554,6.224183,-1.156503,0.117562,1,0,,38.990494,-76.939898,-7.681000,,,
2026-09-11T19:02:41.695,17.945506,1.523814,24.095464,14.109388,0.000000,53.490227,-18.402601,1.445889,-0.236755,-0.498431,-2.763770,2.257656,-15.380673,0.068951,0.082077,-0.496948,-0.123564,-2.080481,12.624787,-1.179557,0.030677,1,0,,38.990494,-76.939898,-7.681000,,,
2026-09-11T19:02:41.729,17.978919,1.533897,24.146521,14.202747,0.000000,53.486107,-18.401184,1.455468,-0.219993,-0.463143,-2.779834,2.209702,-15.391076,-0.097399,-0.046248,-0.461659,1.607800,-3.626205,6.226340,-1.091040,-0.158251,1,0,,38.990494,-76.939898,-7.681000,,,
2026-09-11T19:02:41.763,18.012331,1.534360,24.198314,14.207035,0.000000,53.588418,-18.436382,1.455609,-0.225415,-0.474557,-2.795499,2.161507,-15.400951,0.001237,-0.087870,-0.473074,1.318602,-3.135774,6.686174,-1.023616,-0.312282,1,0,,38.990494,-76.939898,-7.681000,,,
2026-09-11T19:02:41.795,18.045746,1.553972,24.250294,14.388625,0.000000,53.661889,-18.461659,1.473998,-0.253694,-0.534092,-2.812351,2.112677,-15.409610,0.035704,-0.043131,-0.532609,0.639099,5.547426,15.591691,-1.002658,0.103377,1,0,,38.990494,-76.939898,-7.681000,,,
2026-09-11T19:02:41.829,18.079159,1.583227,24.303810,14.659507,0.000000,53.486107,-18.401184,1.502276,-0.242412,-0.510340,-2.829800,2.062875,-15.417405,-0.043122,0.030184,-0.508857,1.349885,0.956835,12.769730,-0.938192,0.216107,1,0,,38.990494,-76.939898,-7.681000,,,
2026-09-11T19:02:41.863,18.112573,1.573957,24.356115,14.573677,0.000000,53.932427,-18.554734,1.492143,-0.236226,-0.497319,-2.846635,2.012744,-15.424721,-0.053023,-0.023780,-0.495835,0.213883,-1.422749,6.979687,-0.949257,0.172062,1,0,,38.990494,-76.939898,-7.681000,,,
2026-09-11T19:02:41.897,18.145983,1.564757,24.408659,14.488490,0.000000,54.450844,-18.733089,1.481864,-0.246148,-0.518207,-2.863599,1.962814,-15.431030,0.074992,0.022340,-0.516723,-0.219179,0.669892,14.485991,-0.991010,0.265542,1,0,,38.990494,-76.939898,-7.681000,,,
2026-09-11T19:02:41.929,18.179397,1.594855,24.461101,14.767176,0.000000,55.070885,-18.946405,1.508450,-0.249982,-0.526278,-2.881050,1.912452,-15.436327,-0.012879,0.016345,-0.524795,0.624487,-5.222237,5.493882,-0.981238,-0.021494,1,0,,38.990494,-76.939898,-7.681000,,,
2026-09-11T19:02:41.963,18.212811,1.604859,24.514944,14.859803,0.000000,55.603035,-19.129485,1.516239,-0.264280,-0.556379,-2.899137,1.861374,-15.440579,-0.065459,0.004889,-0.554895,0.894661,1.043820,8.460001,-0.957666,0.103226,1,0,,38.990494,-76.939898,-7.681000,,,
2026-09-11T19:02:41.996,18.246226,1.605217,24.568377,14.863123,0.000000,55.664147,-19.150509,1.516385,-0.255182,-0.537225,-2.917409,1.810074,-15.443850,-0.022084,0.089871,-0.535741,-0.595166,0.264485,11.269606,-1.034332,0.174279,1,0,,38.990494,-76.939898,-7.681000,,,
2026-09-11T19:02:42.030,18.279639,1.595928,24.621657,14.777114,0.000000,55.661400,-19.149564,1.507618,-0.257509,-0.542125,-2.935441,1.758892,-15.446270,-0.015411,-0.135164,-0.540642,2.244546,-2.472257,5.927434,-0.926997,0.067674,1,0,,38.990494,-76.939898,-7.681000,,,
2026-09-11T19:02:42.064,18.313052,1.615615,24.676428,14.959401,0.000000,55.563210,-19.115783,1.526528,-0.259021,-0.545308,-2.953608,1.707495,-15.447729,-0.074182,0.123014,-0.543824,-1.543469,-6.135825,11.934987,-1.063532,-0.273767,1,0,,38.990494,-76.939898,-7.681000,,,
2026-09-11T19:02:42.096,18.346463,1.625336,24.730189,15.049409,0.000000,55.712899,-19.167282,1.535234,-0.253691,-0.534087,-2.971640,1.655641,-15.448405,-0.023263,-0.017542,-0.532604,0.478074,1.749114,1.315170,-1.066073,-0.102169,1,0,,38.990494,-76.939898,-7.681000,,,
2026-09-11T19:02:42.131,18.379875,1.644881,24.785177,15.230375,0.000000,55.818642,-19.203661,1.553352,-0.268231,-0.564697,-2.989997,1.603316,-15.448055,-0.141237,0.084678,-0.563213,-0.032068,-4.786234,8.629362,-1.101694,-0.351534,1,0,,38.990494,-76.939898,-7.681000,,,
2026-09-11T19:02:42.164,18.413287,1.693868,24.841587,15.683963,0.000000,56.124199,-19.308784,1.598588,-0.275587,-0.580182,-3.009123,1.549907,-15.446508,-0.087253,-0.183156,-0.578699,2.125493,5.350606,9.256595,-0.995014,0.060855,1,0,,38.990494,-76.939898,-7.681000,,,
2026-09-11T19:02:42.198,18.446701,1.713409,24.898933,15.864894,0.000000,56.430443,-19.414143,1.615985,-0.282650,-0.595052,-3.028757,1.495467,-15.443820,0.036275,0.040625,-0.593569,1.455993,-0.463560,11.723556,-0.929446,0.094784,1,0,,38.990494,-76.939898,-7.681000,,,
2026-09-11T19:02:42.230,18.480115,1.762271,24.957866,16.317328,0.000000,56.204537,-19.336423,1.662863,-0.288245,-0.606831,-3.048837,1.440001,-15.439946,-0.031115,0.028071,-0.605348,1.487080,-2.958764,10.543522,-0.859867,-0.030010,1,1,18.479879,38.990501,-76.939884,-7.632000,-6.660165,13.679200,4.099655
2026-09-11T19:02:42.263,18.513527,1.781990,25.017471,16.499907,0.000000,56.269768,-19.358865,1.681238,-0.282367,-0.594457,-3.068906,1.383539,-15.435059,-0.110487,-0.097316,-0.592973,1.738033,-2.014678,9.987877,-0.770741,-0.092970,1,0,,38.990501,-76.939884,-7.632000,,,
2026-09-11T19:02:42.298,18.547014,1.792226,25.077507,16.594682,0.000000,56.444176,-19.418868,1.690272,-0.294574,-0.620156,-3.089243,1.326599,-15.428943,0.088070,-0.008002,-0.618672,0.982038,-0.957521,7.624474,-0.725846,-0.083668,1,0,,38.990501,-76.939884,-7.632000,,,
2026-09-11T19:02:42.331,18.580427,1.792746,25.137374,16.599503,0.000000,56.422204,-19.411309,1.690841,-0.282996,-0.595781,-3.109557,1.269758,-15.421686,-0.002980,-0.029678,-0.594298,0.867496,-5.791023,3.749867,-0.684339,-0.389813,1,0,,38.990501,-76.939884,-7.632000,,,
2026-09-11T19:02:42.364,18.613856,1.783463,25.196931,16.513548,0.000000,56.401604,-19.404222,1.682159,-0.283516,-0.596875,-3.129492,1.213186,-15.413465,0.004184,0.058088,-0.595392,0.284393,-2.441464,4.733376,-0.676666,-0.476146,1,0,,38.990501,-76.939884,-7.632000,,,
2026-09-11T19:02:42.399,18.647276,1.774307,25.256422,16.428765,0.000000,56.821831,-19.548795,1.672030,-0.295023,-0.621101,-3.149844,1.157125,-15.403908,0.087607,0.039066,-0.619617,-1.522384,1.436184,14.680457,-0.780400,-0.308361,1,0,,38.990501,-76.939884,-7.632000,,,
2026-09-11T19:02:42.431,18.680700,1.765142,25.315346,16.343906,0.000000,57.090996,-19.641398,1.662437,-0.297981,-0.627329,-3.170708,1.101598,-15.392960,-0.094432,-0.106728,-0.625845,0.384323,-2.449505,3.686320,-0.755269,-0.393586,1,0,,38.990501,-76.939884,-7.632000,,,
2026-09-11T19:02:42.466,18.714119,1.755564,25.373795,16.255222,0.000000,56.889809,-19.572182,1.654128,-0.302008,-0.635807,-3.191814,1.046625,-15.380747,-0.117873,-0.137698,-0.634324,-2.131279,2.435972,4.635604,-0.886863,-0.161179,1,0,,38.990501,-76.939884,-7.632000,,,
2026-09-11T19:02:42.498,18.747536,1.726439,25.431410,15.985549,0.000000,56.468895,-19.427372,1.628142,-0.272932,-0.574593,-3.212038,0.992459,-15.367856,-0.129989,0.010545,-0.573110,0.026086,-2.173840,7.797954,-0.872762,-0.237128,1,0,,38.990501,-76.939884,-7.632000,,,
2026-09-11T19:02:42.531,18.780950,1.668370,25.486748,15.447872,0.000000,53.705834,-18.476778,1.582369,-0.241380,-0.508169,-3.230128,0.939670,-15.355038,-0.108146,-0.014835,-0.506686,-0.293807,0.723339,7.211222,-0.877864,-0.133303,1,0,,38.990501,-76.939884,-7.632000,,,
2026-09-11T19:02:42.565,18.814371,1.620279,25.541033,15.002586,0.000000,48.467415,-16.674570,1.552146,-0.219822,-0.462784,-3.246353,0.888277,-15.342317,-0.126836,0.026525,-0.461301,0.764036,3.060950,12.606253,-0.813882,0.115093,1,0,,38.990501,-76.939884,-7.632000,,,
2026-09-11T19:02:42.598,18.847798,1.591497,25.594133,14.736084,0.000000,43.232430,-14.873542,1.538174,-0.185227,-0.389952,-3.260605,0.837703,-15.329825,-0.190181,-0.064588,-0.388469,1.382738,-8.496776,3.525589,-0.715382,-0.394872,1,0,,38.990501,-76.939884,-7.632000,,,
2026-09-11T19:02:42.631,18.881225,1.552951,25.645936,14.379175,0.000000,38.517922,-13.251579,1.511600,-0.157937,-0.332498,-3.272680,0.787841,-15.317779,-0.060932,0.056351,-0.331015,-0.845039,6.553686,9.874904,-0.768239,0.068563,1,0,,38.990501,-76.939884,-7.632000,,,
2026-09-11T19:02:42.664,18.914651,1.543689,25.697256,14.293420,0.000000,32.348412,-11.129041,1.514660,-0.133435,-0.280916,-3.282932,0.738392,-15.306086,-0.043092,0.065996,-0.279433,1.561415,-2.193846,7.402354,-0.667779,-0.044248,1,0,,38.990501,-76.939884,-7.632000,,,
2026-09-11T19:02:42.697,18.948076,1.534426,25.748322,14.207645,0.000000,31.354836,-10.787214,1.507311,-0.122190,-0.257242,-3.291926,0.689044,-15.294520,-0.089908,-0.063581,-0.255758,-2.882174,6.069826,12.785910,-0.857177,0.376516,1,0,,38.990501,-76.939884,-7.632000,,,
2026-09-11T19:02:42.732,18.981499,1.506057,25.799109,13.944972,0.000000,30.648964,-10.544369,1.480625,-0.117261,-0.246865,-3.300350,0.640321,-15.282882,-0.039235,0.078750,-0.245381,-0.027164,-6.317052,6.814347,-0.861253,-0.010389,1,0,,38.990501,-76.939884,-7.632000,,,
2026-09-11T19:02:42.765,19.014919,1.525940,25.849740,14.129072,0.000000,30.248650,-10.406646,1.500839,-0.134429,-0.283009,-3.309204,0.591848,-15.270637,0.089982,0.121380,-0.281526,-3.059185,4.850075,11.812797,-1.065483,0.333406,1,0,,38.990501,-76.939884,-7.632000,,,
2026-09-11T19:02:42.798,19.048345,1.507145,25.900307,13.955051,0.000000,30.217751,-10.396015,1.482404,-0.123321,-0.259623,-3.318273,0.543464,-15.257854,0.078944,-0.037578,-0.258139,0.973604,1.034896,10.077314,-1.010800,0.423975,1,0,,38.990501,-76.939884,-7.632000,,,
2026-09-11T19:02:42.831,19.081758,1.527129,25.951433,14.140086,0.000000,30.534981,-10.505154,1.501532,-0.135671,-0.285622,-3.327382,0.495210,-15.244611,-0.091539,-0.081357,-0.284139,0.142785,4.265501,6.008142,-1.013447,0.725347,1,0,,38.990501,-76.939884,-7.632000,,,
2026-09-11T19:02:42.865,19.115181,1.576313,26.004496,14.595487,0.000000,30.957955,-10.650673,1.549156,-0.163022,-0.343205,-3.337891,0.446108,-15.230026,0.049585,-0.008397,-0.341721,-1.186997,10.572451,10.952557,-1.104212,1.438304,1,0,,38.990501,-76.939884,-7.632000,,,
2026-09-11T19:02:42.899,19.148592,1.605641,26.057915,14.867048,0.000000,31.691292,-10.902968,1.576658,-0.154498,-0.325259,-3.349058,0.396014,-15.214357,-0.078265,-0.109451,-0.323775,0.602815,2.305249,-2.741645,-1.078491,1.607092,1,0,,38.990501,-76.939884,-7.632000,,,
2026-09-11T19:02:42.933,19.182004,1.605643,26.111499,14.867067,0.000000,31.821068,-10.947615,1.576423,-0.160117,-0.337089,-3.360123,0.345642,-15.198085,-0.150574,-0.022907,-0.335606,2.731740,-6.396388,12.046783,-0.917518,1.212201,1,0,,38.990501,-76.939884,-7.632000,,,
2026-09-11T19:02:42.965,19.215431,1.605800,26.165542,14.868516,0.000000,31.975564,-11.000767,1.576293,-0.162372,-0.341835,-3.371470,0.295467,-15.181115,-0.031336,-0.007113,-0.340351,-1.213181,6.850730,11.605582,-1.018308,1.679489,1,0,,38.990501,-76.939884,-7.632000,,,
2026-09-11T19:02:42.998,19.248844,1.596318,26.218374,14.780727,0.000000,32.283867,-11.106835,1.566419,-0.156354,-0.329167,-3.382681,0.245654,-15.163688,-0.158347,0.040430,-0.327683,1.683508,-1.181603,11.770040,-0.932251,1.620171,1,0,,38.990501,-76.939884,-7.632000,,,
2026-09-11T19:02:43.032,19.282252,1.596520,26.271422,14.782594,0.000000,32.375878,-11.138490,1.566447,-0.148937,-0.313552,-3.393416,0.196150,-15.145976,0.017184,0.018722,-0.312069,-0.445614,3.031236,11.390718,-0.987978,1.832510,1,0,,38.990501,-76.939884,-7.632000,,,
2026-09-11T19:02:43.066,19.315675,1.587088,26.324699,14.695263,0.000000,32.263268,-11.099748,1.557400,-0.154866,-0.326034,-3.404105,0.146954,-15.127789,-0.156367,-0.017879,-0.324551,-0.507886,-0.629587,4.655511,-1.051469,1.806701,1,0,,38.990501,-76.939884,-7.632000,,,
2026-09-11T19:02:43.099,19.349088,1.597367,26.378146,14.790437,0.000000,31.973504,-11.000059,1.568019,-0.138679,-0.291956,-3.414429,0.097895,-15.109248,0.050456,0.044620,-0.290472,-0.027557,-2.239250,14.213465,-1.083798,1.673787,1,0,,38.990501,-76.939884,-7.632000,,,
2026-09-11T19:02:43.132,19.382502,1.578276,26.430482,14.613668,0.000000,32.001656,-11.009744,1.549227,-0.143021,-0.301096,-3.424337,0.049104,-15.090443,-0.033650,0.085293,-0.299612,0.428060,-4.636486,12.957037,-1.087775,1.387801,1,0,,38.990501,-76.939884,-7.632000,,,
2026-09-11T19:02:43.166,19.415923,1.578532,26.483650,14.616033,0.000000,31.869820,-10.964388,1.549716,-0.143918,-0.302984,-3.434432,0.000810,-15.071147,-0.065755,0.040790,-0.301501,0.486900,-0.804047,4.485660,-1.092137,1.353160,1,1,19.425805,38.990504,-76.939866,-7.610000,-5.080866,13.937728,3.113620
2026-09-11T19:02:43.199,19.449335,1.608143,26.537009,14.890213,0.000000,31.754464,-10.924701,1.578999,-0.151409,-0.318755,-3.444819,-0.047704,-15.051080,-0.168149,-0.005180,-0.317272,0.376968,-3.217758,7.396568,-1.107982,1.164933,1,0,,38.990504,-76.939866,-7.610000,,,
2026-09-11T19:02:43.233,19.482747,1.618483,26.591183,14.985957,0.000000,31.974190,-11.000295,1.588746,-0.152288,-0.320605,-3.455500,-0.096582,-15.030175,-0.053137,0.048738,-0.319122,1.916416,-0.955756,15.338385,-1.029297,1.125534,1,0,,38.990504,-76.939866,-7.610000,,,
2026-09-11T19:02:43.266,19.516166,1.628841,26.645570,15.081864,0.000000,31.848534,-10.957065,1.599147,-0.143194,-0.301462,-3.465894,-0.145612,-15.008774,-0.101372,0.065071,-0.299978,1.407647,-2.146676,10.510081,-0.989040,1.007736,1,0,,38.990504,-76.939866,-7.610000,,,
2026-09-11T19:02:43.299,19.549581,1.668304,26.701125,15.447260,0.000000,31.533364,-10.848634,1.638488,-0.159819,-0.336460,-3.476553,-0.195152,-14.986472,-0.076868,0.067183,-0.334977,-1.042545,0.641159,12.502694,-1.111035,1.076109,1,0,,38.990504,-76.939866,-7.610000,,,
2026-09-11T19:02:43.333,19.582992,1.697548,26.757973,15.718033,0.000000,31.735238,-10.918086,1.666820,-0.152424,-0.320893,-3.487534,-0.245457,-14.963115,-0.054836,0.056724,-0.319410,1.379011,-1.453346,13.661154,-1.074124,1.007156,1,0,,38.990504,-76.939866,-7.610000,,,
2026-09-11T19:02:43.367,19.616415,1.746086,26.816405,16.167460,0.000000,31.429680,-10.812963,1.715084,-0.162120,-0.341306,-3.498600,-0.296705,-14.938719,0.008564,0.035065,-0.339822,0.038932,0.919864,10.489389,-1.123738,1.095792,1,0,,38.990504,-76.939866,-7.610000,,,
2026-09-11T19:02:43.399,19.649839,1.794699,26.876423,16.617585,0.000000,30.361947,-10.445624,1.764956,-0.153095,-0.322305,-3.509690,-0.349212,-14.913163,0.041744,-0.018273,-0.320821,2.491772,2.394392,8.340948,-1.015976,1.277813,1,0,,38.990504,-76.939866,-7.610000,,,
2026-09-11T19:02:43.433,19.683260,1.833942,26.937792,16.980947,0.000000,28.070611,-9.657320,1.807953,-0.143211,-0.301497,-3.520114,-0.402999,-14.886775,-0.036954,0.060816,-0.300013,1.989279,-2.130985,10.199210,-0.936944,1.163408,1,0,,38.990504,-76.939866,-7.610000,,,
2026-09-11T19:02:43.467,19.716681,1.853491,27.000100,17.161949,0.000000,24.777459,-8.524355,1.833015,-0.134044,-0.282197,-3.529868,-0.457689,-14.859717,0.110431,-0.045676,-0.280714,0.544759,2.750962,6.790223,-0.946635,1.364405,1,0,,38.990504,-76.939866,-7.610000,,,
2026-09-11T19:02:43.500,19.750091,1.892540,27.063541,17.523516,0.000000,19.810265,-6.815458,1.879166,-0.107571,-0.226465,-3.538366,-0.513442,-14.832263,0.181309,0.064324,-0.224981,1.078732,1.589854,9.801649,-0.918478,1.482072,1,0,,38.990504,-76.939866,-7.610000,,,
2026-09-11T19:02:43.533,19.783503,1.902443,27.126892,17.615210,0.000000,14.441384,-4.968366,1.895295,-0.079141,-0.166612,-3.544932,-0.570304,-14.804830,0.167240,-0.008973,-0.165128,1.710280,-3.739668,9.262087,-0.844701,1.246516,1,0,,38.990504,-76.939866,-7.610000,,,
2026-09-11T19:02:43.567,19.816929,1.922231,27.190553,17.798431,0.000000,6.501015,-2.236588,1.920766,-0.048271,-0.101622,-3.549415,-0.628068,-14.777709,0.118144,-0.052633,-0.100139,-0.328327,0.777765,12.577421,-0.898098,1.298063,1,0,,38.990504,-76.939866,-7.610000,,,
2026-09-11T19:02:43.600,19.850344,1.883686,27.253921,17.441540,0.000000,3.654183,-1.257173,1.883233,-0.004792,-0.010088,-3.551282,-0.686037,-14.751634,0.115502,-0.129602,-0.008604,-0.465914,1.646340,6.465917,-0.951769,1.393825,1,0,,38.990504,-76.939866,-7.610000,,,
2026-09-11T19:02:43.634,19.883757,1.903605,27.317653,17.625971,0.000000,1.099175,-0.378157,1.903563,0.008796,0.018518,-3.551141,-0.744093,-14.726500,0.203453,-0.100126,0.020001,0.035500,5.773175,11.712769,-0.963598,1.752046,1,0,,38.990504,-76.939866,-7.610000,,,
2026-09-11T19:02:43.667,19.917177,1.894502,27.380799,17.541682,0.000000,0.286873,-0.098695,1.894499,0.007670,0.016148,-3.550562,-0.802428,-14.701498,0.168213,-0.050997,0.017631,-0.656849,2.303288,11.039248,-1.012262,1.882125,1,0,,38.990504,-76.939866,-7.610000,,,
2026-09-11T19:02:43.700,19.950590,1.856062,27.442888,17.185762,0.000000,0.360344,-0.123972,1.856058,-0.027891,-0.058717,-3.551273,-0.859775,-14.676251,0.036390,0.054648,-0.057233,-0.131605,-1.718321,11.530855,-1.020817,1.759510,1,0,,38.990504,-76.939866,-7.610000,,,
2026-09-11T19:02:43.734,19.984004,1.846261,27.504230,17.095005,0.000000,1.528328,-0.525801,1.846183,0.009119,0.019199,-3.551933,-0.916377,-14.651307,-0.108967,-0.211115,0.020682,-1.463446,0.540935,3.835381,-1.111558,1.775114,1,0,,38.990504,-76.939866,-7.610000,,,
2026-09-11T19:02:43.767,20.017452,1.827073,27.564793,16.917340,0.000000,3.582085,-1.232369,1.826650,-0.011120,-0.023411,-3.552003,-0.972688,-14.626771,-0.000408,-0.129710,-0.021927,1.637809,-0.676365,3.715053,-0.996587,1.716770,1,0,,38.990504,-76.939866,-7.610000,,,
2026-09-11T19:02:43.800,20.050866,1.817987,27.625511,16.833213,0.000000,4.187707,-1.440725,1.817412,-0.002545,-0.005359,-3.552484,-1.028418,-14.602257,-0.037337,0.033638,-0.003875,-0.292827,-4.985309,8.457647,-1.004657,1.378166,1,0,,38.990504,-76.939866,-7.610000,,,
2026-09-11T19:02:43.834,20.084279,1.808753,27.685612,16.747713,0.000000,3.843010,-1.322137,1.808271,-0.004451,-0.009370,-3.552730,-1.083899,-14.577949,-0.089707,0.034451,-0.007886,0.662733,-4.846545,6.790909,-0.951639,1.052813,1,0,,38.990504,-76.939866,-7.610000,,,
2026-09-11T19:02:43.868,20.117702,1.770222,27.744981,16.390949,0.000000,3.979653,-1.369147,1.769717,-0.002267,-0.004772,-3.552966,-1.138661,-14.553943,-0.082458,-0.011271,-0.003289,-0.302731,-5.514377,5.016200,-0.963414,0.687234,1,0,,38.990504,-76.939866,-7.610000,,,
2026-09-11T19:02:43.901,20.151114,1.770504,27.804424,16.393551,0.000000,4.024972,-1.384738,1.769986,-0.003149,-0.006629,-3.553157,-1.192825,-14.530209,-0.094855,-0.130948,-0.005145,0.685779,-0.941635,7.258294,-0.910327,0.621851,1,0,,38.990504,-76.939866,-7.610000,,,
2026-09-11T19:02:43.934,20.184528,1.741603,27.862423,16.125952,0.000000,3.664483,-1.260717,1.741181,-0.011804,-0.024851,-3.553683,-1.246480,-14.506499,0.010397,-0.057709,-0.023367,0.921629,1.949758,10.524105,-0.846223,0.746281,1,0,,38.990504,-76.939866,-7.610000,,,
2026-09-11T19:02:43.968,20.217949,1.752062,27.921247,16.222793,0.000000,3.796319,-1.306073,1.751607,-0.005624,-0.011840,-3.554296,-1.299837,-14.482839,0.007011,0.049432,-0.010356,0.148669,0.062566,9.598553,-0.837206,0.745787,1,0,,38.990504,-76.939866,-7.610000,,,
2026-09-11T19:02:44.003,20.251360,1.752517,27.980351,16.227010,0.000000,3.899315,-1.341508,1.752037,0.000446,0.000938,-3.554478,-1.353416,-14.459279,-0.037827,-0.003669,0.002422,1.935931,-3.359660,11.355611,-0.715830,0.522475,1,0,,38.990504,-76.939866,-7.610000,,,
2026-09-11T19:02:44.034,20.284772,1.753326,28.038755,16.234505,0.000000,4.248818,-1.461749,1.752756,-0.022366,-0.047086,-3.555249,-1.406890,-14.435429,0.120942,0.076666,-0.045603,2.271416,-4.205190,5.247539,-0.575967,0.252394,1,0,,38.990504,-76.939866,-7.610000,,,
2026-09-11T19:02:44.068,20.318190,1.744069,28.097588,16.148787,0.000000,4.912804,-1.690185,1.743310,-0.018864,-0.039713,-3.556699,-1.460085,-14.411279,-0.013813,-0.007565,-0.038229,1.525326,-0.353137,8.146777,-0.487748,0.233614,1,0,,38.990504,-76.939866,-7.610000,,,
2026-09-11T19:02:44.101,20.351602,1.754261,28.156062,16.243155,0.000000,5.102318,-1.755385,1.753437,-0.017834,-0.037544,-3.557990,-1.513277,-14.387125,0.053200,-0.102025,-0.036061,-0.079042,0.344115,8.146777,-0.507471,0.259928,1,0,,38.990504,-76.939866,-7.610000,,,
2026-09-11T19:02:44.137,20.385013,1.754257,28.215163,16.243120,0.000000,6.167306,-2.121779,1.753054,-0.032346,-0.068098,-3.559755,-1.566489,-14.362619,-0.046754,-0.043226,-0.066614,0.377262,-0.392364,7.607411,-0.499994,0.241775,1,0,,38.990504,-76.939866,-7.610000,,,
2026-09-11T19:02:44.169,20.418435,1.754536,28.273151,16.245703,0.000000,7.572182,-2.605109,1.752723,-0.050569,-0.106460,-3.562672,-1.619426,-14.337485,0.139104,-0.124986,-0.104977,0.739912,1.700277,5.332072,-0.471025,0.363573,1,1,20.429410,38.990503,-76.939845,-7.607000,-3.328714,13.881575,5.177163
2026-09-11T19:02:44.202,20.451849,1.764415,28.332109,16.337177,0.000000,8.350838,-2.872995,1.762197,-0.058747,-0.123678,-3.566517,-1.672224,-14.311714,0.013900,-0.039749,-0.122195,-0.075511,0.329307,10.000037,-0.496387,0.397332,1,0,,38.990503,-76.939845,-7.607000,,,
2026-09-11T19:02:44.235,20.485262,1.774591,28.391475,16.431399,0.000000,8.839043,-3.040955,1.772092,-0.080741,-0.169981,-3.571423,-1.724992,-14.285119,0.034921,-0.127479,-0.168497,0.907017,-3.779483,16.209412,-0.457881,0.170305,1,0,,38.990503,-76.939845,-7.607000,,,
2026-09-11T19:02:44.269,20.518682,1.784575,28.451066,16.523844,0.000000,9.052590,-3.114423,1.781939,-0.063497,-0.133678,-3.576497,-1.777905,-14.258045,-0.090246,-0.007122,-0.132195,0.765899,1.226910,12.936835,-0.428918,0.265599,1,0,,38.990503,-76.939845,-7.607000,,,
2026-09-11T19:02:44.302,20.552095,1.775171,28.510558,16.436766,0.000000,9.253090,-3.183403,1.772431,-0.079742,-0.167877,-3.581535,-1.830681,-14.230724,-0.124568,-0.099846,-0.166393,0.340683,0.778354,4.941669,-0.430284,0.334641,1,0,,38.990503,-76.939845,-7.607000,,,
2026-09-11T19:02:44.335,20.585506,1.795067,28.570616,16.620994,0.000000,9.489296,-3.264666,1.792154,-0.080926,-0.170370,-3.587185,-1.883336,-14.202786,-0.057415,-0.100010,-0.168886,-1.555237,8.047239,8.199929,-0.554934,0.873610,1,0,,38.990503,-76.939845,-7.607000,,,
2026-09-11T19:02:44.369,20.618926,1.776243,28.630437,16.446699,0.000000,9.514016,-3.273171,1.773346,-0.052291,-0.110087,-3.591872,-1.936074,-14.174975,-0.016893,0.102923,-0.108603,-0.348038,-3.040062,13.338319,-0.598915,0.682238,1,0,,38.990503,-76.939845,-7.607000,,,
2026-09-11T19:02:44.403,20.652351,1.796211,28.690757,16.631587,0.000000,9.525689,-3.277186,1.793274,-0.050336,-0.105972,-3.595483,-1.988943,-14.147393,-0.132859,-0.003584,-0.104488,2.839221,-7.797366,2.658093,-0.435581,0.184772,1,0,,38.990503,-76.939845,-7.607000,,,
2026-09-11T19:02:44.435,20.685773,1.777156,28.749784,16.455146,0.000000,9.562081,-3.289707,1.774227,-0.063594,-0.133883,-3.599491,-2.041633,-14.119437,-0.003527,0.052054,-0.132399,-1.085498,3.308371,13.546416,-0.528197,0.414554,1,0,,38.990503,-76.939845,-7.607000,,,
2026-09-11T19:02:44.469,20.719197,1.796991,28.810238,16.638805,0.000000,9.490670,-3.265139,1.794074,-0.064322,-0.135414,-3.603991,-2.094114,-14.091039,-0.128860,0.009580,-0.133930,0.875047,2.032722,11.073081,-0.493594,0.559608,1,0,,38.990503,-76.939845,-7.607000,,,
2026-09-11T19:02:44.503,20.752609,1.787648,28.869485,16.552298,0.000000,9.151467,-3.148440,1.784950,-0.061371,-0.129203,-3.608412,-2.146627,-14.062371,-0.046924,-0.002116,-0.127720,3.410557,0.700979,8.937193,-0.294732,0.616058,1,0,,38.990503,-76.939845,-7.607000,,,
2026-09-11T19:02:44.536,20.786021,1.797193,28.929358,16.640676,0.000000,8.059701,-2.772833,1.795089,-0.069907,-0.147174,-3.613029,-2.198981,-14.033375,-0.018376,0.129543,-0.145690,2.330550,0.404426,15.696524,-0.171758,0.654870,1,0,,38.990503,-76.939845,-7.607000,,,
2026-09-11T19:02:44.570,20.819442,1.816813,28.989977,16.822339,0.000000,7.958764,-2.738107,1.814738,-0.043558,-0.091701,-3.617021,-2.251805,-14.004183,-0.026234,-0.081145,-0.090218,2.504226,1.021657,9.059776,-0.042658,0.726876,1,0,,38.990503,-76.939845,-7.607000,,,
2026-09-11T19:02:44.603,20.852857,1.807506,29.049875,16.736165,0.000000,7.867440,-2.706688,1.805489,-0.042442,-0.089351,-3.620046,-2.304880,-13.975140,0.032617,0.137280,-0.087867,1.197098,-4.002780,8.801763,-0.001471,0.472688,1,0,,38.990503,-76.939845,-7.607000,,,
2026-09-11T19:02:44.637,20.886268,1.808024,29.110221,16.740966,0.000000,7.728051,-2.658733,1.806078,-0.022283,-0.046912,-3.622322,-2.357908,-13.946342,-0.009303,0.125669,-0.045429,-0.968897,0.744521,9.062227,-0.103373,0.523477,1,0,,38.990503,-76.939845,-7.607000,,,
2026-09-11T19:02:44.671,20.919691,1.798395,29.170632,16.651804,0.000000,7.269372,-2.500931,1.796682,-0.020990,-0.044189,-3.623845,-2.410935,-13.917820,-0.026858,0.182459,-0.042705,1.823547,-1.345080,13.613101,-0.024608,0.438162,1,0,,38.990503,-76.939845,-7.607000,,,
2026-09-11T19:02:44.704,20.953106,1.818317,29.231870,16.836269,0.000000,6.969307,-2.397698,1.816725,-0.055813,-0.117501,-3.626546,-2.463786,-13.888612,-0.142190,0.010691,-0.116018,1.479137,-3.137932,7.409415,0.031000,0.246497,1,0,,38.990503,-76.939845,-7.607000,,,
2026-09-11T19:02:44.736,20.986520,1.828572,29.292007,16.931223,0.000000,6.906136,-2.375964,1.827000,-0.031923,-0.067207,-3.629632,-2.516913,-13.858855,0.026877,0.294528,-0.065723,1.525522,-6.655577,10.259325,0.091508,-0.176464,1,0,,38.990503,-76.939845,-7.607000,,,
2026-09-11T19:02:44.770,21.019941,1.829099,29.353606,16.936099,0.000000,7.080544,-2.435967,1.827446,-0.012148,-0.025575,-3.631182,-2.570483,-13.829529,0.032429,0.145540,-0.024092,-1.406078,-0.942223,3.566875,-0.035925,-0.230068,1,0,,38.990503,-76.939845,-7.607000,,,
2026-09-11T19:02:44.804,21.053353,1.887989,29.416980,17.481379,0.000000,6.967934,-2.397225,1.886337,-0.058107,-0.122330,-3.633653,-2.624647,-13.799249,-0.029258,-0.053318,-0.120846,2.714873,1.185526,14.550617,0.107292,-0.133516,1,0,,38.990503,-76.939845,-7.607000,,,
2026-09-11T19:02:44.837,21.086766,1.898151,29.479818,17.575474,0.000000,7.040719,-2.422266,1.896455,-0.066714,-0.140450,-3.638043,-2.679291,-13.767434,0.123661,0.034080,-0.138967,1.188958,5.271565,16.109188,0.150140,0.228589,1,0,,38.990503,-76.939845,-7.607000,,,
2026-09-11T19:02:44.870,21.120188,1.917686,29.544031,17.756350,0.000000,6.985100,-2.403131,1.915999,-0.037829,-0.079639,-3.641721,-2.734419,-13.735450,-0.087394,0.073984,-0.078155,3.516371,-9.798805,2.816274,0.343886,-0.395739,1,0,,38.990503,-76.939845,-7.607000,,,
2026-09-11T19:02:44.904,21.153703,1.937125,29.608883,17.936347,0.000000,6.790780,-2.336277,1.935515,-0.027613,-0.058134,-3.644030,-2.790493,-13.703472,0.027891,-0.003808,-0.056650,-2.877663,9.693776,13.646836,0.122107,0.247345,1,0,,38.990503,-76.939845,-7.607000,,,
2026-09-11T19:02:44.938,21.187115,1.937046,29.674062,17.935613,0.000000,6.361626,-2.188633,1.935633,-0.015638,-0.032921,-3.645551,-2.846800,-13.671652,0.121645,-0.051290,-0.031438,2.835691,-2.026642,11.116721,0.272633,0.120012,1,0,,38.990503,-76.939845,-7.607000,,,
2026-09-11T19:02:44.971,21.220540,1.937458,29.738287,17.939427,0.000000,6.547020,-2.252415,1.935961,-0.040723,-0.085732,-3.647534,-2.902973,-13.639527,0.015670,-0.061933,-0.084249,-0.131605,-1.837864,7.844339,0.229419,0.012874,1,0,,38.990503,-76.939845,-7.607000,,,
2026-09-11T19:02:45.004,21.253953,1.908749,29.801518,17.673604,0.000000,6.213311,-2.137607,1.907421,-0.039597,-0.083363,-3.650359,-2.958443,-13.607157,0.068773,-0.026913,-0.081879,1.398624,-0.569178,3.870783,0.286429,-0.011419,1,0,,38.990503,-76.939845,-7.607000,,,
2026-09-11T19:02:45.038,21.287367,1.899505,29.866134,17.588010,0.000000,6.310814,-2.171152,1.898142,-0.030429,-0.064061,-3.652822,-3.013360,-13.575099,0.101058,-0.130314,-0.062578,-5.464462,5.110834,14.049890,-0.096990,0.329579,1,0,,38.990503,-76.939845,-7.607000,,,
2026-09-11T19:02:45.073,21.320788,1.900156,29.929299,17.594038,0.000000,6.471489,-2.226430,1.898722,-0.045524,-0.095841,-3.655494,-3.068030,-13.542877,0.062775,-0.035754,-0.094357,0.353137,3.421736,13.794819,-0.094554,0.561488,1,0,,38.990503,-76.939845,-7.607000,,,
2026-09-11T19:02:45.104,21.354199,1.910376,29.993097,17.688665,0.000000,6.515435,-2.241549,1.908914,-0.022646,-0.047677,-3.657892,-3.122825,-13.510551,-0.087702,-0.089880,-0.046193,-0.697449,-0.593891,7.974180,-0.155787,0.525123,1,0,,38.990503,-76.939845,-7.607000,,,
2026-09-11T19:02:45.138,21.387612,1.881598,30.056089,17.422199,0.000000,6.729668,-2.315253,1.880062,-0.051262,-0.107921,-3.660491,-3.177223,-13.478157,-0.024938,-0.073574,-0.106437,0.065803,2.010461,12.101602,-0.163904,0.664875,1,0,,38.990503,-76.939845,-7.607000,,,
2026-09-11T19:02:45.175,21.421044,1.882346,30.122233,17.429127,0.000000,6.860131,-2.360137,1.880749,-0.048245,-0.101568,-3.663993,-3.230932,-13.445442,-0.165013,-0.146758,-0.100084,0.143667,-1.081085,11.725027,-0.166339,0.602280,1,1,21.424316,38.990501,-76.939824,-7.672000,-1.505405,13.642135,2.904139
2026-09-11T19:02:45.208,21.454458,1.902399,30.184616,17.614803,0.000000,6.901330,-2.374311,1.900766,-0.029314,-0.061714,-3.666721,-3.284992,-13.412722,-0.147641,-0.066364,-0.060230,1.952994,-0.021575,11.076415,-0.049793,0.604186,1,0,,38.990501,-76.939824,-7.672000,,,
2026-09-11T19:02:45.240,21.487873,1.912498,30.248251,17.708311,0.000000,7.140969,-2.456755,1.910740,-0.034245,-0.072096,-3.668957,-3.339523,-13.379817,-0.240825,-0.174780,-0.070612,0.048935,2.530998,-0.662341,-0.059664,0.772533,1,0,,38.990501,-76.939824,-7.672000,,,
2026-09-11T19:02:45.272,21.521299,1.902856,30.312080,17.619039,0.000000,7.232979,-2.488410,1.901062,-0.043202,-0.090953,-3.671682,-3.393877,-13.346564,-0.095434,-0.049557,-0.089469,-0.390599,2.400276,12.550845,-0.103550,0.932889,1,0,,38.990501,-76.939824,-7.672000,,,
2026-09-11T19:02:45.305,21.554716,1.903038,30.374685,17.620724,0.000000,7.252892,-2.495261,1.901234,-0.027195,-0.057252,-3.674158,-3.448053,-13.313361,-0.132211,-0.092564,-0.055769,1.900921,-2.648678,8.227387,-0.000498,0.760612,1,0,,38.990501,-76.939824,-7.672000,,,
2026-09-11T19:02:45.338,21.588130,1.893577,30.437719,17.533119,0.000000,6.862877,-2.361082,1.891969,-0.019657,-0.041383,-3.675806,-3.502226,-13.280464,-0.055649,-0.073930,-0.039900,-0.347842,0.314205,5.178402,-0.041622,0.779963,1,0,,38.990501,-76.939824,-7.672000,,,
2026-09-11T19:02:45.373,21.621555,1.864504,30.500939,17.263925,0.000000,5.319985,-1.830270,1.863553,-0.004762,-0.010025,-3.676665,-3.556023,-13.248133,0.100999,0.023836,-0.008542,-1.197490,-0.572022,7.349790,-0.138538,0.737897,1,0,,38.990501,-76.939824,-7.672000,,,
2026-09-11T19:02:45.405,21.654984,1.884298,30.563506,17.447200,0.000000,3.665169,-1.260953,1.883841,-0.006238,-0.013133,-3.677052,-3.609805,-13.216026,0.068764,-0.008019,-0.011649,-0.511711,-2.886784,12.074046,-0.193078,0.546865,1,0,,38.990501,-76.939824,-7.672000,,,
2026-09-11T19:02:45.439,21.688409,1.874866,30.625903,17.359869,0.000000,2.629708,-0.904716,1.874632,0.010710,0.022548,-3.676895,-3.663867,-13.184044,0.038332,-0.005258,0.024031,1.810602,-2.858639,8.294759,-0.094104,0.355465,1,0,,38.990501,-76.939824,-7.672000,,,
2026-09-11T19:02:45.473,21.721830,1.855759,30.688826,17.182955,0.000000,1.925210,-0.662343,1.855635,0.003825,0.008053,-3.676383,-3.717613,-13.152470,0.108170,0.080536,0.009537,-1.019892,2.018503,8.741648,-0.176949,0.483550,1,0,,38.990501,-76.939824,-7.672000,,,
2026-09-11T19:02:45.505,21.755244,1.875810,30.751257,17.368612,0.000000,1.569527,-0.539975,1.875727,0.006296,0.013256,-3.676027,-3.771342,-13.120853,0.049495,0.019579,0.014739,0.103166,1.899646,10.659338,-0.187447,0.601863,1,0,,38.990501,-76.939824,-7.672000,,,
2026-09-11T19:02:45.539,21.788657,1.905554,30.814866,17.644019,0.000000,1.521462,-0.523439,1.905475,0.005900,0.012421,-3.675598,-3.825814,-13.088864,-0.001798,-0.053952,0.013905,1.464329,0.359708,8.844520,-0.111647,0.619319,1,0,,38.990501,-76.939824,-7.672000,,,
2026-09-11T19:02:45.573,21.822078,1.896348,30.879148,17.558780,0.000000,1.280449,-0.440522,1.896292,0.004007,0.008436,-3.675250,-3.880588,-13.056681,-0.004214,-0.153474,0.009919,-3.536376,4.739554,9.094982,-0.359752,0.920491,1,0,,38.990501,-76.939824,-7.672000,,,
2026-09-11T19:02:45.606,21.855490,1.877255,30.940950,17.381994,0.000000,1.930703,-0.664233,1.877129,0.001328,0.002796,-3.675062,-3.934910,-13.024695,0.017924,-0.100483,0.004279,-0.684014,6.778160,16.229418,-0.422938,1.350859,1,0,,38.990501,-76.939824,-7.672000,,,
2026-09-11T19:02:45.639,21.888901,1.896802,31.004252,17.562980,0.000000,2.042626,-0.702738,1.896659,0.007141,0.015033,-3.674764,-3.989270,-12.992766,-0.128147,-0.069315,0.016516,1.896802,-5.067096,6.684899,-0.321527,1.008618,1,0,,38.990501,-76.939824,-7.672000,,,
2026-09-11T19:02:45.673,21.922323,1.896978,31.067716,17.564610,0.000000,1.947869,-0.670138,1.896848,0.006637,0.013974,-3.674280,-4.043988,-12.960757,0.034498,-0.017130,0.015457,-1.524542,0.064430,6.966154,-0.442018,1.002282,1,0,,38.990501,-76.939824,-7.672000,,,
2026-09-11T19:02:45.706,21.955740,1.877976,31.130421,17.388663,0.000000,1.958169,-0.673682,1.877846,-0.004767,-0.010035,-3.674214,-4.098336,-12.928756,-0.019174,-0.104365,-0.008551,1.320662,0.942321,9.411834,-0.378258,1.055754,1,0,,38.990501,-76.939824,-7.672000,,,
2026-09-11T19:02:45.739,21.989155,1.887981,31.193646,17.481308,0.000000,2.114037,-0.727306,1.887829,0.000718,0.001512,-3.674356,-4.152499,-12.896747,0.020746,0.024623,0.002995,0.166223,-0.400798,9.386926,-0.391127,1.020327,1,0,,38.990501,-76.939824,-7.672000,,,
2026-09-11T19:02:45.773,22.022575,1.898066,31.257011,17.574687,0.000000,2.527398,-0.869518,1.897848,0.000230,0.000483,-3.674323,-4.207000,-12.864631,0.003862,-0.011775,0.001967,1.389897,-0.396287,1.061374,-0.321452,0.985704,1,0,,38.990501,-76.939824,-7.672000,,,
2026-09-11T19:02:45.806,22.055993,1.908260,31.320452,17.669072,0.000000,3.184517,-1.095591,1.907911,-0.015661,-0.032970,-3.674866,-4.261639,-12.832097,-0.065819,-0.042211,-0.031486,0.763448,-2.859227,7.858657,-0.289913,0.796235,1,0,,38.990501,-76.939824,-7.672000,,,
2026-09-11T19:02:45.840,22.089408,1.879606,31.383527,17.403763,0.000000,3.571099,-1.228589,1.879174,-0.000973,-0.002048,-3.675451,-4.315974,-12.799677,-0.012511,-0.010357,-0.000564,-0.150238,-0.517301,13.178667,-0.319720,0.756581,1,0,,38.990501,-76.939824,-7.672000,,,
2026-09-11T19:02:45.874,22.122833,1.909198,31.447399,17.677760,0.000000,3.740014,-1.286702,1.908717,-0.013049,-0.027471,-3.675944,-4.370344,-12.767248,-0.043866,-0.032303,-0.025987,0.634588,0.437279,12.754039,-0.300304,0.782275,1,0,,38.990501,-76.939824,-7.672000,,,
2026-09-11T19:02:45.906,22.156249,1.919601,31.511236,17.774087,0.000000,3.580712,-1.231896,1.919158,0.005499,0.011577,-3.676210,-4.425316,-12.734560,-0.146665,-0.115194,0.013061,0.895641,-0.656947,5.269898,-0.264860,0.732053,1,0,,38.990501,-76.939824,-7.672000,,,
2026-09-11T19:02:45.940,22.189664,1.910156,31.575216,17.686629,0.000000,3.321847,-1.142837,1.909776,-0.017390,-0.036611,-3.676628,-4.480252,-12.701784,0.018261,-0.041253,-0.035127,1.103738,2.865209,12.501321,-0.218231,0.916217,1,0,,38.990501,-76.939824,-7.672000,,,
2026-09-11T19:02:45.974,22.223087,1.910526,31.640156,17.690056,0.000000,3.476342,-1.195989,1.910110,0.020674,0.043524,-3.676512,-4.535197,-12.669286,-0.003392,-0.042658,0.045008,1.206512,-2.882665,7.426184,-0.164223,0.716527,1,0,,38.990501,-76.939824,-7.672000,,,
2026-09-11T19:02:46.007,22.256500,1.929972,31.704216,17.870107,0.000000,3.124779,-1.075039,1.929632,-0.014598,-0.030733,-3.676299,-4.590441,-12.636678,-0.041110,-0.035756,-0.029249,-1.532289,-2.596409,14.645349,-0.286227,0.546846,1,0,,38.990501,-76.939824,-7.672000,,,
2026-09-11T19:02:46.040,22.289913,1.910699,31.767698,17.691653,0.000000,2.950371,-1.015036,1.910399,-0.007430,-0.015641,-3.677074,-4.645439,-12.603649,0.031001,0.114492,-0.014158,-0.590164,1.552883,10.367689,-0.345916,0.645563,1,0,,38.990501,-76.939824,-7.672000,,,
2026-09-11T19:02:46.074,22.323336,1.901142,31.831772,17.603166,0.000000,2.883080,-0.991885,1.900857,-0.009031,-0.019013,-3.677653,-4.700066,-12.570897,0.028665,-0.004562,-0.017529,1.288398,-0.072569,11.064157,-0.283970,0.638437,1,0,,38.990501,-76.939824,-7.672000,,,
2026-09-11T19:02:46.107,22.356755,1.911243,31.895499,17.696690,0.000000,3.080834,-1.059920,1.910916,-0.003408,-0.007174,-3.678090,-4.754710,-12.538176,0.019678,0.071119,-0.005690,-0.680189,-3.901184,9.724176,-0.350087,0.382227,1,0,,38.990501,-76.939824,-7.672000,,,
2026-09-11T19:02:46.141,22.390171,1.931030,31.959929,17.879911,0.000000,2.967537,-1.020942,1.930724,-0.006650,-0.013999,-3.678444,-4.809787,-12.505214,-0.022902,-0.015825,-0.012516,0.680091,0.407172,13.629675,-0.325464,0.408468,1,0,,38.990501,-76.939824,-7.672000,,,
2026-09-11T19:02:46.178,22.423670,1.940973,32.025720,17.971968,0.000000,3.058175,-1.052124,1.940645,-0.016459,-0.034651,-3.679259,-4.865297,-12.471695,-0.082911,-0.015981,-0.033167,-0.836115,1.269079,10.491841,-0.398740,0.492990,1,1,22.423856,38.990499,-76.939804,-7.821000,0.258415,13.391761,3.839171
2026-09-11T19:02:46.210,22.457088,1.941547,32.089493,17.977285,0.000000,3.218163,-1.107166,1.941184,-0.013959,-0.029387,-3.680329,-4.920728,-12.438012,-0.013799,-0.061499,-0.027904,-1.055490,5.085140,10.345329,-0.486477,0.822612,1,0,,38.990499,-76.939804,-7.821000,,,
2026-09-11T19:02:46.244,22.490502,1.912947,32.153809,17.712468,0.000000,3.154992,-1.085433,1.912603,-0.013097,-0.027574,-3.681280,-4.975747,-12.404564,-0.033438,-0.075839,-0.026090,1.665954,-1.845906,8.178746,-0.397746,0.699875,1,0,,38.990499,-76.939804,-7.821000,,,
2026-09-11T19:02:46.277,22.523923,1.932940,32.219330,17.897595,0.000000,3.466729,-1.192682,1.932522,0.006517,0.013719,-3.681512,-5.030809,-12.371445,0.003864,-0.055858,0.015203,0.125819,-1.944757,10.097908,-0.411542,0.566951,1,0,,38.990499,-76.939804,-7.821000,,,
2026-09-11T19:02:46.308,22.557340,1.933299,32.283455,17.900913,0.000000,3.536080,-1.216541,1.932863,-0.007404,-0.015588,-3.681543,-5.086198,-12.338231,-0.050428,-0.013255,-0.014104,0.872007,-3.270027,11.811620,-0.380646,0.353442,1,0,,38.990499,-76.939804,-7.821000,,,
2026-09-11T19:02:46.341,22.590754,1.923786,32.346410,17.812830,0.000000,3.585518,-1.233550,1.923340,-0.008869,-0.018672,-3.682116,-5.141308,-12.304861,-0.042871,-0.087738,-0.017188,2.174625,-5.255384,4.851546,-0.264547,0.014260,1,0,,38.990499,-76.939804,-7.821000,,,
2026-09-11T19:02:46.374,22.624173,1.933425,32.411392,17.902087,0.000000,3.700188,-1.273001,1.932948,-0.005655,-0.011905,-3.682627,-5.196426,-12.271481,0.096289,-0.088375,-0.010422,-2.055278,1.715870,10.579806,-0.418477,0.128995,1,0,,38.990499,-76.939804,-7.821000,,,
2026-09-11T19:02:46.408,22.657601,1.933425,32.476164,17.902087,0.000000,3.987893,-1.371981,1.932871,-0.003485,-0.007337,-3.682948,-5.251725,-12.238064,0.047055,-0.077754,-0.005853,2.037037,-3.489206,7.444915,-0.300158,-0.094942,1,0,,38.990499,-76.939804,-7.821000,,,
2026-09-11T19:02:46.442,22.691025,1.924140,32.540848,17.816112,0.000000,4.382714,-1.507814,1.923474,-0.045722,-0.096256,-3.684679,-5.306505,-12.204102,0.083539,-0.005183,-0.094773,1.301441,0.379125,10.066723,-0.226420,-0.054990,1,0,,38.990499,-76.939804,-7.821000,,,
2026-09-11T19:02:46.476,22.724448,1.944104,32.605928,18.000965,0.000000,4.914177,-1.690657,1.943258,-0.030020,-0.063200,-3.687344,-5.361125,-12.169552,0.116653,0.005171,-0.061716,1.307521,0.444339,8.732037,-0.152461,-0.015298,1,0,,38.990499,-76.939804,-7.821000,,,
2026-09-11T19:02:46.509,22.757859,1.953894,32.671095,18.091616,0.000000,5.146264,-1.770504,1.952962,-0.039118,-0.082353,-3.689776,-5.416118,-12.134712,0.100977,-0.024774,-0.080870,0.585261,2.911300,8.268575,-0.124130,0.185983,1,0,,38.990499,-76.939804,-7.821000,,,
2026-09-11T19:02:46.542,22.791273,1.973635,32.736850,18.274394,0.000000,5.376290,-1.849641,1.972606,-0.060311,-0.126971,-3.693273,-5.471162,-12.099021,0.155594,-0.061490,-0.125488,1.191410,0.696959,13.254374,-0.051216,0.247595,1,0,,38.990499,-76.939804,-7.821000,,,
2026-09-11T19:02:46.575,22.824699,1.983698,32.803154,18.367572,0.000000,6.173485,-2.123906,1.982335,-0.036454,-0.076745,-3.696678,-5.526547,-12.062904,0.108379,0.035823,-0.075262,1.434419,-8.449802,6.347452,0.041030,-0.289754,1,0,,38.990499,-76.939804,-7.821000,,,
2026-09-11T19:02:46.609,22.858119,1.955432,32.869903,18.105855,0.000000,6.866311,-2.362263,1.953771,-0.051340,-0.108084,-3.699766,-5.581615,-12.026911,0.095539,0.036956,-0.106601,0.410310,-2.594545,6.380991,0.067789,-0.438377,1,0,,38.990499,-76.939804,-7.821000,,,
2026-09-11T19:02:46.642,22.891533,1.936589,32.933091,17.931379,0.000000,7.739037,-2.662513,1.934498,-0.061390,-0.129241,-3.703731,-5.635649,-11.990800,0.107492,0.045041,-0.127758,-1.331743,0.839253,9.805081,-0.016063,-0.360666,1,0,,38.990499,-76.939804,-7.821000,,,
2026-09-11T19:02:46.675,22.924954,1.898246,32.996319,17.576355,0.000000,7.962197,-2.739288,1.896077,-0.056854,-0.119693,-3.707891,-5.688682,-11.954902,0.070037,0.002593,-0.118209,0.071785,-3.287581,9.152056,-0.006323,-0.552335,1,0,,38.990499,-76.939804,-7.821000,,,
2026-09-11T19:02:46.708,22.958371,1.879593,33.059590,17.403638,0.000000,7.803582,-2.684718,1.877530,-0.063764,-0.134241,-3.712134,-5.740734,-11.919263,0.067862,-0.090989,-0.132757,0.542602,0.031185,6.631845,0.035632,-0.525507,1,0,,38.990499,-76.939804,-7.821000,,,
2026-09-11T19:02:46.741,22.991784,1.860067,33.120907,17.222839,0.000000,7.782982,-2.677632,1.858036,-0.066799,-0.140629,-3.716726,-5.791997,-11.883605,0.087568,-0.034986,-0.139145,-0.083258,-0.455715,8.063322,0.038438,-0.529880,1,0,,38.990499,-76.939804,-7.821000,,,
2026-09-11T19:02:46.775,23.025204,1.840625,33.182668,17.042826,0.000000,7.803582,-2.684718,1.838605,-0.065621,-0.138149,-3.721384,-5.842544,-11.848031,-0.006954,0.031034,-0.136665,-0.401190,5.532814,12.785910,0.023721,-0.147189,1,0,,38.990499,-76.939804,-7.821000,,,
2026-09-11T19:02:46.809,23.058616,1.792433,33.243054,16.596606,0.000000,7.743844,-2.664166,1.790496,-0.030292,-0.063772,-3.724757,-5.892329,-11.813393,-0.028380,0.009665,-0.062288,-0.270762,-3.174020,13.957413,0.019504,-0.341113,1,0,,38.990499,-76.939804,-7.821000,,,
2026-09-11T19:02:46.842,23.092031,1.763629,33.301608,16.329903,0.000000,7.774743,-2.674797,1.761708,-0.026823,-0.056470,-3.726766,-5.941311,-11.779865,-0.062487,-0.049142,-0.054987,2.126964,-2.013599,6.589579,0.166216,-0.458790,1,0,,38.990499,-76.939804,-7.821000,,,
2026-09-11T19:02:46.876,23.125455,1.763976,33.361231,16.333109,0.000000,7.891472,-2.714956,1.761996,-0.059765,-0.125822,-3.729813,-5.989549,-11.746059,-0.059656,0.055340,-0.124338,0.449439,-0.727163,7.662916,0.197197,-0.484033,1,0,,38.990499,-76.939804,-7.821000,,,
2026-09-11T19:02:46.909,23.158868,1.735300,33.418700,16.067594,0.000000,8.046654,-2.768344,1.733275,-0.042063,-0.088553,-3.733394,-6.037125,-11.712158,-0.044179,-0.043496,-0.087070,0.922512,1.415002,4.025630,0.252296,-0.374817,1,0,,38.990499,-76.939804,-7.821000,,,
2026-09-11T19:02:46.943,23.192283,1.726389,33.476969,15.985082,0.000000,7.946404,-2.733855,1.724424,-0.049969,-0.105197,-3.736631,-6.084158,-11.678579,0.049780,-0.011150,-0.103714,-0.989001,-0.748444,10.345624,0.177536,-0.404967,1,0,,38.990499,-76.939804,-7.821000,,,
2026-09-11T19:02:46.977,23.225707,1.717127,33.535159,15.899327,0.000000,8.098839,-2.786298,1.715097,-0.056857,-0.119699,-3.740390,-6.130695,-11.644793,0.002679,-0.000281,-0.118215,2.274162,-3.643171,10.683365,0.311201,-0.620577,1,0,,38.990499,-76.939804,-7.821000,,,
2026-09-11T19:02:47.009,23.259118,1.727570,33.591964,15.996020,0.000000,8.002709,-2.753226,1.725576,-0.062757,-0.132121,-3.744597,-6.176974,-11.610647,0.053847,0.107002,-0.130637,-0.407662,-0.248795,9.406147,0.266674,-0.612666,1,0,,38.990499,-76.939804,-7.821000,,,
2026-09-11T19:02:47.043,23.292530,1.698968,33.649020,15.731185,0.000000,8.774499,-3.018749,1.696610,-0.054219,-0.114145,-3.748711,-6.222885,-11.576521,0.007042,0.045905,-0.112662,-0.167400,-2.871093,6.424140,0.233365,-0.776714,1,0,,38.990499,-76.939804,-7.821000,,,
2026-09-11T19:02:47.077,23.325958,1.728611,33.708073,16.005658,0.000000,9.706276,-3.339315,1.725676,-0.061961,-0.130444,-3.752799,-6.268684,-11.542199,-0.035865,-0.020943,-0.128961,-1.088146,5.587633,10.557840,0.134457,-0.389501,1,0,,38.990499,-76.939804,-7.821000,,,
2026-09-11T19:02:47.110,23.359367,1.748302,33.765929,16.187982,0.000000,10.644921,-3.662243,1.744732,-0.055276,-0.116370,-3.756922,-6.314964,-11.507232,0.020332,-0.050740,-0.114886,2.228561,1.424122,7.980162,0.253309,-0.277551,1,0,,38.990499,-76.939804,-7.821000,,,
2026-09-11T19:02:47.143,23.392779,1.767771,33.824868,16.368250,0.000000,11.720208,-4.032182,1.763395,-0.077012,-0.162131,-3.761574,-6.361462,-11.471489,0.107493,-0.045580,-0.160648,-1.126294,-4.189891,11.020027,0.155806,-0.524648,1,0,,38.990499,-76.939804,-7.821000,,,
2026-09-11T19:02:47.176,23.426197,1.787551,33.884877,16.551398,0.000000,12.681511,-4.362905,1.782371,-0.078762,-0.165816,-3.767054,-6.408068,-11.434820,-0.024387,-0.124158,-0.164332,2.830788,-2.480298,7.110214,0.309945,-0.657816,1,0,,38.990499,-76.939804,-7.821000,,,
2026-09-11T19:02:47.210,23.459612,1.797515,33.944713,16.643661,0.000000,13.410729,-4.613783,1.791691,-0.083187,-0.175131,-3.772750,-6.454787,-11.397532,0.003794,-0.093568,-0.173648,-0.008140,3.903439,11.132411,0.276695,-0.375296,1,1,23.444979,38.990495,-76.939783,-7.814000,2.042257,12.968664,3.469565
2026-09-11T19:02:47.243,23.493026,1.807778,34.005190,16.738688,0.000000,14.021157,-4.823792,1.801375,-0.088298,-0.185891,-3.778782,-6.501446,-11.359656,0.006629,0.021914,-0.184407,1.411667,-0.987726,6.305480,0.339514,-0.410992,1,0,,38.990495,-76.939783,-7.814000,,,
2026-09-11T19:02:47.277,23.526448,1.807964,34.065761,16.740411,0.000000,15.358742,-5.283971,1.800281,-0.081772,-0.172152,-3.784765,-6.548017,-11.321425,-0.049927,-0.056328,-0.170669,1.307717,-1.242503,5.079453,0.394358,-0.464402,1,0,,38.990495,-76.939783,-7.814000,,,
2026-09-11T19:02:47.310,23.559857,1.818168,34.126363,16.834887,0.000000,17.069863,-5.872659,1.808626,-0.112343,-0.236512,-3.791592,-6.594179,-11.282517,-0.082776,0.222237,-0.235028,-2.420772,4.120754,6.300969,0.209090,-0.162653,1,0,,38.990495,-76.939783,-7.814000,,,
2026-09-11T19:02:47.344,23.593272,1.838036,34.187902,17.018855,0.000000,22.502602,-7.741721,1.821283,-0.112281,-0.236381,-3.799493,-6.640029,-11.242646,-0.209774,-0.784121,-0.234898,3.175688,4.569703,23.876643,0.393713,0.165013,1,0,,38.990495,-76.939783,-7.814000,,,
2026-09-11T19:02:47.377,23.626690,1.761519,34.245308,16.310360,0.000000,18.978737,-6.529382,1.750093,-0.103690,-0.218295,-3.807090,-6.684895,-11.203134,-0.209752,-0.024717,-0.216812,8.069892,2.446857,9.927762,0.896301,0.348596,1,0,,38.990495,-76.939783,-7.814000,,,
2026-09-11T19:02:47.410,23.660105,1.771720,34.304765,16.404819,0.000000,19.039162,-6.550170,1.760155,-0.105159,-0.221386,-3.814436,-6.728728,-11.164017,-0.167913,-0.129796,-0.219903,2.561987,-1.881308,17.522228,1.042118,0.250622,1,0,,38.990495,-76.939783,-7.814000,,,
2026-09-11T19:02:47.444,23.693526,1.811183,34.366162,16.770215,0.000000,18.989037,-6.532926,1.799423,-0.119161,-0.250866,-3.822327,-6.772749,-11.123841,0.018271,0.048125,-0.249382,-3.590411,13.862877,15.418702,0.791391,1.176462,1,0,,38.990495,-76.939783,-7.814000,,,
2026-09-11T19:02:47.481,23.726951,1.782706,34.425764,16.506538,0.000000,18.994530,-6.534815,1.771124,-0.099946,-0.210413,-3.830036,-6.816663,-11.083270,-0.030678,0.045620,-0.208930,4.367882,-1.134826,8.777540,1.059589,1.116483,1,0,,38.990495,-76.939783,-7.814000,,,
2026-09-11T19:02:47.513,23.760365,1.753805,34.485016,16.238938,0.000000,19.360512,-6.660727,1.741968,-0.101529,-0.213745,-3.837123,-6.859709,-11.043230,-0.072963,0.029171,-0.212261,0.805028,3.236979,10.862826,1.091982,1.340029,1,0,,38.990495,-76.939783,-7.814000,,,
2026-09-11T19:02:47.545,23.793780,1.773278,34.543405,16.419245,0.000000,19.302147,-6.640647,1.761381,-0.089169,-0.187725,-3.843830,-6.902469,-11.003131,-0.077040,-0.205628,-0.186241,-1.873659,9.696718,19.013722,0.948358,1.976486,1,0,,38.990495,-76.939783,-7.814000,,,
2026-09-11T19:02:47.577,23.827205,1.724930,34.600607,15.971573,0.000000,19.396905,-6.673247,1.713243,-0.108852,-0.229161,-3.850798,-6.944523,-10.962953,-0.047591,0.044055,-0.227678,3.714759,-0.966936,6.398545,1.162139,1.919782,1,0,,38.990495,-76.939783,-7.814000,,,
2026-09-11T19:02:47.611,23.860620,1.734995,34.658779,16.064769,0.000000,19.177178,-6.597653,1.723505,-0.107595,-0.226516,-3.858411,-6.985588,-10.922658,-0.105590,-0.103938,-0.225032,0.956835,3.156466,15.023004,1.184114,2.130466,1,0,,38.990495,-76.939783,-7.814000,,,
2026-09-11T19:02:47.645,23.894032,1.716189,34.716525,15.890637,0.000000,19.252709,-6.623638,1.704734,-0.069407,-0.146120,-3.864636,-7.026700,-10.882674,-0.095548,0.005629,-0.144636,1.813152,-4.618050,10.365531,1.257369,1.826502,1,0,,38.990495,-76.939783,-7.814000,,,
2026-09-11T19:02:47.677,23.927455,1.687300,34.772094,15.623146,0.000000,19.006203,-6.538831,1.676324,-0.088816,-0.186981,-3.870203,-7.067206,-10.843194,-0.093392,0.040729,-0.185497,0.046778,-2.309956,7.284380,1.218560,1.679408,1,0,,38.990495,-76.939783,-7.814000,,,
2026-09-11T19:02:47.711,23.960867,1.687784,34.828930,15.627634,0.000000,18.701333,-6.433945,1.677154,-0.084070,-0.176990,-3.876283,-7.106962,-10.803615,-0.175485,0.043547,-0.175507,4.824480,-2.716932,11.981275,1.490450,1.506591,1,0,,38.990495,-76.939783,-7.814000,,,
2026-09-11T19:02:47.745,23.994282,1.697828,34.886357,15.720631,0.000000,19.170998,-6.595527,1.686591,-0.090466,-0.190455,-3.882422,-7.146586,-10.763656,-0.171864,-0.028236,-0.188971,0.275273,1.057059,6.131706,1.460862,1.581472,1,0,,38.990495,-76.939783,-7.814000,,,
2026-09-11T19:02:47.778,24.027703,1.727809,34.943493,15.998236,0.000000,18.994530,-6.534815,1.716584,-0.082201,-0.173055,-3.888497,-7.186479,-10.723023,-0.336377,-0.282904,-0.171572,0.353530,-0.260367,6.960956,1.436038,1.568708,1,0,,38.990495,-76.939783,-7.814000,,,
2026-09-11T19:02:47.811,24.061116,1.737984,35.001685,16.092440,0.000000,18.790597,-6.464655,1.726933,-0.084928,-0.178796,-3.894375,-7.226675,-10.681773,-0.138980,-0.109087,-0.177313,1.474038,-1.180230,14.125793,1.482243,1.497326,1,0,,38.990495,-76.939783,-7.814000,,,
2026-09-11T19:02:47.845,24.094528,1.845416,35.064022,17.087186,0.000000,18.235787,-6.273780,1.834364,-0.089648,-0.188734,-3.900515,-7.267964,-10.638839,-0.059215,-0.381321,-0.187250,2.999854,6.091303,7.373424,1.623707,1.899688,1,0,,38.990495,-76.939783,-7.814000,,,
