timestamp,time_s,speed_mps,distance_m,wheel_omega_rad_s,motor_current_A,steer_motor_deg,steer_column_deg,vx_mps,vy_mps,yaw_rate_rad_s,heading_rad,x_m,y_m,gyro_x_rad_s,gyro_y_rad_s,gyro_z_rad_s,accel_x_mps2,accel_y_mps2,accel_z_mps2,grade_deg,bank_deg,moving,gps_new_fix,gps_time_s,gps_latitude_deg,gps_longitude_deg,gps_altitude_m,gps_east_m,gps_north_m,gps_sigma_m
2026-09-11T19:03:10.801,0.000007,0.009643,0.000036,0.089292,0.000000,12.140777,-4.176873,0.009618,0.021131,0.044487,0.000000,0.000000,0.000000,0.035068,-0.002928,0.045971,0.329405,0.529755,9.736533,0.403024,0.576883,0,1,-0.635282,38.990220,-76.939931,-10.484000,0.000000,0.000000,3.478829
2026-09-11T19:03:10.834,0.033415,0.009643,0.000359,0.089292,0.000000,3.745162,-1.288473,0.009641,0.020204,0.042535,0.001454,0.000321,0.000691,0.033651,-0.003448,0.044019,0.264093,0.621251,9.596298,0.399286,0.582810,0,0,,38.990220,-76.939931,-10.484000,,,
2026-09-11T19:03:10.868,0.066830,0.009643,0.000681,0.089292,0.000000,-4.884598,1.680481,0.009639,0.006739,0.014188,0.002401,0.000643,0.001141,0.009314,0.002772,0.015671,0.234869,-0.082180,9.570310,0.394184,0.543118,0,0,,38.990220,-76.939931,-10.484000,,,
2026-09-11T19:03:10.902,0.100254,0.009643,0.001004,0.089292,0.000000,-9.615586,3.308114,0.009627,0.010042,0.021141,0.002992,0.000964,0.001423,-0.005441,-0.002491,0.022624,0.200840,0.633902,9.737219,0.386934,0.550256,0,0,,38.990220,-76.939931,-10.484000,,,
2026-09-11T19:03:10.936,0.133670,0.009643,0.001326,0.089292,0.000000,-15.124543,5.203398,0.009604,0.010436,0.021970,0.003712,0.001284,0.001766,-0.038610,-0.000569,0.023453,0.113365,-0.293807,9.837247,0.374104,0.497210,0,0,,38.990220,-76.939931,-10.484000,,,
2026-09-11T19:03:10.970,0.167094,0.009643,0.001648,0.089292,0.000000,-17.011450,5.852563,0.009593,0.000074,0.000156,0.004082,0.001604,0.001943,-0.056330,0.002568,0.001640,0.280764,0.554370,9.738690,0.372251,0.499716,0,0,,38.990220,-76.939931,-10.484000,,,
2026-09-11T19:03:11.003,0.200518,0.262482,0.013206,2.430387,0.000000,-16.391409,5.639246,0.261211,0.000204,0.000430,0.004092,0.006130,0.001966,-0.067057,0.000551,0.001913,0.250364,0.741677,9.861175,0.368450,0.514324,0,0,,38.990220,-76.939931,-10.484000,,,
2026-09-11T19:03:11.036,0.233940,0.066406,0.015020,0.614873,0.000000,-15.545462,5.348209,0.066117,-0.000153,-0.000322,0.004093,0.011600,0.001989,-0.059054,-0.003253,0.001162,-0.028733,0.340585,9.726334,0.346623,0.502788,0,0,,38.990220,-76.939931,-10.484000,,,
2026-09-11T19:03:11.070,0.267350,0.007584,0.015181,0.070219,0.000000,-13.180655,4.534629,0.007560,-0.002140,-0.004506,0.004013,0.012831,0.001956,-0.053623,-0.000902,-0.003022,-0.073648,0.247716,9.629052,0.322140,0.485370,0,0,,38.990220,-76.939931,-10.484000,,,
2026-09-11T19:03:11.103,0.300771,-0.000000,0.014999,-0.000000,0.000000,-11.117285,3.824754,-0.000000,-0.003660,-0.007704,0.003809,0.012957,0.001860,-0.048743,-0.001917,-0.006221,-0.069235,0.556625,9.637584,0.298208,0.488153,0,0,,38.990220,-76.939931,-10.484000,,,
2026-09-11T19:03:11.137,0.334193,-0.000000,0.014999,-0.000000,0.000000,-8.768271,3.016607,-0.000000,-0.000581,-0.001223,0.003659,0.012958,0.001789,-0.037303,0.001030,0.000261,-0.157201,0.238890,9.753694,0.268845,0.470317,0,0,,38.990220,-76.939931,-10.484000,,,
2026-09-11T19:03:11.171,0.367605,-0.000000,0.014999,-0.000000,0.000000,-6.464575,2.224051,-0.000000,-0.002491,-0.005245,0.003551,0.012958,0.001737,-0.031184,0.001604,-0.003761,-0.072765,0.415017,9.734473,0.245278,0.464092,0,1,0.358965,38.990220,-76.939931,-10.489000,0.044654,0.050223,3.418266
2026-09-11T19:03:11.203,0.401023,-0.000000,0.014999,-0.000000,0.000000,-6.505774,2.238225,-0.000000,-0.000901,-0.001898,0.003432,0.012958,0.001681,-0.019972,0.000700,-0.000414,0.007453,0.429335,9.666611,0.227159,0.458864,0,0,,38.990220,-76.939931,-10.489000,,,
2026-09-11T19:03:11.237,0.434440,-0.000000,0.014999,-0.000000,0.000000,-6.575125,2.262084,-0.000000,0.000023,0.000047,0.003401,0.012958,0.001666,0.002584,0.000106,0.001531,0.005394,0.309890,9.720254,0.225354,0.445955,0,0,,38.990220,-76.939931,-10.489000,,,
2026-09-11T19:03:11.270,0.467857,-0.000000,0.014999,-0.000000,0.000000,-6.575125,2.262084,-0.000000,-0.000356,-0.000749,0.003389,0.012958,0.001660,0.003107,-0.000677,0.000734,0.048347,0.316559,9.709172,0.229999,0.433621,0,0,,38.990220,-76.939931,-10.489000,,,
2026-09-11T19:03:11.304,0.501273,-0.000000,0.014999,-0.000000,0.000000,-6.508520,2.239170,-0.000000,-0.002196,-0.004623,0.003300,0.012958,0.001618,0.004742,-0.000305,-0.003139,0.056781,0.400602,9.710153,0.218761,0.426869,0,0,,38.990220,-76.939931,-10.489000,,,
2026-09-11T19:03:11.338,0.534693,-0.000000,0.014999,-0.000000,0.000000,-6.508520,2.239170,-0.000000,0.000897,0.001888,0.003254,0.012958,0.001596,0.016576,-0.001919,0.003371,0.012258,0.339310,9.717998,0.200494,0.416220,0,0,,38.990220,-76.939931,-10.489000,,,
2026-09-11T19:03:11.371,0.568105,-0.000000,0.014999,-0.000000,0.000000,-6.575125,2.262084,-0.000000,-0.000082,-0.000172,0.003283,0.012958,0.001610,0.013724,-0.000718,0.001312,0.065508,0.359904,9.694070,0.184761,0.407026,0,0,,38.990220,-76.939931,-10.489000,,,
2026-09-11T19:03:11.404,0.601525,-0.000000,0.014999,-0.000000,0.000000,-6.575125,2.262084,-0.000000,-0.000275,-0.000580,0.003270,0.012958,0.001604,-0.001026,0.000893,0.000904,0.110129,0.406976,9.718390,0.171453,0.400980,0,0,,38.990220,-76.939931,-10.489000,,,
2026-09-11T19:03:11.438,0.634945,-0.000000,0.014999,-0.000000,0.000000,-6.619070,2.277203,-0.000000,-0.000151,-0.000319,0.003255,0.012958,0.001597,-0.016953,0.001026,0.001165,0.165046,0.369024,9.708388,0.161849,0.392544,0,0,,38.990220,-76.939931,-10.489000,,,
2026-09-11T19:03:11.471,0.668357,-0.000000,0.014999,-0.000000,0.000000,-6.619070,2.277203,-0.000000,0.000257,0.000540,0.003259,0.012958,0.001598,-0.025203,0.002089,0.002024,0.202802,0.361277,9.702896,0.154796,0.383700,0,0,,38.990220,-76.939931,-10.489000,,,
2026-09-11T19:03:11.504,0.701776,-0.000000,0.014999,-0.000000,0.000000,-6.619070,2.277203,-0.000000,-0.001400,-0.002948,0.003219,0.012958,0.001579,-0.027737,0.002242,-0.001465,0.216531,0.366180,9.693972,0.148709,0.375271,0,0,,38.990220,-76.939931,-10.489000,,,
2026-09-11T19:03:11.538,0.735198,-0.000000,0.014999,-0.000000,0.000000,-6.675375,2.296574,-0.000000,0.001136,0.002392,0.003209,0.012958,0.001575,-0.026484,0.000274,0.003876,0.188092,0.344998,9.690245,0.145907,0.365562,0,0,,38.990220,-76.939931,-10.489000,,,
2026-09-11T19:03:11.571,0.768615,-0.000000,0.014999,-0.000000,0.000000,-6.750906,2.322559,-0.000000,0.001524,0.003209,0.003303,0.012958,0.001619,-0.021749,0.002791,0.004692,0.160045,0.313617,9.723490,0.146378,0.353929,0,0,,38.990220,-76.939931,-10.489000,,,
2026-09-11T19:03:11.604,0.802037,-0.000000,0.014999,-0.000000,0.000000,-6.911581,2.377838,-0.000000,-0.000092,-0.000193,0.003353,0.012958,0.001643,-0.011474,0.002763,0.001291,0.134449,0.325090,9.698483,0.145188,0.343167,0,0,,38.990220,-76.939931,-10.489000,,,
2026-09-11T19:03:11.638,0.835454,0.009804,0.015274,0.090776,0.000000,-7.102469,2.443510,0.009795,0.002293,0.004826,0.003431,0.013122,0.001681,0.029107,-0.011408,0.006310,-0.090417,0.780805,10.062800,0.127573,0.362043,0,0,,38.990220,-76.939931,-10.489000,,,
2026-09-11T19:03:11.671,0.868871,0.009804,0.015603,0.090776,0.000000,-6.871069,2.363900,0.009795,0.006403,0.013481,0.003737,0.013448,0.001827,0.027864,-0.004712,0.014964,-0.510632,-0.249187,9.669651,0.079194,0.313985,0,0,,38.990220,-76.939931,-10.489000,,,
2026-09-11T19:03:11.705,0.902292,0.009804,0.015929,0.090776,0.000000,-7.035864,2.420595,0.009795,-0.012679,-0.026693,0.003516,0.013776,0.001723,0.030966,-0.000915,-0.025210,-0.739519,0.747267,9.566779,-0.008650,0.331033,0,0,,38.990220,-76.939931,-10.489000,,,
2026-09-11T19:03:11.738,0.935709,0.009804,0.016256,0.090776,0.000000,-7.530249,2.590682,0.009794,-0.000190,-0.000400,0.003063,0.014104,0.001509,0.051823,0.003060,0.001084,-0.050504,0.550349,9.803022,-0.058162,0.335118,0,0,,38.990220,-76.939931,-10.489000,,,
2026-09-11T19:03:11.772,0.969121,0.009804,0.016585,0.090776,0.000000,-7.805594,2.685411,0.009793,0.001871,0.003938,0.003122,0.014431,0.001539,0.063915,0.000311,0.005422,0.094732,0.037658,9.652980,-0.076128,0.305950,0,0,,38.990220,-76.939931,-10.489000,,,
2026-09-11T19:03:11.805,1.002546,-0.068626,0.013398,-0.635430,0.000000,-7.893484,2.715648,-0.068549,-0.007914,-0.016662,0.002910,0.013450,0.001435,0.058181,0.002410,-0.015178,0.263799,0.576533,9.606987,-0.076784,0.311936,0,0,,38.990220,-76.939931,-10.489000,,,
2026-09-11T19:03:11.838,1.035969,-0.068626,0.011107,-0.635430,0.000000,-7.798041,2.682812,-0.068551,-0.004529,-0.009535,0.002472,0.011159,0.001221,0.046095,0.003366,-0.008051,0.387657,0.384911,9.781447,-0.068381,0.305472,0,0,,38.990220,-76.939931,-10.489000,,,
2026-09-11T19:03:11.872,1.069378,-0.068626,0.008791,-0.635430,0.000000,-7.945669,2.733602,-0.068548,0.001243,0.002617,0.002356,0.008869,0.001160,0.053204,-0.000286,0.004100,0.397169,0.547996,9.630032,-0.058411,0.309698,0,0,,38.990220,-76.939931,-10.489000,,,
2026-09-11T19:03:11.905,1.102803,-0.039453,0.007293,-0.365304,0.000000,-9.283255,3.193780,-0.039392,0.001438,0.003028,0.002451,0.007065,0.001201,0.059624,-0.002552,0.004511,0.523675,0.346665,9.557659,-0.040334,0.300831,0,0,,38.990220,-76.939931,-10.489000,,,
2026-09-11T19:03:11.939,1.136226,-0.010279,0.007260,-0.095177,0.000000,-12.657431,4.354621,-0.010249,0.005669,0.011935,0.002701,0.006235,0.001317,0.079939,-0.006344,0.013418,0.526323,0.641061,9.546774,-0.022894,0.311136,0,0,,38.990220,-76.939931,-10.489000,,,
2026-09-11T19:03:11.972,1.169642,0.352936,0.019529,3.267924,0.000000,-19.332998,6.651261,0.350560,0.009885,0.020811,0.003248,0.011920,0.001596,0.107636,-0.028693,0.022295,0.076100,0.643709,9.375059,-0.034786,0.321016,0,0,,38.990220,-76.939931,-10.489000,,,
2026-09-11T19:03:12.005,1.203065,0.102767,0.022757,0.951547,0.000000,-19.850043,6.829143,0.102038,0.009096,0.019149,0.003915,0.019483,0.001939,0.130685,-0.014191,0.020632,-0.204273,0.326660,10.166064,-0.081656,0.310594,0,0,,38.990220,-76.939931,-10.489000,,,
2026-09-11T19:03:12.039,1.236491,0.016170,0.022742,0.149724,0.000000,-23.037451,7.925729,0.016016,0.006356,0.013381,0.004459,0.021455,0.002205,0.108351,0.001737,0.014864,0.355589,0.656751,9.624148,-0.102740,0.321786,0,0,,38.990220,-76.939931,-10.489000,,,
2026-09-11T19:03:12.072,1.269909,0.006548,0.022869,0.060632,0.000000,-25.944708,8.925932,0.006469,0.005131,0.010801,0.004863,0.021829,0.002398,0.083245,-0.003575,0.012285,0.649298,0.627724,9.619833,-0.098558,0.330981,0,0,,38.990220,-76.939931,-10.489000,,,
2026-09-11T19:03:12.106,1.303332,-0.000000,0.022719,-0.000000,0.000000,-30.914648,10.635773,-0.000000,0.005811,0.012235,0.005248,0.021937,0.002582,0.096368,-0.006979,0.013718,0.629587,0.406780,9.642193,-0.103974,0.325765,0,0,,38.990220,-76.939931,-10.489000,,,
2026-09-11T19:03:12.139,1.336754,-0.000000,0.022719,-0.000000,0.000000,-31.560782,10.858067,-0.000000,0.006780,0.014273,0.005691,0.021935,0.002792,0.112447,-0.005288,0.015756,0.466012,0.675874,9.694952,-0.123282,0.338042,0,0,,38.990220,-76.939931,-10.489000,,,
2026-09-11T19:03:12.172,1.370166,0.009622,0.023051,0.089091,0.000000,-32.305105,11.114142,0.009441,0.006662,0.014025,0.006164,0.022092,0.003018,0.100022,-0.006093,0.015508,0.598794,0.894563,9.712801,-0.131069,0.364333,0,0,,38.990220,-76.939931,-10.489000,,,
2026-09-11T19:03:12.205,1.403572,0.009622,0.023371,0.089091,0.000000,-33.890570,11.659600,0.009423,0.010843,0.022826,0.006779,0.022405,0.003312,0.080646,-0.005476,0.024310,0.595362,0.772274,9.598651,-0.119588,0.382405,0,1,1.403949,38.990220,-76.939931,-10.444000,0.066116,0.042069,3.418266
2026-09-11T19:03:12.240,1.436992,0.009622,0.023695,0.089091,0.000000,-36.811560,12.664527,0.009388,0.017722,0.037310,0.007784,0.022716,0.003792,0.070158,-0.003093,0.038794,0.815913,0.794829,9.695443,-0.090472,0.401738,0,0,,38.990220,-76.939931,-10.444000,,,
2026-09-11T19:03:12.273,1.470407,0.281344,0.038313,2.605035,0.000000,-42.631567,14.666824,0.272176,0.018687,0.039341,0.009065,0.027415,0.004443,0.062615,-0.002113,0.040825,0.796790,1.038230,9.580018,-0.087492,0.435950,0,0,,38.990220,-76.939931,-10.444000,,,
2026-09-11T19:03:12.306,1.503828,0.104591,0.039696,0.968437,0.000000,-44.060476,15.158421,0.100952,0.026886,0.056602,0.010668,0.033642,0.005263,0.062949,-0.003485,0.058086,0.826603,0.958992,9.613459,-0.091231,0.464980,0,0,,38.990220,-76.939931,-10.444000,,,
2026-09-11T19:03:12.340,1.537254,0.104591,0.043174,0.968437,0.000000,-46.450003,15.980506,0.100549,0.031504,0.066324,0.012723,0.036998,0.006278,0.059102,-0.005969,0.067807,0.778452,0.888973,9.469988,-0.101040,0.489094,0,0,,38.990220,-76.939931,-10.444000,,,
2026-09-11T19:03:12.373,1.570669,0.239600,0.053403,2.218520,0.000000,-49.274862,16.952361,0.229189,0.034547,0.072730,0.015046,0.042491,0.007461,0.041787,-0.006612,0.074214,0.923394,1.056078,9.729570,-0.104218,0.523110,0,0,,38.990220,-76.939931,-10.444000,,,
2026-09-11T19:03:12.407,1.604093,0.190977,0.059013,1.768309,0.000000,-51.985052,17.884766,0.181749,0.040976,0.086266,0.017703,0.049337,0.008834,0.029193,-0.010856,0.087750,0.963013,1.163069,9.459495,-0.108393,0.563758,0,0,,38.990220,-76.939931,-10.444000,,,
2026-09-11T19:03:12.440,1.637518,0.259968,0.069419,2.407107,0.000000,-56.045187,19.281601,0.245385,0.049983,0.105227,0.020903,0.056444,0.010494,0.048470,-0.017774,0.106710,1.038034,1.243287,9.606693,-0.109190,0.608500,0,0,,38.990220,-76.939931,-10.444000,,,
2026-09-11T19:03:12.474,1.670946,0.289124,0.078657,2.677072,0.000000,-59.286841,20.396849,0.270996,0.059997,0.126310,0.024773,0.065031,0.012529,0.047488,-0.010753,0.127793,0.940850,1.222007,9.834697,-0.115748,0.650827,0,0,,38.990220,-76.939931,-10.444000,,,
2026-09-11T19:03:12.507,1.704362,0.328402,0.089599,3.040761,0.000000,-64.786185,22.288825,0.303865,0.068304,0.143798,0.029286,0.074574,0.014933,0.050733,-0.020379,0.145282,0.787670,1.291340,10.063094,-0.115778,0.696552,1,0,,38.990220,-76.939931,-10.444000,,,
2026-09-11T19:03:12.541,1.737782,0.347770,0.101228,3.220094,0.000000,-70.385779,24.215291,0.317170,0.078963,0.166237,0.034467,0.084867,0.017724,0.045467,-0.010339,0.167721,0.784826,1.641045,9.939334,-0.111208,0.763857,1,0,,38.990220,-76.939931,-10.444000,,,
2026-09-11T19:03:12.574,1.771199,0.377181,0.113827,3.492421,0.000000,-72.677801,25.003831,0.341832,0.088734,0.186809,0.040366,0.095765,0.020937,0.022747,-0.002585,0.188292,0.865535,1.192685,9.692108,-0.112578,0.800635,1,0,,38.990220,-76.939931,-10.444000,,,
2026-09-11T19:03:12.607,1.804614,0.386997,0.126525,3.583307,0.000000,-75.937308,26.125220,0.347459,0.097093,0.204407,0.046902,0.107134,0.024541,0.001925,-0.012356,0.205890,0.966838,1.230637,10.011805,-0.101083,0.839001,1,0,,38.990220,-76.939931,-10.444000,,,
2026-09-11T19:03:12.641,1.838041,0.426275,0.141072,3.946995,0.000000,-78.595999,27.039908,0.379679,0.103938,0.218818,0.053976,0.119102,0.028511,-0.004573,-0.018673,0.220301,1.123940,1.192783,9.771640,-0.074173,0.873721,1,0,,38.990220,-76.939931,-10.444000,,,
2026-09-11T19:03:12.674,1.871455,0.465411,0.156334,4.309365,0.000000,-80.017355,27.528907,0.412716,0.108805,0.229062,0.061458,0.132113,0.032826,0.000872,-0.024064,0.230546,0.965367,1.146888,9.940805,-0.054060,0.904327,1,0,,38.990220,-76.939931,-10.444000,,,
2026-09-11T19:03:12.707,1.904872,0.465508,0.171708,4.310262,0.000000,-80.051687,27.540718,0.412758,0.114141,0.240297,0.069301,0.145632,0.037444,-0.007736,-0.014114,0.241781,0.319010,1.066571,10.133996,-0.072061,0.929091,1,0,,38.990220,-76.939931,-10.444000,,,
2026-09-11T19:03:12.741,1.938296,0.456217,0.187469,4.224231,0.000000,-80.095633,27.555837,0.404464,0.108857,0.229173,0.077146,0.158980,0.042159,-0.012895,0.001347,0.230656,0.186228,0.800811,10.275506,-0.093383,0.936779,1,0,,38.990220,-76.939931,-10.444000,,,
2026-09-11T19:03:12.774,1.971709,0.475825,0.203077,4.405783,0.000000,-80.095633,27.555837,0.421847,0.106348,0.223891,0.084716,0.172449,0.046860,-0.000816,0.003495,0.225374,0.399719,1.223282,9.371921,-0.097416,0.971645,1,0,,38.990220,-76.939931,-10.444000,,,
2026-09-11T19:03:12.807,2.005120,0.475921,0.218798,4.406680,0.000000,-80.072973,27.548041,0.421963,0.110063,0.231712,0.092327,0.186171,0.051707,0.020842,-0.008304,0.233196,0.661066,1.087361,8.986226,-0.083266,0.997100,1,0,,38.990220,-76.939931,-10.444000,,,
2026-09-11T19:03:12.841,2.038544,0.476274,0.235067,4.409941,0.000000,-80.029028,27.532923,0.422333,0.110689,0.233029,0.100093,0.199860,0.056734,0.030106,-0.019358,0.234512,0.305575,1.007143,9.552560,-0.089998,1.017041,1,0,,38.990220,-76.939931,-10.444000,,,
2026-09-11T19:03:12.875,2.071953,0.505685,0.251931,4.682269,0.000000,-76.893805,26.454291,0.452735,0.102158,0.215070,0.107579,0.214031,0.061788,0.003983,-0.017292,0.216554,0.334309,0.450518,10.190875,-0.096292,1.000748,1,0,,38.990220,-76.939931,-10.444000,,,
2026-09-11T19:03:12.908,2.105366,0.457479,0.266674,4.235915,0.000000,-67.492254,23.219812,0.420423,0.078761,0.165812,0.113942,0.228196,0.066403,-0.055141,-0.032957,0.167295,0.229574,0.445124,9.963949,-0.103315,0.986077,1,0,,38.990220,-76.939931,-10.444000,,,
2026-09-11T19:03:12.941,2.138792,0.438720,0.281992,4.062224,0.000000,-60.149267,20.693555,0.410416,0.068191,0.143559,0.119112,0.241703,0.070456,-0.090929,-0.033446,0.145043,0.495922,0.573983,9.600711,-0.087829,0.980617,1,0,,38.990220,-76.939931,-10.444000,,,
2026-09-11T19:03:12.975,2.172204,0.468132,0.297352,4.334551,0.000000,-48.102072,16.548878,0.448740,0.053160,0.111915,0.123380,0.255706,0.074206,-0.161377,-0.030932,0.113399,-0.025890,0.554664,9.777622,-0.109358,0.974532,1,0,,38.990220,-76.939931,-10.444000,,,
2026-09-11T19:03:13.008,2.205614,0.400585,0.310617,3.709118,0.000000,-37.936285,13.051474,0.390237,0.025839,0.054397,0.126159,0.269448,0.077258,-0.160191,-0.013055,0.055881,-0.002550,0.289787,9.258458,-0.126587,0.953229,1,0,,38.990220,-76.939931,-10.444000,,,
2026-09-11T19:03:13.041,2.239041,0.449683,0.325833,4.163729,0.000000,-24.599570,8.463155,0.444786,0.015187,0.031973,0.127602,0.283206,0.079705,-0.126622,-0.009028,0.033457,0.637432,0.935456,10.149981,-0.097132,0.974467,1,0,,38.990220,-76.939931,-10.444000,,,
2026-09-11T19:03:13.075,2.272453,0.411028,0.339021,3.805812,0.000000,-15.669058,5.390731,0.409210,0.013019,0.027409,0.128594,0.297295,0.081995,-0.056989,-0.010117,0.028893,0.770803,0.270467,9.180790,-0.054732,0.952560,1,0,,38.990220,-76.939931,-10.444000,,,
2026-09-11T19:03:13.108,2.305867,0.440985,0.354706,4.083193,0.000000,-12.483710,4.294854,0.439747,0.010306,0.021697,0.129415,0.311311,0.084206,0.033404,-0.016779,0.023180,0.562215,0.801301,8.802841,-0.019173,0.965407,1,0,,38.990220,-76.939931,-10.444000,,,
2026-09-11T19:03:13.142,2.339291,0.470645,0.370072,4.357827,0.000000,-6.598471,2.270116,0.470276,0.001968,0.004142,0.129846,0.326365,0.086375,0.077357,-0.023407,0.005626,0.060801,0.427766,10.156748,-0.011021,0.954391,1,0,,38.990220,-76.939931,-10.444000,,,
2026-09-11T19:03:13.176,2.372702,0.412460,0.383903,3.819075,0.000000,-3.650015,1.255739,0.412361,-0.003228,-0.006796,0.129802,0.340989,0.088263,0.079465,-0.017789,-0.005312,0.053544,0.595460,9.692501,0.000000,0.954676,1,1,2.352785,38.990221,-76.939928,-10.329000,0.304798,0.183101,3.478829
2026-09-11T19:03:13.209,2.406115,0.422992,0.398647,3.916589,0.000000,1.291086,-0.444181,0.422979,-0.010368,-0.021827,0.129324,0.354857,0.089841,0.024129,-0.010485,-0.020344,0.446889,0.597323,9.855487,0.036406,0.955496,1,0,,38.990221,-76.939928,-10.329000,,,
2026-09-11T19:03:13.242,2.439537,0.452551,0.413327,4.190289,0.000000,10.279276,-3.536448,0.451689,-0.024335,-0.051232,0.128103,0.369427,0.091142,-0.045946,-0.012764,-0.049749,-0.699704,-0.299201,10.331992,-0.002433,0.899093,1,0,,38.990221,-76.939928,-10.329000,,,
2026-09-11T19:03:13.275,2.472946,0.394690,0.426214,3.654539,0.000000,17.399103,-5.985930,0.392538,-0.032047,-0.067467,0.126120,0.383534,0.091996,-0.105210,0.000092,-0.065984,-0.306556,1.154047,9.970127,-0.013763,0.937720,1,0,,38.990221,-76.939928,-10.329000,,,
2026-09-11T19:03:13.309,2.506360,0.395007,0.438551,3.657473,0.000000,24.688532,-8.493761,0.390675,-0.036932,-0.077752,0.123694,0.396661,0.092483,-0.142951,-0.004650,-0.076269,-0.775216,-0.125721,10.099869,-0.055890,0.893239,1,0,,38.990221,-76.939928,-10.329000,,,
2026-09-11T19:03:13.342,2.539783,0.327654,0.449030,3.033833,0.000000,33.776285,-11.620282,0.320938,-0.040579,-0.085430,0.120967,0.408622,0.092650,-0.163792,-0.002461,-0.083946,-0.649298,0.637923,9.699856,-0.087345,0.898550,1,0,,38.990221,-76.939928,-10.329000,,,
2026-09-11T19:03:13.376,2.573192,0.318137,0.459066,2.945712,0.000000,35.196955,-12.109044,0.311058,-0.036272,-0.076363,0.118264,0.419257,0.092636,-0.149335,0.000808,-0.074879,-0.674992,0.564667,9.913935,-0.113847,0.898816,1,0,,38.990221,-76.939928,-10.329000,,,
2026-09-11T19:03:13.409,2.606606,0.240989,0.467437,2.231380,0.000000,37.500650,-12.901600,0.234905,-0.033671,-0.070886,0.115804,0.428452,0.092542,-0.095107,0.001385,-0.069402,-0.402759,0.760113,9.879416,-0.124411,0.911285,1,0,,38.990221,-76.939928,-10.329000,,,
2026-09-11T19:03:13.442,2.640030,0.221540,0.474992,2.051295,0.000000,38.634302,-13.291618,0.215605,-0.027829,-0.058588,0.113640,0.436050,0.092383,-0.018448,-0.001833,-0.057105,0.086691,-0.015298,9.551383,-0.105788,0.873093,0,0,,38.990221,-76.939928,-10.329000,,,
2026-09-11T19:03:13.476,2.673446,0.270559,0.483737,2.505174,0.000000,41.073267,-14.130711,0.262372,-0.034674,-0.072998,0.111442,0.444102,0.092241,0.050648,-0.005050,-0.071515,0.298024,0.293023,9.946787,-0.068228,0.855738,0,0,,38.990221,-76.939928,-10.329000,,,
2026-09-11T19:03:13.509,2.706860,0.212827,0.491017,1.970625,0.000000,44.652750,-15.362185,0.205223,-0.045160,-0.095073,0.108634,0.452013,0.091775,0.091372,-0.007251,-0.093590,0.492784,1.345963,9.808906,-0.018146,0.906835,0,0,,38.990221,-76.939928,-10.329000,,,
2026-09-11T19:03:13.543,2.740287,0.241984,0.498917,2.240590,0.000000,44.775659,-15.404470,0.233290,-0.027607,-0.058120,0.106073,0.459431,0.091350,0.094517,-0.013918,-0.056636,0.348038,1.235344,9.841856,0.018021,0.949830,0,0,,38.990221,-76.939928,-10.329000,,,
2026-09-11T19:03:13.576,2.773697,0.241984,0.506987,2.240590,0.000000,44.775659,-15.404470,0.233290,-0.028305,-0.059589,0.104107,0.467280,0.091239,0.091354,-0.014776,-0.058105,0.000196,0.488273,9.364664,0.026026,0.943940,0,0,,38.990221,-76.939928,-10.329000,,,
2026-09-11T19:03:13.610,2.807109,0.203410,0.514007,1.883424,0.000000,44.047815,-15.154065,0.196337,-0.025093,-0.052828,0.102229,0.474511,0.091091,0.112629,-0.012982,-0.051344,0.005982,0.796790,9.498133,0.028640,0.957879,0,0,,38.990221,-76.939928,-10.329000,,,
2026-09-11T19:03:13.643,2.840532,0.203410,0.520816,1.883424,0.000000,40.278131,-13.857155,0.197490,-0.018741,-0.039454,0.100687,0.481133,0.091029,0.156616,-0.018156,-0.037970,0.096203,0.623409,9.787527,0.031717,0.960261,0,0,,38.990221,-76.939928,-10.329000,,,
2026-09-11T19:03:13.676,2.873946,0.203410,0.527604,1.883424,0.000000,33.261301,-11.443108,0.199366,-0.013792,-0.029036,0.099543,0.487785,0.091151,0.170813,-0.019752,-0.027552,-0.025890,0.974977,9.772033,0.022823,0.985273,0,0,,38.990221,-76.939928,-10.329000,,,
2026-09-11T19:03:13.710,2.907360,0.193606,0.533908,1.792649,0.000000,29.586374,-10.178798,0.190559,-0.001346,-0.002834,0.099010,0.494292,0.091545,0.158839,-0.012633,-0.001351,-0.069039,0.950461,9.635524,0.011577,1.008077,0,0,,38.990221,-76.939928,-10.329000,,,
2026-09-11T19:03:13.743,2.940783,0.155119,0.538855,1.436283,0.000000,19.728891,-6.787463,0.154031,0.004499,0.009471,0.099121,0.500017,0.092167,0.131242,-0.012398,0.010954,0.076394,1.081477,9.612282,0.006141,1.039002,0,0,,38.990221,-76.939928,-10.329000,,,
2026-09-11T19:03:13.777,2.974194,0.155119,0.544080,1.436283,0.000000,9.981958,-3.434160,0.154840,0.011347,0.023888,0.099678,0.505125,0.092942,0.079559,-0.017855,0.025371,0.407270,0.900349,9.499212,0.021450,1.057689,0,0,,38.990221,-76.939928,-10.329000,,,
2026-09-11T19:03:13.810,3.007608,0.155119,0.549198,1.436283,0.000000,0.667612,-0.229683,0.155117,0.018449,0.038839,0.100726,0.510228,0.093956,0.070416,-0.013358,0.040323,0.405897,1.220241,9.714664,0.043162,1.096755,0,0,,38.990221,-76.939928,-10.329000,,,
2026-09-11T19:03:13.843,3.041030,0.164938,0.554765,1.527205,0.000000,-12.784460,4.398323,0.164452,0.025195,0.053043,0.102262,0.515467,0.095223,0.059754,-0.009918,0.054527,0.328817,1.253780,9.714370,0.061356,1.137399,0,0,,38.990221,-76.939928,-10.329000,,,
2026-09-11T19:03:13.877,3.074442,0.164938,0.560260,1.527205,0.000000,-22.966726,7.901397,0.163372,0.034131,0.071854,0.104348,0.520812,0.096773,0.017430,-0.019246,0.073338,0.060899,1.521796,9.614832,0.057551,1.194761,0,0,,38.990221,-76.939928,-10.329000,,,
2026-09-11T19:03:13.910,3.107858,0.164938,0.565765,1.527205,0.000000,-35.349692,12.161591,0.161237,0.036854,0.077586,0.106845,0.526080,0.098524,-0.005238,-0.001056,0.079070,0.494255,1.597111,9.401734,0.081599,1.256331,0,0,,38.990221,-76.939928,-10.329000,,,
2026-09-11T19:03:13.944,3.141275,0.135765,0.570015,1.257079,0.000000,-46.695135,16.064840,0.130463,0.038549,0.081157,0.109498,0.530789,0.100302,0.033949,-0.005531,0.082640,0.541033,0.336270,9.648175,0.109855,1.235598,0,0,,38.990221,-76.939928,-10.329000,,,
2026-09-11T19:03:13.977,3.174686,0.194587,0.575983,1.801733,0.000000,-56.768225,19.530353,0.183392,0.048098,0.101260,0.112545,0.535840,0.102323,0.084433,-0.015977,0.102743,1.056568,1.305755,9.436939,0.165837,1.277429,0,0,,38.990221,-76.939928,-10.329000,,,
2026-09-11T19:03:14.011,3.208099,0.194587,0.582479,1.801733,0.000000,-69.734152,23.991107,0.177777,0.050416,0.106138,0.116010,0.541646,0.104646,0.147868,-0.000848,0.107622,-0.303320,1.449717,9.645429,0.129577,1.328115,0,0,,38.990221,-76.939928,-10.329000,,,
2026-09-11T19:03:14.045,3.241521,0.184965,0.588501,1.712642,0.000000,-76.864966,26.444369,0.165612,0.047325,0.099632,0.119448,0.547153,0.106942,0.125893,0.019989,0.101115,-0.362650,0.333524,9.810671,0.090868,1.306021,0,0,,38.990221,-76.939928,-10.329000,,,
2026-09-11T19:03:14.078,3.274936,0.116934,0.592070,1.082723,0.000000,-83.220556,28.630925,0.102636,0.036721,0.077308,0.122405,0.551433,0.108875,0.001881,0.016972,0.078792,-0.000981,1.416767,9.576880,0.073930,1.354968,0,0,,38.990221,-76.939928,-10.329000,,,
2026-09-11T19:03:14.111,3.308349,0.116934,0.595972,1.082723,0.000000,-84.394034,29.034645,0.102239,0.035680,0.075116,0.124951,0.554681,0.110497,-0.054953,0.010516,0.076599,0.625272,1.419316,9.263166,0.093601,1.403554,0,0,,38.990221,-76.939928,-10.329000,,,
2026-09-11T19:03:14.144,3.341771,0.156212,0.601414,1.446411,0.000000,-85.934179,29.564511,0.135874,0.042012,0.088446,0.127684,0.558464,0.112287,-0.095741,0.006531,0.089929,0.463756,1.170326,9.725647,0.099086,1.435186,0,0,,38.990221,-76.939928,-10.329000,,,
2026-09-11T19:03:14.179,3.375185,0.127282,0.606283,1.178536,0.000000,-90.630835,31.180333,0.108895,0.043664,0.091924,0.130698,0.562335,0.114233,-0.126818,0.012092,0.093408,0.488371,1.125803,9.760657,0.101158,1.463704,0,1,3.360240,38.990222,-76.939925,-10.224000,0.526914,0.234807,3.478406
2026-09-11T19:03:14.211,3.408634,0.127282,0.610280,1.178536,0.000000,-96.362265,33.152155,0.106563,0.049298,0.103785,0.133971,0.565702,0.116249,-0.144303,0.012327,0.105268,0.280666,1.289771,9.647292,0.087987,1.502515,0,0,,38.990222,-76.939925,-10.224000,,,
2026-09-11T19:03:14.244,3.442058,0.175905,0.616102,1.628747,0.000000,-98.565710,33.910221,0.145986,0.052957,0.111488,0.137569,0.569652,0.118515,-0.202913,0.016350,0.112971,0.846804,1.288888,9.731041,0.112310,1.540471,0,0,,38.990222,-76.939925,-10.224000,,,
2026-09-11T19:03:14.278,3.475473,0.156297,0.621772,1.447195,0.000000,-103.951758,35.763219,0.126826,0.062424,0.131419,0.141627,0.573897,0.121057,-0.226771,0.024332,0.132902,1.193077,0.782473,9.881769,0.154792,1.545129,0,0,,38.990222,-76.939925,-10.224000,,,
2026-09-11T19:03:14.311,3.508885,0.166101,0.627307,1.537971,0.000000,-109.276694,37.595193,0.131609,0.067867,0.142878,0.146209,0.577857,0.123831,-0.186597,0.010414,0.144362,1.175817,0.635765,9.651509,0.187060,1.540082,0,0,,38.990222,-76.939925,-10.224000,,,
2026-09-11T19:03:14.345,3.542310,0.214210,0.635073,1.983428,0.000000,-110.759848,38.105452,0.168557,0.077750,0.163684,0.151333,0.582457,0.126983,-0.126567,0.010857,0.165167,1.040388,1.112270,9.549422,0.203802,1.565434,0,0,,38.990222,-76.939925,-10.224000,,,
2026-09-11T19:03:14.379,3.575723,0.262804,0.644629,2.433371,0.000000,-114.092825,39.252119,0.203507,0.091990,0.193663,0.157303,0.588162,0.130742,-0.082343,0.004070,0.195147,1.125215,0.848668,9.769679,0.225302,1.572633,0,0,,38.990222,-76.939925,-10.224000,,,
2026-09-11T19:03:14.412,3.609134,0.291911,0.654313,2.702876,0.000000,-119.601782,41.147402,0.219814,0.101721,0.214150,0.164116,0.594625,0.135069,-0.048022,-0.001789,0.215633,1.195038,1.009202,9.448904,0.248038,1.589666,0,0,,38.990222,-76.939925,-10.224000,,,
2026-09-11T19:03:14.445,3.642557,0.330809,0.665394,3.063045,0.000000,-120.964773,41.616321,0.247316,0.113412,0.238762,0.171685,0.601719,0.139919,-0.005923,-0.004039,0.240245,1.265254,0.790220,9.742220,0.270773,1.591533,1,0,,38.990222,-76.939925,-10.224000,,,
2026-09-11T19:03:14.479,3.675972,0.360220,0.677809,3.335371,0.000000,-120.964773,41.616321,0.269304,0.122205,0.257274,0.179972,0.609528,0.145306,0.014138,-0.010944,0.258757,1.058824,1.217201,9.680537,0.280291,1.620410,1,0,,38.990222,-76.939925,-10.224000,,,
2026-09-11T19:03:14.512,3.709384,0.379658,0.690552,3.515348,0.000000,-120.964773,41.616321,0.283835,0.132050,0.278000,0.188914,0.617832,0.151178,0.008847,-0.014424,0.279483,1.040191,0.987137,9.586883,0.288083,1.633420,1,0,,38.990222,-76.939925,-10.224000,,,
2026-09-11T19:03:14.545,3.742808,0.418760,0.705067,3.877406,0.000000,-120.964773,41.616321,0.313069,0.141315,0.297505,0.198532,0.626740,0.157583,0.027079,-0.008451,0.298989,1.201609,0.853473,9.484502,0.303936,1.636694,1,0,,38.990222,-76.939925,-10.224000,,,
2026-09-11T19:03:14.579,3.776219,0.457975,0.720322,4.240509,0.000000,-120.964773,41.616321,0.342386,0.155257,0.326857,0.208962,0.636459,0.164653,0.051589,-0.014696,0.328341,1.093540,1.330959,8.964259,0.313027,1.669682,1,0,,38.990222,-76.939925,-10.224000,,,
2026-09-11T19:03:14.612,3.809631,0.467597,0.736010,4.329601,0.000000,-121.287497,41.727350,0.348977,0.167068,0.351721,0.220299,0.646596,0.172374,0.070744,-0.025084,0.353205,1.076476,1.088832,9.955123,0.322362,1.685900,1,0,,38.990222,-76.939925,-10.224000,,,
2026-09-11T19:03:14.646,3.843052,0.516776,0.753997,4.784962,0.000000,-122.153357,42.025237,0.383887,0.175621,0.369729,0.232355,0.657243,0.180706,0.062835,-0.016389,0.371213,1.084125,1.232794,9.898146,0.330839,1.710038,1,0,,38.990222,-76.939925,-10.224000,,,
2026-09-11T19:03:14.679,3.876472,0.546187,0.772475,5.057290,0.000000,-123.447684,42.470533,0.402881,0.190198,0.400417,0.245224,0.668569,0.189756,0.072012,-0.017730,0.401901,1.250152,1.387543,9.877258,0.347854,1.742691,1,0,,38.990222,-76.939925,-10.224000,,,
2026-09-11T19:03:14.712,3.909886,0.575646,0.791624,5.330056,0.000000,-124.884146,42.964729,0.421242,0.200977,0.423110,0.258982,0.680270,0.199521,0.051946,0.006562,0.424594,0.633313,1.040976,10.338367,0.325244,1.751398,1,0,,38.990222,-76.939925,-10.224000,,,
2026-09-11T19:03:14.746,3.943308,0.595254,0.811315,5.511607,0.000000,-125.685461,43.240411,0.433634,0.202557,0.426437,0.273179,0.692279,0.209785,0.001876,0.004090,0.427920,1.132864,0.286452,9.260322,0.334758,1.710620,1,0,,38.990222,-76.939925,-10.224000,,,
2026-09-11T19:03:14.780,3.976723,0.615091,0.830967,5.695283,0.000000,-125.710867,43.249152,0.448020,0.213465,0.449401,0.287812,0.704507,0.220542,-0.004775,-0.015817,0.450884,0.926434,1.924359,8.958669,0.330783,1.775489,1,0,,38.990222,-76.939925,-10.224000,,,
2026-09-11T19:03:14.812,4.010137,0.624734,0.852311,5.784574,0.000000,-125.754812,43.264270,0.454931,0.221337,0.465973,0.303105,0.716822,0.231885,-0.001805,-0.004942,0.467457,1.329684,1.509047,9.990035,0.352840,1.812010,1,0,,38.990222,-76.939925,-10.224000,,,
2026-09-11T19:03:14.846,4.043563,0.663779,0.874639,6.146102,0.000000,-125.798758,43.279389,0.483244,0.231871,0.488150,0.319051,0.729428,0.243898,0.011109,-0.011773,0.489634,1.130216,1.875228,9.666905,0.359482,1.870355,1,0,,38.990222,-76.939925,-10.224000,,,
2026-09-11T19:03:14.880,4.076975,0.693143,0.898078,6.417989,0.000000,-125.842703,43.294508,0.504496,0.247929,0.521956,0.335926,0.742470,0.256797,0.069364,-0.012560,0.523440,1.418826,1.699002,8.968574,0.385378,1.914820,1,0,,38.990222,-76.939925,-10.224000,,,
2026-09-11T19:03:14.913,4.110387,0.761433,0.923579,7.050306,0.000000,-125.920981,43.321438,0.553955,0.267467,0.563089,0.354053,0.756194,0.270885,0.105206,0.067358,0.564573,1.687136,2.572382,7.165229,0.428532,2.012316,1,0,,38.990222,-76.939925,-10.224000,,,
2026-09-11T19:03:14.947,4.143809,0.800856,0.950764,7.415332,0.000000,-126.413992,43.491052,0.581006,0.279229,0.587850,0.373287,0.770666,0.286173,0.108490,-0.094302,0.589334,0.002157,1.693216,12.462193,0.361977,2.049778,1,0,,38.990222,-76.939925,-10.224000,,,
2026-09-11T19:03:14.980,4.177222,0.820987,0.977677,7.601733,0.000000,-126.347388,43.468138,0.595837,0.286212,0.602551,0.393174,0.785366,0.302287,0.175450,-0.037984,0.604034,2.076754,1.238286,14.710760,0.431221,2.056158,1,0,,38.990222,-76.939925,-10.224000,,,
2026-09-11T19:03:15.013,4.210637,0.860202,1.006377,7.964835,0.000000,-126.231344,43.428215,0.624710,0.296427,0.624056,0.413667,0.800295,0.319248,0.124516,0.032717,0.625540,1.298597,2.300836,10.040735,0.449302,2.129430,1,0,,38.990222,-76.939925,-10.224000,,,
2026-09-11T19:03:15.047,4.244063,0.880037,1.035969,8.148493,0.000000,-126.037024,43.361361,0.639820,0.307328,0.647006,0.434911,0.815398,0.337145,0.139876,0.044501,0.648489,1.644281,1.330272,10.633155,0.491053,2.137337,1,0,,38.990222,-76.939925,-10.224000,,,
2026-09-11T19:03:15.080,4.277478,0.939089,1.067508,8.695269,0.000000,-125.418356,43.148517,0.685144,0.326456,0.687276,0.457203,0.830792,0.356252,0.101890,0.057477,0.688759,0.900250,2.338984,8.080287,0.486578,2.206934,1,0,,38.990222,-76.939925,-10.224000,,,
2026-09-11T19:03:15.113,4.310890,0.968396,1.099741,8.966629,0.000000,-124.358862,42.784012,0.710725,0.320468,0.674669,0.479956,0.846715,0.376430,0.083952,0.034994,0.676153,1.024108,0.806597,8.976419,0.494006,2.175735,1,0,,38.990222,-76.939925,-10.224000,,,
2026-09-11T19:03:15.147,4.344313,0.968707,1.132308,8.969507,0.000000,-122.964972,42.304463,0.716435,0.336511,0.708444,0.503070,0.862556,0.397364,0.037973,0.071358,0.709928,1.322231,-0.325581,7.944956,0.526878,2.069552,1,0,,38.990222,-76.939925,-10.224000,,,
2026-09-11T19:03:15.181,4.377726,1.027304,1.167739,9.512073,0.000000,-122.428015,42.119730,0.761997,0.340280,0.716379,0.526873,0.878477,0.419375,0.027159,0.068975,0.717862,0.286746,1.740092,10.352096,0.498144,2.096153,1,1,4.358365,38.990225,-76.939923,-10.203000,0.714028,0.639371,3.535828
2026-09-11T19:03:15.214,4.411140,1.017647,1.201077,9.422654,0.000000,-122.110098,42.010355,0.756136,0.343491,0.723138,0.550924,0.894382,0.442193,0.029169,0.070013,0.724622,0.944478,1.236521,8.841087,0.515321,2.089719,1,0,,38.990225,-76.939923,-10.203000,,,
2026-09-11T19:03:15.248,4.444563,1.046906,1.236202,9.693574,0.000000,-121.404226,41.767509,0.780839,0.345532,0.727436,0.575165,0.909952,0.465642,0.001633,0.092969,0.728920,0.393443,1.587304,9.234726,0.501559,2.104750,1,0,,38.990225,-76.939923,-10.203000,,,
2026-09-11T19:03:15.281,4.477981,1.046926,1.271269,9.693758,0.000000,-120.764960,41.547578,0.783525,0.342624,0.721315,0.599372,0.925339,0.489696,-0.016506,0.092854,0.722798,0.176127,0.449537,9.309943,0.479695,2.045948,1,0,,38.990225,-76.939923,-10.203000,,,
2026-09-11T19:03:15.314,4.511394,1.036924,1.305861,9.601152,0.000000,-119.988363,41.280400,0.779238,0.341295,0.718516,0.623427,0.940159,0.514037,-0.003754,0.104137,0.720000,0.702745,2.390175,10.122915,0.499973,2.114091,1,0,,38.990225,-76.939923,-10.203000,,,
2026-09-11T19:03:15.348,4.544821,1.037027,1.340617,9.602102,0.000000,-119.516638,41.118109,0.781250,0.336716,0.708875,0.647283,0.954425,0.538634,-0.033448,0.083096,0.710359,0.313617,-0.356472,10.109774,0.502022,2.003581,1,0,,38.990225,-76.939923,-10.203000,,,
2026-09-11T19:03:15.381,4.578236,1.017943,1.375605,9.425402,0.000000,-118.876684,40.897942,0.769440,0.341501,0.718949,0.671139,0.967964,0.563456,-0.065497,0.096690,0.720433,-0.077276,1.034504,9.476264,0.482035,1.984649,1,0,,38.990225,-76.939923,-10.203000,,,
2026-09-11T19:03:15.414,4.611649,0.998827,1.408563,9.248395,0.000000,-118.700903,40.837467,0.755680,0.330276,0.695318,0.694766,0.980649,0.588240,-0.073675,0.088151,0.696801,-0.681072,0.675972,9.333479,0.426869,1.944464,1,0,,38.990225,-76.939923,-10.203000,,,
2026-09-11T19:03:15.448,4.645071,0.999210,1.441831,9.251946,0.000000,-118.656958,40.822348,0.756142,0.323934,0.681966,0.717782,0.992774,0.612953,-0.095843,0.058523,0.683450,-0.358629,1.202001,9.176671,0.398147,1.939491,1,0,,38.990225,-76.939923,-10.203000,,,
2026-09-11T19:03:15.481,4.678482,0.989806,1.474734,9.164871,0.000000,-118.182486,40.659112,0.750866,0.309498,0.651575,0.740060,1.004506,0.637613,-0.198661,0.009808,0.653059,-0.316363,-2.562183,7.104820,0.379038,1.692104,1,0,,38.990225,-76.939923,-10.203000,,,
2026-09-11T19:03:15.514,4.711897,0.941391,1.505982,8.716583,0.000000,-115.588339,39.766630,0.723606,0.334163,0.703501,0.762700,1.015166,0.662280,-0.111287,0.061749,0.704985,1.080595,-5.480152,9.738298,0.455192,1.257014,1,0,,38.990225,-76.939923,-10.203000,,,
2026-09-11T19:03:15.548,4.745321,0.912626,1.536098,8.450241,0.000000,-114.636648,39.439214,0.704820,0.278514,0.586345,0.784255,1.025102,0.686287,-0.161151,0.041135,0.587829,-1.115310,2.990832,11.328054,0.389524,1.382314,1,0,,38.990225,-76.939923,-10.203000,,,
2026-09-11T19:03:15.581,4.778738,0.854828,1.564587,7.915074,0.000000,-113.750876,39.134476,0.663062,0.267293,0.562722,0.803454,1.034628,0.708973,-0.058502,0.037826,0.564206,0.025301,2.883842,9.722313,0.397693,1.501882,1,0,,38.990225,-76.939923,-10.203000,,,
2026-09-11T19:03:15.615,4.812152,0.855004,1.593212,7.916704,0.000000,-113.343695,38.994390,0.664516,0.263493,0.554721,0.822124,1.043437,0.731176,-0.019287,0.047039,0.556205,-0.303908,1.529739,9.354466,0.378389,1.532604,1,0,,38.990225,-76.939923,-10.203000,,,
2026-09-11T19:03:15.648,4.845576,0.826200,1.620681,7.649999,0.000000,-112.944067,38.856904,0.643374,0.257087,0.541236,0.840439,1.051742,0.753185,0.070480,0.055716,0.542720,0.039423,-0.415017,10.002489,0.376259,1.438164,1,0,,38.990225,-76.939923,-10.203000,,,
2026-09-11T19:03:15.682,4.878989,0.846064,1.648984,7.833930,0.000000,-112.966726,38.864699,0.658771,0.276092,0.581246,0.859192,1.059408,0.775405,0.245580,-0.034955,0.582729,-1.578086,-3.529806,7.694984,0.269105,1.140631,1,0,,38.990225,-76.939923,-10.203000,,,
2026-09-11T19:03:15.715,4.912400,0.778816,1.673950,7.211259,0.000000,-113.056677,38.895646,0.606145,0.216474,0.455735,0.876515,1.066801,0.796847,0.115553,0.040749,0.457219,-1.317425,-0.056977,7.573774,0.177792,1.078479,1,0,,38.990225,-76.939923,-10.203000,,,
2026-09-11T19:03:15.749,4.945819,0.740319,1.698073,6.854808,0.000000,-113.055990,38.895410,0.576186,0.215179,0.453009,0.891700,1.073751,0.816695,0.073939,0.035651,0.454493,0.069823,-0.449733,9.675241,0.173796,0.992535,1,0,,38.990225,-76.939923,-10.203000,,,
2026-09-11T19:03:15.782,4.979231,0.721475,1.721551,6.680324,0.000000,-112.952307,38.859739,0.561801,0.214880,0.452380,0.906825,1.079956,0.836047,-0.023706,0.039009,0.453863,-0.354314,1.011458,8.949255,0.137934,1.002706,1,0,,38.990225,-76.939923,-10.203000,,,
2026-09-11T19:03:15.815,5.012647,0.702586,1.744183,6.505426,0.000000,-109.444922,37.653069,0.556254,0.195862,0.412342,0.921273,1.085928,0.855032,-0.091696,0.010657,0.413825,0.641943,0.961248,9.460672,0.157979,1.011117,1,0,,38.990225,-76.939923,-10.203000,,,
2026-09-11T19:03:15.849,5.046072,0.713100,1.767130,6.602774,0.000000,-106.935232,36.789644,0.571078,0.198843,0.418618,0.935161,1.091936,0.874069,-0.116274,-0.036790,0.420101,1.871991,1.339686,8.730468,0.249128,1.043346,1,0,,38.990225,-76.939923,-10.203000,,,
2026-09-11T19:03:15.882,5.079489,0.791130,1.793549,7.325277,0.000000,-104.477728,35.944173,0.640490,0.231746,0.487885,0.950307,1.097999,0.894677,-0.043990,0.004100,0.489369,-0.755995,0.903389,12.384132,0.164039,1.042169,1,0,,38.990225,-76.939923,-10.203000,,,
2026-09-11T19:03:15.915,5.112904,0.772167,1.819185,7.149694,0.000000,-103.797262,35.710067,0.626985,0.213570,0.449622,0.965970,1.104093,0.916281,-0.047463,0.041000,0.451105,1.385778,0.522596,9.414874,0.213680,1.018305,1,0,,38.990225,-76.939923,-10.203000,,,
2026-09-11T19:03:15.949,5.146329,0.772462,1.844077,7.152428,0.000000,-101.727026,34.997830,0.632781,0.221088,0.465449,0.981263,1.109923,0.937775,-0.016251,0.016092,0.466932,0.531422,1.295655,9.709564,0.199122,1.044003,1,0,,38.990225,-76.939923,-10.203000,,,
2026-09-11T19:03:15.982,5.179746,0.782483,1.870117,7.245217,0.000000,-95.765570,32.946870,0.656641,0.209666,0.441402,0.996416,1.115751,0.959731,-0.038304,0.032083,0.442886,0.603403,-0.213393,10.224512,0.179299,0.971897,1,0,,38.990225,-76.939923,-10.203000,,,
2026-09-11T19:03:16.016,5.213159,0.773202,1.895869,7.159276,0.000000,-93.703573,32.237468,0.654009,0.197460,0.415706,1.010735,1.121780,0.981853,-0.034696,0.034037,0.417190,1.616430,0.856121,9.761736,0.219926,0.971081,1,0,,38.990225,-76.939923,-10.203000,,,
2026-09-11T19:03:16.050,5.246586,0.783041,1.922075,7.250382,0.000000,-86.514395,29.764127,0.679740,0.190871,0.401834,1.024399,1.127968,1.004232,-0.048478,0.019633,0.403318,1.332037,1.045291,9.038495,0.235823,0.982455,1,0,,38.990225,-76.939923,-10.203000,,,
2026-09-11T19:03:16.083,5.280002,0.821989,1.950127,7.611013,0.000000,-78.488196,27.002820,0.732380,0.174488,0.367343,1.037250,1.134858,1.027611,-0.084906,0.013030,0.368826,1.380090,-0.103166,9.517844,0.250764,0.919531,1,0,,38.990225,-76.939923,-10.203000,,,
2026-09-11T19:03:16.116,5.313417,0.841356,1.977967,7.790331,0.000000,-69.963492,24.070009,0.768198,0.166766,0.351086,1.049253,1.142550,1.052145,-0.060931,0.014655,0.352569,1.504046,1.886309,9.456259,0.275943,0.986203,1,0,,38.990225,-76.939923,-10.203000,,,
2026-09-11T19:03:16.150,5.346847,0.860797,2.006902,7.970344,0.000000,-67.157171,23.104531,0.791753,0.156776,0.330054,1.060638,1.150706,1.077496,-0.095436,0.020271,0.331538,1.278297,1.095795,9.194421,0.285565,1.001453,1,0,,38.990225,-76.939923,-10.203000,,,
2026-09-11T19:03:16.183,5.380262,0.899848,2.037102,8.331925,0.000000,-62.389105,21.464142,0.837441,0.152421,0.320887,1.071514,1.159343,1.103822,-0.088751,0.023590,0.322371,1.594169,1.005084,9.891380,0.309528,1.010168,1,1,5.375044,38.990233,-76.939922,-10.156000,0.768765,1.471109,3.964554
2026-09-11T19:03:16.216,5.413674,0.939176,2.067824,8.696070,0.000000,-57.463797,19.769655,0.883821,0.151078,0.318059,1.082188,1.168508,1.131546,-0.076140,0.009647,0.319543,1.438832,0.407761,9.111359,0.317851,0.979271,1,0,,38.990233,-76.939922,-10.156000,,,
2026-09-11T19:03:16.250,5.447091,0.958815,2.100474,8.877915,0.000000,-52.793234,18.162810,0.911041,0.135411,0.285075,1.092266,1.178212,1.160324,-0.140817,0.016248,0.286559,1.323506,1.250544,9.701229,0.314459,1.004726,1,0,,38.990233,-76.939922,-10.156000,,,
2026-09-11T19:03:16.285,5.480517,0.958882,2.132511,8.878539,0.000000,-46.191138,15.891446,0.922236,0.129820,0.273305,1.101598,1.188249,1.189611,-0.142874,0.025978,0.274789,1.734404,-0.220748,9.702307,0.332259,0.935012,1,0,,38.990233,-76.939922,-10.156000,,,
2026-09-11T19:03:16.316,5.513934,1.017671,2.166727,9.422881,0.000000,-44.099615,15.171886,0.982200,0.130619,0.274988,1.110759,1.198612,1.220009,-0.121139,-0.021212,0.276472,1.245052,1.022343,9.089980,0.313922,0.945493,1,0,,38.990233,-76.939922,-10.156000,,,
2026-09-11T19:03:16.350,5.547347,1.027495,2.201294,9.513840,0.000000,-44.169653,15.195982,0.991568,0.141376,0.297635,1.120326,1.209028,1.251623,-0.079532,0.006485,0.299118,0.319206,-0.884266,11.644907,0.237126,0.830679,1,0,,38.990233,-76.939922,-10.156000,,,
2026-09-11T19:03:16.384,5.580770,1.066939,2.236585,9.879066,0.000000,-44.125708,15.180863,1.029707,0.140518,0.295827,1.130244,1.219330,1.284135,-0.016321,-0.026358,0.297311,1.693903,0.071196,9.813907,0.253599,0.778428,1,0,,38.990233,-76.939922,-10.156000,,,
2026-09-11T19:03:16.417,5.614197,1.096087,2.273394,10.148958,0.000000,-44.104422,15.173540,1.057875,0.144380,0.303958,1.140268,1.229731,1.317778,0.010443,-0.034595,0.305442,1.457170,1.210435,8.255336,0.258670,0.799502,1,0,,38.990233,-76.939922,-10.156000,,,
2026-09-11T19:03:16.451,5.647614,1.154681,2.312499,10.691487,0.000000,-43.993872,15.135506,1.114626,0.142824,0.300683,1.150371,1.240338,1.352823,0.023578,-0.060135,0.302166,2.834612,-0.301064,11.329427,0.357487,0.721506,1,0,,38.990233,-76.939922,-10.156000,,,
2026-09-11T19:03:16.483,5.681036,1.203731,2.352120,11.145657,0.000000,-39.551962,13.607326,1.169943,0.146476,0.308370,1.160548,1.251315,1.389706,0.018883,-0.005048,0.309854,1.886505,-0.753445,9.517942,0.399287,0.613391,1,0,,38.990233,-76.939922,-10.156000,,,
2026-09-11T19:03:16.517,5.714449,1.223273,2.393086,11.326605,0.000000,-32.197302,11.077053,1.200483,0.109937,0.231447,1.169567,1.263008,1.427786,0.006483,0.032548,0.232931,3.086055,-0.966445,8.705756,0.524515,0.498088,1,0,,38.990233,-76.939922,-10.156000,,,
2026-09-11T19:03:16.552,5.747862,1.291684,2.437939,11.960039,0.000000,-24.783591,8.526465,1.277408,0.095526,0.201108,1.176793,1.275869,1.467285,0.088124,-0.053362,0.202591,2.225227,-0.925650,11.248326,0.601590,0.388073,1,0,,38.990233,-76.939922,-10.156000,,,
2026-09-11T19:03:16.584,5.781284,1.350659,2.482823,12.506102,0.000000,-15.775488,5.427347,1.344604,0.074603,0.157059,1.182779,1.289938,1.508880,0.114486,-0.179330,0.158542,0.906723,-1.010379,12.474844,0.605011,0.276730,1,0,,38.990233,-76.939922,-10.156000,,,
2026-09-11T19:03:16.617,5.814697,1.351296,2.528540,12.512001,0.000000,-14.076040,4.842674,1.346472,0.046174,0.097209,1.187027,1.304990,1.551294,0.103495,-0.007770,0.098692,-0.451890,-0.937320,3.112925,0.530931,0.176591,1,0,,38.990233,-76.939922,-10.156000,,,
2026-09-11T19:03:16.651,5.848111,1.351773,2.574565,12.516416,0.000000,-5.877493,2.022073,1.350931,0.020505,0.043169,1.189372,1.320781,1.593517,0.051181,-0.139079,0.044653,4.251967,-1.288790,21.975036,0.770281,0.059507,1,0,,38.990233,-76.939922,-10.156000,,,
2026-09-11T19:03:16.685,5.881530,1.352058,2.620067,12.519054,0.000000,-1.255682,0.432001,1.352019,-0.015968,-0.033617,1.189532,1.337520,1.635465,0.007806,0.073905,-0.032133,2.746254,0.998709,11.336488,0.921805,0.098582,1,0,,38.990233,-76.939922,-10.156000,,,
2026-09-11T19:03:16.718,5.914946,1.371408,2.665556,12.698225,0.000000,3.964884,-1.364065,1.371020,-0.015150,-0.031894,1.188437,1.354955,1.677492,0.035256,0.051363,-0.030411,0.752170,1.218672,8.897476,0.954810,0.151355,1,0,,38.990233,-76.939922,-10.156000,,,
2026-09-11T19:03:16.751,5.948360,1.342407,2.710711,12.429692,0.000000,6.664087,-2.292691,1.341332,-0.011005,-0.023169,1.187517,1.372287,1.719364,-0.002795,-0.011460,-0.021685,0.476603,-1.057745,11.525756,0.977206,0.055302,1,0,,38.990233,-76.939922,-10.156000,,,
2026-09-11T19:03:16.785,5.981780,1.313500,2.754393,12.162033,0.000000,6.773264,-2.330251,1.312413,-0.007462,-0.015710,1.186867,1.389169,1.760370,-0.063569,0.018570,-0.014226,-0.578298,0.662145,11.295005,0.939236,0.071017,1,0,,38.990233,-76.939922,-10.156000,,,
2026-09-11T19:03:16.818,6.015195,1.274834,2.796762,11.804019,0.000000,6.074945,-2.090004,1.273986,-0.005030,-0.010590,1.186428,1.405557,1.800355,-0.063613,0.048427,-0.009107,-1.713614,2.479415,9.810475,0.837970,0.203786,1,0,,38.990233,-76.939922,-10.156000,,,
2026-09-11T19:03:16.851,6.048628,1.187777,2.836207,10.997937,0.000000,3.994409,-1.374223,1.187436,0.005534,0.011651,1.186446,1.420978,1.838502,-0.094044,0.009362,0.013134,-1.530916,1.074417,9.729472,0.752251,0.242346,1,0,,38.990233,-76.939922,-10.156000,,,
2026-09-11T19:03:16.886,6.082051,1.159123,2.874757,10.732625,0.000000,-2.045325,0.703667,1.159036,0.016642,0.035036,1.187226,1.435324,1.874999,-0.052021,0.006034,0.036519,-0.102479,0.569374,10.702292,0.757526,0.246015,1,0,,38.990233,-76.939922,-10.156000,,,
2026-09-11T19:03:16.918,6.115469,1.130223,2.911960,10.465023,0.000000,-9.463156,3.255673,1.128398,0.055715,0.117296,1.189771,1.448461,1.910911,0.021223,-0.033885,0.118779,-0.667244,1.270746,10.153708,0.722834,0.289133,1,0,,38.990233,-76.939922,-10.156000,,,
2026-09-11T19:03:16.952,6.148884,1.062645,2.947717,9.839302,0.000000,-21.052359,7.242784,1.054166,0.073156,0.154014,1.194304,1.459946,1.945585,0.042902,-0.001056,0.155497,-0.096694,1.830313,10.215097,0.720651,0.366072,1,0,,38.990233,-76.939922,-10.156000,,,
2026-09-11T19:03:16.985,6.182304,1.062927,2.982927,9.841919,0.000000,-25.818365,8.882465,1.050180,0.094126,0.198161,1.200189,1.470175,1.979342,0.083244,0.001724,0.199645,-0.148963,0.178873,9.448021,0.708244,0.332222,1,0,,38.990233,-76.939922,-10.156000,,,
2026-09-11T19:03:17.018,6.215718,1.043822,3.017513,9.665019,0.000000,-33.870657,11.652749,1.022309,0.114219,0.240460,1.207517,1.479349,2.012909,0.015114,-0.027517,0.241944,-0.112188,0.492882,10.215784,0.688681,0.316648,1,0,,38.990233,-76.939922,-10.156000,,,
2026-09-11T19:03:17.052,6.249130,1.054041,3.052981,9.759641,0.000000,-35.078467,12.068280,1.030746,0.121338,0.255449,1.215802,1.487719,2.046402,0.007216,0.013123,0.256933,0.918001,0.627920,7.973591,0.724828,0.308863,1,0,,38.990233,-76.939922,-10.156000,,,
2026-09-11T19:03:17.085,6.282557,1.044716,3.087301,9.673297,0.000000,-40.007208,13.763948,1.014716,0.125364,0.263924,1.224482,1.495591,2.079924,0.020922,-0.031018,0.265407,0.882697,1.481098,11.597148,0.744514,0.356151,1,0,,38.990233,-76.939922,-10.156000,,,
2026-09-11T19:03:17.119,6.315973,1.093867,3.123972,10.128402,0.000000,-42.173575,14.509257,1.058981,0.133890,0.281873,1.233601,1.503118,2.114020,-0.028808,0.001253,0.283357,1.195333,1.601720,10.977956,0.771204,0.408727,1,0,,38.990233,-76.939922,-10.156000,,,
2026-09-11T19:03:17.152,6.349388,1.094196,3.161042,10.131443,0.000000,-41.924322,14.423505,1.059708,0.141309,0.297492,1.243281,1.510321,2.148980,0.018064,-0.010552,0.298976,1.428731,1.091872,9.385160,0.799049,0.426608,1,0,,38.990233,-76.939922,-10.156000,,,
2026-09-11T19:03:17.185,6.382811,1.153064,3.199643,10.676519,0.000000,-42.173575,14.509257,1.116290,0.144855,0.304957,1.253349,1.517305,2.184986,0.036255,0.024779,0.306441,1.051371,0.889365,10.666399,0.784485,0.429544,1,1,6.368801,38.990243,-76.939922,-10.028000,0.776687,2.555074,3.241945
2026-09-11T19:03:17.219,6.416223,1.192511,3.239477,11.041765,0.000000,-42.214773,14.523431,1.154404,0.138032,0.290595,1.263298,1.524467,2.222537,-0.030219,0.059099,0.292078,2.003204,-0.798065,11.235577,0.818580,0.323473,1,0,,38.990243,-76.939922,-10.028000,,,
2026-09-11T19:03:17.253,6.449639,1.251323,3.280918,11.586324,0.000000,-41.933935,14.426813,1.211865,0.159556,0.335907,1.273766,1.531484,2.261760,0.104073,-0.002134,0.337390,-1.382443,3.111356,6.800422,0.627691,0.467169,1,0,,38.990243,-76.939922,-10.028000,,,
2026-09-11T19:03:17.286,6.483059,1.280530,3.323577,11.856764,0.000000,-38.953894,13.401569,1.245661,0.124849,0.262840,1.283771,1.538753,2.302458,-0.035656,-0.028824,0.264324,1.905530,-2.695750,7.096680,0.646886,0.238240,1,0,,38.990243,-76.939922,-10.028000,,,
2026-09-11T19:03:17.319,6.516471,1.348488,3.368814,12.486004,0.000000,-35.497320,12.212381,1.317972,0.125302,0.263793,1.292569,1.546678,2.344753,0.062073,0.079767,0.265277,1.218182,0.181521,9.925507,0.617917,0.196951,1,0,,38.990243,-76.939922,-10.028000,,,
2026-09-11T19:03:17.353,6.549883,1.358389,3.414586,12.577676,0.000000,-31.544989,10.852634,1.334094,0.129798,0.273260,1.301541,1.554551,2.388561,0.012838,0.129715,0.274743,0.861906,-1.001161,10.475562,0.566558,0.078439,1,0,,38.990243,-76.939922,-10.028000,,,
2026-09-11T19:03:17.386,6.583308,1.426461,3.461622,13.207976,0.000000,-29.255713,10.065039,1.404508,0.111887,0.235552,1.310044,1.562636,2.433791,-0.010730,-0.041768,0.237036,3.955905,0.686269,5.801026,0.717194,0.072696,1,0,,38.990243,-76.939922,-10.028000,,,
2026-09-11T19:03:17.419,6.616734,1.504417,3.512326,13.929786,0.000000,-25.611685,8.811360,1.486662,0.102303,0.215374,1.317581,1.571450,2.481435,0.060182,-0.100807,0.216858,2.416751,0.455127,10.050149,0.772134,0.052733,1,0,,38.990243,-76.939922,-10.028000,,,
2026-09-11T19:03:17.453,6.650144,1.582537,3.566069,14.653119,0.000000,-18.241232,6.275653,1.573054,0.097916,0.206139,1.324622,1.580835,2.531792,0.047983,-0.034396,0.207622,1.402645,-0.907998,12.017658,0.769346,-0.055521,1,0,,38.990243,-76.939922,-10.028000,,,
2026-09-11T19:03:17.486,6.683570,1.621533,3.619616,15.014190,0.000000,-18.355215,6.314868,1.611694,0.090805,0.191168,1.331262,1.590571,2.584215,0.044269,-0.048069,0.192652,1.253780,-0.630568,11.110739,0.764340,-0.143601,1,0,,38.990243,-76.939922,-10.028000,,,
2026-09-11T19:03:17.520,6.716980,1.631538,3.674098,15.106834,0.000000,-14.909628,5.129459,1.625004,0.068762,0.144762,1.336874,1.600660,2.637403,0.050443,-0.000946,0.146246,0.882893,-0.099832,9.944630,0.744953,-0.191583,1,0,,38.990243,-76.939922,-10.028000,,,
2026-09-11T19:03:17.553,6.750397,1.670698,3.730880,15.469428,0.000000,-9.054601,3.115115,1.668230,0.044001,0.092633,1.340840,1.611473,2.691388,0.036814,-0.024913,0.094116,1.113545,-1.297224,9.825969,0.753754,-0.311343,1,0,,38.990243,-76.939922,-10.028000,,,
2026-09-11T19:03:17.586,6.783821,1.671140,3.785997,15.473516,0.000000,-3.692586,1.270385,1.670729,0.022985,0.048389,1.343197,1.623038,2.745989,0.023204,-0.066370,0.049872,1.028521,-1.089323,7.688414,0.769488,-0.411558,1,0,,38.990243,-76.939922,-10.028000,,,
2026-09-11T19:03:17.620,6.817230,1.691305,3.842281,15.660236,0.000000,1.100200,-0.378509,1.691269,-0.005693,-0.011986,1.343805,1.635412,2.800770,-0.007660,-0.022682,-0.010503,0.553095,-1.354200,7.084716,0.764149,-0.521211,1,0,,38.990243,-76.939922,-10.028000,,,
2026-09-11T19:03:17.653,6.850643,1.701373,3.899505,15.753451,0.000000,8.395810,-2.888467,1.699211,-0.028360,-0.059705,1.342608,1.648746,2.855824,-0.029347,-0.041627,-0.058222,-0.329994,-1.235148,8.904242,0.714011,-0.616696,1,0,,38.990243,-76.939922,-10.028000,,,
2026-09-11T19:03:17.686,6.884066,1.662955,3.954510,15.397731,0.000000,8.038754,-2.765626,1.661018,-0.037157,-0.078224,1.340303,1.662577,2.910259,-0.052555,-0.016939,-0.076741,0.992335,-1.125509,9.818124,0.764681,-0.702203,1,0,,38.990243,-76.939922,-10.028000,,,
2026-09-11T19:03:17.720,6.917480,1.663491,4.010170,15.402699,0.000000,8.398556,-2.889412,1.661377,-0.041598,-0.087575,1.337533,1.676614,2.963978,-0.015386,0.024158,-0.086091,0.319893,-0.261347,11.060038,0.782415,-0.729800,1,0,,38.990243,-76.939922,-10.028000,,,
2026-09-11T19:03:17.754,6.950894,1.644046,4.065455,15.222650,0.000000,7.916531,-2.723577,1.642189,-0.036151,-0.076107,1.334798,1.690708,3.017357,0.029771,-0.067826,-0.074623,-0.848079,0.792279,11.428082,0.729517,-0.690225,1,0,,38.990243,-76.939922,-10.028000,,,
2026-09-11T19:03:17.787,6.984317,1.605156,4.117840,14.862551,0.000000,5.610776,-1.930313,1.604245,-0.003045,-0.006410,1.333419,1.704066,3.069944,0.148362,0.050250,-0.004927,-1.858458,1.565337,1.506498,0.618491,-0.608452,1,0,,38.990243,-76.939922,-10.028000,,,
2026-09-11T19:03:17.820,7.017728,1.546760,4.169370,14.321851,0.000000,3.086667,-1.061927,1.546494,0.004610,0.009706,1.333474,1.716417,3.121109,0.084832,-0.293891,0.011190,-3.197654,1.680370,20.212585,0.426828,-0.521802,1,0,,38.990243,-76.939922,-10.028000,,,
2026-09-11T19:03:17.854,7.051142,1.498718,4.219160,13.877018,0.000000,1.889157,-0.649939,1.498621,0.001055,0.002220,1.333673,1.728281,3.170582,0.169188,-0.018765,0.003704,1.900431,3.586978,11.548900,0.568715,-0.311913,1,0,,38.990243,-76.939922,-10.028000,,,
2026-09-11T19:03:17.887,7.084566,1.479894,4.267925,13.702718,0.000000,-0.396686,0.136475,1.479889,0.017116,0.036033,1.334313,1.739663,3.219041,0.131738,0.048887,0.037516,-0.285570,-0.659105,11.350217,0.569966,-0.382481,1,0,,38.990243,-76.939922,-10.028000,,,
2026-09-11T19:03:17.921,7.117979,1.460711,4.315733,13.525105,0.000000,-2.606311,0.896667,1.460533,0.021347,0.044941,1.335665,1.750515,3.266956,0.122606,0.000404,0.046424,0.824151,0.526127,11.487608,0.642309,-0.376315,1,0,,38.990243,-76.939922,-10.028000,,,
2026-09-11T19:03:17.954,7.151400,1.422210,4.363786,13.168613,0.000000,-3.321796,1.142820,1.421927,0.023585,0.049652,1.337246,1.760970,3.313980,0.088882,0.013069,0.051135,-0.990766,-0.248893,8.703010,0.594502,-0.420719,1,0,,38.990243,-76.939922,-10.028000,,,
2026-09-11T19:03:17.988,7.184808,1.412842,4.410719,13.081868,0.000000,-3.227039,1.110220,1.412577,0.027043,0.056932,1.339026,1.771064,3.360247,0.016461,0.007815,0.058416,-0.660870,-0.246245,10.217255,0.567386,-0.465077,1,0,,38.990243,-76.939922,-10.028000,,,
2026-09-11T19:03:18.021,7.218216,1.393820,4.457009,12.905738,0.000000,-3.275791,1.126992,1.393550,0.023664,0.049818,1.340810,1.780966,3.406070,0.034623,0.000242,0.051302,0.079042,0.832585,9.344659,0.584752,-0.438409,1,0,,38.990243,-76.939922,-10.028000,,,
2026-09-11T19:03:18.057,7.251636,1.365298,4.502763,12.641651,0.000000,-3.322482,1.143056,1.365027,0.029745,0.062621,1.342688,1.790563,3.451165,0.025746,0.077245,0.064105,-0.551918,-2.389979,12.353143,0.552974,-0.621702,1,0,,38.990243,-76.939922,-10.028000,,,
2026-09-11T19:03:18.089,7.285045,1.365995,4.548081,12.648099,0.000000,-4.333911,1.491025,1.365532,0.027391,0.057664,1.344698,1.799903,3.495821,-0.005850,-0.028232,0.059148,1.488257,0.104245,10.482426,0.643012,-0.641040,1,0,,38.990243,-76.939922,-10.028000,,,
2026-09-11T19:03:18.121,7.318480,1.366535,4.592844,12.653101,0.000000,-5.389285,1.854112,1.365819,0.036015,0.075821,1.346929,1.809056,3.540568,0.040377,-0.034342,0.077304,0.561431,2.707126,8.519037,0.665869,-0.493198,1,0,,38.990243,-76.939922,-10.028000,,,
2026-09-11T19:03:18.154,7.351901,1.357273,4.637921,12.567344,0.000000,-6.621814,2.278147,1.356200,0.035284,0.074282,1.349438,1.817937,3.585195,0.047241,-0.013863,0.075766,0.295082,-0.841214,8.806764,0.668085,-0.576604,1,0,,38.990243,-76.939922,-10.028000,,,
2026-09-11T19:03:18.188,7.385320,1.348091,4.682641,12.482320,0.000000,-6.864887,2.361773,1.346945,0.034893,0.073459,1.351906,1.826655,3.629529,0.033608,0.026186,0.074942,0.800517,0.977919,9.826558,0.690430,-0.541196,1,1,7.370650,38.990256,-76.939923,-9.949000,0.757818,4.000793,3.431178
2026-09-11T19:03:18.221,7.418730,1.348271,4.727333,12.483987,0.000000,-7.150531,2.460045,1.347028,0.039534,0.083230,1.354524,1.835156,3.673739,0.016219,0.032545,0.084714,0.942125,1.318210,9.374275,0.708487,-0.485016,1,0,,38.990256,-76.939923,-9.949000,,,
2026-09-11T19:03:18.255,7.452149,1.348194,4.772571,12.483274,0.000000,-7.072940,2.433351,1.346978,0.034706,0.073066,1.357135,1.843547,3.717984,0.014981,0.061942,0.074550,0.326954,-1.263685,10.895286,0.679582,-0.595709,1,0,,38.990256,-76.939923,-9.949000,,,
2026-09-11T19:03:18.288,7.485558,1.348371,4.817462,12.484921,0.000000,-6.816135,2.345001,1.347242,0.026808,0.056438,1.359299,1.852038,3.762193,-0.021558,0.035885,0.057922,-0.028537,0.747071,9.303863,0.615404,-0.573557,1,0,,38.990256,-76.939923,-9.949000,,,
2026-09-11T19:03:18.321,7.518967,1.377876,4.863567,12.758107,0.000000,-6.897159,2.372876,1.376694,0.014901,0.031370,1.360765,1.860875,3.806833,-0.035520,-0.016849,0.032853,0.108265,-1.006751,9.411148,0.548851,-0.663027,1,0,,38.990256,-76.939923,-9.949000,,,
2026-09-11T19:03:18.355,7.552388,1.407042,4.910865,13.028163,0.000000,-6.959644,2.394373,1.405813,0.034476,0.072580,1.362503,1.869722,3.852488,-0.194812,-0.104091,0.074064,3.747121,-3.496953,3.946000,0.709968,-0.916539,1,0,,38.990256,-76.939923,-9.949000,,,
2026-09-11T19:03:18.388,7.585797,1.407398,4.958106,13.031460,0.000000,-6.781116,2.332953,1.406231,0.029432,0.061963,1.364750,1.878340,3.898678,-0.033186,0.068676,0.063447,-0.516418,2.820393,11.431220,0.583310,-0.757390,1,0,,38.990256,-76.939923,-9.949000,,,
2026-09-11T19:03:18.422,7.619206,1.417403,5.005637,13.124103,0.000000,-6.713825,2.309802,1.416251,0.044127,0.092898,1.367337,1.886723,3.945090,-0.065533,0.019591,0.094382,2.752727,1.362928,6.532994,0.659684,-0.697190,1,0,,38.990256,-76.939923,-9.949000,,,
2026-09-11T19:03:18.455,7.652629,1.543972,5.057871,14.296036,0.000000,-6.203647,2.134282,1.542901,0.017529,0.036903,1.369506,1.895651,3.993741,-0.127947,-0.180558,0.038387,-0.344900,-0.959581,11.054841,0.526595,-0.783157,1,0,,38.990256,-76.939923,-9.949000,,,
2026-09-11T19:03:18.489,7.686043,1.573475,5.110108,14.569208,0.000000,-4.892841,1.683317,1.572795,0.011531,0.024275,1.370528,1.905556,4.044846,-0.037378,0.031725,0.025759,3.237862,-0.044914,6.044133,0.622571,-0.807736,1,0,,38.990256,-76.939923,-9.949000,,,
2026-09-11T19:03:18.522,7.719457,1.622429,5.164900,15.022486,0.000000,-4.522739,1.555988,1.621830,0.017233,0.036280,1.371540,1.915676,4.097253,-0.039078,-0.036123,0.037764,1.361359,0.026968,10.111049,0.592887,-0.828727,1,0,,38.990256,-76.939923,-9.949000,,,
2026-09-11T19:03:18.559,7.752869,1.720322,5.223354,15.928910,0.000000,-2.076908,0.714532,1.720189,0.003526,0.007422,1.372270,1.926367,4.152053,-0.027971,0.019693,0.008906,2.066653,0.165438,8.656134,0.611012,-0.837542,1,0,,38.990256,-76.939923,-9.949000,,,
2026-09-11T19:03:18.590,7.786279,1.779036,5.282877,16.472559,0.000000,1.971554,-0.678287,1.778912,-0.013883,-0.029228,1.371906,1.938075,4.209321,-0.018163,-0.046820,-0.027744,2.233563,-0.912018,11.471133,0.649635,-0.911790,1,0,,38.990256,-76.939923,-9.949000,,,
2026-09-11T19:03:18.622,7.819688,1.857145,5.344447,17.195784,0.000000,7.946744,-2.733971,1.855031,-0.035306,-0.074329,1.370176,1.950927,4.268653,-0.047265,0.037940,-0.072845,2.415672,1.184938,8.402436,0.709509,-0.843966,1,0,,38.990256,-76.939923,-9.949000,,,
2026-09-11T19:03:18.656,7.853106,1.925775,5.409524,17.831253,0.000000,7.838254,-2.696647,1.923643,-0.053498,-0.112627,1.367052,1.965061,4.330206,-0.013955,-0.045622,-0.111143,3.113513,-0.592518,10.099379,0.822541,-0.886822,1,0,,38.990256,-76.939923,-9.949000,,,
2026-09-11T19:03:18.689,7.886514,1.993836,5.475637,18.461445,0.000000,8.956112,-3.081231,1.990954,-0.062796,-0.132202,1.362962,1.980326,4.393819,0.012223,0.015568,-0.130719,2.175801,-0.054329,9.577371,0.894161,-0.891355,1,0,,38.990256,-76.939923,-9.949000,,,
2026-09-11T19:03:18.722,7.919924,2.042723,5.543454,18.914099,0.000000,9.492383,-3.265728,2.039405,-0.074400,-0.156632,1.358137,1.996620,4.459183,-0.037645,-0.018867,-0.155149,0.661360,-0.318030,11.191938,0.886358,-0.909263,1,0,,38.990256,-76.939923,-9.949000,,,
2026-09-11T19:03:18.755,7.953346,2.062243,5.612664,19.094847,0.000000,9.883084,-3.400144,2.058613,-0.079927,-0.168267,1.352708,2.013776,4.525531,0.018871,-0.084605,-0.166784,1.033327,2.697908,8.325552,0.915288,-0.729998,1,0,,38.990256,-76.939923,-9.949000,,,
2026-09-11T19:03:18.789,7.986754,2.091477,5.683032,19.365529,0.000000,9.752621,-3.355260,2.087892,-0.075782,-0.159541,1.347232,2.031486,4.592543,-0.014562,-0.158480,-0.158057,0.249579,1.078437,13.451586,0.910797,-0.658440,1,0,,38.990256,-76.939923,-9.949000,,,
2026-09-11T19:03:18.823,8.020164,2.062849,5.752088,19.100458,0.000000,8.729519,-3.003275,2.060016,-0.060637,-0.127657,1.342435,2.049230,4.659561,0.041364,0.076278,-0.126173,-1.696452,1.078045,1.306344,0.795539,-0.592235,1,0,,38.990256,-76.939923,-9.949000,,,
2026-09-11T19:03:18.856,8.053581,1.995358,5.819062,18.475540,0.000000,7.797742,-2.682709,1.993171,-0.040269,-0.084776,1.338885,2.066318,4.725115,0.051092,-0.014106,-0.083293,-3.225407,-1.041172,7.981044,0.595010,-0.670014,1,0,,38.990256,-76.939923,-9.949000,,,
2026-09-11T19:03:18.890,8.086993,1.937616,5.884104,17.940893,0.000000,5.590863,-1.923462,1.936525,-0.015489,-0.032608,1.336924,2.082375,4.788778,0.139463,-0.038130,-0.031125,-0.027361,3.838617,15.351330,0.617443,-0.437925,1,0,,38.990256,-76.939923,-9.949000,,,
2026-09-11T19:03:18.923,8.120401,1.870385,5.946014,17.318377,0.000000,2.030606,-0.698603,1.870246,0.001516,0.003191,1.336433,2.097354,4.850578,0.211460,0.091989,0.004674,-1.314189,0.232712,8.013602,0.567566,-0.446275,1,0,,38.990256,-76.939923,-9.949000,,,
2026-09-11T19:03:18.956,8.153821,1.754631,6.004357,16.246580,0.000000,0.843396,-0.290159,1.754608,0.021681,0.045645,1.337249,2.111019,4.909588,0.127784,-0.005568,0.047129,-2.630242,2.292403,8.243568,0.441747,-0.325977,1,0,,38.990256,-76.939923,-9.949000,,,
2026-09-11T19:03:18.990,8.187230,1.726317,6.062245,15.984420,0.000000,-0.246997,0.084976,1.726315,0.022316,0.046980,1.338796,2.123718,4.966336,0.046935,0.021096,0.048464,-1.876797,2.964648,11.392385,0.371761,-0.163588,1,0,,38.990256,-76.939923,-9.949000,,,
2026-09-11T19:03:19.023,8.220638,1.639233,6.116563,15.178083,0.000000,-0.334888,0.115214,1.639230,0.010948,0.023049,1.339966,2.136071,5.021183,-0.036546,-0.014864,0.024533,-0.367455,-0.092183,7.540039,0.404012,-0.198069,1,0,,38.990256,-76.939923,-9.949000,,,
2026-09-11T19:03:19.061,8.254059,1.600340,6.170598,14.817966,0.000000,-0.197559,0.067967,1.600339,0.009204,0.019378,1.340675,2.148110,5.073963,-0.097914,-0.015248,0.020861,0.199075,3.189515,8.472652,0.472038,-0.019215,1,0,,38.990256,-76.939923,-9.949000,,,
2026-09-11T19:03:19.090,8.287466,1.561456,6.222233,14.457922,0.000000,-0.246997,0.084976,1.561454,0.007254,0.015271,1.341254,2.159875,5.125451,-0.117078,-0.021235,0.016754,0.012847,-0.677640,10.466540,0.519779,-0.092296,1,0,,38.990256,-76.939923,-9.949000,,,
2026-09-11T19:03:19.123,8.320874,1.542250,6.273311,14.280090,0.000000,0.046200,-0.015895,1.542250,0.012339,0.025978,1.341943,2.171335,5.176013,-0.058035,0.103213,0.027461,-0.452577,1.776377,8.295445,0.526301,-0.006748,1,0,,38.990256,-76.939923,-9.949000,,,
2026-09-11T19:03:19.157,8.354293,1.494497,6.323167,13.837932,0.000000,-0.959735,0.330184,1.494472,0.017317,0.036456,1.342986,2.182338,5.225551,0.077555,0.034074,0.037940,0.560940,0.797379,5.265289,0.585347,0.013547,1,0,,38.990256,-76.939923,-9.949000,,,
2026-09-11T19:03:19.190,8.387704,1.504556,6.373327,13.931073,0.000000,-4.099079,1.410233,1.504100,0.027868,0.058670,1.344575,2.192877,5.274528,0.045492,-0.007995,0.060153,0.712747,0.683229,13.569560,0.639866,0.024036,1,1,8.388329,38.990270,-76.939923,-9.919000,0.687092,5.637768,4.115728
2026-09-11T19:03:19.224,8.421113,1.475815,6.423148,13.664957,0.000000,-4.845462,1.667017,1.475191,0.031276,0.065845,1.346655,2.203027,5.323259,0.093249,-0.001610,0.067328,1.454032,-0.390697,6.742170,0.730499,-0.035696,1,0,,38.990270,-76.939923,-9.919000,,,
2026-09-11T19:03:19.257,8.454532,1.485666,6.472645,13.756171,0.000000,-5.919376,2.036482,1.484728,0.022415,0.047190,1.348544,2.213099,5.371690,0.106781,-0.031513,0.048674,-2.108430,3.433308,9.624148,0.578838,0.154635,1,0,,38.990270,-76.939923,-9.919000,,,
2026-09-11T19:03:19.290,8.487941,1.465925,6.521148,13.573376,0.000000,-6.272998,2.158142,1.464885,0.026459,0.055703,1.350263,2.223123,5.419938,0.087127,0.006815,0.057187,0.811991,2.064594,8.977204,0.606649,0.253441,1,0,,38.990270,-76.939923,-9.919000,,,
2026-09-11T19:03:19.324,8.521352,1.495811,6.570642,13.850098,0.000000,-6.071811,2.088926,1.494817,0.038499,0.081050,1.352547,2.232823,5.468432,0.058072,0.079288,0.082534,0.101597,1.475705,11.485549,0.578737,0.310465,1,0,,38.990270,-76.939923,-9.919000,,,
2026-09-11T19:03:19.357,8.554776,1.486709,6.620398,13.765824,0.000000,-5.652957,1.944825,1.485853,0.028887,0.060814,1.354918,2.242452,5.517318,-0.038438,-0.022075,0.062298,2.238368,-1.463250,7.631535,0.680140,0.178472,1,0,,38.990270,-76.939923,-9.919000,,,
2026-09-11T19:03:19.391,8.588184,1.535785,6.672202,14.220236,0.000000,-5.749774,1.978133,1.534870,0.023172,0.048784,1.356749,2.252365,5.566801,-0.137952,0.084206,0.050267,2.130299,0.031185,12.385113,0.759706,0.145780,1,0,,38.990270,-76.939923,-9.919000,,,
2026-09-11T19:03:19.424,8.621592,1.565310,6.723704,14.493611,0.000000,-5.409885,1.861199,1.564484,0.021796,0.045886,1.358330,2.262588,5.617560,-0.101661,0.003779,0.047369,2.237093,1.915239,10.445161,0.832814,0.235646,1,0,,38.990270,-76.939923,-9.919000,,,
2026-09-11T19:03:19.458,8.655013,1.565684,6.776399,14.497076,0.000000,-4.743152,1.631818,1.565049,0.017085,0.035968,1.359698,2.272945,5.668824,-0.102565,0.017138,0.037452,-0.399523,-2.504422,9.620128,0.728237,0.039272,1,0,,38.990270,-76.939923,-9.919000,,,
2026-09-11T19:03:19.491,8.688502,1.595297,6.830106,14.771272,0.000000,-3.636966,1.251250,1.594917,-0.003976,-0.008370,1.360160,2.283805,5.720609,-0.086846,0.053031,-0.006887,1.732149,-4.520572,9.147251,0.757339,-0.281589,1,0,,38.990270,-76.939923,-9.919000,,,
2026-09-11T19:03:19.525,8.721912,1.614664,6.884122,14.950589,0.000000,-2.355686,0.810442,1.614502,-0.009339,-0.019661,1.359692,2.295245,5.772989,0.046114,0.058491,-0.018178,0.213981,1.743917,10.047992,0.683310,-0.191402,1,0,,38.990270,-76.939923,-9.919000,,,
2026-09-11T19:03:19.558,8.755333,1.643830,6.939105,15.220645,0.000000,-0.163226,0.056156,1.643829,-0.015264,-0.032135,1.358826,2.307079,5.826138,0.037417,0.013595,-0.030651,1.678800,-0.962327,13.622810,0.703014,-0.276067,1,0,,38.990270,-76.939923,-9.919000,,,
2026-09-11T19:03:19.591,8.788725,1.683259,6.995298,15.585730,0.000000,3.596844,-1.237446,1.682866,-0.022904,-0.048220,1.357484,2.319424,5.880294,0.058226,-0.016982,-0.046736,2.327118,-1.239364,4.802807,0.761336,-0.375807,1,0,,38.990270,-76.939923,-9.919000,,,
2026-09-11T19:03:19.625,8.822134,1.731965,7.054217,16.036716,0.000000,6.911282,-2.377735,1.730474,-0.035500,-0.074737,1.355431,2.332506,5.935800,0.055335,-0.041405,-0.073253,2.029584,2.876781,6.354415,0.800414,-0.204936,1,0,,38.990270,-76.939923,-9.919000,,,
2026-09-11T19:03:19.658,8.855556,1.829250,7.114713,16.937500,0.000000,7.070584,-2.432540,1.827602,-0.047603,-0.100217,1.352507,2.346656,5.993566,0.033677,0.003241,-0.098733,1.331645,0.521910,8.245726,0.799468,-0.184896,1,0,,38.990270,-76.939923,-9.919000,,,
2026-09-11T19:03:19.691,8.888977,1.887879,7.177549,17.480362,0.000000,7.578015,-2.607115,1.885925,-0.052490,-0.110505,1.348986,2.361835,6.053759,-0.009605,-0.059821,-0.109022,2.239152,-0.258405,8.212775,0.862263,-0.213975,1,0,,38.990270,-76.939923,-9.919000,,,
2026-09-11T19:03:19.725,8.922387,1.907580,7.241708,17.662778,0.000000,9.109921,-3.134147,1.904727,-0.061076,-0.128582,1.344992,2.377740,6.115081,-0.020515,-0.005312,-0.127099,2.007127,-0.254385,10.244027,0.916182,-0.240099,1,0,,38.990270,-76.939923,-9.919000,,,
2026-09-11T19:03:19.758,8.955806,1.956437,7.307320,18.115158,0.000000,10.286145,-3.538811,1.952707,-0.068767,-0.144772,1.340424,2.394429,6.177377,-0.037299,-0.017567,-0.143288,2.260237,0.897210,11.948717,0.994687,-0.188923,1,0,,38.990270,-76.939923,-9.919000,,,
2026-09-11T19:03:19.791,8.989229,1.966840,7.373015,18.211486,0.000000,10.788769,-3.711733,1.962715,-0.093500,-0.196842,1.334715,2.412190,6.240409,-0.024991,0.226562,-0.195358,0.229868,0.211333,2.686728,0.953971,-0.176015,1,0,,38.990270,-76.939923,-9.919000,,,
2026-09-11T19:03:19.825,9.022638,1.996446,7.439826,18.485611,0.000000,10.849881,-3.732757,1.992211,-0.076776,-0.161633,1.328727,2.430600,6.303922,-0.036148,0.048109,-0.160149,-1.695668,1.715379,-1.372343,0.804038,-0.070049,1,0,,38.990270,-76.939923,-9.919000,,,
2026-09-11T19:03:19.858,9.056059,2.035610,7.507896,18.848241,0.000000,10.662427,-3.668266,2.031440,-0.071819,-0.151197,1.323500,2.449299,6.368554,-0.002102,0.017442,-0.149714,-1.444225,1.436184,8.638188,0.688138,0.015741,1,0,,38.990270,-76.939923,-9.919000,,,
2026-09-11T19:03:19.892,9.089479,2.025783,7.575554,18.757247,0.000000,8.883328,-3.056191,2.022902,-0.068011,-0.143180,1.318581,2.468307,6.433622,-0.018733,-0.045517,-0.141697,0.702941,1.415492,12.499262,0.732452,0.098110,1,0,,38.990270,-76.939923,-9.919000,,,
2026-09-11T19:03:19.925,9.122887,2.025971,7.643316,18.758986,0.000000,7.915158,-2.723105,2.023683,-0.060447,-0.127257,1.314063,2.487400,6.498499,0.028291,-0.047059,-0.125774,0.371868,-0.317932,8.599746,0.771689,0.065228,1,0,,38.990270,-76.939923,-9.919000,,,
2026-09-11T19:03:19.959,9.156306,1.978052,7.709281,18.315295,0.000000,7.247052,-2.493252,1.976179,-0.042001,-0.088422,1.310459,2.506141,6.562677,-0.002285,-0.043829,-0.086939,-1.553962,2.388802,6.467094,0.696380,0.202652,1,0,,38.990270,-76.939923,-9.919000,,,
2026-09-11T19:03:19.992,9.189726,1.949349,7.774589,18.049525,0.000000,6.552167,-2.254186,1.947840,-0.006999,-0.014734,1.308735,2.523865,6.625813,0.007167,0.015533,-0.013250,-0.217708,-1.018813,10.718963,0.719574,0.108378,1,0,,38.990270,-76.939923,-9.919000,,,
2026-09-11T19:03:20.025,9.223138,1.891260,7.837581,17.511668,0.000000,6.150479,-2.115990,1.889971,-0.008099,-0.017051,1.308204,2.540735,6.687669,0.017423,0.031432,-0.015567,-1.715575,-2.172565,11.459071,0.651115,-0.059300,1,0,,38.990270,-76.939923,-9.919000,,,
2026-09-11T19:03:20.059,9.256560,1.794512,7.897097,16.615853,0.000000,6.310467,-2.171032,1.793224,-0.009185,-0.019336,1.307596,2.557009,6.747028,0.055958,0.079294,-0.017852,-1.056765,0.301260,7.860422,0.627318,-0.064779,1,0,,38.990270,-76.939923,-9.919000,,,
2026-09-11T19:03:20.092,9.289982,1.727359,7.955364,15.994069,0.000000,5.596356,-1.925352,1.726384,-0.009309,-0.019598,1.306946,2.572628,6.803734,0.073593,0.007247,-0.018114,-2.641617,2.550023,10.233239,0.504315,0.075399,1,0,,38.990270,-76.939923,-9.919000,,,
2026-09-11T19:03:20.126,9.323390,1.630609,8.010110,15.098235,0.000000,3.388791,-1.165868,1.630272,0.005330,0.011222,1.306806,2.587318,6.857845,0.165360,0.021412,0.012705,-2.323195,3.516959,11.019242,0.400886,0.273220,1,0,,38.990270,-76.939923,-9.919000,,,
2026-09-11T19:03:20.159,9.356816,1.563277,8.062150,14.474786,0.000000,-0.260044,0.089465,1.563275,0.019693,0.041460,1.307686,2.600819,6.909484,0.091675,0.090119,0.042943,-1.946620,2.155698,8.453921,0.317350,0.377762,1,1,9.357482,38.990286,-76.939924,-9.918000,0.654970,7.387606,3.754267
2026-09-11T19:03:20.193,9.390238,1.525303,8.113179,14.123171,0.000000,-5.236850,1.801669,1.524548,0.027649,0.058208,1.309352,2.613435,6.959525,-0.104869,-0.006363,0.059692,-3.263751,-5.528107,6.666659,0.139525,-0.018176,1,0,,38.990286,-76.939924,-9.918000,,,
2026-09-11T19:03:20.226,9.423647,1.477150,8.162021,13.677316,0.000000,-4.773364,1.642213,1.476543,0.042732,0.089963,1.311827,2.625198,7.008271,0.064691,0.082659,0.091446,-0.358433,-1.431967,9.636407,0.140554,-0.147162,1,0,,38.990286,-76.939924,-9.918000,,,
2026-09-11T19:03:20.260,9.457067,1.419457,8.208977,13.143119,0.000000,-4.544025,1.563311,1.418929,0.026269,0.055304,1.314254,2.636417,7.055351,-0.043036,0.023141,0.056787,2.064300,0.668225,8.503444,0.290288,-0.135230,1,0,,38.990286,-76.939924,-9.918000,,,
2026-09-11T19:03:20.293,9.490489,1.448680,8.257332,13.413708,0.000000,-4.664188,1.604652,1.448112,0.008501,0.017897,1.315478,2.647983,7.101848,-0.019017,-0.050679,0.019381,-1.211710,3.210305,11.254994,0.213103,0.044616,1,0,,38.990286,-76.939924,-9.918000,,,
2026-09-11T19:03:20.326,9.523898,1.439314,8.305348,13.326980,0.000000,-4.552951,1.566382,1.438776,0.015759,0.033177,1.316331,2.659751,7.148617,0.040055,0.052366,0.034660,0.139941,0.774039,8.093526,0.210506,0.063264,1,0,,38.990286,-76.939924,-9.918000,,,
2026-09-11T19:03:20.360,9.557319,1.468737,8.354622,13.599416,0.000000,-4.162937,1.432203,1.468278,0.011001,0.023160,1.317272,2.671524,7.195748,0.031023,-0.012738,0.024644,1.535721,4.272071,10.358470,0.285177,0.309186,1,0,,38.990286,-76.939924,-9.918000,,,
2026-09-11T19:03:20.394,9.590739,1.507926,8.405728,13.962277,0.000000,-4.091525,1.407635,1.507471,0.012150,0.025579,1.318087,2.683601,7.243986,0.098738,0.015795,0.027063,1.552197,-0.509554,9.296312,0.346347,0.242354,1,0,,38.990286,-76.939924,-9.918000,,,
2026-09-11T19:03:20.427,9.624158,1.547274,8.457193,14.326610,0.000000,-4.130664,1.421100,1.546798,0.002866,0.006033,1.318615,2.696106,7.293467,0.073805,-0.021638,0.007517,1.991240,0.349607,11.422002,0.424605,0.233813,1,0,,38.990286,-76.939924,-9.918000,,,
2026-09-11T19:03:20.460,9.657577,1.615653,8.511404,14.959754,0.000000,-4.003635,1.377397,1.615187,0.013682,0.028805,1.319197,2.709006,7.344702,0.017830,-0.047234,0.030288,1.169149,-4.011508,9.442235,0.439363,-0.059494,1,0,,38.990286,-76.939924,-9.918000,,,
2026-09-11T19:03:20.494,9.690994,1.644924,8.566962,15.230782,0.000000,-3.871799,1.332041,1.644480,0.005873,0.012364,1.319885,2.722230,7.397538,0.050579,-0.034220,0.013848,2.248273,-1.262606,8.745473,0.514456,-0.169799,1,0,,38.990286,-76.939924,-9.918000,,,
2026-09-11T19:03:20.527,9.724403,1.655005,8.622052,15.324125,0.000000,-3.987842,1.371964,1.654531,-0.003307,-0.006962,1.319975,2.735869,7.450932,0.061983,-0.084940,-0.005478,1.468742,0.512397,10.389852,0.538882,-0.161882,1,0,,38.990286,-76.939924,-9.918000,,,
2026-09-11T19:03:20.560,9.757824,1.694609,8.678755,15.690823,0.000000,-3.938404,1.354955,1.694135,-0.000322,-0.000678,1.319848,2.749820,7.505124,0.027753,0.005698,0.000805,1.144338,-2.305053,8.809608,0.548931,-0.337169,1,0,,38.990286,-76.939924,-9.918000,,,
2026-09-11T19:03:20.594,9.791244,1.704709,8.736105,15.784347,0.000000,-3.834720,1.319284,1.704258,-0.000501,-0.001056,1.319819,2.763935,7.560128,0.034646,-0.014564,0.000428,1.361751,0.466110,12.172406,0.577320,-0.331023,1,0,,38.990286,-76.939924,-9.918000,,,
2026-09-11T19:03:20.627,9.824652,1.734679,8.794246,16.061843,0.000000,-3.642459,1.253140,1.734264,-0.002695,-0.005673,1.319706,2.778255,7.615752,-0.038796,-0.032935,-0.004190,1.649577,1.450404,9.007212,0.633393,-0.260716,1,0,,38.990286,-76.939924,-9.918000,,,
2026-09-11T19:03:20.660,9.858076,1.754407,8.853655,16.244513,0.000000,-3.520236,1.211091,1.754015,-0.001989,-0.004187,1.319541,2.792820,7.672199,-0.013723,-0.047745,-0.002703,1.528072,2.606313,10.973445,0.691054,-0.116449,1,0,,38.990286,-76.939924,-9.918000,,,
2026-09-11T19:03:20.694,9.891496,1.793769,8.913562,16.608974,0.000000,-2.522540,0.867846,1.793563,-0.000314,-0.000662,1.319460,2.807598,7.729608,-0.074157,0.090374,0.000822,1.655657,0.240949,5.558605,0.765132,-0.127369,1,0,,38.990286,-76.939924,-9.918000,,,
2026-09-11T19:03:20.727,9.924904,1.813193,8.973600,16.788824,0.000000,-2.153812,0.740990,1.813041,-0.000531,-0.001117,1.319431,2.822594,7.787955,-0.121200,0.026815,0.000366,0.614387,-0.228495,6.996653,0.777205,-0.168497,1,0,,38.990286,-76.939924,-9.918000,,,
2026-09-11T19:03:20.761,9.958327,1.832899,9.035677,16.971290,0.000000,-1.922412,0.661380,1.832777,-0.003402,-0.007161,1.319292,2.837816,7.846950,-0.157478,-0.467562,-0.005678,2.359676,1.867480,13.832182,0.905293,-0.072726,1,0,,38.990286,-76.939924,-9.918000,,,
2026-09-11T19:03:20.794,9.991745,1.775149,9.093235,16.436568,0.000000,-3.168674,1.090140,1.774828,-0.048267,-0.101614,1.317475,2.853706,7.905104,0.054826,0.192820,-0.100131,0.128565,3.473417,-5.027085,0.891859,0.136818,1,0,,38.990286,-76.939924,-9.918000,,,
2026-09-11T19:03:20.828,10.025156,1.746330,9.152014,16.169720,0.000000,-2.760120,0.949583,1.746090,0.011313,0.023818,1.316175,2.869081,7.961882,-0.024636,0.063234,0.025301,-1.016067,2.472551,2.031840,0.808872,0.264838,1,0,,38.990286,-76.939924,-9.918000,,,
2026-09-11T19:03:20.861,10.058574,1.727330,9.209554,15.993793,0.000000,-2.327533,0.800757,1.727161,0.016212,0.034131,1.317143,2.883227,8.018168,-0.106829,0.062497,0.035614,0.205547,-4.103299,11.204784,0.811597,-0.035566,1,0,,38.990286,-76.939924,-9.918000,,,
2026-09-11T19:03:20.895,10.091994,1.669680,9.264975,15.459998,0.000000,-2.497821,0.859342,1.669492,-0.004732,-0.009962,1.317547,2.897273,8.073161,-0.087290,-0.024735,-0.008479,-0.818463,-1.563965,7.381269,0.754968,-0.163269,1,0,,38.990286,-76.939924,-9.918000,,,
2026-09-11T19:03:20.928,10.125404,1.650417,9.320054,15.281635,0.000000,-2.478595,0.852728,1.650234,-0.003912,-0.008237,1.317243,2.911316,8.126809,0.018640,0.046749,-0.006753,0.652142,0.946636,12.407374,0.803729,-0.127179,1,0,,38.990286,-76.939924,-9.918000,,,
2026-09-11T19:03:20.961,10.158821,1.641234,9.374761,15.196615,0.000000,-3.015552,1.037461,1.640965,0.009077,0.019110,1.317425,2.925021,8.180065,0.039647,0.021835,0.020594,0.477584,0.335486,9.682988,0.848296,-0.133965,1,0,,38.990286,-76.939924,-9.918000,,,
2026-09-11T19:03:20.995,10.192243,1.651517,9.429940,15.291825,0.000000,-3.358875,1.155576,1.651181,0.034402,0.072425,1.318955,2.938068,8.233515,0.047705,0.001092,0.073909,0.646847,-1.274374,6.817877,0.904604,-0.250644,1,0,,38.990286,-76.939924,-9.918000,,,
2026-09-11T19:03:21.028,10.225651,1.632529,9.484412,15.116010,0.000000,-3.388400,1.165734,1.632191,0.016445,0.034622,1.320743,2.950865,8.286854,0.051806,0.004430,0.036106,-0.514163,0.671167,9.767129,0.881338,-0.235959,1,0,,38.990286,-76.939924,-9.918000,,,
2026-09-11T19:03:21.061,10.259068,1.633151,9.539019,15.121764,0.000000,-3.191333,1.097936,1.632851,0.007484,0.015757,1.321584,2.963955,8.339816,0.075717,0.076285,0.017240,0.828760,1.549549,11.316580,0.945257,-0.162564,1,0,,38.990286,-76.939924,-9.918000,,,
2026-09-11T19:03:21.095,10.292488,1.614067,9.592794,14.945069,0.000000,-3.328662,1.145182,1.613745,0.019865,0.041822,1.322547,2.976867,8.392509,0.094590,0.031815,0.043305,0.692644,1.323309,8.665744,0.999627,-0.107328,1,0,,38.990286,-76.939924,-9.918000,,,
2026-09-11T19:03:21.128,10.325900,1.584989,9.645851,14.675821,0.000000,-3.300510,1.135496,1.584677,0.019731,0.041539,1.323939,2.989319,8.444476,0.116990,0.042703,0.043023,-0.281647,2.179920,8.572876,0.980260,0.002858,1,0,,38.990286,-76.939924,-9.918000,,,
2026-09-11T19:03:21.162,10.359321,1.555842,9.697874,14.405947,0.000000,-4.087406,1.406218,1.555374,0.027269,0.057408,1.325593,3.001337,8.495559,0.108396,0.101756,0.058892,0.197898,0.163575,9.671613,0.980878,-0.020256,1,1,10.360141,38.990301,-76.939923,-9.785000,0.687380,9.026619,8.754250
2026-09-11T19:03:21.195,10.392729,1.496914,9.748399,13.860315,0.000000,-5.221057,1.796235,1.496179,-0.026786,-0.056391,1.325610,3.013703,8.545008,-0.218536,0.159908,-0.054907,-5.832015,-1.749899,2.526095,0.585570,-0.155733,1,0,,38.990301,-76.939923,-9.785000,,,
2026-09-11T19:03:21.228,10.426138,1.497124,9.797773,13.862255,0.000000,-6.226306,2.142078,1.496077,0.013056,0.027486,1.325127,3.026070,8.593439,0.178545,-0.026567,0.028970,1.729697,5.643139,11.701491,0.684906,0.180806,1,0,,38.990301,-76.939923,-9.785000,,,
2026-09-11T19:03:21.262,10.459558,1.516954,9.848358,14.045875,0.000000,-6.141849,2.113021,1.515923,0.028234,0.059441,1.326579,3.037605,8.642434,0.211852,-0.028784,0.060925,0.223886,4.144388,8.650152,0.685414,0.413543,1,0,,38.990301,-76.939923,-9.785000,,,
2026-09-11T19:03:21.295,10.492977,1.517137,9.899270,14.047563,0.000000,-5.755954,1.980259,1.516231,0.039653,0.083479,1.328968,3.048697,8.691884,0.200207,-0.069757,0.084963,1.507478,-0.934574,7.056767,0.764673,0.312316,1,0,,38.990301,-76.939923,-9.785000,,,
2026-09-11T19:03:21.329,10.526386,1.430060,9.946215,13.241292,0.000000,-4.343524,1.494332,1.429573,0.002358,0.004964,1.330445,3.059765,8.739837,0.091526,-0.060844,0.006448,-0.756191,2.503638,0.125329,0.691988,0.442650,1,0,,38.990301,-76.939923,-9.785000,,,
2026-09-11T19:03:21.362,10.559808,1.469221,9.995379,13.603900,0.000000,-2.113300,0.727053,1.469103,-0.006088,-0.012818,1.330314,3.071360,8.786869,0.110713,-0.055644,-0.011334,0.566432,0.140333,12.640380,0.701510,0.420153,1,0,,38.990301,-76.939923,-9.785000,,,
2026-09-11T19:03:21.396,10.593228,1.508393,10.046132,13.966599,0.000000,0.261120,-0.089835,1.508391,-0.007076,-0.014896,1.329851,3.083435,8.835136,0.159032,-0.053689,-0.013412,1.795794,0.962327,9.229333,0.786806,0.451398,1,0,,38.990301,-76.939923,-9.785000,,,
2026-09-11T19:03:21.429,10.626650,1.567327,10.098628,14.512283,0.000000,4.310269,-1.482891,1.566802,-0.017107,-0.036014,1.329000,3.096111,8.884939,0.142176,-0.057957,-0.034531,0.692938,0.374516,10.647374,0.795856,0.446414,1,0,,38.990301,-76.939923,-9.785000,,,
2026-09-11T19:03:21.462,10.660070,1.567782,10.150859,14.516499,0.000000,6.824765,-2.347970,1.566466,-0.027317,-0.057510,1.327437,3.109408,8.935584,0.149084,0.016101,-0.056026,1.049606,1.524542,10.736124,0.824003,0.518177,1,0,,38.990301,-76.939923,-9.785000,,,
2026-09-11T19:03:21.497,10.693480,1.558327,10.203642,14.428950,0.000000,9.945569,-3.421641,1.555549,-0.059036,-0.124287,1.324400,3.123451,8.985832,0.008692,-0.011089,-0.122804,1.330468,0.101303,12.264001,0.869306,0.503625,1,0,,38.990301,-76.939923,-9.785000,,,
2026-09-11T19:03:21.530,10.726888,1.568313,10.255882,14.521415,0.000000,15.307583,-5.266370,1.561693,-0.088186,-0.185654,1.319223,3.138666,9.035689,-0.037637,0.001959,-0.184170,1.943482,1.312032,11.170167,0.955605,0.573912,1,0,,38.990301,-76.939923,-9.785000,,,
2026-09-11T19:03:21.563,10.760313,1.617399,10.310713,14.975919,0.000000,20.884518,-7.185041,1.604698,-0.104033,-0.219018,1.312460,3.155122,9.086083,-0.056920,0.007969,-0.217534,1.103542,-0.477976,8.593273,0.984596,0.531444,1,0,,38.990301,-76.939923,-9.785000,,,
2026-09-11T19:03:21.597,10.793730,1.626944,10.365833,15.064295,0.000000,21.729092,-7.475605,1.613115,-0.117120,-0.246569,1.304681,3.172629,9.137052,-0.084712,-0.024860,-0.245086,0.223199,-0.049524,8.560421,0.954643,0.520213,1,0,,38.990301,-76.939923,-9.785000,,,
2026-09-11T19:03:21.630,10.827138,1.636744,10.419867,15.155035,0.000000,22.495389,-7.739239,1.621835,-0.121513,-0.255817,1.296289,3.190900,9.188061,-0.106895,-0.018535,-0.254334,0.956443,0.353039,10.744754,0.978058,0.536295,1,0,,38.990301,-76.939923,-9.785000,,,
2026-09-11T19:03:21.663,10.860560,1.627439,10.473998,15.068877,0.000000,22.627225,-7.784596,1.612441,-0.120527,-0.253740,1.287773,3.209660,9.238910,-0.141634,0.035702,-0.252257,-0.028733,-0.417665,10.306103,0.946309,0.501893,1,0,,38.990301,-76.939923,-9.785000,,,
2026-09-11T19:03:21.696,10.893971,1.608478,10.527801,14.893313,0.000000,22.720608,-7.816723,1.593532,-0.119547,-0.251677,1.279330,3.228678,9.289136,-0.139097,0.023661,-0.250194,0.819934,0.423059,7.293108,0.977904,0.521819,1,0,,38.990301,-76.939923,-9.785000,,,
2026-09-11T19:03:21.730,10.927378,1.628105,10.582066,15.075050,0.000000,22.339520,-7.685615,1.613480,-0.114212,-0.240446,1.271110,3.248019,9.339244,-0.134355,-0.006240,-0.238963,0.796398,0.299397,8.109609,1.010695,0.532664,1,0,,38.990301,-76.939923,-9.785000,,,
2026-09-11T19:03:21.763,10.960797,1.638287,10.637082,15.169326,0.000000,21.863675,-7.521906,1.624190,-0.115666,-0.243507,1.263023,3.267865,9.389718,-0.150424,-0.035997,-0.242024,-0.601932,-0.687642,9.543832,0.953355,0.479930,1,0,,38.990301,-76.939923,-9.785000,,,
2026-09-11T19:03:21.797,10.994207,1.619196,10.691424,14.992557,0.000000,21.591763,-7.428359,1.605607,-0.102335,-0.215442,1.255357,3.287872,9.439957,-0.182876,-0.004170,-0.213958,-1.653009,3.463611,5.397482,0.831652,0.693487,1,0,,38.990301,-76.939923,-9.785000,,,
2026-09-11T19:03:21.830,11.027617,1.580921,10.744216,14.638156,0.000000,20.723843,-7.129763,1.568697,-0.088647,-0.186625,1.248640,3.307519,9.489313,-0.124680,-0.025504,-0.185141,-1.336156,-0.070510,8.620928,0.735178,0.672301,1,0,,38.990301,-76.939923,-9.785000,,,
2026-09-11T19:03:21.864,11.061037,1.591348,10.797512,14.734705,0.000000,16.759152,-5.765763,1.583297,-0.071154,-0.149798,1.243019,3.326867,9.538375,-0.107641,-0.033086,-0.148314,0.013141,1.578871,9.610321,0.729392,0.754633,1,0,,38.990301,-76.939923,-9.785000,,,
2026-09-11T19:03:21.898,11.094469,1.562835,10.849877,14.470695,0.000000,6.973767,-2.399232,1.561465,-0.034438,-0.072501,1.239303,3.345553,9.587542,-0.024939,0.000799,-0.071018,-0.316068,-0.677934,8.935329,0.700364,0.681736,1,0,,38.990301,-76.939923,-9.785000,,,
2026-09-11T19:03:21.930,11.127893,1.543853,10.900630,14.294935,0.000000,4.055524,-1.395249,1.543395,-0.011948,-0.025153,1.237671,3.363213,9.636339,-0.024347,0.018720,-0.023669,0.193485,-0.480624,7.515817,0.697204,0.617637,1,0,,38.990301,-76.939923,-9.785000,,,
2026-09-11T19:03:21.964,11.161306,1.495908,10.950398,13.851003,0.000000,-5.320621,1.830489,1.495145,0.027809,0.058545,1.238228,3.379549,9.684402,0.020294,0.080733,0.060028,0.267722,-0.506121,12.535841,0.692047,0.544435,1,0,,38.990301,-76.939923,-9.785000,,,
2026-09-11T19:03:21.997,11.194732,1.486722,11.000470,13.765944,0.000000,-8.964649,3.084168,1.484569,0.051142,0.107666,1.241006,3.394494,9.731924,0.049364,-0.058817,0.109150,0.696076,-1.550726,10.150275,0.708375,0.399644,1,0,,38.990301,-76.939923,-9.785000,,,
2026-09-11T19:03:22.031,11.228152,1.487084,11.050200,13.769296,0.000000,-18.139609,6.240691,1.478272,0.075241,0.158402,1.245452,3.408424,9.779480,0.026964,-0.005576,0.159885,-0.249972,1.242208,5.669715,0.653637,0.432623,1,0,,38.990301,-76.939923,-9.785000,,,
2026-09-11T19:03:22.064,11.261563,1.496358,11.100022,13.855168,0.000000,-18.804968,6.469599,1.486829,0.074574,0.156997,1.250721,3.421759,9.827251,-0.056325,-0.110350,0.158481,0.932024,2.772732,20.631231,0.664597,0.564418,1,0,,38.990301,-76.939923,-9.785000,,,
2026-09-11T19:03:22.098,11.294987,1.487148,11.149837,13.769886,0.000000,-18.879812,6.495348,1.477602,0.086027,0.181110,1.256372,3.434663,9.875156,-0.115891,0.014529,0.182593,1.041564,-0.718141,15.184617,0.675239,0.466378,1,0,,38.990301,-76.939923,-9.785000,,,
2026-09-11T19:03:22.131,11.328407,1.478119,11.198614,13.686288,0.000000,-18.813208,6.472434,1.468698,0.095931,0.201960,1.262773,3.446846,9.922954,-0.116436,0.023025,0.203444,1.765001,0.530442,9.695835,0.728828,0.448457,1,0,,38.990301,-76.939923,-9.785000,,,
2026-09-11T19:03:22.164,11.361822,1.517291,11.248834,14.048988,0.000000,-18.891485,6.499364,1.507539,0.087957,0.185173,1.269241,3.458835,9.971310,-0.108116,-0.005993,0.186657,2.199534,1.384307,10.371317,0.804715,0.487181,1,0,,38.990301,-76.939923,-9.785000,,,
2026-09-11T19:03:22.198,11.395248,1.566084,11.301438,14.500781,0.000000,-18.965643,6.524877,1.555940,0.085246,0.179465,1.275335,3.471123,10.021097,-0.067570,0.008923,0.180948,2.153737,-1.299871,9.738004,0.870590,0.351552,1,1,11.387680,38.990314,-76.939924,-9.896000,0.677297,10.543503,5.479290
2026-09-11T19:03:22.231,11.428667,1.624597,11.355791,15.042562,0.000000,-18.550223,6.381957,1.614529,0.081264,0.171083,1.281193,3.483734,10.072627,-0.051579,-0.021980,0.172566,1.609467,0.795319,8.414988,0.896640,0.353385,1,0,,38.990314,-76.939924,-9.896000,,,
2026-09-11T19:03:22.264,11.462079,1.692630,11.412380,15.672501,0.000000,-16.538351,5.689800,1.684291,0.067443,0.141986,1.286423,3.496948,10.126188,-0.031227,0.021950,0.143469,1.748133,0.076590,9.789979,0.933370,0.311049,1,0,,38.990314,-76.939924,-9.896000,,,
2026-09-11T19:03:22.299,11.495506,1.761214,11.471575,16.307534,0.000000,-13.292578,4.573134,1.755607,0.053243,0.112091,1.290669,3.511022,10.181968,-0.012024,0.002156,0.113575,1.616136,0.567805,10.365139,0.968189,0.303736,1,0,,38.990314,-76.939924,-9.896000,,,
2026-09-11T19:03:22.331,11.528927,1.810284,11.531380,16.761891,0.000000,-11.414602,3.927042,1.806034,0.047607,0.100226,1.294217,3.525753,10.239658,0.034885,-0.027491,0.101710,1.624275,0.257425,7.734701,1.009488,0.277421,1,0,,38.990314,-76.939924,-9.896000,,,
2026-09-11T19:03:22.365,11.562342,1.849672,11.592856,17.126593,0.000000,-10.139501,3.488360,1.846245,0.036763,0.077396,1.297185,3.540971,10.298767,0.087674,0.042876,0.078879,0.455519,1.432654,11.181641,0.976406,0.329992,1,0,,38.990314,-76.939924,-9.896000,,,
2026-09-11T19:03:22.398,11.595766,1.859858,11.655227,17.220907,0.000000,-8.843801,3.042592,1.857236,0.045248,0.095258,1.300070,3.556289,10.358750,0.093874,0.022061,0.096742,1.080006,0.566726,9.688578,0.990694,0.323687,1,0,,38.990314,-76.939924,-9.896000,,,
2026-09-11T19:03:22.431,11.629187,1.889400,11.718432,17.494445,0.000000,-7.471883,2.570602,1.887499,0.032617,0.068667,1.302809,3.571686,10.419416,0.031291,0.032704,0.070151,1.317523,0.053740,7.948388,1.031184,0.287286,1,0,,38.990314,-76.939924,-9.896000,,,
2026-09-11T19:03:22.465,11.662600,1.889195,11.781378,17.492543,0.000000,-7.209585,2.480362,1.887425,0.039046,0.082203,1.305330,3.587154,10.480567,-0.040227,0.010554,0.083687,-0.483958,2.175409,7.534155,0.963479,0.387060,1,0,,38.990314,-76.939924,-9.896000,,,
2026-09-11T19:03:22.499,11.696025,1.889470,11.845216,17.495088,0.000000,-6.664388,2.292794,1.887957,0.042533,0.089544,1.308200,3.602304,10.541832,-0.066947,-0.002527,0.091027,0.414233,4.779369,6.020695,0.964474,0.653626,1,0,,38.990314,-76.939924,-9.896000,,,
2026-09-11T19:03:22.532,11.729447,1.841187,11.906510,17.048028,0.000000,-6.676061,2.296810,1.839708,0.027429,0.057745,1.310662,3.617272,10.602311,-0.039034,0.126821,0.059228,0.765213,-5.638530,12.747665,0.994601,0.246259,1,0,,38.990314,-76.939924,-9.896000,,,
2026-09-11T19:03:22.565,11.762860,1.783397,11.965705,16.512935,0.000000,-7.558401,2.600367,1.781561,0.060294,0.126936,1.313747,3.631327,10.661172,0.050716,-0.056122,0.128419,-0.896524,-1.049998,0.756485,0.921441,0.132995,1,0,,38.990314,-76.939924,-9.896000,,,
2026-09-11T19:03:22.599,11.796282,1.744853,12.024920,16.156044,0.000000,-11.475027,3.947830,1.740713,0.072947,0.153573,1.318435,3.644005,10.718695,0.098847,-0.039598,0.155057,0.591439,1.254172,10.189796,0.950179,0.167549,1,0,,38.990314,-76.939924,-9.896000,,,
2026-09-11T19:03:22.632,11.829702,1.744888,12.083064,16.156374,0.000000,-16.734045,5.757126,1.736087,0.092380,0.194485,1.324251,3.655670,10.775675,0.111220,-0.034800,0.195968,-0.908880,-0.180835,9.961595,0.882476,0.104214,1,0,,38.990314,-76.939924,-9.896000,,,
2026-09-11T19:03:22.666,11.863118,1.677505,12.139163,15.532452,0.000000,-16.659201,5.731376,1.669119,0.086101,0.181266,1.330529,3.666491,10.831609,-0.002331,0.029389,0.182749,-1.075005,-0.591929,11.292162,0.806497,0.017244,1,0,,38.990314,-76.939924,-9.896000,,,
2026-09-11T19:03:22.699,11.896540,1.658841,12.194391,15.359640,0.000000,-13.578222,4.671407,1.653331,0.064471,0.135729,1.335826,3.677116,10.886164,-0.000500,0.004170,0.137213,0.114738,1.417159,9.213642,0.809448,0.066415,1,0,,38.990314,-76.939924,-9.896000,,,
2026-09-11T19:03:22.732,11.929963,1.639936,12.248989,15.184594,0.000000,-7.957342,2.737618,1.638065,0.044023,0.092681,1.339643,3.688056,10.940100,-0.004617,0.020184,0.094164,0.574572,1.812955,9.758598,0.841737,0.145384,1,0,,38.990314,-76.939924,-9.896000,,,
2026-09-11T19:03:22.766,11.963377,1.630587,12.303556,15.098032,0.000000,-3.788029,1.303221,1.630166,0.025392,0.053458,1.342085,3.699372,10.993530,-0.018669,-0.030129,0.054941,1.450502,0.164752,10.022691,0.928483,0.120909,1,0,,38.990314,-76.939924,-9.896000,,,
2026-09-11T19:03:22.800,11.996796,1.679951,12.359848,15.555103,0.000000,-1.265981,0.435544,1.679903,-0.002054,-0.004325,1.342906,3.711509,11.047492,0.069455,-0.011110,-0.002842,0.171813,2.191198,11.542623,0.925598,0.234072,1,0,,38.990314,-76.939924,-9.896000,,,
2026-09-11T19:03:22.833,12.030221,1.680210,12.415791,15.557504,0.000000,3.532298,-1.215240,1.679833,-0.015471,-0.032571,1.342289,3.724497,11.102120,0.090923,0.018334,-0.031087,0.491117,1.095011,9.567466,0.939675,0.278064,1,0,,38.990314,-76.939924,-9.896000,,,
2026-09-11T19:03:22.866,12.063636,1.699555,12.472220,15.736621,0.000000,8.689694,-2.989574,1.697242,-0.031775,-0.066894,1.340627,3.738093,11.156886,0.029779,-0.016581,-0.065410,0.762075,-1.046272,7.881114,0.970896,0.186679,1,0,,38.990314,-76.939924,-9.896000,,,
2026-09-11T19:03:22.899,12.097059,1.718836,12.529589,15.915150,0.000000,11.249508,-3.870244,1.714916,-0.070978,-0.149426,1.337012,3.752873,11.211984,-0.014694,-0.044105,-0.147943,-0.558587,1.032248,7.106977,0.914549,0.240182,1,0,,38.990314,-76.939924,-9.896000,,,
2026-09-11T19:03:22.933,12.130479,1.719121,12.587355,15.917786,0.000000,15.302090,-5.264481,1.711869,-0.088938,-0.187239,1.331386,3.768893,11.267023,-0.072931,-0.043829,-0.185755,1.247798,0.421980,8.790191,0.972795,0.257721,1,0,,38.990314,-76.939924,-9.896000,,,
2026-09-11T19:03:22.966,12.163894,1.739122,12.645832,16.102986,0.000000,18.169522,-6.250982,1.728782,-0.089678,-0.188796,1.325104,3.785597,11.322109,-0.036823,-0.060555,-0.187312,0.004805,-1.173170,9.259145,0.948986,0.172129,1,0,,38.990314,-76.939924,-9.896000,,,
2026-09-11T19:03:23.000,12.197317,1.729556,12.704141,16.014412,0.000000,18.646741,-6.415163,1.718727,-0.098287,-0.206920,1.318491,3.802838,11.377169,-0.097093,-0.057350,-0.205436,-1.234951,-2.072537,9.809102,0.845484,0.031113,1,0,,38.990314,-76.939924,-9.896000,,,
2026-09-11T19:03:23.033,12.230741,1.720322,12.761701,15.928910,0.000000,17.899670,-6.158143,1.710395,-0.085658,-0.180334,1.312019,3.820298,11.431839,-0.106040,-0.076381,-0.178850,0.977037,2.084011,9.635524,0.889744,0.157847,1,0,,38.990314,-76.939924,-9.896000,,,
2026-09-11T19:03:23.066,12.264156,1.710906,12.818996,15.841724,0.000000,15.729870,-5.411653,1.703280,-0.074748,-0.157365,1.306377,3.837637,11.486241,-0.161746,-0.006972,-0.155881,-1.217299,0.790318,11.333840,0.795255,0.196751,1,0,,38.990314,-76.939924,-9.896000,,,
2026-09-11T19:03:23.101,12.297576,1.672817,12.875312,15.489046,0.000000,10.533337,-3.623855,1.669472,-0.050857,-0.107067,1.301958,3.854510,11.540056,-0.151532,0.003424,-0.105583,-0.647827,-2.479023,8.571503,0.739147,0.017686,1,0,,38.990314,-76.939924,-9.896000,,,
2026-09-11T19:03:23.133,12.330999,1.663732,12.930047,15.404922,0.000000,8.498120,-2.923665,1.661566,-0.051826,-0.109108,1.298346,3.871046,11.593236,-0.051697,-0.022441,-0.107624,0.288904,2.692906,10.620798,0.743411,0.175767,1,0,,38.990314,-76.939924,-9.896000,,,
2026-09-11T19:03:23.167,12.364413,1.625377,12.984776,15.049790,0.000000,6.758847,-2.325291,1.624039,-0.025176,-0.053001,1.295637,3.887127,11.645738,0.016107,0.027210,-0.051518,-0.828270,0.066195,5.980193,0.672458,0.155790,1,0,,38.990314,-76.939924,-9.896000,,,
2026-09-11T19:03:23.200,12.397838,1.625999,13.039627,15.055544,0.000000,3.517193,-1.210044,1.625636,-0.011298,-0.023785,1.294354,3.902503,11.697830,-0.000946,0.071501,-0.022301,-0.327836,-1.322917,10.324637,0.633035,0.042971,1,1,12.374597,38.990330,-76.939924,-9.772000,0.642150,12.238670,5.329382
2026-09-11T19:03:23.234,12.431259,1.607115,13.093012,14.880697,0.000000,0.952572,-0.327720,1.607089,0.008843,0.018617,1.294268,3.917288,11.749787,0.042459,-0.038166,0.020100,-0.861710,-0.030499,10.031222,0.557351,0.010689,1,0,,38.990330,-76.939924,-9.772000,,,
2026-09-11T19:03:23.267,12.464673,1.597405,13.146294,14.790783,0.000000,-2.765613,0.951472,1.597184,0.009823,0.020681,1.294924,3.931587,11.801377,0.030114,0.138985,0.022164,-1.511597,2.296325,-0.866516,0.436051,0.129245,1,0,,38.990330,-76.939924,-9.772000,,,
2026-09-11T19:03:23.301,12.498091,1.597511,13.200524,14.791770,0.000000,-4.003635,1.377397,1.597050,0.015697,0.033046,1.295822,3.945692,11.852854,-0.011612,-0.063675,0.034529,-4.978052,0.027262,1.646046,0.087576,0.098267,1,0,,38.990330,-76.939924,-9.772000,,,
2026-09-11T19:03:23.334,12.531517,1.587906,13.253539,14.702830,0.000000,-3.990589,1.372909,1.587450,0.013622,0.028677,1.296854,3.959645,11.904216,-0.065283,-0.022871,0.030161,1.948287,-0.036775,14.373215,0.187465,0.063948,1,0,,38.990330,-76.939924,-9.772000,,,
2026-09-11T19:03:23.367,12.564928,1.607630,13.307504,14.885464,0.000000,-4.058566,1.396296,1.607153,0.013274,0.027945,1.297799,3.973625,11.955722,-0.096200,-0.051251,0.029429,1.077653,-0.670971,9.752616,0.225887,-0.010998,1,0,,38.990330,-76.939924,-9.772000,,,
2026-09-11T19:03:23.401,12.598353,1.637083,13.362450,15.158177,0.000000,-4.011188,1.379996,1.636608,0.012463,0.026238,1.298705,3.987803,12.008048,-0.063660,0.044912,0.027721,1.540919,0.415508,10.046423,0.291003,-0.014640,1,0,,38.990330,-76.939924,-9.772000,,,
2026-09-11T19:03:23.434,12.631773,1.666232,13.417769,15.428071,0.000000,-3.954196,1.360389,1.665762,0.016358,0.034438,1.299719,4.002143,12.061339,-0.052505,0.009958,0.035921,0.430610,-0.379027,9.555208,0.281276,-0.070633,1,0,,38.990330,-76.939924,-9.772000,,,
2026-09-11T19:03:23.468,12.665184,1.676226,13.473600,15.520607,0.000000,-3.094516,1.064627,1.675936,0.009159,0.019283,1.300616,4.016656,12.115245,-0.091427,0.054232,0.020766,1.061962,-2.067046,7.278103,0.307021,-0.233644,1,0,,38.990330,-76.939924,-9.772000,,,
2026-09-11T19:03:23.501,12.698602,1.705770,13.530810,15.794164,0.000000,-1.393695,0.479482,1.705710,-0.007994,-0.016830,1.300657,4.031717,12.169704,-0.017494,0.034787,-0.015346,2.026740,0.663910,8.654859,0.392392,-0.214095,1,0,,38.990330,-76.939924,-9.772000,,,
2026-09-11T19:03:23.534,12.732018,1.725836,13.588393,15.979968,0.000000,1.357693,-0.467096,1.725779,-0.014517,-0.030561,1.299865,4.047401,12.224852,-0.009057,0.012796,-0.029078,0.240067,-0.411879,8.070481,0.361696,-0.262861,1,0,,38.990330,-76.939924,-9.772000,,,
2026-09-11T19:03:23.568,12.765448,1.755703,13.647132,16.256513,0.000000,6.890683,-2.370648,1.754201,-0.023779,-0.050062,1.298518,4.063624,12.280716,0.014984,0.064574,-0.048578,0.749522,-0.073452,7.652031,0.366264,-0.286913,1,0,,38.990330,-76.939924,-9.772000,,,
2026-09-11T19:03:23.601,12.798872,1.746270,13.705760,16.169163,0.000000,7.071271,-2.432777,1.744696,-0.032347,-0.068099,1.296543,4.080307,12.336766,-0.016489,0.015164,-0.066616,0.669304,-0.635373,7.290754,0.370967,-0.345075,1,0,,38.990330,-76.939924,-9.772000,,,
2026-09-11T19:03:23.635,12.832291,1.776091,13.765721,16.445284,0.000000,7.753110,-2.667354,1.774166,-0.049413,-0.104026,1.293667,4.097628,12.392971,0.023112,-0.003611,-0.102543,0.476407,-0.832487,12.262824,0.369998,-0.411088,1,0,,38.990330,-76.939924,-9.772000,,,
2026-09-11T19:03:23.668,12.865700,1.747279,13.823843,16.178509,0.000000,10.126843,-3.484006,1.744050,-0.067556,-0.142223,1.289553,4.115701,12.448928,0.045321,-0.007169,-0.140739,1.134727,-0.327934,14.191007,0.418939,-0.439582,1,0,,38.990330,-76.939924,-9.772000,,,
2026-09-11T19:03:23.702,12.899121,1.776427,13.883613,16.448401,0.000000,10.665860,-3.669447,1.772785,-0.083347,-0.175467,1.284245,4.134583,12.504636,0.074980,-0.048096,-0.173984,-0.380008,1.580146,3.725252,0.375056,-0.340144,1,0,,38.990330,-76.939924,-9.772000,,,
2026-09-11T19:03:23.735,12.932542,1.815473,13.944127,16.809932,0.000000,9.857678,-3.391403,1.812293,-0.062869,-0.132355,1.279101,4.154008,12.561361,0.080161,-0.104886,-0.130872,2.280242,-1.411961,13.454528,0.509731,-0.440154,1,0,,38.990330,-76.939924,-9.772000,,,
2026-09-11T19:03:23.768,12.965952,1.786821,14.003453,16.544642,0.000000,9.648938,-3.319589,1.783823,-0.062507,-0.131594,1.274692,4.173413,12.618251,0.153224,-0.080369,-0.130110,1.054215,0.365886,11.408861,0.570163,-0.424280,1,0,,38.990330,-76.939924,-9.772000,,,
2026-09-11T19:03:23.802,12.999376,1.797030,14.063363,16.639171,0.000000,9.619412,-3.309431,1.794034,-0.068346,-0.143885,1.270088,4.193083,12.674758,0.108568,-0.219710,-0.142402,1.438047,0.359708,4.739456,0.660466,-0.407460,1,0,,38.990330,-76.939924,-9.772000,,,
2026-09-11T19:03:23.835,13.032795,1.748785,14.121604,16.192453,0.000000,12.313122,-4.236166,1.744007,-0.060704,-0.127797,1.265548,4.212779,12.730543,0.026758,-0.074179,-0.126314,-1.271628,1.682527,12.528976,0.574841,-0.307460,1,0,,38.990330,-76.939924,-9.772000,,,
2026-09-11T19:03:23.869,13.066208,1.729720,14.179184,16.015922,0.000000,16.961712,-5.835452,1.720756,-0.087260,-0.183705,1.260344,4.232672,12.784955,-0.010997,-0.043150,-0.182222,-0.420117,0.309400,11.454462,0.545625,-0.291442,1,0,,38.990330,-76.939924,-9.772000,,,
2026-09-11T19:03:23.902,13.099631,1.700969,14.236143,15.749716,0.000000,21.535458,-7.408988,1.686768,-0.097980,-0.206273,1.253827,4.253188,12.838166,-0.153533,-0.043488,-0.204790,-0.452577,-1.856007,10.189894,0.513081,-0.413757,1,0,,38.990330,-76.939924,-9.772000,,,
2026-09-11T19:03:23.935,13.133051,1.682167,14.292441,15.575621,0.000000,22.836651,-7.856646,1.666377,-0.114974,-0.242052,1.246335,4.274226,12.890216,-0.110991,0.027178,-0.240568,-0.169263,0.329896,9.095080,0.496154,-0.389584,1,0,,38.990330,-76.939924,-9.772000,,,
2026-09-11T19:03:23.969,13.166466,1.653977,14.347563,15.314598,0.000000,24.035534,-8.269106,1.636781,-0.119182,-0.250910,1.238099,4.295736,12.941189,-0.059797,0.060299,-0.249426,-0.510338,-1.388229,10.679148,0.457028,-0.476432,1,0,,38.990330,-76.939924,-9.772000,,,
2026-09-11T19:03:24.002,13.199888,1.634996,14.402113,15.138854,0.000000,25.449338,-8.755506,1.615943,-0.126844,-0.267040,1.229444,4.317589,12.991127,-0.030648,0.031217,-0.265556,-0.458951,-0.761094,11.529777,0.416725,-0.520378,1,0,,38.990330,-76.939924,-9.772000,,,
2026-09-11T19:03:24.036,13.233303,1.606291,14.455643,14.873067,0.000000,27.954220,-9.617278,1.583716,-0.126698,-0.266732,1.220526,4.339691,13.039985,-0.021743,0.042594,-0.265249,-0.139156,-2.213851,10.577061,0.393931,-0.658450,1,0,,38.990330,-76.939924,-9.772000,,,
2026-09-11T19:03:24.069,13.266715,1.606828,14.509415,14.878035,0.000000,32.211425,-11.081912,1.576866,-0.147958,-0.311490,1.210866,4.362350,13.087894,-0.011778,0.008613,-0.310007,0.151415,-0.553782,7.547100,0.385860,-0.683085,1,0,,38.990330,-76.939924,-9.772000,,,
2026-09-11T19:03:24.103,13.300137,1.626091,14.563819,15.056400,0.000000,32.908370,-11.321687,1.594448,-0.166080,-0.349642,1.199818,4.386192,13.135513,0.003105,0.009821,-0.348158,0.135038,-0.991747,9.298273,0.372175,-0.731514,1,0,,38.990330,-76.939924,-9.772000,,,
2026-09-11T19:03:24.136,13.333561,1.626186,14.617904,15.057280,0.000000,34.274108,-11.791551,1.591870,-0.170149,-0.358209,1.187988,4.411013,13.182955,0.021553,0.021083,-0.356725,0.361963,-2.450878,10.362883,0.372130,-0.873043,1,0,,38.990330,-76.939924,-9.772000,,,
2026-09-11T19:03:24.169,13.366973,1.655610,14.673132,15.329719,0.000000,35.743530,-12.297086,1.617624,-0.192690,-0.405662,1.175227,4.436967,13.230260,0.051267,0.004173,-0.404179,1.070690,-1.243679,11.111915,0.413961,-0.929264,1,0,,38.990330,-76.939924,-9.772000,,,
2026-09-11T19:03:24.203,13.400397,1.684881,14.729855,15.600747,0.000000,39.209030,-13.489345,1.638400,-0.209529,-0.441113,1.161076,4.464475,13.277685,0.005286,-0.000275,-0.439629,2.188550,-1.910826,12.245074,0.525121,-1.023760,1,1,13.373401,38.990345,-76.939923,-9.847000,0.709131,13.893621,5.250770
2026-09-11T19:03:24.236,13.433820,1.753314,14.788440,16.234386,0.000000,44.652069,-15.361950,1.690670,-0.232690,-0.489873,1.145518,4.493792,13.325536,-0.096224,-0.001821,-0.488389,2.027623,-1.447265,8.540710,0.622617,-1.080369,1,0,,38.990345,-76.939923,-9.847000,,,
2026-09-11T19:03:24.270,13.467234,1.811650,14.849190,16.774535,0.000000,51.488998,-17.714105,1.725753,-0.279984,-0.589441,1.127485,4.525580,13.373701,-0.105187,-0.021208,-0.587957,-0.250756,-0.397660,11.356983,0.567345,-1.056182,1,0,,38.990345,-76.939923,-9.847000,,,
2026-09-11T19:03:24.303,13.500657,1.850976,14.911331,17.138667,0.000000,60.815017,-20.922598,1.728930,-0.327114,-0.688662,1.106127,4.560011,13.421126,-0.130772,0.005759,-0.687178,0.249677,-2.778420,11.442497,0.543503,-1.175134,1,0,,38.990345,-76.939923,-9.847000,,,
2026-09-11T19:03:24.336,13.534079,1.900138,14.974738,17.593868,0.000000,65.934646,-22.683938,1.753155,-0.362167,-0.762457,1.081877,4.596949,13.467527,-0.057981,0.012875,-0.760973,0.740304,-3.650820,9.946983,0.553523,-1.339767,1,0,,38.990345,-76.939923,-9.847000,,,
2026-09-11T19:03:24.370,13.567491,1.900413,15.038644,17.596417,0.000000,71.598785,-24.632609,1.727474,-0.394439,-0.830398,1.055266,4.636007,13.512402,0.030160,0.030570,-0.828915,-0.884952,-3.516469,9.195794,0.459419,-1.487503,1,0,,38.990345,-76.939923,-9.847000,,,
2026-09-11T19:03:24.403,13.600910,1.900943,15.103379,17.601329,0.000000,74.365285,-25.584387,1.714556,-0.422221,-0.888886,1.026538,4.676841,13.555123,0.087027,0.052627,-0.887403,-0.624095,-2.771359,10.680913,0.383956,-1.579613,1,0,,38.990345,-76.939923,-9.847000,,,
2026-09-11T19:03:24.437,13.634332,1.940333,15.167789,17.966044,0.000000,77.300695,-26.594276,1.735044,-0.434031,-0.913749,0.996414,4.719556,13.596383,0.052168,-0.006758,-0.912266,-0.226337,-2.498833,11.492413,0.337206,-1.649104,1,0,,38.990345,-76.939923,-9.847000,,,
2026-09-11T19:03:24.470,13.667746,1.940489,15.232718,17.967493,0.000000,82.923635,-28.528773,1.704870,-0.448299,-0.943787,0.965381,4.763760,13.635937,0.060064,-0.043052,-0.942304,-0.114640,-0.355197,7.446582,0.300813,-1.577588,1,0,,38.990345,-76.939923,-9.847000,,,
2026-09-11T19:03:24.503,13.701169,1.950238,15.297874,18.057756,0.000000,82.496541,-28.381838,1.715818,-0.458279,-0.964798,0.933485,4.809353,13.673589,0.052514,0.022202,-0.963314,-0.605070,-0.110717,8.229839,0.240615,-1.488016,1,0,,38.990345,-76.939923,-9.847000,,,
2026-09-11T19:03:24.537,13.734585,1.950400,15.362959,18.059258,0.000000,82.414830,-28.353726,1.716415,-0.443415,-0.933506,0.901769,4.856162,13.709973,-0.118380,-0.141616,-0.932022,1.750487,-0.833467,17.878700,0.339823,-1.449660,1,0,,38.990345,-76.939923,-9.847000,,,
2026-09-11T19:03:24.570,13.767997,1.931400,15.427751,17.883331,0.000000,82.159398,-28.265848,1.701099,-0.439765,-0.925820,0.870706,4.903687,13.744873,-0.104063,0.097208,-0.924337,0.997238,-1.220045,8.584251,0.391782,-1.438515,1,0,,38.990345,-76.939923,-9.847000,,,
2026-09-11T19:03:24.604,13.801418,1.922111,15.492307,17.797323,0.000000,81.075872,-27.893075,1.698804,-0.424490,-0.893662,0.840302,4.951846,13.778289,-0.119019,-0.016873,-0.892179,-1.042447,-1.718125,11.161831,0.312056,-1.463396,1,0,,38.990345,-76.939923,-9.847000,,,
2026-09-11T19:03:24.637,13.834845,1.903087,15.555723,17.621179,0.000000,78.104070,-26.870666,1.697609,-0.413680,-0.870906,0.810810,5.000634,13.810507,-0.073260,0.027657,-0.869422,0.435023,-0.210157,14.220427,0.326926,-1.392968,1,0,,38.990345,-76.939923,-9.847000,,,
2026-09-11T19:03:24.671,13.868258,1.874295,15.618715,17.354585,0.000000,70.077184,-24.109123,1.710799,-0.378410,-0.796654,0.782951,5.049900,13.841982,0.002345,0.014554,-0.795170,-0.016769,1.319877,8.032431,0.312808,-1.231825,1,0,,38.990345,-76.939923,-9.847000,,,
2026-09-11T19:03:24.704,13.901677,1.855386,15.680257,17.179502,0.000000,66.100133,-22.740871,1.711153,-0.347773,-0.732154,0.757405,5.099393,13.873087,-0.008468,-0.034395,-0.730670,0.028439,-0.992335,9.804297,0.301120,-1.229197,1,0,,38.990345,-76.939923,-9.847000,,,
2026-09-11T19:03:24.738,13.935102,1.846283,15.742038,17.095213,0.000000,55.797704,-19.196458,1.743624,-0.313395,-0.659780,0.734143,5.149307,13.904145,-0.021187,-0.056594,-0.658296,0.033637,2.007029,8.291032,0.285214,-1.039080,1,0,,38.990345,-76.939923,-9.847000,,,
2026-09-11T19:03:24.771,13.968514,1.788503,15.802697,16.560213,0.000000,57.882360,-19.913656,1.681563,-0.289078,-0.608586,0.712953,5.198850,13.934494,-0.037468,-0.006020,-0.607103,-0.538483,-0.575356,10.978937,0.226297,-1.026452,1,0,,38.990345,-76.939923,-9.847000,,,
2026-09-11T19:03:24.804,14.001938,1.789040,15.861752,16.565181,0.000000,57.083791,-19.638919,1.684970,-0.279695,-0.588831,0.692942,5.247917,13.963612,-0.084805,-0.025602,-0.587347,0.806695,0.037167,10.675519,0.249363,-0.976331,1,0,,38.990345,-76.939923,-9.847000,,,
2026-09-11T19:03:24.838,14.035363,1.769931,15.920908,16.388249,0.000000,56.642964,-19.487258,1.668542,-0.280206,-0.589908,0.673242,5.297291,13.991732,-0.100146,-0.002637,-0.588424,-0.033637,0.519949,12.600271,0.212199,-0.896015,1,0,,38.990345,-76.939923,-9.847000,,,
2026-09-11T19:03:24.871,14.068771,1.769832,15.980271,16.387334,0.000000,56.442464,-19.418279,1.669158,-0.275793,-0.580617,0.653690,5.346934,14.018749,-0.120552,0.067697,-0.579133,-0.111109,-2.891393,11.428768,0.170151,-1.038336,1,0,,38.990345,-76.939923,-9.847000,,,
2026-09-11T19:03:24.904,14.102191,1.760285,16.038925,16.298939,0.000000,56.485723,-19.433161,1.660002,-0.273609,-0.576019,0.634363,5.396929,14.044809,-0.062405,0.081334,-0.574536,-1.160715,0.149649,8.293484,0.061387,-0.983137,1,0,,38.990345,-76.939923,-9.847000,,,
2026-09-11T19:03:24.938,14.135612,1.770554,16.097932,16.394023,0.000000,56.347707,-19.385679,1.670174,-0.283429,-0.596692,0.614766,5.447513,14.069794,-0.164276,-0.043808,-0.595209,5.292551,-6.508870,22.731227,0.367283,-1.356892,1,0,,38.990345,-76.939923,-9.847000,,,
2026-09-11T19:03:24.971,14.169025,1.761132,16.156309,16.306782,0.000000,56.612752,-19.476864,1.660354,-0.285517,-0.601089,0.594755,5.498687,14.093611,0.044042,0.142748,-0.599606,3.373292,-2.863052,6.779337,0.544663,-1.490406,1,0,,38.990345,-76.939923,-9.847000,,,
2026-09-11T19:03:25.005,14.202451,1.829512,16.217552,16.939928,0.000000,56.980794,-19.603484,1.723468,-0.301287,-0.634289,0.574108,5.551267,14.116622,0.019931,0.040067,-0.632805,-0.211726,-2.247488,9.997978,0.484859,-1.576484,1,0,,38.990345,-76.939923,-9.847000,,,
2026-09-11T19:03:25.038,14.235869,1.878424,16.280083,17.392818,0.000000,57.539037,-19.795540,1.767423,-0.327449,-0.689366,0.551991,5.606196,14.138862,-0.076816,-0.009928,-0.687882,1.348218,0.340291,8.350951,0.522187,-1.486035,1,0,,38.990345,-76.939923,-9.847000,,,
2026-09-11T19:03:25.071,14.269281,1.917667,16.344555,17.756180,0.000000,59.234365,-20.378795,1.797642,-0.337622,-0.710784,0.528601,5.662982,14.159962,-0.018085,-0.019892,-0.709300,1.454522,0.782767,11.556647,0.563500,-1.364135,1,0,,38.990345,-76.939923,-9.847000,,,
2026-09-11T19:03:25.105,14.302705,1.966782,16.410831,18.210943,0.000000,61.079381,-21.013549,1.835982,-0.363631,-0.765539,0.503928,5.721574,14.179735,-0.027377,0.036125,-0.764056,1.346355,-3.073404,11.780533,0.595970,-1.484852,1,0,,38.990345,-76.939923,-9.847000,,,
2026-09-11T19:03:25.139,14.336130,1.938378,16.476369,17.947941,0.000000,63.577397,-21.872958,1.798838,-0.356416,-0.750350,0.478594,5.780805,14.197787,-0.073272,0.159010,-0.748867,1.318798,-0.972329,4.973443,0.629968,-1.471853,1,0,,38.990345,-76.939923,-9.847000,,,
2026-09-11T19:03:25.172,14.369540,1.977502,16.541959,18.310207,0.000000,63.367971,-21.800907,1.836071,-0.360655,-0.759274,0.453376,5.840432,14.214359,0.112463,0.092943,-0.757790,0.823170,-3.327691,10.994628,0.635681,-1.608510,1,1,14.371767,38.990356,-76.939911,-10.057000,1.725652,15.213319,5.270314
2026-09-11T19:03:25.205,14.402963,2.006928,16.609146,18.582666,0.000000,59.842732,-20.588096,1.878751,-0.376678,-0.793006,0.427435,5.901838,14.229667,0.139268,0.015331,-0.791522,0.519851,1.054215,8.772049,0.624211,-1.453918,1,0,,38.990356,-76.939911,-10.057000,,,
2026-09-11T19:03:25.239,14.436388,2.006750,16.676447,18.581017,0.000000,58.932241,-20.274853,1.882414,-0.351929,-0.740902,0.401799,5.964275,14.243844,0.158809,-0.048904,-0.739419,0.679209,-0.412762,9.036436,0.628934,-1.402136,1,0,,38.990356,-76.939911,-10.057000,,,
2026-09-11T19:03:25.272,14.469797,2.016550,16.744036,18.671757,0.000000,57.453206,-19.766011,1.897738,-0.347559,-0.731704,0.377200,6.027125,14.257009,0.142125,-0.019251,-0.730220,-0.481114,-1.045095,11.649810,0.567690,-1.392253,1,0,,38.990356,-76.939911,-10.057000,,,
2026-09-11T19:03:25.306,14.503218,2.007086,16.811081,18.584134,0.000000,56.181539,-19.328511,1.893960,-0.316625,-0.666579,0.353834,6.090269,14.269293,0.071927,-0.057858,-0.665096,0.132292,-0.017162,7.034114,0.553942,-1.324112,1,0,,38.990356,-76.939911,-10.057000,,,
2026-09-11T19:03:25.339,14.536640,2.026692,16.878741,18.765670,0.000000,53.470662,-18.395870,1.923126,-0.304094,-0.640197,0.331997,6.153830,14.280966,-0.022058,-0.230741,-0.638714,2.694867,-2.737723,6.488472,0.712576,-1.434823,1,0,,38.990356,-76.939911,-10.057000,,,
2026-09-11T19:03:25.372,14.570053,1.978182,16.945777,18.316500,0.000000,47.021688,-16.177186,1.899855,-0.273112,-0.574972,0.311695,6.217471,14.292026,0.071590,0.002811,-0.573488,1.521306,0.385107,11.476232,0.792277,-1.351206,1,0,,38.990356,-76.939911,-10.057000,,,
2026-09-11T19:03:25.406,14.603475,1.930289,17.009862,17.873044,0.000000,45.831731,-15.767797,1.857654,-0.254477,-0.535742,0.293134,6.280037,14.302317,-0.036406,0.034858,-0.534258,-0.194760,3.854406,13.092270,0.759253,-1.050231,1,0,,38.990356,-76.939911,-10.057000,,,
2026-09-11T19:03:25.439,14.636899,1.891921,17.073091,17.517783,0.000000,40.597432,-13.967006,1.835986,-0.219438,-0.461974,0.276460,6.341506,14.312064,-0.012648,-0.013917,-0.460490,-0.673815,-2.220520,6.597914,0.701836,-1.155309,1,0,,38.990356,-76.939911,-10.057000,,,
2026-09-11T19:03:25.473,14.670312,1.853594,17.135074,17.162905,0.000000,32.190145,-11.074591,1.819076,-0.187628,-0.395006,0.262143,6.402179,14.321757,-0.003746,0.030945,-0.393522,-1.207395,2.433520,10.323166,0.611798,-0.966415,1,0,,38.990356,-76.939911,-10.057000,,,
2026-09-11T19:03:25.506,14.703739,1.834789,17.196588,16.988791,0.000000,32.343267,-11.127271,1.800297,-0.169658,-0.357174,0.249572,6.462213,14.331291,-0.019906,0.014823,-0.355691,-0.432571,-1.712339,9.425073,0.570003,-1.052817,1,0,,38.990356,-76.939911,-10.057000,,,
2026-09-11T19:03:25.539,14.737149,1.816108,17.256671,16.815813,0.000000,31.504872,-10.838832,1.783709,-0.152435,-0.320917,0.238244,6.521611,14.340530,0.001903,0.079301,-0.319433,-1.122469,-3.353384,9.640035,0.476922,-1.248960,1,0,,38.990356,-76.939911,-10.057000,,,
2026-09-11T19:03:25.573,14.770565,1.796920,17.316940,16.638148,0.000000,31.804250,-10.941829,1.764253,-0.155589,-0.327555,0.227409,6.580477,14.349202,0.017048,0.080685,-0.326071,0.235654,-4.480364,11.116426,0.467716,-1.515519,1,0,,38.990356,-76.939911,-10.057000,,,
2026-09-11T19:03:25.606,14.803987,1.787118,17.376927,16.547391,0.000000,31.722539,-10.913718,1.754795,-0.160114,-0.337083,0.216303,6.639002,14.356996,0.059985,-0.007711,-0.335599,0.969191,1.387543,8.458726,0.506961,-1.398527,1,0,,38.990356,-76.939911,-10.057000,,,
2026-09-11T19:03:25.640,14.837406,1.816178,17.437452,16.816459,0.000000,31.607183,-10.874031,1.783567,-0.148039,-0.311661,0.205462,6.697896,14.364335,0.096493,-0.273924,-0.310178,0.470229,3.227172,22.806640,0.511401,-1.166086,1,0,,38.990356,-76.939911,-10.057000,,,
2026-09-11T19:03:25.673,14.870819,1.797366,17.497257,16.642273,0.000000,31.064046,-10.687172,1.766189,-0.149246,-0.314202,0.195007,6.757000,14.371264,0.173869,-0.085685,-0.312718,1.975354,-0.386872,3.649839,0.609708,-1.170167,1,0,,38.990356,-76.939911,-10.057000,,,
2026-09-11T19:03:25.707,14.904237,1.797538,17.557887,16.643870,0.000000,30.996068,-10.663785,1.766494,-0.169549,-0.356945,0.183792,6.815972,14.377145,0.125352,-0.025989,-0.355462,0.610660,2.427538,10.248146,0.615282,-0.987165,1,0,,38.990356,-76.939911,-10.057000,,,
2026-09-11T19:03:25.740,14.937658,1.826851,17.619059,16.915286,0.000000,32.127660,-11.053094,1.792963,-0.175477,-0.369426,0.171654,6.875536,14.381983,0.088625,0.045031,-0.367942,0.218786,0.484154,11.585773,0.591725,-0.929894,1,0,,38.990356,-76.939911,-10.057000,,,
2026-09-11T19:03:25.773,14.971072,1.865938,17.681202,17.277199,0.000000,32.580159,-11.208770,1.830346,-0.195915,-0.412452,0.158592,6.936262,14.385808,0.040980,0.038825,-0.410969,2.574932,-0.981744,8.318981,0.720528,-0.962146,1,0,,38.990356,-76.939911,-10.057000,,,
2026-09-11T19:03:25.807,15.004495,1.953857,17.746341,18.091273,0.000000,33.359502,-11.476893,1.914790,-0.210943,-0.444092,0.144277,6.999157,14.388518,-0.045866,-0.000220,-0.442608,0.962229,-2.237191,10.332287,0.744309,-1.069139,1,0,,38.990356,-76.939911,-10.057000,,,
2026-09-11T19:03:25.840,15.037919,1.973564,17.812816,18.273743,0.000000,33.369802,-11.480436,1.934079,-0.207858,-0.437595,0.129542,7.063832,14.390361,-0.092875,0.004910,-0.436112,0.658615,-2.214734,10.680913,0.751133,-1.173751,1,0,,38.990356,-76.939911,-10.057000,,,
2026-09-11T19:03:25.874,15.071334,1.945222,17.879175,18.011311,0.000000,32.878850,-11.311531,1.907436,-0.198354,-0.417587,0.115255,7.128362,14.391465,-0.059981,0.043344,-0.416103,-0.334897,2.259060,11.466426,0.703130,-0.990887,1,0,,38.990356,-76.939911,-10.057000,,,
2026-09-11T19:03:25.907,15.104757,1.936099,17.943716,17.926841,0.000000,31.963552,-10.996635,1.900549,-0.172382,-0.362911,0.102211,7.192298,14.392213,-0.072544,0.005401,-0.361427,0.888777,0.184757,8.774794,0.737401,-0.951182,1,0,,38.990356,-76.939911,-10.057000,,,
2026-09-11T19:03:25.941,15.138178,1.926681,18.007981,17.839638,0.000000,28.796742,-9.907136,1.897950,-0.154086,-0.324391,0.090726,7.256003,14.392897,0.053952,0.086526,-0.322908,1.942403,-0.402661,8.418715,0.830747,-0.954736,1,0,,38.990356,-76.939911,-10.057000,,,
2026-09-11T19:03:25.974,15.171590,1.936315,18.072531,17.928840,0.000000,25.753530,-8.860159,1.913209,-0.145514,-0.306346,0.080189,7.319867,14.393343,-0.165632,0.040467,-0.304863,-3.287483,-7.195924,12.512011,0.580474,-1.399726,1,0,,38.990356,-76.939911,-10.057000,,,
2026-09-11T19:03:26.007,15.205014,1.936400,18.137360,17.929630,0.000000,22.043584,-7.583802,1.919462,-0.129847,-0.273361,0.070501,7.384083,14.393575,-0.138252,-0.009687,-0.271878,-0.710590,1.713026,9.857939,0.503909,-1.267266,1,0,,38.990356,-76.939911,-10.057000,,,
2026-09-11T19:03:26.041,15.238477,1.898105,18.200833,17.575048,0.000000,19.873784,-6.837311,1.884606,-0.102260,-0.215284,0.062325,7.447851,14.393927,-0.119066,0.026763,-0.213801,-0.844255,-2.440973,10.477621,0.424217,-1.413007,1,0,,38.990356,-76.939911,-10.057000,,,
2026-09-11T19:03:26.074,15.271890,1.879051,18.263537,17.398624,0.000000,15.338491,-5.277004,1.871087,-0.085599,-0.180209,0.055718,7.510671,14.394496,-0.048451,0.054028,-0.178726,0.243597,3.444292,7.868072,0.415975,-1.180553,1,0,,38.990356,-76.939911,-10.057000,,,
2026-09-11T19:03:26.108,15.305313,1.811506,18.324401,16.773208,0.000000,7.388509,-2.541918,1.809724,-0.070145,-0.147674,0.050238,7.572235,14.395157,-0.000213,0.319386,-0.146190,-4.846250,1.677133,16.165086,0.073380,-1.069499,1,0,,38.990356,-76.939911,-10.057000,,,
2026-09-11T19:03:26.141,15.338737,1.743568,18.382411,16.144150,0.000000,6.813100,-2.343956,1.742109,-0.022421,-0.047202,0.046982,7.631598,14.396498,0.184400,0.171131,-0.045719,0.300770,2.355067,4.988643,0.063261,-0.927759,1,0,,38.990356,-76.939911,-10.057000,,,
2026-09-11T19:03:26.174,15.372149,1.782713,18.441931,16.506598,0.000000,3.636678,-1.251151,1.782288,-0.005961,-0.012549,0.045983,7.690437,14.398760,0.222379,0.015912,-0.011066,3.616889,-1.077162,10.625407,0.265765,-1.013614,1,1,15.354149,38.990362,-76.939891,-10.058000,3.448855,15.870852,2.843762
2026-09-11T19:03:26.208,15.405574,1.861153,18.504515,17.232901,0.000000,2.961019,-1.018699,1.860859,0.002868,0.006039,0.045875,7.751260,14.401503,0.164883,-0.010704,0.007522,1.746564,-1.663208,10.560487,0.345766,-1.138655,1,0,,38.990362,-76.939891,-10.058000,,,
2026-09-11T19:03:26.241,15.438995,1.871454,18.567143,17.328278,0.000000,4.429067,-1.523761,1.870792,-0.012899,-0.027155,0.045522,7.813561,14.404185,0.109852,-0.051710,-0.025672,1.237305,-2.681727,12.870346,0.394417,-1.324196,1,0,,38.990362,-76.939891,-10.058000,,,
2026-09-11T19:03:26.275,15.472408,1.862105,18.629246,17.241716,0.000000,6.267903,-2.156389,1.860787,-0.027967,-0.058879,0.044084,7.875870,14.406295,0.069622,-0.015946,-0.057395,1.597405,-0.437769,7.578775,0.466310,-1.358636,1,0,,38.990362,-76.939891,-10.058000,,,
2026-09-11T19:03:26.308,15.505833,1.920782,18.693496,17.785019,0.000000,7.628835,-2.624599,1.918767,-0.050164,-0.105609,0.041335,7.939034,14.407686,0.028040,-0.099281,-0.104126,1.136689,1.873561,11.343254,0.507470,-1.237077,1,0,,38.990362,-76.939891,-10.058000,,,
2026-09-11T19:03:26.342,15.539257,1.969415,18.759316,18.235327,0.000000,12.367375,-4.254831,1.963987,-0.084230,-0.177325,0.036607,8.003958,14.407968,-0.028156,-0.076230,-0.175842,2.067340,-0.545936,10.632860,0.605106,-1.264046,1,0,,38.990362,-76.939891,-10.058000,,,
2026-09-11T19:03:26.375,15.572670,1.998599,18.826039,18.505547,0.000000,17.386754,-5.981681,1.987717,-0.104516,-0.220033,0.029969,8.070045,14.407012,-0.079496,-0.017614,-0.218549,1.068140,0.899760,10.952851,0.630029,-1.191396,1,0,,38.990362,-76.939891,-10.058000,,,
2026-09-11T19:03:26.408,15.606093,2.018314,18.893463,18.688090,0.000000,22.015431,-7.574116,2.000704,-0.127402,-0.268216,0.021809,8.136773,14.404862,-0.078600,-0.016795,-0.266732,0.682347,1.064512,9.485384,0.629106,-1.102441,1,0,,38.990362,-76.939891,-10.058000,,,
2026-09-11T19:03:26.442,15.639517,2.028638,18.960676,18.783688,0.000000,22.095769,-7.601755,2.010810,-0.139008,-0.292647,0.012436,8.203878,14.401558,-0.040978,-0.004710,-0.291164,0.173970,-0.131605,11.164577,0.604527,-1.088535,1,0,,38.990362,-76.939891,-10.058000,,,
2026-09-11T19:03:26.475,15.672929,2.019197,19.028453,18.696264,0.000000,21.878789,-7.527106,2.001797,-0.127199,-0.267787,0.003073,8.270946,14.397631,0.000398,0.012513,-0.266304,-0.009414,-0.889463,8.412439,0.576745,-1.127218,1,0,,38.990362,-76.939891,-10.058000,,,
2026-09-11T19:03:26.509,15.706353,2.009931,19.096164,18.610472,0.000000,21.360372,-7.348752,1.993421,-0.119102,-0.250742,-0.005592,8.337708,14.393432,0.076244,-0.048489,-0.249258,-0.894661,-1.051273,8.707129,0.492852,-1.178304,1,0,,38.990362,-76.939891,-10.058000,,,
2026-09-11T19:03:26.542,15.739769,1.981464,19.162699,18.346884,0.000000,21.024602,-7.233235,1.965695,-0.125157,-0.263489,-0.014184,8.403813,14.388699,0.138648,0.091163,-0.262006,-2.845105,1.013811,2.512170,0.288186,-1.093999,1,0,,38.990362,-76.939891,-10.058000,,,
2026-09-11T19:03:26.575,15.773185,1.962869,19.228442,18.174712,0.000000,21.101506,-7.259693,1.947134,-0.117597,-0.247572,-0.022723,8.469103,14.383438,0.067197,-0.056650,-0.246088,-5.504473,0.803753,-6.616743,-0.079312,-1.026544,1,0,,38.990362,-76.939891,-10.058000,,,
2026-09-11T19:03:26.609,15.806610,1.963374,19.294105,18.179387,0.000000,24.403585,-8.395729,1.942333,-0.141992,-0.298931,-0.031856,8.533961,14.377328,-0.027143,0.010930,-0.297448,-2.346437,-1.492866,7.031957,-0.236577,-1.102105,1,0,,38.990362,-76.939891,-10.058000,,,
2026-09-11T19:03:26.642,15.840030,1.963857,19.359342,18.183857,0.000000,33.026479,-11.362321,1.925367,-0.180025,-0.378999,-0.043185,8.598338,14.369529,-0.088747,-0.058925,-0.377516,0.581534,0.553291,8.760869,-0.202115,-1.034734,1,0,,38.990362,-76.939891,-10.058000,,,
2026-09-11T19:03:26.676,15.873442,1.964035,19.424814,18.185507,0.000000,33.614934,-11.564771,1.924162,-0.201095,-0.423358,-0.056588,8.662246,14.359964,-0.072593,-0.024327,-0.421874,0.147002,0.830819,10.104968,-0.196520,-0.944671,1,0,,38.990362,-76.939891,-10.058000,,,
2026-09-11T19:03:26.710,15.906864,1.944880,19.490227,18.008149,0.000000,35.523809,-12.221494,1.900802,-0.221392,-0.466089,-0.071452,8.725578,14.348832,-0.098911,0.029195,-0.464606,-0.538777,2.446171,7.919164,-0.237758,-0.746384,1,0,,38.990362,-76.939891,-10.058000,,,
2026-09-11T19:03:26.743,15.940285,1.925969,19.554819,17.833047,0.000000,35.346654,-12.160546,1.882753,-0.221479,-0.466272,-0.087033,8.788018,14.336452,-0.023355,0.037269,-0.464788,-0.336270,1.521306,8.381450,-0.269640,-0.610678,1,0,,38.990362,-76.939891,-10.058000,,,
2026-09-11T19:03:26.776,15.973697,1.926418,19.619153,17.837205,0.000000,33.906758,-11.665169,1.886630,-0.206603,-0.434953,-0.102088,8.850032,14.323387,-0.036033,0.027562,-0.433469,-0.431493,0.935260,9.433507,-0.313355,-0.518145,1,0,,38.990362,-76.939891,-10.058000,,,
2026-09-11T19:03:26.810,16.007118,1.897539,19.682432,17.569805,0.000000,32.938588,-11.332083,1.860546,-0.182349,-0.383892,-0.115772,8.911574,14.310121,0.013595,0.037007,-0.382409,-0.227907,1.795598,11.613624,-0.352561,-0.377784,1,0,,38.990362,-76.939891,-10.058000,,,
2026-09-11T19:03:26.843,16.040541,1.917085,19.746469,17.750791,0.000000,32.081655,-11.037266,1.881625,-0.183856,-0.387066,-0.128656,8.972897,14.296421,0.015020,-0.036443,-0.385582,1.300950,1.046762,8.716053,-0.301916,-0.286541,1,0,,38.990362,-76.939891,-10.058000,,,
2026-09-11T19:03:26.876,16.073956,1.937089,19.811039,17.936005,0.000000,31.877034,-10.966870,1.901712,-0.178378,-0.375532,-0.141397,9.034716,14.281913,-0.010168,-0.002670,-0.374048,0.339016,-1.523071,6.418453,-0.323640,-0.363619,1,0,,38.990362,-76.939891,-10.058000,,,
2026-09-11T19:03:26.910,16.107384,1.947356,19.876090,18.031071,0.000000,32.102254,-11.044353,1.911289,-0.188643,-0.397143,-0.154311,9.096845,14.266457,-0.137814,-0.023707,-0.395660,1.862087,-0.654005,5.823483,-0.256205,-0.380679,1,0,,38.990362,-76.939891,-10.058000,,,
2026-09-11T19:03:26.943,16.140802,1.967324,19.941574,18.215959,0.000000,32.324040,-11.120656,1.930384,-0.186801,-0.393265,-0.167518,9.159199,14.249978,-0.063916,0.010143,-0.391782,-0.604580,7.280163,7.459919,-0.356156,0.116236,1,0,,38.990362,-76.939891,-10.058000,,,
2026-09-11T19:03:26.976,16.174214,1.987125,20.007986,18.399310,0.000000,32.532094,-11.192234,1.949333,-0.192074,-0.404366,-0.180843,9.221934,14.232510,-0.152833,0.034554,-0.402883,-1.150418,-5.509964,6.615566,-0.495991,-0.218654,1,0,,38.990362,-76.939891,-10.058000,,,
2026-09-11T19:03:27.010,16.207638,2.016668,20.075712,18.672848,0.000000,32.585652,-11.210660,1.978188,-0.197664,-0.416136,-0.194555,9.285199,14.213861,-0.014046,-0.081356,-0.414652,-1.316347,2.337905,9.276405,-0.646438,-0.039392,1,0,,38.990362,-76.939891,-10.058000,,,
2026-09-11T19:03:27.043,16.241056,2.045917,20.144021,18.943676,0.000000,32.633718,-11.227196,2.006764,-0.210240,-0.442611,-0.208904,9.349065,14.193840,-0.080827,-0.043479,-0.441128,0.694507,0.542798,8.080091,-0.663344,0.025828,1,0,,38.990362,-76.939891,-10.058000,,,
2026-09-11T19:03:27.077,16.274471,2.113990,20.214775,19.573978,0.000000,32.652257,-11.233575,2.073488,-0.203089,-0.427555,-0.223443,9.414165,14.172465,-0.012790,0.032781,-0.426072,0.172499,0.486704,11.164773,-0.710801,0.086580,1,0,,38.990362,-76.939891,-10.058000,,,
2026-09-11T19:03:27.111,16.307897,2.172482,20.287747,20.115576,0.000000,32.580159,-11.208770,2.131043,-0.208705,-0.439380,-0.237932,9.480997,14.149692,-0.084655,0.011111,-0.437896,1.659972,0.714022,11.530855,-0.656381,0.164637,1,0,,38.990362,-76.939891,-10.058000,,,
2026-09-11T19:03:27.144,16.341322,2.241070,20.362823,20.750646,0.000000,32.013677,-11.013880,2.199791,-0.205108,-0.431805,-0.252491,9.549527,14.125405,-0.085364,-0.034127,-0.430322,0.885246,0.031087,6.583695,-0.650186,0.198463,1,0,,38.990362,-76.939891,-10.058000,,,
2026-09-11T19:03:27.177,16.374733,2.299523,20.439652,21.291876,0.000000,29.898809,-10.286287,2.262564,-0.184289,-0.387978,-0.266186,9.619912,14.099993,-0.117326,-0.007548,-0.386494,1.860125,-1.515716,8.181884,-0.580827,0.127068,1,1,16.357610,38.990364,-76.939869,-9.894000,5.370695,16.108624,3.168027
2026-09-11T19:03:27.211,16.408155,2.309404,20.517503,21.383369,0.000000,25.024312,-8.609282,2.283382,-0.161228,-0.339428,-0.278342,9.691529,14.074001,-0.072604,0.035321,-0.337944,0.560744,-1.708417,6.411882,-0.594581,0.037306,1,0,,38.990364,-76.939869,-9.894000,,,
2026-09-11T19:03:27.244,16.441578,2.319558,20.594764,21.477391,0.000000,15.472386,-5.323069,2.309555,-0.107301,-0.225897,-0.287789,9.763979,14.048251,0.014701,-0.034854,-0.224413,-1.443049,0.509357,10.769271,-0.736959,0.075784,1,0,,38.990364,-76.939869,-9.894000,,,
2026-09-11T19:03:27.277,16.474992,2.291057,20.671015,21.213490,0.000000,3.265203,-1.123350,2.290617,-0.023361,-0.049182,-0.292385,9.836999,14.024177,0.158757,-0.019715,-0.047698,-2.010363,4.049362,10.274820,-0.914281,0.316593,1,0,,38.990364,-76.939869,-9.894000,,,
2026-09-11T19:03:27.311,16.508416,2.262148,20.747100,20.945818,0.000000,-6.437785,2.214834,2.260458,0.042444,0.089356,-0.291714,9.909930,14.002584,0.160510,0.000056,0.090839,0.311557,1.366164,8.717524,-0.933782,0.360610,1,0,,38.990364,-76.939869,-9.894000,,,
2026-09-11T19:03:27.344,16.541839,2.242986,20.821442,20.768389,0.000000,-10.320079,3.550486,2.238681,0.081557,0.171699,-0.287351,9.982576,13.983103,0.128365,-0.008071,0.173182,-0.406878,2.739488,9.998861,-0.987002,0.481302,1,0,,38.990364,-76.939869,-9.894000,,,
2026-09-11T19:03:27.378,16.575250,2.233287,20.896171,20.678584,0.000000,-16.131846,5.549947,2.222818,0.105467,0.222036,-0.280774,10.054995,13.965214,0.159189,0.231811,0.223520,0.320579,3.225211,5.843391,-0.980303,0.625027,1,0,,38.990364,-76.939869,-9.894000,,,
2026-09-11T19:03:27.411,16.608674,2.243215,20.972527,20.770511,0.000000,-18.670386,6.423298,2.229133,0.139030,0.292695,-0.272171,10.127682,13.948837,0.074960,0.116778,0.294179,-2.460783,0.611445,-3.488716,-1.145257,0.587532,1,0,,38.990364,-76.939869,-9.894000,,,
2026-09-11T19:03:27.444,16.642097,2.263035,21.047652,20.954025,0.000000,-18.616141,6.404636,2.248911,0.137228,0.288901,-0.262452,10.201078,13.933525,0.053585,-0.025005,0.290384,-1.478451,0.032166,6.519559,-1.240002,0.513096,1,0,,38.990364,-76.939869,-9.894000,,,
2026-09-11T19:03:27.478,16.675508,2.253753,21.123230,20.868086,0.000000,-18.006399,6.194862,2.240593,0.118720,0.249936,-0.253451,10.274687,13.918526,0.074437,0.085885,0.251420,0.059330,-0.771587,9.395948,-1.231695,0.393266,1,0,,38.990364,-76.939869,-9.894000,,,
2026-09-11T19:03:27.511,16.708925,2.292941,21.199552,21.230932,0.000000,-15.780295,5.429000,2.282655,0.087471,0.184150,-0.246197,10.348774,13.903181,0.047477,0.027636,0.185633,-0.166419,0.312342,11.044544,-1.239426,0.354013,1,0,,38.990364,-76.939869,-9.894000,,,
2026-09-11T19:03:27.545,16.742340,2.303101,21.276369,21.325008,0.000000,-13.101004,4.507226,2.295978,0.071654,0.150850,-0.240601,10.423657,13.887326,-0.023716,-0.064348,0.152333,0.597127,1.661737,12.835728,-1.205073,0.407399,1,0,,38.990364,-76.939869,-9.894000,,,
2026-09-11T19:03:27.578,16.775755,2.294176,21.352882,21.242368,0.000000,-9.424016,3.242208,2.290504,0.056543,0.119037,-0.236091,10.498624,13.871315,-0.005279,0.008054,0.120521,-0.959188,0.139451,13.653113,-1.280589,0.366360,1,0,,38.990364,-76.939869,-9.894000,,,
2026-09-11T19:03:27.611,16.809174,2.226505,21.426944,20.615786,0.000000,-4.434850,1.525751,2.225715,0.028843,0.060723,-0.233088,10.572354,13.855160,-0.031379,0.042581,0.062207,-0.598010,0.481507,8.587193,-1.338677,0.356839,1,0,,38.990364,-76.939869,-9.894000,,,
2026-09-11T19:03:27.645,16.842598,2.227049,21.501480,20.620823,0.000000,-2.298695,0.790836,2.226837,0.008979,0.018904,-0.231757,10.644910,13.838635,-0.101284,-0.012494,0.020388,-0.049229,-1.529151,9.480481,-1.363855,0.223185,1,0,,38.990364,-76.939869,-9.894000,,,
2026-09-11T19:03:27.678,16.876011,2.227053,21.575984,20.620859,0.000000,0.185588,-0.063849,2.227051,-0.012858,-0.027070,-0.231893,10.717314,13.821476,0.040150,-0.047205,-0.025586,-0.132488,-0.360394,6.949875,-1.394494,0.173386,1,0,,38.990364,-76.939869,-9.894000,,,
2026-09-11T19:03:27.712,16.909431,2.236775,21.650460,20.710884,0.000000,4.621318,-1.589903,2.235914,-0.025356,-0.053380,-0.233238,10.789735,13.803667,0.124776,0.083673,-0.051897,-0.261151,1.430104,7.940739,-1.433187,0.243935,1,0,,38.990364,-76.939869,-9.894000,,,
2026-09-11T19:03:27.745,16.942856,2.237300,21.724831,20.715740,0.000000,6.916089,-2.379388,2.235371,-0.038894,-0.081882,-0.235498,10.862168,13.785269,0.200275,0.024860,-0.080399,-2.420870,2.932090,7.298011,-1.609220,0.415162,1,0,,38.990364,-76.939869,-9.894000,,,
2026-09-11T19:03:27.779,16.976268,2.266790,21.800477,20.988799,0.000000,8.358044,-2.875474,2.263936,-0.074868,-0.157618,-0.239499,10.934775,13.765737,0.047682,-0.089335,-0.156134,-1.544645,-7.388428,9.110672,-1.721302,-0.072681,1,0,,38.990364,-76.939869,-9.894000,,,
2026-09-11T19:03:27.812,17.009687,2.306235,21.876856,21.354028,0.000000,11.294140,-3.885599,2.300934,-0.083021,-0.174781,-0.245054,11.008191,13.744874,0.057711,0.046078,-0.173297,0.438848,-2.493243,8.338006,-1.697904,-0.235177,1,0,,38.990364,-76.939869,-9.894000,,,
2026-09-11T19:03:27.845,17.043111,2.355082,21.956000,21.806317,0.000000,12.495770,-4.299003,2.348456,-0.110447,-0.232519,-0.251860,11.082707,13.722631,-0.048514,-0.019430,-0.231036,1.927791,-0.066391,9.247769,-1.579170,-0.229398,1,0,,38.990364,-76.939869,-9.894000,,,
2026-09-11T19:03:27.879,17.076523,2.374870,22.035668,21.989539,0.000000,12.510190,-4.303964,2.368173,-0.120316,-0.253296,-0.259976,11.157958,13.698955,-0.034845,0.003708,-0.251812,-0.682249,0.798065,7.597604,-1.636756,-0.164239,1,0,,38.990364,-76.939869,-9.894000,,,
2026-09-11T19:03:27.912,17.109945,2.395042,22.115564,22.176313,0.000000,11.794018,-4.057575,2.389039,-0.089064,-0.187503,-0.267343,11.233800,13.674857,-0.071096,-0.022328,-0.186019,0.830525,2.153737,8.389295,-1.597389,-0.021812,1,0,,38.990364,-76.939869,-9.894000,,,
2026-09-11T19:03:27.946,17.143369,2.405210,22.196608,22.270462,0.000000,11.111493,-3.822761,2.399858,-0.083690,-0.176189,-0.273421,11.310153,13.650698,-0.222260,0.026024,-0.174705,0.435611,0.551820,11.401604,-1.584178,0.013664,1,0,,38.990364,-76.939869,-9.894000,,,
2026-09-11T19:03:27.979,17.176782,2.405123,22.276721,22.269658,0.000000,9.099621,-3.130604,2.401534,-0.078400,-0.165053,-0.279122,11.386586,13.626212,-0.191332,-0.004098,-0.163569,0.631450,-0.519851,9.834991,-1.561071,-0.022368,1,0,,38.990364,-76.939869,-9.894000,,,
2026-09-11T19:03:28.013,17.210206,2.405283,22.357423,22.271143,0.000000,7.786069,-2.678693,2.402655,-0.060197,-0.126730,-0.283998,11.463068,13.601679,-0.094943,0.017475,-0.125247,0.053740,3.372997,12.433950,-1.575762,0.188196,1,0,,38.990364,-76.939869,-9.894000,,,
2026-09-11T19:03:28.046,17.243625,2.376479,22.436442,22.004440,0.000000,4.920697,-1.692900,2.375442,-0.025025,-0.052683,-0.286996,11.539275,13.577828,-0.136262,0.136002,-0.051200,-0.887208,-0.397267,8.476966,-1.650160,0.140590,1,0,,38.990364,-76.939869,-9.894000,,,
2026-09-11T19:03:28.079,17.277036,2.318686,22.514330,21.469311,0.000000,0.035214,-0.012115,2.318686,0.014910,0.031390,-0.287351,11.614436,13.555454,-0.089685,0.201817,0.032873,-2.298090,-1.097168,6.634199,-1.813944,0.035387,1,0,,38.990364,-76.939869,-9.894000,,,
2026-09-11T19:03:28.113,17.310460,2.318727,22.591349,21.469695,0.000000,-6.670566,2.294919,2.316867,0.045639,0.096081,-0.285221,11.689037,13.534548,-0.044440,-0.015566,0.097565,-2.782931,0.974291,9.439783,-2.008010,0.055788,1,0,,38.990364,-76.939869,-9.894000,,,
2026-09-11T19:03:28.146,17.343885,2.358158,22.669448,21.834799,0.000000,-13.838458,4.760938,2.350022,0.091041,0.191665,-0.280412,11.764569,13.514978,0.032547,0.173069,0.193148,0.033146,2.893844,3.226780,-2.021919,0.185557,1,0,,38.990364,-76.939869,-9.894000,,,
2026-09-11T19:03:28.180,17.377295,2.358592,22.748108,21.838815,0.000000,-19.569205,6.732524,2.342328,0.140574,0.295945,-0.272267,11.841032,13.497315,0.149479,0.126874,0.297429,2.468726,1.580538,7.971139,-1.882291,0.213073,1,1,17.382336,38.990365,-76.939844,-10.294000,7.515516,16.136237,6.132876
2026-09-11T19:03:28.214,17.410718,2.378586,22.828511,22.023942,0.000000,-19.896734,6.845207,2.361631,0.169536,0.356918,-0.261356,11.918224,13.481590,0.034707,0.036755,0.358402,-0.699214,-0.544269,5.224101,-1.953338,0.092953,1,0,,38.990365,-76.939844,-10.294000,,,
2026-09-11T19:03:28.247,17.444143,2.408096,22.909270,22.297189,0.000000,-19.687994,6.773392,2.391289,0.166605,0.350748,-0.249530,11.996498,13.466958,0.019199,0.082426,0.352232,0.182992,2.961118,7.110508,-1.970668,0.201515,1,0,,38.990365,-76.939844,-10.294000,,,
2026-09-11T19:03:28.281,17.477557,2.407918,22.989696,22.295541,0.000000,-19.006155,6.538815,2.392255,0.163602,0.344425,-0.237915,12.075387,13.453026,-0.167007,0.082217,0.345909,0.343821,-2.777538,7.314094,-1.979042,-0.061835,1,0,,38.990365,-76.939844,-10.294000,,,
2026-09-11T19:03:28.313,17.510981,2.456987,23.071674,22.749879,0.000000,-18.901098,6.502671,2.441180,0.146443,0.308301,-0.227007,12.155186,13.439464,-0.122576,0.001131,0.309784,0.928101,0.651652,8.904242,-1.954203,-0.095583,1,0,,38.990365,-76.939844,-10.294000,,,
2026-09-11T19:03:28.347,17.544403,2.476630,23.154789,22.931761,0.000000,-18.929251,6.512357,2.460649,0.142012,0.298973,-0.216859,12.236152,13.426137,-0.078304,0.005461,0.300456,1.191116,2.399883,8.940331,-1.917957,-0.014633,1,0,,38.990365,-76.939844,-10.294000,,,
2026-09-11T19:03:28.381,17.577818,2.535121,23.239960,23.473342,0.000000,-18.967703,6.525586,2.518696,0.158438,0.333554,-0.206291,12.318541,13.413580,-0.071181,0.010229,0.335037,0.639786,0.044130,10.723376,-1.916452,-0.093900,1,0,,38.990365,-76.939844,-10.294000,,,
2026-09-11T19:03:28.414,17.611243,2.583990,23.325840,23.925832,0.000000,-19.307593,6.642520,2.566644,0.174932,0.368278,-0.194561,12.402935,13.402125,-0.081266,-0.121753,0.369761,1.588383,2.378407,6.856221,-1.850955,-0.027926,1,0,,38.990365,-76.939844,-10.294000,,,
2026-09-11T19:03:28.448,17.644665,2.632922,23.414295,24.378909,0.000000,-19.451101,6.691893,2.614984,0.168841,0.355456,-0.182467,12.489069,13.391546,-0.091748,-0.187816,0.356939,3.117730,5.830054,7.235150,-1.684347,0.261921,1,0,,38.990365,-76.939844,-10.294000,,,
2026-09-11T19:03:28.481,17.678082,2.662652,23.504055,24.654187,0.000000,-19.689367,6.773865,2.644065,0.188804,0.397483,-0.169887,12.576622,13.382032,-0.053801,-0.116554,0.398966,-0.636354,2.661231,11.493002,-1.757858,0.335426,1,0,,38.990365,-76.939844,-10.294000,,,
2026-09-11T19:03:28.514,17.711506,2.702170,23.594335,25.020097,0.000000,-20.294302,6.981985,2.682132,0.188906,0.397696,-0.156598,12.665476,13.373799,-0.007764,-0.349566,0.399180,-1.423729,3.617575,10.812322,-1.876435,0.469090,1,0,,38.990365,-76.939844,-10.294000,,,
2026-09-11T19:03:28.548,17.744920,2.663284,23.683494,24.660035,0.000000,-20.330008,6.994269,2.643464,0.202334,0.425967,-0.142836,12.754427,13.366987,-0.024247,-0.013935,0.427451,0.033343,4.465654,4.302472,-1.892315,0.652349,1,0,,38.990365,-76.939844,-10.294000,,,
2026-09-11T19:03:28.581,17.778334,2.692750,23.773960,24.932874,0.000000,-21.252859,7.311764,2.670854,0.231714,0.487818,-0.127570,12.843373,13.362209,-0.008350,-0.087449,0.489302,1.437459,-3.250708,3.716818,-1.809426,0.322248,1,0,,38.990365,-76.939844,-10.294000,,,
2026-09-11T19:03:28.614,17.811756,2.693252,23.863429,24.937514,0.000000,-23.058737,7.933052,2.667477,0.211040,0.444295,-0.111994,12.932827,13.358894,0.001881,-0.048111,0.445779,-1.054313,0.345194,9.879612,-1.882760,0.236361,1,0,,38.990365,-76.939844,-10.294000,,,
2026-09-11T19:03:28.648,17.845180,2.712776,23.954066,25.118300,0.000000,-25.313681,8.708835,2.681500,0.247397,0.520835,-0.095864,13.022525,13.357243,0.021969,-0.020688,0.522319,0.632823,-3.178630,7.215929,-1.840975,-0.090527,1,0,,38.990365,-76.939844,-10.294000,,,
2026-09-11T19:03:28.681,17.878595,2.693598,24.044449,24.940727,0.000000,-29.159582,10.031966,2.652415,0.229836,0.483866,-0.079078,13.111995,13.357396,0.127995,0.020645,0.485350,-1.648204,5.411702,10.878419,-1.942832,0.149921,1,0,,38.990365,-76.939844,-10.294000,,,
2026-09-11T19:03:28.714,17.912021,2.694151,24.134454,24.945840,0.000000,-30.745047,10.577424,2.648371,0.235329,0.495429,-0.062711,13.200912,13.358875,0.058527,-0.041672,0.496912,-0.536424,3.774285,7.872975,-1.967890,0.279879,1,0,,38.990365,-76.939844,-10.294000,,,
2026-09-11T19:03:28.748,17.945447,2.675530,24.223786,24.773430,0.000000,-30.891989,10.627978,2.629633,0.254372,0.535519,-0.045481,13.289431,13.362275,-0.017187,0.015619,0.537003,-2.082932,-1.582793,-1.358515,-2.088523,0.055102,1,0,,38.990365,-76.939844,-10.294000,,,
2026-09-11T19:03:28.781,17.978860,2.646697,24.312472,24.506455,0.000000,-31.293677,10.766173,2.600109,0.263792,0.555352,-0.027256,13.377053,13.367744,0.018251,0.028626,0.556835,-4.104770,4.730042,0.673619,-2.338072,0.239402,1,0,,38.990365,-76.939844,-10.294000,,,
2026-09-11T19:03:28.815,18.012281,2.617361,24.400143,24.234826,0.000000,-31.843680,10.955394,2.569661,0.279067,0.587510,-0.008158,13.463583,13.375280,-0.090209,-0.052489,0.588993,-0.662047,0.907017,5.636176,-2.362943,0.169811,1,0,,38.990365,-76.939844,-10.294000,,,
2026-09-11T19:03:28.848,18.045697,2.598169,24.487092,24.057124,0.000000,-32.692373,11.247376,2.548269,0.282617,0.594982,0.011599,13.549073,13.384807,0.003177,0.011255,0.596466,-3.903831,5.052288,-5.628135,-2.597076,0.369074,1,0,,38.990365,-76.939844,-10.294000,,,
2026-09-11T19:03:28.882,18.079108,2.608345,24.574382,24.151345,0.000000,-33.539007,11.538649,2.555631,0.292350,0.615474,0.031820,13.634100,13.396261,0.032251,-0.005121,0.616958,-1.655853,-0.890836,7.561418,-2.683233,0.177540,1,0,,38.990365,-76.939844,-10.294000,,,
2026-09-11T19:03:28.915,18.112528,2.628143,24.662509,24.334658,0.000000,-33.627585,11.569123,2.574748,0.298409,0.628229,0.052602,13.719331,13.409745,0.015993,-0.040289,0.629712,0.392462,3.724173,10.975014,-2.636597,0.284139,1,0,,38.990365,-76.939844,-10.294000,,,
2026-09-11T19:03:28.949,18.145951,2.638331,24.750418,24.428987,0.000000,-33.956488,11.682278,2.583679,0.294748,0.620521,0.073471,13.804736,13.425069,0.087937,-0.032966,0.622005,-0.799928,1.418826,9.000544,-2.669722,0.241143,1,0,,38.990365,-76.939844,-10.294000,,,
2026-09-11T19:03:28.982,18.179364,2.648708,24.838582,24.525078,0.000000,-33.913229,11.667395,2.593981,0.294231,0.619433,0.094186,13.890105,13.442118,0.135312,-0.055569,0.620916,-0.497099,2.232484,5.598322,-2.684099,0.251102,1,0,,38.990365,-76.939844,-10.294000,,,
2026-09-11T19:03:29.016,18.212786,2.639542,24.927331,24.440202,0.000000,-33.817099,11.634323,2.585311,0.298164,0.627714,0.115027,13.975143,13.460997,0.068042,-0.102988,0.629197,0.530049,-0.948107,10.595595,-2.634987,0.053889,1,0,,38.990365,-76.939844,-10.294000,,,
2026-09-11T19:03:29.049,18.246207,2.639781,25.015862,24.442421,0.000000,-33.798559,11.627945,2.585605,0.273116,0.574981,0.135124,14.059685,13.481248,0.131966,-0.004561,0.576465,1.577204,2.681432,10.402208,-2.521239,0.102782,1,0,,38.990365,-76.939844,-10.294000,,,
2026-09-11T19:03:29.082,18.279618,2.639572,25.104289,24.440481,0.000000,-33.490256,11.521877,2.586381,0.300177,0.631952,0.155287,14.143784,13.503225,0.142282,-0.051767,0.633436,-0.065705,-1.336843,9.431546,-2.516515,-0.118632,1,0,,38.990365,-76.939844,-10.294000,,,
2026-09-11T19:03:29.115,18.313039,2.659344,25.192898,24.623558,0.000000,-33.315161,11.461638,2.606312,0.276137,0.581342,0.175561,14.227783,13.527015,0.098570,-0.037820,0.582825,0.061684,4.884398,10.001508,-2.503283,0.072996,1,0,,38.990365,-76.939844,-10.294000,,,
2026-09-11T19:03:29.149,18.346461,2.649703,25.281159,24.534287,0.000000,-32.871588,11.309033,2.598256,0.263168,0.554037,0.194535,14.311614,13.551875,0.006512,-0.027289,0.555520,-0.860337,0.707746,11.278530,-2.546378,-0.003108,1,0,,38.990365,-76.939844,-10.294000,,,
2026-09-11T19:03:29.183,18.379876,2.650081,25.370828,24.537786,0.000000,-31.783941,10.934842,2.601965,0.230384,0.485018,0.211895,14.395044,13.577486,-0.043778,-0.191228,0.486502,-0.915745,-0.431002,-1.641045,-2.588972,-0.140583,1,1,18.361448,38.990371,-76.939815,-10.227000,10.044791,16.842696,3.352418
2026-09-11T19:03:29.216,18.413298,2.640980,25.458930,24.453517,0.000000,-30.333746,10.435922,2.597293,0.241875,0.509211,0.228509,14.478103,13.604163,0.054573,-0.422240,0.510694,4.670221,1.562592,20.902581,-2.267791,-0.151373,1,0,,38.990371,-76.939815,-10.227000,,,
2026-09-11T19:03:29.249,18.446722,2.641415,25.547043,24.457551,0.000000,-30.188177,10.385841,2.598139,0.228053,0.480112,0.245043,14.560664,13.632164,0.006817,-0.218268,0.481596,-0.635863,-0.011474,13.650955,-2.294665,-0.259117,1,0,,38.990371,-76.939815,-10.227000,,,
2026-09-11T19:03:29.282,18.480134,2.641972,25.634951,24.462702,0.000000,-30.543173,10.507972,2.597665,0.239820,0.504884,0.261499,14.642735,13.661480,0.033186,-0.070542,0.506367,0.463658,-0.269977,8.612200,-2.248150,-0.386507,1,0,,38.990371,-76.939815,-10.227000,,,
2026-09-11T19:03:29.316,18.513556,2.622906,25.722859,24.286170,0.000000,-30.788992,10.592543,2.578210,0.256812,0.540658,0.278971,14.723868,13.692563,0.060011,-0.016336,0.542141,2.225815,0.314499,7.699299,-2.084957,-0.480003,1,0,,38.990371,-76.939815,-10.227000,,,
2026-09-11T19:03:29.350,18.546977,2.612950,25.810033,24.193983,0.000000,-30.872763,10.621363,2.568182,0.246027,0.517951,0.296660,14.803943,13.725029,0.141111,0.016018,0.519435,0.324796,-3.588449,6.671366,-2.045268,-0.820994,1,0,,38.990371,-76.939815,-10.227000,,,
2026-09-11T19:03:29.383,18.580389,2.603569,25.896801,24.107123,0.000000,-30.764273,10.584039,2.559274,0.255963,0.538870,0.314316,14.883110,13.758787,0.061358,-0.086991,0.540354,0.374908,2.778322,9.043497,-1.998966,-0.749222,1,0,,38.990371,-76.939815,-10.227000,,,
2026-09-11T19:03:29.417,18.613813,2.584719,25.984149,23.932584,0.000000,-30.809591,10.599630,2.540615,0.242106,0.509698,0.331839,14.961287,13.793736,0.079257,-0.011783,0.511181,-0.213295,7.292715,6.224967,-1.989633,-0.380466,1,0,,38.990371,-76.939815,-10.227000,,,
2026-09-11T19:03:29.450,18.647238,2.575219,26.069676,23.844624,0.000000,-30.712774,10.566321,2.531552,0.251865,0.530243,0.349219,15.038426,13.829826,0.013611,0.016704,0.531726,0.057075,0.888483,9.235217,-1.961790,-0.433529,1,0,,38.990371,-76.939815,-10.227000,,,
2026-09-11T19:03:29.484,18.680652,2.575779,26.156826,23.849808,0.000000,-30.875509,10.622308,2.531640,0.245126,0.516054,0.366700,15.114744,13.867239,0.042445,0.034371,0.517538,1.419415,1.310561,9.028591,-1.842792,-0.456342,1,0,,38.990371,-76.939815,-10.227000,,,
2026-09-11T19:03:29.517,18.714075,2.595769,26.242214,24.034896,0.000000,-31.146048,10.715383,2.550506,0.276410,0.581915,0.385048,15.190537,13.906522,0.189660,0.034393,0.583398,-2.158542,2.460587,13.267907,-1.954182,-0.415950,1,0,,38.990371,-76.939815,-10.227000,,,
2026-09-11T19:03:29.550,18.747497,2.538037,26.326955,23.500340,0.000000,-31.406973,10.805151,2.493038,0.248496,0.523149,0.403515,15.264987,13.946989,0.001225,-0.116168,0.524632,-3.952178,4.554601,6.029619,-2.181110,-0.228757,1,0,,38.990371,-76.939815,-10.227000,,,
2026-09-11T19:03:29.584,18.780911,2.548340,26.412761,23.595738,0.000000,-31.563528,10.859012,2.502708,0.264832,0.557541,0.421570,15.338004,13.988309,-0.034663,-0.095179,0.559025,0.367063,4.427114,14.384885,-2.126569,-0.057813,1,0,,38.990371,-76.939815,-10.227000,,,
2026-09-11T19:03:29.618,18.814332,2.538730,26.497188,23.506758,0.000000,-31.538809,10.850508,2.493342,0.263734,0.555230,0.440165,15.410171,14.031201,0.046682,-0.021677,0.556713,-1.078045,4.192147,7.081676,-2.165730,0.096791,1,0,,38.990371,-76.939815,-10.227000,,,
2026-09-11T19:03:29.651,18.847752,2.500300,26.581864,23.150927,0.000000,-31.633566,10.883108,2.455331,0.261163,0.549818,0.458631,15.480841,14.075017,0.054820,-0.034020,0.551301,-2.256020,-4.942748,9.608360,-2.281763,-0.339680,1,0,,38.990371,-76.939815,-10.227000,,,
2026-09-11T19:03:29.684,18.881169,2.510150,26.665169,23.242125,0.000000,-31.880072,10.967915,2.464299,0.273965,0.576768,0.477454,15.550161,14.120078,0.064732,-0.276777,0.578252,-0.812873,-3.058694,14.949650,-2.302717,-0.653821,1,0,,38.990371,-76.939815,-10.227000,,,
2026-09-11T19:03:29.718,18.914593,2.481131,26.748161,22.973439,0.000000,-31.422766,10.810585,2.437098,0.246582,0.519121,0.495769,15.618499,14.166069,-0.064435,0.018440,0.520604,-3.013976,-3.092919,14.576605,-2.464647,-0.956599,1,0,,38.990371,-76.939815,-10.227000,,,
2026-09-11T19:03:29.751,18.948017,2.452222,26.828921,22.705760,0.000000,-31.404226,10.804206,2.408753,0.233934,0.492493,0.512675,15.685527,14.212222,-0.031927,0.066780,0.493977,0.439240,2.699575,9.492347,-2.399997,-0.875919,1,0,,38.990371,-76.939815,-10.227000,,,
2026-09-11T19:03:29.784,18.981430,2.442800,26.910486,22.618520,0.000000,-31.293677,10.766173,2.399801,0.217753,0.458426,0.528561,15.751464,14.258726,-0.054214,-0.051472,0.459910,0.633804,6.411196,10.679050,-2.324760,-0.550356,1,0,,38.990371,-76.939815,-10.227000,,,
2026-09-11T19:03:29.818,19.014854,2.443548,26.993851,22.625446,0.000000,-31.536062,10.849563,2.399869,0.261141,0.549770,0.545410,15.816285,14.306630,-0.059166,0.087326,0.551253,-0.546623,0.014416,11.161341,-2.328541,-0.656635,1,0,,38.990371,-76.939815,-10.227000,,,
2026-09-11T19:03:29.851,19.048280,2.424556,27.074169,22.449595,0.000000,-32.524145,11.189500,2.378467,0.250094,0.526514,0.563398,15.879686,14.355932,0.001717,-0.011993,0.527998,0.890738,5.521046,15.058896,-2.240224,-0.400832,1,0,,38.990371,-76.939815,-10.227000,,,
2026-09-11T19:03:29.884,19.081692,2.424612,27.155133,22.450111,0.000000,-33.862417,11.649914,2.374664,0.252695,0.531989,0.581081,15.941891,14.405990,0.046186,0.049100,0.533473,1.961232,6.127783,10.729652,-2.087649,-0.109359,1,0,,38.990371,-76.939815,-10.227000,,,
2026-09-11T19:03:29.918,19.115118,2.424734,27.236840,22.451245,0.000000,-36.172980,12.444832,2.367763,0.290271,0.611096,0.600186,16.002663,14.457660,-0.034247,0.051731,0.612580,-0.313617,0.053054,10.819677,-2.083873,-0.226322,1,0,,38.990371,-76.939815,-10.227000,,,
2026-09-11T19:03:29.951,19.148569,2.405659,27.316301,22.274622,0.000000,-38.840597,13.362591,2.340531,0.280018,0.589512,0.620267,16.061734,14.510599,-0.013725,0.037527,0.590996,0.334211,2.561007,8.887865,-2.036272,-0.175164,1,0,,38.990371,-76.939815,-10.227000,,,
2026-09-11T19:03:29.984,19.181983,2.406095,27.396826,22.278657,0.000000,-39.291723,13.517795,2.339440,0.284144,0.598198,0.640110,16.119345,14.564286,0.025754,0.031864,0.599681,-1.207395,5.121621,9.010939,-2.091952,0.039899,1,0,,38.990371,-76.939815,-10.227000,,,
2026-09-11T19:03:30.018,19.215406,2.406370,27.477056,22.281206,0.000000,-39.383047,13.549214,2.339399,0.286313,0.602763,0.660180,16.175812,14.619201,0.009920,0.039416,0.604247,-0.749326,2.239054,9.520688,-2.119856,0.065255,1,0,,38.990371,-76.939815,-10.227000,,,
2026-09-11T19:03:30.051,19.248831,2.387107,27.556989,22.102843,0.000000,-39.467505,13.578270,2.320388,0.292134,0.615019,0.680532,16.230828,14.675152,0.026169,-0.063161,0.616502,0.970466,1.030679,7.185823,-2.033684,0.010957,1,0,,38.990371,-76.939815,-10.227000,,,
2026-09-11T19:03:30.085,19.282243,2.387487,27.636631,22.106362,0.000000,-39.797781,13.691897,2.319641,0.292174,0.615103,0.701082,16.284350,14.732062,0.032332,-0.087320,0.616586,-2.444504,0.600853,12.414140,-2.168396,-0.070530,1,0,,38.990371,-76.939815,-10.227000,,,
2026-09-11T19:03:30.121,19.315663,2.407449,27.717630,22.291198,0.000000,-40.741232,14.016479,2.335770,0.304315,0.640663,0.722066,16.336749,14.790409,0.011239,-0.038496,0.642147,1.840904,-5.254109,7.166013,-2.024818,-0.534740,1,0,,38.990371,-76.939815,-10.227000,,,
2026-09-11T19:03:30.155,19.349075,2.407867,27.798719,22.295068,0.000000,-41.388739,14.239245,2.333891,0.304585,0.641231,0.743482,16.387930,14.850152,0.075943,0.016195,0.642714,1.223772,0.717062,9.559719,-1.921085,-0.607148,1,0,,38.990371,-76.939815,-10.227000,,,
2026-09-11T19:03:30.187,19.382480,2.378688,27.878356,22.024887,0.000000,-41.351660,14.226489,2.305738,0.298365,0.628136,0.764683,16.437521,14.910539,0.062021,-0.035311,0.629620,-0.259288,-0.636059,11.895074,-1.913046,-0.763166,1,1,19.366124,38.990387,-76.939794,-9.809000,11.862775,18.594757,2.912075
2026-09-11T19:03:30.221,19.415887,2.359358,27.957890,21.845904,0.000000,-41.583060,14.306098,2.286193,0.287400,0.605053,0.785282,16.485475,14.971194,0.009281,-0.041129,0.606537,-1.208670,3.022998,12.213496,-1.965297,-0.676477,1,0,,38.990387,-76.939794,-9.809000,,,
2026-09-11T19:03:30.252,19.449300,2.369320,28.036673,21.938149,0.000000,-41.438177,14.256254,2.296355,0.293365,0.617610,0.805708,16.532126,15.032661,0.095383,-0.026441,0.619093,-0.500139,-0.459245,9.141563,-1.969394,-0.818371,1,0,,38.990387,-76.939794,-9.809000,,,
2026-09-11T19:03:30.285,19.482717,2.359782,28.114732,21.849834,0.000000,-41.451910,14.260978,2.287062,0.311631,0.656064,0.826989,16.577207,15.095378,-0.016310,-0.022914,0.657548,-4.813202,-0.899368,2.031153,-2.250715,-0.992504,1,0,,38.990387,-76.939794,-9.809000,,,
2026-09-11T19:03:30.318,19.516135,2.321164,28.192534,21.492262,0.000000,-41.569327,14.301374,2.249231,0.299968,0.631511,0.848503,16.620335,15.158536,-0.021247,-0.021977,0.632995,-1.962409,-1.571025,3.619438,-2.342804,-1.202986,1,0,,38.990387,-76.939794,-9.809000,,,
2026-09-11T19:03:30.352,19.549545,2.321616,28.270246,21.496442,0.000000,-41.484869,14.272317,2.249959,0.268533,0.565333,0.868497,16.662271,15.221631,-0.113429,-0.148209,0.566817,-0.363140,3.068403,10.758189,-2.327056,-1.101298,1,0,,38.990387,-76.939794,-9.809000,,,
2026-09-11T19:03:30.385,19.582952,2.302753,28.346254,21.321783,0.000000,-41.642111,14.326414,2.231141,0.269003,0.566323,0.887399,16.703172,15.284952,-0.063392,0.032109,0.567806,2.136967,-0.524067,12.593014,-2.146974,-1.232619,1,0,,38.990387,-76.939794,-9.809000,,,
2026-09-11T19:03:30.420,19.616373,2.283853,28.423806,21.146790,0.000000,-41.599539,14.311768,2.212974,0.275514,0.580031,0.906556,16.742400,15.348657,-0.041723,0.040719,0.581514,-0.501610,0.365298,10.228336,-2.141395,-1.306273,1,0,,38.990387,-76.939794,-9.809000,,,
2026-09-11T19:03:30.452,19.649789,2.245350,28.497849,20.790280,0.000000,-41.687430,14.342006,2.175373,0.278666,0.586665,0.926048,16.779690,15.412455,-0.054417,-0.019217,0.588149,-1.021559,0.738931,9.038691,-2.172647,-1.354443,1,0,,38.990387,-76.939794,-9.809000,,,
2026-09-11T19:03:30.485,19.683196,2.235725,28.572160,20.701156,0.000000,-41.712149,14.350510,2.165965,0.278058,0.585385,0.945626,16.815216,15.476349,0.024373,-0.064229,0.586868,0.107971,2.558947,9.665729,-2.130114,-1.283791,1,0,,38.990387,-76.939794,-9.809000,,,
2026-09-11T19:03:30.520,19.716602,2.216303,28.646624,20.521326,0.000000,-41.731375,14.357124,2.147086,0.273158,0.575070,0.965009,16.849292,15.540482,-0.028175,0.017995,0.576554,-0.364415,0.581730,8.821082,-2.117089,-1.339682,1,0,,38.990387,-76.939794,-9.809000,,,
2026-09-11T19:03:30.553,19.750022,2.187575,28.718616,20.255320,0.000000,-41.731375,14.357124,2.119254,0.237843,0.500722,0.982985,16.882299,15.604247,-0.042888,-0.004259,0.502206,-2.247586,3.663176,8.069402,-2.230145,-1.184322,1,0,,38.990387,-76.939794,-9.809000,,,
2026-09-11T19:03:30.586,19.783437,2.168695,28.790597,20.080510,0.000000,-41.602972,14.312949,2.101379,0.250038,0.526395,1.000146,16.914077,15.667717,-0.004041,0.080891,0.527879,-0.833663,6.065903,8.038217,-2.255402,-0.878108,1,0,,38.990387,-76.939794,-9.809000,,,
2026-09-11T19:03:30.620,19.816854,2.149304,28.863085,19.900959,0.000000,-41.486242,14.272790,2.082961,0.271106,0.570749,1.018478,16.943932,15.731527,0.005612,0.060984,0.572233,0.461109,-0.669010,7.566909,-2.201586,-1.016502,1,0,,38.990387,-76.939794,-9.809000,,,
2026-09-11T19:03:30.652,19.850260,2.139840,28.933744,19.813336,0.000000,-42.004660,14.451144,2.072137,0.264914,0.557715,1.037327,16.972121,15.795574,-0.076505,-0.014174,0.559198,1.418826,-3.194026,7.782165,-2.097048,-1.314510,1,0,,38.990387,-76.939794,-9.809000,,,
2026-09-11T19:03:30.686,19.883667,2.150109,29.005469,19.908416,0.000000,-42.197607,14.517525,2.081458,0.255061,0.536971,1.055612,16.999334,15.859980,-0.043246,-0.055950,0.538455,-0.045013,-0.475917,9.624541,-2.098742,-1.430909,1,0,,38.990387,-76.939794,-9.809000,,,
2026-09-11T19:03:30.721,19.917093,2.140885,29.078469,19.823010,0.000000,-42.050665,14.466972,2.073001,0.254964,0.536766,1.073557,17.025545,15.924836,-0.011410,-0.019762,0.538250,0.080022,0.989001,11.856730,-2.098916,-1.450943,1,0,,38.990387,-76.939794,-9.809000,,,
2026-09-11T19:03:30.753,19.950523,2.131521,29.149282,19.736303,0.000000,-41.277502,14.200976,2.066384,0.243563,0.512763,1.091100,17.050656,15.989843,0.043013,0.065487,0.514247,-0.518674,1.507674,10.872633,-2.142932,-1.433742,1,0,,38.990387,-76.939794,-9.809000,,,
2026-09-11T19:03:30.786,19.983933,2.102810,29.219793,19.470462,0.000000,-37.304571,12.834142,2.050276,0.207841,0.437560,1.106975,17.075195,16.054529,-0.075925,0.042299,0.439043,1.483256,7.399608,7.640655,-2.062354,-1.025017,1,0,,38.990387,-76.939794,-9.809000,,,
2026-09-11T19:03:30.820,20.017346,2.122151,29.291165,19.649542,0.000000,-32.227514,11.087448,2.082540,0.205715,0.433084,1.121520,17.099428,16.119547,-0.017097,0.064846,0.434567,0.630077,-3.620909,11.098971,-2.039758,-1.334190,1,0,,38.990387,-76.939794,-9.809000,,,
2026-09-11T19:03:30.853,20.050756,2.122665,29.361323,19.654307,0.000000,-29.333304,10.091733,2.089824,0.174144,0.366620,1.134879,17.123545,16.185250,0.037148,0.086248,0.368103,-0.261936,-0.000883,12.356281,-2.073694,-1.396907,1,0,,38.990387,-76.939794,-9.809000,,,
2026-09-11T19:03:30.887,20.084176,2.161902,29.434266,20.017613,0.000000,-22.828711,7.853914,2.141623,0.155287,0.326921,1.146469,17.148022,16.251816,0.033206,0.067526,0.328404,2.491772,-1.628688,8.665156,-1.925808,-1.560017,1,0,,38.990387,-76.939794,-9.809000,,,
2026-09-11T19:03:30.920,20.117588,2.230262,29.508702,20.650571,0.000000,-17.993353,6.190374,2.217257,0.132296,0.278518,1.156583,17.173273,16.320287,0.087767,-0.005089,0.280001,1.596915,-2.382918,9.764874,-1.832338,-1.764720,1,0,,38.990387,-76.939794,-9.809000,,,
2026-09-11T19:03:30.953,20.150997,2.259732,29.584112,20.923447,0.000000,-17.706335,6.091629,2.246973,0.109447,0.230414,1.165084,17.199290,16.390291,0.066937,0.011753,0.231897,1.315464,1.401566,8.146286,-1.752557,-1.715870,1,0,,38.990387,-76.939794,-9.809000,,,
2026-09-11T19:03:30.988,20.184418,2.279520,29.662080,21.106669,0.000000,-13.213613,4.545968,2.272349,0.067668,0.142459,1.171315,17.226156,16.460934,0.115746,0.004135,0.143943,0.592812,2.117942,7.178076,-1.718625,-1.608630,1,0,,38.990387,-76.939794,-9.809000,,,
2026-09-11T19:03:31.021,20.217844,2.299419,29.738191,21.290917,0.000000,-6.774251,2.330591,2.297517,0.039902,0.084005,1.175100,17.254070,16.532051,0.019991,-0.021864,0.085488,0.037069,-1.681252,8.452744,-1.721971,-1.739991,1,0,,38.990387,-76.939794,-9.809000,,,
2026-09-11T19:03:31.053,20.251251,2.309860,29.815053,21.387596,0.000000,-2.749135,0.945803,2.309546,0.010015,0.021083,1.176855,17.282901,16.603406,0.070242,-0.027605,0.022567,-0.842587,-2.003008,6.386385,-1.777339,-1.881297,1,0,,38.990387,-76.939794,-9.809000,,,
2026-09-11T19:03:31.088,20.284658,2.281288,29.892161,21.123039,0.000000,0.259059,-0.089126,2.281285,-0.011293,-0.023775,1.176810,17.312355,16.674206,0.156463,-0.087740,-0.022291,-0.835232,2.014482,7.135221,-1.824185,-1.754519,1,0,,38.990387,-76.939794,-9.809000,,,
2026-09-11T19:03:31.120,20.318067,2.252045,29.966483,20.852267,0.000000,4.416011,-1.519270,2.251253,-0.025471,-0.053624,1.175518,17.342031,16.743864,0.117768,0.026865,-0.052140,0.628116,0.922217,10.737595,-1.766979,-1.695490,1,0,,38.990387,-76.939794,-9.809000,,,
2026-09-11T19:03:31.154,20.351489,2.203641,30.039700,20.404083,0.000000,7.599301,-2.614438,2.201347,-0.035967,-0.075720,1.173356,17.371704,16.812107,0.080481,-0.023157,-0.074236,0.955364,-1.149830,12.945170,-1.677074,-1.768205,1,0,,38.990387,-76.939794,-9.809000,,,
2026-09-11T19:03:31.188,20.384909,2.174736,30.112182,20.136447,0.000000,11.122479,-3.826541,2.169888,-0.070932,-0.149330,1.169595,17.401747,16.878709,0.031823,0.291278,-0.147847,5.258718,-2.260825,16.508123,-1.300566,-1.901817,1,1,20.378328,38.990406,-76.939789,-9.812000,12.266820,20.716171,3.639329
2026-09-11T19:03:31.221,20.418322,2.126590,30.182574,19.690647,0.000000,16.592984,-5.708595,2.116043,-0.099831,-0.210171,1.163590,17.432527,16.943419,-0.044714,0.171792,-0.208687,3.120280,-1.136100,6.872500,-1.060042,-1.953348,1,0,,38.990406,-76.939789,-9.812000,,,
2026-09-11T19:03:31.255,20.451741,2.146320,30.254218,19.873334,0.000000,22.055935,-7.588051,2.127525,-0.116028,-0.244269,1.155996,17.464163,17.006979,-0.175102,-0.037846,-0.242785,-0.089535,-3.423207,6.999104,-1.025311,-2.147449,1,0,,38.990406,-76.939789,-9.812000,,,
2026-09-11T19:03:31.288,20.485155,2.127080,30.325618,19.695188,0.000000,22.386212,-7.701678,2.107893,-0.147513,-0.310553,1.146727,17.496999,17.069810,-0.021371,0.006654,-0.309070,-0.609679,1.253290,9.529612,-1.022246,-2.028106,1,0,,38.990406,-76.939789,-9.812000,,,
2026-09-11T19:03:31.321,20.518633,2.088770,30.394597,19.340462,0.000000,23.087964,-7.943107,2.068730,-0.152399,-0.320841,1.136158,17.530663,17.131289,-0.103013,-0.034071,-0.319357,-1.410687,0.978802,6.572025,-1.074640,-1.927056,1,0,,38.990406,-76.939789,-9.812000,,,
2026-09-11T19:03:31.355,20.552049,2.050748,30.462550,18.988404,0.000000,22.367673,-7.695300,2.032279,-0.155884,-0.328178,1.125314,17.564509,17.191086,-0.006326,0.028629,-0.326694,-0.260072,0.984097,9.842739,-1.059839,-1.826762,1,0,,38.990406,-76.939789,-9.812000,,,
2026-09-11T19:03:31.389,20.585466,2.002574,30.530447,18.542348,0.000000,18.609662,-6.402407,1.990084,-0.113914,-0.239819,1.115824,17.597812,17.249638,0.052253,-0.016284,-0.238336,-0.984293,2.548945,8.814904,-1.102650,-1.638595,1,0,,38.990406,-76.939789,-9.812000,,,
2026-09-11T19:03:31.421,20.618886,1.973950,30.595831,18.277313,0.000000,7.987256,-2.747909,1.971680,-0.063729,-0.134167,1.109574,17.629751,17.307703,0.146507,-0.020811,-0.132683,0.428649,3.096744,9.905992,-1.064858,-1.430804,1,0,,38.990406,-76.939789,-9.812000,,,
2026-09-11T19:03:31.455,20.652302,1.954328,30.660925,18.095634,0.000000,4.924817,-1.694318,1.953474,-0.026322,-0.055414,1.106407,17.660377,17.365715,0.218142,0.003853,-0.053931,1.947307,4.435842,7.290264,-0.939243,-1.148778,1,0,,38.990406,-76.939789,-9.812000,,,
2026-09-11T19:03:31.488,20.685720,1.924996,30.724988,17.824039,0.000000,3.642850,-1.253274,1.924536,-0.012564,-0.026451,1.105039,17.690019,17.423339,0.164361,0.032682,-0.024968,0.295180,4.770543,7.174349,-0.929443,-0.851880,1,0,,38.990406,-76.939789,-9.812000,,,
2026-09-11T19:03:31.522,20.719137,1.934875,30.789198,17.915512,0.000000,4.437985,-1.526830,1.934188,-0.016926,-0.035633,1.104001,17.719444,17.480709,-0.049933,0.000172,-0.034149,0.698724,-2.422831,8.860701,-0.895679,-1.022670,1,0,,38.990406,-76.939789,-9.812000,,,
2026-09-11T19:03:31.556,20.752558,1.925608,30.854782,17.829702,0.000000,6.300854,-2.167725,1.924230,-0.005061,-0.010656,1.103228,17.748810,17.538110,0.048560,-0.045030,-0.009172,0.013141,-3.015643,8.377821,-0.911433,-1.233071,1,0,,38.990406,-76.939789,-9.812000,,,
2026-09-11T19:03:31.588,20.785970,1.974467,30.920252,18.282100,0.000000,8.023648,-2.760429,1.972176,-0.057932,-0.121963,1.101012,17.779152,17.595708,-0.069041,0.048211,-0.120479,1.492768,3.305822,10.861846,-0.839770,-1.017811,1,0,,38.990406,-76.939789,-9.812000,,,
2026-09-11T19:03:31.622,20.819379,1.994146,30.986405,18.464312,0.000000,11.337399,-3.900481,1.989527,-0.077522,-0.163205,1.096249,17.811267,17.653615,-0.032741,-0.052196,-0.161721,3.365054,-1.260155,4.486935,-0.658542,-1.094935,1,0,,38.990406,-76.939789,-9.812000,,,
2026-09-11T19:03:31.656,20.852790,2.062523,31.056233,19.097438,0.000000,12.889905,-4.434600,2.056349,-0.109353,-0.230218,1.089677,17.845122,17.712194,-0.008425,0.023504,-0.228734,3.231193,1.370970,12.810525,-0.496086,-0.991336,1,0,,38.990406,-76.939789,-9.812000,,,
2026-09-11T19:03:31.689,20.886204,2.092269,31.125223,19.372862,0.000000,15.611081,-5.370785,2.083084,-0.108105,-0.227590,1.082028,17.880576,17.771683,0.010819,-0.100248,-0.226107,1.765099,1.496299,11.338645,-0.434507,-0.880715,1,0,,38.990406,-76.939789,-9.812000,,,
2026-09-11T19:03:31.722,20.919620,2.141118,31.196605,19.825171,0.000000,19.680142,-6.770691,2.126186,-0.124909,-0.262967,1.073832,17.917284,17.831796,0.030979,-0.046407,-0.261484,-0.173676,0.600461,7.987811,-0.502973,-0.823785,1,0,,38.990406,-76.939789,-9.812000,,,
2026-09-11T19:03:31.756,20.953033,2.180128,31.269703,20.186370,0.000000,24.052014,-8.274775,2.157431,-0.190714,-0.401504,1.062731,17.956371,17.891965,-0.018244,0.073101,-0.400020,1.031758,-1.210631,10.641098,-0.491160,-0.864824,1,0,,38.990406,-76.939789,-9.812000,,,
2026-09-11T19:03:31.789,20.986446,2.190009,31.342259,20.277863,0.000000,32.032897,-11.020492,2.149623,-0.216994,-0.456829,1.048391,17.997750,17.951219,-0.107759,0.024828,-0.455346,2.108724,0.073942,7.907788,-0.407564,-0.814783,1,0,,38.990406,-76.939789,-9.812000,,,
2026-09-11T19:03:31.822,21.019859,2.219271,31.416735,20.548801,0.000000,34.162185,-11.753045,2.172743,-0.231784,-0.487966,1.032607,18.040742,18.009716,-0.086456,-0.010243,-0.486483,2.246900,-0.387951,10.098006,-0.307686,-0.790124,1,0,,38.990406,-76.939789,-9.812000,,,
2026-09-11T19:03:31.856,21.053272,2.258630,31.493136,20.913243,0.000000,36.228988,-12.464101,2.205398,-0.271086,-0.570708,1.014920,18.085962,18.067805,-0.185595,-0.023742,-0.569224,0.819248,-4.498801,11.234498,-0.285152,-1.018928,1,0,,38.990406,-76.939789,-9.812000,,,
2026-09-11T19:03:31.890,21.086685,2.317127,31.570067,21.454877,0.000000,36.827056,-12.669859,2.260705,-0.282242,-0.594194,0.995458,18.133759,18.125836,0.016077,-0.016814,-0.592711,1.189154,-1.783143,6.306363,-0.226270,-1.063979,1,0,,38.990406,-76.939789,-9.812000,,,
2026-09-11T19:03:31.923,21.120103,2.327051,31.648223,21.546771,0.000000,36.732299,-12.637259,2.270678,-0.263173,-0.554049,0.976273,18.183163,18.183930,0.020639,0.025550,-0.552566,0.560450,-2.078716,4.891165,-0.201816,-1.133179,1,0,,38.990406,-76.939789,-9.812000,,,
2026-09-11T19:03:31.956,21.153512,2.346861,31.726926,21.730192,0.000000,36.811263,-12.664426,2.289764,-0.271055,-0.570642,0.957485,18.233769,18.241562,0.038966,0.039085,-0.569158,1.059314,-2.744881,10.624329,-0.138273,-1.241552,1,0,,38.990406,-76.939789,-9.812000,,,
2026-09-11T19:03:31.990,21.186922,2.347484,31.804660,21.735963,0.000000,38.761337,-13.335322,2.284188,-0.296611,-0.624445,0.937521,18.286062,18.298061,0.052555,-0.072668,-0.622961,0.371084,1.075691,11.223025,-0.110795,-1.093787,1,0,,38.990406,-76.939789,-9.812000,,,
2026-09-11T19:03:32.023,21.220341,2.328700,31.882787,21.562034,0.000000,44.279907,-15.233913,2.246872,-0.313806,-0.660645,0.916048,18.339667,18.352482,-0.021757,-0.190131,-0.659162,-0.526421,3.078504,7.880624,-0.137542,-0.814214,1,0,,38.990406,-76.939789,-9.812000,,,
2026-09-11T19:03:32.057,21.253771,2.338986,31.961348,21.657282,0.000000,46.278045,-15.921346,2.249261,-0.341965,-0.719926,0.892972,18.394726,18.404778,-0.036752,-0.033993,-0.718443,-1.399017,3.415852,13.278695,-0.215047,-0.507029,1,0,,38.990406,-76.939789,-9.812000,,,
2026-09-11T19:03:32.090,21.287185,2.242092,32.036028,20.760115,0.000000,46.059692,-15.846224,2.156888,-0.291531,-0.613749,0.870690,18.449685,18.454888,-0.028243,0.137736,-0.612265,-4.352486,-1.784516,8.586801,-0.475284,-0.559116,1,0,,38.990406,-76.939789,-9.812000,,,
2026-09-11T19:03:32.124,21.320604,2.144879,32.108340,19.859994,0.000000,45.730102,-15.732833,2.064525,-0.300096,-0.631781,0.849878,18.503169,18.501916,-0.020158,-0.016162,-0.630298,-4.135170,1.532681,8.990050,-0.713306,-0.397132,1,0,,38.990406,-76.939789,-9.812000,,,
2026-09-11T19:03:32.157,21.354023,2.106188,32.177518,19.501743,0.000000,40.256851,-13.849834,2.044954,-0.244007,-0.513699,0.830737,18.555760,18.547004,-0.034416,-0.126998,-0.512216,-1.452855,1.090107,13.309782,-0.768900,-0.282020,1,0,,38.990406,-76.939789,-9.812000,,,
2026-09-11T19:03:32.190,21.387446,2.087247,32.246770,19.326362,0.000000,31.019409,-10.671815,2.051146,-0.219291,-0.461665,0.814438,18.608005,18.591906,0.115067,0.242434,-0.460181,1.395682,1.377148,5.500844,-0.630262,-0.156277,1,1,21.361026,38.990425,-76.939782,-9.793000,12.891540,22.846110,3.187476
2026-09-11T19:03:32.224,21.420865,2.039097,32.315800,18.880525,0.000000,30.503738,-10.494405,2.004988,-0.181550,-0.382211,0.800337,18.659701,18.636248,0.095647,0.274786,-0.380728,3.176864,10.137919,2.971513,-0.369608,0.523852,1,0,,38.990425,-76.939782,-9.793000,,,
2026-09-11T19:03:32.257,21.454282,2.010572,32.382671,18.616404,0.000000,27.399414,-9.426404,1.983423,-0.131118,-0.276039,0.789339,18.710106,18.680157,0.034412,-0.047401,-0.274555,-1.350866,3.854112,10.322970,-0.407040,0.775348,1,0,,38.990425,-76.939782,-9.793000,,,
2026-09-11T19:03:32.290,21.487702,1.991748,32.448824,18.442108,0.000000,27.871826,-9.588931,1.963919,-0.164835,-0.347022,0.778927,18.760294,18.723236,0.025564,0.017321,-0.345538,1.409608,3.644838,12.234384,-0.271419,1.019263,1,0,,38.990425,-76.939782,-9.793000,,,
2026-09-11T19:03:32.325,21.521122,1.943783,32.514602,17.997993,0.000000,28.964965,-9.965011,1.914459,-0.172801,-0.363791,0.767049,18.810621,18.764454,0.035064,0.066242,-0.362307,1.035680,1.380874,3.176962,-0.170831,1.114719,1,0,,38.990425,-76.939782,-9.793000,,,
2026-09-11T19:03:32.358,21.554539,1.934795,32.579508,17.914766,0.000000,29.808853,-10.255339,1.903885,-0.153981,-0.324171,0.755555,18.860572,18.804514,-0.033033,0.125879,-0.322688,-4.240297,0.996454,-3.731136,-0.427894,1.179053,1,0,,38.990425,-76.939782,-9.793000,,,
2026-09-11T19:03:32.391,21.587956,1.954511,32.644823,18.097327,0.000000,31.108673,-10.702525,1.920512,-0.168640,-0.355031,0.744206,18.911007,18.844119,-0.130101,-0.044936,-0.353547,-3.513330,-7.565634,9.658276,-0.644443,0.691891,1,0,,38.990425,-76.939782,-9.793000,,,
2026-09-11T19:03:32.425,21.621387,1.906189,32.708795,17.649895,0.000000,31.217163,-10.739849,1.872799,-0.166480,-0.350484,0.732413,18.961669,18.882654,-0.134749,-0.067116,-0.349000,-1.855026,-2.799112,9.983660,-0.756661,0.517417,1,0,,38.990425,-76.939782,-9.793000,,,
2026-09-11T19:03:32.458,21.654808,1.838130,32.769001,17.019723,0.000000,31.261794,-10.755205,1.805840,-0.162305,-0.341696,0.720847,19.011259,18.919391,0.019368,0.053307,-0.340212,-2.208948,0.736479,12.059728,-0.899317,0.571481,1,0,,38.990425,-76.939782,-9.793000,,,
2026-09-11T19:03:32.491,21.688227,1.789079,32.829065,16.565549,0.000000,31.196563,-10.732763,1.757782,-0.157169,-0.330881,0.709608,19.059710,18.954413,0.015047,0.062927,-0.329398,0.658222,0.574081,2.622396,-0.864700,0.612127,1,0,,38.990425,-76.939782,-9.793000,,,
2026-09-11T19:03:32.524,21.721643,1.828396,32.889271,16.929591,0.000000,30.849807,-10.613466,1.797116,-0.156440,-0.329348,0.698577,19.108375,18.988865,0.122658,-0.064812,-0.327864,1.685763,-0.747365,4.892440,-0.770578,0.567367,1,0,,38.990425,-76.939782,-9.793000,,,
2026-09-11T19:03:32.558,21.755062,1.848018,32.951203,17.111274,0.000000,31.116912,-10.705360,1.815854,-0.162066,-0.341192,0.687373,19.158221,19.023336,0.094178,-0.053827,-0.339709,1.327036,-0.822190,8.222778,-0.706576,0.520046,1,0,,38.990425,-76.939782,-9.793000,,,
2026-09-11T19:03:32.591,21.788486,1.886954,33.014793,17.471798,0.000000,32.183273,-11.072227,1.851830,-0.187944,-0.395672,0.675058,19.209519,19.057386,0.060934,-0.006273,-0.394188,1.429319,0.853669,9.324261,-0.642111,0.589178,1,0,,38.990425,-76.939782,-9.793000,,,
2026-09-11T19:03:32.625,21.821907,1.906898,33.078019,17.656462,0.000000,34.872863,-11.997545,1.865245,-0.217826,-0.458580,0.660783,19.262481,19.090529,0.000192,0.162562,-0.457097,-0.440319,-4.045341,11.523893,-0.701229,0.348061,1,0,,38.990425,-76.939782,-9.793000,,,
2026-09-11T19:03:32.658,21.855325,1.936238,33.143038,17.928133,0.000000,38.333557,-13.188150,1.885172,-0.238178,-0.501427,0.644743,19.316889,19.122533,-0.044287,0.034258,-0.499943,2.344770,-2.219343,13.255257,-0.580913,0.233778,1,0,,38.990425,-76.939782,-9.793000,,,
2026-09-11T19:03:32.691,21.888744,1.994969,33.210502,18.471934,0.000000,41.100051,-14.139926,1.934525,-0.264102,-0.556005,0.627073,19.373222,19.153678,-0.028567,-0.026792,-0.554522,0.422372,6.130137,6.725401,-0.590773,0.670130,1,0,,38.990425,-76.939782,-9.793000,,,
2026-09-11T19:03:32.724,21.922159,2.053778,33.279338,19.016464,0.000000,44.208496,-15.209345,1.981842,-0.277522,-0.584257,0.608022,19.431810,19.184180,-0.135694,-0.116208,-0.582773,1.444912,-3.183239,8.871096,-0.538784,0.503584,1,0,,38.990425,-76.939782,-9.793000,,,
2026-09-11T19:03:32.758,21.955568,2.102833,33.349792,19.470675,0.000000,47.117126,-16.210020,2.019235,-0.310756,-0.654223,0.587334,19.492585,19.213657,-0.089838,0.006118,-0.652740,0.645278,-2.159228,9.962380,-0.537393,0.415822,1,0,,38.990425,-76.939782,-9.793000,,,
2026-09-11T19:03:32.792,21.988988,2.151716,33.423026,19.923293,0.000000,53.192565,-18.300195,2.042891,-0.334465,-0.704136,0.564636,19.555377,19.241577,-0.157797,-0.003146,-0.702652,0.608797,-3.999740,10.232553,-0.530944,0.217394,1,0,,38.990425,-76.939782,-9.793000,,,
2026-09-11T19:03:32.825,22.022405,2.180698,33.495434,20.191648,0.000000,59.857147,-20.593055,2.041356,-0.366487,-0.771552,0.539980,19.619606,19.267404,-0.103413,0.065520,-0.770069,0.384126,-4.906267,8.072344,-0.531049,-0.028651,1,0,,38.990425,-76.939782,-9.793000,,,
2026-09-11T19:03:32.858,22.055816,2.229650,33.570098,20.644906,0.000000,63.924148,-21.992253,2.067408,-0.413684,-0.870914,0.512541,19.685492,19.290599,-0.102175,0.043903,-0.869431,1.408529,-6.034326,10.137134,-0.460780,-0.330308,1,0,,38.990425,-76.939782,-9.793000,,,
2026-09-11T19:03:32.895,22.089234,2.259258,33.646010,20.919051,0.000000,67.460372,-23.208844,2.076426,-0.455450,-0.958842,0.481968,19.753257,19.310854,-0.101472,-0.002775,-0.957359,-0.248108,-4.587943,9.640035,-0.495070,-0.522665,1,0,,38.990425,-76.939782,-9.793000,,,
2026-09-11T19:03:32.927,22.122658,2.259525,33.722194,20.921524,0.000000,70.761764,-24.344644,2.058613,-0.489466,-1.030455,0.448723,19.822080,19.327749,-0.000633,-0.019518,-1.028971,-3.403594,-2.815097,8.860995,-0.724288,-0.589683,1,0,,38.990425,-76.939782,-9.793000,,,
2026-09-11T19:03:32.959,22.156068,2.230794,33.796072,20.655501,0.000000,71.076248,-24.452837,2.030697,-0.466534,-0.982178,0.415102,19.890796,19.341850,0.032036,-0.017689,-0.980694,-1.066571,-2.529527,9.142250,-0.789666,-0.645652,1,0,,38.990425,-76.939782,-9.793000,,,
2026-09-11T19:03:32.992,22.189492,2.211875,33.869904,20.480326,0.000000,71.333740,-24.541424,2.012057,-0.449749,-0.946840,0.382864,19.958996,19.353991,0.068046,-0.027625,-0.945356,-1.375677,-2.357323,9.245219,-0.865665,-0.695664,1,0,,38.990425,-76.939782,-9.793000,,,
2026-09-11T19:03:33.025,22.222908,2.193055,33.943019,20.306067,0.000000,71.252029,-24.513313,1.995384,-0.456524,-0.961103,0.350986,20.026914,19.363880,-0.005729,0.042743,-0.959620,-0.083945,-0.860141,7.674194,-0.849262,-0.647379,1,0,,38.990425,-76.939782,-9.793000,,,
2026-09-11T19:03:33.059,22.256331,2.145213,34.014367,19.863086,0.000000,70.656707,-24.308500,1.955023,-0.422200,-0.888842,0.320071,20.094083,19.371763,-0.060496,0.063060,-0.887359,-1.288496,0.191818,5.293924,-0.908021,-0.543164,1,0,,38.990425,-76.939782,-9.793000,,,
2026-09-11T19:03:33.092,22.289747,2.097134,34.083785,19.417911,0.000000,67.889526,-23.356488,1.925287,-0.415882,-0.875541,0.290591,20.160117,19.377904,0.067115,-0.011442,-0.874058,-1.710770,0.935358,8.065577,-0.993507,-0.395353,1,0,,38.990425,-76.939782,-9.793000,,,
2026-09-11T19:03:33.126,22.323160,2.068232,34.152513,19.150295,0.000000,58.744094,-20.210124,1.940895,-0.379358,-0.798648,0.262622,20.225884,19.382761,0.139876,-0.133989,-0.797164,-0.989295,1.387249,11.733853,-1.028111,-0.228700,1,0,,38.990425,-76.939782,-9.793000,,,
2026-09-11T19:03:33.160,22.356575,2.019682,34.220489,18.700759,0.000000,56.166427,-19.323312,1.905906,-0.326988,-0.688395,0.237776,20.291080,19.387250,0.124590,-0.041287,-0.686911,-0.426883,2.129808,7.292617,-1.026784,-0.031194,1,1,22.358497,38.990438,-76.939766,-9.765000,14.281137,24.282563,2.913073
2026-09-11T19:03:33.192,22.389988,1.961812,34.285156,18.164930,0.000000,50.566833,-17.396846,1.872073,-0.278259,-0.585809,0.216489,20.354855,19.391618,0.064410,-0.107324,-0.584326,-0.082670,-0.743932,9.359467,-1.007668,-0.035894,1,0,,38.990438,-76.939766,-9.765000,,,
2026-09-11T19:03:33.226,22.423407,1.923638,34.349754,17.811464,0.000000,47.082794,-16.198209,1.847274,-0.247330,-0.520695,0.198000,20.417481,19.395816,-0.026192,-0.090663,-0.519211,-1.795402,3.624636,10.934807,-1.102029,0.233668,1,0,,38.990438,-76.939766,-9.765000,,,
2026-09-11T19:03:33.260,22.456818,1.894818,34.413378,17.544614,0.000000,46.236160,-15.906936,1.822262,-0.231309,-0.486966,0.181166,20.479192,19.399520,-0.115723,-0.129614,-0.485482,-0.695586,-3.197654,8.907969,-1.127004,0.053586,1,0,,38.990438,-76.939766,-9.765000,,,
2026-09-11T19:03:33.293,22.490236,1.846541,34.474564,17.097600,0.000000,43.172347,-14.852872,1.784843,-0.233064,-0.490662,0.164831,20.539895,19.402256,-0.037838,-0.008525,-0.489178,-0.683720,-0.020104,3.119692,-1.156356,0.080515,1,0,,38.990438,-76.939766,-9.765000,,,
2026-09-11T19:03:33.326,22.523649,1.846883,34.536775,17.100771,0.000000,38.224380,-13.150589,1.798450,-0.230504,-0.485271,0.148527,20.600233,19.403946,-0.016706,-0.117507,-0.483788,-2.780970,0.050798,11.235577,-1.327309,0.111540,1,0,,38.990438,-76.939766,-9.765000,,,
2026-09-11T19:03:33.360,22.557062,1.847501,34.599095,17.106489,0.000000,33.369796,-11.480434,1.810537,-0.188737,-0.397341,0.133782,20.660916,19.405493,0.001458,0.057427,-0.395857,-0.677541,-1.880327,7.098446,-1.364218,0.007242,1,0,,38.990438,-76.939766,-9.765000,,,
2026-09-11T19:03:33.393,22.590473,1.818899,34.659193,16.841654,0.000000,33.099945,-11.387596,1.783092,-0.187307,-0.394331,0.120556,20.721261,19.406878,0.046659,-0.059612,-0.392848,-0.859553,0.747365,8.842951,-1.416737,0.073196,1,0,,38.990438,-76.939766,-9.765000,,,
2026-09-11T19:03:33.427,22.623892,1.848617,34.721034,17.116824,0.000000,31.944320,-10.990018,1.814714,-0.179535,-0.377967,0.107651,20.781685,19.407630,0.004832,-0.012142,-0.376484,0.962032,3.958552,10.179499,-1.356541,0.345328,1,0,,38.990438,-76.939766,-9.765000,,,
2026-09-11T19:03:33.460,22.657304,1.839456,34.782710,17.032001,0.000000,31.569412,-10.861036,1.806506,-0.156825,-0.330159,0.095822,20.842438,19.408185,0.038167,0.020859,-0.328675,0.326169,-2.337611,10.442219,-1.341467,0.200849,1,0,,38.990438,-76.939766,-9.765000,,,
2026-09-11T19:03:33.493,22.690719,1.839640,34.843565,17.033707,0.000000,31.835143,-10.952458,1.806132,-0.171380,-0.360800,0.084278,20.903043,19.408151,0.032504,0.004974,-0.359316,-0.027164,-1.048233,12.960861,-1.352078,0.145047,1,0,,38.990438,-76.939766,-9.765000,,,
2026-09-11T19:03:33.526,22.724130,1.849096,34.905230,17.121259,0.000000,32.039077,-11.022618,1.814983,-0.175877,-0.370268,0.072064,20.963804,19.407091,-0.024250,0.004818,-0.368785,0.658124,-2.456566,7.501009,-1.325312,0.000000,1,0,,38.990438,-76.939766,-9.765000,,,
2026-09-11T19:03:33.561,22.757544,1.868797,34.968238,17.303674,0.000000,32.646758,-11.231683,1.833005,-0.189381,-0.398698,0.059218,21.025016,19.404998,-0.014498,-0.024857,-0.397214,-0.069823,-0.283412,10.275310,-1.351276,0.001083,1,0,,38.990438,-76.939766,-9.765000,,,
2026-09-11T19:03:33.594,22.790961,1.878620,35.030427,17.394633,0.000000,32.977722,-11.345546,1.841909,-0.191854,-0.403903,0.045807,21.086667,19.401858,-0.002047,-0.004652,-0.402419,0.895053,0.457284,9.922957,-1.315314,0.050973,1,0,,38.990438,-76.939766,-9.765000,,,
2026-09-11T19:03:33.628,22.824377,1.917705,35.095509,17.756530,0.000000,33.243453,-11.436968,1.879626,-0.206056,-0.433803,0.031811,21.149054,19.397623,-0.042514,0.042973,-0.432320,1.190920,-0.836998,10.541462,-1.264706,0.021119,1,0,,38.990438,-76.939766,-9.765000,,,
2026-09-11T19:03:33.660,22.857787,1.927687,35.158940,17.848956,0.000000,33.706939,-11.596424,1.888339,-0.206936,-0.435654,0.017287,21.212146,19.392271,-0.010320,0.048235,-0.434171,1.264862,3.450176,10.723964,-1.214029,0.269677,1,0,,38.990438,-76.939766,-9.765000,,,
2026-09-11T19:03:33.693,22.891196,1.937762,35.223287,17.942244,0.000000,33.229034,-11.432007,1.899318,-0.191950,-0.404105,0.003259,21.275483,19.386257,-0.051994,0.022331,-0.402621,-0.465914,-2.070674,6.959093,-1.279030,0.154417,1,0,,38.990438,-76.939766,-9.765000,,,
2026-09-11T19:03:33.728,22.924606,1.918656,35.288330,17.765330,0.000000,33.051879,-11.371059,1.880994,-0.190537,-0.401131,-0.010192,21.338609,19.379650,0.029343,0.038666,-0.399648,-0.204763,-2.277104,6.576045,-1.330503,0.026234,1,0,,38.990438,-76.939766,-9.765000,,,
2026-09-11T19:03:33.760,22.958017,1.929099,35.352484,17.862024,0.000000,33.262680,-11.443582,1.890749,-0.197070,-0.414884,-0.023825,21.401498,19.372103,0.012038,-0.030266,-0.413401,3.481165,4.578921,6.963996,-1.145898,0.345379,1,0,,38.990438,-76.939766,-9.765000,,,
2026-09-11T19:03:33.794,22.991430,1.968648,35.418398,18.228226,0.000000,33.841522,-11.642725,1.928144,-0.216165,-0.455083,-0.038359,21.465047,19.363216,-0.002647,-0.033944,-0.453600,3.080759,1.034111,7.034604,-0.992050,0.437473,1,0,,38.990438,-76.939766,-9.765000,,,
2026-09-11T19:03:33.828,23.024839,1.998254,35.485776,18.502351,0.000000,36.772125,-12.650960,1.949741,-0.235269,-0.495304,-0.054235,21.529403,19.352682,-0.085101,-0.076549,-0.493820,0.707550,-1.726363,8.983284,-0.993841,0.355470,1,0,,38.990438,-76.939766,-9.765000,,,
2026-09-11T19:03:33.861,23.058251,2.027498,35.553382,18.773125,0.000000,41.123397,-14.147958,1.965999,-0.253637,-0.533972,-0.071429,21.594171,19.340422,0.014633,0.010708,-0.532489,1.097658,-2.485594,10.479190,-0.966312,0.230653,1,0,,38.990438,-76.939766,-9.765000,,,
2026-09-11T19:03:33.894,23.091664,2.076111,35.622155,19.223250,0.000000,45.883224,-15.785513,1.997814,-0.289723,-0.609942,-0.090540,21.659433,19.326013,-0.045052,0.007641,-0.608459,1.556806,-1.530818,7.829335,-0.903481,0.179982,1,0,,38.990438,-76.939766,-9.765000,,,
2026-09-11T19:03:33.928,23.125076,2.124998,35.693982,19.675903,0.000000,48.819320,-16.795638,2.034348,-0.320227,-0.674162,-0.111992,21.725408,19.309060,-0.023120,-0.008100,-0.672678,-0.375104,-1.616626,12.634692,-0.962971,0.134225,1,0,,38.990438,-76.939766,-9.765000,,,
2026-09-11T19:03:33.961,23.158577,2.183719,35.766385,20.219623,0.000000,53.914916,-18.548710,2.070283,-0.341689,-0.719345,-0.135334,21.792260,19.289572,-0.039630,-0.139854,-0.717861,2.087051,-0.074825,11.151926,-0.863391,0.196609,1,0,,38.990438,-76.939766,-9.765000,,,
2026-09-11T19:03:33.994,23.191990,2.222709,35.840587,20.580639,0.000000,58.051269,-19.971767,2.089038,-0.364485,-0.767336,-0.160172,21.859245,19.267671,-0.075161,-0.014629,-0.765853,2.264650,-2.525507,11.400623,-0.754046,0.106797,1,0,,38.990438,-76.939766,-9.765000,,,
2026-09-11T19:03:34.028,23.225399,2.261776,35.916641,20.942370,0.000000,58.408325,-20.094607,2.124094,-0.393763,-0.828975,-0.186837,21.926366,19.243041,-0.110874,-0.009991,-0.827491,0.766390,-1.744897,11.477311,-0.737272,0.078760,1,0,,38.990438,-76.939766,-9.765000,,,
2026-09-11T19:03:34.061,23.258811,2.301261,35.992552,21.307970,0.000000,58.755081,-20.213904,2.159524,-0.410015,-0.863189,-0.215107,21.993795,19.215593,-0.096497,0.059712,-0.861705,-0.193681,-0.387461,10.844390,-0.774605,0.145619,1,0,,38.990438,-76.939766,-9.765000,,,
2026-09-11T19:03:34.094,23.292222,2.301922,36.069637,21.314088,0.000000,59.327743,-20.410921,2.157397,-0.410957,-0.865172,-0.243980,22.060893,19.185833,-0.165146,0.003468,-0.863688,-1.014498,-0.904369,9.952083,-0.857134,0.178422,1,0,,38.990438,-76.939766,-9.765000,,,
2026-09-11T19:03:34.129,23.325635,2.282838,36.146927,21.137392,0.000000,58.551834,-20.143979,2.143198,-0.396685,-0.835126,-0.272386,22.126911,19.154449,-0.171125,0.076666,-0.833643,-2.975436,-1.028620,6.784731,-1.057902,0.197852,1,0,,38.990438,-76.939766,-9.765000,,,
2026-09-11T19:03:34.162,23.359049,2.243934,36.220862,20.777166,0.000000,57.303512,-19.714511,2.112406,-0.367833,-0.774386,-0.299276,22.191526,19.122155,-0.102611,-0.037578,-0.772902,-1.283004,-0.296847,6.976647,-1.139077,0.254487,1,1,23.361390,38.990441,-76.939745,-9.812000,16.117559,24.597800,2.751528
2026-09-11T19:03:34.195,23.392462,2.214611,36.295133,20.505662,0.000000,51.033065,-17.557247,2.111446,-0.334323,-0.703837,-0.323972,22.255098,19.089355,-0.025470,-0.042786,-0.702354,-0.865143,0.717160,12.091992,-1.185837,0.366475,1,0,,38.990441,-76.939745,-9.812000,,,
2026-09-11T19:03:34.229,23.425875,2.195602,36.368623,20.329644,0.000000,43.073471,-14.818855,2.122574,-0.279000,-0.587369,-0.345543,22.318545,19.056434,0.027328,-0.028546,-0.585886,-0.309792,1.446383,9.246298,-1.192569,0.508964,1,0,,38.990441,-76.939745,-9.812000,,,
2026-09-11T19:03:34.262,23.459289,2.157374,36.440399,19.975681,0.000000,35.692718,-12.279605,2.108016,-0.223991,-0.471559,-0.363235,22.381923,19.024026,0.030788,-0.084949,-0.470075,-1.322133,-0.830623,9.612871,-1.261818,0.486014,1,0,,38.990441,-76.939745,-9.812000,,,
2026-09-11T19:03:34.297,23.492706,2.118883,36.511195,19.619286,0.000000,30.540817,-10.507162,2.083354,-0.173721,-0.365729,-0.377225,22.444810,18.992493,-0.039467,-0.125632,-0.364246,2.160993,-3.010053,22.460269,-1.101383,0.307095,1,0,,38.990441,-76.939745,-9.812000,,,
2026-09-11T19:03:34.329,23.526120,2.070529,36.580407,19.171565,0.000000,28.558471,-9.825162,2.040161,-0.159861,-0.336549,-0.388958,22.506628,18.961577,-0.020758,0.194617,-0.335065,2.139615,0.267133,6.273706,-0.944092,0.337573,1,0,,38.990441,-76.939745,-9.812000,,,
2026-09-11T19:03:34.362,23.559532,2.032074,36.648030,18.815498,0.000000,27.122695,-9.331203,2.005184,-0.137383,-0.289228,-0.399412,22.567121,18.931039,-0.040044,0.014047,-0.287745,-1.636632,0.718337,9.544126,-1.035347,0.390028,1,0,,38.990441,-76.939745,-9.812000,,,
2026-09-11T19:03:34.396,23.592957,1.993733,36.715038,18.460491,0.000000,26.343353,-9.063080,1.968842,-0.137916,-0.290349,-0.409098,22.626375,18.900688,-0.047988,-0.008489,-0.288866,-1.136689,-0.038442,9.129599,-1.098943,0.392350,1,0,,38.990441,-76.939745,-9.812000,,,
2026-09-11T19:03:34.431,23.626368,1.975004,36.781111,18.287076,0.000000,25.782363,-8.870079,1.951384,-0.137583,-0.289649,-0.418787,22.684482,18.870135,-0.022895,-0.001669,-0.288165,-1.631827,-0.488077,8.872665,-1.200524,0.365106,1,0,,38.990441,-76.939745,-9.812000,,,
2026-09-11T19:03:34.463,23.659788,1.965446,36.847732,18.198576,0.000000,26.363952,-9.070167,1.940870,-0.133287,-0.280605,-0.428316,22.741913,18.839279,0.053560,0.048925,-0.279121,-0.268702,-0.624880,10.625604,-1.216146,0.327961,1,0,,38.990441,-76.939745,-9.812000,,,
2026-09-11T19:03:34.496,23.693206,1.975702,36.913378,18.293533,0.000000,26.598785,-9.150958,1.950556,-0.139575,-0.293843,-0.437914,22.799016,18.807851,0.020620,0.013882,-0.292359,0.130625,-2.733702,9.039868,-1.208683,0.156483,1,0,,38.990441,-76.939745,-9.812000,,,
2026-09-11T19:03:34.530,23.726650,1.975518,36.979520,18.291830,0.000000,26.942108,-9.269074,1.949723,-0.152337,-0.320709,-0.448191,22.855845,18.775482,0.051141,0.039772,-0.319226,-0.059526,-1.627217,8.093134,-1.220559,0.061892,1,0,,38.990441,-76.939745,-9.812000,,,
2026-09-11T19:03:34.564,23.760060,1.995157,37.046095,18.473676,0.000000,28.638122,-9.852565,1.965731,-0.158216,-0.333085,-0.459113,22.912362,18.742153,0.088924,-0.000670,-0.331602,0.212314,-0.432669,8.528648,-1.225948,0.047700,1,0,,38.990441,-76.939745,-9.812000,,,
2026-09-11T19:03:34.596,23.793474,2.014862,37.112955,18.656127,0.000000,29.818466,-10.258646,1.982652,-0.176338,-0.371238,-0.470880,22.968814,18.707576,0.042495,0.028695,-0.369755,0.400896,-2.860796,8.560617,-1.229801,-0.118297,1,0,,38.990441,-76.939745,-9.812000,,,
2026-09-11T19:03:34.629,23.826888,2.024670,37.180908,18.746941,0.000000,31.651809,-10.889384,1.988213,-0.187293,-0.394302,-0.483670,23.024948,18.671707,0.067164,-0.001285,-0.392818,0.476407,-3.785661,12.877505,-1.238176,-0.339205,1,0,,38.990441,-76.939745,-9.812000,,,
2026-09-11T19:03:34.663,23.860302,2.063873,37.250103,19.109934,0.000000,32.184646,-11.072699,2.025452,-0.211626,-0.445528,-0.497701,23.080946,18.634228,0.028457,-0.034066,-0.444044,1.409608,0.603207,11.067883,-1.192514,-0.265857,1,0,,38.990441,-76.939745,-9.812000,,,
2026-09-11T19:03:34.696,23.893714,2.102922,37.320899,19.471501,0.000000,33.632781,-11.570911,2.060185,-0.214078,-0.450691,-0.512673,23.137229,18.594968,-0.066941,0.023897,-0.449207,1.479431,-0.925159,10.316302,-1.143587,-0.290576,1,0,,38.990441,-76.939745,-9.812000,,,
2026-09-11T19:03:34.730,23.927128,2.132603,37.392117,19.746325,0.000000,34.379852,-11.827931,2.087323,-0.231947,-0.488310,-0.528361,23.193633,18.554042,-0.049829,-0.029438,-0.486827,-0.465227,-2.919047,8.901300,-1.217053,-0.438224,1,0,,38.990441,-76.939745,-9.812000,,,
2026-09-11T19:03:34.763,23.960544,2.152658,37.464228,19.932014,0.000000,36.163757,-12.441659,2.102104,-0.243196,-0.511992,-0.545074,23.249723,18.511429,-0.034838,-0.207283,-0.510508,2.147558,0.089241,6.571436,-1.115984,-0.385799,1,0,,38.990441,-76.939745,-9.812000,,,
2026-09-11T19:03:34.796,23.993960,2.211253,37.538277,20.474565,0.000000,37.430618,-12.877506,2.155637,-0.281019,-0.591620,-0.563513,23.305588,18.466537,0.016826,0.170586,-0.590136,4.280995,2.299856,22.073593,-0.876461,-0.177940,1,0,,38.990441,-76.939745,-9.812000,,,
2026-09-11T19:03:34.830,24.027368,2.269764,37.613830,21.016330,0.000000,38.785369,-13.343590,2.208488,-0.273679,-0.576167,-0.583020,23.361802,18.419208,0.113057,-0.103011,-0.574683,4.149488,-1.977217,16.868419,-0.644643,-0.249470,1,0,,38.990441,-76.939745,-9.812000,,,
2026-09-11T19:03:34.863,24.060778,2.308807,37.691199,21.377843,0.000000,39.665649,-13.646439,2.243630,-0.277870,-0.584990,-0.602417,23.418335,18.370018,0.082364,0.013235,-0.583506,1.650165,-1.483550,12.653521,-0.572040,-0.285659,1,0,,38.990441,-76.939745,-9.812000,,,
2026-09-11T19:03:34.897,24.094188,2.357694,37.770511,21.830496,0.000000,41.867034,-14.403796,2.283583,-0.302835,-0.637548,-0.622840,23.474620,18.318594,0.079480,-0.092505,-0.636065,1.287907,-1.317425,9.741044,-0.518805,-0.301410,1,0,,38.990441,-76.939745,-9.812000,,,
2026-09-11T19:03:34.931,24.127601,2.377513,37.850587,22.014010,0.000000,45.480163,-15.646845,2.289408,-0.323449,-0.680944,-0.644867,23.529974,18.264921,-0.089764,-0.043925,-0.679461,-1.780888,-4.207053,8.580329,-0.656620,-0.497368,1,0,,38.990441,-76.939745,-9.812000,,,
2026-09-11T19:03:34.964,24.161011,2.368257,37.930070,21.928309,0.000000,48.843353,-16.803906,2.267132,-0.346200,-0.728842,-0.668417,23.583429,18.209604,-0.167979,-0.056662,-0.727358,-1.681742,-0.587320,8.231310,-0.778410,-0.450800,1,0,,38.990441,-76.939745,-9.812000,,,
2026-09-11T19:03:34.998,24.194423,2.339813,38.008482,21.664938,0.000000,51.833007,-17.832457,2.227400,-0.365212,-0.768867,-0.693438,23.634286,18.153116,-0.244116,-0.074876,-0.767384,-0.188778,-2.453526,11.673052,-0.796530,-0.521644,1,0,,38.990441,-76.939745,-9.812000,,,
2026-09-11T19:03:35.031,24.227848,2.320887,38.085442,21.489692,0.000000,53.233764,-18.314368,2.203326,-0.331782,-0.698488,-0.717961,23.683098,18.096228,-0.159222,-0.084114,-0.697004,0.304398,0.359218,11.233518,-0.775565,-0.420838,1,0,,38.990441,-76.939745,-9.812000,,,
2026-09-11T19:03:35.064,24.261269,2.302270,38.162868,21.317319,0.000000,45.030410,-15.492114,2.218623,-0.314234,-0.661545,-0.740688,23.730999,18.038938,-0.004529,-0.018058,-0.660062,0.091594,-1.497475,10.229121,-0.759855,-0.445989,1,0,,38.990441,-76.939745,-9.812000,,,
2026-09-11T19:03:35.097,24.294689,2.234750,38.236649,20.692130,0.000000,36.226928,-12.463393,2.182086,-0.250642,-0.527668,-0.760560,23.778344,17.981878,0.126875,-0.071500,-0.526184,2.282890,-2.111372,8.478634,-0.594501,-0.531082,1,0,,38.990441,-76.939745,-9.812000,,,
2026-09-11T19:03:35.131,24.328113,2.196297,38.310698,20.336081,0.000000,28.896987,-9.941624,2.163318,-0.182145,-0.383463,-0.775786,23.825552,17.926215,0.210912,0.059533,-0.381979,0.824053,9.254438,15.263561,-0.516162,0.099975,1,0,,38.990441,-76.939745,-9.812000,,,
2026-09-11T19:03:35.164,24.361525,2.176741,38.383368,20.155007,0.000000,26.396911,-9.081506,2.149455,-0.137335,-0.289127,-0.787023,23.872947,17.871682,0.110297,-0.007676,-0.287643,-1.460799,1.990260,6.878188,-0.580180,0.240110,1,0,,38.990441,-76.939745,-9.812000,,,
2026-09-11T19:03:35.198,24.394944,2.137852,38.454426,19.794925,0.000000,26.852844,-9.238364,2.110122,-0.151963,-0.319921,-0.797200,23.919496,17.817626,0.030956,0.054403,-0.318438,-1.732051,-2.181391,10.184598,-0.661807,0.111988,1,1,24.384212,38.990435,-76.939723,-10.640000,18.022257,23.990305,3.341867
2026-09-11T19:03:35.232,24.428364,2.118840,38.525370,19.618889,0.000000,29.245117,-10.061393,2.086255,-0.169497,-0.356836,-0.808508,23.964341,17.763457,-0.001959,0.011055,-0.355353,0.716964,-1.888074,8.041551,-0.590372,0.008784,1,0,,38.990435,-76.939723,-10.640000,,,
2026-09-11T19:03:35.265,24.461783,2.099844,38.594617,19.443000,0.000000,31.206863,-10.736306,2.063086,-0.155121,-0.326570,-0.819927,24.007992,17.709316,-0.056464,0.087512,-0.325087,1.024207,-7.717539,9.838326,-0.507738,-0.475304,1,0,,38.990435,-76.939723,-10.640000,,,
2026-09-11T19:03:35.298,24.495199,2.080705,38.664154,19.265788,0.000000,30.226333,-10.398968,2.046529,-0.159708,-0.336227,-0.831002,24.050696,17.655292,-0.110608,0.051426,-0.334743,-0.938006,-0.394423,9.048498,-0.554595,-0.478908,1,0,,38.990435,-76.939723,-10.640000,,,
2026-09-11T19:03:35.331,24.528612,2.061796,38.732853,19.090705,0.000000,27.430999,-9.437270,2.033891,-0.169800,-0.357473,-0.842591,24.092271,17.600991,-0.057877,0.000921,-0.355990,0.338231,0.020006,8.667314,-0.519658,-0.453124,1,0,,38.990435,-76.939723,-10.640000,,,
2026-09-11T19:03:35.364,24.562025,2.033145,38.800345,18.825414,0.000000,25.020187,-8.607862,2.010243,-0.134501,-0.283159,-0.853294,24.133157,17.546961,0.023924,0.005555,-0.281676,-1.156792,0.970760,7.917693,-0.590557,-0.376298,1,0,,38.990435,-76.939723,-10.640000,,,
2026-09-11T19:03:35.398,24.595438,1.985303,38.866499,18.382433,0.000000,22.975357,-7.904366,1.966440,-0.128147,-0.269783,-0.862531,24.173291,17.493835,0.104845,0.053472,-0.268300,-1.164344,4.529299,11.666579,-0.672055,-0.072433,1,0,,38.990435,-76.939723,-10.640000,,,
2026-09-11T19:03:35.432,24.629151,1.976202,38.932732,18.298163,0.000000,22.947891,-7.894917,1.957470,-0.156804,-0.330114,-0.872644,24.212398,17.440280,0.064634,0.031665,-0.328630,-1.978394,2.564929,9.903148,-0.815028,0.110024,1,0,,38.990435,-76.939723,-10.640000,,,
2026-09-11T19:03:35.465,24.662566,1.986205,38.999096,18.390790,0.000000,26.241729,-9.028118,1.961599,-0.183506,-0.386328,-0.884613,24.249806,17.386245,0.136319,-0.012256,-0.384845,0.352157,1.631532,7.864933,-0.808600,0.235657,1,0,,38.990435,-76.939723,-10.640000,,,
2026-09-11T19:03:35.499,24.695979,2.034811,39.067038,18.840844,0.000000,33.682907,-11.588156,1.993335,-0.206335,-0.434390,-0.898325,24.286245,17.330751,0.012490,-0.034842,-0.432907,0.089142,-2.046452,8.982793,-0.821063,0.128703,1,0,,38.990435,-76.939723,-10.640000,,,
2026-09-11T19:03:35.532,24.729395,2.063908,39.135396,19.110258,0.000000,34.378478,-11.827458,2.020090,-0.216785,-0.456389,-0.913208,24.322058,17.273622,0.055055,0.103822,-0.454906,1.282612,-4.010528,7.028917,-0.758443,-0.100626,1,0,,38.990435,-76.939723,-10.640000,,,
2026-09-11T19:03:35.566,24.762815,2.064318,39.205485,19.114056,0.000000,38.491485,-13.242483,2.009426,-0.264925,-0.557737,-0.930154,24.356343,17.215126,0.041234,0.236349,-0.556253,-2.752629,-1.799716,-2.593074,-0.959690,-0.171370,1,0,,38.990435,-76.939723,-10.640000,,,
2026-09-11T19:03:35.599,24.796232,2.093958,39.275803,19.388498,0.000000,44.687774,-15.374234,2.019025,-0.296645,-0.624515,-0.949908,24.388456,17.155241,0.083674,0.348360,-0.623032,-1.667523,-1.255938,-4.644724,-1.089960,-0.197037,1,0,,38.990435,-76.939723,-10.640000,,,
2026-09-11T19:03:35.632,24.829653,2.162040,39.348148,20.018891,0.000000,43.334396,-14.908622,2.089260,-0.267241,-0.562612,-0.969745,24.420112,17.093596,0.067069,0.053467,-0.561129,-0.873184,2.852264,5.258522,-1.168936,0.038100,1,0,,38.990435,-76.939723,-10.640000,,,
2026-09-11T19:03:35.665,24.863080,2.230548,39.422339,20.653227,0.000000,43.281524,-14.890433,2.155644,-0.286536,-0.603233,-0.989230,24.451965,17.029535,-0.024541,0.041962,-0.601750,0.713042,-0.607620,10.792807,-1.146748,0.054654,1,0,,38.990435,-76.939723,-10.640000,,,
2026-09-11T19:03:35.700,24.896496,2.240948,39.498661,20.749521,0.000000,43.073471,-14.818855,2.166413,-0.286027,-0.602161,-1.009371,24.482976,16.963624,-0.095852,0.011020,-0.600678,0.278803,0.964778,11.172324,-1.157549,0.173128,1,0,,38.990435,-76.939723,-10.640000,,,
2026-09-11T19:03:35.732,24.929915,2.231794,39.571393,20.664755,0.000000,42.927215,-14.768537,2.158063,-0.266956,-0.562012,-1.028823,24.512982,16.897243,-0.136593,0.120093,-0.560528,1.922692,-5.188601,9.315141,-1.067847,-0.114170,1,0,,38.990435,-76.939723,-10.640000,,,
2026-09-11T19:03:35.766,24.963355,2.212705,39.645664,20.488005,0.000000,40.586440,-13.963225,2.147321,-0.276311,-0.581707,-1.047946,24.541696,16.830616,-0.277780,0.089552,-0.580224,-0.250952,-1.521404,9.097531,-1.122475,-0.158454,1,0,,38.990435,-76.939723,-10.640000,,,
2026-09-11T19:03:35.800,24.996772,2.193714,39.719730,20.312171,0.000000,31.906555,-10.977026,2.153577,-0.230404,-0.485061,-1.065770,24.569653,16.763872,-0.233854,0.070929,-0.483577,0.993610,-4.482129,6.113172,-1.096683,-0.407150,1,0,,38.990435,-76.939723,-10.640000,,,
2026-09-11T19:03:35.833,25.030209,2.173895,39.791802,20.128660,0.000000,24.613693,-8.468014,2.150196,-0.195959,-0.412546,-1.080777,24.597730,16.697238,-0.073838,-0.001465,-0.411063,-2.003106,4.820655,6.778160,-1.266955,-0.060751,1,0,,38.990435,-76.939723,-10.640000,,,
2026-09-11T19:03:35.866,25.063633,2.145072,39.863384,19.861774,0.000000,11.173980,-3.844259,2.140245,-0.092579,-0.194904,-1.090928,24.626892,16.631550,0.074155,-0.007430,-0.193420,-1.041760,-3.222269,7.008421,-1.369196,-0.269641,1,0,,38.990435,-76.939723,-10.640000,,,
2026-09-11T19:03:35.900,25.097053,2.106650,39.934715,19.506017,0.000000,1.232727,-0.424103,2.106592,-0.011338,-0.023869,-1.094584,24.657999,16.567740,0.278916,-0.055808,-0.022385,0.175833,-0.026674,6.317836,-1.383345,-0.293013,1,0,,38.990435,-76.939723,-10.640000,,,
2026-09-11T19:03:35.933,25.130477,2.126321,40.005329,19.688153,0.000000,-7.985489,2.747301,2.123877,0.053781,0.113222,-1.093091,24.691086,16.505257,0.174731,0.045009,0.114706,-0.742854,3.987384,6.951052,-1.452540,-0.074991,1,0,,38.990435,-76.939723,-10.640000,,,
2026-09-11T19:03:35.966,25.163901,2.175387,40.078403,20.142475,0.000000,-6.590912,2.267516,2.173684,0.027256,0.057380,-1.090240,24.725399,16.442147,0.142933,0.000790,0.058864,0.875832,-0.841411,10.040343,-1.416868,-0.164627,1,0,,38.990435,-76.939723,-10.640000,,,
2026-09-11T19:03:36.001,25.197320,2.253401,40.154719,20.864821,0.000000,-4.527543,1.557641,2.252568,0.000561,0.001182,-1.089261,24.760034,16.376796,0.001419,-0.040345,0.002665,1.640260,2.348791,8.021153,-1.331623,-0.038763,1,0,,38.990435,-76.939723,-10.640000,,,
2026-09-11T19:03:36.033,25.230736,2.273541,40.230095,21.051307,0.000000,1.867187,-0.642381,2.273398,-0.015341,-0.032297,-1.089781,24.794819,16.309653,-0.036971,-0.025774,-0.030814,2.225227,4.515276,9.869707,-1.207316,0.230946,1,0,,38.990435,-76.939723,-10.640000,,,
2026-09-11T19:03:36.067,25.264160,2.283866,40.306764,21.146904,0.000000,9.467666,-3.257225,2.280176,-0.052348,-0.110206,-1.092163,24.828945,16.241625,-0.163809,-0.075375,-0.108723,-0.460814,0.884854,7.337434,-1.258658,0.274092,1,0,,38.990435,-76.939723,-10.640000,,,
2026-09-11T19:03:36.100,25.297583,2.303747,40.383616,21.330987,0.000000,9.276092,-3.191316,2.300174,-0.079245,-0.166832,-1.096792,24.862086,16.172594,-0.267452,0.029470,-0.165348,-0.401484,0.332445,10.377299,-1.308335,0.289552,1,0,,38.990435,-76.939723,-10.640000,,,
2026-09-11T19:03:36.134,25.331024,2.303669,40.460336,21.330273,0.000000,9.404495,-3.235491,2.299997,-0.082798,-0.174312,-1.102496,24.894586,16.102826,-0.261442,0.039480,-0.172829,-0.395502,1.121783,10.369062,-1.359902,0.357131,1,0,,38.990435,-76.939723,-10.640000,,,
2026-09-11T19:03:36.168,25.364453,2.313373,40.538486,21.420116,0.000000,8.666351,-2.981543,2.310241,-0.075423,-0.158784,-1.108064,24.926812,16.032781,-0.219990,0.063520,-0.157301,-0.169655,0.217315,8.839714,-1.394774,0.363118,1,1,25.358152,38.990423,-76.939707,-11.484000,19.399322,22.565157,3.155274
2026-09-11T19:03:36.201,25.397875,2.313788,40.615354,21.423967,0.000000,7.656982,-2.634283,2.311343,-0.051654,-0.108744,-1.112535,24.959231,15.962650,-0.180075,0.014188,-0.107261,-0.880147,1.346355,9.927762,-1.470242,0.434707,1,0,,38.990423,-76.939707,-11.484000,,,
2026-09-11T19:03:36.234,25.431291,2.323691,40.692291,21.515661,0.000000,4.994171,-1.718178,2.322647,-0.029749,-0.062630,-1.115398,24.992163,15.892564,-0.011379,0.161217,-0.061146,0.581730,1.020676,8.831967,-1.443917,0.477536,1,0,,38.990423,-76.939707,-11.484000,,,
2026-09-11T19:03:36.268,25.464726,2.284815,40.768578,21.155691,0.000000,3.698471,-1.272410,2.284251,-0.019201,-0.040423,-1.117121,25.025241,15.823010,0.046624,0.024407,-0.038940,1.770591,0.179462,18.329512,-1.337137,0.461944,1,0,,38.990423,-76.939707,-11.484000,,,
2026-09-11T19:03:36.301,25.498156,2.285331,40.845618,21.160476,0.000000,4.355590,-1.498483,2.284550,-0.016710,-0.035178,-1.118384,25.058128,15.754083,0.073098,0.026020,-0.033695,0.606247,2.122551,10.403483,-1.307186,0.571689,1,0,,38.990423,-76.939707,-11.484000,,,
2026-09-11T19:03:36.334,25.531573,2.295496,40.921609,21.254590,0.000000,4.451034,-1.531319,2.294676,-0.020456,-0.043065,-1.119692,25.090971,15.684976,0.054003,0.012812,-0.041582,0.674207,1.777848,9.667102,-1.272733,0.659045,1,0,,38.990423,-76.939707,-11.484000,,,
2026-09-11T19:03:36.368,25.564996,2.315479,40.999947,21.439624,0.000000,6.188934,-2.129220,2.313881,-0.041450,-0.087264,-1.121870,25.123539,15.615177,0.045671,-0.004159,-0.085780,-0.396875,2.084600,9.988956,-1.310454,0.772022,1,0,,38.990423,-76.939707,-11.484000,,,
2026-09-11T19:03:36.401,25.598417,2.296317,41.076143,21.262195,0.000000,6.706664,-2.307339,2.294455,-0.054563,-0.114869,-1.125248,25.155396,15.545051,-0.003516,0.037609,-0.113386,-0.514065,-0.361375,10.152237,-1.359759,0.729215,1,0,,38.990423,-76.939707,-11.484000,,,
2026-09-11T19:03:36.435,25.631838,2.277098,41.151941,21.084236,0.000000,8.146560,-2.802716,2.274374,-0.074898,-0.157681,-1.129802,25.186188,15.475156,-0.024777,0.065411,-0.156197,-0.131801,-1.331449,8.837851,-1.386886,0.630180,1,0,,38.990423,-76.939707,-11.484000,,,
2026-09-11T19:03:36.468,25.665266,2.286844,41.228302,21.174478,0.000000,7.915161,-2.723106,2.284261,-0.077261,-0.162654,-1.135156,25.216221,15.405087,-0.064282,-0.005606,-0.161170,1.004887,-0.257817,8.949941,-1.340011,0.602653,1,0,,38.990423,-76.939707,-11.484000,,,
2026-09-11T19:03:36.504,25.698937,2.306463,41.306777,21.356141,0.000000,7.065093,-2.430651,2.304388,-0.053189,-0.111977,-1.139780,25.246666,15.334051,-0.041303,-0.028738,-0.110493,0.334407,0.426687,9.285525,-1.337539,0.612510,1,0,,38.990423,-76.939707,-11.484000,,,
2026-09-11T19:03:36.536,25.732362,2.326075,41.384545,21.537732,0.000000,3.614700,-1.243589,2.325527,-0.014180,-0.029852,-1.142150,25.277887,15.263243,0.095450,-0.146653,-0.028368,-1.083929,2.011050,7.943485,-1.430653,0.712646,1,0,,38.990423,-76.939707,-11.484000,,,
2026-09-11T19:03:36.569,25.765795,2.336207,41.462228,21.631544,0.000000,-0.403550,0.138836,2.336200,0.015743,0.033143,-1.142095,25.310303,15.192376,0.003699,-0.032637,0.034627,4.298647,3.701912,6.268117,-1.176212,0.911825,1,0,,38.990423,-76.939707,-11.484000,,,
2026-09-11T19:03:36.602,25.799225,2.346143,41.540823,21.723547,0.000000,-4.381287,1.507324,2.345331,0.026512,0.055814,-1.140608,25.343526,15.121525,0.030736,0.046941,0.057297,0.728340,1.434125,9.329753,-1.154483,0.958292,1,0,,38.990423,-76.939707,-11.484000,,,
2026-09-11T19:03:36.635,25.832663,2.395406,41.621286,22.179683,0.000000,-4.293397,1.477086,2.394610,0.033632,0.070805,-1.138491,25.377566,15.049953,-0.047675,-0.014578,0.072289,3.392316,-0.024222,10.363668,-0.958125,0.907166,1,0,,38.990423,-76.939707,-11.484000,,,
2026-09-11T19:03:36.669,25.866085,2.424647,41.702723,22.450439,0.000000,-4.130662,1.421099,2.423902,0.020030,0.042169,-1.136603,25.412186,14.977247,0.004269,-0.014727,0.043652,0.488862,-1.325859,8.098724,-0.951425,0.776632,1,0,,38.990423,-76.939707,-11.484000,,,
2026-09-11T19:03:36.702,25.899509,2.454344,41.784564,22.725410,0.000000,-2.433961,0.837372,2.454082,-0.000134,-0.000282,-1.135903,25.446807,14.903444,-0.093254,-0.029325,0.001201,0.089927,-3.196183,11.331290,-0.971246,0.533020,1,0,,38.990423,-76.939707,-11.484000,,,
2026-09-11T19:03:36.736,25.932930,2.434905,41.866218,22.545415,0.000000,-1.579087,0.543264,2.434795,-0.001669,-0.003514,-1.135967,25.481197,14.829338,-0.032270,0.015968,-0.002031,-0.078453,-0.220650,10.234907,-1.001626,0.485465,1,0,,38.990423,-76.939707,-11.484000,,,
2026-09-11T19:03:36.770,25.966364,2.435008,41.948270,22.546366,0.000000,-1.971161,0.678152,2.434837,-0.006245,-0.013147,-1.136245,25.515360,14.755447,0.007702,0.003639,-0.011663,-0.121701,1.233186,8.719975,-1.032424,0.534178,1,0,,38.990423,-76.939707,-11.484000,,,
2026-09-11T19:03:36.803,25.999788,2.454512,42.029564,22.726967,0.000000,-2.109177,0.725634,2.454316,-0.006488,-0.013659,-1.136693,25.549549,14.681236,0.127326,-0.014938,-0.012175,0.899074,-1.276139,11.248228,-0.994763,0.419830,1,0,,38.990423,-76.939707,-11.484000,,,
2026-09-11T19:03:36.836,26.033202,2.474397,42.112112,22.911086,0.000000,-2.484772,0.854853,2.474122,0.023668,0.049827,-1.136089,25.584464,14.606665,0.133367,-0.010400,0.051310,1.127569,-2.762729,7.451877,-0.942124,0.200359,1,0,,38.990423,-76.939707,-11.484000,,,
2026-09-11T19:03:36.872,26.066621,2.465084,42.195036,22.824851,0.000000,-2.287018,0.786818,2.464851,0.009990,0.021032,-1.134905,25.619774,14.532071,0.083658,-0.099806,0.022516,-1.368910,-0.995571,7.621336,-1.048505,0.102403,1,0,,38.990423,-76.939707,-11.484000,,,
2026-09-11T19:03:36.905,26.100071,2.436856,42.277362,22.563478,0.000000,-1.342881,0.462000,2.436776,-0.020229,-0.042587,-1.135265,25.654219,14.457679,0.017391,-0.007606,-0.041103,-5.219001,-1.695668,-3.626205,-1.397513,-0.029844,1,0,,38.990423,-76.939707,-11.484000,,,
2026-09-11T19:03:36.937,26.133505,2.417955,42.358121,22.388468,0.000000,2.790039,-0.959876,2.417615,-0.013576,-0.028581,-1.136455,25.687899,14.383847,-0.009840,-0.122081,-0.027098,-0.392658,0.571335,10.059073,-1.425066,-0.015923,1,0,,38.990423,-76.939707,-11.484000,,,
2026-09-11T19:03:36.970,26.166932,2.437948,42.438891,22.573596,0.000000,6.031005,-2.074887,2.436350,-0.037168,-0.078248,-1.138240,25.721202,14.309866,0.016663,-0.026197,-0.076764,0.626743,5.643041,6.950267,-1.386977,0.334297,1,0,,38.990423,-76.939707,-11.484000,,,
2026-09-11T19:03:37.003,26.200351,2.447675,42.520824,22.663658,0.000000,6.370208,-2.191585,2.445885,-0.045385,-0.095547,-1.141144,25.754039,14.235174,-0.066351,-0.017558,-0.094063,-0.131115,0.267820,7.864933,-1.402813,0.335182,1,0,,38.990423,-76.939707,-11.484000,,,
2026-09-11T19:03:37.036,26.233763,2.447594,42.602358,22.662907,0.000000,6.416213,-2.207413,2.445778,-0.048358,-0.101806,-1.144442,25.786533,14.160175,-0.126630,-0.003107,-0.100323,0.025890,-1.909355,6.604681,-1.410232,0.196045,1,0,,38.990423,-76.939707,-11.484000,,,
2026-09-11T19:03:37.070,26.267186,2.447830,42.684455,22.665091,0.000000,6.695678,-2.303559,2.445852,-0.060652,-0.127688,-1.148277,25.818536,14.084933,-0.082987,-0.016700,-0.126204,-0.056781,-1.789714,10.072018,-1.423539,0.070274,1,0,,38.990423,-76.939707,-11.484000,,,
2026-09-11T19:03:37.103,26.300606,2.457968,42.766570,22.758967,0.000000,6.852920,-2.357656,2.455888,-0.047051,-0.099056,-1.152066,25.850339,14.009429,0.017954,-0.066736,-0.097572,0.351568,-0.469739,7.120707,-1.410888,0.026934,1,0,,38.990423,-76.939707,-11.484000,,,
2026-09-11T19:03:37.136,26.334022,2.458325,42.848645,22.762267,0.000000,6.426513,-2.210956,2.456495,-0.046225,-0.097316,-1.155347,25.882163,13.933757,-0.018944,0.020991,-0.095832,0.070804,0.451302,9.354564,-1.420259,0.043453,1,0,,38.990423,-76.939707,-11.484000,,,
2026-09-11T19:03:37.171,26.367453,2.449087,42.931512,22.676734,0.000000,6.149108,-2.115519,2.447418,-0.050901,-0.107160,-1.158764,25.913632,13.858051,-0.127869,0.112224,-0.105676,2.215813,-5.395129,7.975160,-1.296325,-0.317428,1,1,26.372345,38.990408,-76.939686,-11.105000,21.163001,20.919102,4.226468
2026-09-11T19:03:37.203,26.400870,2.440004,43.013029,22.592625,0.000000,6.196487,-2.131819,2.438315,-0.021007,-0.044226,-1.161294,25.945129,13.782727,0.153809,0.129036,-0.042742,2.137065,-5.760426,3.108806,-1.181514,-0.707728,1,0,,38.990408,-76.939686,-11.105000,,,
2026-09-11T19:03:37.237,26.434287,2.469860,43.096163,22.869075,0.000000,6.077697,-2.090951,2.468216,-0.038100,-0.080211,-1.163373,25.976784,13.707099,-0.027694,-0.092070,-0.078727,1.576615,6.694608,5.163692,-1.101849,-0.281567,1,0,,38.990408,-76.939686,-11.105000,,,
2026-09-11T19:03:37.271,26.467710,2.489949,43.179047,23.055081,0.000000,6.291244,-2.164419,2.488172,-0.046071,-0.096991,-1.166334,26.008199,13.630447,0.074694,-0.105972,-0.095508,4.686304,2.417437,11.227830,-0.819379,-0.134155,1,0,,38.990408,-76.939686,-11.105000,,,
2026-09-11T19:03:37.304,26.501124,2.519283,43.264517,23.326697,0.000000,6.344802,-2.182845,2.517455,-0.043321,-0.091202,-1.169478,26.039614,13.552927,0.060051,-0.086413,-0.089718,0.844843,-1.811092,15.307200,-0.788038,-0.262947,1,0,,38.990408,-76.939686,-11.105000,,,
2026-09-11T19:03:37.338,26.534537,2.538903,43.348068,23.508360,0.000000,6.319396,-2.174104,2.537075,-0.046326,-0.097528,-1.172631,26.071097,13.474559,0.022695,-0.058859,-0.096044,0.273507,1.499339,10.293943,-0.794594,-0.174831,1,0,,38.990408,-76.939686,-11.105000,,,
2026-09-11T19:03:37.370,26.567952,2.539267,43.433110,23.511731,0.000000,6.303604,-2.168671,2.537448,-0.044291,-0.093244,-1.175819,26.102448,13.395772,-0.006941,-0.004598,-0.091761,-0.733635,-0.557312,11.611662,-0.869809,-0.221543,1,0,,38.990408,-76.939686,-11.105000,,,
2026-09-11T19:03:37.407,26.601365,2.559049,43.519600,23.694899,0.000000,6.050918,-2.081738,2.557360,-0.029493,-0.062090,-1.178414,26.133960,13.316692,-0.049999,-0.050514,-0.060607,0.238204,-0.172891,7.355674,-0.884086,-0.247885,1,0,,38.990408,-76.939686,-11.105000,,,
2026-09-11T19:03:37.440,26.634784,2.578955,43.605537,23.879217,0.000000,5.855911,-2.014648,2.577361,-0.037740,-0.079452,-1.180779,26.165636,13.236947,-0.024727,-0.097192,-0.077969,0.523773,0.535247,10.924902,-0.880723,-0.225108,1,0,,38.990408,-76.939686,-11.105000,,,
2026-09-11T19:03:37.471,26.668197,2.598914,43.691725,24.064015,0.000000,5.854537,-2.014176,2.597308,-0.025588,-0.053870,-1.183006,26.197436,13.156551,0.007662,-0.086353,-0.052387,-0.004021,1.969371,9.274836,-0.910287,-0.113936,1,0,,38.990408,-76.939686,-11.105000,,,
2026-09-11T19:03:37.506,26.701612,2.570268,43.777885,23.798774,0.000000,5.917022,-2.035673,2.568646,-0.038675,-0.081421,-1.185267,26.228989,13.076209,0.010443,0.296000,-0.079937,-3.292583,-0.851119,-1.166109,-1.149190,-0.182126,1,0,,38.990408,-76.939686,-11.105000,,,
2026-09-11T19:03:37.540,26.735032,2.570822,43.863782,23.803903,0.000000,6.312530,-2.171742,2.568975,-0.045750,-0.096315,-1.188237,26.259847,12.996083,-0.082110,-0.332678,-0.094832,-2.518936,-1.399507,19.047064,-1.331129,-0.282600,1,0,,38.990408,-76.939686,-11.105000,,,
2026-09-11T19:03:37.573,26.768496,2.561401,43.949104,23.716679,0.000000,6.652419,-2.288676,2.559358,-0.049628,-0.104480,-1.191596,26.290263,12.915833,0.078907,-0.065028,-0.102997,5.016396,-6.796597,13.313508,-1.018170,-0.730654,1,0,,38.990408,-76.939686,-11.105000,,,
2026-09-11T19:03:37.604,26.801912,2.590423,44.034979,23.985397,0.000000,6.914718,-2.378917,2.588190,-0.068126,-0.143424,-1.195738,26.320105,12.835147,0.105816,-0.019091,-0.141940,3.410361,0.204076,11.578222,-0.811137,-0.713202,1,0,,38.990408,-76.939686,-11.105000,,,
2026-09-11T19:03:37.638,26.835324,2.629515,44.122516,24.347364,0.000000,9.412734,-3.238326,2.625317,-0.089080,-0.187537,-1.201267,26.349338,12.753062,0.108576,-0.110285,-0.186053,1.126000,-0.806499,14.725077,-0.752889,-0.753509,1,0,,38.990408,-76.939686,-11.105000,,,
2026-09-11T19:03:37.671,26.868738,2.630079,44.210544,24.352586,0.000000,12.483413,-4.294752,2.622694,-0.102324,-0.215418,-1.208000,26.377744,12.670053,0.033600,0.006918,-0.213935,-1.756567,0.127388,8.714091,-0.879196,-0.728229,1,0,,38.990408,-76.939686,-11.105000,,,
2026-09-11T19:03:37.704,26.902148,2.630222,44.298042,24.353903,0.000000,12.738159,-4.382394,2.622531,-0.130298,-0.274312,-1.216181,26.404865,12.586646,0.174000,0.003717,-0.272828,0.375889,-0.328032,9.747026,-0.863568,-0.722709,1,0,,38.990408,-76.939686,-11.105000,,,
2026-09-11T19:03:37.738,26.935561,2.630882,44.385911,24.360021,0.000000,12.048080,-4.144982,2.624001,-0.132508,-0.278965,-1.225424,26.430795,12.502804,0.099043,-0.061725,-0.277481,-1.432850,9.454493,10.028477,-0.965688,-0.083173,1,0,,38.990408,-76.939686,-11.105000,,,
2026-09-11T19:03:37.772,26.968974,2.631729,44.474981,24.367862,0.000000,12.277419,-4.223883,2.624581,-0.108532,-0.228489,-1.233902,26.456336,12.418823,0.121111,0.134770,-0.227006,1.237305,-2.571009,10.134192,-0.895764,-0.237766,1,0,,38.990408,-76.939686,-11.105000,,,
2026-09-11T19:03:37.805,27.002387,2.612947,44.561345,24.193950,0.000000,11.406753,-3.924342,2.606820,-0.127257,-0.267909,-1.242195,26.481161,12.334935,-0.036334,0.111263,-0.266425,5.643629,9.506469,5.211548,-0.542142,0.397800,1,0,,38.990408,-76.939686,-11.105000,,,
2026-09-11T19:03:37.838,27.035802,2.603236,44.647995,24.104035,0.000000,11.066863,-3.807407,2.597490,-0.103106,-0.217065,-1.250297,26.505241,12.251296,-0.054215,-0.055244,-0.215582,-0.134449,-3.173138,5.401993,-0.566876,0.196492,1,0,,38.990408,-76.939686,-11.105000,,,
