timestamp,time_s,drive_pos_turns,drive_encoder_count,drive_wheel_angle_deg,drive_distance_m,drive_distance_since_start_m,drive_velocity_turns_s,drive_velocity_mps,drive_velocity_mph,drive_acceleration_mps2,drive_iq_A,steer_pos_turns,steer_encoder_count,steer_angle_deg,steer_velocity_turns_s,steer_velocity_deg_s,steer_acceleration_deg_s2,gps_received,gps_ros_stamp_s,gps_latitude_deg,gps_longitude_deg,gps_altitude_m,gps_status,gps_service,gps_cov_x_m2,gps_cov_y_m2,gps_cov_z_m2,gps_covariance_type,imu_received,imu_ros_stamp_s,imu_qx,imu_qy,imu_qz,imu_qw,imu_roll_deg,imu_pitch_deg,imu_yaw_deg,imu_gyro_x_rad_s,imu_gyro_y_rad_s,imu_gyro_z_rad_s,imu_accel_x_mps2,imu_accel_y_mps2,imu_accel_z_mps2
2026-09-11T19:05:45.243,8.063999985097325e-06,0.0,0.0,0.0,0.0,0.0,0.0,0.0,0.0,0.0,0.0,0.017057418823242188,139.734375,6.1406707763671875,0.0,0.0,0.0,1,1789167944.84063,38.99028692,-76.94089742,-9.317999999999998,0,1,7.290000000000001,6.180196000000001,37.5769,1,1,1789167945.2375813,-0.8274846212430961,0.5609227864812527,-0.0012381495403207745,-0.025165376969017446,177.69165157775353,-1.7352253483511046,-68.22897334728769,0.0002930407814098479,0.0015194836467862633,-0.0016296139225871055,0.3046926205253601,0.39030467643737793,-9.694756283397675
2026-09-11T19:05:45.276,0.03342406399997344,0.0,0.0,0.0,0.0,0.0,0.0,0.0,0.0,0.0,0.0,0.017057418823242188,139.734375,6.1406707763671875,0.0,0.0,0.0,1,1789167944.84063,38.99028692,-76.94089742,-9.317999999999998,0,1,7.290000000000001,6.180196000000001,37.5769,1,1,1789167945.2655811,-0.8274811728442859,0.5609298146400116,-0.001269658976703596,-0.02512050163213387,177.69795089665834,-1.735348493073951,-68.22995495241182,-0.000685739863108572,-0.002230007185273155,-0.0004967207051175861,0.3053790860366821,0.39324667148590087,-9.694952416400909
2026-09-11T19:05:45.311,0.06683622399998512,0.0,0.0,0.0,0.0,0.0,0.0,0.0,0.0,0.0,0.0,0.017057418823242188,139.734375,6.1406707763671875,0.0,0.0,0.0,1,1789167944.84063,38.99028692,-76.94089742,-9.317999999999998,0,1,7.290000000000001,6.180196000000001,37.5769,1,1,1789167945.305581,-0.8274802248284936,0.5609314741043967,-0.0012894636127841563,-0.02511366481511327,177.69987583094243,-1.7367922579106183,-68.23017355571106,-0.0005431464632206353,0.0025939083343139726,0.0002691297706575256,0.3061636180496216,0.3935408709907532,-9.695442748908997
2026-09-11T19:05:45.344,0.10025385599999481,0.0,0.0,0.0,0.0,0.0,0.0,0.0,0.0,0.0,0.0,0.017057418823242188,139.734375,6.1406707763671875,0.0,0.0,0.0,1,1789167944.84063,38.99028692,-76.94089742,-9.317999999999998,0,1,7.290000000000001,6.180196000000001,37.5769,1,1,1789167945.3375812,-0.8274921596619281,0.5609132839282882,-0.0012439313227366518,-0.025128992134308054,177.69545730057862,-1.7334077629249987,-68.22768108635951,-0.0012473868164003473,0.0014262830647297662,-0.00029251718263424963,0.3016525589752197,0.39589446702957154,-9.691618155345916
2026-09-11T19:05:45.377,0.13365372799995612,0.0,0.0,0.0,0.0,0.0,0.0,0.0,0.0,0.0,0.0,0.017057418823242188,139.734375,6.1406707763671875,0.0,0.0,0.0,1,1789167944.84063,38.99028692,-76.94089742,-9.317999999999998,0,1,7.290000000000001,6.180196000000001,37.5769,1,1,1789167945.365581,-0.8275106148490821,0.5608821377982778,-0.0011631325685222652,-0.02522016918174342,177.6815452911096,-1.7315182053135882,-68.22336653992177,0.00037297686115118824,-0.0008145451619057536,-0.0004796164784480418,0.3066539505577087,0.3955022010231018,-9.694952416400909
2026-09-11T19:05:45.411,0.16705484799996384,0.0,0.0,0.0,0.0,0.0,0.0,0.0,0.0,0.0,0.0,0.017057418823242188,139.734375,6.1406707763671875,0.0,0.0,0.0,1,1789167944.84063,38.99028692,-76.94089742,-9.317999999999998,0,1,7.290000000000001,6.180196000000001,37.5769,1,1,1789167945.4055812,-0.8275265040101153,0.5608565148409513,-0.0010922934681987743,-0.02527175926281299,177.6720431225734,-1.7280428548111804,-68.21984036252012,-0.0014515903388836837,0.0013857914260834976,-0.0014526375364348804,0.30135835947036743,0.39442346950531004,-9.690441357326508
2026-09-11T19:05:45.444,0.20045644800001128,0.0,0.0,0.0,0.0,0.0,0.0,0.0,0.0,0.0,0.0,0.017057418823242188,139.734375,6.1406707763671875,0.0,0.0,0.0,1,1789167944.84063,38.99028692,-76.94089742,-9.317999999999998,0,1,7.290000000000001,6.180196000000001,37.5769,1,1,1789167945.437581,-0.8275397150806911,0.5608377679660383,-0.0010973702332063506,-0.025254975066551968,177.67392361808504,-1.7273926735298226,-68.21725346814081,-0.0007344345492392139,-0.0011091567396423964,-0.00039374627924992076,0.30439842102050785,0.3912853414535522,-9.691912354850768
2026-09-11T19:05:45.479,0.23386687999999367,0.0,0.0,0.0,0.0,0.0,0.0,0.0,0.0,0.0,0.0,0.017057418823242188,139.734375,6.1406707763671875,0.0,0.0,0.0,1,1789167944.84063,38.99028692,-76.94089742,-9.317999999999998,0,1,7.290000000000001,6.180196000000001,37.5769,1,1,1789167945.477581,-0.8275420973030007,0.5608358162569554,-0.0011666206965744454,-0.025217124953010955,177.68196151002888,-1.7315236671162864,-68.21695270433658,0.0015837117632596547,0.0018502235400391887,-0.0003145083312093782,0.3066539505577087,0.39403120349884035,-9.692402687358856
2026-09-11T19:05:45.511,0.26726694399997086,0.0,0.0,0.0,0.0,0.0,0.0,0.0,0.0,0.0,0.0,0.017057418823242188,139.734375,6.1406707763671875,0.0,0.0,0.0,1,1789167944.84063,38.99028692,-76.94089742,-9.317999999999998,0,1,7.290000000000001,6.180196000000001,37.5769,1,1,1789167945.5055811,-0.8275266316299039,0.5608611298289984,-0.001212965386536791,-0.025159405898706057,177.69047141235012,-1.7322802464444285,-68.22046266281686,-0.001326275698590491,-0.0024773203402807514,0.0002234021442552742,0.3079288150787353,0.39236407297134396,-9.697894411449433
2026-09-11T19:05:45.544,0.3006670080000049,0.0,0.0,0.0,0.0,0.0,0.0,0.0,0.0,0.0,0.0,0.017057418823242188,139.734375,6.1406707763671875,0.0,0.0,0.0,1,1789167944.84063,38.99028692,-76.94089742,-9.317999999999998,0,1,7.290000000000001,6.180196000000001,37.5769,1,1,1789167945.5375812,-0.8275378792608702,0.560844419078114,-0.0011882967166469219,-0.025163146231493776,177.6884966719045,-1.7301337341301817,-68.2181671210892,-0.0004892157893340106,-0.0006998770300497261,-0.0012423253615695636,0.30812494808197016,0.3913834079551697,-9.703974534549713
2026-09-11T19:05:45.579,0.33407385599997497,0.0,0.0,0.0,0.0,0.0,0.0,0.0,0.0,0.0,0.0,0.017057418823242188,139.734375,6.1406707763671875,0.0,0.0,0.0,1,1789167944.84063,38.99028692,-76.94089742,-9.317999999999998,0,1,7.290000000000001,6.180196000000001,37.5769,1,1,1789167945.5775812,-0.8275556504932369,0.5608160426619387,-0.0011257001021046458,-0.025213972891990694,177.6795908976695,-1.7273833508039922,-68.21425284418487,-5.777039824101231e-05,0.00298870181111509,-0.0011273081638631373,0.3045945540237427,0.3945215360069275,-9.698678943462372
2026-09-11T19:05:45.612,0.36747299199998906,0.0,0.0,0.0,0.0,0.0,0.0,0.0,0.0,0.0,0.0,0.017057418823242188,139.734375,6.1406707763671875,0.0,0.0,0.0,1,1789167944.84063,38.99028692,-76.94089742,-9.317999999999998,0,1,7.290000000000001,6.180196000000001,37.5769,1,1,1789167945.605581,-0.8275540190863987,0.5608196958319432,-0.0011474690562467667,-0.025185265050816898,177.68372243118048,-1.727613250006654,-68.21476206821856,-0.0009327039522657697,-0.002630211182755455,-0.00010768681484805013,0.30488875352859496,0.39305053848266597,-9.700444140491486
2026-09-11T19:05:45.645,0.4008822719999898,0.0,0.0,0.0,0.0,0.0,0.0,0.0,0.0,0.0,0.0,0.017057418823242188,139.734375,6.1406707763671875,0.0,0.0,0.0,1,1789167944.84063,38.99028692,-76.94089742,-9.317999999999998,0,1,7.290000000000001,6.180196000000001,37.5769,1,1,1789167945.637581,-0.8275619731087173,0.5608081015300939,-0.001129672092043674,-0.025182886323512666,177.6827809135459,-1.7257394025491042,-68.21317408567273,-0.0008740608893987602,-0.0018278833256136614,0.000450294947014537,0.3031235564994812,0.39569833402633664,-9.691422022342682
2026-09-11T19:05:45.678,0.43428835200001004,0.0,0.0,0.0,0.0,0.0,0.0,0.0,0.0,0.0,0.0,0.017057418823242188,139.734375,6.1406707763671875,0.0,0.0,0.0,1,1789167944.84063,38.99028692,-76.94089742,-9.317999999999998,0,1,7.290000000000001,6.180196000000001,37.5769,1,1,1789167945.677581,-0.8275705607866608,0.5607935611007407,-0.001130524072867296,-0.025224406088591424,177.67886328080218,-1.7284487323939899,-68.21112815876528,-2.1642082724729685e-05,0.002224422131666773,-0.0003279473664497345,0.30635975105285645,0.39344280448913577,-9.68769549528122
2026-09-11T19:05:45.711,0.4677019199999677,0.0,0.0,0.0,0.0,0.0,0.0,0.0,0.0,0.0,0.0,0.017057418823242188,139.734375,6.1406707763671875,0.0,0.0,0.0,1,1789167944.84063,38.99028692,-76.94089742,-9.317999999999998,0,1,7.290000000000001,6.180196000000001,37.5769,1,1,1789167945.7055812,-0.8275530772973128,0.5608220803088982,-0.0012325579150444456,-0.025159079767222276,177.6916792167845,-1.7340091434421856,-68.21504002780483,-0.0003469714552964727,-0.0018945549030398446,0.00011990411961201045,0.30488875352859496,0.39599253353118896,-9.692206554355622
2026-09-11T19:05:45.744,0.501101312000003,0.0,0.0,0.0,0.0,0.0,0.0,0.0,0.0,0.0,0.0,0.017057418823242188,139.734375,6.1406707763671875,0.0,0.0,0.0,1,1789167944.84063,38.99028692,-76.94089742,-9.317999999999998,0,1,7.290000000000001,6.180196000000001,37.5769,1,1,1789167945.7375813,-0.8275885267337617,0.5607659287657345,-0.0011160826996787397,-0.02524990917909723,177.67545662213234,-1.7286405372153382,-68.20729546866806,0.0006332054526235428,-0.002436828701634483,-0.0009620254836992745,0.30910561309814455,0.39599253353118896,-9.697894411449433
2026-09-11T19:05:45.778,0.5345021759999895,0.0,0.0,0.0,0.0,0.0,0.0,0.0,0.0,0.0,0.0,0.017057418823242188,139.734375,6.1406707763671875,0.0,0.0,0.0,1,1789167944.84063,38.99028692,-76.94089742,-9.317999999999998,0,1,7.290000000000001,6.180196000000001,37.5769,1,1,1789167945.776581,-0.8275919188017494,0.5607612152543059,-0.0011168327984088565,-0.025243377053263193,177.6761151632139,-1.7282785591699992,-68.20664735100414,-0.0005190609195431136,-0.00017767451785302273,0.00020943951023931956,0.3039080885124207,0.39569833402633664,-9.69112782283783
2026-09-11T19:05:45.812,0.5679089919999569,0.0,0.0,0.0,0.0,0.0,0.0,0.0,0.0,0.0,0.0,0.017057418823242188,139.734375,6.1406707763671875,0.0,0.0,0.0,1,1789167944.84063,38.99028692,-76.94089742,-9.317999999999998,0,1,7.290000000000001,6.180196000000001,37.5769,1,1,1789167945.805581,-0.8275889827819441,0.5607663296338496,-0.0011035655347169434,-0.025226598463487602,177.676866758752,-1.72595554834155,-68.20737992084678,-5.235987755982989e-06,-0.0028600710452431075,0.000871966494296367,0.3058694185447693,0.39373700399398803,-9.698678943462372
2026-09-11T19:05:45.846,0.6013357759999849,0.0,0.0,0.0,0.0,0.0,0.0,0.0,0.0,0.0,0.0,0.017057418823242188,139.734375,6.1406707763671875,0.0,0.0,0.0,1,1789167945.8264909,38.990286865,-76.94089759833334,-9.338999999999999,0,1,9.759376000000001,6.185169,49.815363999999995,1,1,1789167945.8375812,-0.8275816745905531,0.5607791201215594,-0.0011808319599340227,-0.025178481953208674,177.68642471441765,-1.730229022790516,-68.20912131052049,0.0005560618996853934,-0.002229309053572357,0.0008576547944300136,0.3074384825706482,0.39275633897781376,-9.693481418876647
2026-09-11T19:05:45.878,0.6347475839999674,0.0,0.0,0.0,0.0,0.0,0.0,0.0,0.0,0.0,0.0,0.017057418823242188,139.734375,6.1406707763671875,0.0,0.0,0.0,1,1789167945.8264909,38.990286865,-76.94089759833334,-9.338999999999999,0,1,9.759376000000001,6.185169,49.815363999999995,1,1,1789167945.8775811,-0.827578671163421,0.5607856994846561,-0.0012597869361046581,-0.025126783036571298,177.69641838883194,-1.7344148516357483,-68.21000556910796,-0.0007970918693858103,-0.000299498499642227,-0.002374345914413086,0.3031235564994812,0.3955022010231018,-9.695933081417083
2026-09-11T19:05:45.912,0.6681471039999565,0.0,0.0,0.0,0.0,0.0,0.0,0.0,0.0,0.0,0.0,0.017057418823242188,139.734375,6.1406707763671875,0.0,0.0,0.0,1,1789167945.8264909,38.990286865,-76.94089759833334,-9.338999999999999,0,1,9.759376000000001,6.185169,49.815363999999995,1,1,1789167945.9055812,-0.8275751583908348,0.5607901135591937,-0.0012330100842036097,-0.025145286532141275,177.69295090374652,-1.7330761767893301,-68.21062476838429,0.00019460421159736774,-0.00129887402933418,0.0007834783012202546,0.3061636180496216,0.39324667148590087,-9.695638881912231
2026-09-11T19:05:45.946,0.701555935999977,0.0,0.0,0.0,0.0,0.0,0.0,0.0,0.0,0.0,0.0,0.017057418823242188,139.734375,6.1406707763671875,0.0,0.0,0.0,1,1789167945.8264909,38.990286865,-76.94089759833334,-9.338999999999999,0,1,9.759376000000001,6.185169,49.815363999999995,1,1,1789167945.937581,-0.8275946088296903,0.5607611913704368,-0.0011545088964022606,-0.025153862487661112,177.6870340863304,-1.7260987985645295,-68.20668089045299,0.0012220795422464294,-0.0021170843826691216,0.001404815514930236,0.3003776944541931,0.3922660064697266,-9.691422022342682
2026-09-11T19:05:45.979,0.734962975999963,0.0,0.0,0.0,0.0,0.0,0.0,0.0,0.0,0.0,0.0,0.017057418823242188,139.734375,6.1406707763671875,0.0,0.0,0.0,1,1789167945.8264909,38.990286865,-76.94089759833334,-9.338999999999999,0,1,9.759376000000001,6.185169,49.815363999999995,1,1,1789167945.977581,-0.8276048658983307,0.5607450382647104,-0.0011678720940677884,-0.025175862997846136,177.6857697926907,-1.7287357922492717,-68.20441618175882,-0.000912283600017436,0.0002804744107954888,-0.0004401720373529699,0.30655588405609135,0.39795386356353757,-9.701130606002808
2026-09-11T19:05:46.012,0.7683649599999853,0.0,0.0,0.0,0.0,0.0,0.0,0.0,0.0,0.0,0.0,0.017057418823242188,139.734375,6.1406707763671875,0.0,0.0,0.0,1,1789167945.8264909,38.990286865,-76.94089759833334,-9.338999999999999,0,1,9.759376000000001,6.185169,49.815363999999995,1,1,1789167946.0055811,-0.8276027857085403,0.5607478059254746,-0.0011875895621081328,-0.025181677232904376,177.68648991854573,-1.730988061529457,-68.20477795608285,0.00047228609558966556,-0.0017072810743008532,9.878563566287906e-05,0.3088114135932922,0.3977577305603027,-9.696129214420319
2026-09-11T19:05:46.046,0.801766176000001,0.0,0.0,0.0,0.0,0.0,0.0,0.0,0.0,0.0,0.0,0.017057418823242188,139.734375,6.1406707763671875,0.0,0.0,0.0,1,1789167945.8264909,38.990286865,-76.94089759833334,-9.338999999999999,0,1,9.759376000000001,6.185169,49.815363999999995,1,1,1789167946.0375812,-0.8276069868163343,0.5607415755007473,-0.00118900866764516,-0.02518227821535853,177.68651097577796,-1.7311439260916368,-68.20391375816297,0.0005448917924726297,0.001660855316197804,-3.0368728984701334e-05,0.30361388900756836,0.39795386356353757,-9.693873684883117
2026-09-11T19:05:46.079,0.8351862719999872,0.0,0.0,0.0,0.0,0.0,0.0,0.0,0.0,0.0,0.0,0.017057418823242188,139.734375,6.1406707763671875,0.0,0.0,0.0,1,1789167945.8264909,38.990286865,-76.94089759833334,-9.338999999999999,0,1,9.759376000000001,6.185169,49.815363999999995,1,1,1789167946.0775812,-0.8275983759220388,0.5607554288580975,-0.0012405810040160192,-0.025154286635625203,177.69251004135558,-1.7342763861934918,-68.20580962781706,-3.9269908169872414e-05,-0.0006529276731710786,0.0005520476424058065,0.30635975105285645,0.39236407297134396,-9.702699670028686
2026-09-11T19:05:46.112,0.8685885119999739,0.0,0.0,0.0,0.0,0.0,0.0,0.0,0.0,0.0,0.0,0.017057418823242188,139.734375,6.1406707763671875,0.0,0.0,0.0,1,1789167945.8264909,38.990286865,-76.94089759833334,-9.338999999999999,0,1,9.759376000000001,6.185169,49.815363999999995,1,1,1789167946.104581,-0.8276107556392662,0.5607372853623281,-0.0012245687101389642,-0.025152224278654118,177.6916394534878,-1.7325739894485555,-68.2033130082484,0.00022759093446006055,-0.0005017821599483697,0.0005098106745075436,0.3011622264671326,0.3939331369972229,-9.694658216896057
2026-09-11T19:05:46.146,0.9019887359999643,0.0,0.0,0.0,0.0,0.0,0.0,0.0,0.0,0.0,0.0,0.017057418823242188,139.734375,6.1406707763671875,0.0,0.0,0.0,1,1789167945.8264909,38.990286865,-76.94089759833334,-9.338999999999999,0,1,9.759376000000001,6.185169,49.815363999999995,1,1,1789167946.137581,-0.8276269366304044,0.5607112694612755,-0.0011631068350829818,-0.025202643619025872,177.68285042543985,-1.7299106566491749,-68.19972470569971,0.00119118721448613,0.002635970769287036,-0.001966462468222011,0.3058694185447693,0.39471766901016236,-9.691912354850768
2026-09-11T19:05:46.179,0.935388832000001,0.0,0.0,0.0,0.0,0.0,0.0,0.0,0.0,0.0,0.0,0.017057418823242188,139.734375,6.1406707763671875,0.0,0.0,0.0,1,1789167945.8264909,38.990286865,-76.94089759833334,-9.338999999999999,0,1,9.759376000000001,6.185169,49.815363999999995,1,1,1789167946.177581,-0.8276181560227501,0.5607272453899467,-0.0011680435883195419,-0.02513522972007562,177.6896017481424,-1.7260904260572014,-68.2019843680421,3.3161255787892265e-06,-0.0029129545215785357,-0.0020614083795305028,0.2991028299331665,0.3968751320457458,-9.685930298252105
2026-09-11T19:05:46.213,0.9687972479999871,0.0,0.0,0.0,0.0,0.0,0.0,0.0,0.0,0.0,0.0,0.017057418823242188,139.734375,6.1406707763671875,0.0,0.0,0.0,1,1789167945.8264909,38.990286865,-76.94089759833334,-9.338999999999999,0,1,9.759376000000001,6.185169,49.815363999999995,1,1,1789167946.2055812,-0.8276276033437057,0.5607101567033109,-0.0011595443799704986,-0.025205670198049392,177.68233193511026,-1.729764070607016,-68.19957137484427,0.0012690288991250769,0.00084334309456366,0.0018828611970514828,0.30989014511108404,0.39471766901016236,-9.693971751384735
2026-09-11T19:05:46.246,1.0022068799999602,0.0,0.0,0.0,0.0,0.0,0.0,0.0,0.0,0.0,0.0,0.017057418823242188,139.734375,6.1406707763671875,0.0,0.0,0.0,1,1789167945.8264909,38.990286865,-76.94089759833334,-9.338999999999999,0,1,9.759376000000001,6.185169,49.815363999999995,1,1,1789167946.2375813,-0.8276424709180392,0.5606887993162212,-0.0011438215759221639,-0.025193299232518264,177.68245224963698,-1.7274172894024558,-68.19663797619289,0.0013313371534212745,0.0025727898503648413,4.60766922526503e-05,0.3061636180496216,0.3912853414535522,-9.693971751384735
2026-09-11T19:05:46.280,1.035615392000011,0.0,0.0,0.0,0.0,0.0,0.0,0.0,0.0,0.0,0.0,0.017057418823242188,139.734375,6.1406707763671875,0.0,0.0,0.0,1,1789167945.8264909,38.990286865,-76.94089759833334,-9.338999999999999,0,1,9.759376000000001,6.185169,49.815363999999995,1,1,1789167946.2775812,-0.8276429795211374,0.5606880156831419,-0.0011387896143680652,-0.025194258808086425,177.6820363479334,-1.7269993209453258,-68.19653309500768,0.0006658431096358368,-0.0003043854215478111,-0.0008892452538911109,0.30488875352859496,0.39108920845031736,-9.698188610954285
2026-09-11T19:05:46.313,1.0690191680000112,0.0,0.0,0.0,0.0,0.0,0.0,0.0,0.0,0.0,0.0,0.017057418823242188,139.734375,6.1406707763671875,0.0,0.0,0.0,1,1789167945.8264909,38.990286865,-76.94089759833334,-9.338999999999999,0,1,9.759376000000001,6.185169,49.815363999999995,1,1,1789167946.305581,-0.8276619927374773,0.5606594479791517,-0.0011107255713775864,-0.025206655038815286,177.67899751008844,-1.725053181149265,-68.1925932162235,0.0010665707058937347,0.0013137093279761319,-0.0006490879488166911,0.3071442830657959,0.39305053848266597,-9.693481418876647
2026-09-11T19:05:46.346,1.1024197119999712,0.0,0.0,0.0,0.0,0.0,0.0,0.0,0.0,0.0,0.0,0.017057418823242188,139.734375,6.1406707763671875,0.0,0.0,0.0,1,1789167945.8264909,38.990286865,-76.94089759833334,-9.338999999999999,0,1,9.759376000000001,6.185169,49.815363999999995,1,1,1789167946.3365812,-0.8276565594320394,0.5606685821701923,-0.0011776220981224478,-0.02517883640241138,177.68595397442246,-1.7296382992256583,-68.19382152519157,-0.0007550294344127469,0.00043057272646700114,-0.00035081117965086024,0.30341775600433346,0.3922660064697266,-9.688480027294158
2026-09-11T19:05:46.380,1.135823232000007,0.0,0.0,0.0,0.0,0.0,0.0,0.0,0.0,0.0,0.0,0.017057418823242188,139.734375,6.1406707763671875,0.0,0.0,0.0,1,1789167945.8264909,38.990286865,-76.94089759833334,-9.338999999999999,0,1,9.759376000000001,6.185169,49.815363999999995,1,1,1789167946.3775811,-0.8276418357630088,0.5606916951815847,-0.0012176954045538917,-0.025146209796695698,177.6916737431769,-1.7314081133587262,-68.19701228874911,0.0005330235535590682,0.0002069960492865275,0.0023134339235184836,0.30861528059005733,0.39677706554412845,-9.707602995109559
2026-09-11T19:05:46.413,1.1692326079999589,0.0,0.0,0.0,0.0,0.0,0.0,0.0,0.0,0.0,0.0,0.017057418823242188,139.734375,6.1406707763671875,0.0,0.0,0.0,1,1789167945.8264909,38.990286865,-76.94089759833334,-9.338999999999999,0,1,9.759376000000001,6.185169,49.815363999999995,1,1,1789167946.4055812,-0.8276639111923354,0.5606562853553868,-0.001101496935289665,-0.02521441067736338,177.6776618581262,-1.7246671134345923,-68.19215744931527,0.0010131636307827083,0.0015357152088298106,0.001542696525837788,0.2993970294380188,0.3949138020133972,-9.691716221847535
2026-09-11T19:05:46.447,1.2026399679999713,0.0,0.0,0.0,0.0,0.0,0.0,0.0,0.0,0.0,0.0,0.017057418823242188,139.734375,6.1406707763671875,0.0,0.0,0.0,1,1789167945.8264909,38.990286865,-76.94089759833334,-9.338999999999999,0,1,9.759376000000001,6.185169,49.815363999999995,1,1,1789167946.437581,-0.8276442191537402,0.5606877047464954,-0.0012209975011687484,-0.025156577919193082,177.69089298556608,-1.732376716748244,-68.19644903375489,-0.0011262609663119409,0.0010306169233026516,-0.001523846969916249,0.3073404160690308,0.39275633897781376,-9.696913746433257
2026-09-11T19:05:46.480,1.2360395839999683,0.0,0.0,0.0,0.0,0.0,0.0,0.0,0.0,0.0,0.0,0.017057418823242188,139.734375,6.1406707763671875,0.0,0.0,0.0,1,1789167945.8264909,38.990286865,-76.94089759833334,-9.338999999999999,0,1,9.759376000000001,6.185169,49.815363999999995,1,1,1789167946.477581,-0.8276630906229124,0.5606570745268296,-0.001133588807581386,-0.025222374590055663,177.6789681192453,-1.7282262557442658,-68.19223265046556,0.0021673498651265583,0.0009796533091444171,-8.691739674931761e-05,0.3039080885124207,0.3969731985473633,-9.694854349899293
2026-09-11T19:05:46.513,1.269439583999997,0.0,0.0,0.0,0.0,0.0,0.0,0.0,0.0,0.0,0.0,0.017057418823242188,139.734375,6.1406707763671875,0.0,0.0,0.0,1,1789167945.8264909,38.990286865,-76.94089759833334,-9.338999999999999,0,1,9.759376000000001,6.185169,49.815363999999995,1,1,1789167946.5055811,-0.8276581689902541,0.5606650713842544,-0.00118482314606272,-0.025203754234270844,177.6840430266592,-1.73191329913484,-68.19331001178651,7.888888219014368e-05,-0.0005276130328778859,0.0019324285478081217,0.3108708101272583,0.3964828660392761,-9.700444140491486
2026-09-11T19:05:46.547,1.30284291199996,0.0,0.0,0.0,0.0,0.0,0.0,0.0,0.0,0.0,0.0,0.017057418823242188,139.734375,6.1406707763671875,0.0,0.0,0.0,1,1789167945.8264909,38.990286865,-76.94089759833334,-9.338999999999999,0,1,9.759376000000001,6.185169,49.815363999999995,1,1,1789167946.5375812,-0.8276425487770915,0.5606905327044888,-0.0012827992514408287,-0.025145425337355826,177.69592680695905,-1.7375317711398277,-68.19679724795199,-0.0006923721142661505,0.0015207053772626593,0.00012356931104119854,0.30861528059005733,0.39481573551177973,-9.701130606002808
2026-09-11T19:05:46.580,1.3362586879999867,0.0,0.0,0.0,0.0,0.0,0.0,0.0,0.0,0.0,0.0,0.017057418823242188,139.734375,6.1406707763671875,0.0,0.0,0.0,1,1789167945.8264909,38.990286865,-76.94089759833334,-9.338999999999999,0,1,9.759376000000001,6.185169,49.815363999999995,1,1,1789167946.5775812,-0.8276484905200929,0.5606791763647928,-0.0012422996432280458,-0.025205039621191264,177.68764156692885,-1.7374890214413072,-68.19521269088371,0.0006330309196983432,-0.0003117158044061873,0.0017591173530850848,0.30989014511108404,0.3943254030036927,-9.701915138015746
2026-09-11T19:05:46.614,1.369668479999973,0.0,0.0,0.0,0.0,0.0,0.0,0.0,0.0,0.0,0.0,0.017057418823242188,139.734375,6.1406707763671875,0.0,0.0,0.0,1,1789167945.8264909,38.990286865,-76.94089759833334,-9.338999999999999,0,1,9.759376000000001,6.185169,49.815363999999995,1,1,1789167946.605581,-0.8276592302726264,0.5606627107090179,-0.0012176268003778223,-0.025219848332507164,177.6846164441686,-1.7360537113534777,-68.19294272913436,-0.0012039281180256886,0.001594707337547219,-0.0010562732633069682,0.3079288150787353,0.39403120349884035,-9.693383352375031
2026-09-11T19:05:46.647,1.403076895999959,0.0,0.0,0.0,0.0,0.0,0.0,0.0,0.0,0.0,0.0,0.017057418823242188,139.734375,6.1406707763671875,0.0,0.0,0.0,1,1789167945.8264909,38.990286865,-76.94089759833334,-9.338999999999999,0,1,9.759376000000001,6.185169,49.815363999999995,1,1,1789167946.637581,-0.8276676130563079,0.5606495588111651,-0.001194279404148943,-0.0252382289240907,177.68134426538353,-1.7349829011930409,-68.19112773370799,-0.0018893189152838618,-0.0013402383326064455,-0.0012700760966762737,0.30361388900756836,0.39344280448913577,-9.686714830265046
2026-09-11T19:05:46.680,1.436475680000001,0.0,0.0,0.0,0.0,0.0,0.0,0.0,0.0,0.0,0.0,0.017057418823242188,139.734375,6.1406707763671875,0.0,0.0,0.0,1,1789167945.8264909,38.990286865,-76.94089759833334,-9.338999999999999,0,1,9.759376000000001,6.185169,49.815363999999995,1,1,1789167946.677581,-0.8276584332142234,0.5606646188841377,-0.0012763048444650307,-0.025200676713637068,177.69020902821416,-1.7403945672827248,-68.19317230133153,-0.00022026055160168437,0.0017788395736326205,0.0012203342129944352,0.30812494808197016,0.3933447379875183,-9.698188610954285
2026-09-11T19:05:46.713,1.4698809919999576,0.0,0.0,0.0,0.0,0.0,0.0,0.0,0.0,0.0,0.0,0.017057418823242188,139.734375,6.1406707763671875,0.0,0.0,0.0,1,1789167945.8264909,38.990286865,-76.94089759833334,-9.338999999999999,0,1,9.759376000000001,6.185169,49.815363999999995,1,1,1789167946.7055812,-0.8276601920564525,0.5606613673254753,-0.0012599611249450385,-0.02521606971294768,177.6876910116103,-1.7398240412773127,-68.19272390014534,-0.0013995795271742528,0.0012051498485020845,0.0009960594041131638,0.30685008356094357,0.3964828660392761,-9.690637490329742
2026-09-11T19:05:46.747,1.5032823999999891,0.0,0.0,0.0,0.0,0.0,0.0,0.0,0.0,0.0,0.0,0.017057418823242188,139.734375,6.1406707763671875,0.0,0.0,0.0,1,1789167945.8264909,38.990286865,-76.94089759833334,-9.338999999999999,0,1,9.759376000000001,6.185169,49.815363999999995,1,1,1789167946.7375813,-0.8276589945443765,0.5606638510319428,-0.0013183682448688545,-0.025197158589689298,177.6932426801194,-1.7441575494155939,-68.19303366201656,-0.0015582299561805375,-0.0016524777357882312,-0.000158824961931484,0.30812494808197016,0.3974635310554504,-9.701915138015746
2026-09-11T19:05:46.781,1.53669167999999,0.0,0.0,0.0,0.0,0.0,0.0,0.0,0.0,0.0,0.0,0.017057418823242188,139.734375,6.1406707763671875,0.0,0.0,0.0,1,1789167945.8264909,38.990286865,-76.94089759833334,-9.338999999999999,0,1,9.759376000000001,6.185169,49.815363999999995,1,1,1789167946.7775812,-0.8276576393656603,0.5606674676754307,-0.001321768482758288,-0.02516099398196833,177.69690263184725,-1.7421658579379835,-68.1935597925664,-0.00022636920398366454,0.0031655036643421157,7.923794804054255e-05,0.3073404160690308,0.39403120349884035,-9.702699670028686
2026-09-11T19:05:46.814,1.5700920639999936,0.0,0.0,0.0,0.0,0.0,0.0,0.0,0.0,0.0,0.0,0.017057418823242188,139.734375,6.1406707763671875,0.0,0.0,0.0,1,1789167945.8264909,38.990286865,-76.94089759833334,-9.338999999999999,0,1,9.759376000000001,6.185169,49.815363999999995,1,1,1789167946.805581,-0.827671255878402,0.5606462036005893,-0.0012703289538854817,-0.025189538409120926,177.69084422654913,-1.7390602860658488,-68.19063683566006,-0.0009878563566287906,-0.0013135347950509323,-0.002146929512878225,0.30635975105285645,0.39324667148590087,-9.698384743957519
2026-09-11T19:05:46.846,1.6034943039999803,0.0,0.0,0.0,0.0,0.0,0.0,0.0,0.0,0.0,0.0,0.017057418823242188,139.734375,6.1406707763671875,0.0,0.0,0.0,1,1789167946.8355443,38.990286833333336,-76.94089772833334,-9.347999999999999,0,1,9.759376000000001,6.185169,49.815363999999995,1,1,1789167946.8375812,-0.8276867380576484,0.5606220444574068,-0.0011976009615668386,-0.025222067001416493,177.6830346032698,-1.7341823307128503,-68.18732881845892,-0.000810705437551366,-0.00026878070480712676,-0.0005572836301617894,0.30635975105285645,0.3945215360069275,-9.702405470523834
2026-09-11T19:05:46.881,1.6368959359999735,0.0,0.0,0.0,0.0,0.0,0.0,0.0,0.0,0.0,0.0,0.017057418823242188,139.734375,6.1406707763671875,0.0,0.0,0.0,1,1789167946.8355443,38.990286833333336,-76.94089772833334,-9.347999999999999,0,1,9.759376000000001,6.185169,49.815363999999995,1,1,1789167946.8765812,-0.8276760403175539,0.5606389398863683,-0.0012681099992162567,-0.025194111700433168,177.69025222035947,-1.7391233975349123,-68.18962964152597,-0.000714712328691678,0.001521752574813856,7.976154681614087e-05,0.3053790860366821,0.3974635310554504,-9.695442748908997
2026-09-11T19:05:46.915,1.6702982399999655,0.0,0.0,0.0,0.0,0.0,0.0,0.0,0.0,0.0,0.0,0.017057418823242188,139.734375,6.1406707763671875,0.0,0.0,0.0,1,1789167946.8355443,38.990286833333336,-76.94089772833334,-9.347999999999999,0,1,9.759376000000001,6.185169,49.815363999999995,1,1,1789167946.9055812,-0.8276850281331162,0.5606252864115143,-0.0012907372677626594,-0.025201516573329873,177.69097336429076,-1.7417082882438135,-68.18771491680286,0.00024294983187761067,-0.0021343631422638654,-0.0004098033083682686,0.30685008356094357,0.3942273365020752,-9.698678943462372
2026-09-11T19:05:46.948,1.7037117759999774,0.0,0.0,0.0,0.0,0.0,0.0,0.0,0.0,0.0,0.0,0.017057418823242188,139.734375,6.1406707763671875,0.0,0.0,0.0,1,1789167946.8355443,38.990286833333336,-76.94089772833334,-9.347999999999999,0,1,9.759376000000001,6.185169,49.815363999999995,1,1,1789167946.937581,-0.8276871524957761,0.5606219896872935,-0.0012378834760046252,-0.025207735261108054,177.68698203882644,-1.7370834865797629,-68.18729816582447,0.00043476151667178753,-0.001077566280181299,-0.0005708971983273452,0.3045945540237427,0.3942273365020752,-9.692206554355622
2026-09-11T19:05:46.985,1.7371320319999768,0.0,0.0,0.0,0.0,0.0,0.0,0.0,0.0,0.0,0.0,0.017057418823242188,139.734375,6.1406707763671875,0.0,0.0,0.0,1,1789167946.8355443,38.990286833333336,-76.94089772833334,-9.347999999999999,0,1,9.759376000000001,6.185169,49.815363999999995,1,1,1789167946.977581,-0.8277017104065166,0.5605990985323824,-0.0012003712817291196,-0.025240610602619035,177.68140354546782,-1.735572701472654,-68.18413578747003,-0.001111425667669989,0.00040421825476188674,-0.0010070549784007281,0.3024370909881592,0.3929524719810486,-9.691422022342682
2026-09-11T19:05:47.015,1.7705333119999977,0.0,0.0,0.0,0.0,0.0,0.0,0.0,0.0,0.0,0.0,0.017057418823242188,139.734375,6.1406707763671875,0.0,0.0,0.0,1,1789167946.8355443,38.990286833333336,-76.94089772833334,-9.347999999999999,0,1,9.759376000000001,6.185169,49.815363999999995,1,1,1789167947.0055811,-0.8277011222561769,0.5606018737756969,-0.0012560639888922942,-0.025195508296099223,177.68926828173502,-1.7379666817114963,-68.18450787024032,-0.0003085742117525975,-0.0020799088696016425,-0.0005611233545161769,0.3041042215156555,0.39471766901016236,-9.688970359802246
2026-09-11T19:05:47.048,1.8039370879999979,0.0,0.0,0.0,0.0,0.0,0.0,0.0,0.0,0.0,0.0,0.017057418823242188,139.734375,6.1406707763671875,0.0,0.0,0.0,1,1789167946.8355443,38.990286833333336,-76.94089772833334,-9.347999999999999,0,1,9.759376000000001,6.185169,49.815363999999995,1,1,1789167947.0375812,-0.8276964922467318,0.5606091117887627,-0.0012688102683399436,-0.025185921114252174,177.69101231050885,-1.7385802511111732,-68.18550653344266,0.00023352505391684129,-0.0016280431262603106,0.0007133160652900824,0.30910561309814455,0.3935408709907532,-9.69720794593811
2026-09-11T19:05:47.082,1.8373420159999796,0.0,0.0,0.0,0.0,0.0,0.0,0.0,0.0,0.0,0.0,0.017057418823242188,139.734375,6.1406707763671875,0.0,0.0,0.0,1,1789167946.8355443,38.990286833333336,-76.94089772833334,-9.347999999999999,0,1,9.759376000000001,6.185169,49.815363999999995,1,1,1789167947.0775812,-0.8277128971909093,0.5605840681076903,-0.0012095403087721101,-0.0252071303385577,177.68514007557064,-1.7342491203534818,-68.18207354820174,-0.00016493361431346414,-9.37241808320955e-05,0.00016598081186466074,0.3128321401596069,0.39530606801986695,-9.70064027349472
2026-09-11T19:05:47.115,1.8707511999999724,0.0,0.0,0.0,0.0,0.0,0.0,0.0,0.0,0.0,0.0,0.017057418823242188,139.734375,6.1406707763671875,0.0,0.0,0.0,1,1789167946.8355443,38.990286833333336,-76.94089772833334,-9.347999999999999,0,1,9.759376000000001,6.185169,49.815363999999995,1,1,1789167947.105581,-0.8277262759919812,0.5605636461062827,-0.0011676551153030571,-0.02522394255480821,177.68081151368781,-1.731297753659257,-68.17926954307649,-0.0004464552226601495,-0.002169095194378553,-0.0015250687003926452,0.3058694185447693,0.3976596640586853,-9.693677551879883
2026-09-11T19:05:47.148,1.9041567040000018,0.0,0.0,0.0,0.0,0.0,0.0,0.0,0.0,0.0,0.0,0.017057418823242188,139.734375,6.1406707763671875,0.0,0.0,0.0,1,1789167946.8355443,38.990286833333336,-76.94089772833334,-9.347999999999999,0,1,9.759376000000001,6.185169,49.815363999999995,1,1,1789167947.137581,-0.8277435786968091,0.5605363276504279,-0.0011329697934022106,-0.02526479150554605,177.67464832858155,-1.7305546197972728,-68.17548647945243,0.001690700446406907,0.00015271630954950385,-0.00022846359908605774,0.3066539505577087,0.3955022010231018,-9.693677551879883
2026-09-11T19:05:47.181,1.9375577280000016,0.0,0.0,0.0,0.0,0.0,0.0,0.0,0.0,0.0,0.0,0.017057418823242188,139.734375,6.1406707763671875,0.0,0.0,0.0,1,1789167946.8355443,38.990286833333336,-76.94089772833334,-9.347999999999999,0,1,9.759376000000001,6.185169,49.815363999999995,1,1,1789167947.177581,-0.827754727868085,0.5605206447257106,-0.001128107945622209,-0.025247667234208147,177.67592963771685,-1.7289488592084497,-68.17333330338938,-0.0006281439977927592,-0.001256462528510718,-0.0008119271680277621,0.29812216491699217,0.3939331369972229,-9.685636098747253
2026-09-11T19:05:47.214,1.9709578239999814,0.0,0.0,0.0,0.0,0.0,0.0,0.0,0.0,0.0,0.0,0.017057418823242188,139.734375,6.1406707763671875,0.0,0.0,0.0,1,1789167946.8355443,38.990286833333336,-76.94089772833334,-9.347999999999999,0,1,9.759376000000001,6.185169,49.815363999999995,1,1,1789167947.2055812,-0.827779222904544,0.5604818077998717,-0.0010739558622115744,-0.02530904723103536,177.66654303819186,-1.7276446142542146,-68.1679576449916,0.00019757127132575812,-0.0009587093581204852,0.00026284658535034606,0.30861528059005733,0.3945215360069275,-9.700444140491486
2026-09-11T19:05:47.248,2.004360255999984,0.0,0.0,0.0,0.0,0.0,0.0,0.0,0.0,0.0,0.0,0.017057418823242188,139.734375,6.1406707763671875,0.0,0.0,0.0,1,1789167946.8355443,38.990286833333336,-76.94089772833334,-9.347999999999999,0,1,9.759376000000001,6.185169,49.815363999999995,1,1,1789167947.2455812,-0.8277768789012088,0.5604874686001142,-0.0011323417209744887,-0.02525775328560323,177.67517432429847,-1.7299055725303205,-68.1687299031486,-0.0009133307975686327,-9.197885158010117e-05,0.0006052801845916336,0.30341775600433346,0.39373700399398803,-9.691225889339448
2026-09-11T19:05:47.282,2.0377632319999748,0.0,0.0,0.0,0.0,0.0,0.0,0.0,0.0,0.0,0.0,0.017057418823242188,139.734375,6.1406707763671875,0.0,0.0,0.0,1,1789167946.8355443,38.990286833333336,-76.94089772833334,-9.347999999999999,0,1,9.759376000000001,6.185169,49.815363999999995,1,1,1789167947.2775812,-0.8277827237379141,0.5604803981830514,-0.0011724603349618945,-0.02522123847813783,177.68120277623515,-1.7313468403360712,-68.16774504093854,-0.0013747958517959335,-0.0024083798348269753,-0.0010229374745938766,0.30488875352859496,0.39275633897781376,-9.695148549404145
2026-09-11T19:05:47.315,2.07117430400001,0.0,0.0,0.0,0.0,0.0,0.0,0.0,0.0,0.0,0.0,0.017057418823242188,139.734375,6.1406707763671875,0.0,0.0,0.0,1,1789167946.8355443,38.990286833333336,-76.94089772833334,-9.347999999999999,0,1,9.759376000000001,6.185169,49.815363999999995,1,1,1789167947.305581,-0.8277860300566601,0.5604760553675692,-0.0011887443120446482,-0.02520846464195327,177.6834521762798,-1.7320593023886655,-68.16713993830447,0.00059096848472528,0.0004820599394008338,-0.0005499532473034133,0.30361388900756836,0.3978557970619202,-9.692108487854004
2026-09-11T19:05:47.349,2.104582655999991,0.0,0.0,0.0,0.0,0.0,0.0,0.0,0.0,0.0,0.0,0.017057418823242188,139.734375,6.1406707763671875,0.0,0.0,0.0,1,1789167946.8355443,38.990286833333336,-76.94089772833334,-9.347999999999999,0,1,9.759376000000001,6.185169,49.815363999999995,1,1,1789167947.345581,-0.8277945669447447,0.5604631301093446,-0.0011564838484711653,-0.025217003587002487,177.68054326630926,-1.7295102018039383,-68.1653720892003,-0.0006527531402458793,-0.0024830799268123326,-0.002207492437922428,0.30488875352859496,0.39305053848266597,-9.693971751384735
2026-09-11T19:05:47.383,2.137983647999988,0.0,0.0,0.0,0.0,0.0,0.0,0.0,0.0,0.0,0.0,0.017057418823242188,139.734375,6.1406707763671875,0.0,0.0,0.0,1,1789167946.8355443,38.990286833333336,-76.94089772833334,-9.347999999999999,0,1,9.759376000000001,6.185169,49.815363999999995,1,1,1789167947.3775811,-0.8277720240678699,0.5605002711446271,-0.0012627788879353576,-0.02512623343959921,177.69606497745986,-1.7338691793902383,-68.17049289176471,-8.621926504851988e-05,-0.002302961948006518,0.0005733406592801372,0.3058694185447693,0.3986403290748596,-9.697894411449433
2026-09-11T19:05:47.415,2.1713861119999933,0.0,0.0,0.0,0.0,0.0,0.0,0.0,0.0,0.0,0.0,0.017057418823242188,139.734375,6.1406707763671875,0.0,0.0,0.0,1,1789167946.8355443,38.990286833333336,-76.94089772833334,-9.347999999999999,0,1,9.759376000000001,6.185169,49.815363999999995,1,1,1789167947.4055812,-0.8277776203609155,0.5604911423936585,-0.0012529035542884395,-0.02514598895560291,177.69353576168655,-1.7341759562625114,-68.16922229452862,0.0011484266478122688,0.0020395917638805737,0.00043301618741979316,0.301946758480072,0.3946196025085449,-9.686224497756958
2026-09-11T19:05:47.449,2.2047876799999813,0.0,0.0,0.0,0.0,0.0,0.0,0.0,0.0,0.0,0.0,0.017057418823242188,139.734375,6.1406707763671875,0.0,0.0,0.0,1,1789167946.8355443,38.990286833333336,-76.94089772833334,-9.347999999999999,0,1,9.759376000000001,6.185169,49.815363999999995,1,1,1789167947.4455812,-0.8277889811295626,0.5604728919337204,-0.0012126343306836328,-0.025180739582324883,177.68761221261767,-1.732536280002958,-68.16670329780753,-0.0003480186528476693,-0.0014877186543999664,-0.0015598007525073323,0.3053790860366821,0.3986403290748596,-9.694364017391205
2026-09-11T19:05:47.482,2.238196223999978,0.0,0.0,0.0,0.0,0.0,0.0,0.0,0.0,0.0,0.0,0.017057418823242188,139.734375,6.1406707763671875,0.0,0.0,0.0,1,1789167946.8355443,38.990286833333336,-76.94089772833334,-9.347999999999999,0,1,9.759376000000001,6.185169,49.815363999999995,1,1,1789167947.477581,-0.8278160264894778,0.5604305894365897,-0.001120068420850565,-0.025237396015860572,177.6762010764741,-1.7272732169141582,-68.16088407543475,0.0003066543495754037,-0.001190838148635731,0.0008066911802717791,0.3050848865318298,0.3945215360069275,-9.69642341392517
2026-09-11T19:05:47.515,2.2715965119999737,0.0,0.0,0.0,0.0,0.0,0.0,0.0,0.0,0.0,0.0,0.017057418823242188,139.734375,6.1406707763671875,0.0,0.0,0.0,1,1789167946.8355443,38.990286833333336,-76.94089772833334,-9.347999999999999,0,1,9.759376000000001,6.185169,49.815363999999995,1,1,1789167947.5055811,-0.8278353367887074,0.5603998207379781,-0.0010679190041778678,-0.025289437118485136,177.66784701350514,-1.7255808253690017,-68.15663102500403,-0.0006944665093685437,0.0014128440294894097,1.2566370614359173e-05,0.30812494808197016,0.3950118685150147,-9.700934472999572
2026-09-11T19:05:47.549,2.3049980159999564,0.0,0.0,0.0,0.0,0.0,0.0,0.0,0.0,0.0,0.0,0.017057418823242188,139.734375,6.1406707763671875,0.0,0.0,0.0,1,1789167946.8355443,38.990286833333336,-76.94089772833334,-9.347999999999999,0,1,9.759376000000001,6.185169,49.815363999999995,1,1,1789167947.545581,-0.8278340129858027,0.5604030900759878,-0.0011133396035602381,-0.02525834618563923,177.67372209364368,-1.7279033363425986,-68.15706777561293,5.916666164260777e-05,-0.0015892968168660364,0.0011081095420912,0.30635975105285645,0.3942273365020752,-9.697698278446198
2026-09-11T19:05:47.582,2.3384117759999867,0.0,0.0,0.0,0.0,0.0,0.0,0.0,0.0,0.0,0.0,0.017057418823242188,139.734375,6.1406707763671875,0.0,0.0,0.0,1,1789167946.8355443,38.990286833333336,-76.94089772833334,-9.347999999999999,0,1,9.759376000000001,6.185169,49.815363999999995,1,1,1789167947.5775812,-0.827848774542789,0.5603815109351269,-0.0010864758656312676,-0.025254470104522902,177.67232096922996,-1.7250441460614105,-68.15410781485895,0.0005864306286700947,-0.001207767842380076,-0.0007700392659798982,0.30214289148330686,0.3929524719810486,-9.689656825313568
2026-09-11T19:05:47.616,2.3718299519999846,0.0,0.0,0.0,0.0,0.0,0.0,0.0,0.0,0.0,0.0,0.017057418823242188,139.734375,6.1406707763671875,0.0,0.0,0.0,1,1789167946.8355443,38.990286833333336,-76.94089772833334,-9.347999999999999,0,1,9.759376000000001,6.185169,49.815363999999995,1,1,1789167947.605581,-0.8278374969957695,0.5604001383202231,-0.0011566028834601814,-0.025207653762783673,177.68130737210834,-1.7287443909403652,-68.1566611160757,0.00025080381351158515,0.0023012166187545233,0.0011826351011513577,0.3053790860366821,0.3945215360069275,-9.695442748908997
2026-09-11T19:05:47.650,2.4052403519999643,0.0,0.0,0.0,0.0,0.0,0.0,0.0,0.0,0.0,0.0,0.017057418823242188,139.734375,6.1406707763671875,0.0,0.0,0.0,1,1789167946.8355443,38.990286833333336,-76.94089772833334,-9.347999999999999,0,1,9.759376000000001,6.185169,49.815363999999995,1,1,1789167947.6455812,-0.8278259141148591,0.560419054841462,-0.001267502272625275,-0.025162120906021924,177.69278981156583,-1.736397030961087,-68.15922020522544,0.0010655235083425383,-0.002128079956956686,0.0009454448558053283,0.3071442830657959,0.39599253353118896,-9.692402687358856
2026-09-11T19:05:47.683,2.438685695999993,0.0,0.0,0.0,0.0,0.0,0.0,0.0,0.0,0.0,0.0,0.017057418823242188,139.734375,6.1406707763671875,0.0,0.0,0.0,1,1789167946.8355443,38.990286833333336,-76.94089772833334,-9.347999999999999,0,1,9.759376000000001,6.185169,49.815363999999995,1,1,1789167947.677581,-0.8278458030226877,0.560387031633081,-0.0011978262141001512,-0.025224321746008645,177.68234290552073,-1.7336908506426614,-68.15479880115625,0.0017198474449152124,0.0004488986836129416,0.0003663446099936098,0.30439842102050785,0.39471766901016236,-9.689656825313568
2026-09-11T19:05:47.716,2.472085151999977,0.0,0.0,0.0,0.0,0.0,0.0,0.0,0.0,0.0,0.0,0.017057418823242188,139.734375,6.1406707763671875,0.0,0.0,0.0,1,1789167946.8355443,38.990286833333336,-76.94089772833334,-9.347999999999999,0,1,9.759376000000001,6.185169,49.815363999999995,1,1,1789167947.7055812,-0.8278426024244564,0.5603923583390052,-0.0012450008596454748,-0.025208734581706114,177.68686241348672,-1.7371816252289451,-68.15550801618981,-0.0009217083779782055,0.0011405726661782945,-0.000537735942539453,0.30557521903991697,0.39373700399398803,-9.699463475475312
2026-09-11T19:05:47.749,2.505486719999965,0.0,0.0,0.0,0.0,0.0,0.0,0.0,0.0,0.0,0.0,0.017057418823242188,139.734375,6.1406707763671875,0.0,0.0,0.0,1,1789167946.8355443,38.990286833333336,-76.94089772833334,-9.347999999999999,0,1,9.759376000000001,6.185169,49.815363999999995,1,1,1789167947.7445812,-0.8278445925134659,0.5603899711266097,-0.0012613509851055456,-0.02519563257042084,177.68915122666107,-1.7378850167029376,-68.15517405940076,0.0011362093430483087,9.773843811168245e-06,-0.00040439278768708613,0.3031235564994812,0.39569833402633664,-9.690637490329742
2026-09-11T19:05:47.783,2.5388968639999803,0.0,0.0,0.0,0.0,0.0,0.0,0.0,0.0,0.0,0.0,0.017057418823242188,139.734375,6.1406707763671875,0.0,0.0,0.0,1,1789167946.8355443,38.990286833333336,-76.94089772833334,-9.347999999999999,0,1,9.759376000000001,6.185169,49.815363999999995,1,1,1789167947.7775812,-0.8278492115166292,0.560382105604818,-0.0012589185810046677,-0.025218918161017567,177.68676702130844,-1.7391280838351888,-68.15406934731406,0.0005532693728822024,0.0018322466487436472,0.0013288936924684826,0.30812494808197016,0.39481573551177973,-9.697894411449433
2026-09-11T19:05:47.816,2.5723069119999877,0.0,0.0,0.0,0.0,0.0,0.0,0.0,0.0,0.0,0.0,0.017057418823242188,139.734375,6.1406707763671875,0.0,0.0,0.0,1,1789167946.8355443,38.990286833333336,-76.94089772833334,-9.347999999999999,0,1,9.759376000000001,6.185169,49.815363999999995,1,1,1789167947.805581,-0.8278774174886662,0.56033750114972,-0.0011534964283730275,-0.025289046316023543,177.67324663782483,-1.733502429860684,-68.14793182735585,-0.0012032299863248908,0.00011571532940722404,-0.0008138470302049559,0.30783074857711795,0.3945215360069275,-9.696913746433257
2026-09-11T19:05:47.850,2.6057166399999687,0.0,0.0,0.0,0.0,0.0,0.0,0.0,0.0,0.0,0.0,0.017057418823242188,139.734375,6.1406707763671875,0.0,0.0,0.0,1,1789167947.834412,38.99028680666667,-76.94089791,-9.347999999999999,0,1,9.759376000000001,6.185169,49.801249000000006,1,1,1789167947.8445811,-0.8278740813508062,0.560345238594109,-0.0012052215085031574,-0.02522432265860753,177.6827299800002,-1.7342758282879214,-68.14900856652206,0.0003677408733952052,0.0003319616237293215,-0.0005953318078552658,0.3061636180496216,0.3935408709907532,-9.703680335044861
2026-09-11T19:05:47.883,2.6391168000000107,0.0,0.0,0.0,0.0,0.0,0.0,0.0,0.0,0.0,0.0,0.017057418823242188,139.734375,6.1406707763671875,0.0,0.0,0.0,1,1789167947.834412,38.99028680666667,-76.94089791,-9.347999999999999,0,1,9.759376000000001,6.185169,49.801249000000006,1,1,1789167947.8765812,-0.8278972135940509,0.5603082953933692,-0.0011455907867994944,-0.025288445154505828,177.67273526201805,-1.7326314053983598,-68.14389740045104,0.000688532389911763,0.0021476276445790226,0.000851371609122834,0.3060655515480042,0.3969731985473633,-9.697109879436493
2026-09-11T19:05:47.916,2.6725182079999854,0.0,0.0,0.0,0.0,0.0,0.0,0.0,0.0,0.0,0.0,0.017057418823242188,139.734375,6.1406707763671875,0.0,0.0,0.0,1,1789167947.834412,38.99028680666667,-76.94089791,-9.347999999999999,0,1,9.759376000000001,6.185169,49.801249000000006,1,1,1789167947.9055812,-0.8279066805323376,0.5602948627372407,-0.0011206359367283338,-0.025277248570200177,177.67216917897576,-1.7295059241695905,-68.14206894900822,-0.0014156365562926008,0.0004569271981721155,-0.00010838494654884787,0.3051829530334472,0.39324667148590087,-9.69642341392517
2026-09-11T19:05:47.951,2.7059313599999655,0.0,0.0,0.0,0.0,0.0,0.0,0.0,0.0,0.0,0.0,0.017057418823242188,139.734375,6.1406707763671875,0.0,0.0,0.0,1,1789167947.834412,38.99028680666667,-76.94089791,-9.347999999999999,0,1,9.759376000000001,6.185169,49.801249000000006,1,1,1789167947.9455812,-0.8279174665853335,0.5602801705493362,-0.0011348578296715766,-0.025248982352495515,177.6757360088006,-1.7289989993939767,-68.14004537583152,0.0011576768928478387,0.002561794276077277,0.0007246607054280456,0.30341775600433346,0.3949138020133972,-9.692402687358856
2026-09-11T19:05:47.983,2.739351488000011,0.0,0.0,0.0,0.0,0.0,0.0,0.0,0.0,0.0,0.0,0.017057418823242188,139.734375,6.1406707763671875,0.0,0.0,0.0,1,1789167947.834412,38.99028680666667,-76.94089791,-9.347999999999999,0,1,9.759376000000001,6.185169,49.801249000000006,1,1,1789167947.977581,-0.8279040267164685,0.5603008453252833,-0.0012493153753754729,-0.025225472949434353,177.68535753159293,-1.7384106203043395,-68.14282659772209,-4.1538836197465045e-05,0.0022846359908605773,-2.059488517353309e-05,0.3113611426353455,0.39481573551177973,-9.698875076465606
2026-09-11T19:05:48.017,2.7727632319999884,0.0,0.0,0.0,0.0,0.0,0.0,0.0,0.0,0.0,0.0,0.017057418823242188,139.734375,6.1406707763671875,0.0,0.0,0.0,1,1789167947.834412,38.99028680666667,-76.94089791,-9.347999999999999,0,1,9.759376000000001,6.185169,49.801249000000006,1,1,1789167948.0055811,-0.8278949393862951,0.5603163311929027,-0.0012767474957808874,-0.02517832903351789,177.6916283497068,-1.7380293927741695,-68.14498338100721,-0.001484227995895978,-0.0025994933879203543,-0.00017174039839624203,0.3045945540237427,0.3981499965667724,-9.699169275970458
2026-09-11T19:05:48.050,2.8061650559999975,0.0,0.0,0.0,0.0,0.0,0.0,0.0,0.0,0.0,0.0,0.017057418823242188,139.734375,6.1406707763671875,0.0,0.0,0.0,1,1789167947.834412,38.99028680666667,-76.94089791,-9.347999999999999,0,1,9.759376000000001,6.185169,49.801249000000006,1,1,1789167948.0448806,-0.8279021153222134,0.5603063891439553,-0.0012674191439661273,-0.02516408905922003,177.6923613685777,-1.7362016341123816,-68.14362648358518,0.0002548180707911721,0.001208116908230475,0.0008175122216341439,0.30910561309814455,0.3928544054794311,-9.700149940986634
2026-09-11T19:05:48.083,2.8395664639999723,0.0,0.0,0.0,0.0,0.0,0.0,0.0,0.0,0.0,0.0,0.017057418823242188,139.734375,6.1406707763671875,0.0,0.0,0.0,1,1789167947.834412,38.99028680666667,-76.94089791,-9.347999999999999,0,1,9.759376000000001,6.185169,49.801249000000006,1,1,1789167948.0768805,-0.8278962449179418,0.560315220050773,-0.0012937956459455875,-0.025159251241877047,177.69453215914714,-1.7384189785249802,-68.14483024484588,-0.00034208453339088857,0.0014583971229664616,-0.0003159045946109737,0.3003776944541931,0.3946196025085449,-9.683968968219757
2026-09-11T19:05:48.117,2.8729668799999786,0.0,0.0,0.0,0.0,0.0,0.0,0.0,0.0,0.0,0.0,0.017057418823242188,139.734375,6.1406707763671875,0.0,0.0,0.0,1,1789167947.834412,38.99028680666667,-76.94089791,-9.347999999999999,0,1,9.759376000000001,6.185169,49.801249000000006,1,1,1789167948.1048806,-0.8278985953400687,0.5603123684503525,-0.0012673697706208041,-0.025146756637032346,177.69401699055962,-1.7351003114225727,-68.14446752014045,-0.0009061749476354559,-0.002510656128993843,0.0005066690818539539,0.3066539505577087,0.39520800151824953,-9.690931689834594
2026-09-11T19:05:48.151,2.9063770879999993,0.0,0.0,0.0,0.0,0.0,0.0,0.0,0.0,0.0,0.0,0.017057418823242188,139.734375,6.1406707763671875,0.0,0.0,0.0,1,1789167947.834412,38.99028680666667,-76.94089791,-9.347999999999999,0,1,9.759376000000001,6.185169,49.801249000000006,1,1,1789167948.1448805,-0.827920178361209,0.5602792712713184,-0.0011996561937008608,-0.025176919411261958,177.6867372775272,-1.7305183590651136,-68.13992117786239,-0.0008295549934729049,0.0016873843208281179,-0.0015592771537317341,0.3039080885124207,0.39442346950531004,-9.69269688686371
2026-09-11T19:05:48.183,2.9397783679999634,0.0,0.0,0.0,0.0,0.0,0.0,0.0,0.0,0.0,0.0,0.017057418823242188,139.734375,6.1406707763671875,0.0,0.0,0.0,1,1789167947.834412,38.99028680666667,-76.94089791,-9.347999999999999,0,1,9.759376000000001,6.185169,49.801249000000006,1,1,1789167948.1768806,-0.8279197938882418,0.5602781965115592,-0.0012270748589250208,-0.025212133767223536,177.68514976971684,-1.7353795820725557,-68.13972162542771,-0.0004897393881096089,0.002017251549455046,-0.0006581636609270617,0.31106694313049316,0.39530606801986695,-9.700934472999572
2026-09-11T19:05:48.217,2.9731814079999594,0.0,0.0,0.0,0.0,0.0,0.0,0.0,0.0,0.0,0.0,0.017057418823242188,139.734375,6.1406707763671875,0.0,0.0,0.0,1,1789167947.834412,38.99028680666667,-76.94089791,-9.347999999999999,0,1,9.759376000000001,6.185169,49.801249000000006,1,1,1789167948.2048805,-0.8279446937551073,0.5602390305376989,-0.001135236886589531,-0.025269032077865735,177.67376999630233,-1.7302071881635057,-68.13433642093418,-0.0005599016240397809,-0.0013383184704292518,-4.71238898038469e-05,0.30282935699462893,0.3961886665344238,-9.695933081417083
2026-09-11T19:05:48.250,3.0065844160000097,0.0,0.0,0.0,0.0,0.0,0.0,0.0,0.0,0.0,0.0,0.017057418823242188,139.734375,6.1406707763671875,0.0,0.0,0.0,1,1789167947.834412,38.99028680666667,-76.94089791,-9.347999999999999,0,1,9.759376000000001,6.185169,49.801249000000006,1,1,1789167948.2448804,-0.8279564126711771,0.5602221016943104,-0.0011400873713744277,-0.025260160147373947,177.67488860946926,-1.7300502713453012,-68.13199652387026,-0.0020032889154390915,-0.00012880529879718153,-0.0012531464029319286,0.3066539505577087,0.39403120349884035,-9.697404078941345
2026-09-11T19:05:48.284,3.039994944,0.0,0.0,0.0,0.0,0.0,0.0,0.0,0.0,0.0,0.0,0.017057418823242188,139.734375,6.1406707763671875,0.0,0.0,0.0,1,1789167947.834412,38.99028680666667,-76.94089791,-9.347999999999999,0,1,9.759376000000001,6.185169,49.801249000000006,1,1,1789167948.2768805,-0.8279540242482295,0.5602270901225352,-0.0011968982244933751,-0.025225159239124873,177.68186909142023,-1.7332088949291715,-68.13266505801725,-0.001308996938995747,0.000614355896702004,-0.0014852751934471744,0.3039080885124207,0.3955022010231018,-9.693873684883117
2026-09-11T19:05:48.317,3.0734063680000077,0.0,0.0,0.0,0.0,0.0,0.0,0.0,0.0,0.0,0.0,0.017057418823242188,139.734375,6.1406707763671875,0.0,0.0,0.0,1,1789167947.834412,38.99028680666667,-76.94089791,-9.347999999999999,0,1,9.759376000000001,6.185169,49.801249000000006,1,1,1789167948.3048806,-0.8279633735451085,0.5602122926662191,-0.0011593493041353205,-0.025248665759845558,177.67719591835507,-1.7311129093207562,-68.13063143208431,0.0006342526501747393,-0.0028192303407464404,0.0005867796945204936,0.3071442830657959,0.38981434392929076,-9.694952416400909
2026-09-11T19:05:48.350,3.106808447999981,0.0,0.0,0.0,0.0,0.0,0.0,0.0,0.0,0.0,0.0,0.017057418823242188,139.734375,6.1406707763671875,0.0,0.0,0.0,1,1789167947.834412,38.99028680666667,-76.94089791,-9.347999999999999,0,1,9.759376000000001,6.185169,49.801249000000006,1,1,1789167948.3448806,-0.8279879164794393,0.5601740793214833,-0.0010782664222780262,-0.025295224092471275,177.6674910257351,-1.726298874660346,-68.12537830604684,-0.0018601719167755564,0.00031328660073298215,-0.0003282964323001334,0.30783074857711795,0.3945215360069275,-9.695638881912231
2026-09-11T19:05:48.384,3.1402086719999716,0.0,0.0,0.0,0.0,0.0,0.0,0.0,0.0,0.0,0.0,0.017057418823242188,139.734375,6.1406707763671875,0.0,0.0,0.0,1,1789167947.834412,38.99028680666667,-76.94089791,-9.347999999999999,0,1,9.759376000000001,6.185169,49.801249000000006,1,1,1789167948.3758805,-0.8279827465157539,0.5601835194138319,-0.0011208277881844496,-0.025253510536773785,177.67420395797586,-1.7276867556268043,-68.12667963761413,-0.0013388420692048502,-0.0018380062352752284,0.00016650441064025904,0.3039080885124207,0.3954041345214844,-9.688872293300628
2026-09-11T19:05:48.418,3.173619359999975,0.0,0.0,0.0,0.0,0.0,0.0,0.0,0.0,0.0,0.0,0.017057418823242188,139.734375,6.1406707763671875,0.0,0.0,0.0,1,1789167947.834412,38.99028680666667,-76.94089791,-9.347999999999999,0,1,9.759376000000001,6.185169,49.801249000000006,1,1,1789167948.4048805,-0.8279971283267544,0.5601613015816312,-0.0011057813144323481,-0.025275461236258772,177.6711070795232,-1.7276056494254615,-68.1236014068044,0.0009271188986593879,-0.0020025907837382937,-0.0008691739674931761,0.30557521903991697,0.3974635310554504,-9.693677551879883
2026-09-11T19:05:48.451,3.207030111999984,0.0,0.0,0.0,0.0,0.0,0.0,0.0,0.0,0.0,0.0,0.017057418823242188,139.734375,6.1406707763671875,0.0,0.0,0.0,1,1789167947.834412,38.99028680666667,-76.94089791,-9.347999999999999,0,1,9.759376000000001,6.185169,49.801249000000006,1,1,1789167948.4448805,-0.8279954230258223,0.5601646458868333,-0.0011400397473832872,-0.025255677701112478,177.67519136969085,-1.7295966019599958,-68.12404965433626,-0.002156354290838994,-0.0017505652397503126,-0.0003558726344816438,0.3031235564994812,0.39471766901016236,-9.695148549404145
2026-09-11T19:05:48.484,3.240438719999986,0.0,0.0,0.0,0.0,0.0,0.0,0.0,0.0,0.0,0.0,0.017057418823242188,139.734375,6.1406707763671875,0.0,0.0,0.0,1,1789167947.834412,38.99028680666667,-76.94089791,-9.347999999999999,0,1,9.759376000000001,6.185169,49.801249000000006,1,1,1789167948.4768806,-0.8279769130706575,0.5601968338013603,-0.0013024751291463273,-0.02514045304790263,177.69662628992464,-1.7377060722888407,-68.12845516396571,-0.0009164723902222225,-0.0012219050093212301,-0.0012486085468767436,0.3121456746482849,0.39305053848266597,-9.700444140491486
2026-09-11T19:05:48.518,3.273840287999974,0.0,0.0,0.0,0.0,0.0,0.0,0.0,0.0,0.0,0.0,0.017057418823242188,139.734375,6.1406707763671875,0.0,0.0,0.0,1,1789167947.834412,38.99028680666667,-76.94089791,-9.347999999999999,0,1,9.759376000000001,6.185169,49.801249000000006,1,1,1789167948.5048804,-0.8279862612933038,0.5601808340893777,-0.0012180450674660992,-0.02519326486741252,177.6861588396493,-1.7330385853416048,-68.12627115267516,0.0015325736161762207,0.0007044148861049114,0.002055474260073722,0.3003776944541931,0.3922660064697266,-9.69416788438797
2026-09-11T19:05:48.551,3.307250111999963,0.0,0.0,0.0,0.0,0.0,0.0,0.0,0.0,0.0,0.0,0.017057418823242188,139.734375,6.1406707763671875,0.0,0.0,0.0,1,1789167947.834412,38.99028680666667,-76.94089791,-9.347999999999999,0,1,9.759376000000001,6.185169,49.801249000000006,1,1,1789167948.5448806,-0.8279860437046294,0.5601831984942082,-0.0013353026386003935,-0.025141848023119962,177.6985714703985,-1.7408738404383943,-68.12654000250242,-0.001171464993938594,-0.0006511823439190844,-0.0009995500626171527,0.30783074857711795,0.3957964005279541,-9.699169275970458
2026-09-11T19:05:48.584,3.3406590399999914,0.0,0.0,0.0,0.0,0.0,0.0,0.0,0.0,0.0,0.0,0.017057418823242188,139.734375,6.1406707763671875,0.0,0.0,0.0,1,1789167947.834412,38.99028680666667,-76.94089791,-9.347999999999999,0,1,9.759376000000001,6.185169,49.801249000000006,1,1,1789167948.5768805,-0.8279929277498443,0.5601725336381583,-0.0012689384480699712,-0.025156191064278275,177.69292857484479,-1.7354656734405327,-68.12510844800056,-0.00027192229746071656,-0.002516415715525424,-0.0007641051465231175,0.30263322399139403,0.39589446702957154,-9.69416788438797
2026-09-11T19:05:48.618,3.3740614399999913,0.0,0.0,0.0,0.0,0.0,0.0,0.0,0.0,0.0,0.0,0.017057418823242188,139.734375,6.1406707763671875,0.0,0.0,0.0,1,1789167947.834412,38.99028680666667,-76.94089791,-9.347999999999999,0,1,9.759376000000001,6.185169,49.801249000000006,1,1,1789167948.6038806,-0.8279876399261528,0.5601803647553297,-0.0013289292979803294,-0.02515275370662763,177.69712063848138,-1.7409613128572508,-68.12614462590685,0.0002696533694331239,0.002033657644423793,0.0013540264336972007,0.3031235564994812,0.39510993501663205,-9.684459300727845
2026-09-11T19:05:48.651,3.407464319999974,0.0,0.0,0.0,0.0,0.0,0.0,0.0,0.0,0.0,0.0,0.017057418823242188,139.734375,6.1406707763671875,0.0,0.0,0.0,1,1789167947.834412,38.99028680666667,-76.94089791,-9.347999999999999,0,1,9.759376000000001,6.185169,49.801249000000006,1,1,1789167948.6448805,-0.8279727584945039,0.5602059625801316,-0.001449657137187012,-0.02506569717472212,177.71319043407885,-1.7469014944532797,-68.12965644167873,-9.459684545809267e-05,-0.0009759881177152291,-0.0008967501696746866,0.30361388900756836,0.3942273365020752,-9.700934472999572
2026-09-11T19:05:48.684,3.4408650880000096,0.0,0.0,0.0,0.0,0.0,0.0,0.0,0.0,0.0,0.0,0.017057418823242188,139.734375,6.1406707763671875,0.0,0.0,0.0,1,1789167947.834412,38.99028680666667,-76.94089791,-9.347999999999999,0,1,9.759376000000001,6.185169,49.801249000000006,1,1,1789167948.6758804,-0.8279614165819649,0.5602221886542453,-0.0014146592184610353,-0.025079687604295717,177.70965000749803,-1.744522741461055,-68.13191903764404,0.0006735225583446117,-0.00029426251188624395,0.0008400269689848708,0.3083210810852051,0.3943254030036927,-9.701915138015746
2026-09-11T19:05:48.718,3.4742675839999606,0.0,0.0,0.0,0.0,0.0,0.0,0.0,0.0,0.0,0.0,0.017057418823242188,139.734375,6.1406707763671875,0.0,0.0,0.0,1,1789167947.834412,38.99028680666667,-76.94089791,-9.347999999999999,0,1,9.759376000000001,6.185169,49.801249000000006,1,1,1789167948.7158806,-0.8279648422489808,0.5602163693823304,-0.0013872531435873262,-0.02509810758635311,177.70612950992341,-1.7430881711009087,-68.13112162226878,-0.0011084586079415986,-0.001369036265264352,0.0007852236304722489,0.3084191475868225,0.3943254030036927,-9.697698278446198
2026-09-11T19:05:48.753,3.5076769279999667,0.0,0.0,0.0,0.0,0.0,0.0,0.0,0.0,0.0,0.0,0.017057418823242188,139.734375,6.1406707763671875,0.0,0.0,0.0,1,1789167947.834412,38.99028680666667,-76.94089791,-9.347999999999999,0,1,9.759376000000001,6.185169,49.801249000000006,1,1,1789167948.7448804,-0.827981513089789,0.5601909449655397,-0.0013402500489847291,-0.02511817847626204,177.7011535824315,-1.7398449764262207,-68.12762636388605,0.0009379399400217528,-0.0014414674292221167,-0.0003143337982841788,0.3058694185447693,0.39403120349884035,-9.69416788438797
2026-09-11T19:05:48.785,3.5411014079999745,0.0,0.0,0.0,0.0,0.0,0.0,0.0,0.0,0.0,0.0,0.017057418823242188,139.734375,6.1406707763671875,0.0,0.0,0.0,1,1789167947.834412,38.99028680666667,-76.94089791,-9.347999999999999,0,1,9.759376000000001,6.185169,49.801249000000006,1,1,1789167948.7768805,-0.8279886211811812,0.5601801477350161,-0.0013015633532423734,-0.025126703144252836,177.6978389125698,-1.7366901397787433,-68.12615775086502,0.0010524335389525807,-0.0007075564787585012,-0.0019242255003237483,0.30439842102050785,0.3942273365020752,-9.692893019866943
2026-09-11T19:05:48.819,3.5745504639999695,0.0,0.0,0.0,0.0,0.0,0.0,0.0,0.0,0.0,0.0,0.017057418823242188,139.734375,6.1406707763671875,0.0,0.0,0.0,1,1789167947.834412,38.99028680666667,-76.94089791,-9.347999999999999,0,1,9.759376000000001,6.185169,49.801249000000006,1,1,1789167948.8168805,-0.8280131375980808,0.5601398288821484,-0.0011821980874491425,-0.025223371553806162,177.68091323681446,-1.7314544197850914,-68.12060444714608,-0.0021378538007678543,-0.0017332864801555686,-0.0012529718700067293,0.30910561309814455,0.39520800151824953,-9.688381960792542
2026-09-11T19:05:48.853,3.6080136960000004,0.0,0.0,0.0,0.0,0.0,0.0,0.0,0.0,0.0,0.0,0.017057418823242188,139.734375,6.1406707763671875,0.0,0.0,0.0,1,1789167948.8323028,38.99028671166667,-76.940898,-9.358,0,1,9.759376000000001,6.185169,49.801249000000006,1,1,1789167948.8448806,-0.8279976710703523,0.5601647600544789,-0.0013185577382298778,-0.025170611845401265,177.69472600394727,-1.7410801650434564,-68.12397998702937,0.0008845328649107263,-0.0008410741665360673,0.0005256931707006921,0.3095959456062317,0.39481573551177973,-9.703680335044861
2026-09-11T19:05:48.885,3.6414193279999836,0.0,0.0,0.0,0.0,0.0,0.0,0.0,0.0,0.0,0.0,0.017057418823242188,139.734375,6.1406707763671875,0.0,0.0,0.0,1,1789167948.8323028,38.99028671166667,-76.940898,-9.358,0,1,9.759376000000001,6.185169,49.801249000000006,1,1,1789167948.8768806,-0.8279993915244256,0.5601619045475633,-0.0012932867652435676,-0.025178874839243196,177.6923136904868,-1.739203969719224,-68.12359950087277,0.0019289378893041329,0.0016231562043547264,-0.0013252285010392944,0.30685008356094357,0.3974635310554504,-9.693383352375031
2026-09-11T19:05:48.919,3.6748291519999725,0.0,0.0,0.0,0.0,0.0,0.0,0.0,0.0,0.0,0.0,0.017057418823242188,139.734375,6.1406707763671875,0.0,0.0,0.0,1,1789167948.8323028,38.99028671166667,-76.940898,-9.358,0,1,9.759376000000001,6.185169,49.801249000000006,1,1,1789167948.9168806,-0.8280047081223866,0.5601545966837816,-0.0012966044214668972,-0.02516644508399533,177.69369195543663,-1.73870037403443,-68.12259525658706,-0.002156703356689393,-0.002492504704773102,-0.0029265680897440915,0.3058694185447693,0.39403120349884035,-9.695148549404145
2026-09-11T19:05:48.953,3.7082464000000073,0.0,0.0,0.0,0.0,0.0,0.0,0.0,0.0,0.0,0.0,0.017057418823242188,139.734375,6.1406707763671875,0.0,0.0,0.0,1,1789167948.8323028,38.99028671166667,-76.940898,-9.358,0,1,9.759376000000001,6.185169,49.801249000000006,1,1,1789167948.9448805,-0.8280129755717883,0.5601415097583387,-0.0013176012588196292,-0.025184623430278403,177.6932847459001,-1.7418243739863615,-68.12075264167913,0.0007967428035354115,-0.0005820673055401089,-0.0002804744107954888,0.3061636180496216,0.3955022010231018,-9.694462083892823
2026-09-11T19:05:48.986,3.7416608319999796,0.0,0.0,0.0,0.0,0.0,0.0,0.0,0.0,0.0,0.0,0.017057418823242188,139.734375,6.1406707763671875,0.0,0.0,0.0,1,1789167948.8323028,38.99028671166667,-76.940898,-9.358,0,1,9.759376000000001,6.185169,49.801249000000006,1,1,1789167948.9768806,-0.8280203915501985,0.560129465650342,-0.0012941629134546133,-0.025209879604466693,177.68935647657065,-1.7411876090635108,-68.11908591765565,0.0014643312424232424,0.002851169866057937,-0.0007820820378186591,0.30488875352859496,0.3935408709907532,-9.695442748908997
2026-09-11T19:05:49.019,3.775066623999976,0.0,0.0,0.0,0.0,0.0,0.0,0.0,0.0,0.0,0.0,0.017057418823242188,139.734375,6.1406707763671875,0.0,0.0,0.0,1,1789167948.8323028,38.99028671166667,-76.940898,-9.358,0,1,9.759376000000001,6.185169,49.801249000000006,1,1,1789167949.0168805,-0.8280331049597371,0.5601109208388996,-0.0012592304802848237,-0.02520610613193991,177.68743491632054,-1.737577476516269,-68.11655231364968,-0.0004429645641561608,-0.003283836987627331,-0.0019123572614101868,0.30989014511108404,0.3928544054794311,-9.70142480550766
2026-09-11T19:05:49.053,3.808472927999958,0.0,0.0,0.0,0.0,0.0,0.0,0.0,0.0,0.0,0.0,0.017057418823242188,139.734375,6.1406707763671875,0.0,0.0,0.0,1,1789167948.8323028,38.99028671166667,-76.940898,-9.358,0,1,9.759376000000001,6.185169,49.801249000000006,1,1,1789167949.0448806,-0.8280143923955129,0.5601408919556071,-0.0013303706245679835,-0.025151088625896555,177.69728833283725,-1.7408814586092252,-68.12068282483682,0.0009911724822075797,0.001417381885544595,0.001978854305911171,0.3074384825706482,0.3917756739616394,-9.697698278446198
2026-09-11T19:05:49.086,3.8418752640000093,0.0,0.0,0.0,0.0,0.0,0.0,0.0,0.0,0.0,0.0,0.017057418823242188,139.734375,6.1406707763671875,0.0,0.0,0.0,1,1789167948.8323028,38.99028671166667,-76.940898,-9.358,0,1,9.759376000000001,6.185169,49.801249000000006,1,1,1789167949.0768805,-0.8280218123902281,0.5601290530673788,-0.0013344711815439939,-0.02517024637362845,177.69570662546175,-1.7424679407137256,-68.11902626894322,0.0002181661564992912,-6.667157742618339e-05,0.0018945549030398446,0.3066539505577087,0.3955022010231018,-9.693187219371795
2026-09-11T19:05:49.120,3.8752911039999844,0.0,0.0,0.0,0.0,0.0,0.0,0.0,0.0,0.0,0.0,0.017057418823242188,139.734375,6.1406707763671875,0.0,0.0,0.0,1,1789167948.8323028,38.99028671166667,-76.940898,-9.358,0,1,9.759376000000001,6.185169,49.801249000000006,1,1,1789167949.1168804,-0.8280611892160477,0.5600675428550037,-0.0011920374814889984,-0.02525061189567675,177.67880550792424,-1.73393503583457,-68.11057292572173,0.00015899949485668344,-0.0027555258230486475,-0.002344151718353584,0.30861528059005733,0.3964828660392761,-9.70064027349472
2026-09-11T19:05:49.153,3.9087128639999946,0.0,0.0,0.0,0.0,0.0,0.0,0.0,0.0,0.0,0.0,0.017057418823242188,139.734375,6.1406707763671875,0.0,0.0,0.0,1,1789167948.8323028,38.99028671166667,-76.940898,-9.358,0,1,9.759376000000001,6.185169,49.801249000000006,1,1,1789167949.1448805,-0.8280508903226911,0.5600828991640081,-0.0012504501095106108,-0.025244909870349056,177.6831265432239,-1.739157137126766,-68.1126521882063,0.0015215780418886564,0.001500808623789924,0.0018476055461611972,0.30635975105285645,0.39520800151824953,-9.696619546928405
2026-09-11T19:05:49.186,3.9421194560000004,0.0,0.0,0.0,0.0,0.0,0.0,0.0,0.0,0.0,0.0,0.017057418823242188,139.734375,6.1406707763671875,0.0,0.0,0.0,1,1789167948.8323028,38.99028671166667,-76.940898,-9.358,0,1,9.759376000000001,6.185169,49.801249000000006,1,1,1789167949.1768806,-0.8280501838412557,0.5600838705754339,-0.0013211817090175596,-0.02524292852651741,177.6878542963145,-1.7457472778973702,-68.11272856163565,6.736970912698112e-05,0.003859970173710659,-0.000765501409924713,0.3093017461013794,0.39599253353118896,-9.701620938510894
2026-09-11T19:05:49.220,3.9755234239999595,0.0,0.0,0.0,0.0,0.0,0.0,0.0,0.0,0.0,0.0,0.017057418823242188,139.734375,6.1406707763671875,0.0,0.0,0.0,1,1789167948.8323028,38.99028671166667,-76.940898,-9.358,0,1,9.759376000000001,6.185169,49.801249000000006,1,1,1789167949.2168806,-0.8280460289152252,0.5600929215841102,-0.0013282590381126329,-0.025177945051767764,177.69450074707453,-1.7422720031035177,-68.11402602443138,5.4977871437821384e-05,-0.0010730284241261137,-0.0016643459747017926,0.3051829530334472,0.39442346950531004,-9.689166492805482
2026-09-11T19:05:49.253,4.008929152000007,0.0,0.0,0.0,0.0,0.0,0.0,0.0,0.0,0.0,0.0,0.017057418823242188,139.734375,6.1406707763671875,0.0,0.0,0.0,1,1789167948.8323028,38.99028671166667,-76.940898,-9.358,0,1,9.759376000000001,6.185169,49.801249000000006,1,1,1789167949.2448804,-0.8280481338985842,0.5600891974341005,-0.0013383904220108116,-0.02519102172949534,177.69390058793712,-1.7440630281455562,-68.11349205188256,0.0007075564787585012,0.00016702800941585734,0.001984264826592353,0.3095959456062317,0.3935408709907532,-9.69642341392517
2026-09-11T19:05:49.286,4.042330784000001,0.0,0.0,0.0,0.0,0.0,0.0,0.0,0.0,0.0,0.0,0.017057418823242188,139.734375,6.1406707763671875,0.0,0.0,0.0,1,1789167948.8323028,38.99028671166667,-76.940898,-9.358,0,1,9.759376000000001,6.185169,49.801249000000006,1,1,1789167949.2768805,-0.8280582063200255,0.5600746400926199,-0.001329744742361005,-0.025184047532208678,177.693977873075,-1.7427539664258827,-68.11149052057,0.0003717551306747922,0.0021425661897482387,-0.0009208357133522083,0.3018486919784546,0.3976596640586853,-9.69416788438797
2026-09-11T19:05:49.320,4.075737919999995,0.0,0.0,0.0,0.0,0.0,0.0,0.0,0.0,0.0,0.0,0.017057418823242188,139.734375,6.1406707763671875,0.0,0.0,0.0,1,1789167948.8323028,38.99028671166667,-76.940898,-9.358,0,1,9.759376000000001,6.185169,49.801249000000006,1,1,1789167949.3168805,-0.8280461025197945,0.5600948639792896,-0.0013798709999776075,-0.025129492669419478,177.70241875958547,-1.744065979978274,-68.11429018471688,0.00137584304934713,-0.00014451326206513048,-0.0005602506898901797,0.30763461557388305,0.39569833402633664,-9.69720794593811
2026-09-11T19:05:49.353,4.109157247999974,0.0,0.0,0.0,0.0,0.0,0.0,0.0,0.0,0.0,0.0,0.017057418823242188,139.734375,6.1406707763671875,0.0,0.0,0.0,1,1789167948.8323028,38.99028671166667,-76.940898,-9.358,0,1,9.759376000000001,6.185169,49.801249000000006,1,1,1789167949.3448806,-0.828062920273782,0.5600681533511961,-0.001255418077720891,-0.0251771244364299,177.68985393462893,-1.7352353996239462,-68.11066075845842,-0.00011397000015522972,0.00015603243512829306,0.0008696975662687744,0.30233902448654176,0.39569833402633664,-9.695638881912231
2026-09-11T19:05:49.386,4.142557727999986,0.0,0.0,0.0,0.0,0.0,0.0,0.0,0.0,0.0,0.0,0.017057418823242188,139.734375,6.1406707763671875,0.0,0.0,0.0,1,1789167948.8323028,38.99028671166667,-76.940898,-9.358,0,1,9.759376000000001,6.185169,49.801249000000006,1,1,1789167949.3768806,-0.8280773988883671,0.560045828674632,-0.0012478880188890522,-0.02519789693432894,177.68735071777039,-1.7357919035100593,-68.10756206883941,-0.0012901473830742084,0.0003700098014227979,-0.0013791591749259193,0.3071442830657959,0.39471766901016236,-9.687401295776368
2026-09-11T19:05:49.420,4.175962111999979,0.0,0.0,0.0,0.0,0.0,0.0,0.0,0.0,0.0,0.0,0.017057418823242188,139.734375,6.1406707763671875,0.0,0.0,0.0,1,1789167948.8323028,38.99028671166667,-76.940898,-9.358,0,1,9.759376000000001,6.185169,49.801249000000006,1,1,1789167949.4168806,-0.8280721702420857,0.5600528316621572,-0.001217050421825568,-0.025215578637666405,177.6837074505588,-1.734019146464873,-68.10854341380133,0.0010962413031776386,-3.3859387488689995e-05,0.0007332128187628179,0.3050848865318298,0.39736546455383304,-9.686616763763427
2026-09-11T19:05:49.453,4.209380383999985,0.0,0.0,0.0,0.0,0.0,0.0,0.0,0.0,0.0,0.0,0.017057418823242188,139.734375,6.1406707763671875,0.0,0.0,0.0,1,1789167948.8323028,38.99028671166667,-76.940898,-9.358,0,1,9.759376000000001,6.185169,49.801249000000006,1,1,1789167949.4448805,-0.828072733160448,0.560053465917588,-0.0012821823617002058,-0.02517975214877671,177.69129039603055,-1.7379039689632183,-68.10860399179928,-0.0007038912873293131,0.002414313954283756,-0.0005646140130201655,0.30694815006256104,0.39275633897781376,-9.690147157821656
2026-09-11T19:05:49.487,4.24278729599996,0.0,0.0,0.0,0.0,0.0,0.0,0.0,0.0,0.0,0.0,0.017057418823242188,139.734375,6.1406707763671875,0.0,0.0,0.0,1,1789167948.8323028,38.99028671166667,-76.940898,-9.358,0,1,9.759376000000001,6.185169,49.801249000000006,1,1,1789167949.4758806,-0.82806152756897,0.5600705848161184,-0.001300000301552975,-0.02516657670583821,177.69372098804882,-1.7387972608262137,-68.1109679375185,-0.0013243558364132973,0.0006536258048718764,-0.0001059414855960558,0.3093998126029968,0.3950118685150147,-9.693873684883117
2026-09-11T19:05:49.521,4.276203199999998,0.0,0.0,0.0,0.0,0.0,0.0,0.0,0.0,0.0,0.0,0.017057418823242188,139.734375,6.1406707763671875,0.0,0.0,0.0,1,1789167948.8323028,38.99028671166667,-76.940898,-9.358,0,1,9.759376000000001,6.185169,49.801249000000006,1,1,1789167949.5168805,-0.8280449896357027,0.5600981917811761,-0.0013611649957944877,-0.025092985723505056,177.70469380997946,-1.7399554231420034,-68.1147946308186,0.00077562431958628,0.0005583308277129859,0.0010484192816729938,0.2971414999008179,0.3949138020133972,-9.689166492805482
2026-09-11T19:05:49.553,4.309607008,0.0,0.0,0.0,0.0,0.0,0.0,0.0,0.0,0.0,0.0,0.017057418823242188,139.734375,6.1406707763671875,0.0,0.0,0.0,1,1789167948.8323028,38.99028671166667,-76.940898,-9.358,0,1,9.759376000000001,6.185169,49.801249000000006,1,1,1789167949.5448806,-0.8280499297194598,0.5600908830758081,-0.0013769773018434074,-0.025092240244129087,177.70576367063353,-1.7413883837295567,-68.11377097705942,-0.0015515977050229591,0.00073565627971561,-0.0018989182261698304,0.30910561309814455,0.3933447379875183,-9.704170667552948
2026-09-11T19:05:49.587,4.343011167999975,0.0,0.0,0.0,0.0,0.0,0.0,0.0,0.0,0.0,0.0,0.017057418823242188,139.734375,6.1406707763671875,0.0,0.0,0.0,1,1789167948.8323028,38.99028671166667,-76.940898,-9.358,0,1,9.759376000000001,6.185169,49.801249000000006,1,1,1789167949.5768805,-0.8280626869947741,0.5600710605494642,-0.0012969961086723375,-0.02511794862418593,177.6981489415718,-1.7353912535280986,-68.11107431394274,-0.0010581931254841621,-0.0006199409503083859,-0.0004302236606166022,0.30341775600433346,0.3936389374923706,-9.684655433731079
2026-09-11T19:05:49.621,4.3764315519999855,0.0,0.0,0.0,0.0,0.0,0.0,0.0,0.0,0.0,0.0,0.017057418823242188,139.734375,6.1406707763671875,0.0,0.0,0.0,1,1789167948.8323028,38.99028671166667,-76.940898,-9.358,0,1,9.759376000000001,6.185169,49.801249000000006,1,1,1789167949.6168804,-0.8280828597227897,0.5600373570294259,-0.001247594426362805,-0.025206738642063766,177.6864741484031,-1.7363080218181555,-68.10638328756708,0.0005892231554732857,0.002992716068394677,0.0004691445029360758,0.30783074857711795,0.3955022010231018,-9.692402687358856
2026-09-11T19:05:49.654,4.409851679999974,0.0,0.0,0.0,0.0,0.0,0.0,0.0,0.0,0.0,0.0,0.017057418823242188,139.734375,6.1406707763671875,0.0,0.0,0.0,1,1789167948.8323028,38.99028671166667,-76.940898,-9.358,0,1,9.759376000000001,6.185169,49.801249000000006,1,1,1789167949.6448805,-0.8280857325030574,0.5600331931271826,-0.0012065517329514716,-0.025206873141317206,177.68381996026204,-1.7324086420455072,-68.10584204668166,-0.0007255333700540428,-0.0005380850083898517,-0.000342259066316088,0.3050848865318298,0.39373700399398803,-9.696717613430023
2026-09-11T19:05:49.687,4.443248863999997,0.0,0.0,0.0,0.0,0.0,0.0,0.0,0.0,0.0,0.0,0.017057418823242188,139.734375,6.1406707763671875,0.0,0.0,0.0,1,1789167948.8323028,38.99028671166667,-76.940898,-9.358,0,1,9.759376000000001,6.185169,49.801249000000006,1,1,1789167949.6768806,-0.828107615954438,0.559997629507374,-0.0011486624219876097,-0.02528066294659251,177.67302205657418,-1.7315503593821264,-68.10091404229205,-0.0011920598791121271,-0.002251823800923084,-0.00014573499254152652,0.30812494808197016,0.3955022010231018,-9.695933081417083
2026-09-11T19:05:49.720,4.476654015999998,0.0,0.0,0.0,0.0,0.0,0.0,0.0,0.0,0.0,0.0,0.017057418823242188,139.734375,6.1406707763671875,0.0,0.0,0.0,1,1789167948.8323028,38.99028671166667,-76.940898,-9.358,0,1,9.759376000000001,6.185169,49.801249000000006,1,1,1789167949.7168806,-0.8281054037225883,0.5600012501944083,-0.001195494057771977,-0.025270751870617822,177.67697506876505,-1.7353703335764943,-68.10138219043878,0.0005555383009097951,0.002718524842906368,-0.0012416272298687659,0.310576610622406,0.39530606801986695,-9.7022093375206
2026-09-11T19:05:49.754,4.510058047999962,0.0,0.0,0.0,0.0,0.0,0.0,0.0,0.0,0.0,0.0,0.017057418823242188,139.734375,6.1406707763671875,0.0,0.0,0.0,1,1789167948.8323028,38.99028671166667,-76.940898,-9.358,0,1,9.759376000000001,6.185169,49.801249000000006,1,1,1789167949.7448804,-0.8280949646041837,0.560018424119578,-0.0012520953910879905,-0.02522947682675844,177.68456294915634,-1.7381422030206766,-68.10374219209885,-0.0002722713633111154,-3.560471674068433e-05,0.0006485643500410928,0.3053790860366821,0.3955022010231018,-9.694462083892823
2026-09-11T19:05:49.787,4.543466911999985,0.0,0.0,0.0,0.0,0.0,0.0,0.0,0.0,0.0,0.0,0.017057418823242188,139.734375,6.1406707763671875,0.0,0.0,0.0,1,1789167948.8323028,38.99028671166667,-76.940898,-9.358,0,1,9.759376000000001,6.185169,49.801249000000006,1,1,1789167949.7768805,-0.828098766341082,0.5600135117150571,-0.0012566015435977952,-0.025213504982616087,177.68635908341662,-1.737530909757889,-68.10307122131933,-0.000670380965691022,-0.002386039620401448,-0.0015275121613454372,0.30685008356094357,0.3942273365020752,-9.691716221847535
2026-09-11T19:05:49.822,4.576886335999973,0.0,0.0,0.0,0.0,0.0,0.0,0.0,0.0,0.0,0.0,0.017057418823242188,139.734375,6.1406707763671875,0.0,0.0,0.0,1,1789167948.8323028,38.99028671166667,-76.940898,-9.358,0,1,9.759376000000001,6.185169,49.801249000000006,1,1,1789167949.8168805,-0.8281190079173848,0.5599803008450164,-0.0011692624302956157,-0.025290397719692978,177.67338222339907,-1.7340823342828395,-68.09849111520559,-0.00017278759594743865,0.0009712757287348443,-0.0002790781473938933,0.30263322399139403,0.39520800151824953,-9.690931689834594
2026-09-11T19:05:49.854,4.610293695999985,0.0,0.0,0.0,0.0,0.0,0.0,0.0,0.0,0.0,0.0,0.017057418823242188,139.734375,6.1406707763671875,0.0,0.0,0.0,1,1789167949.8371906,38.990286641666664,-76.94089811,-9.370000000000001,0,1,9.759376000000001,6.185169,49.787136000000004,1,1,1789167949.8448806,-0.8280990978343372,0.5600136519619247,-0.0012887048243459458,-0.025197877333236116,177.68990327389903,-1.7395758153946652,-68.10307577862079,-0.0007234389749516497,-0.002189166480776488,0.0008169886228585456,0.30861528059005733,0.39481573551177973,-9.69720794593811
2026-09-11T19:05:49.887,4.643694431999961,0.0,0.0,0.0,0.0,0.0,0.0,0.0,0.0,0.0,0.0,0.017057418823242188,139.734375,6.1406707763671875,0.0,0.0,0.0,1,1789167949.8371906,38.990286641666664,-76.94089811,-9.370000000000001,0,1,9.759376000000001,6.185169,49.787136000000004,1,1,1789167949.8768806,-0.8280931730546517,0.560023995471064,-0.0013073706632397888,-0.02516171732718774,177.69455763768144,-1.7390552819769491,-68.10451954983736,-0.0003710569989739945,-0.0020732766184440644,0.0002707005669843205,0.30341775600433346,0.3921679399681091,-9.685243832740785
2026-09-11T19:05:49.921,4.677098720000004,0.0,0.0,0.0,0.0,0.0,0.0,0.0,0.0,0.0,0.0,0.017057418823242188,139.734375,6.1406707763671875,0.0,0.0,0.0,1,1789167949.8371906,38.990286641666664,-76.94089811,-9.370000000000001,0,1,9.759376000000001,6.185169,49.787136000000004,1,1,1789167949.9158804,-0.8281195779146371,0.5599832302281627,-0.001257482683164515,-0.025202485492854733,177.68739902693918,-1.7368225927460808,-68.09888957198444,-0.0002176425577236929,0.001140398133253095,-0.0010208430794914833,0.3073404160690308,0.3920698734664917,-9.698482810459137
2026-09-11T19:05:49.955,4.71051571199996,0.0,0.0,0.0,0.0,0.0,0.0,0.0,0.0,0.0,0.0,0.017057418823242188,139.734375,6.1406707763671875,0.0,0.0,0.0,1,1789167949.8371906,38.990286641666664,-76.94089811,-9.370000000000001,0,1,9.759376000000001,6.185169,49.787136000000004,1,1,1789167949.9448805,-0.828129744551194,0.5599665590144097,-0.0012017652229940404,-0.025241527994248288,177.68008114418055,-1.7339924688172559,-68.09660008524995,0.0006263986685407649,-1.954768762233649e-05,-0.0007976154681614085,0.3071442830657959,0.3981499965667724,-9.691422022342682
2026-09-11T19:05:49.988,4.7439235520000125,0.0,0.0,0.0,0.0,0.0,0.0,0.0,0.0,0.0,0.0,0.017057418823242188,139.734375,6.1406707763671875,0.0,0.0,0.0,1,1789167949.8371906,38.990286641666664,-76.94089811,-9.370000000000001,0,1,9.759376000000001,6.185169,49.787136000000004,1,1,1789167949.9768806,-0.8281261499053509,0.5599729216219526,-0.001245894283900813,-0.025216158322554735,177.6853351324824,-1.7365713177902866,-68.0974624992501,0.0008066911802717791,-0.0014449580877261056,-5.148721293383272e-05,0.3050848865318298,0.39667899904251097,-9.697698278446198
2026-09-11T19:05:50.022,4.777334431999975,0.0,0.0,0.0,0.0,0.0,0.0,0.0,0.0,0.0,0.0,0.017057418823242188,139.734375,6.1406707763671875,0.0,0.0,0.0,1,1789167949.8371906,38.990286641666664,-76.94089811,-9.370000000000001,0,1,9.759376000000001,6.185169,49.787136000000004,1,1,1789167950.0158806,-0.8281335199319074,0.5599613324405096,-0.0012695614619713566,-0.025230290333894262,177.685486111328,-1.7396930720818806,-68.09582801739909,-0.000822748209390127,-0.0008712683625955693,-0.0012438961578963587,0.30861528059005733,0.39403120349884035,-9.697698278446198
2026-09-11T19:05:50.055,4.810744639999996,0.0,0.0,0.0,0.0,0.0,0.0,0.0,0.0,0.0,0.0,0.017057418823242188,139.734375,6.1406707763671875,0.0,0.0,0.0,1,1789167949.8371906,38.990286641666664,-76.94089811,-9.370000000000001,0,1,9.759376000000001,6.185169,49.787136000000004,1,1,1789167950.0448806,-0.8281463236404487,0.5599408349598208,-0.0011984619173956582,-0.025268392792988655,177.6772630166239,-1.7353312467184567,-68.09302306712827,0.000965865208053662,-0.0009028588220566666,-0.0008761552845011534,0.3053790860366821,0.39599253353118896,-9.69112782283783
2026-09-11T19:05:50.088,4.844148959999984,0.0,0.0,0.0,0.0,0.0,0.0,0.0,0.0,0.0,0.0,0.017057418823242188,139.734375,6.1406707763671875,0.0,0.0,0.0,1,1789167949.8371906,38.990286641666664,-76.94089811,-9.370000000000001,0,1,9.759376000000001,6.185169,49.787136000000004,1,1,1789167950.0848806,-0.8281414987708191,0.559950770312573,-0.0013008616588833183,-0.025201202330877356,177.69023503515805,-1.7407680684555367,-68.09436321458568,-0.0016851153928005252,0.0002939134460358451,-0.0005914920835008783,0.30989014511108404,0.3950118685150147,-9.701620938510894
2026-09-11T19:05:50.123,4.877565984,0.0,0.0,0.0,0.0,0.0,0.0,0.0,0.0,0.0,0.0,0.017057418823242188,139.734375,6.1406707763671875,0.0,0.0,0.0,1,1789167949.8371906,38.990286641666664,-76.94089811,-9.370000000000001,0,1,9.759376000000001,6.185169,49.787136000000004,1,1,1789167950.1168804,-0.8281601253893934,0.5599222208918111,-0.0012107519228061528,-0.025227908085834975,177.68185874894004,-1.7338472934203153,-68.09046900143726,-0.0017395696654627481,-0.0017205455766160101,-0.001056622329157367,0.3046926205253601,0.39079500894546504,-9.691912354850768
2026-09-11T19:05:50.155,4.91099081599998,0.0,0.0,0.0,0.0,0.0,0.0,0.0,0.0,0.0,0.0,0.017057418823242188,139.734375,6.1406707763671875,0.0,0.0,0.0,1,1789167949.8371906,38.990286641666664,-76.94089811,-9.370000000000001,0,1,9.759376000000001,6.185169,49.787136000000004,1,1,1789167950.1438806,-0.8281614490965866,0.5599211870093912,-0.0012324992450269848,-0.025206338763231903,177.68530063028336,-1.7345246900414342,-68.09032425202938,0.0009197885158010117,0.0001806415775814131,1.4311699866353502e-05,0.3084191475868225,0.39373700399398803,-9.696717613430023
2026-09-11T19:05:50.187,4.944391456000005,0.0,0.0,0.0,0.0,0.0,0.0,0.0,0.0,0.0,0.0,0.017057418823242188,139.734375,6.1406707763671875,0.0,0.0,0.0,1,1789167949.8371906,38.990286641666664,-76.94089811,-9.370000000000001,0,1,9.759376000000001,6.185169,49.787136000000004,1,1,1789167950.1768806,-0.8281483202718009,0.5599428122178364,-0.0013075594273736198,-0.025153468248328877,177.6951831018886,-1.7383177405452919,-68.09329404740151,0.000642979296434711,-0.0005359906132874587,-0.0002794272132442922,0.3045945540237427,0.39736546455383304,-9.689852958316804
2026-09-11T19:05:50.220,4.977798367999981,0.0,0.0,0.0,0.0,0.0,0.0,0.0,0.0,0.0,0.0,0.017057418823242188,139.734375,6.1406707763671875,0.0,0.0,0.0,1,1789167949.8371906,38.990286641666664,-76.94089811,-9.370000000000001,0,1,9.759376000000001,6.185169,49.787136000000004,1,1,1789167950.2168806,-0.8281564577059225,0.559929696548757,-0.0011935750354149345,-0.025183166231241404,177.6850237599285,-1.7293654858653718,-68.09155285802727,-0.0003907792195215304,-0.0021547834945121994,0.0010794861423584928,0.29988736194610593,0.3956002675247193,-9.684459300727845
2026-09-11T19:05:50.255,5.0112067199999615,0.0,0.0,0.0,0.0,0.0,0.0,0.0,0.0,0.0,0.0,0.017057418823242188,139.734375,6.1406707763671875,0.0,0.0,0.0,1,1789167949.8371906,38.990286641666664,-76.94089811,-9.370000000000001,0,1,9.759376000000001,6.185169,49.787136000000004,1,1,1789167950.2448804,-0.8281702051889462,0.5599074674864433,-0.0011752380970837103,-0.025226135368527452,177.67971878873365,-1.7303203822466569,-68.08845989598011,0.0014402456987457207,0.001008625774727523,6.824237375297829e-05,0.30341775600433346,0.39569833402633664,-9.69112782283783
2026-09-11T19:05:50.289,5.044616927999982,0.0,0.0,0.0,0.0,0.0,0.0,0.0,0.0,0.0,0.0,0.017057418823242188,139.734375,6.1406707763671875,0.0,0.0,0.0,1,1789167949.8371906,38.990286641666664,-76.94089811,-9.370000000000001,0,1,9.759376000000001,6.185169,49.787136000000004,1,1,1789167950.2848806,-0.8281838163376004,0.5598855972279452,-0.0011353789206543794,-0.02526648546793795,177.67328318155714,-1.7290644604784078,-68.08543748039726,-0.0009290387608365816,-0.0007949974742834171,-0.0005642649471697667,0.3073404160690308,0.3933447379875183,-9.699463475475312
2026-09-11T19:05:50.321,5.0780349759999694,0.0,0.0,0.0,0.0,0.0,0.0,0.0,0.0,0.0,0.0,0.017057418823242188,139.734375,6.1406707763671875,0.0,0.0,0.0,1,1789167949.8371906,38.990286641666664,-76.94089811,-9.370000000000001,0,1,9.759376000000001,6.185169,49.787136000000004,1,1,1789167950.3168805,-0.8281799316997609,0.5598951501594576,-0.0012119077780831766,-0.02517842007027935,177.68657827451298,-1.7307049254764348,-68.08676162547964,-6.318091892219473e-05,-0.0015528194354993549,-0.0018020524526841451,0.3050848865318298,0.3942273365020752,-9.695442748908997
2026-09-11T19:05:50.354,5.111445855999989,0.0,0.0,0.0,0.0,0.0,0.0,0.0,0.0,0.0,0.0,0.017057418823242188,139.734375,6.1406707763671875,0.0,0.0,0.0,1,1789167949.8371906,38.990286641666664,-76.94089811,-9.370000000000001,0,1,9.759376000000001,6.185169,49.787136000000004,1,1,1789167950.3448806,-0.8281788870648744,0.5598962160978275,-0.0012440863693385948,-0.025187506197055183,177.68778078665395,-1.7343463034124504,-68.08687458402517,0.000723962573727248,0.0014803882715415904,0.001192408944962526,0.3093998126029968,0.3950118685150147,-9.693383352375031
2026-09-11T19:05:50.387,5.144845183999962,0.0,0.0,0.0,0.0,0.0,0.0,0.0,0.0,0.0,0.0,0.017057418823242188,139.734375,6.1406707763671875,0.0,0.0,0.0,1,1789167949.8371906,38.990286641666664,-76.94089811,-9.370000000000001,0,1,9.759376000000001,6.185169,49.787136000000004,1,1,1789167950.3768806,-0.8281922065031556,0.5598752055852316,-0.0012042940167826738,-0.02521850380673518,177.6822398002404,-1.732498980653694,-68.08397773065388,-0.0001916371518689774,0.0007674212721019068,0.0011627383476786224,0.30488875352859496,0.3954041345214844,-9.688872293300628
2026-09-11T19:05:50.421,5.178253471999994,0.0,0.0,0.0,0.0,0.0,0.0,0.0,0.0,0.0,0.0,0.017057418823242188,139.734375,6.1406707763671875,0.0,0.0,0.0,1,1789167949.8371906,38.990286641666664,-76.94089811,-9.370000000000001,0,1,9.759376000000001,6.185169,49.787136000000004,1,1,1789167950.4168806,-0.8281953085480974,0.5598714094780536,-0.0012047274010742817,-0.02520088053756252,177.68393414177964,-1.7313984179213784,-68.08346597236444,0.00034138640169009086,-0.0028099800957108708,-0.0008133234314293576,0.3073404160690308,0.3942273365020752,-9.694952416400909
2026-09-11T19:05:50.456,5.211677312000006,0.0,0.0,0.0,0.0,0.0,0.0,0.0,0.0,0.0,0.0,0.017057418823242188,139.734375,6.1406707763671875,0.0,0.0,0.0,1,1789167949.8371906,38.990286641666664,-76.94089811,-9.370000000000001,0,1,9.759376000000001,6.185169,49.787136000000004,1,1,1789167950.4448805,-0.8281952519675561,0.55987036861428,-0.0011879537798986804,-0.025226647258865927,177.68040809183125,-1.7314566445832,-68.08331627829976,-0.00031223940318178555,0.0016325809823154959,0.0008902924514423075,0.30685008356094357,0.3962867330360413,-9.698384743957519
2026-09-11T19:05:50.488,5.245086783999966,0.0,0.0,0.0,0.0,0.0,0.0,0.0,0.0,0.0,0.0,0.017057418823242188,139.734375,6.1406707763671875,0.0,0.0,0.0,1,1789167949.8371906,38.990286641666664,-76.94089811,-9.370000000000001,0,1,9.759376000000001,6.185169,49.787136000000004,1,1,1789167950.4848804,-0.8281887391645874,0.5598818532724723,-0.0012849488086211897,-0.02518077845722563,177.69101037499763,-1.7377541665548848,-68.08485835561352,0.00020280725908174108,-0.0020345303090497898,0.00013875367553354922,0.30567328554153445,0.39275633897781376,-9.689656825313568
2026-09-11T19:05:50.521,5.2785057279999705,0.0,0.0,0.0,0.0,0.0,0.0,0.0,0.0,0.0,0.0,0.017057418823242188,139.734375,6.1406707763671875,0.0,0.0,0.0,1,1789167949.8371906,38.990286641666664,-76.94089811,-9.370000000000001,0,1,9.759376000000001,6.185169,49.787136000000004,1,1,1789167950.5168805,-0.8281859677225393,0.5598872412616567,-0.0013228336981484243,-0.02515015011684252,177.6963613083312,-1.7394003937929126,-68.08559602014434,0.0008979719001510826,-0.001036027443983834,-0.0007682939367279038,0.3053790860366821,0.39471766901016236,-9.693383352375031
2026-09-11T19:05:50.554,5.311911775999988,0.0,0.0,0.0,0.0,0.0,0.0,0.0,0.0,0.0,0.0,0.017057418823242188,139.734375,6.1406707763671875,0.0,0.0,0.0,1,1789167949.8371906,38.990286641666664,-76.94089811,-9.370000000000001,0,1,9.759376000000001,6.185169,49.787136000000004,1,1,1789167950.5448806,-0.8281662481139219,0.5599178256163042,-0.0014145959378281665,-0.025113601102844788,177.7057830122584,-1.7458517952384303,-68.08978026268838,0.0005009094953223725,0.0029705503868943488,0.0005347688828110626,0.30989014511108404,0.3962867330360413,-9.69642341392517
2026-09-11T19:05:50.588,5.345315359999972,0.0,0.0,0.0,0.0,0.0,0.0,0.0,0.0,0.0,0.0,0.017057418823242188,139.734375,6.1406707763671875,0.0,0.0,0.0,1,1789167949.8371906,38.990286641666664,-76.94089811,-9.370000000000001,0,1,9.759376000000001,6.185169,49.787136000000004,1,1,1789167950.5768805,-0.828171466857823,0.5599099251767325,-0.001405872243345865,-0.02511813477117337,177.70477614848036,-1.7452926389188201,-68.0886908295374,-0.0006997024971245267,0.001249306678577541,-0.0006243042734383718,0.3061636180496216,0.39305053848266597,-9.693187219371795
2026-09-11T19:05:50.623,5.378731007999988,0.0,0.0,0.0,0.0,0.0,0.0,0.0,0.0,0.0,0.0,0.017057418823242188,139.734375,6.1406707763671875,0.0,0.0,0.0,1,1789167949.8371906,38.990286641666664,-76.94089811,-9.370000000000001,0,1,9.759376000000001,6.185169,49.787136000000004,1,1,1789167950.6168804,-0.8281904361630659,0.559878751057641,-0.0013160119412496403,-0.02519233365009108,177.6918979471937,-1.7414365171292594,-68.08439408183318,0.0016945401707612944,-0.0009398598021989465,-0.0006155776271784001,0.30910561309814455,0.39403120349884035,-9.695638881912231
2026-09-11T19:05:50.656,5.412149983999996,0.0,0.0,0.0,0.0,0.0,0.0,0.0,0.0,0.0,0.0,0.017057418823242188,139.734375,6.1406707763671875,0.0,0.0,0.0,1,1789167949.8371906,38.990286641666664,-76.94089811,-9.370000000000001,0,1,9.759376000000001,6.185169,49.787136000000004,1,1,1789167950.6448805,-0.8281941590171825,0.559873002581788,-0.0012699770462845008,-0.025200061670105724,177.6881995169011,-1.7375455966419187,-68.08363147577441,-0.0007847000316966506,0.000975115453089232,0.0010793116094332934,0.30361388900756836,0.39344280448913577,-9.685439965744019
2026-09-11T19:05:50.688,5.445550335999997,0.0,0.0,0.0,0.0,0.0,0.0,0.0,0.0,0.0,0.0,0.017057418823242188,139.734375,6.1406707763671875,0.0,0.0,0.0,1,1789167949.8371906,38.990286641666664,-76.94089811,-9.370000000000001,0,1,9.759376000000001,6.185169,49.787136000000004,1,1,1789167950.6768806,-0.8282030757025252,0.5598600678221181,-0.001265271809720958,-0.025194621297773327,177.68838759586257,-1.736713580768642,-68.08185034635363,-0.0015433946575385854,-0.0003309144261781249,-0.0013664182713863605,0.30439842102050785,0.3922660064697266,-9.690931689834594
2026-09-11T19:05:50.721,5.478958463999959,0.0,0.0,0.0,0.0,0.0,0.0,0.0,0.0,0.0,0.0,0.017057418823242188,139.734375,6.1406707763671875,0.0,0.0,0.0,1,1789167949.8371906,38.990286641666664,-76.94089811,-9.370000000000001,0,1,9.759376000000001,6.185169,49.787136000000004,1,1,1789167950.7168806,-0.8281695964440547,0.5599140469781104,-0.0014251030990139134,-0.025086821310061964,177.70899330366814,-1.745120037326979,-68.08927003770651,0.0015976743972756092,0.0023256512282824444,0.0012458160200735525,0.30331968950271604,0.3976596640586853,-9.691422022342682
2026-09-11T19:05:50.756,5.51236924799997,0.0,0.0,0.0,0.0,0.0,0.0,0.0,0.0,0.0,0.0,0.017057418823242188,139.734375,6.1406707763671875,0.0,0.0,0.0,1,1789167949.8371906,38.990286641666664,-76.94089811,-9.370000000000001,0,1,9.759376000000001,6.185169,49.787136000000004,1,1,1789167950.7448804,-0.8281546660241812,0.5599394758009996,-0.0014933187618433926,-0.025008050326927232,177.72090590706134,-1.7466107390038972,-68.09279518979258,-0.0006332054526235428,0.0013885839528866887,-0.001038470904936626,0.3058694185447693,0.3922660064697266,-9.696913746433257
2026-09-11T19:05:50.789,5.54577164799997,0.0,0.0,0.0,0.0,0.0,0.0,0.0,0.0,0.0,0.0,0.017057418823242188,139.734375,6.1406707763671875,0.0,0.0,0.0,1,1789167949.8371906,38.990286641666664,-76.94089811,-9.370000000000001,0,1,9.759376000000001,6.185169,49.787136000000004,1,1,1789167950.7848806,-0.8281683533364278,0.5599150359575054,-0.0013853136465396363,-0.025108005632388984,177.7044308464242,-1.742704714433706,-68.08942265025938,0.0014393730341197236,0.0009180431865490173,0.00019826940302655584,0.30763461557388305,0.3974635310554504,-9.69112782283783
2026-09-11T19:05:50.823,5.579189407999991,0.0,0.0,0.0,0.0,0.0,0.0,0.0,0.0,0.0,0.0,0.017057418823242188,139.734375,6.1406707763671875,0.0,0.0,0.0,1,1789167949.8371906,38.990286641666664,-76.94089811,-9.370000000000001,0,1,9.759376000000001,6.185169,49.787136000000004,1,1,1789167950.8168805,-0.828168448421773,0.5599131259466312,-0.001416246919333661,-0.02514570889851073,177.70282834622964,-1.7480564103180953,-68.08910346353493,0.001035678378133435,0.003386462347644598,0.0002766346864411012,0.30910561309814455,0.39236407297134396,-9.700149940986634
2026-09-11T19:05:50.855,5.612593599999968,0.0,0.0,0.0,0.0,0.0,0.0,0.0,0.0,0.0,0.0,0.017057418823242188,139.734375,6.1406707763671875,0.0,0.0,0.0,1,1789167950.8447335,38.99028663666667,-76.94089823166667,-9.354,0,1,9.765625,6.185169,49.787136000000004,1,1,1789167950.8448806,-0.828163138994141,0.5599224875024189,-0.001446297967719818,-0.025110384757374496,177.70813156204986,-1.7486681869746348,-68.09040202186685,-0.001506393677396306,0.0002813470754214859,-6.684611035138282e-05,0.3060655515480042,0.3986403290748596,-9.690637490329742
2026-09-11T19:05:50.889,5.645995551999988,0.0,0.0,0.0,0.0,0.0,0.0,0.0,0.0,0.0,0.0,0.017057418823242188,139.734375,6.1406707763671875,0.0,0.0,0.0,1,1789167950.8447335,38.99028663666667,-76.94089823166667,-9.354,0,1,9.765625,6.185169,49.787136000000004,1,1,1789167950.8848805,-0.8281688393189277,0.559913268430641,-0.0014268245840348892,-0.025129058638625097,177.7050889933548,-1.7479923842696539,-68.08912768227668,0.0011276572297135364,0.0011716395268637934,-0.001307775208519351,0.3066539505577087,0.3950118685150147,-9.694658216896057
2026-09-11T19:05:50.922,5.679399423999996,0.0,0.0,0.0,0.0,0.0,0.0,0.0,0.0,0.0,0.0,0.017057418823242188,139.734375,6.1406707763671875,0.0,0.0,0.0,1,1789167950.8447335,38.99028663666667,-76.94089823166667,-9.354,0,1,9.765625,6.185169,49.787136000000004,1,1,1789167950.9168806,-0.8281766927574206,0.5598997864792409,-0.001392079170960162,-0.02517254038557595,177.6987009687611,-1.7474469607728815,-68.08725667720383,0.0003389429407372988,0.0023246040307312475,0.0010515608743265836,0.3103804776191711,0.3964828660392761,-9.691422022342682
2026-09-11T19:05:50.955,5.712802688000011,0.0,0.0,0.0,0.0,0.0,0.0,0.0,0.0,0.0,0.0,0.017057418823242188,139.734375,6.1406707763671875,0.0,0.0,0.0,1,1789167950.8447335,38.99028663666667,-76.94089823166667,-9.354,0,1,9.765625,6.185169,49.787136000000004,1,1,1789167950.9448805,-0.8281880294915315,0.5598835884079385,-0.0013589329174515134,-0.0251616481914466,177.6975761253939,-1.743555727896973,-68.08505169650412,4.939281783143953e-05,-0.0013999285930246519,-0.0018221237390820802,0.30341775600433346,0.3925602059745789,-9.695442748908997
2026-09-11T19:05:50.990,5.746216127999958,0.0,0.0,0.0,0.0,0.0,0.0,0.0,0.0,0.0,0.0,0.017057418823242188,139.734375,6.1406707763671875,0.0,0.0,0.0,1,1789167950.8447335,38.99028663666667,-76.94089823166667,-9.354,0,1,9.765625,6.185169,49.787136000000004,1,1,1789167950.9838805,-0.828218523617261,0.559835656784778,-0.0012277734456060327,-0.025231074134232874,177.6824682546319,-1.735424438677862,-68.07847676736698,0.0002488839513343914,0.0024994860217810795,4.7298422729046334e-05,0.3093017461013794,0.3950118685150147,-9.703680335044861
2026-09-11T19:05:51.023,5.779633151999974,0.0,0.0,0.0,0.0,0.0,0.0,0.0,0.0,0.0,0.0,0.017057418823242188,139.734375,6.1406707763671875,0.0,0.0,0.0,1,1789167950.8447335,38.99028663666667,-76.94089823166667,-9.354,0,1,9.765625,6.185169,49.787136000000004,1,1,1789167951.0168805,-0.8282384154161807,0.5598053084455643,-0.0011948067209461206,-0.025253045399717233,177.67820318134986,-1.7336192556905963,-68.07428970406811,-0.0003352777493081107,0.0018268361280624648,-2.6354471705114377e-05,0.30292742349624635,0.3961886665344238,-9.688185827789306
2026-09-11T19:05:51.055,5.8130401280000115,0.0,0.0,0.0,0.0,0.0,0.0,0.0,0.0,0.0,0.0,0.017057418823242188,139.734375,6.1406707763671875,0.0,0.0,0.0,1,1789167950.8447335,38.99028663666667,-76.94089823166667,-9.354,0,1,9.765625,6.185169,49.787136000000004,1,1,1789167951.0448806,-0.8282359630589852,0.5598096176804893,-0.0012138754250421622,-0.025237035377242107,177.6809561504625,-1.7344145086347518,-68.07488193720384,-0.000734085483388815,-0.0024209462054413347,-0.000827635131295711,0.30488875352859496,0.3969731985473633,-9.697894411449433
2026-09-11T19:05:51.089,5.846439744000008,0.0,0.0,0.0,0.0,0.0,0.0,0.0,0.0,0.0,0.0,0.017057418823242188,139.734375,6.1406707763671875,0.0,0.0,0.0,1,1789167950.8447335,38.99028663666667,-76.94089823166667,-9.354,0,1,9.765625,6.185169,49.787136000000004,1,1,1789167951.0848806,-0.8282259477695648,0.5598266784699739,-0.0012852653896090688,-0.025183677399475263,177.69063951466188,-1.7378164840332628,-68.07722312417859,-0.001189965484009734,0.0019050268785518107,0.0010709340290237207,0.29890669692993166,0.3949138020133972,-9.688381960792542
2026-09-11T19:05:51.124,5.879850751999982,0.0,0.0,0.0,0.0,0.0,0.0,0.0,0.0,0.0,0.0,0.017057418823242188,139.734375,6.1406707763671875,0.0,0.0,0.0,1,1789167950.8447335,38.99028663666667,-76.94089823166667,-9.354,0,1,9.765625,6.185169,49.787136000000004,1,1,1789167951.1158805,-0.828227828371861,0.5598226154460997,-0.0013334521085325932,-0.025209630124091754,177.6912547518717,-1.7440461043219375,-68.07660032304213,-0.0011442378576074824,0.0012948597720545932,-0.001520181778487061,0.3126360071563721,0.3956002675247193,-9.700934472999572
2026-09-11T19:05:51.157,5.913272159999963,0.0,0.0,0.0,0.0,0.0,0.0,0.0,0.0,0.0,0.0,0.017057418823242188,139.734375,6.1406707763671875,0.0,0.0,0.0,1,1789167950.8447335,38.99028663666667,-76.94089823166667,-9.354,0,1,9.765625,6.185169,49.787136000000004,1,1,1789167951.1448805,-0.8282274451660077,0.5598238579407211,-0.0013346635775178745,-0.025194559477989223,177.69276705514764,-1.7431974217373616,-68.07678304132342,0.00038728856101754173,-0.0014857987922227726,8.011061266653974e-05,0.3016525589752197,0.3917756739616394,-9.69269688686371
2026-09-11T19:05:51.189,5.946681823999995,0.0,0.0,0.0,0.0,0.0,0.0,0.0,0.0,0.0,0.0,0.017057418823242188,139.734375,6.1406707763671875,0.0,0.0,0.0,1,1789167950.8447335,38.99028663666667,-76.94089823166667,-9.354,0,1,9.765625,6.185169,49.787136000000004,1,1,1789167951.1848805,-0.8282223978686567,0.5598334146708517,-0.0013709948455921455,-0.025146130115783368,177.69971850196796,-1.7435656643950983,-68.07811302586039,-0.0004246386070102204,0.00019250981649497455,0.0003455751918948773,0.30763461557388305,0.39324667148590087,-9.694952416400909
2026-09-11T19:05:51.224,5.980100192000009,0.0,0.0,0.0,0.0,0.0,0.0,0.0,0.0,0.0,0.0,0.017057418823242188,139.734375,6.1406707763671875,0.0,0.0,0.0,1,1789167950.8447335,38.99028663666667,-76.94089823166667,-9.354,0,1,9.765625,6.185169,49.787136000000004,1,1,1789167951.2168806,-0.8282169176558177,0.5598430307430804,-0.0014029615461502996,-0.02511075339369852,177.70514997427446,-1.744357199178336,-68.07944485482811,-0.0013618804153311755,-0.0012665854381722849,-0.002036101105376585,0.3058694185447693,0.39442346950531004,-9.689656825313568
2026-09-11T19:05:51.256,6.01350223999998,0.0,0.0,0.0,0.0,0.0,0.0,0.0,0.0,0.0,0.0,0.017057418823242188,139.734375,6.1406707763671875,0.0,0.0,0.0,1,1789167950.8447335,38.99028663666667,-76.94089823166667,-9.354,0,1,9.765625,6.185169,49.787136000000004,1,1,1789167951.2448804,-0.828228199047768,0.5598246125936177,-0.0013481430717725493,-0.025152255301561146,177.6976526844182,-1.7417645018643486,-68.0769094740102,0.0009115854683166383,-0.0006766641509982016,0.0010969394348784361,0.3061636180496216,0.39275633897781376,-9.699169275970458
2026-09-11T19:05:51.290,6.04690463999998,0.0,0.0,0.0,0.0,0.0,0.0,0.0,0.0,0.0,0.0,0.017057418823242188,139.734375,6.1406707763671875,0.0,0.0,0.0,1,1789167950.8447335,38.99028663666667,-76.94089823166667,-9.354,0,1,9.765625,6.185169,49.787136000000004,1,1,1789167951.2848806,-0.828255773803528,0.5597801287660611,-0.001240090127927114,-0.025239706342304036,177.6823214075365,-1.7369925654234453,-68.07077824204403,-0.0010426596951414126,0.0007447319918259804,-0.001593485607070823,0.30812494808197016,0.3962867330360413,-9.698678943462372
2026-09-11T19:05:51.324,6.080329567999968,0.0,0.0,0.0,0.0,0.0,0.0,0.0,0.0,0.0,0.0,0.017057418823242188,139.734375,6.1406707763671875,0.0,0.0,0.0,1,1789167950.8447335,38.99028663666667,-76.94089823166667,-9.354,0,1,9.765625,6.185169,49.787136000000004,1,1,1789167951.3158805,-0.8282549282731749,0.5597814628044947,-0.0012515860684970323,-0.025237298270040592,177.6832901002444,-1.7379333589104073,-68.07095487373877,-0.0007600908892435305,-1.7453292519943296e-05,5.8817595792208906e-05,0.3031235564994812,0.39844419607162473,-9.697894411449433
2026-09-11T19:05:51.357,6.1137683519999655,0.0,0.0,0.0,0.0,0.0,0.0,0.0,0.0,0.0,0.0,0.017057418823242188,139.734375,6.1406707763671875,0.0,0.0,0.0,1,1789167950.8447335,38.99028663666667,-76.94089823166667,-9.354,0,1,9.765625,6.185169,49.787136000000004,1,1,1789167951.3448806,-0.8282424654135583,0.5598023871833263,-0.0013594561169822349,-0.025176530114092117,177.6960247259947,-1.7443347486879242,-68.07380652672244,0.0009154251926710258,-0.0017926276747233759,0.0007752752537358812,0.3113611426353455,0.39403120349884035,-9.695933081417083
2026-09-11T19:05:51.390,6.147169120000001,0.0,0.0,0.0,0.0,0.0,0.0,0.0,0.0,0.0,0.0,0.017057418823242188,139.734375,6.1406707763671875,0.0,0.0,0.0,1,1789167950.8447335,38.99028663666667,-76.94089823166667,-9.354,0,1,9.765625,6.185169,49.787136000000004,1,1,1789167951.3848805,-0.8282199799573954,0.5598389899653623,-0.001458580530270397,-0.02509666624815626,177.71004646594022,-1.7487229942605091,-68.0788518301091,-0.0019601792829148316,-0.0002665117767795341,-0.0009925687456091752,0.3006718939590454,0.39510993501663205,-9.685636098747253
2026-09-11T19:05:51.424,6.180573855999967,0.0,0.0,0.0,0.0,0.0,0.0,0.0,0.0,0.0,0.0,0.017057418823242188,139.734375,6.1406707763671875,0.0,0.0,0.0,1,1789167950.8447335,38.99028663666667,-76.94089823166667,-9.354,0,1,9.765625,6.185169,49.787136000000004,1,1,1789167951.4158804,-0.8282184987723742,0.5598411247004708,-0.0014379616715426665,-0.02509911654975471,177.70849599704053,-1.7469283744091069,-68.07916187007336,-0.00011588986233242349,-0.0001415462023367401,0.0014564772607892679,0.30890948009490965,0.3950118685150147,-9.691716221847535
2026-09-11T19:05:51.458,6.213993280000011,0.0,0.0,0.0,0.0,0.0,0.0,0.0,0.0,0.0,0.0,0.017057418823242188,139.734375,6.1406707763671875,0.0,0.0,0.0,1,1789167950.8447335,38.99028663666667,-76.94089823166667,-9.354,0,1,9.765625,6.185169,49.787136000000004,1,1,1789167951.4448805,-0.8282181903135255,0.5598429214632679,-0.0014458488819759016,-0.02506874632430348,177.7118912540045,-1.7457331368416544,-68.07942796338843,0.0013828243663551072,0.00019966566642815132,-0.0001616174887346749,0.30263322399139403,0.39569833402633664,-9.693677551879883
2026-09-11T19:05:51.490,6.247398304000001,0.0,0.0,0.0,0.0,0.0,0.0,0.0,0.0,0.0,0.0,0.017057418823242188,139.734375,6.1406707763671875,0.0,0.0,0.0,1,1789167950.8447335,38.99028663666667,-76.94089823166667,-9.354,0,1,9.765625,6.185169,49.787136000000004,1,1,1789167951.4848804,-0.8282083378585418,0.559857029841544,-0.0014507503801381694,-0.02507888677614545,177.7112717757081,-1.746888309259249,-68.08136773349656,-0.0010409143658894181,-0.0012819443355898351,0.0007862708280234454,0.2984163644218445,0.39667899904251097,-9.695442748908997
2026-09-11T19:05:51.523,6.2808040639999945,0.0,0.0,0.0,0.0,0.0,0.0,0.0,0.0,0.0,0.0,0.017057418823242188,139.734375,6.1406707763671875,0.0,0.0,0.0,1,1789167950.8447335,38.99028663666667,-76.94089823166667,-9.354,0,1,9.765625,6.185169,49.787136000000004,1,1,1789167951.5168805,-0.8282428835093439,0.5598052338994359,-0.0012646970242312509,-0.025104313501117505,177.69681692770183,-1.7307105905552584,-68.07433603896341,-0.00020961404316451897,-0.0027579692840014394,-0.0008332201849020928,0.29518016986846923,0.3855974843597412,-9.694265950889587
2026-09-11T19:05:51.558,6.314222623999967,0.0,0.0,0.0,0.0,0.0,0.0,0.0,0.0,0.0,0.0,0.017057418823242188,139.734375,6.1406707763671875,0.0,0.0,0.0,1,1789167950.8447335,38.99028663666667,-76.94089823166667,-9.354,0,1,9.765625,6.185169,49.787136000000004,1,1,1789167951.5568805,-0.8282265006375861,0.5598283748634348,-0.0013488653080671311,-0.025124388584895987,177.70035477116284,-1.740055145432824,-68.07745120092193,-0.0009506808435613113,0.00018291050560900572,0.001200088393671301,0.30685008356094357,0.3961886665344238,-9.693383352375031
2026-09-11T19:05:51.592,6.347636927999986,0.0,0.0,0.0,0.0,0.0,0.0,0.0,0.0,0.0,0.0,0.017057418823242188,139.734375,6.1406707763671875,0.0,0.0,0.0,1,1789167950.8447335,38.99028663666667,-76.94089823166667,-9.354,0,1,9.765625,6.185169,49.787136000000004,1,1,1789167951.5848806,-0.8282317048428932,0.5598199792942248,-0.0013078092905453138,-0.025142066560011646,177.6960248435563,-1.7372679895763778,-68.07631009948084,-0.0004461061568097506,-0.002217789880509194,-0.0012850859282434249,0.3018486919784546,0.4057011171913147,-9.686812896766662
2026-09-11T19:05:51.624,6.381057919999989,0.0,0.0,0.0,0.0,0.0,0.0,0.0,0.0,0.0,0.0,0.017057418823242188,139.734375,6.1406707763671875,0.0,0.0,0.0,1,1789167950.8447335,38.99028663666667,-76.94089823166667,-9.354,0,1,9.765625,6.185169,49.787136000000004,1,1,1789167951.6168804,-0.8282543963446313,0.5597787725538985,-0.0012595116204085332,-0.02531391641606523,177.67651209837967,-1.7435950787481802,-68.07051583060125,0.0005464625887994245,-0.004106934262867856,0.00010978120995044333,0.32156005880355837,0.4039359201622009,-9.690637490329742
2026-09-11T19:05:51.657,6.414465439999958,0.0,0.0,0.0,0.0,0.0,0.0,0.0,0.0,0.0,0.0,0.017057418823242188,139.734375,6.1406707763671875,0.0,0.0,0.0,1,1789167950.8447335,38.99028663666667,-76.94089823166667,-9.354,0,1,9.765625,6.185169,49.787136000000004,1,1,1789167951.6448805,-0.8282565698451058,0.5597736725737932,-0.0011679685878945424,-0.025359926085164696,177.6662600743938,-1.7378407887987408,-68.06985312891915,0.00038309977081275534,0.0009902998175815826,0.0006173229564303943,0.2942975713539123,0.406681782207489,-9.696325347423553
2026-09-11T19:05:51.692,6.447870367999997,0.0,0.0,0.0,0.0,0.0,0.0,0.0,0.0,0.0,0.0,0.017057418823242188,139.734375,6.1406707763671875,0.0,0.0,0.0,1,1789167950.8447335,38.99028663666667,-76.94089823166667,-9.354,0,1,9.765625,6.185169,49.787136000000004,1,1,1789167951.6848805,-0.8282625989055747,0.5597701862442334,-0.001213323479734718,-0.02523754529293599,177.68078978129319,-1.7342844426348898,-68.069427501716,-0.0006894050545377602,-0.0039001127465065288,-0.0006070255138436278,0.31302827316284176,0.37618310020446777,-9.69681567993164
2026-09-11T19:05:51.726,6.48129030399997,0.0,0.0,0.0,0.0,0.0,0.0,0.0,0.0,0.0,0.0,0.017057418823242188,139.734375,6.1406707763671875,0.0,0.0,0.0,1,1789167950.8447335,38.99028663666667,-76.94089823166667,-9.354,0,1,9.765625,6.185169,49.787136000000004,1,1,1789167951.7168806,-0.8282737372512564,0.5597579623128925,-0.0012460998096918065,-0.025141341301116723,177.69200733328455,-1.731189265567882,-68.06778386037517,0.0008339183166028907,-0.00023073252711365038,0.0019786797729859714,0.301946758480072,0.3834400213241577,-9.693971751384735
2026-09-11T19:05:51.758,6.514713855999958,0.0,0.0,0.0,0.0,0.0,0.0,0.0,0.0,0.0,0.0,0.017057418823242188,139.734375,6.1406707763671875,0.0,0.0,0.0,1,1789167950.8447335,38.99028663666667,-76.94089823166667,-9.354,0,1,9.765625,6.185169,49.787136000000004,1,1,1789167951.7568805,-0.8282864580369911,0.5597401474018149,-0.001234803055978397,-0.025119436310220775,177.69332739835968,-1.728661359192639,-68.0653463027774,-0.0017160077205608248,-0.0010677924363701307,-0.0029518753638980095,0.3115572756385803,0.39383507049560545,-9.705935864582061
2026-09-11T19:05:51.791,6.548124575999964,0.0,0.0,0.0,0.0,0.0,0.0,0.0,0.0,0.0,0.0,0.017057418823242188,139.734375,6.1406707763671875,0.0,0.0,0.0,1,1789167950.8447335,38.99028663666667,-76.94089823166667,-9.354,0,1,9.765625,6.185169,49.787136000000004,1,1,1789167951.7848806,-0.828274206418946,0.5597584912122261,-0.0013001270388639937,-0.02511135533100852,177.6983217162149,-1.7343968140226333,-68.0678349687998,0.0016151276897955525,0.00042324234360862495,0.00174515471906913,0.30655588405609135,0.3957964005279541,-9.702699670028686
2026-09-11T19:05:51.824,6.581529151999973,0.0,0.0,0.0,0.0,0.0,0.0,0.0,0.0,0.0,0.0,0.017057418823242188,139.734375,6.1406707763671875,0.0,0.0,0.0,1,1789167950.8447335,38.99028663666667,-76.94089823166667,-9.354,0,1,9.765625,6.185169,49.787136000000004,1,1,1789167951.8168805,-0.8282767005644165,0.5597504920655626,-0.0012606952035049564,-0.02520921621329023,177.68647766412462,-1.736909765773502,-68.06668507178448,0.0017708110590734466,0.0025282839544389854,-0.00023998277214922032,0.31096887662887573,0.40687791521072386,-9.703288069038392
2026-09-11T19:05:51.859,6.614957408000009,0.0,0.0,0.0,0.0,0.0,0.0,0.0,0.0,0.0,0.0,0.017057418823242188,139.734375,6.1406707763671875,0.0,0.0,0.0,1,1789167951.835775,38.99028655666667,-76.94089835666666,-9.36,0,1,9.765625,6.185169,49.773025,1,1,1789167951.8568804,-0.8282849887257971,0.5597377400348621,-0.0012618800451075682,-0.02521998197705089,177.68550386875575,-1.737677466241147,-68.06491171693088,-0.00024870941840919196,-0.0008342673824532896,-0.001288402053822214,0.3084191475868225,0.3852052183532715,-9.700542206993102
2026-09-11T19:05:51.892,6.648416223999959,0.0,0.0,0.0,0.0,0.0,0.0,0.0,0.0,0.0,0.0,0.017057418823242188,139.734375,6.1406707763671875,0.0,0.0,0.0,1,1789167951.835775,38.99028655666667,-76.94089835666666,-9.36,0,1,9.765625,6.185169,49.773025,1,1,1789167951.8848805,-0.8282889989327128,0.5597343228169184,-0.0013487164837724162,-0.025159552292856418,177.6968062757999,-1.7420362441258253,-68.06441361746116,0.0011704177963873972,-0.0008403760348352696,0.0002843141351498763,0.30763461557388305,0.3915795409584045,-9.695442748908997
2026-09-11T19:05:51.924,6.681821663999983,0.0,0.0,0.0,0.0,0.0,0.0,0.0,0.0,0.0,0.0,0.017057418823242188,139.734375,6.1406707763671875,0.0,0.0,0.0,1,1789167951.835775,38.99028655666667,-76.94089835666666,-9.36,0,1,9.765625,6.185169,49.773025,1,1,1789167951.9168806,-0.8282793540242906,0.5597490166270196,-0.00140983746043425,-0.02514681770172311,177.70196589979003,-1.7470638440049098,-68.0664058041528,0.0015182619163098673,0.002154608961587,-0.0012075933094548767,0.3061636180496216,0.3925602059745789,-9.694462083892823
2026-09-11T19:05:51.958,6.715230592000012,0.0,0.0,0.0,0.0,0.0,0.0,0.0,0.0,0.0,0.0,0.017057418823242188,139.734375,6.1406707763671875,0.0,0.0,0.0,1,1789167951.835775,38.99028655666667,-76.94089835666666,-9.36,0,1,9.765625,6.185169,49.773025,1,1,1789167951.9448805,-0.8282794778269774,0.5597523708844555,-0.001440655251703418,-0.025066200596552745,177.71160943020982,-1.7448265111409669,-68.06690821637595,-0.000548207918051419,0.0008595746566072073,7.033676885537147e-05,0.3079288150787353,0.3845187528419495,-9.7022093375206
2026-09-11T19:05:51.992,6.7486316160000115,0.0,0.0,0.0,0.0,0.0,0.0,0.0,0.0,0.0,0.0,0.017057418823242188,139.734375,6.1406707763671875,0.0,0.0,0.0,1,1789167951.835775,38.99028655666667,-76.94089835666666,-9.36,0,1,9.765625,6.185169,49.773025,1,1,1789167951.9848804,-0.828294357642014,0.5597267889539812,-0.0013400238224830895,-0.02515120597156484,177.69702627725542,-1.7406543120496198,-68.06338528628497,0.001326275698590491,0.0012634438455186952,-0.0016351989761934872,0.30430035451889037,0.4079566467285156,-9.683576702213287
2026-09-11T19:05:52.029,6.782041119999974,0.0,0.0,0.0,0.0,0.0,0.0,0.0,0.0,0.0,0.0,0.017057418823242188,139.734375,6.1406707763671875,0.0,0.0,0.0,1,1789167951.835775,38.99028655666667,-76.94089835666666,-9.36,0,1,9.765625,6.185169,49.773025,1,1,1789167952.0248804,-0.8282699646030728,0.5597655107677447,-0.0013831788793521,-0.025090346899514764,177.7056575436216,-1.7409545018223662,-68.06875363521414,-0.0011986921302697055,-0.0003075270142014009,0.0016973326975644855,0.30214289148330686,0.38952014442443844,-9.695933081417083
2026-09-11T19:05:52.059,6.815448511999989,0.0,0.0,0.0,0.0,0.0,0.0,0.0,0.0,0.0,0.0,0.017057418823242188,139.734375,6.1406707763671875,0.0,0.0,0.0,1,1789167951.835775,38.99028655666667,-76.94089835666666,-9.36,0,1,9.765625,6.185169,49.773025,1,1,1789167952.0568805,-0.8282634145488064,0.5597767685116897,-0.0014685255578023955,-0.02505052868201093,177.71493692712002,-1.7465346717794081,-68.07027295885258,0.0011370820076743056,-0.0010688396339213276,-0.0015133749944042831,0.29802409841537475,0.40423011966705324,-9.696129214420319
2026-09-11T19:05:52.091,6.848850815999981,0.0,0.0,0.0,0.0,0.0,0.0,0.0,0.0,0.0,0.0,0.017057418823242188,139.734375,6.1406707763671875,0.0,0.0,0.0,1,1789167951.835775,38.99028655666667,-76.94089835666666,-9.36,0,1,9.765625,6.185169,49.773025,1,1,1789167952.0848806,-0.8282516825651275,0.559791446732969,-0.0014112206419485268,-0.025113640694744806,177.70529658731,-1.7451838284629413,-68.07230006791906,0.0006757914863722044,0.0020793852708260443,0.003236189499047886,0.3060655515480042,0.40011132659912113,-9.698384743957519
2026-09-11T19:05:52.125,6.882255135999969,0.0,0.0,0.0,0.0,0.0,0.0,0.0,0.0,0.0,0.0,0.017057418823242188,139.734375,6.1406707763671875,0.0,0.0,0.0,1,1789167951.835775,38.99028655666667,-76.94089835666666,-9.36,0,1,9.765625,6.185169,49.773025,1,1,1789167952.1168804,-0.8282708047493229,0.5597600914874288,-0.0014204631799196942,-0.025181268082618113,177.69939687173903,-1.7503141849541037,-68.06790188435822,0.00019442967867216833,0.003907617662290104,-0.0021657790687997637,0.3074384825706482,0.38716654838562015,-9.697502145442963
2026-09-11T19:05:52.160,6.915675935999957,0.0,0.0,0.0,0.0,0.0,0.0,0.0,0.0,0.0,0.0,0.017057418823242188,139.734375,6.1406707763671875,0.0,0.0,0.0,1,1789167951.835775,38.99028655666667,-76.94089835666666,-9.36,0,1,9.765625,6.185169,49.773025,1,1,1789167952.1568806,-0.8282844555945266,0.5597407659799694,-0.0013598635153027603,-0.025165180147493436,177.69699968271655,-1.7434737762934671,-68.06529119730313,0.0009018116245054701,-0.0013140583938265307,0.0010663961729685354,0.3051829530334472,0.3935408709907532,-9.693677551879883
2026-09-11T19:05:52.192,6.949089567999977,0.0,0.0,0.0,0.0,0.0,0.0,0.0,0.0,0.0,0.0,0.017057418823242188,139.734375,6.1406707763671875,0.0,0.0,0.0,1,1789167951.835775,38.99028655666667,-76.94089835666666,-9.36,0,1,9.765625,6.185169,49.773025,1,1,1789167952.1838806,-0.8282728235790869,0.559764084749572,-0.0014433050601503558,-0.02502430848803681,177.71578472996214,-1.742422310076533,-68.06855936296671,0.00022636920398366454,-0.00037803831598197174,-0.00018884462506578645,0.30783074857711795,0.3755947011947632,-9.69112782283783
2026-09-11T19:05:52.225,6.9824959679999665,0.0,0.0,0.0,0.0,0.0,0.0,0.0,0.0,0.0,0.0,0.017057418823242188,139.734375,6.1406707763671875,0.0,0.0,0.0,1,1789167951.835775,38.99028655666667,-76.94089835666666,-9.36,0,1,9.765625,6.185169,49.773025,1,1,1789167952.2168806,-0.8282759113492026,0.5597604524053564,-0.001502017334620395,-0.024999890910265336,177.72186164580572,-1.7464206041693113,-68.06802913166253,-0.00020647245051092918,-0.00017662732030182616,0.0010623819156889483,0.3039080885124207,0.39510993501663205,-9.681909571685791
2026-09-11T19:05:52.259,7.0159010559999615,0.0,0.0,0.0,0.0,0.0,0.0,0.0,0.0,0.0,0.0,0.017057418823242188,139.734375,6.1406707763671875,0.0,0.0,0.0,1,1789167951.835775,38.99028655666667,-76.94089835666666,-9.36,0,1,9.765625,6.185169,49.773025,1,1,1789167952.2568805,-0.8282766378164845,0.5597584175781557,-0.001417457068122709,-0.025026306425024954,177.71392574213112,-1.740080439670812,-68.06779477743008,0.0012623966479674987,-0.0020045106459154875,0.00011501719770642632,0.3186180637550354,0.39658093254089355,-9.698384743957519
2026-09-11T19:05:52.293,7.049311391999993,0.0,0.0,0.0,0.0,0.0,0.0,0.0,0.0,0.0,0.0,0.017057418823242188,139.734375,6.1406707763671875,0.0,0.0,0.0,1,1789167951.835775,38.99028655666667,-76.94089835666666,-9.36,0,1,9.765625,6.185169,49.773025,1,1,1789167952.2848806,-0.8282777684403996,0.5597559818542727,-0.0013891756578276583,-0.02504494513355125,177.7103362722987,-1.7385842056161964,-68.06746625596107,0.0004902629868852072,0.0014521139376592821,-0.0016964600329384882,0.29880863042831424,0.40423011966705324,-9.689068426303864
2026-09-11T19:05:52.325,7.082727455999986,0.0,0.0,0.0,0.0,0.0,0.0,0.0,0.0,0.0,0.0,0.017057418823242188,139.734375,6.1406707763671875,0.0,0.0,0.0,1,1789167951.835775,38.99028655666667,-76.94089835666666,-9.36,0,1,9.765625,6.185169,49.773025,1,1,1789167952.3168805,-0.8283009711718332,0.5597136780256211,-0.001140203561740926,-0.02523489097791418,177.6762361735054,-1.7270125226356368,-68.06167638381254,-0.001174257520741785,0.0004836307357276287,-0.0005242969072990966,0.3064578175544739,0.41099670827865603,-9.697306012439729
2026-09-11T19:05:52.359,7.116133311999988,0.0,0.0,0.0,0.0,0.0,0.0,0.0,0.0,0.0,0.0,0.017057418823242188,139.734375,6.1406707763671875,0.0,0.0,0.0,1,1789167951.835775,38.99028655666667,-76.94089835666666,-9.36,0,1,9.765625,6.185169,49.773025,1,1,1789167952.3568804,-0.8283091414616638,0.5597038086817457,-0.0012016651787288973,-0.02518270674466088,177.68511473097314,-1.7294729794373198,-68.06029881320057,0.0002691297706575256,0.0018947294359650442,0.001702394152395269,0.29949509593963625,0.3775560312271118,-9.698777009963989
2026-09-11T19:05:52.392,7.149531359999969,0.0,0.0,0.0,0.0,0.0,0.0,0.0,0.0,0.0,0.0,0.017057418823242188,139.734375,6.1406707763671875,0.0,0.0,0.0,1,1789167951.835775,38.99028655666667,-76.94089835666666,-9.36,0,1,9.765625,6.185169,49.773025,1,1,1789167952.3848805,-0.8282987766072384,0.5597226303418338,-0.0013110316865637156,-0.025099700199163102,177.70005330941703,-1.7345848411702858,-68.06287457407416,-0.00026022859147235454,0.004179365426825622,-0.001110553003043992,0.3079288150787353,0.39275633897781376,-9.685439965744019
2026-09-11T19:05:52.426,7.182938207999996,0.0,0.0,0.0,0.0,0.0,0.0,0.0,0.0,0.0,0.0,0.017057418823242188,139.734375,6.1406707763671875,0.0,0.0,0.0,1,1789167951.835775,38.99028655666667,-76.94089835666666,-9.36,0,1,9.765625,6.185169,49.773025,1,1,1789167952.4158804,-0.8282865069851219,0.5597418148550437,-0.0013798007482634818,-0.025073077175784195,177.70703224799493,-1.739459962077795,-68.06549221176547,-0.0011147417932487781,0.0014474015486788975,-0.00033615041393410787,0.3037119555091858,0.3893240114212036,-9.692206554355622
2026-09-11T19:05:52.460,7.2163599360000035,0.0,0.0,0.0,0.0,0.0,0.0,0.0,0.0,0.0,0.0,0.017057418823242188,139.734375,6.1406707763671875,0.0,0.0,0.0,1,1789167951.835775,38.99028655666667,-76.94089835666666,-9.36,0,1,9.765625,6.185169,49.773025,1,1,1789167952.4558806,-0.8282825661320999,0.559747688830978,-0.0014799772457977616,-0.025066414928218247,177.71410024654742,-1.7485612706980296,-68.06622874191801,0.0006459463561631014,0.0022350686401039384,0.0009183922523994162,0.3088114135932922,0.39844419607162473,-9.696129214420319
2026-09-11T19:05:52.492,7.249760928000001,0.0,0.0,0.0,0.0,0.0,0.0,0.0,0.0,0.0,0.0,0.017057418823242188,139.734375,6.1406707763671875,0.0,0.0,0.0,1,1789167951.835775,38.99028655666667,-76.94089835666666,-9.36,0,1,9.765625,6.185169,49.773025,1,1,1789167952.4848804,-0.8282786675053858,0.5597478732554791,-0.00140708122947868,-0.025194988864537745,177.69720928932207,-1.74988996307624,-68.0662119087173,-0.0016215854080279318,-0.00011903145498601327,0.00023439771854283844,0.3093017461013794,0.4072701812171936,-9.689068426303864
2026-09-11T19:05:52.526,7.283166816000005,0.0,0.0,0.0,0.0,0.0,0.0,0.0,0.0,0.0,0.0,0.017057418823242188,139.734375,6.1406707763671875,0.0,0.0,0.0,1,1789167951.835775,38.99028655666667,-76.94089835666666,-9.36,0,1,9.765625,6.185169,49.773025,1,1,1789167952.5168805,-0.828281921216782,0.5597440970395905,-0.0014204183842855711,-0.025171158622187904,177.70032087803148,-1.749616823991253,-68.0656974545187,-0.0007967428035354115,-0.0023664919327791114,-0.00019198621771937625,0.3103804776191711,0.3889317454147339,-9.7022093375206
2026-09-11T19:05:52.560,7.316572927999971,0.0,0.0,0.0,0.0,0.0,0.0,0.0,0.0,0.0,0.0,0.017057418823242188,139.734375,6.1406707763671875,0.0,0.0,0.0,1,1789167951.835775,38.99028655666667,-76.94089835666666,-9.36,0,1,9.765625,6.185169,49.773025,1,1,1789167952.5568805,-0.8282725492869705,0.5597547977202999,-0.0015194945312320609,-0.025235721965876375,177.70056041107375,-1.763197460654245,-68.06704630915993,0.0007229153761760512,0.0021226694362755038,-0.0012719959588534675,0.3201871277809143,0.41256577230453495,-9.69799247795105
2026-09-11T19:05:52.594,7.349987903999988,0.0,0.0,0.0,0.0,0.0,0.0,0.0,0.0,0.0,0.0,0.017057418823242188,139.734375,6.1406707763671875,0.0,0.0,0.0,1,1789167951.835775,38.99028655666667,-76.94089835666666,-9.36,0,1,9.765625,6.185169,49.773025,1,1,1789167952.5838804,-0.8282801841219922,0.55973422349829,-0.0014237735548698542,-0.025446188407488173,177.6743797784867,-1.7675555987600258,-68.0641107367725,-0.0007958701389094143,0.003837979025135531,-0.0012891001855230117,0.3273459823989868,0.4236472869873047,-9.698678943462372
2026-09-11T19:05:52.626,7.383406911999998,0.0,0.0,0.0,0.0,0.0,0.0,0.0,0.0,0.0,0.0,0.015535354614257812,127.265625,5.5927276611328125,-0.0762939527630806,-27.465822994709015,-821.8623064664552,1,1789167951.835775,38.99028655666667,-76.94089835666666,-9.36,0,1,9.765625,6.185169,49.773025,1,1,1789167952.6158805,-0.8282830381639564,0.5596896593739654,-0.0020619909400435275,-0.026276264443478466,177.6363113556357,-1.8812972332995461,-68.05676037633938,0.0002546435378659727,0.015302348749785484,-0.007678925109999452,0.44169152328491207,0.46434488515853883,-9.707112662601471
2026-09-11T19:05:52.659,7.416815552000003,0.0,0.0,0.0,0.0,0.0,0.0,0.0,0.0,0.0,0.0,0.0133514404296875,109.375,4.8065185546875,-0.0457763746380806,-16.479494869709015,328.8469128045461,1,1789167951.835775,38.99028655666667,-76.94089835666666,-9.36,0,1,9.765625,6.185169,49.773025,1,1,1789167952.6568806,-0.8283629616646043,0.5595700220062078,-0.0017265087883988266,-0.026328945699010845,177.60953166229845,-1.8524735058581343,-68.0404293155621,-0.0005513495107050087,0.01564181528929838,-0.006468888339591783,0.20897971494674683,0.40275912214279175,-9.67504491657257
2026-09-11T19:05:52.693,7.450213567999981,0.0,0.0,0.0,0.0,0.0,0.0,0.0,0.0,0.0,0.0,0.013029098510742188,106.734375,4.6904754638671875,0.0,0.0,493.4273601677338,1,1789167951.835775,38.99028655666667,-76.94089835666666,-9.36,0,1,9.765625,6.185169,49.773025,1,1,1789167952.6848805,-0.8283772454342735,0.5595791493007581,-0.0017094902394317415,-0.025678640105862204,177.6702688582361,-1.8091666985971255,-68.04224294974337,-0.0004124213022462601,-0.00341962360343249,0.0005150466622635267,0.2687022144317627,0.3254827188682556,-9.68730322927475
2026-09-11T19:05:52.726,7.483619487999988,0.0,0.0,0.0,0.0,0.0,0.0,0.0,0.0,0.0,0.0,0.013580322265625,111.25,4.888916015625,0.015258789993822575,5.493164397776127,164.43685423945757,1,1789167951.835775,38.99028655666667,-76.94089835666666,-9.36,0,1,9.765625,6.185169,49.773025,1,1,1789167952.7168806,-0.8283468131076025,0.5596538859214769,-0.0015801789087333457,-0.0250317442877174,177.72362031348075,-1.7555938283296904,-68.0532019365571,0.0008456120225912527,-0.011618482297601053,0.0037053340019839614,0.2950821033668518,0.37618310020446777,-9.680830840168
2026-09-11T19:05:52.762,7.51704147199996,0.0,0.0,0.0,0.0,0.0,0.0,0.0,0.0,0.0,0.0,0.013887405395507812,113.765625,4.9994659423828125,0.015258789993822575,5.493164397776127,0.0,1,1789167951.835775,38.99028655666667,-76.94089835666666,-9.36,0,1,9.765625,6.185169,49.773025,1,1,1789167952.7568805,-0.8283259903831378,0.5596829934227432,-0.002261873576243104,-0.025017682887838615,177.7687188790295,-1.81950871994272,-68.05674911050225,-0.0019685568633244044,-0.010719114134048375,-0.0020762436781724546,0.3703971766090393,0.31587220170974734,-9.687107096271514
2026-09-11T19:05:52.794,7.5504527999999596,0.0,0.0,0.0,0.0,0.0,0.0,0.0,0.0,0.0,0.0,0.014280319213867188,116.984375,5.1409149169921875,0.015258789993822575,5.493164397776127,0.0,1,1789167951.835775,38.99028655666667,-76.94089835666666,-9.36,0,1,9.765625,6.185169,49.773025,1,1,1789167952.7848806,-0.8283564305480814,0.5596851130682627,-0.0018504558786059428,-0.023974444570181556,177.84148588356413,-1.7135111484440466,-68.05815024204287,-4.310963252425994e-05,-0.009912073887926197,0.0014543828656868748,0.14150996183395387,0.29655310089111325,-9.734473216552734
2026-09-11T19:05:52.826,7.583856063999974,0.0,0.0,0.0,0.0,0.0,0.0,0.0,0.0,0.0,0.0,0.014923095703125,122.25,5.372314453125,0.0,0.0,-164.4499291378749,1,1789167951.835775,38.99028655666667,-76.94089835666666,-9.36,0,1,9.765625,6.185169,49.773025,1,1,1789167952.8168805,-0.8283285988267619,0.5597239450923032,-0.0018743005100589417,-0.024027581101717113,177.83804576667924,-1.7192859974993482,-68.06346399389655,0.0005888740896228868,-0.011253010352233441,0.004323704155965552,0.42962934358596805,0.4104083092689514,-9.699365408973694
2026-09-11T19:05:52.860,7.617262208,0.0,0.0,0.0,0.0,0.0,0.0,0.0,0.0,0.0,0.0,0.015045166015625,123.25,5.416259765625,0.0,0.0,0.0,1,1789167952.8356056,38.990286528333336,-76.94089847333333,-9.352999999999998,0,1,9.765625,6.185169,49.773025,1,1,1789167952.8568804,-0.8283401906654215,0.5596564309509282,-0.0015754913910188454,-0.02519376213507567,177.70792822578105,-1.7655501993863718,-68.05342889868838,-0.0015088371383490979,-0.001902757950524218,-0.003160791275361731,0.2580129657554626,0.4778780623817444,-9.699463475475312
2026-09-11T19:05:52.894,7.650660991999985,0.0,0.0,0.0,0.0,0.0,0.0,0.0,0.0,0.0,0.0,0.015045166015625,123.25,5.416259765625,0.0,0.0,0.0,1,1789167952.8356056,38.990286528333336,-76.94089847333333,-9.352999999999998,0,1,9.765625,6.185169,49.773025,1,1,1789167952.8848805,-0.828342225052265,0.5596619532508764,-0.0008632234398752703,-0.025038193308814523,177.67706566904712,-1.6879450345120475,-68.05492085983386,-0.0014716616252816188,-0.002424436863945323,0.002128603555732284,0.24065519496917723,0.4248240850067138,-9.718586443290711
2026-09-11T19:05:52.928,7.684078752000005,0.0,0.0,0.0,0.0,0.0,0.0,0.0,0.0,0.0,0.0,0.01607513427734375,131.6875,5.78704833984375,0.0610351599752903,21.972657591104507,657.5143753229173,1,1789167952.8356056,38.990286528333336,-76.94089847333333,-9.352999999999998,0,1,9.765625,6.185169,49.773025,1,1,1789167952.9168806,-0.8282746997744668,0.5597598436616561,-0.0005253228967495917,-0.02509309014946776,177.65038457329186,-1.6596571861554181,-68.06873887612757,0.00013247049022636963,-0.01389980216288284,0.004967032518250663,0.3229329898262024,0.45257690496444697,-9.692893019866943
2026-09-11T19:05:52.961,7.717499871999962,0.0,0.0,0.0,0.0,0.0,0.0,0.0,0.0,0.0,0.0,0.016998291015625,139.25,6.119384765625,0.0,0.0,-657.448271964932,1,1789167952.8356056,38.990286528333336,-76.94089847333333,-9.352999999999998,0,1,9.765625,6.185169,49.773025,1,1,1789167952.9558806,-0.8282117566989398,0.55984196470746,-0.0003400200677826232,-0.025340580192664292,177.61515137919733,-1.6581798181851795,-68.08009840393325,-0.00164671814925665,-0.008070926059997378,0.0018111281647945159,0.2494811801147461,0.4236472869873047,-9.67543718257904
2026-09-11T19:05:52.993,7.750902239999959,0.0,0.0,0.0,0.0,0.0,0.0,0.0,0.0,0.0,0.0,0.01782989501953125,146.0625,6.41876220703125,0.0457763709127903,16.479493528604507,493.363031285861,1,1789167952.8356056,38.990286528333336,-76.94089847333333,-9.352999999999998,0,1,9.765625,6.185169,49.773025,1,1,1789167952.9848804,-0.8281516699265514,0.5599549708071164,-0.00041875200144993706,-0.024800542595416492,177.67173417149445,-1.6313140404152002,-68.09605252020707,-0.0003274237676741362,-0.0077492618788548235,0.0047017424719475245,0.2738016725158691,0.3395062285995483,-9.697109879436493
2026-09-11T19:05:53.027,7.7843077759999915,0.0,0.0,0.0,0.0,0.0,0.0,0.0,0.0,0.0,0.0,0.020494461059570312,167.890625,7.3780059814453125,0.0915527418255806,32.958987057209015,493.3162434091373,1,1789167952.8356056,38.990286528333336,-76.94089847333333,-9.352999999999998,0,1,9.765625,6.185169,49.773025,1,1,1789167953.0168805,-0.8281261387964193,0.5600094724521378,-0.000596011931768751,-0.024415850912659937,177.71975733393845,-1.6235993261323816,-68.10370458526423,0.00401373368081136,-0.018535745722030178,0.005289569364019215,0.2943956378555298,0.3620615239715576,-9.704955199565887
2026-09-11T19:05:53.062,7.817727552000008,0.0,0.0,0.0,0.0,0.0,0.0,0.0,0.0,0.0,0.0,0.023714065551757812,194.265625,8.537063598632812,0.0762939527630806,27.465822994709015,-164.36866789583746,1,1789167952.8356056,38.990286528333336,-76.94089847333333,-9.352999999999998,0,1,9.765625,6.185169,49.773025,1,1,1789167953.0568635,-0.8280872035989643,0.5600846513442863,4.48839979119886e-05,-0.024015922835142048,177.71677925404813,-1.5372906210459616,-68.11502102788162,1.9198621771937625e-05,-0.017944777237304897,0.008238826734039233,0.25713036724090577,0.3538239378356934,-9.730452489986419
2026-09-11T19:05:53.094,7.851138112000001,0.0,0.0,0.0,0.0,0.0,0.0,0.0,0.0,0.0,0.0,0.025571823120117188,209.484375,9.205856323242188,0.030517585575580597,10.986330807209015,-493.2420225073588,1,1789167952.8356056,38.990286528333336,-76.94089847333333,-9.352999999999998,0,1,9.765625,6.185169,49.773025,1,1,1789167953.0848637,-0.8280733372398175,0.5601017729030694,0.00010325853507592586,-0.024094428422868998,177.7056088233081,-1.5368371948201607,-68.11739629288924,0.0008974483013754843,-0.006061877558026706,0.0064512605141466405,0.2832160566711426,0.38157675779342654,-9.70524939907074
2026-09-11T19:05:53.127,7.884542751999959,0.0,0.0,0.0,0.0,0.0,0.0,0.0,0.0,0.0,0.0,0.026693344116210938,218.671875,9.609603881835938,0.03051757998764515,10.986328795552254,-6.022087833223074e-05,1,1789167952.8356056,38.990286528333336,-76.94089847333333,-9.352999999999998,0,1,9.765625,6.185169,49.773025,1,1,1789167953.1168637,-0.8281146674806995,0.5600308938442334,0.00010038243583254631,-0.024320472173173718,177.68418879474473,-1.5514255477323873,-68.10743004802649,0.0005555383009097951,0.009800721881648959,0.004545535503894032,0.2923362413215637,0.34597861770629884,-9.674358451061249
2026-09-11T19:05:53.160,7.917949951999958,0.0,0.0,0.0,0.0,0.0,0.0,0.0,0.0,0.0,0.0,0.027151107788085938,222.421875,9.774398803710938,0.015258789993822575,5.493164397776127,-164.43055382600934,1,1789167952.8356056,38.990286528333336,-76.94089847333333,-9.352999999999998,0,1,9.765625,6.185169,49.773025,1,1,1789167953.1568637,-0.8281865078467618,0.5599212468931509,-9.579000187342262e-05,-0.02439869509789658,177.68913327385846,-1.5747641761418258,-68.09200202104735,-0.00047176249681406724,0.018302046135188137,0.002606300172003132,0.21201977649688722,0.3533336053276062,-9.699267342472076
2026-09-11T19:05:53.196,7.951359391999972,0.0,0.0,0.0,0.0,0.0,0.0,0.0,0.0,0.0,0.0,0.028234481811523438,231.296875,10.164413452148438,0.0457763709127903,16.479493528604507,328.8390685633694,1,1789167952.8356056,38.990286528333336,-76.94089847333333,-9.352999999999998,0,1,9.765625,6.185169,49.773025,1,1,1789167953.1848636,-0.8282483946576373,0.5598162160103359,0.000308095800532881,-0.02470437442829117,177.63399234586547,-1.5557405844212804,-68.07768983355481,0.00015044738152191118,0.020656495296128487,0.0055480526262395745,0.2977298989105225,0.39236407297134396,-9.680242441158295
2026-09-11T19:05:53.228,7.984779328000002,0.0,0.0,0.0,0.0,0.0,0.0,0.0,0.0,0.0,0.0,0.029327392578125,240.25,10.557861328125,0.0,0.0,-493.1036830408597,1,1789167952.8356056,38.990286528333336,-76.94089847333333,-9.352999999999998,0,1,9.765625,6.185169,49.773025,1,1,1789167953.2248638,-0.8283372454410122,0.5596316436891625,3.601983433500377e-05,-0.02588107222535133,177.5392623931471,-1.6565406565144276,-68.05100527685686,-7.086036763096978e-05,0.008210028801381325,0.0030586895141200623,0.3327396399879456,0.43551333368301387,-9.70181707151413
2026-09-11T19:05:53.261,8.018183711999995,0.0,0.0,0.0,0.0,0.0,0.0,0.0,0.0,0.0,0.0,0.029449462890625,241.25,10.601806640625,0.0,0.0,0.0,1,1789167952.8356056,38.990286528333336,-76.94089847333333,-9.352999999999998,0,1,9.765625,6.185169,49.773025,1,1,1789167953.2568636,-0.8284170466594505,0.5594804563161799,0.0005342329828594712,-0.026580639559516357,177.44054317235535,-1.6536460372929789,-68.03016031836745,-0.00016807520696705393,0.009305048374082567,0.0022640411056870442,0.31871613025665285,0.4528711044692993,-9.66317886987686
2026-09-11T19:05:53.294,8.051585695999961,0.0,0.0,0.0,0.0,0.0,0.0,0.0,0.0,0.0,0.0,0.029449462890625,241.25,10.601806640625,0.0,0.0,0.0,1,1789167952.8356056,38.990286528333336,-76.94089847333333,-9.352999999999998,0,1,9.765625,6.185169,49.773025,1,1,1789167953.2848637,-0.8284835346124754,0.5593349216552609,0.0004316853074296261,-0.02755525250687985,177.35417258145338,-1.7254333612746389,-68.00916355729684,0.000477696616270848,0.006682691172961088,-0.002500533219332276,0.4403185922622681,0.4818007224464417,-9.673966185054779
2026-09-11T19:05:53.329,8.084991360000004,0.0,0.0,0.0,0.0,0.0,0.0,0.0,0.0,0.0,0.0,0.029247283935546875,239.59375,10.529022216796875,-0.015258791856467724,-5.493165068328381,-164.438134452929,1,1789167952.8356056,38.990286528333336,-76.94089847333333,-9.352999999999998,0,1,9.765625,6.185169,49.773025,1,1,1789167953.3248637,-0.8286382783711561,0.559116140840524,0.0008676743557969332,-0.027331150925235578,177.34710720008374,-1.6689525992373788,-67.9796533075648,0.00046774823953448034,-0.0038451348750687077,0.001404815514930236,0.3030254899978638,0.3565697998809815,-9.67053385749817
2026-09-11T19:05:53.363,8.118545791999964,0.0,0.0,0.0,0.0,0.0,0.0,0.0,0.0,0.0,0.0,0.029264450073242188,239.734375,10.535202026367188,0.0,0.0,163.70907629534446,1,1789167952.8356056,38.990286528333336,-76.94089847333333,-9.352999999999998,0,1,9.765625,6.185169,49.773025,1,1,1789167953.3568637,-0.8287216383300323,0.5589969149360821,0.0007750749008370678,-0.02724508238981998,177.36097979125677,-1.6718525643754836,-67.9631142737702,0.0002848377339254746,-0.009689893474147318,-9.773843811168245e-06,0.33577970153808595,0.3840284203338623,-9.667787995452882
2026-09-11T19:05:53.396,8.151955167999972,0.0,0.0,0.0,0.0,0.0,0.0,0.0,0.0,0.0,0.0,0.029264450073242188,239.734375,10.535202026367188,0.0,0.0,0.0,1,1789167952.8356056,38.990286528333336,-76.94089847333333,-9.352999999999998,0,1,9.765625,6.185169,49.773025,1,1,1789167953.3848636,-0.8288329157237504,0.5588276343200678,0.0012626746127872297,-0.027314439147183595,177.3228355282353,-1.6294270829829967,-67.9403280036807,0.00016842427281745282,-0.010308089095203709,-0.004329463742497134,0.2748804040336609,0.4320810061264038,-9.703876468048096
2026-09-11T19:05:53.429,8.185359328000004,0.0,0.0,0.0,0.0,0.0,0.0,0.0,0.0,0.0,0.0,0.029264450073242188,239.734375,10.535202026367188,0.0,0.0,0.0,1,1789167952.8356056,38.990286528333336,-76.94089847333333,-9.352999999999998,0,1,9.765625,6.185169,49.773025,1,1,1789167953.4238636,-0.8289319887704807,0.5586912957729243,0.0014119988049945313,-0.02708874821694322,177.33447876865276,-1.6003413298002318,-67.92186277087744,0.0005497787143782138,-0.012857666066517025,0.000887674457564316,0.30341775600433346,0.38432261983871463,-9.715742514743805
2026-09-11T19:05:53.463,8.218768223999973,0.0,0.0,0.0,0.0,0.0,0.0,0.0,0.0,0.0,0.0,0.029264450073242188,239.734375,10.535202026367188,0.0,0.0,0.0,1,1789167952.8356056,38.990286528333336,-76.94089847333333,-9.352999999999998,0,1,9.765625,6.185169,49.773025,1,1,1789167953.4568636,-0.8290370187262474,0.5585458102989115,0.0018933196229409047,-0.026844267913906376,177.32666280506132,-1.5384758576129274,-67.90263873294245,0.0009433504607029351,-0.008537278036130263,0.00022357667718047363,0.2873348497390747,0.39736546455383304,-9.701915138015746
2026-09-11T19:05:53.495,8.25217232,0.0,0.0,0.0,0.0,0.0,0.0,0.0,0.0,0.0,0.0,0.029264450073242188,239.734375,10.535202026367188,0.0,0.0,0.0,1,1789167952.8356056,38.990286528333336,-76.94089847333333,-9.352999999999998,0,1,9.765625,6.185169,49.773025,1,1,1789167953.4848638,-0.8291318185359708,0.5584011975497231,0.0018813956066866858,-0.02692564608027558,177.31941578497967,-1.5443527195327085,-67.88258352442035,-0.000990474350506782,-0.0015135495273294827,-0.0020402898955813715,0.3173431992340088,0.39442346950531004,-9.706131997585297
2026-09-11T19:05:53.530,8.285579007999957,0.0,0.0,0.0,0.0,0.0,0.0,0.0,0.0,0.0,0.0,0.029264450073242188,239.734375,10.535202026367188,0.0,0.0,0.0,1,1789167952.8356056,38.990286528333336,-76.94089847333333,-9.352999999999998,0,1,9.765625,6.185169,49.773025,1,1,1789167953.5248637,-0.8292225644424778,0.5582879645098952,0.0022136264277729575,-0.026449710033895502,177.3432409306667,-1.481944758512594,-67.86777525068457,0.0011615166172022262,0.0006656685767106373,0.0031719613825744947,0.24820631559371947,0.39187374046325685,-9.708877859630585
2026-09-11T19:05:53.563,8.318991359999984,0.0,0.0,0.0,0.0,0.0,0.0,0.0,0.0,0.0,0.0,0.029937744140625,245.25,10.777587890625,0.0,0.0,0.0,1,1789167952.8356056,38.990286528333336,-76.94089847333333,-9.352999999999998,0,1,9.765625,6.185169,49.773025,1,1,1789167953.5578637,-0.8292719680566139,0.558207270128377,0.0020769544121133337,-0.026614522947178414,177.33615402394878,-1.5052255646634227,-67.85630614747166,0.0011405726661782945,0.0021425661897482387,0.0007956956059842149,0.3139108716773987,0.4051127181816101,-9.69416788438797
2026-09-11T19:05:53.596,8.352394143999959,0.0,0.0,0.0,0.0,0.0,0.0,0.0,0.0,0.0,0.0,0.030160903930664062,247.078125,10.857925415039062,0.015258789993822575,5.493164397776127,164.45229229336869,1,1789167952.8356056,38.990286528333336,-76.94089847333333,-9.352999999999998,0,1,9.765625,6.185169,49.773025,1,1,1789167953.5848637,-0.8293100376913387,0.5581558908349168,0.0017738099069729628,-0.026527655551984095,177.363705276628,-1.528320272442894,-67.8488139564885,-0.0015814428352320619,0.00737174716164845,-0.0014144148258162046,0.30449648752212527,0.37981156076431277,-9.697306012439729
2026-09-11T19:05:53.629,8.385760863999963,0.0,0.0,0.0,0.0,0.0,0.0,0.0,0.0,0.0,0.0,0.03124237060546875,255.9375,11.24725341796875,0.0610351599752903,21.972657591104507,493.8901154601528,1,1789167952.8356056,38.990286528333336,-76.94089847333333,-9.352999999999998,0,1,9.765625,6.185169,49.773025,1,1,1789167953.6248636,-0.8294035673141122,0.5580217548888717,0.0021981460373302576,-0.026393403557844246,177.34911308197815,-1.4789617939135495,-67.83101890510596,0.0016369443054454816,0.005169141645631606,0.005464974953844645,0.2426165250015259,0.4345326686668396,-9.702013204517366
2026-09-11T19:05:53.663,8.419166528000005,0.0,0.0,0.0,0.0,0.0,0.0,0.0,0.0,0.0,0.0,0.032257080078125,264.25,11.612548828125,0.0,0.0,-657.7524575196728,1,1789167952.8356056,38.990286528333336,-76.94089847333333,-9.352999999999998,0,1,9.765625,6.185169,49.773025,1,1,1789167953.6568637,-0.8294212298423472,0.557979043588457,0.0019875284934304316,-0.026755562662866987,177.32803363764498,-1.522017346655565,-67.82454988238678,0.00037576938795437915,0.0058414424734998215,0.002346944245156775,0.3504896767807007,0.4080547132301331,-9.682792170200347
2026-09-11T19:05:53.697,8.452585663999969,0.0,0.0,0.0,0.0,0.0,0.0,0.0,0.0,0.0,0.0,0.03241729736328125,265.5625,11.67022705078125,0.015258789993822575,5.493164397776127,164.37182570435422,1,1789167952.8356056,38.990286528333336,-76.94089847333333,-9.352999999999998,0,1,9.765625,6.185169,49.773025,1,1,1789167953.6848636,-0.8294757283031662,0.5579079119079958,0.00130057320005136,-0.026591098054493036,177.38745022713633,-1.576588054126022,-67.81384231123347,-0.0029192377068857156,0.007775616350559938,-0.0008806931405563387,0.30076996046066284,0.29890669692993166,-9.721724571342468
2026-09-11T19:05:53.730,8.48602447999997,0.0,0.0,0.0,0.0,0.0,0.0,0.0,0.0,0.0,0.0,0.03395843505859375,278.1875,12.22503662109375,0.0610351599752903,21.972657591104507,492.8252601207,1,1789167952.8356056,38.990286528333336,-76.94089847333333,-9.352999999999998,0,1,9.765625,6.185169,49.773025,1,1,1789167953.7258637,-0.8295577179568827,0.5577813853856282,0.002107339071823721,-0.02663602480654064,177.3313945626867,-1.5023436600125541,-67.79751976804899,0.002506816404639456,-0.0027373743988279068,0.004665788689356441,0.31047854412078857,0.5238712516403199,-9.660531074333191
2026-09-11T19:05:53.763,8.519426656000007,0.0,0.0,0.0,0.0,0.0,0.0,0.0,0.0,0.0,0.0,0.034698486328125,284.25,12.491455078125,0.0,0.0,-657.8211428824081,1,1789167952.8356056,38.990286528333336,-76.94089847333333,-9.352999999999998,0,1,9.765625,6.185169,49.773025,1,1,1789167953.7568636,-0.8295550909794525,0.5577651201866672,0.001270870874949792,-0.027107316732650606,177.33994242001373,-1.6119725318170164,-67.79370685056739,-0.0005331980864842677,-0.002600191519621152,0.00032951816277652945,0.40501465167999273,0.33283770648956296,-9.687793561782836
2026-09-11T19:05:53.796,8.552829951999968,0.0,0.0,0.0,0.0,0.0,0.0,0.0,0.0,0.0,0.0,0.034698486328125,284.25,12.491455078125,0.0,0.0,0.0,1,1789167952.8356056,38.990286528333336,-76.94089847333333,-9.352999999999998,0,1,9.765625,6.185169,49.773025,1,1,1789167953.7848637,-0.8296452915212744,0.557675762672543,0.0012207648207495383,-0.026171429411279135,177.43205324364774,-1.5566164456881644,-67.78197463290505,-0.0018411478279288182,-0.004192804462065978,-0.0005867796945204936,0.1676937177658081,0.2944937043571472,-9.73849394311905
2026-09-11T19:05:53.830,8.586232736,0.0,0.0,0.0,0.0,0.0,0.0,0.0,0.0,0.0,0.0,0.035308837890625,289.25,12.711181640625,0.0,0.0,0.0,1,1789167952.8356056,38.990286528333336,-76.94089847333333,-9.352999999999998,0,1,9.765625,6.185169,49.773025,1,1,1789167953.8248637,-0.8297327362548833,0.557500708899473,0.001883975178708305,-0.027073909970586677,177.3034626601465,-1.5506736110529296,-67.75812031900534,0.00016929693744344997,-0.0018727382873899158,0.002023185668911827,0.4048185186767578,0.5308339732551575,-9.65906007680893
2026-09-11T19:05:53.864,8.619643520000011,0.0,0.0,0.0,0.0,0.0,0.0,0.0,0.0,0.0,0.0,0.035839080810546875,293.59375,12.902069091796875,0.0457763709127903,16.479493528604507,493.238755744218,1,1789167953.8428218,38.990286463333334,-76.94089857333333,-9.354,0,1,9.765625,6.185169,49.758916000000006,1,1,1789167953.8568637,-0.8298115769346844,0.5574058526402845,0.0018128232531259038,-0.02661157453783563,177.35184546387396,-1.5275885534244338,-67.74524323667627,-0.00028187067419708427,-0.002125636496003894,0.0006419320988835144,0.20338992435455325,0.2738016725158691,-9.718390310287475
2026-09-11T19:05:53.897,8.653059263999978,0.0,0.0,0.0,0.0,0.0,0.0,0.0,0.0,0.0,0.0,0.037555694580078125,307.65625,13.520050048828125,0.0762939527630806,27.465822994709015,328.77704192716175,1,1789167953.8428218,38.990286463333334,-76.94089857333333,-9.354,0,1,9.765625,6.185169,49.758916000000006,1,1,1789167953.8858638,-0.8298622042532687,0.5573530329457365,0.0017374484236835754,-0.026140005567522807,177.40145738569836,-1.5044585082210478,-67.7381675399065,-0.0007387978723691997,-0.005974960161277388,0.00032777283352453514,0.31322440616607666,0.40432818616867067,-9.686322564258575
2026-09-11T19:05:53.930,8.68647990400001,0.0,0.0,0.0,0.0,0.0,0.0,0.0,0.0,0.0,0.0,0.03973197937011719,325.484375,14.303512573242188,0.0762939527630806,27.465822994709015,0.0,1,1789167953.8428218,38.990286463333334,-76.94089857333333,-9.354,0,1,9.765625,6.185169,49.758916000000006,1,1,1789167953.9248636,-0.8299139008589071,0.5572470228508773,0.001820657421489764,-0.026746175269364455,177.3382369306555,-1.5349355753730276,-67.72323664406528,-0.0005799729104377158,0.0019106119321581924,-0.0007688175355035022,0.24614691905975342,0.3991306615829468,-9.689068426303864
2026-09-11T19:05:53.964,8.719881695999959,0.0,0.0,0.0,0.0,0.0,0.0,0.0,0.0,0.0,0.0,0.045806884765625,375.25,16.490478515625,0.2746582329273224,98.87696385383606,2137.943403133422,1,1789167953.8428218,38.990286463333334,-76.94089857333333,-9.354,0,1,9.765625,6.185169,49.758916000000006,1,1,1789167953.9568636,-0.8299606347929503,0.5572182902082157,0.001991097776059329,-0.02586807455458575,177.41091760482786,-1.4625340700927543,-67.72012643701412,-0.0006888814557621619,0.0004176572900022431,0.0047703339115509015,0.23673253490447999,0.3499012777709961,-9.718782576293945
2026-09-11T19:05:53.997,8.753285439999956,0.0,0.0,0.0,0.0,0.0,0.0,0.0,0.0,0.0,0.0,0.052032470703125,426.25,18.731689453125,-0.0457763709127903,-16.479493528604507,-3453.3990376183383,1,1789167953.8428218,38.990286463333334,-76.94089857333333,-9.354,0,1,9.765625,6.185169,49.758916000000006,1,1,1789167953.9858637,-0.8299930866796517,0.5571495881420149,0.0021379438523117123,-0.026291475676572095,177.36110876773054,-1.4753925728794057,-67.71058210425582,-0.000290248254606657,0.000534943415736262,0.004683416514801584,0.30567328554153445,0.4674830132102966,-9.664846000404358
2026-09-11T19:05:54.031,8.78670473599999,0.0,0.0,0.0,0.0,0.0,0.0,0.0,0.0,0.0,0.0,0.05237770080566406,429.078125,18.855972290039062,0.015258789993822575,5.493164397776127,657.4841650272492,1,1789167953.8428218,38.990286463333334,-76.94089857333333,-9.354,0,1,9.765625,6.185169,49.758916000000006,1,1,1789167954.0248637,-0.8300492643678334,0.5570710926810368,0.002133077925531074,-0.026181413257073956,177.371760940955,-1.468576996194154,-67.69981567969833,-0.0020334831114985933,0.00928305722550744,0.004697204615892339,0.27821466508865356,0.31469540369033816,-9.735355815067292
2026-09-11T19:05:54.064,8.820116735999989,0.0,0.0,0.0,0.0,0.0,0.0,0.0,0.0,0.0,0.0,0.0530242919921875,434.375,19.0887451171875,0.0457763709127903,16.479493528604507,328.81387318415216,1,1789167953.8428218,38.990286463333334,-76.94089857333333,-9.354,0,1,9.765625,6.185169,49.758916000000006,1,1,1789167954.0558636,-0.8300882080171543,0.5570090492598623,0.0018499478208005844,-0.026288089442826706,177.37955485604462,-1.5021332445203865,-67.69075484074425,-0.00026773350725593016,0.003613180617478661,0.0042221259934994825,0.2918459088134766,0.4619912891197204,-9.71054499015808
2026-09-11T19:05:54.097,8.853529151999965,0.0,0.0,0.0,0.0,0.0,0.0,0.0,0.0,0.0,0.0,0.053741455078125,440.25,19.346923828125,0.0,0.0,-493.21466393260323,1,1789167953.8428218,38.990286463333334,-76.94089857333333,-9.354,0,1,9.765625,6.185169,49.758916000000006,1,1,1789167954.0848637,-0.8301204934541278,0.5569383898978827,0.002328975618953346,-0.02672399816636533,177.30735470322298,-1.4841599052703254,-67.68144217643598,0.0008365363104808821,0.003025877324182569,0.006487912428438521,0.23584993638992308,0.4637564861488342,-9.709564325141907
2026-09-11T19:05:54.131,8.886934271999962,0.0,0.0,0.0,0.0,0.0,0.0,0.0,0.0,0.0,0.0,0.05437469482421875,445.4375,19.57489013671875,0.015258791856467724,5.493165068328381,164.44081231645842,1,1789167953.8428218,38.990286463333334,-76.94089857333333,-9.354,0,1,9.765625,6.185169,49.758916000000006,1,1,1789167954.1248636,-0.8301497583941219,0.5568975814853651,0.0013794954057521763,-0.026731243262479658,177.3671519829136,-1.574844096842973,-67.6743791001281,-0.000739321471144798,-0.0032218777991815323,0.0007592182246175333,0.4139387033271789,0.33617196754455564,-9.689264559307098
2026-09-11T19:05:54.164,8.920335615999988,0.0,0.0,0.0,0.0,0.0,0.0,0.0,0.0,0.0,0.0,0.054473876953125,446.25,19.610595703125,0.0,0.0,-164.4594022421392,1,1789167953.8428218,38.990286463333334,-76.94089857333333,-9.354,0,1,9.765625,6.185169,49.758916000000006,1,1,1789167954.1568637,-0.8302299827657494,0.5567728113572056,0.001270148257726279,-0.026843974623371587,177.36314989469403,-1.592051216755865,-67.65692700937272,-0.0011463322527098757,-0.0028387780283687766,-0.002802126114076896,0.26330855684280396,0.4055049841880798,-9.695835014915467
2026-09-11T19:05:54.198,8.95377775999998,0.0,0.0,0.0,0.0,0.0,0.0,0.0,0.0,0.0,0.0,0.054473876953125,446.25,19.610595703125,0.0,0.0,0.0,1,1789167953.8428218,38.990286463333334,-76.94089857333333,-9.354,0,1,9.765625,6.185169,49.758916000000006,1,1,1789167954.1848636,-0.8303058776439947,0.5566567830161985,0.0018232891699069289,-0.026871008326743703,177.32508719834073,-1.5407593480179107,-67.64170328831887,0.0015789993742792699,-0.008066213671016993,0.002701769682087222,0.2755668695449829,0.4440451193237305,-9.68995102481842
2026-09-11T19:05:54.231,8.987191551999956,0.0,0.0,0.0,0.0,0.0,0.0,0.0,0.0,0.0,0.0,0.054473876953125,446.25,19.610595703125,0.0,0.0,0.0,1,1789167953.8428218,38.990286463333334,-76.94089857333333,-9.354,0,1,9.765625,6.185169,49.758916000000006,1,1,1789167954.2248638,-0.830378313331998,0.5565446436782924,0.0011393921268189758,-0.026992927341993617,177.35685585692306,-1.6132775871808893,-67.62515610289782,-0.0011948524059153178,-0.008576373411374936,-0.004171685978116847,0.34539021869659425,0.35352973833084106,-9.690833623332978
2026-09-11T19:05:54.264,9.020597631999976,0.0,0.0,0.0,0.0,0.0,0.0,0.0,0.0,0.0,0.0,0.054473876953125,446.25,19.610595703125,0.0,0.0,0.0,1,1789167953.8428218,38.990286463333334,-76.94089857333333,-9.354,0,1,9.765625,6.185169,49.758916000000006,1,1,1789167954.2578638,-0.8305121996645171,0.5563746460808563,0.001698780103926619,-0.0263411000712961,177.38299072414833,-1.51790408962641,-67.60297086287582,-0.0005583308277129859,-0.012706869619144716,-0.0032445670794574587,0.2184921656036377,0.38383228733062746,-9.707112662601471
2026-09-11T19:05:54.297,9.054002687999969,0.0,0.0,0.0,0.0,0.0,0.0,0.0,0.0,0.0,0.0,0.054473876953125,446.25,19.610595703125,0.0,0.0,0.0,1,1789167953.8428218,38.990286463333334,-76.94089857333333,-9.354,0,1,9.765625,6.185169,49.758916000000006,1,1,1789167954.2848637,-0.8305866386720666,0.5562434833859324,0.0020804766527412867,-0.02673377016096205,177.32101482345885,-1.5061895209950278,-67.58518255914916,0.0010953686385516412,-0.01143155753471246,-0.0004071853144902771,0.33577970153808595,0.46846367822647095,-9.673279719543457
2026-09-11T19:05:54.331,9.087405983999986,0.0,0.0,0.0,0.0,0.0,0.0,0.0,0.0,0.0,0.0,0.054473876953125,446.25,19.610595703125,0.0,0.0,0.0,1,1789167953.8428218,38.990286463333334,-76.94089857333333,-9.354,0,1,9.765625,6.185169,49.758916000000006,1,1,1789167954.3248637,-0.8307074435259298,0.5560889307912398,0.0022266282950258514,-0.02617797640203523,177.36439638157086,-1.456341218835351,-67.56447396709302,-0.0005845107664929009,-0.006944141494909839,-0.001414938424591803,0.18112882848739625,0.30949787910461424,-9.7235878348732
2026-09-11T19:05:54.365,9.120811711999977,0.0,0.0,0.0,0.0,0.0,0.0,0.0,0.0,0.0,0.0,0.054473876953125,446.25,19.610595703125,0.0,0.0,0.0,1,1789167953.8428218,38.990286463333334,-76.94089857333333,-9.354,0,1,9.765625,6.185169,49.758916000000006,1,1,1789167954.3568637,-0.8307753293759317,0.5559906729698404,0.002365621092951231,-0.026098419639905845,177.36295575715803,-1.437722408843181,-67.55119557220424,-0.00042341687653382434,-0.004239753818944625,0.0008321729873508963,0.31312633966445924,0.4567937645339966,-9.678673377132416
2026-09-11T19:05:54.398,9.154228639999985,0.0,0.0,0.0,0.0,0.0,0.0,0.0,0.0,0.0,0.0,0.054473876953125,446.25,19.610595703125,0.0,0.0,0.0,1,1789167953.8428218,38.990286463333334,-76.94089857333333,-9.354,0,1,9.765625,6.185169,49.758916000000006,1,1,1789167954.3968637,-0.8308690713084402,0.5558461194068263,0.002333385833011676,-0.02619605302286528,177.3554515087699,-1.446555407649816,-67.53114989141878,-0.00047612581994405307,0.006874153791904866,0.000765152344074314,0.19878079877853394,0.352156807308197,-9.72623563041687
2026-09-11T19:05:54.431,9.18763004799996,0.0,0.0,0.0,0.0,0.0,0.0,0.0,0.0,0.0,0.0,0.054473876953125,446.25,19.610595703125,0.0,0.0,0.0,1,1789167953.8428218,38.990286463333334,-76.94089857333333,-9.354,0,1,9.765625,6.185169,49.758916000000006,1,1,1789167954.4248636,-0.8309082674227178,0.5558069131684052,0.002388726465678845,-0.025776353284715333,177.3918677387755,-1.4144169532045217,-67.52610787941182,-0.0005047492196767602,0.0003904301536711315,0.001530304688148628,0.3037119555091858,0.3856955508613586,-9.698482810459137
2026-09-11T19:05:54.464,9.22102995199998,0.0,0.0,0.0,0.0,0.0,0.0,0.0,0.0,0.0,0.0,0.054473876953125,446.25,19.610595703125,0.0,0.0,0.0,1,1789167953.8428218,38.990286463333334,-76.94089857333333,-9.354,0,1,9.765625,6.185169,49.758916000000006,1,1,1789167954.4568636,-0.8309873971330618,0.5556533276090841,0.0019759815521420165,-0.026559759409237313,177.34318674728488,-1.5031556489417184,-67.50377147628414,-0.0005061454830783556,0.0015538666330505515,-0.0028310985796600016,0.35068580978393554,0.4167826318740845,-9.669553192481995
2026-09-11T19:05:54.498,9.254432063999957,0.0,0.0,0.0,0.0,0.0,0.0,0.0,0.0,0.0,0.0,0.054473876953125,446.25,19.610595703125,0.0,0.0,0.0,1,1789167953.8428218,38.990286463333334,-76.94089857333333,-9.354,0,1,9.765625,6.185169,49.758916000000006,1,1,1789167954.4968636,-0.8310943122800314,0.5555195925038365,0.0024225609293089005,-0.025968396921968572,177.37091602402347,-1.4225226512721447,-67.48643000038716,-0.0006208136149343829,0.0005616469532917752,-0.0003932226804743225,0.2438913895225525,0.3933447379875183,-9.709172059135437
2026-09-11T19:05:54.532,9.287843775999988,0.0,0.0,0.0,0.0,0.0,0.0,0.0,0.0,0.0,0.0,0.054473876953125,446.25,19.610595703125,0.0,0.0,0.0,1,1789167953.8428218,38.990286463333334,-76.94089857333333,-9.354,0,1,9.765625,6.185169,49.758916000000006,1,1,1789167954.5248637,-0.8311135546202957,0.555463626369161,0.0019594967706579097,-0.026581562776554084,177.3418136829944,-1.5055083368155502,-67.4775833346338,0.0005766567848589265,-0.002411521427480565,0.0011615166172022262,0.43198293962478634,0.4358075331878662,-9.661413672847749
2026-09-11T19:05:54.565,9.321254815999964,0.0,0.0,0.0,0.0,0.0,0.0,0.0,0.0,0.0,0.0,0.054473876953125,446.25,19.610595703125,0.0,0.0,0.0,1,1789167953.8428218,38.990286463333334,-76.94089857333333,-9.354,0,1,9.765625,6.185169,49.758916000000006,1,1,1789167954.5568635,-0.8312050097858298,0.555344764348891,0.001788258541319438,-0.02621500617209032,177.38744604546196,-1.498106621769803,-67.4611984945694,-0.00018884462506578645,-0.0008285077959217082,-0.0027548276913478497,0.22221869266510008,0.3201871277809143,-9.734277083549498
2026-09-11T19:05:54.598,9.354658047999976,0.0,0.0,0.0,0.0,0.0,0.0,0.0,0.0,0.0,0.0,0.054473876953125,446.25,19.610595703125,0.0,0.0,0.0,1,1789167953.8428218,38.990286463333334,-76.94089857333333,-9.354,0,1,9.765625,6.185169,49.758916000000006,1,1,1789167954.5968637,-0.8312764090853776,0.5552332657339835,0.002100425224576548,-0.026289551810012662,177.36028424198523,-1.4727553540415124,-67.44625302733732,-0.0009704030641088471,-0.0033339279371595682,-0.0012334241823843926,0.3639247875022888,0.48856731105804446,-9.667886061954498
2026-09-11T19:05:54.632,9.388056415999984,0.0,0.0,0.0,0.0,0.0,0.0,0.0,0.0,0.0,0.0,0.054473876953125,446.25,19.610595703125,0.0,0.0,0.0,1,1789167953.8428218,38.990286463333334,-76.94089857333333,-9.354,0,1,9.765625,6.185169,49.758916000000006,1,1,1789167954.6248636,-0.8313247609403798,0.5551470674376866,0.0016614565435915266,-0.026610428874988545,177.35743779199714,-1.5347354210386013,-67.43349127355619,0.00025429447201557383,-0.0026492352716021928,-0.0010953686385516412,0.28625611822128294,0.35284327281951905,-9.693285285873413
2026-09-11T19:05:54.665,9.421464671999956,0.0,0.0,0.0,0.0,0.0,0.0,0.0,0.0,0.0,0.0,0.054473876953125,446.25,19.610595703125,0.0,0.0,0.0,1,1789167953.8428218,38.990286463333334,-76.94089857333333,-9.354,0,1,9.765625,6.185169,49.758916000000006,1,1,1789167954.6558638,-0.8314203495063084,0.555046096249139,0.00208583635561558,-0.025684289986236085,177.41861201802615,-1.4350378130443517,-67.42084721047243,0.0012161454227896489,-0.004295429822083244,0.0025350907385217635,0.17269510934829713,0.3643170535087586,-9.703091936035156
2026-09-11T19:05:54.699,9.454879263999999,0.0,0.0,0.0,0.0,0.0,0.0,0.0,0.0,0.0,0.0,0.054473876953125,446.25,19.610595703125,0.0,0.0,0.0,1,1789167953.8428218,38.990286463333334,-76.94089857333333,-9.354,0,1,9.765625,6.185169,49.758916000000006,1,1,1789167954.6968637,-0.8314668825430451,0.5549287377850168,0.0017789867803729529,-0.026716182745920112,177.33947683431083,-1.529567486591336,-67.40350950496028,-0.001041612497590216,-0.000995361272412366,-0.000369660735572399,0.3643170535087586,0.4406127917671203,-9.661609805850983
2026-09-11T19:05:54.732,9.48828419199998,0.0,0.0,0.0,0.0,0.0,0.0,0.0,0.0,0.0,0.0,0.054473876953125,446.25,19.610595703125,0.0,0.0,0.0,1,1789167953.8428218,38.990286463333334,-76.94089857333333,-9.354,0,1,9.765625,6.185169,49.758916000000006,1,1,1789167954.7238636,-0.831532642993112,0.55486441247176,0.0018803361055119996,-0.025988684949201247,177.40232055717777,-1.473424306917514,-67.39530420702215,0.0008829620685839313,0.0022354177059543375,-0.00039531707557671563,0.1701453803062439,0.30233902448654176,-9.735846147575378
2026-09-11T19:05:54.765,9.521685151999975,0.0,0.0,0.0,0.0,0.0,0.0,0.0,0.0,0.0,0.0,0.054473876953125,446.25,19.610595703125,0.0,0.0,0.0,1,1789167953.8428218,38.990286463333334,-76.94089857333333,-9.354,0,1,9.765625,6.185169,49.758916000000006,1,1,1789167954.7568636,-0.831578572696855,0.5547962173762944,0.0019019847814582824,-0.02597339158269608,177.40228322050467,-1.4701750293625173,-67.38595259642378,0.001539903999034597,0.004445877203605156,0.0008808676734815381,0.3659841840362549,0.4714056732749939,-9.677300446109772
2026-09-11T19:05:54.799,9.555089087999988,0.0,0.0,0.0,0.0,0.0,0.0,0.0,0.0,0.0,0.0,0.054473876953125,446.25,19.610595703125,0.0,0.0,0.0,1,1789167953.8428218,38.990286463333334,-76.94089857333333,-9.354,0,1,9.765625,6.185169,49.758916000000006,1,1,1789167954.7968636,-0.8316487083928883,0.5546747450610067,0.0014429137824017544,-0.026349023127329313,177.3953927309114,-1.537446338132681,-67.36828934607612,-0.00022759093446006055,0.005827130773633468,-0.0043929937272697275,0.2662505518913269,0.35009741077423095,-9.714761849727632
2026-09-11T19:05:54.832,9.588518464000003,0.0,0.0,0.0,0.0,0.0,0.0,0.0,0.0,0.0,0.0,0.05404472351074219,442.734375,19.456100463867188,0.0,0.0,0.0,1,1789167953.8428218,38.990286463333334,-76.94089857333333,-9.354,0,1,9.765625,6.185169,49.758916000000006,1,1,1789167954.8248637,-0.8317438350496305,0.554548460480427,0.0013790298813228501,-0.026005693843996182,177.43197870367598,-1.521314990170363,-67.35104842665123,0.001671676357560169,0.021632657946768916,0.001815666020849701,0.24467592153549195,0.3573543318939209,-9.72241103685379
2026-09-11T19:05:54.866,9.621926015999975,0.0,0.0,0.0,0.0,0.0,0.0,0.0,0.0,0.0,0.0,0.05330848693847656,436.703125,19.191055297851562,-0.0305175818502903,-10.986329466104507,-328.857662666031,1,1789167954.8490434,38.99028637666667,-76.94089871666667,-9.352,0,1,9.765625,6.185169,49.758916000000006,1,1,1789167954.8568637,-0.8318220241110774,0.5543983230799703,0.0010744543980627573,-0.02671076782148812,177.38375400080835,-1.5947073305797292,-67.32943980477276,0.00027366762671271087,0.029351725629564236,-0.0014903366482779579,0.32901311292648316,0.4636584196472168,-9.699561541976928
2026-09-11T19:05:54.899,9.655329663999964,0.0,0.0,0.0,0.0,0.0,0.0,0.0,0.0,0.0,0.0,0.052593231201171875,430.84375,18.933563232421875,-0.015258789993822575,-5.493164397776127,164.44805873688122,1,1789167954.8490434,38.99028637666667,-76.94089871666667,-9.352,0,1,9.765625,6.185169,49.758916000000006,1,1,1789167954.8968637,-0.8319215721301554,0.5542569345323504,0.0009013065248121473,-0.02655063076164033,177.40975941027494,-1.6006001796823202,-67.30985324557763,0.0007131415323648831,0.027524714968576575,-0.0006407103684071184,0.19593687023162842,0.36657258304595947,-9.717605778274537
2026-09-11T19:05:54.931,9.688727104000009,0.0,0.0,0.0,0.0,0.0,0.0,0.0,0.0,0.0,0.0,0.05245208740234375,429.6875,18.88275146484375,-0.015258789993822575,-5.493164397776127,0.0,1,1789167954.8490434,38.99028637666667,-76.94089871666667,-9.352,0,1,9.765625,6.185169,49.758916000000006,1,1,1789167954.9248636,-0.8319969128806468,0.5541284044643828,0.0008988450694485036,-0.0268708094476499,177.37910440974397,-1.620774840818879,-67.29191297926407,0.00373343380294107,0.028214818154815132,0.0013540264336972007,0.3366623000526428,0.41913622791290284,-9.67622171459198
2026-09-11T19:05:54.966,9.722125376000008,0.0,0.0,0.0,0.0,0.0,0.0,0.0,0.0,0.0,0.0,0.05245780944824219,429.734375,18.884811401367188,0.0,0.0,164.47450927330064,1,1789167954.8490434,38.99028637666667,-76.94089871666667,-9.352,0,1,9.765625,6.185169,49.758916000000006,1,1,1789167954.9568636,-0.8320759338691943,0.5539798083493567,0.0003493350436082082,-0.027493457075196202,177.35423228120547,-1.7122695730606148,-67.27024863247738,0.0022033036477176414,0.015371463788164457,-0.0013131857292005336,0.38098835878372195,0.39589446702957154,-9.713388918704986
2026-09-11T19:05:55.000,9.755542751999997,0.0,0.0,0.0,0.0,0.0,0.0,0.0,0.0,0.0,0.0,0.05233573913574219,428.734375,18.840866088867188,0.0,0.0,0.0,1,1789167954.8490434,38.99028637666667,-76.94089871666667,-9.352,0,1,9.765625,6.185169,49.758916000000006,1,1,1789167954.9968636,-0.8322022295044064,0.553803554261676,0.000880210909393325,-0.02720841273917158,177.34741777468074,-1.64296415455796,-67.24691001820854,0.0014508922071828861,-0.008037241205433887,0.0035559338180132473,0.27811659858703613,0.3976596640586853,-9.683870901718139
2026-09-11T19:05:55.033,9.788950720000003,0.0,0.0,0.0,0.0,0.0,0.0,0.0,0.0,0.0,0.0,0.052764892578125,432.25,18.995361328125,0.0,0.0,0.0,1,1789167954.8490434,38.99028637666667,-76.94089871666667,-9.352,0,1,9.765625,6.185169,49.758916000000006,1,1,1789167955.0248637,-0.8322146858768253,0.5537204764301122,0.0016083054350130104,-0.02845635160336659,177.1819090575136,-1.652457058971695,-67.23558211127566,0.0014360569085409346,-0.009559342846098143,0.0003836233695883536,0.3561775338745117,0.692055301914215,-9.630130458831786
2026-09-11T19:05:55.066,9.822361759999978,0.0,0.0,0.0,0.0,0.0,0.0,0.0,0.0,0.0,0.0,0.052886962890625,433.25,19.039306640625,0.0,0.0,0.0,1,1789167954.8490434,38.99028637666667,-76.94089871666667,-9.352,0,1,9.765625,6.185169,49.758916000000006,1,1,1789167955.0558636,-0.8321854439365816,0.5537541078466234,0.0011872662514268591,-0.028676913047141622,177.1876136155627,-1.706742185094677,-67.23939841951461,-0.00022584560520806624,-0.012712803738601496,-0.0003562217003320427,0.43492493467330934,0.534364367313385,-9.591590323696137
2026-09-11T19:05:55.099,9.855764191999981,0.0,0.0,0.0,0.0,0.0,0.0,0.0,0.0,0.0,0.0,0.05227851867675781,428.265625,18.820266723632812,-0.0305175818502903,-10.986329466104507,-328.908070708853,1,1789167954.8490434,38.99028637666667,-76.94089871666667,-9.352,0,1,9.765625,6.185169,49.758916000000006,1,1,1789167955.0968637,-0.8321562264041794,0.553855186761161,2.270967393159535e-05,-0.027576193333856632,177.36679367650956,-1.7482875602979158,-67.25261595293345,-0.0007815584390430608,-0.014573673787077851,-0.004954815213486702,0.1912296781539917,0.3307783099555969,-9.600220175838471
2026-09-11T19:05:55.133,9.889163392,0.0,0.0,0.0,0.0,0.0,0.0,0.0,0.0,0.0,0.0,0.05143928527832031,421.390625,18.518142700195312,-0.0305175818502903,-10.986329466104507,0.0,1,1789167954.8490434,38.99028637666667,-76.94089871666667,-9.352,0,1,9.765625,6.185169,49.758916000000006,1,1,1789167955.1238637,-0.8321400381231915,0.553918898556292,-0.0005247483613163234,-0.026768179125134305,177.47880734095583,-1.7494047417527079,-67.2614094266556,-0.002272069620246218,-0.015532906743973935,-0.00437379510549779,0.3188141967582702,0.37490823568344117,-9.691814288349152
2026-09-11T19:05:55.166,9.92256384000001,0.0,0.0,0.0,0.0,0.0,0.0,0.0,0.0,0.0,0.0,0.05123710632324219,419.734375,18.445358276367188,0.0,0.0,328.9276079800354,1,1789167954.8490434,38.99028637666667,-76.94089871666667,-9.352,0,1,9.765625,6.185169,49.758916000000006,1,1,1789167955.1568637,-0.832099597519475,0.5540372600855747,-0.0007696606233711078,-0.025541767114310113,177.61167951372389,-1.6952312329537815,-67.27843145188757,-0.00013788101090755206,-0.013810615838105932,-0.0016627751783749977,0.2342808723640442,0.31351860567092893,-9.71329085220337
2026-09-11T19:05:55.200,9.955979583999977,0.0,0.0,0.0,0.0,0.0,0.0,0.0,0.0,0.0,0.0,0.05123710632324219,419.734375,18.445358276367188,0.0,0.0,0.0,1,1789167954.8490434,38.99028637666667,-76.94089871666667,-9.352,0,1,9.765625,6.185169,49.758916000000006,1,1,1789167955.1958637,-0.8320289018407292,0.5541978739788166,-0.0011781605248856095,-0.02431532267619179,177.75500039801182,-1.6567393634571337,-67.3011225395874,0.0018884462506578647,-0.0017931512734989741,0.0012547171992587235,0.30233902448654176,0.36382672100067137,-9.708681726627349
2026-09-11T19:05:55.233,9.989386623999962,0.0,0.0,0.0,0.0,0.0,0.0,0.0,0.0,0.0,0.0,0.05123710632324219,419.734375,18.445358276367188,0.0,0.0,0.0,1,1789167954.8490434,38.99028637666667,-76.94089871666667,-9.352,0,1,9.765625,6.185169,49.758916000000006,1,1,1789167955.2248638,-0.8320136439393907,0.554227023186541,-0.001698728870520273,-0.02414161114563182,177.80468466214995,-1.6954345974403862,-67.30484999197121,-0.0010780898789568972,0.0074789103777209015,-0.002749068104816269,0.3049868200302124,0.32283492332458497,-9.6937756183815
2026-09-11T19:05:55.266,10.02278729599999,0.0,0.0,0.0,0.0,0.0,0.0,0.0,0.0,0.0,0.0,0.05123710632324219,419.734375,18.445358276367188,0.0,0.0,0.0,1,1789167954.8490434,38.99028637666667,-76.94089871666667,-9.352,0,1,9.765625,6.185169,49.758916000000006,1,1,1789167955.2568636,-0.8320047686442864,0.5542598747286204,-0.001689158584314184,-0.023689722713837902,177.84727296430904,-1.6658975890097107,-67.30973336440769,-0.00038728856101754173,0.01522677599317413,0.0022797490689549934,0.26232789182662963,0.3679455140686035,-9.698090544452667
2026-09-11T19:05:55.300,10.056189952000011,0.0,0.0,0.0,0.0,0.0,0.0,0.0,0.0,0.0,0.0,0.05123710632324219,419.734375,18.445358276367188,0.0,0.0,0.0,1,1789167954.8490434,38.99028637666667,-76.94089871666667,-9.352,0,1,9.765625,6.185169,49.758916000000006,1,1,1789167955.2968636,-0.8319361676876907,0.5543400659801555,-0.002230190731530626,-0.024172926830157582,177.83567133405856,-1.7484112016263753,-67.32001514319553,0.001117883385902368,0.019986637929213062,0.0019912461436003303,0.32283492332458497,0.40364172065734866,-9.684067034721375
2026-09-11T19:05:55.333,10.08958966399996,0.0,0.0,0.0,0.0,0.0,0.0,0.0,0.0,0.0,0.0,0.05123710632324219,419.734375,18.445358276367188,0.0,0.0,0.0,1,1789167954.8490434,38.99028637666667,-76.94089871666667,-9.352,0,1,9.765625,6.185169,49.758916000000006,1,1,1789167955.3248637,-0.831907006975901,0.5543730903861843,-0.0021909794073360386,-0.024421466157993708,177.8095312150021,-1.760551749925027,-67.32438763028111,-0.002099805623074378,0.01660261904252126,-0.0004993386989955777,0.28566771921157835,0.42325502098083495,-9.69416788438797
2026-09-11T19:05:55.367,10.123005343999978,0.0,0.0,0.0,0.0,0.0,0.0,0.0,0.0,0.0,0.0,0.05123710632324219,419.734375,18.445358276367188,0.0,0.0,0.0,1,1789167954.8490434,38.99028637666667,-76.94089871666667,-9.352,0,1,9.765625,6.185169,49.758916000000006,1,1,1789167955.3568637,-0.8318572085675401,0.5544222462514603,-0.002602184109385846,-0.02495568178925088,177.7847653072014,-1.833850317285009,-67.33044381794278,-0.0008082619765985739,0.011262958728969808,0.0004756022211684548,0.36931844509124756,0.42668734853744505,-9.702895803031922
2026-09-11T19:05:55.400,10.156420799999978,0.0,0.0,0.0,0.0,0.0,0.0,0.0,0.0,0.0,0.0,0.05123710632324219,419.734375,18.445358276367188,0.0,0.0,0.0,1,1789167954.8490434,38.99028637666667,-76.94089871666667,-9.352,0,1,9.765625,6.185169,49.758916000000006,1,1,1789167955.3968637,-0.8318156031571335,0.554455628282181,-0.0022566340613123445,-0.02562549927825225,177.69896998470477,-1.8435583516713534,-67.33470428298301,-0.0003070034154258026,0.010861009402235514,0.0004253367387110181,0.27537073654174804,0.4646390846633911,-9.682596037197113
2026-09-11T19:05:55.433,10.189820703999999,0.0,0.0,0.0,0.0,0.0,0.0,0.0,0.0,0.0,0.0,0.05123710632324219,419.734375,18.445358276367188,0.0,0.0,0.0,1,1789167954.8490434,38.99028637666667,-76.94089871666667,-9.352,0,1,9.765625,6.185169,49.758916000000006,1,1,1789167955.4248636,-0.8317631932542003,0.554543742849548,-0.0024718458923886576,-0.02539916518066276,177.7344334920149,-1.849936717556388,-67.34688555776764,-0.0017640042749906687,-0.0013667673372367596,0.0022530455313994804,0.33646616704940796,0.3510780757904053,-9.694265950889587
2026-09-11T19:05:55.467,10.22322057599996,0.0,0.0,0.0,0.0,0.0,0.0,0.0,0.0,0.0,0.0,0.051666259765625,423.25,18.599853515625,0.0,0.0,0.0,1,1789167954.8490434,38.99028637666667,-76.94089871666667,-9.352,0,1,9.765625,6.185169,49.758916000000006,1,1,1789167955.4568636,-0.8317074020595018,0.5546510903799547,-0.003003597563233858,-0.0248182130992496,177.82388861529924,-1.8639958594375143,-67.36184900412341,-0.0007476990515543708,-0.012695001380231155,0.0013522811044452065,0.3416636916351319,0.31744126573562625,-9.700836406497956
2026-09-11T19:05:55.500,10.256623999999988,0.0,0.0,0.0,0.0,0.0,0.0,0.0,0.0,0.0,0.0,0.051788330078125,424.25,18.643798828125,0.0,0.0,0.0,1,1789167954.8490434,38.99028637666667,-76.94089871666667,-9.352,0,1,9.765625,6.185169,49.758916000000006,1,1,1789167955.4968636,-0.8316934606973548,0.55468666031813,-0.0033855708886738837,-0.024438375726193666,177.88447970708648,-1.876359414491178,-67.36688548298316,-0.000461988653002899,-0.01605790178297383,-0.0024150120859845535,0.3758889006996155,0.32528658586502074,-9.680536640663147
2026-09-11T19:05:55.534,10.290031199999987,0.0,0.0,0.0,0.0,0.0,0.0,0.0,0.0,0.0,0.0,0.051788330078125,424.25,18.643798828125,0.0,0.0,0.0,1,1789167954.8490434,38.99028637666667,-76.94089871666667,-9.352,0,1,9.765625,6.185169,49.758916000000006,1,1,1789167955.5248637,-0.8317435724423777,0.5546193238272032,-0.003149821500326864,-0.024292261376070014,177.8832933989909,-1.8444177338537557,-67.35784775300425,-0.0012187634166676404,-0.02006430508092681,-0.005182057082096364,0.3188141967582702,0.3609827924537659,-9.701719005012512
2026-09-11T19:05:55.568,10.323439039999982,0.0,0.0,0.0,0.0,0.0,0.0,0.0,0.0,0.0,0.0,0.051788330078125,424.25,18.643798828125,0.0,0.0,0.0,1,1789167954.8490434,38.99028637666667,-76.94089871666667,-9.352,0,1,9.765625,6.185169,49.758916000000006,1,1,1789167955.5568635,-0.8317770548525695,0.5545745081468342,-0.002200263204018621,-0.024273540662940025,177.8246623120299,-1.7525633175409603,-67.3522447821988,0.0002345722514680379,-0.01874850135784829,-0.00033021629447732716,0.24163585998535156,0.443260587310791,-9.685243832740785
2026-09-11T19:05:55.601,10.356847679999987,0.0,0.0,0.0,0.0,0.0,0.0,0.0,0.0,0.0,0.0,0.051788330078125,424.25,18.643798828125,0.0,0.0,0.0,1,1789167954.8490434,38.99028637666667,-76.94089871666667,-9.352,0,1,9.765625,6.185169,49.758916000000006,1,1,1789167955.5978637,-0.8317564988170658,0.554594773796972,-0.0015189474558730137,-0.024565348588777628,177.75358152802474,-1.7062005747094715,-67.35530627140405,-0.00031817352263856626,-0.006182130743489115,-0.0011861257596553466,0.2817450591468811,0.4387495282363892,-9.703680335044861
2026-09-11T19:05:55.634,10.390248864,0.0,0.0,0.0,0.0,0.0,0.0,0.0,0.0,0.0,0.0,0.051788330078125,424.25,18.643798828125,0.0,0.0,0.0,1,1789167954.8490434,38.99028637666667,-76.94089871666667,-9.352,0,1,9.765625,6.185169,49.758916000000006,1,1,1789167955.6248636,-0.8317458701450016,0.554602235786663,-0.0011925187849101686,-0.024773886576724576,177.71296265268177,-1.6883527977396984,-67.3564450716591,-0.00030839967882739805,-0.00039217548292312584,-0.0013479177813152205,0.2724287414932251,0.4629719541358948,-9.69456015039444
2026-09-11T19:05:55.668,10.423647551999977,0.0,0.0,0.0,0.0,0.0,0.0,0.0,0.0,0.0,0.0,0.051788330078125,424.25,18.643798828125,0.0,0.0,0.0,1,1789167954.8490434,38.99028637666667,-76.94089871666667,-9.352,0,1,9.765625,6.185169,49.758916000000006,1,1,1789167955.6568637,-0.8317040464435443,0.554648429047322,-0.0008668661990134506,-0.02515447927835896,177.6560539263291,-1.6816283023296226,-67.36280894200786,0.0006209881478595825,0.00800896687155158,0.00047193702973926673,0.2736055395126343,0.46414875215530393,-9.685538032245637
2026-09-11T19:05:55.701,10.457064831999958,0.0,0.0,0.0,0.0,0.0,0.0,0.0,0.0,0.0,0.0,0.051788330078125,424.25,18.643798828125,0.0,0.0,0.0,1,1789167954.8490434,38.99028637666667,-76.94089871666667,-9.352,0,1,9.765625,6.185169,49.758916000000006,1,1,1789167955.6968637,-0.8316073660630672,0.5548010087724505,-0.0014657611413024744,-0.024957582394846394,177.71320399232735,-1.7266323976091082,-67.38344924168652,-0.0003551745027808461,0.016783260620102672,-0.000828856861772107,0.3030254899978638,0.37539856819152834,-9.706818463096619
2026-09-11T19:05:55.734,10.490472704000013,0.0,0.0,0.0,0.0,0.0,0.0,0.0,0.0,0.0,0.0,0.051788330078125,424.25,18.643798828125,0.0,0.0,0.0,1,1789167954.8490434,38.99028637666667,-76.94089871666667,-9.352,0,1,9.765625,6.185169,49.758916000000006,1,1,1789167955.7248638,-0.8315588323966028,0.5548709685506354,-0.0019255598330697786,-0.02498817204614584,177.73965275382025,-1.7726048014913327,-67.3926993019225,0.0003338814859065153,0.014990807478304495,0.0014652039070492395,0.31116500963211063,0.3942273365020752,-9.68494963323593
2026-09-11T19:05:55.767,10.52387321599997,0.0,0.0,0.0,0.0,0.0,0.0,0.0,0.0,0.0,0.0,0.051788330078125,424.25,18.643798828125,0.0,0.0,0.0,1,1789167954.8490434,38.99028637666667,-76.94089871666667,-9.352,0,1,9.765625,6.185169,49.758916000000006,1,1,1789167955.7568636,-0.8315238451601406,0.5549252736375185,-0.0022570103955614276,-0.024918698049734362,177.76746314181094,-1.7999304954385618,-67.40000109247312,0.00015289084247470326,0.00894760494327413,0.0011861257596553466,0.3168528667259216,0.3634344549942017,-9.693971751384735
2026-09-11T19:05:55.801,10.55727699199997,0.0,0.0,0.0,0.0,0.0,0.0,0.0,0.0,0.0,0.0,0.051788330078125,424.25,18.643798828125,0.0,0.0,0.0,1,1789167954.8490434,38.99028637666667,-76.94089871666667,-9.352,0,1,9.765625,6.185169,49.758916000000006,1,1,1789167955.7968636,-0.8314785707509137,0.5549976111565306,-0.002861220364208442,-0.024755835889537753,177.8215646550395,-1.8473610366723758,-67.40972706696331,-0.000509112542806746,0.0007890633548266364,-0.0008499753457212385,0.355785267868042,0.36686678255081173,-9.695442748908997
2026-09-11T19:05:55.835,10.590674495999963,0.0,0.0,0.0,0.0,0.0,0.0,0.0,0.0,0.0,0.0,0.051788330078125,424.25,18.643798828125,0.0,0.0,0.0,1,1789167954.8490434,38.99028637666667,-76.94089871666667,-9.352,0,1,9.765625,6.185169,49.758916000000006,1,1,1789167955.8258636,-0.8314853576352895,0.5549796317456049,-0.0028821252113814737,-0.02492793091881647,177.80643671798563,-1.86025539764563,-67.40709009058565,0.0004698426346368735,-0.006374815092909289,-0.002011317429998265,0.327836314907074,0.3956002675247193,-9.68494963323593
2026-09-11T19:05:55.869,10.624115391999965,0.0,0.0,0.0,0.0,0.0,0.0,0.0,0.0,0.0,0.0,0.051788330078125,424.25,18.643798828125,0.0,0.0,0.0,1,1789167955.847117,38.99028632833333,-76.94089879333333,-9.358999999999998,0,1,9.765625,6.185169,49.744809,1,1,1789167955.8648636,-0.8314951264672951,0.554973793032108,-0.0025763229539391658,-0.02476502107265477,177.80252547510403,-1.8207236989096383,-67.40660662444012,-0.0007703883318302971,-0.014273302622809627,-0.003440567554456422,0.3201871277809143,0.38255742280960087,-9.697011812934877
2026-09-11T19:05:55.901,10.657523744000002,0.0,0.0,0.0,0.0,0.0,0.0,0.0,0.0,0.0,0.0,0.051788330078125,424.25,18.643798828125,0.0,0.0,0.0,1,1789167955.847117,38.99028632833333,-76.94089879333333,-9.358999999999998,0,1,9.765625,6.185169,49.744809,1,1,1789167955.8968637,-0.8314855642647933,0.5549877132828526,-0.002390096440916867,-0.02479278046793855,177.78806982120264,-1.8047739184961866,-67.40862049206174,-0.0008684758357923784,-0.015287513451143531,-0.002140995393421444,0.30547715253829955,0.4140367698287964,-9.68651869726181
2026-09-11T19:05:55.934,10.690924991999964,0.0,0.0,0.0,0.0,0.0,0.0,0.0,0.0,0.0,0.0,0.051788330078125,424.25,18.643798828125,0.0,0.0,0.0,1,1789167955.847117,38.99028632833333,-76.94089879333333,-9.358999999999998,0,1,9.765625,6.185169,49.744809,1,1,1789167955.9258637,-0.831474558311626,0.5550102230549447,-0.0019758228780423037,-0.02469427684589131,177.7711792998127,-1.759076004792332,-67.41208996790739,0.0008841837990603273,-0.011970340674803109,-0.0013990559283986546,0.27674366756439206,0.4184497624015808,-9.694854349899293
2026-09-11T19:05:55.968,10.72432323199996,0.0,0.0,0.0,0.0,0.0,0.0,0.0,0.0,0.0,0.0,0.051788330078125,424.25,18.643798828125,0.0,0.0,0.0,1,1789167955.847117,38.99028632833333,-76.94089879333333,-9.358999999999998,0,1,9.765625,6.185169,49.744809,1,1,1789167955.9648638,-0.8314540769670679,0.5550452463233455,-0.0017168451083220677,-0.024615947505065516,177.76226050464888,-1.7294999643883118,-67.41717321796817,-0.0013283700936928841,-0.004108155993344253,0.00035447637108004836,0.28507932020187376,0.40275912214279175,-9.702111271018982
2026-09-11T19:05:56.002,10.757780287999992,0.0,0.0,0.0,0.0,0.0,0.0,0.0,0.0,0.0,0.0,0.051788330078125,424.25,18.643798828125,0.0,0.0,0.0,1,1789167955.847117,38.99028632833333,-76.94089879333333,-9.358999999999998,0,1,9.765625,6.185169,49.744809,1,1,1789167955.9968636,-0.8314234960919301,0.5550942534351372,-0.0016181081995392747,-0.024550390534865747,177.76233760574218,-1.7160490138134317,-67.42405548523506,-0.0005094616086571448,0.0023137829893688827,-0.0011793189755725686,0.27811659858703613,0.402366856136322,-9.698875076465606
2026-09-11T19:05:56.035,10.79118953599999,0.0,0.0,0.0,0.0,0.0,0.0,0.0,0.0,0.0,0.0,0.051788330078125,424.25,18.643798828125,0.0,0.0,0.0,1,1789167955.847117,38.99028632833333,-76.94089879333333,-9.358999999999998,0,1,9.765625,6.185169,49.744809,1,1,1789167956.0248637,-0.8314118131942738,0.5551138473746239,-0.0016237344934475163,-0.024502588031627155,177.76729513262538,-1.7135961223616714,-67.42678908054081,0.00108960905202006,0.009287944147413024,0.0022612485788838536,0.2897865122795105,0.37824249673843385,-9.707504928607941
2026-09-11T19:05:56.068,10.824589855999989,0.0,0.0,0.0,0.0,0.0,0.0,0.0,0.0,0.0,0.0,0.051788330078125,424.25,18.643798828125,0.0,0.0,0.0,1,1789167955.847117,38.99028632833333,-76.94089879333333,-9.358999999999998,0,1,9.765625,6.185169,49.744809,1,1,1789167956.0568635,-0.8313642268405596,0.5551882020552154,-0.0020035948012581163,-0.024404266765634168,177.80098139946398,-1.743742848147527,-67.4368314220152,0.00133273341682287,0.012445593830121166,0.0015158184553570751,0.3017506254768371,0.3800076937675476,-9.697306012439729
2026-09-11T19:05:56.102,10.858006399999965,0.0,0.0,0.0,0.0,0.0,0.0,0.0,0.0,0.0,0.0,0.051788330078125,424.25,18.643798828125,0.0,0.0,0.0,1,1789167955.847117,38.99028632833333,-76.94089879333333,-9.358999999999998,0,1,9.765625,6.185169,49.744809,1,1,1789167956.0968637,-0.831323129904862,0.55523976612133,-0.002207992069714639,-0.02461261005530835,177.7942187847687,-1.7766205509175463,-67.44362688658234,-0.0003766420525803763,0.009214291252978863,0.00029356438018544623,0.3141070046806336,0.39726739805221556,-9.693383352375031
2026-09-11T19:05:56.135,10.891413695999972,0.0,0.0,0.0,0.0,0.0,0.0,0.0,0.0,0.0,0.0,0.051788330078125,424.25,18.643798828125,0.0,0.0,0.0,1,1789167955.847117,38.99028632833333,-76.94089879333333,-9.358999999999998,0,1,9.765625,6.185169,49.744809,1,1,1789167956.1248636,-0.8313011329179407,0.5552638843569071,-0.0023506712660296986,-0.02479757009923282,177.7857049790273,-1.8020557847029506,-67.44670257296121,0.001755975760431495,0.006895970407554796,0.0014610151168444534,0.3291111794281006,0.39589446702957154,-9.70064027349472
2026-09-11T19:05:56.168,10.924819872,0.0,0.0,0.0,0.0,0.0,0.0,0.0,0.0,0.0,0.0,0.051788330078125,424.25,18.643798828125,0.0,0.0,0.0,1,1789167955.847117,38.99028632833333,-76.94089879333333,-9.358999999999998,0,1,9.765625,6.185169,49.744809,1,1,1789167956.1648636,-0.8312888733514929,0.5552671119688797,-0.0023475155697233996,-0.02513429088705288,177.75339765389958,-1.8231968066654816,-67.44686784913996,-0.0012252211349000194,-0.0045944047229498726,0.0003913028182971287,0.32920924592971806,0.4112909077835083,-9.689068426303864
2026-09-11T19:05:56.202,10.958228735999967,0.0,0.0,0.0,0.0,0.0,0.0,0.0,0.0,0.0,0.0,0.051788330078125,424.25,18.643798828125,0.0,0.0,0.0,1,1789167955.847117,38.99028632833333,-76.94089879333333,-9.358999999999998,0,1,9.765625,6.185169,49.744809,1,1,1789167956.1968637,-0.8312860001797664,0.5552729252630613,-0.0022967826791141337,-0.025105560424990375,177.75292387084588,-1.8165485843348923,-67.44772777769406,0.0011266100321623397,-0.01060304973879075,-0.0011620402159778246,0.32067746028900146,0.38432261983871463,-9.696717613430023
2026-09-11T19:05:56.235,10.991628575999982,0.0,0.0,0.0,0.0,0.0,0.0,0.0,0.0,0.0,0.0,0.051788330078125,424.25,18.643798828125,0.0,0.0,0.0,1,1789167955.847117,38.99028632833333,-76.94089879333333,-9.358999999999998,0,1,9.765625,6.185169,49.744809,1,1,1789167956.2248638,-0.831283599854947,0.5552821059715334,-0.0022206288362799204,-0.024988561535044196,177.75925872489987,-1.801868062501609,-67.44914334150342,0.0008639379797371931,-0.009228602952845217,-0.0003766420525803763,0.3139108716773987,0.38373422082901,-9.694756283397675
2026-09-11T19:05:56.269,11.025027007999995,0.0,0.0,0.0,0.0,0.0,0.0,0.0,0.0,0.0,0.0,0.051788330078125,424.25,18.643798828125,0.0,0.0,0.0,1,1789167955.847117,38.99028632833333,-76.94089879333333,-9.358999999999998,0,1,9.765625,6.185169,49.744809,1,1,1789167956.2648637,-0.8312805937850027,0.5552963270608511,-0.0019574575890204324,-0.024793787709198933,177.76112634459048,-1.764426888934983,-67.45145142975038,0.0008583529261308113,-0.012411908975557674,-0.0007483971832551686,0.29243430782318114,0.38706848188400267,-9.696521480426789
2026-09-11T19:05:56.302,11.058441888000004,0.0,0.0,0.0,0.0,0.0,0.0,0.0,0.0,0.0,0.0,0.051788330078125,424.25,18.643798828125,0.0,0.0,0.0,1,1789167955.847117,38.99028632833333,-76.94089879333333,-9.358999999999998,0,1,9.765625,6.185169,49.744809,1,1,1789167956.2968636,-0.8312784715647138,0.5553076214984008,-0.0017607960412981648,-0.024626161213696658,177.7646276328482,-1.7350446435786506,-67.4532904087961,-0.00020053833105414847,-0.006850766379928142,0.0002926917155594491,0.28870778076171877,0.38971627742767334,-9.699953807983398
2026-09-11T19:05:56.336,11.091848543999959,0.0,0.0,0.0,0.0,0.0,0.0,0.0,0.0,0.0,0.0,0.051788330078125,424.25,18.643798828125,0.0,0.0,0.0,1,1789167955.847117,38.99028632833333,-76.94089879333333,-9.358999999999998,0,1,9.765625,6.185169,49.744809,1,1,1789167956.3248637,-0.8312598801536034,0.5553395662706986,-0.0016849595207336133,-0.02453851447628677,177.76822866797588,-1.7223238186206948,-67.45782137901278,-0.0005522221753310059,0.000926769832808989,-0.001110553003043992,0.2895903792762756,0.4022687896347046,-9.697306012439729
2026-09-11T19:05:56.369,11.125248927999962,0.0,0.0,0.0,0.0,0.0,0.0,0.0,0.0,0.0,0.0,0.051788330078125,424.25,18.643798828125,0.0,0.0,0.0,1,1789167955.847117,38.99028632833333,-76.94089879333333,-9.358999999999998,0,1,9.765625,6.185169,49.744809,1,1,1789167956.3648636,-0.8312507871095981,0.5553505277087928,-0.001545155183602872,-0.02460757604270314,177.7527726803354,-1.7134268925085665,-67.45938728125162,-0.00019303341527057285,0.003913726314672085,4.572762640225143e-05,0.28713871673583985,0.3941292700004577,-9.693873684883117
2026-09-11T19:05:56.402,11.15865328000001,0.0,0.0,0.0,0.0,0.0,0.0,0.0,0.0,0.0,0.0,0.051788330078125,424.25,18.643798828125,0.0,0.0,0.0,1,1789167955.847117,38.99028632833333,-76.94089879333333,-9.358999999999998,0,1,9.765625,6.185169,49.744809,1,1,1789167956.3968637,-0.831211955229312,0.5554082222125585,-0.001759110844419465,-0.024602798856761143,177.76695810787714,-1.7336670673524632,-67.4671766274718,0.002172411319957342,0.009524087195207857,0.0018025760514597435,0.30292742349624635,0.39324667148590087,-9.693481418876647
2026-09-11T19:05:56.436,11.192052864000004,0.0,0.0,0.0,0.0,0.0,0.0,0.0,0.0,0.0,0.0,0.051788330078125,424.25,18.643798828125,0.0,0.0,0.0,1,1789167955.847117,38.99028632833333,-76.94089879333333,-9.358999999999998,0,1,9.765625,6.185169,49.744809,1,1,1789167956.4248636,-0.8311814021461863,0.5554503768416913,-0.0019031199674502894,-0.024672529807706307,177.76955882282215,-1.7519429244361888,-67.47282355530382,-0.00028029987787028934,0.01100360280212345,0.0009962339370383634,0.30282935699462893,0.39736546455383304,-9.693383352375031
2026-09-11T19:05:56.469,11.225461823999979,0.0,0.0,0.0,0.0,0.0,0.0,0.0,0.0,0.0,0.0,0.051788330078125,424.25,18.643798828125,0.0,0.0,0.0,1,1789167955.847117,38.99028632833333,-76.94089879333333,-9.358999999999998,0,1,9.765625,6.185169,49.744809,1,1,1789167956.4648638,-0.831140459985235,0.5555046593395112,-0.0021626865408121733,-0.024807902260198574,177.7732807034544,-1.7854422723200356,-67.48001026556571,0.0013615313494807764,0.005531122932495231,0.001771683723699444,0.324894319858551,0.39246213947296144,-9.694462083892823
2026-09-11T19:05:56.502,11.25888047999996,0.0,0.0,0.0,0.0,0.0,0.0,0.0,0.0,0.0,0.0,0.051788330078125,424.25,18.643798828125,0.0,0.0,0.0,1,1789167955.847117,38.99028632833333,-76.94089879333333,-9.358999999999998,0,1,9.765625,6.185169,49.744809,1,1,1789167956.4968636,-0.8311284434120745,0.5555156689927571,-0.002229181155505354,-0.024957620205620583,177.76325940152046,-1.8013420038482113,-67.4813582253031,0.0011297516248159295,0.002307150738211304,0.00026162485487395,0.32008906127929687,0.40001326009750365,-9.691422022342682
2026-09-11T19:05:56.536,11.292283743999974,0.0,0.0,0.0,0.0,0.0,0.0,0.0,0.0,0.0,0.0,0.051788330078125,424.25,18.643798828125,0.0,0.0,0.0,1,1789167955.847117,38.99028632833333,-76.94089879333333,-9.358999999999998,0,1,9.765625,6.185169,49.744809,1,1,1789167956.5238636,-0.8311260426417723,0.55551638732935,-0.0022294864784483254,-0.025021471603738802,177.7571920008479,-1.8054391729384793,-67.48140396351592,-0.0008602727883080051,-0.0018594737850747586,-0.001322959573011702,0.3208735932922363,0.39481573551177973,-9.694658216896057
2026-09-11T19:05:56.569,11.325682111999981,0.0,0.0,0.0,0.0,0.0,0.0,0.0,0.0,0.0,0.0,0.051788330078125,424.25,18.643798828125,0.0,0.0,0.0,1,1789167955.847117,38.99028632833333,-76.94089879333333,-9.358999999999998,0,1,9.765625,6.185169,49.744809,1,1,1789167956.5648637,-0.8310987043312426,0.5555636298440347,-0.002242056382337412,-0.02487910843717884,177.77166858117607,-1.7976976842316124,-67.48802633467956,0.001738697000836751,-0.005768487710766459,0.0009819222371720098,0.31342053916931156,0.39108920845031736,-9.696717613430023
2026-09-11T19:05:56.602,11.359086719999993,0.0,0.0,0.0,0.0,0.0,0.0,0.0,0.0,0.0,0.0,0.051788330078125,424.25,18.643798828125,0.0,0.0,0.0,1,1789167955.847117,38.99028632833333,-76.94089879333333,-9.358999999999998,0,1,9.765625,6.185169,49.744809,1,1,1789167956.5968637,-0.8310801714054037,0.5555973302091962,-0.0021323701376128068,-0.024754966345652527,177.77659761369128,-1.7794304307737725,-67.49285036786937,0.0006721262949430164,-0.005834984755267443,-0.0005050982855271589,0.3011622264671326,0.39442346950531004,-9.69416788438797
2026-09-11T19:05:56.636,11.392494112000008,0.0,0.0,0.0,0.0,0.0,0.0,0.0,0.0,0.0,0.0,0.051788330078125,424.25,18.643798828125,0.0,0.0,0.0,1,1789167955.847117,38.99028632833333,-76.94089879333333,-9.358999999999998,0,1,9.765625,6.185169,49.744809,1,1,1789167956.6248636,-0.8310642834793188,0.5556255975125342,-0.002019510266704266,-0.02466320522820322,177.77822428859682,-1.762908431740537,-67.4969019366955,-0.00108960905202006,-0.006854431571357331,-0.001149997444139064,0.300573827457428,0.3935408709907532,-9.705151332569123
2026-09-11T19:05:56.670,11.425896512000008,0.0,0.0,0.0,0.0,0.0,0.0,0.0,0.0,0.0,0.0,0.051788330078125,424.25,18.643798828125,0.0,0.0,0.0,1,1789167955.847117,38.99028632833333,-76.94089879333333,-9.358999999999998,0,1,9.765625,6.185169,49.744809,1,1,1789167956.6648636,-0.831075712339123,0.5556082842920627,-0.0017678951925618315,-0.024687432686240587,177.7598651210175,-1.7404317810682248,-67.49468099539968,0.0011929325437381243,0.0004909611185860049,0.000827635131295711,0.2921401083183289,0.4007977921104431,-9.694854349899293
2026-09-11T19:05:56.703,11.459302719999982,0.0,0.0,0.0,0.0,0.0,0.0,0.0,0.0,0.0,0.0,0.051788330078125,424.25,18.643798828125,0.0,0.0,0.0,1,1789167955.847117,38.99028632833333,-76.94089879333333,-9.358999999999998,0,1,9.765625,6.185169,49.744809,1,1,1789167956.6968637,-0.8310709971286799,0.5556141021489663,-0.0016857917829506493,-0.02472094922942905,177.75145673948583,-1.734759617248815,-67.49551936106177,0.0007475245186291714,0.006560343592396285,-0.0009269443657341883,0.29586663537979124,0.3942273365020752,-9.698384743957519
2026-09-11T19:05:56.736,11.49270553599996,0.0,0.0,0.0,0.0,0.0,0.0,0.0,0.0,0.0,0.0,0.051788330078125,424.25,18.643798828125,0.0,0.0,0.0,1,1789167955.847117,38.99028632833333,-76.94089879333333,-9.358999999999998,0,1,9.765625,6.185169,49.744809,1,1,1789167956.7248638,-0.8310512259134895,0.5556442322990142,-0.0017621299333856885,-0.024703075084360277,177.75808210828177,-1.740975718278951,-67.49962879680689,-0.0002912954521578536,0.004400149577202904,0.0011248647029103453,0.30214289148330686,0.39246213947296144,-9.69642341392517
2026-09-11T19:05:56.770,11.526111391999962,0.0,0.0,0.0,0.0,0.0,0.0,0.0,0.0,0.0,0.0,0.051788330078125,424.25,18.643798828125,0.0,0.0,0.0,1,1789167955.847117,38.99028632833333,-76.94089879333333,-9.358999999999998,0,1,9.765625,6.185169,49.744809,1,1,1789167956.7648637,-0.8310181331466189,0.5556917692263321,-0.0019224007680739928,-0.024735083806287996,177.76533104418337,-1.7584121868403277,-67.50603700242682,0.000765501409924713,0.008869588725709985,0.00024260076602721178,0.30763461557388305,0.39677706554412845,-9.702895803031922
2026-09-11T19:05:56.803,11.559526175999963,0.0,0.0,0.0,0.0,0.0,0.0,0.0,0.0,0.0,0.0,0.051788330078125,424.25,18.643798828125,0.0,0.0,0.0,1,1789167955.847117,38.99028632833333,-76.94089879333333,-9.358999999999998,0,1,9.765625,6.185169,49.744809,1,1,1789167956.7968636,-0.8309838751138108,0.5557409945907982,-0.0021264927033147474,-0.024763365297304465,177.775730305153,-1.7797898092531317,-67.51265487652022,-0.00030839967882739805,0.005415233070162806,-0.0012686798332746782,0.3064578175544739,0.39373700399398803,-9.680928906669616
2026-09-11T19:05:56.837,11.592927359999976,0.0,0.0,0.0,0.0,0.0,0.0,0.0,0.0,0.0,0.0,0.051788330078125,424.25,18.643798828125,0.0,0.0,0.0,1,1789167956.8274555,38.990286275,-76.94089876333334,-9.300999999999998,0,1,8.031556,5.004169,35.390601,1,1,1789167956.8248637,-0.8309707699464369,0.5557558184128856,-0.0022025444781167817,-0.024863599752877722,177.7710475384146,-1.7934605707300317,-67.51456365386011,-0.0005138249317871306,0.0016261232640831169,0.00023404865269243958,0.3208735932922363,0.39736546455383304,-9.700444140491486
2026-09-11T19:05:56.870,11.626325759999986,0.0,0.0,0.0,0.0,0.0,0.0,0.0,0.0,0.0,0.0,0.051788330078125,424.25,18.643798828125,0.0,0.0,0.0,1,1789167956.8274555,38.990286275,-76.94089876333334,-9.300999999999998,0,1,8.031556,5.004169,35.390601,1,1,1789167956.8648636,-0.8309556441329695,0.5557730791093941,-0.002203198692499491,-0.024982952914860967,177.7597482082267,-1.8011732539004703,-67.51684441057739,-0.0007005751617505239,3.752457891787809e-05,-0.0016695819624577756,0.31655866722106935,0.3975615975570679,-9.695442748908997
2026-09-11T19:05:56.904,11.659728543999961,0.0,0.0,0.0,0.0,0.0,0.0,0.0,0.0,0.0,0.0,0.051788330078125,424.25,18.643798828125,0.0,0.0,0.0,1,1789167956.8274555,38.990286275,-76.94089876333334,-9.300999999999998,0,1,8.031556,5.004169,35.390601,1,1,1789167956.8968637,-0.8309301993318025,0.5558153818334899,-0.0022663365539638573,-0.024882300422729098,177.77345450684086,-1.800888896506335,-67.5227176048076,-0.0009784315786680211,-0.004381125488356167,0.000568802803224952,0.3129302066612244,0.38844141290664674,-9.693187219371795
2026-09-11T19:05:56.937,11.693136767999988,0.0,0.0,0.0,0.0,0.0,0.0,0.0,0.0,0.0,0.0,0.051788330078125,424.25,18.643798828125,0.0,0.0,0.0,1,1789167956.8274555,38.990286275,-76.94089876333334,-9.300999999999998,0,1,8.031556,5.004169,35.390601,1,1,1789167956.9248636,-0.830927979764541,0.5558197367874561,-0.002133137674813383,-0.024870914048380204,177.76606952859112,-1.7874861007166083,-67.52341925529358,-0.0007988371986378046,-0.007857123226628073,-0.001842718624255613,0.3088114135932922,0.3945215360069275,-9.7022093375206
2026-09-11T19:05:56.971,11.726541343999997,0.0,0.0,0.0,0.0,0.0,0.0,0.0,0.0,0.0,0.0,0.051788330078125,424.25,18.643798828125,0.0,0.0,0.0,1,1789167956.8274555,38.990286275,-76.94089876333334,-9.300999999999998,0,1,8.031556,5.004169,35.390601,1,1,1789167956.9658637,-0.8309258924754819,0.5558265682736276,-0.0019476868457785825,-0.02480309922040515,177.76074231433395,-1.7655170798637543,-67.5245494849025,-0.0007295476273336297,-0.003027448120509364,-0.0001902408884673819,0.2975337659072876,0.39275633897781376,-9.687891628284454
2026-09-11T19:05:57.004,11.759946335999985,0.0,0.0,0.0,0.0,0.0,0.0,0.0,0.0,0.0,0.0,0.051788330078125,424.25,18.643798828125,0.0,0.0,0.0,1,1789167956.8274555,38.990286275,-76.94089876333334,-9.300999999999998,0,1,8.031556,5.004169,35.390601,1,1,1789167956.9968636,-0.8309111504509157,0.5558522064553425,-0.0018926403592810063,-0.024726555512925717,177.76458863921772,-1.7554651151732867,-67.52818717818317,-0.0003735004599267865,-0.0009400343351241458,0.0008333947178272924,0.29890669692993166,0.3954041345214844,-9.699169275970458
2026-09-11T19:05:57.037,11.793346272000008,0.0,0.0,0.0,0.0,0.0,0.0,0.0,0.0,0.0,0.0,0.051788330078125,424.25,18.643798828125,0.0,0.0,0.0,1,1789167956.8274555,38.990286275,-76.94089876333334,-9.300999999999998,0,1,8.031556,5.004169,35.390601,1,1,1789167957.0248637,-0.8308911725617764,0.5558844868134418,-0.0018726848616898504,-0.02467366471526727,177.76842787781158,-1.7502806698242657,-67.53269578563985,0.00018884462506578645,-0.0014128440294894097,-0.00013735741213195373,0.29616083488464356,0.3961886665344238,-9.699169275970458
2026-09-11T19:05:57.071,11.826752479999982,0.0,0.0,0.0,0.0,0.0,0.0,0.0,0.0,0.0,0.0,0.051788330078125,424.25,18.643798828125,0.0,0.0,0.0,1,1789167956.8274555,38.990286275,-76.94089876333334,-9.300999999999998,0,1,8.031556,5.004169,35.390601,1,1,1789167957.0638638,-0.8308439211750456,0.5559572851306165,-0.0020251849205456247,-0.02461248428555182,177.78412373925462,-1.7611029363106874,-67.54267361818987,-0.0011931070766633238,0.005224643115845026,-0.0010286970611254579,0.3016525589752197,0.38912787841796875,-9.700934472999572
2026-09-11T19:05:57.104,11.860169247999977,0.0,0.0,0.0,0.0,0.0,0.0,0.0,0.0,0.0,0.0,0.051788330078125,424.25,18.643798828125,0.0,0.0,0.0,1,1789167956.8274555,38.990286275,-76.94089876333334,-9.300999999999998,0,1,8.031556,5.004169,35.390601,1,1,1789167957.0958636,-0.8308257893225456,0.555981628834446,-0.002026925160255111,-0.024674435546944092,177.77838129105697,-1.7652820108214526,-67.54597925194265,-0.00021659536017249627,0.004735252793585816,0.0019392353318908996,0.30282935699462893,0.3986403290748596,-9.693677551879883
2026-09-11T19:05:57.138,11.893574207999961,0.0,0.0,0.0,0.0,0.0,0.0,0.0,0.0,0.0,0.0,0.051788330078125,424.25,18.643798828125,0.0,0.0,0.0,1,1789167956.8274555,38.990286275,-76.94089876333334,-9.300999999999998,0,1,8.031556,5.004169,35.390601,1,1,1789167957.1248636,-0.8308211434746544,0.5559837003978112,-0.0020522686851782396,-0.02478186112197283,177.76976037834615,-1.7745482374027892,-67.54615949539568,0.001444783554800906,0.002721666435559957,0.0002228785454796759,0.3116553421401978,0.3908930754470825,-9.697698278446198
2026-09-11T19:05:57.170,11.926974015999974,0.0,0.0,0.0,0.0,0.0,0.0,0.0,0.0,0.0,0.0,0.051788330078125,424.25,18.643798828125,0.0,0.0,0.0,1,1789167956.8274555,38.990286275,-76.94089876333334,-9.300999999999998,0,1,8.031556,5.004169,35.390601,1,1,1789167957.1648636,-0.8307974781879758,0.556014722989858,-0.0021095113513488837,-0.02487424404619977,177.76466684721538,-1.7859720621865007,-67.55032167507822,-0.0014587461888168607,-0.0005270894341022875,-0.0015224507065146537,0.3126360071563721,0.39667899904251097,-9.689166492805482
2026-09-11T19:05:57.204,11.960377247999986,0.0,0.0,0.0,0.0,0.0,0.0,0.0,0.0,0.0,0.0,0.051788330078125,424.25,18.643798828125,0.0,0.0,0.0,1,1789167956.8274555,38.990286275,-76.94089876333334,-9.300999999999998,0,1,8.031556,5.004169,35.390601,1,1,1789167957.1958637,-0.8307910202060783,0.5560214849433093,-0.002104737084483108,-0.024939108007027238,177.7581949466704,-1.789669888418717,-67.55120427271012,0.00018535396656179777,-0.0017732545200262388,0.00029548424236264,0.315578002204895,0.3962867330360413,-9.692206554355622
2026-09-11T19:05:57.240,11.99375795200001,0.0,0.0,0.0,0.0,0.0,0.0,0.0,0.0,0.0,0.0,0.051788330078125,424.25,18.643798828125,0.0,0.0,0.0,1,1789167956.8274555,38.990286275,-76.94089876333334,-9.300999999999998,0,1,8.031556,5.004169,35.390601,1,1,1789167957.2368636,-0.8307717360322312,0.5560509719269959,-0.0021352914868198497,-0.024921471852644515,177.76188535125374,-1.7915354245067727,-67.55526392124905,0.00047438049069205876,-0.0031215213671918584,0.0004078834461910748,0.3161664012145996,0.3921679399681091,-9.69642341392517
2026-09-11T19:05:57.271,12.027164703999972,0.0,0.0,0.0,0.0,0.0,0.0,0.0,0.0,0.0,0.0,0.051788330078125,424.25,18.643798828125,0.0,0.0,0.0,1,1789167956.8274555,38.990286275,-76.94089876333334,-9.300999999999998,0,1,8.031556,5.004169,35.390601,1,1,1789167957.2648637,-0.8307908616837095,0.556021462275277,-0.0019811578076827725,-0.024955012439247283,177.74880873514047,-1.778912979100735,-67.55127696124434,-0.0005548401692089973,-0.0062495004526160955,-0.0020839231268812296,0.3045945540237427,0.39716933155059814,-9.689362625808716
2026-09-11T19:05:57.304,12.060579103999999,0.0,0.0,0.0,0.0,0.0,0.0,0.0,0.0,0.0,0.0,0.051788330078125,424.25,18.643798828125,0.0,0.0,0.0,1,1789167956.8274555,38.990286275,-76.94089876333334,-9.300999999999998,0,1,8.031556,5.004169,35.390601,1,1,1789167957.2958636,-0.8307856979409431,0.5560311297506173,-0.0018286211455622572,-0.024923141650644933,177.74215249869707,-1.7623792163067626,-67.55274962494047,0.0010515608743265836,-0.0041022218738874724,-0.0004822344723260332,0.3006718939590454,0.3939331369972229,-9.698188610954285
2026-09-11T19:05:57.337,12.093977183999982,0.0,0.0,0.0,0.0,0.0,0.0,0.0,0.0,0.0,0.0,0.051788330078125,424.25,18.643798828125,0.0,0.0,0.0,1,1789167956.8274555,38.990286275,-76.94089876333334,-9.300999999999998,0,1,8.031556,5.004169,35.390601,1,1,1789167957.3258636,-0.830792050932099,0.5560217007785029,-0.0017304403099356739,-0.02492873738782883,177.7353464415892,-1.7533589200999709,-67.55151998094036,0.0008218755447641298,-0.0014884167861007641,0.0010421360963658141,0.301946758480072,0.3957964005279541,-9.70024800748825
2026-09-11T19:05:57.371,12.12737692799999,0.0,0.0,0.0,0.0,0.0,0.0,0.0,0.0,0.0,0.0,0.051788330078125,424.25,18.643798828125,0.0,0.0,0.0,1,1789167956.8274555,38.990286275,-76.94089876333334,-9.300999999999998,0,1,8.031556,5.004169,35.390601,1,1,1789167957.3648636,-0.8307589157744856,0.5560749941512074,-0.0017494807776310556,-0.02484278683932777,177.74486335628345,-1.7498386595350748,-67.55892428622538,-0.0008073893119725769,-0.0005677556056737555,0.0012332496494591933,0.29880863042831424,0.3969731985473633,-9.701130606002808
2026-09-11T19:05:57.405,12.160792127999969,0.0,0.0,0.0,0.0,0.0,0.0,0.0,0.0,0.0,0.0,0.051788330078125,424.25,18.643798828125,0.0,0.0,0.0,1,1789167956.8274555,38.990286275,-76.94089876333334,-9.300999999999998,0,1,8.031556,5.004169,35.390601,1,1,1789167957.3968637,-0.830751585803451,0.5560872923518991,-0.001760737145508652,-0.024811807158875532,177.74855877536686,-1.748969253438934,-67.56063668576222,0.00047019170048727237,0.0014898130495023599,-0.0013676400018627565,0.29665116739273073,0.391677607460022,-9.688185827789306
2026-09-11T19:05:57.438,12.194196384000008,0.0,0.0,0.0,0.0,0.0,0.0,0.0,0.0,0.0,0.0,0.051788330078125,424.25,18.643798828125,0.0,0.0,0.0,1,1789167956.8274555,38.990286275,-76.94089876333334,-9.300999999999998,0,1,8.031556,5.004169,35.390601,1,1,1789167957.4248636,-0.8307507071242205,0.5560863396345661,-0.0017614359502493638,-0.02486247831233103,177.7437719754663,-1.7522633367729425,-67.56046398543535,0.000791332282854229,0.005782624877707612,0.0016886060513045139,0.30292742349624635,0.39442346950531004,-9.693971751384735
2026-09-11T19:05:57.471,12.22759456,0.0,0.0,0.0,0.0,0.0,0.0,0.0,0.0,0.0,0.0,0.051788330078125,424.25,18.643798828125,0.0,0.0,0.0,1,1789167956.8274555,38.990286275,-76.94089876333334,-9.300999999999998,0,1,8.031556,5.004169,35.390601,1,1,1789167957.4648638,-0.8307241713087917,0.5561243491599891,-0.0019236136465330517,-0.02488692799923114,177.75185230611515,-1.769370798047793,-67.56556448748307,0.0002614503219487506,0.0009042550854582622,-0.0016598081186466075,0.310576610622406,0.3950118685150147,-9.697698278446198
2026-09-11T19:05:57.505,12.261003039999991,0.0,0.0,0.0,0.0,0.0,0.0,0.0,0.0,0.0,0.0,0.051788330078125,424.25,18.643798828125,0.0,0.0,0.0,1,1789167956.8274555,38.990286275,-76.94089876333334,-9.300999999999998,0,1,8.031556,5.004169,35.390601,1,1,1789167957.4968636,-0.8307005043779104,0.5561584022295412,-0.0019718964840498895,-0.02491215125245679,177.7525966770062,-1.775669317604222,-67.57020525068283,0.0003836233695883536,0.0007984881327874057,0.0014245377354777718,0.31116500963211063,0.3955022010231018,-9.693187219371795
2026-09-11T19:05:57.541,12.294409567999992,0.0,0.0,0.0,0.0,0.0,0.0,0.0,0.0,0.0,0.0,0.051788330078125,424.25,18.643798828125,0.0,0.0,0.0,1,1789167956.8274555,38.990286275,-76.94089876333334,-9.300999999999998,0,1,8.031556,5.004169,35.390601,1,1,1789167957.5358636,-0.8306926628867233,0.5561681402662364,-0.0019812580315779226,-0.02495544420708449,177.74908795471606,-1.7793473982292127,-67.57150619629002,-0.00019792033717615695,-0.0019408061282176943,-0.00099728113458956,0.3139108716773987,0.39530606801986695,-9.693383352375031
2026-09-11T19:05:57.572,12.327813983999988,0.0,0.0,0.0,0.0,0.0,0.0,0.0,0.0,0.0,0.0,0.051788330078125,424.25,18.643798828125,0.0,0.0,0.0,1,1789167956.8274555,38.990286275,-76.94089876333334,-9.300999999999998,0,1,8.031556,5.004169,35.390601,1,1,1789167957.5638638,-0.8306687602565277,0.5562055077229987,-0.0020007261199753708,-0.024916681309458483,177.75410227214996,-1.7788310931265365,-67.57667778608281,0.0015105824676010923,-0.0019161969857645744,0.0010567968620825666,0.3106746771240234,0.3933447379875183,-9.69720794593811
2026-09-11T19:05:57.605,12.361220223999965,0.0,0.0,0.0,0.0,0.0,0.0,0.0,0.0,0.0,0.0,0.051788330078125,424.25,18.643798828125,0.0,0.0,0.0,1,1789167956.8274555,38.990286275,-76.94089876333334,-9.300999999999998,0,1,8.031556,5.004169,35.390601,1,1,1789167957.5968637,-0.8306800200082607,0.5561875495615427,-0.0018754981024026065,-0.024951885272863128,177.74273125508685,-1.7691011202878848,-67.57426435383,0.001735031809407563,-0.0032011083810827997,0.0013451252545120297,0.3061636180496216,0.39403120349884035,-9.695148549404145
2026-09-11T19:05:57.638,12.394618655999977,0.0,0.0,0.0,0.0,0.0,0.0,0.0,0.0,0.0,0.0,0.051788330078125,424.25,18.643798828125,0.0,0.0,0.0,1,1789167956.8274555,38.990286275,-76.94089876333334,-9.300999999999998,0,1,8.031556,5.004169,35.390601,1,1,1789167957.6368637,-0.8306616006849713,0.556219449815286,-0.0018244570016530545,-0.024857597456529858,177.74853276748595,-1.7583151020885182,-67.57877908251449,-0.0006576400621514634,-0.00447816579476705,-0.0014467034169780998,0.30361388900756836,0.39305053848266597,-9.698678943462372
2026-09-11T19:05:57.672,12.428015968000011,0.0,0.0,0.0,0.0,0.0,0.0,0.0,0.0,0.0,0.0,0.051788330078125,424.25,18.643798828125,0.0,0.0,0.0,1,1789167956.8274555,38.990286275,-76.94089876333334,-9.300999999999998,0,1,8.031556,5.004169,35.390601,1,1,1789167957.6658638,-0.8306571694152141,0.5562260478545707,-0.001775278544561443,-0.024861596354183464,177.74503251754126,-1.7539046681258976,-67.57972322325146,0.0013624040141067737,-0.0009826203688728075,0.0018030996502353418,0.3027312904930115,0.39471766901016236,-9.698777009963989
2026-09-11T19:05:57.705,12.461433087999978,0.0,0.0,0.0,0.0,0.0,0.0,0.0,0.0,0.0,0.0,0.051788330078125,424.25,18.643798828125,0.0,0.0,0.0,1,1789167956.8274555,38.990286275,-76.94089876333334,-9.300999999999998,0,1,8.031556,5.004169,35.390601,1,1,1789167957.6968637,-0.8306498326546887,0.5562379125999936,-0.0017389165301969645,-0.024843837594875667,177.7444332323287,-1.7493417639123088,-67.58140188270801,0.0014138912270406064,0.0021977185941112597,4.066617157146788e-05,0.29890669692993166,0.39569833402633664,-9.702699670028686
2026-09-11T19:05:57.739,12.494834655999966,0.0,0.0,0.0,0.0,0.0,0.0,0.0,0.0,0.0,0.0,0.051788330078125,424.25,18.643798828125,0.0,0.0,0.0,1,1789167956.8274555,38.990286275,-76.94089876333334,-9.300999999999998,0,1,8.031556,5.004169,35.390601,1,1,1789167957.7368636,-0.8306178396988833,0.5562862090089333,-0.001815836267490898,-0.024826614329774902,177.7510771776675,-1.755699306728702,-67.58801900904277,-0.00118507856210415,0.0014920819775299523,-0.0014517648718088835,0.30341775600433346,0.39589446702957154,-9.690441357326508
2026-09-11T19:05:57.772,12.528233887999988,0.0,0.0,0.0,0.0,0.0,0.0,0.0,0.0,0.0,0.0,0.051788330078125,424.25,18.643798828125,0.0,0.0,0.0,1,1789167956.8274555,38.990286275,-76.94089876333334,-9.300999999999998,0,1,8.031556,5.004169,35.390601,1,1,1789167957.7648637,-0.8306103650207685,0.5562959302335162,-0.001793144843722697,-0.024860493906237235,177.74642346322892,-1.7557253439587654,-67.58934979491822,0.001556833692778942,0.002121622238724307,0.0027096236637211965,0.30439842102050785,0.39050080944061283,-9.687205162773132
2026-09-11T19:05:57.806,12.561639904000003,0.0,0.0,0.0,0.0,0.0,0.0,0.0,0.0,0.0,0.0,0.051788330078125,424.25,18.643798828125,0.0,0.0,0.0,1,1789167956.8274555,38.990286275,-76.94089876333334,-9.300999999999998,0,1,8.031556,5.004169,35.390601,1,1,1789167957.7968636,-0.8305848841243086,0.5563335996530322,-0.0018907183674845974,-0.024861644059943445,177.75261101751937,-1.765192067300954,-67.59447188790215,0.0014220942745249796,0.005533915459298421,0.0004583234615737109,0.3128321401596069,0.3832438883209228,-9.6425849045372
2026-09-11T19:05:57.840,12.595044607999967,0.0,0.0,0.0,0.0,0.0,0.0,0.0,0.0,0.0,0.0,0.051788330078125,424.25,18.643798828125,0.0,0.0,0.0,1,1789167957.8269,38.99028612833333,-76.940898695,-9.274999999999999,0,1,8.886360999999999,5.827396000000001,47.403225,1,1,1789167957.8368638,-0.8305530063200519,0.5563841637310563,-0.0020286618672525195,-0.024784079023547324,177.7689000036594,-1.7735165597078546,-67.6014098667601,0.0006058037833672318,0.0015433946575385854,-0.0008201302155121355,0.25968009628295896,0.38422455333709715,-9.628267195301056
2026-09-11T19:05:57.874,12.628460703999963,0.0,0.0,0.0,0.0,0.0,0.0,0.0,0.0,0.0,0.0,0.051788330078125,424.25,18.643798828125,0.0,0.0,0.0,1,1789167957.8269,38.99028612833333,-76.940898695,-9.274999999999999,0,1,8.886360999999999,5.827396000000001,47.403225,1,1,1789167957.8648636,-0.8305452971059113,0.5563907430962932,-0.001988112541576215,-0.02489774810159046,177.75549904736263,-1.7769231448064113,-67.60225401463309,0.0008623671834103983,0.003208787829791575,0.0016097171691143702,0.35480460285186766,0.3998171270942688,-9.697894411449433
2026-09-11T19:05:57.905,12.661860607999984,0.0,0.0,0.0,0.0,0.0,0.0,0.0,0.0,0.0,0.0,0.051788330078125,424.25,18.643798828125,0.0,0.0,0.0,1,1789167957.8269,38.99028612833333,-76.940898695,-9.274999999999999,0,1,8.886360999999999,5.827396000000001,47.403225,1,1,1789167957.8968637,-0.8305410366044208,0.5563868501071916,-0.002075878209158378,-0.025118723564554198,177.74002811853538,-1.7993637010845298,-67.6014723323855,0.001243198026195561,0.004096113221505492,-0.00015184364492350666,0.3462728172111511,0.40285718864440917,-9.692108487854004
2026-09-11T19:05:57.939,12.695283551999978,0.0,0.0,0.0,0.0,0.0,0.0,0.0,0.0,0.0,0.0,0.051788330078125,424.25,18.643798828125,0.0,0.0,0.0,1,1789167957.8269,38.99028612833333,-76.940898695,-9.274999999999999,0,1,8.886360999999999,5.827396000000001,47.403225,1,1,1789167957.9368637,-0.8305376327065804,0.5563964272575639,-0.0019123326764748814,-0.025031967100129494,177.73789290090892,-1.7782836835482607,-67.60298430004647,0.0004415683007545654,-0.0025619688090024765,0.0010721557595001166,0.2943956378555298,0.3909911419487,-9.693971751384735
2026-09-11T19:05:57.973,12.72869158399999,0.0,0.0,0.0,0.0,0.0,0.0,0.0,0.0,0.0,0.0,0.051788330078125,424.25,18.643798828125,0.0,0.0,0.0,1,1789167957.8269,38.99028612833333,-76.940898695,-9.274999999999999,0,1,8.886360999999999,5.827396000000001,47.403225,1,1,1789167957.9648638,-0.8305056836544196,0.5564436308217741,-0.0019924992610855456,-0.02503647503705842,177.7426737532227,-1.7863327894564354,-67.60943353298612,-8.534660042252271e-05,0.0003364994797845067,0.001747598180021922,0.30430035451889037,0.4002093931007385,-9.70564166507721
2026-09-11T19:05:58.006,12.762100895999993,0.0,0.0,0.0,0.0,0.0,0.0,0.0,0.0,0.0,0.0,0.051788330078125,424.25,18.643798828125,0.0,0.0,0.0,1,1789167957.8269,38.99028612833333,-76.940898695,-9.274999999999999,0,1,8.886360999999999,5.827396000000001,47.403225,1,1,1789167957.9968636,-0.8304670266670348,0.5564951951080207,-0.0021484681336290954,-0.025159481814600294,177.741006288959,-1.809169941181404,-67.61633407048863,-0.0013011429573617727,0.002689726910248461,-0.0018509216717399865,0.35098000928878786,0.447575513381958,-9.787134927921295
2026-09-11T19:05:58.040,12.795559551999986,0.0,0.0,0.0,0.0,0.0,0.0,0.0,0.0,0.0,0.0,0.051788330078125,424.25,18.643798828125,0.0,0.0,0.0,1,1789167957.8269,38.99028612833333,-76.940898695,-9.274999999999999,0,1,8.886360999999999,5.827396000000001,47.403225,1,1,1789167958.0368636,-0.8304568783276695,0.5565291071188323,-0.0013634148270086585,-0.024796517251160666,177.7256187175244,-1.7113632108914154,-67.62190977767133,0.0009393362034233482,-0.0007751007208106817,0.0027370253329775072,0.2622298253250122,0.3915795409584045,-9.771346221160888
2026-09-11T19:05:58.072,12.82895855999999,0.0,0.0,0.0,0.0,0.0,0.0,0.0,0.0,0.0,0.0,0.051788330078125,424.25,18.643798828125,0.0,0.0,0.0,1,1789167957.8269,38.99028612833333,-76.940898695,-9.274999999999999,0,1,8.886360999999999,5.827396000000001,47.403225,1,1,1789167958.064843,-0.8304262617931729,0.5565756432077477,-0.002061279975617031,-0.02472909697018626,177.77662630732607,-1.7736282004765425,-67.62784835476836,-0.0012070697106792783,0.0027783896362497734,-0.0008213519459885314,0.35343167182922364,0.3214619923019409,-9.695540815410615
2026-09-11T19:05:58.106,12.862378623999973,0.0,0.0,0.0,0.0,0.0,0.0,0.0,0.0,0.0,0.0,0.051788330078125,424.25,18.643798828125,0.0,0.0,0.0,1,1789167957.8269,38.99028612833333,-76.940898695,-9.274999999999999,0,1,8.886360999999999,5.827396000000001,47.403225,1,1,1789167958.096843,-0.8304463527992884,0.5565505123347372,-0.0021261004712797935,-0.02461426495119623,177.79164496793342,-1.772406077905162,-67.62442939254939,-0.0007553785002631458,0.003453657523846379,-0.0007911577499290296,0.2581110322570801,0.3803999597740173,-9.652587687702178
2026-09-11T19:05:58.140,12.895786208000004,0.0,0.0,0.0,0.0,0.0,0.0,0.0,0.0,0.0,0.0,0.051788330078125,424.25,18.643798828125,0.0,0.0,0.0,1,1789167957.8269,38.99028612833333,-76.940898695,-9.274999999999999,0,1,8.886360999999999,5.827396000000001,47.403225,1,1,1789167958.136843,-0.8304186404797423,0.5565715710435829,-0.002270195269594865,-0.025056218056449243,177.75877073384592,-1.8143782599138678,-67.62687319265723,0.0013824753005047086,0.003553839422910854,-0.0017791886394830196,0.36922037858963014,0.4052107846832276,-9.687891628284454
2026-09-11T19:05:58.173,12.929193279999993,0.0,0.0,0.0,0.0,0.0,0.0,0.0,0.0,0.0,0.0,0.051788330078125,424.25,18.643798828125,0.0,0.0,0.0,1,1789167957.8269,38.99028612833333,-76.940898695,-9.274999999999999,0,1,8.886360999999999,5.827396000000001,47.403225,1,1,1789167958.164843,-0.8304016595249285,0.5566179869696167,-0.002050979151356006,-0.024602721895283248,177.78809920310036,-1.764697255037565,-67.6338004252739,-0.0007459537223023765,0.0015550883635269475,0.002903704276542966,0.1760293704032898,0.3669648490524292,-9.683086369705201
2026-09-11T19:05:58.206,12.962595039999997,0.0,0.0,0.0,0.0,0.0,0.0,0.0,0.0,0.0,0.0,0.051788330078125,424.25,18.643798828125,0.0,0.0,0.0,1,1789167957.8269,38.99028612833333,-76.940898695,-9.274999999999999,0,1,8.886360999999999,5.827396000000001,47.403225,1,1,1789167958.195843,-0.8303508180928333,0.5566822592638553,-0.002048229882299241,-0.02486334385800784,177.76323327998912,-1.7812381876510823,-67.6424589135828,-0.0007918558816298274,0.009342572953000448,0.0007775441817634738,0.41746909738540644,0.44796777938842774,-9.659256209812165
2026-09-11T19:05:58.240,12.996011232,0.0,0.0,0.0,0.0,0.0,0.0,0.0,0.0,0.0,0.0,0.05133247375488281,420.515625,18.479690551757812,0.0,0.0,0.0,1,1789167957.8269,38.99028612833333,-76.940898695,-9.274999999999999,0,1,8.886360999999999,5.827396000000001,47.403225,1,1,1789167958.236843,-0.8303421927125676,0.5566906876229822,-0.0020710344568019455,-0.02496061159938008,177.75543956484557,-1.7896390241563895,-67.64352613418585,0.0016428784249022624,0.01937577269101505,-0.0020233602018370263,0.09473224056243897,0.4018765236282349,-9.723293635368348
2026-09-11T19:05:58.274,13.029415776000008,0.0,0.0,0.0,0.0,0.0,0.0,0.0,0.0,0.0,0.0,0.05135917663574219,420.734375,18.489303588867188,0.0,0.0,0.0,1,1789167957.8269,38.99028612833333,-76.940898695,-9.274999999999999,0,1,8.886360999999999,5.827396000000001,47.403225,1,1,1789167958.263843,-0.8303203182502557,0.5567199008839044,-0.001568167268493757,-0.025073131276878602,177.71271827589163,-1.7490296103016614,-67.64784718759374,-0.0013657201396855628,-0.002157052422539792,0.005261818628912505,0.250363778629303,0.4642468186569214,-9.688087761287688
2026-09-11T19:05:58.306,13.062816032,0.0,0.0,0.0,0.0,0.0,0.0,0.0,0.0,0.0,0.0,0.051544189453125,422.25,18.555908203125,0.0,0.0,0.0,1,1789167957.8269,38.99028612833333,-76.940898695,-9.274999999999999,0,1,8.886360999999999,5.827396000000001,47.403225,1,1,1789167958.296843,-0.8302806506824241,0.5567408098542427,-0.0029564988741639527,-0.025787028902526866,177.73328633304934,-1.9268094307352264,-67.64916627671856,-0.0024000022544174025,-0.024169668547467875,-0.003703588672731967,0.6226242187690735,0.2836083226776123,-9.71329085220337
2026-09-11T19:05:58.340,13.096223615999975,0.0,0.0,0.0,0.0,0.0,0.0,0.0,0.0,0.0,0.0,0.05135917663574219,420.734375,18.489303588867188,0.0,0.0,0.0,1,1789167957.8269,38.99028612833333,-76.940898695,-9.274999999999999,0,1,8.886360999999999,5.827396000000001,47.403225,1,1,1789167958.336843,-0.8303868646669861,0.5566513533978544,-0.0021414309624851486,-0.02433803653342829,177.81915178173483,-1.7565073220845397,-67.63855597427185,0.0028717647512314696,-0.03173043486710731,-0.003314380249537232,0.17612743690490723,0.3790270287513733,-9.701228672504424
2026-09-11T19:05:58.374,13.129637376000005,0.0,0.0,0.0,0.0,0.0,0.0,0.0,0.0,0.0,0.0,0.05135917663574219,420.734375,18.489303588867188,0.0,0.0,0.0,1,1789167957.8269,38.99028612833333,-76.940898695,-9.274999999999999,0,1,8.886360999999999,5.827396000000001,47.403225,1,1,1789167958.3648431,-0.8303955347812144,0.5566335202129655,-0.0009702814725114461,-0.024524244017034354,177.72670653571103,-1.6568505568845526,-67.63686468233243,-0.0013528047032208047,-0.027373045856578265,-0.00040072759625789806,0.2647795543670654,0.5241654511451721,-9.66553246591568
2026-09-11T19:05:58.407,13.163046303999977,0.0,0.0,0.0,0.0,0.0,0.0,0.0,0.0,0.0,0.0,0.05135917663574219,420.734375,18.489303588867188,0.0,0.0,0.0,1,1789167957.8269,38.99028612833333,-76.940898695,-9.274999999999999,0,1,8.886360999999999,5.827396000000001,47.403225,1,1,1789167958.396843,-0.830339809850388,0.5567076705425676,-0.0005733687944680134,-0.02473946209833852,177.68104470600915,-1.6330063249259879,-67.64730361572786,-0.0007408922674715929,-0.004288972103850865,-0.0009405579338997442,0.17053764631271362,0.41178124029159546,-9.726725962924958
2026-09-11T19:05:58.440,13.196451808000006,0.0,0.0,0.0,0.0,0.0,0.0,0.0,0.0,0.0,0.0,0.050537109375,414.0,18.193359375,-0.0305175818502903,-10.986329466104507,-328.87782402848467,1,1789167957.8269,38.99028612833333,-76.940898695,-9.274999999999999,0,1,8.886360999999999,5.827396000000001,47.403225,1,1,1789167958.436843,-0.8303368621267483,0.5567327407605523,-0.0004916423152076561,-0.02427156868813461,177.7204504975869,-1.5954359155245224,-67.65118809098468,-0.00015184364492350666,0.017112080651178405,-0.0009124581329426355,0.09914523313522339,0.3791250952529907,-9.633562786388397
2026-09-11T19:05:58.474,13.229854111999998,0.0,0.0,0.0,0.0,0.0,0.0,0.0,0.0,0.0,0.0,0.05038261413574219,412.734375,18.137741088867188,0.0,0.0,328.9093311080319,1,1789167957.8269,38.99028612833333,-76.940898695,-9.274999999999999,0,1,8.886360999999999,5.827396000000001,47.403225,1,1,1789167958.464843,-0.8303116405336538,0.5567769407667558,-0.0007872180425495979,-0.02411219841653009,177.754564968087,-1.6135194434056097,-67.65712689134332,-0.0015496778428457651,0.0004190535534038385,-0.0003274237676741362,0.30704621656417846,0.36480738601684565,-9.734375150051116
2026-09-11T19:05:58.507,13.263257087999989,0.0,0.0,0.0,0.0,0.0,0.0,0.0,0.0,0.0,0.0,0.050689697265625,415.25,18.248291015625,0.0,0.0,0.0,1,1789167957.8269,38.99028612833333,-76.940898695,-9.274999999999999,0,1,8.886360999999999,5.827396000000001,47.403225,1,1,1789167958.496843,-0.8302915110679515,0.5568261641731573,-0.001232481507646381,-0.023645518180809125,177.82750769312503,-1.626245309211393,-67.66388423324602,-0.00016074482410867775,-0.009202946612840901,0.002405412775098585,0.378732829246521,0.29468983736038207,-9.743985667209625
2026-09-11T19:05:58.541,13.296675135999976,0.0,0.0,0.0,0.0,0.0,0.0,0.0,0.0,0.0,0.0,0.050933837890625,417.25,18.336181640625,0.0,0.0,0.0,1,1789167957.8269,38.99028612833333,-76.940898695,-9.274999999999999,0,1,8.886360999999999,5.827396000000001,47.403225,1,1,1789167958.5358431,-0.8302970876379997,0.556803855651082,-0.0016149768882483425,-0.023950040534314078,177.82285436761163,-1.6820314920924462,-67.66027815855725,-8.552113334772215e-06,-0.01491872538019713,-0.0036041049053682902,0.33234737398147585,0.4257066835212707,-9.707701061611175
