timestamp,time_s,speed_mps,distance_m,wheel_omega_rad_s,motor_current_A,steer_motor_deg,steer_column_deg,vx_mps,vy_mps,yaw_rate_rad_s,heading_rad,x_m,y_m,gyro_x_rad_s,gyro_y_rad_s,gyro_z_rad_s,accel_x_mps2,accel_y_mps2,accel_z_mps2,grade_deg,bank_deg,moving,gps_new_fix,gps_time_s,gps_latitude_deg,gps_longitude_deg,gps_altitude_m,gps_east_m,gps_north_m,gps_sigma_m
2026-09-11T17:39:59.764,0.000008,-0.000000,-0.000000,-0.000000,0.000000,-129.488945,44.548949,-0.000000,-0.001663,-0.003502,0.000000,0.000000,0.000000,-0.006445,0.000666,-0.002018,0.615760,0.425805,9.683086,1.700131,0.895277,0,1,-0.692390,38.991384,-76.936694,-10.235000,0.000000,0.000000,3.467472
2026-09-11T17:39:59.797,0.033428,-0.000000,-0.000000,-0.000000,0.000000,-129.488945,44.548949,-0.000000,-0.000133,-0.000280,-0.000063,-0.000000,-0.000030,-0.011717,-0.000222,0.001203,0.630470,0.434729,9.673182,1.701084,0.895855,0,0,,38.991384,-76.936694,-10.235000,,,
2026-09-11T17:39:59.831,0.066849,-0.000000,-0.000000,-0.000000,0.000000,-129.488945,44.548949,-0.000000,0.001250,0.002631,-0.000024,0.000000,-0.000011,-0.013555,-0.001587,0.004114,0.667244,0.418646,9.688578,1.704412,0.895385,0,0,,38.991384,-76.936694,-10.235000,,,
2026-09-11T17:39:59.865,0.100263,-0.000000,-0.000000,-0.000000,0.000000,-129.488945,44.548949,-0.000000,-0.000741,-0.001560,-0.000006,0.000000,-0.000003,-0.009426,-0.000579,-0.000076,0.612916,0.431787,9.697306,1.704180,0.895771,0,0,,38.991384,-76.936694,-10.235000,,,
2026-09-11T17:39:59.898,0.133687,-0.000000,-0.000000,-0.000000,0.000000,-129.488945,44.548949,-0.000000,0.000898,0.001891,-0.000000,0.000000,-0.000000,-0.012008,0.000029,0.003374,0.626547,0.390501,9.680733,1.704834,0.893479,0,0,,38.991384,-76.936694,-10.235000,,,
2026-09-11T17:39:59.931,0.167109,-0.000000,-0.000000,-0.000000,0.000000,-129.488945,44.548949,-0.000000,-0.000444,-0.000934,0.000015,0.000000,0.000007,-0.011868,0.000242,0.000550,0.613308,0.404917,9.669553,1.692563,0.892146,0,0,,38.991384,-76.936694,-10.235000,,,
2026-09-11T17:39:59.965,0.200527,-0.000000,-0.000000,-0.000000,0.000000,-129.488945,44.548949,-0.000000,0.000162,0.000341,0.000006,0.000000,0.000003,-0.009127,-0.000451,0.001824,0.634098,0.419627,9.682106,1.679650,0.891781,0,0,,38.991384,-76.936694,-10.235000,,,
2026-09-11T17:39:59.999,0.233943,-0.000000,-0.000000,-0.000000,0.000000,-129.488945,44.548949,-0.000000,0.001391,0.002929,0.000060,-0.000000,0.000029,-0.011187,-0.000559,0.004413,0.647043,0.379812,9.683479,1.679452,0.888841,0,0,,38.991384,-76.936694,-10.235000,,,
2026-09-11T17:40:00.032,0.267361,-0.000000,-0.000000,-0.000000,0.000000,-129.532890,44.564068,-0.000000,-0.001122,-0.002362,0.000070,-0.000000,0.000033,-0.003508,-0.000089,-0.000878,0.637040,0.427864,9.673868,1.680737,0.889046,0,0,,38.991384,-76.936694,-10.235000,,,
2026-09-11T17:40:00.065,0.300780,-0.000000,-0.000000,-0.000000,0.000000,-129.620781,44.594305,-0.000000,-0.000326,-0.000687,0.000019,0.000000,0.000009,-0.001164,-0.000127,0.000797,0.679503,0.394620,9.669749,1.685084,0.887095,0,0,,38.991384,-76.936694,-10.235000,,,
2026-09-11T17:40:00.098,0.334211,-0.000000,-0.000000,-0.000000,0.000000,-129.664726,44.609424,-0.000000,0.001895,0.003990,0.000074,-0.000000,0.000035,-0.002017,0.001362,0.005473,0.659203,0.423941,9.683381,1.688068,0.887065,0,1,0.313497,38.991384,-76.936694,-10.225000,0.008498,-0.007413,4.266990
2026-09-11T17:40:00.132,0.367632,-0.000000,-0.000000,-0.000000,0.000000,-129.664726,44.609424,-0.000000,0.000667,0.001405,0.000164,-0.000000,0.000078,0.004110,-0.001447,0.002889,0.649396,0.386578,9.690245,1.690383,0.884616,0,0,,38.991384,-76.936694,-10.225000,,,
2026-09-11T17:40:00.165,0.401049,-0.000000,-0.000000,-0.000000,0.000000,-129.664726,44.609424,-0.000000,0.001601,0.003371,0.000244,-0.000000,0.000116,0.004595,-0.000322,0.004854,0.636354,0.417371,9.688088,1.691826,0.884187,0,0,,38.991384,-76.936694,-10.225000,,,
2026-09-11T17:40:00.199,0.434466,0.261929,0.015238,2.425270,0.000000,-129.664726,44.609424,0.186470,0.000401,0.000843,0.000314,0.003116,0.000150,0.002472,0.001643,0.002327,0.644493,0.427080,9.682008,1.693780,0.884383,0,0,,38.991384,-76.936694,-10.225000,,,
2026-09-11T17:40:00.232,0.467886,0.046246,0.015170,0.428205,0.000000,-129.664726,44.609424,0.032923,0.003154,0.006640,0.000439,0.006782,0.000211,-0.004296,-0.001994,0.008124,0.620761,0.423549,9.662787,1.694175,0.884343,0,0,,38.991384,-76.936694,-10.225000,,,
2026-09-11T17:40:00.265,0.501306,0.007031,0.015204,0.065102,0.000000,-129.664726,44.609424,0.005005,0.001298,0.002733,0.000596,0.007415,0.000286,-0.011013,0.000901,0.004216,0.625272,0.418254,9.677693,1.694857,0.883974,0,0,,38.991384,-76.936694,-10.225000,,,
2026-09-11T17:40:00.299,0.534722,-0.000000,0.015170,-0.000000,0.000000,-129.664726,44.609424,-0.000000,0.001730,0.003643,0.000703,0.007499,0.000336,-0.010032,0.002898,0.005126,0.674403,0.385597,9.688480,1.698262,0.881496,0,0,,38.991384,-76.936694,-10.225000,,,
2026-09-11T17:40:00.333,0.568138,-0.000000,0.015170,-0.000000,0.000000,-129.664726,44.609424,-0.000000,0.002097,0.004416,0.000837,0.007499,0.000400,-0.014018,0.001046,0.005899,0.703627,0.464835,9.670338,1.703065,0.884176,0,0,,38.991384,-76.936694,-10.225000,,,
2026-09-11T17:40:00.366,0.601552,-0.000000,0.015170,-0.000000,0.000000,-129.664726,44.609424,-0.000000,0.005044,0.010619,0.001088,0.007499,0.000519,-0.016338,0.000918,0.012102,0.750601,0.442770,9.674358,1.710856,0.885397,0,0,,38.991384,-76.936694,-10.225000,,,
2026-09-11T17:40:00.399,0.634970,-0.000000,0.015170,-0.000000,0.000000,-129.664726,44.609424,-0.000000,0.006280,0.013220,0.001487,0.007499,0.000709,-0.009262,0.003728,0.014704,0.770705,0.464247,9.684754,1.705401,0.887996,0,0,,38.991384,-76.936694,-10.225000,,,
2026-09-11T17:40:00.433,0.668388,-0.000000,0.015170,-0.000000,0.000000,-129.664726,44.609424,-0.000000,0.007749,0.016313,0.001980,0.007498,0.000943,-0.010035,0.001916,0.017797,0.823759,0.460814,9.703778,1.712446,0.890344,0,0,,38.991384,-76.936694,-10.225000,,,
2026-09-11T17:40:00.466,0.701802,-0.000000,0.015170,-0.000000,0.000000,-129.664726,44.609424,-0.000000,0.010846,0.022833,0.002634,0.007497,0.001254,-0.011491,0.001799,0.024317,0.841901,0.449537,9.663865,1.736860,0.891936,0,0,,38.991384,-76.936694,-10.225000,,,
2026-09-11T17:40:00.500,0.735232,-0.000000,0.015170,-0.000000,0.000000,-129.664726,44.609424,-0.000000,0.013512,0.028446,0.003491,0.007496,0.001661,-0.003763,0.004672,0.029930,0.844255,0.453263,9.686323,1.752167,0.893751,0,0,,38.991384,-76.936694,-10.225000,,,
2026-09-11T17:40:00.533,0.768658,-0.000000,0.015170,-0.000000,0.000000,-129.035759,44.393036,-0.000000,0.014565,0.030663,0.004479,0.007494,0.002130,-0.003027,0.002291,0.032147,0.846118,0.430806,9.652588,1.765288,0.894092,0,0,,38.991384,-76.936694,-10.225000,,,
2026-09-11T17:40:00.566,0.802078,0.009804,0.015648,0.090776,0.000000,-128.099861,44.071053,0.007044,0.019620,0.041306,0.005682,0.007609,0.002702,0.010915,0.001992,0.042790,0.826112,0.500629,9.668474,1.776635,0.898932,0,0,,38.991384,-76.936694,-10.225000,,,
2026-09-11T17:40:00.599,0.835496,0.009804,0.015979,0.090776,0.000000,-127.269020,43.785213,0.007078,0.022590,0.047558,0.007167,0.007840,0.003409,0.029000,0.001444,0.049042,0.840038,0.469739,9.705053,1.775585,0.901715,0,0,,38.991384,-76.936694,-10.225000,,,
2026-09-11T17:40:00.634,0.868911,0.009804,0.016303,0.090776,0.000000,-126.655159,43.574022,0.007103,0.024899,0.052418,0.008837,0.008071,0.004204,0.038172,-0.001086,0.053902,0.892209,0.489646,9.657393,1.773074,0.905754,0,0,,38.991384,-76.936694,-10.225000,,,
2026-09-11T17:40:00.667,0.902346,0.317704,0.028927,2.941701,0.000000,-126.207466,43.420000,0.230759,0.027853,0.058638,0.010694,0.012038,0.005128,0.049480,0.001507,0.060122,0.518674,0.409232,9.740063,1.759304,0.903687,0,0,,38.991384,-76.936694,-10.225000,,,
2026-09-11T17:40:00.700,0.935771,0.074735,0.030590,0.691989,0.000000,-125.745353,43.261016,0.054425,0.027560,0.058021,0.012643,0.016794,0.006107,0.046384,0.000205,0.059505,0.444634,0.186621,9.683675,1.746529,0.887897,0,0,,38.991384,-76.936694,-10.225000,,,
2026-09-11T17:40:00.733,0.969208,0.016422,0.030693,0.152058,0.000000,-125.029869,43.014863,0.012008,0.020546,0.043255,0.014336,0.017893,0.006926,0.021925,0.000958,0.044738,0.401288,0.423843,9.648959,1.732103,0.887818,0,0,,38.991384,-76.936694,-10.225000,,,
2026-09-11T17:40:00.767,1.002623,0.016422,0.031228,0.152058,0.000000,-124.156456,42.714377,0.012066,0.020230,0.042589,0.015771,0.018285,0.007613,0.008303,0.001748,0.044073,0.496216,0.395306,9.677300,1.724000,0.885892,0,0,,38.991384,-76.936694,-10.225000,,,
2026-09-11T17:40:00.801,1.036048,0.016422,0.031781,0.152058,0.000000,-123.360634,42.440585,0.012119,0.020881,0.043960,0.017217,0.018678,0.008306,-0.001200,-0.001315,0.045443,0.564961,0.349117,9.659452,1.720897,0.880994,0,0,,38.991384,-76.936694,-10.225000,,,
2026-09-11T17:40:00.834,1.069474,0.016422,0.032328,0.152058,0.000000,-122.836723,42.260340,0.012154,0.018960,0.039915,0.018619,0.019072,0.008979,0.002117,0.001335,0.041398,0.734028,0.505827,9.661021,1.729249,0.886305,0,0,,38.991384,-76.936694,-10.225000,,,
2026-09-11T17:40:00.867,1.102892,0.291371,0.041658,2.697877,0.000000,-122.698707,42.212858,0.215805,0.019288,0.040607,0.019964,0.022868,0.009694,0.014065,0.002307,0.042091,0.168674,0.452283,9.768600,1.700861,0.887551,0,0,,38.991384,-76.936694,-10.225000,,,
2026-09-11T17:40:00.900,1.136316,0.117788,0.046461,1.090628,0.000000,-122.698707,42.212858,0.087240,0.012784,0.026914,0.021093,0.027920,0.010333,0.012010,0.002733,0.028397,0.137882,0.041874,9.813711,1.685253,0.862617,0,0,,38.991384,-76.936694,-10.225000,,,
2026-09-11T17:40:00.934,1.169734,0.021353,0.046335,0.197712,0.000000,-122.698707,42.212858,0.015815,0.001966,0.004139,0.021612,0.029636,0.010616,0.011423,0.003485,0.005623,0.073256,0.326561,9.717704,1.668690,0.856548,0,0,,38.991384,-76.936694,-10.225000,,,
2026-09-11T17:40:00.968,1.203150,-0.000000,0.046278,-0.000000,0.000000,-122.698707,42.212858,-0.000000,-0.001797,-0.003784,0.021618,0.029901,0.010624,0.014818,0.004564,-0.002301,0.361767,0.320579,9.712212,1.656870,0.850163,0,0,,38.991384,-76.936694,-10.225000,,,
2026-09-11T17:40:01.001,1.236573,-0.000000,0.046278,-0.000000,0.000000,-122.698707,42.212858,-0.000000,-0.004508,-0.009490,0.021396,0.029903,0.010519,0.008951,0.000660,-0.008007,0.582711,0.442574,9.680341,1.656763,0.851749,0,0,,38.991384,-76.936694,-10.225000,,,
2026-09-11T17:40:01.034,1.269993,-0.000000,0.046278,-0.000000,0.000000,-122.985038,42.311366,-0.000000,-0.001323,-0.002786,0.021191,0.029905,0.010421,0.004090,0.003669,-0.001302,0.926728,0.581534,9.654941,1.678967,0.862317,0,0,,38.991384,-76.936694,-10.225000,,,
2026-09-11T17:40:01.067,1.303410,-0.000000,0.046278,-0.000000,0.000000,-123.294716,42.417907,-0.000000,0.002798,0.005891,0.021242,0.029904,0.010446,-0.001721,0.001756,0.007374,0.798163,0.530148,9.637289,1.692595,0.869439,0,0,,38.991384,-76.936694,-10.225000,,,
2026-09-11T17:40:01.101,1.336830,-0.000000,0.046278,-0.000000,0.000000,-123.336601,42.432317,-0.000000,0.001432,0.003016,0.021391,0.029903,0.010517,-0.017644,-0.001319,0.004499,0.630666,0.338722,9.704661,1.708386,0.864085,0,1,1.311875,38.991384,-76.936694,-10.214000,0.012244,-0.031505,3.466876
2026-09-11T17:40:01.136,1.370250,-0.000000,0.046278,-0.000000,0.000000,-123.336601,42.432317,-0.000000,-0.004227,-0.008898,0.021293,0.029904,0.010470,-0.024831,0.000411,-0.007415,0.402465,0.213785,9.753792,1.714062,0.850700,0,0,,38.991384,-76.936694,-10.214000,,,
2026-09-11T17:40:01.168,1.403671,-0.000000,0.046278,-0.000000,0.000000,-122.630729,42.189471,-0.000000,-0.009311,-0.019603,0.020817,0.029909,0.010244,-0.015255,-0.000788,-0.018119,0.483272,0.323423,9.710349,1.711982,0.844563,0,0,,38.991384,-76.936694,-10.214000,,,
2026-09-11T17:40:01.201,1.437090,-0.000000,0.046278,-0.000000,0.000000,-121.351509,41.749372,-0.000000,-0.008635,-0.018179,0.020185,0.029915,0.009944,0.000559,-0.001481,-0.016695,0.696959,0.429629,9.711526,1.718137,0.845373,0,0,,38.991384,-76.936694,-10.214000,,,
2026-09-11T17:40:01.235,1.470510,-0.000000,0.046278,-0.000000,0.000000,-120.826225,41.568655,-0.000000,-0.007029,-0.014797,0.019634,0.029920,0.009682,0.046728,0.001388,-0.013314,0.848864,0.569276,9.693776,1.733051,0.855217,0,0,,38.991384,-76.936694,-10.214000,,,
2026-09-11T17:40:01.268,1.503945,-0.000000,0.046278,-0.000000,0.000000,-120.721168,41.532512,-0.000000,-0.000991,-0.002086,0.019352,0.029923,0.009548,0.072904,0.002457,-0.000603,0.888384,0.679209,9.638074,1.750369,0.872079,0,0,,38.991384,-76.936694,-10.214000,,,
2026-09-11T17:40:01.302,1.537369,-0.000000,0.046278,-0.000000,0.000000,-120.721168,41.532512,-0.000000,0.002687,0.005658,0.019412,0.029922,0.009577,0.068551,0.003549,0.007141,0.689309,0.542210,9.637485,1.754581,0.879876,0,0,,38.991384,-76.936694,-10.214000,,,
2026-09-11T17:40:01.335,1.570788,-0.000000,0.046278,-0.000000,0.000000,-120.721168,41.532512,-0.000000,0.003365,0.007084,0.019625,0.029920,0.009678,0.050320,0.001678,0.008568,0.555841,0.506513,9.664160,1.749627,0.885273,0,0,,38.991384,-76.936694,-10.214000,,,
2026-09-11T17:40:01.368,1.604203,-0.000000,0.046278,-0.000000,0.000000,-120.721168,41.532512,-0.000000,0.002665,0.005611,0.019837,0.029918,0.009779,0.013862,0.001000,0.007094,0.422667,0.436396,9.639055,1.719634,0.886070,0,0,,38.991384,-76.936694,-10.214000,,,
2026-09-11T17:40:01.402,1.637619,-0.000000,0.046278,-0.000000,0.000000,-120.721168,41.532512,-0.000000,0.000992,0.002089,0.019965,0.029917,0.009840,-0.026101,0.002727,0.003573,0.424530,0.502395,9.615813,1.673632,0.891131,0,0,,38.991384,-76.936694,-10.214000,,,
2026-09-11T17:40:01.436,1.671038,-0.000000,0.046278,-0.000000,0.000000,-120.721168,41.532512,-0.000000,0.001018,0.002143,0.020036,0.029916,0.009873,-0.044636,0.001785,0.003627,0.655967,0.509455,9.642977,1.636506,0.896595,0,0,,38.991384,-76.936694,-10.214000,,,
2026-09-11T17:40:01.469,1.704453,-0.000000,0.046278,-0.000000,0.000000,-120.721168,41.532512,-0.000000,0.001455,0.003063,0.020123,0.029915,0.009915,-0.040591,-0.003057,0.004546,0.736970,0.602030,9.518727,1.595148,0.907992,0,0,,38.991384,-76.936694,-10.214000,,,
2026-09-11T17:40:01.502,1.737877,-0.000000,0.046278,-0.000000,0.000000,-120.721168,41.532512,-0.000000,0.009344,0.019672,0.020503,0.029912,0.010095,-0.001373,0.000774,0.021156,1.452757,0.878087,9.564230,1.595107,0.937146,0,0,,38.991384,-76.936694,-10.214000,,,
2026-09-11T17:40:01.535,1.771296,-0.000000,0.046278,-0.000000,0.000000,-120.831718,41.570545,-0.000000,0.023687,0.049868,0.021665,0.029900,0.010647,0.007579,-0.007364,0.051351,1.888270,0.842882,9.394869,1.620220,0.963694,0,0,,38.991384,-76.936694,-10.214000,,,
2026-09-11T17:40:01.569,1.804713,-0.000000,0.046278,-0.000000,0.000000,-120.831718,41.570545,-0.000000,0.039259,0.082650,0.023879,0.029876,0.011698,-0.025302,0.006229,0.084133,2.140988,1.373716,9.638662,1.660635,1.024325,0,0,,38.991384,-76.936694,-10.214000,,,
2026-09-11T17:40:01.603,1.838136,0.009643,0.046780,0.089292,0.000000,-120.831718,41.570545,0.007215,0.065560,0.138021,0.027567,0.029950,0.013453,-0.067004,0.026145,0.139505,2.326235,1.599170,9.682106,1.710698,1.098839,0,0,,38.991384,-76.936694,-10.214000,,,
2026-09-11T17:40:01.636,1.871555,0.340278,0.061300,3.150724,0.000000,-120.848198,41.576215,0.254553,0.089981,0.189434,0.033039,0.034242,0.016194,-0.102367,0.016052,0.190918,3.279442,1.261724,9.831853,1.818538,1.147606,0,0,,38.991384,-76.936694,-10.214000,,,
2026-09-11T17:40:01.669,1.904967,0.349900,0.072892,3.239815,0.000000,-120.772667,41.550229,0.261856,0.124886,0.262919,0.040596,0.042729,0.020099,-0.075180,0.010649,0.264402,2.851480,1.053430,10.665811,1.893859,1.180999,1,0,,38.991384,-76.936694,-10.214000,,,
2026-09-11T17:40:01.702,1.938394,0.476950,0.089122,4.416201,0.000000,-120.677223,41.517393,0.357118,0.170573,0.359100,0.050992,0.052833,0.025514,-0.002240,0.041987,0.360584,3.260025,1.211906,10.705037,1.992738,1.220457,1,0,,38.991384,-76.936694,-10.214000,,,
2026-09-11T17:40:01.736,1.971814,0.554661,0.107310,5.135754,0.000000,-120.787773,41.555426,0.415061,0.179695,0.378305,0.063314,0.065379,0.032100,0.074787,0.026519,0.379788,2.280242,4.016608,7.943190,2.026869,1.439314,1,0,,38.991384,-76.936694,-10.214000,,,
2026-09-11T17:40:01.770,2.005227,0.593695,0.128199,5.497173,0.000000,-121.423607,41.774177,0.442763,0.207896,0.437675,0.076946,0.079218,0.039566,0.193275,-0.009284,0.439159,1.759019,1.527092,8.745767,2.022571,1.492076,1,0,,38.991384,-76.936694,-10.214000,,,
2026-09-11T17:40:01.803,2.038651,0.623153,0.149510,5.769939,0.000000,-122.292900,42.073245,0.462560,0.222584,0.468599,0.092092,0.093684,0.048014,0.140766,0.085517,0.470082,1.423926,-0.054525,9.611400,1.991821,1.440289,1,0,,38.991384,-76.936694,-10.214000,,,
2026-09-11T17:40:01.836,2.072069,0.613884,0.170604,5.684107,0.000000,-122.478981,42.137264,0.455219,0.205945,0.433569,0.107166,0.108232,0.056663,0.109822,0.087451,0.435052,0.396483,-3.166763,7.956920,1.893328,1.188735,1,0,,38.991384,-76.936694,-10.214000,,,
2026-09-11T17:40:01.869,2.105484,0.662982,0.193077,6.138718,0.000000,-122.215309,42.046551,0.492331,0.210479,0.443113,0.121813,0.123163,0.065388,0.060694,0.029731,0.444596,1.873070,4.033279,8.914245,1.906700,1.405027,1,0,,38.991384,-76.936694,-10.214000,,,
2026-09-11T17:40:01.904,2.138907,0.682941,0.217110,6.323529,0.000000,-121.656379,41.854259,0.508685,0.227161,0.478233,0.137210,0.138805,0.074802,0.084185,0.022586,0.479717,-0.065705,1.544057,11.127508,1.809774,1.456077,1,0,,38.991384,-76.936694,-10.214000,,,
2026-09-11T17:40:01.937,2.172324,0.731857,0.241810,6.776455,0.000000,-120.785713,41.554718,0.547665,0.242188,0.509869,0.153720,0.155128,0.085125,0.075405,0.053365,0.511353,-0.319501,-1.366949,12.147890,1.703281,1.315632,1,0,,38.991384,-76.936694,-10.214000,,,
2026-09-11T17:40:01.970,2.205740,0.722490,0.266522,6.689725,0.000000,-120.332527,41.398805,0.541958,0.243515,0.512663,0.170804,0.171782,0.096073,0.041671,0.101104,0.514147,-0.858572,-3.951884,9.910110,1.574862,1.009442,1,0,,38.991384,-76.936694,-10.214000,,,
2026-09-11T17:40:02.003,2.239162,0.732419,0.291597,6.781657,0.000000,-120.484276,41.451012,0.548964,0.229228,0.482585,0.187436,0.188315,0.107096,-0.010958,0.069058,0.484068,-1.386562,-1.221909,8.766851,1.422395,0.884292,1,0,,38.991384,-76.936694,-10.214000,,,
2026-09-11T17:40:02.036,2.272586,0.810816,0.318878,7.507551,0.000000,-120.482902,41.450540,0.607728,0.265435,0.558810,0.204840,0.205657,0.118978,-0.018769,0.078075,0.560294,1.259958,0.401877,9.417424,1.445691,0.860868,1,0,,38.991384,-76.936694,-10.214000,,,
2026-09-11T17:40:02.070,2.306000,0.830421,0.346432,7.689085,0.000000,-120.413551,41.426680,0.622652,0.270214,0.568872,0.223680,0.223838,0.132095,-0.025807,0.071305,0.570356,1.273786,1.971921,8.509525,1.466593,0.938428,1,0,,38.991384,-76.936694,-10.214000,,,
2026-09-11T17:40:02.104,2.339427,0.849964,0.375165,7.870033,0.000000,-120.355873,41.406837,0.637500,0.275955,0.580959,0.242898,0.242216,0.145847,-0.061048,0.063767,0.582442,-0.481703,-0.414037,11.131136,1.371111,0.859557,1,1,2.308721,38.991382,-76.936692,-10.193000,0.112641,-0.245741,3.564712
2026-09-11T17:40:02.137,2.372845,0.859670,0.403961,7.959912,0.000000,-120.325660,41.396443,0.644884,0.277783,0.584807,0.262376,0.260649,0.160161,-0.043473,0.164844,0.586290,0.010591,1.906413,7.391076,1.308791,0.931411,1,0,,38.991382,-76.936692,-10.193000,,,
2026-09-11T17:40:02.170,2.406261,0.869314,0.432905,8.049203,0.000000,-120.524101,41.464714,0.651432,0.271858,0.572332,0.281710,0.279043,0.174827,-0.079628,-0.130121,0.573816,0.221140,3.880590,16.654438,1.260472,1.130608,1,0,,38.991382,-76.936692,-10.193000,,,
2026-09-11T17:40:02.204,2.439684,0.879219,0.462435,8.140913,0.000000,-120.782966,41.553773,0.657949,0.281252,0.592110,0.301169,0.297344,0.189968,-0.122456,0.003604,0.593593,0.027851,2.163053,11.666579,1.198307,1.215309,1,0,,38.991382,-76.936692,-10.193000,,,
2026-09-11T17:40:02.238,2.473108,0.831147,0.490262,7.695804,0.000000,-120.806999,41.562041,0.621895,0.285389,0.600819,0.321106,0.314807,0.205524,-0.110126,0.041290,0.602303,0.421490,-1.685861,10.230297,1.158538,1.050756,1,0,,38.991382,-76.936692,-10.193000,,,
2026-09-11T17:40:02.271,2.506528,0.811759,0.517589,7.516286,0.000000,-120.589332,41.487156,0.608092,0.269403,0.567163,0.340623,0.331236,0.220967,-0.104895,0.025825,0.568647,0.306556,1.380188,9.445569,1.112234,1.088512,1,0,,38.991382,-76.936692,-10.193000,,,
2026-09-11T17:40:02.304,2.539957,0.841188,0.545872,7.788775,0.000000,-120.524101,41.464714,0.630356,0.278084,0.585441,0.359888,0.347536,0.236668,0.014703,-0.029180,0.586924,1.179936,-0.421294,11.247835,1.124275,1.007578,1,0,,38.991382,-76.936692,-10.193000,,,
2026-09-11T17:40:02.337,2.573378,0.890414,0.575556,8.244576,0.000000,-120.480156,41.449595,0.667400,0.294468,0.619933,0.380030,0.364290,0.253433,0.043077,-0.022611,0.621416,1.677722,2.339082,9.066738,1.164310,1.103463,1,0,,38.991382,-76.936692,-10.193000,,,
2026-09-11T17:40:02.371,2.606794,0.929420,0.606192,8.605738,0.000000,-120.480156,41.449595,0.696636,0.303178,0.638268,0.401052,0.381558,0.271346,0.096281,0.018234,0.639752,2.070282,0.343723,10.141743,1.225471,1.067043,1,0,,38.991382,-76.936692,-10.193000,,,
2026-09-11T17:40:02.405,2.640224,0.958655,0.638770,8.876434,0.000000,-120.575599,41.482431,0.718185,0.322961,0.679917,0.423085,0.399030,0.290408,0.274846,0.062927,0.681401,2.160111,2.079696,12.039134,1.287317,1.140661,1,0,,38.991382,-76.936692,-10.193000,,,
2026-09-11T17:40:02.438,2.673640,1.007642,0.672693,9.330017,0.000000,-119.985084,41.279272,0.757246,0.333139,0.701345,0.446164,0.416767,0.310736,0.255744,-0.049736,0.702829,4.356604,4.578431,8.099214,1.483525,1.372528,1,0,,38.991382,-76.936692,-10.193000,,,
2026-09-11T17:40:02.471,2.707056,1.017481,0.706854,9.421123,0.000000,-116.106910,39.945038,0.780063,0.318693,0.670933,0.469092,0.434998,0.331858,0.301893,0.056160,0.672416,1.047154,5.316479,8.521783,1.454707,1.650203,1,0,,38.991382,-76.936692,-10.193000,,,
2026-09-11T17:40:02.504,2.740483,1.017780,0.740532,9.423887,0.000000,-106.300926,36.571419,0.817394,0.282085,0.593864,0.490231,0.454051,0.353094,0.181929,0.034553,0.595348,0.624978,5.208214,8.187376,1.390448,1.920396,1,0,,38.991382,-76.936692,-10.193000,,,
2026-09-11T17:40:02.538,2.773902,1.018019,0.774284,9.426104,0.000000,-100.372429,34.531799,0.838656,0.269054,0.566429,0.509619,0.473922,0.374445,0.159614,0.019770,0.567913,1.380874,-0.785807,5.599793,1.370399,1.799708,1,0,,38.991382,-76.936692,-10.193000,,,
2026-09-11T17:40:02.572,2.807318,1.018360,0.807591,9.429255,0.000000,-90.417442,31.106918,0.871924,0.225740,0.475242,0.527023,0.494655,0.395792,0.020351,0.028054,0.476726,2.211792,-2.618179,11.795635,1.402665,1.565581,1,0,,38.991382,-76.936692,-10.193000,,,
2026-09-11T17:40:02.606,2.840738,1.047743,0.842961,9.701325,0.000000,-78.975868,27.170597,0.932126,0.239553,0.504323,0.543392,0.516613,0.417860,0.042804,0.107712,0.505806,2.432540,-4.070250,7.584463,1.449463,1.236398,1,0,,38.991382,-76.936692,-10.193000,,,
2026-09-11T17:40:02.639,2.874151,1.057984,0.877082,9.796152,0.000000,-74.457054,25.615959,0.953997,0.202699,0.426734,0.558946,0.539590,0.440660,-0.038065,-0.031937,0.428217,-0.723633,-5.449850,9.278072,1.293264,0.825760,1,0,,38.991382,-76.936692,-10.193000,,,
2026-09-11T17:40:02.672,2.907568,1.097296,0.914474,10.160150,0.000000,-64.730720,22.269743,1.015449,0.182017,0.383193,0.572479,0.563922,0.463731,0.005547,0.028296,0.384677,0.006276,-0.997925,11.529188,1.192069,0.709146,1,0,,38.991382,-76.936692,-10.193000,,,
2026-09-11T17:40:02.705,2.940992,1.156170,0.953034,10.705280,0.000000,-61.007042,20.988661,1.079460,0.186115,0.391821,0.585431,0.589855,0.488042,-0.003242,0.046133,0.393304,2.619749,-1.200236,9.574331,1.268560,0.578517,1,0,,38.991382,-76.936692,-10.193000,,,
2026-09-11T17:40:02.738,2.974406,1.175924,0.992340,10.888188,0.000000,-53.440208,18.385393,1.115901,0.181487,0.382078,0.598361,0.616865,0.513606,0.011818,0.007343,0.383562,1.281337,1.525326,9.503036,1.262032,0.625605,1,0,,38.991382,-76.936692,-10.193000,,,
2026-09-11T17:40:02.772,3.007821,1.215373,1.033491,11.253450,0.000000,-50.773964,17.468107,1.159325,0.154335,0.324916,0.610173,0.644958,0.539825,-0.110099,-0.021662,0.326399,-0.331563,0.542112,7.296148,1.155512,0.611735,1,0,,38.991382,-76.936692,-10.193000,,,
2026-09-11T17:40:02.806,3.041268,1.254619,1.075485,11.616845,0.000000,-44.862632,15.434392,1.209373,0.155049,0.326420,0.621065,0.674308,0.566928,-0.148484,0.007079,0.327903,1.971921,-1.219163,11.491727,1.205391,0.482703,1,0,,38.991382,-76.936692,-10.193000,,,
2026-09-11T17:40:02.839,3.074686,1.283965,1.118329,11.888568,0.000000,-40.720787,14.009445,1.245775,0.146342,0.308089,0.631667,0.704590,0.595058,-0.137641,0.071539,0.309573,1.712731,2.479219,10.219118,1.246884,0.595369,1,0,,38.991382,-76.936692,-10.193000,,,
2026-09-11T17:40:02.872,3.108104,1.303332,1.161964,12.067886,0.000000,-39.597435,13.622971,1.266665,0.143520,0.302148,0.641864,0.735462,0.623915,-0.143275,-0.041727,0.303632,1.016165,4.088098,11.735128,1.250456,0.811048,1,0,,38.991382,-76.936692,-10.193000,,,
2026-09-11T17:40:02.906,3.141533,1.303152,1.205895,12.066219,0.000000,-40.408363,13.901960,1.264980,0.133114,0.280239,0.651598,0.766446,0.653103,-0.184514,0.012692,0.281723,-1.095305,5.561744,12.350593,1.123585,1.121741,1,0,,38.991382,-76.936692,-10.193000,,,
2026-09-11T17:40:02.940,3.174950,1.274511,1.248368,11.801030,0.000000,-41.598320,14.311349,1.234959,0.155891,0.328193,0.661764,0.796581,0.682425,-0.014742,-0.092195,0.329676,3.741727,8.706638,7.476590,1.320583,1.629449,1,0,,38.991382,-76.936692,-10.193000,,,
2026-09-11T17:40:02.973,3.208366,1.255608,1.290716,11.625998,0.000000,-42.346077,14.568604,1.215236,0.171623,0.361311,0.673284,0.825344,0.712062,-0.147745,-0.006832,0.362795,1.036465,-2.935327,0.347842,1.352166,1.375104,1,0,,38.991382,-76.936692,-10.193000,,,
2026-09-11T17:40:03.006,3.241792,1.265783,1.333217,11.720217,0.000000,-42.718239,14.696642,1.224370,0.163808,0.344859,0.685087,0.853547,0.742037,-0.157004,-0.053243,0.346342,1.295655,6.268313,5.910468,1.412468,1.721084,1,0,,38.991382,-76.936692,-10.193000,,,
2026-09-11T17:40:03.039,3.275207,1.246500,1.374551,11.541670,0.000000,-42.790336,14.721446,1.205581,0.161052,0.339058,0.696513,0.881380,0.772086,-0.109033,-0.065004,0.340541,2.149520,4.306002,14.738709,1.532266,1.936912,1,0,,38.991382,-76.936692,-10.193000,,,
2026-09-11T17:40:03.073,3.308623,1.227360,1.414899,11.364441,0.000000,-42.738838,14.703729,1.187165,0.150244,0.316303,0.707463,0.908549,0.801871,-0.061531,-0.085967,0.317787,1.435890,2.744881,11.264801,1.604407,2.051353,1,0,,38.991382,-76.936692,-10.193000,,,
2026-09-11T17:40:03.107,3.342050,1.198368,1.455612,11.095999,0.000000,-42.581596,14.649632,1.159410,0.172361,0.362865,0.718814,0.934683,0.831603,-0.047073,-0.019482,0.364348,4.666004,-1.775788,8.272596,1.885741,1.868506,1,1,3.310885,38.991375,-76.936685,-10.066000,0.775954,-1.019843,3.466876
2026-09-11T17:40:03.140,3.375465,1.189247,1.495641,11.011542,0.000000,-42.571983,14.646324,1.150602,0.143171,0.301412,0.729913,0.960096,0.861127,-0.062415,-0.023155,0.302896,-1.856987,-0.378537,6.549175,1.737858,1.783117,1,0,,38.991375,-76.936685,-10.066000,,,
2026-09-11T17:40:03.173,3.408878,1.180082,1.534679,10.926681,0.000000,-41.844825,14.396156,1.143027,0.130647,0.275047,0.739543,0.985463,0.890209,0.023150,0.015461,0.276531,0.044816,2.056945,9.235217,1.706077,1.858609,1,0,,38.991375,-76.936685,-10.066000,,,
2026-09-11T17:40:03.207,3.442300,1.170671,1.573945,10.839550,0.000000,-40.337639,13.877628,1.136500,0.122020,0.256885,0.748432,1.010632,0.919113,0.056825,0.027437,0.258368,-3.210599,4.631289,14.603377,1.451745,2.101658,1,0,,38.991375,-76.936685,-10.066000,,,
2026-09-11T17:40:03.240,3.475716,1.084214,1.610306,10.039017,0.000000,-37.407036,12.869393,1.056979,0.126240,0.265768,0.757165,1.034545,0.947192,-0.006835,-0.001503,0.267252,-0.551820,0.239380,4.851840,1.362712,2.057991,1,0,,38.991375,-76.936685,-10.066000,,,
2026-09-11T17:40:03.273,3.509126,1.045543,1.645191,9.680955,0.000000,-31.532783,10.848435,1.026858,0.122802,0.258531,0.765923,1.056870,0.974222,-0.033530,0.067505,0.260014,0.589085,-1.216907,8.055673,1.340640,1.921439,1,0,,38.991375,-76.936685,-10.066000,,,
2026-09-11T17:40:03.306,3.542550,1.094619,1.681951,10.135362,0.000000,-31.152382,10.717562,1.075524,0.092742,0.195247,0.773507,1.079594,1.001264,0.023531,0.037859,0.196731,1.935244,1.629963,11.927044,1.397486,1.974520,1,0,,38.991375,-76.936685,-10.066000,,,
2026-09-11T17:40:03.340,3.575966,1.133864,1.719502,10.498741,0.000000,-30.677223,10.554090,1.114682,0.094495,0.198937,0.780093,1.103496,1.029148,0.048790,0.020616,0.200420,3.490089,2.040077,8.832752,1.546556,2.052825,1,0,,38.991375,-76.936685,-10.066000,,,
2026-09-11T17:40:03.374,3.609383,1.143650,1.757811,10.589353,0.000000,-29.919853,10.293527,1.125243,0.090912,0.191393,0.786615,1.127828,1.057753,0.069888,0.035930,0.192877,3.549125,0.409035,9.970813,1.691872,2.024947,1,0,,38.991375,-76.936685,-10.066000,,,
2026-09-11T17:40:03.407,3.642798,1.201980,1.798130,11.129448,0.000000,-29.998817,10.320694,1.182533,0.101371,0.213413,0.793378,1.152682,1.087406,0.057579,-0.031946,0.214897,1.037936,1.925045,12.413062,1.670755,2.093256,1,0,,38.991375,-76.936685,-10.066000,,,
2026-09-11T17:40:03.440,3.676228,1.250610,1.840068,11.579718,0.000000,-30.179405,10.382823,1.230131,0.110356,0.232327,0.800828,1.178327,1.118727,0.078149,0.040577,0.233811,6.059921,1.067650,7.974474,1.976178,2.103065,1,0,,38.991375,-76.936685,-10.066000,,,
2026-09-11T17:40:03.474,3.709643,1.338108,1.884939,12.389885,0.000000,-30.200691,10.390146,1.316166,0.121276,0.255317,0.808976,1.205023,1.152076,0.110364,0.097503,0.256801,2.556692,-2.854520,6.898096,2.049942,1.855269,1,0,,38.991375,-76.936685,-10.066000,,,
2026-09-11T17:40:03.507,3.743060,1.396521,1.931827,12.930746,0.000000,-30.723915,10.570154,1.372823,0.134951,0.284107,0.817989,1.232772,1.187668,0.009099,-0.044837,0.285590,2.688689,-1.771081,12.210750,2.128067,1.676979,1,0,,38.991375,-76.936685,-10.066000,,,
2026-09-11T17:40:03.541,3.776484,1.454853,1.980766,13.470858,0.000000,-30.963554,10.652599,1.429780,0.135166,0.284560,0.827492,1.261319,1.225073,0.043489,0.018839,0.286043,3.408203,2.412632,9.976501,2.253068,1.770726,1,0,,38.991375,-76.936685,-10.066000,,,
2026-09-11T17:40:03.574,3.809899,1.494002,2.030690,13.833356,0.000000,-31.023292,10.673151,1.468156,0.139035,0.292704,0.837137,1.290522,1.263964,-0.061870,-0.007816,0.294188,4.902933,2.818333,9.953162,2.479241,1.888233,1,0,,38.991375,-76.936685,-10.066000,,,
2026-09-11T17:40:03.607,3.843315,1.533068,2.082117,14.195070,0.000000,-31.464805,10.825048,1.505787,0.148503,0.312638,0.847251,1.320017,1.304236,0.022460,-0.035027,0.314122,3.371134,5.022084,9.106946,2.607970,2.144653,1,0,,38.991375,-76.936685,-10.066000,,,
2026-09-11T17:40:03.641,3.876736,1.552707,2.133722,14.376916,0.000000,-32.219429,11.084666,1.523740,0.146444,0.308304,0.857627,1.349624,1.345595,0.000480,-0.021968,0.309788,3.962475,8.359777,8.669079,2.778000,2.614935,1,0,,38.991375,-76.936685,-10.066000,,,
2026-09-11T17:40:03.675,3.910154,1.552961,2.185600,14.379264,0.000000,-33.707390,11.596579,1.521260,0.158391,0.333455,0.868350,1.378833,1.387563,0.061314,0.030615,0.334938,1.637416,3.576093,10.435256,2.802344,2.767344,1,0,,38.991375,-76.936685,-10.066000,,,
2026-09-11T17:40:03.708,3.943570,1.534234,2.236367,14.205866,0.000000,-35.097847,12.074947,1.500288,0.170264,0.358451,0.879911,1.407015,1.429803,-0.016432,-0.046010,0.359935,-0.752170,2.341632,4.194893,2.680661,2.835999,1,0,,38.991375,-76.936685,-10.066000,,,
2026-09-11T17:40:03.741,3.976991,1.486681,2.286262,13.765563,0.000000,-36.412773,12.527330,1.451287,0.154968,0.326248,0.891352,1.434022,1.471431,-0.036283,0.153233,0.327731,-3.868233,2.977985,15.159316,2.368629,2.949389,1,0,,38.991375,-76.936685,-10.066000,,,
2026-09-11T17:40:03.774,4.010458,1.477622,2.335378,13.681689,0.000000,-36.024818,12.393859,1.443187,0.151764,0.319504,0.902158,1.460243,1.512476,-0.272037,-0.086453,0.320988,-1.798344,-6.958603,8.969849,2.204775,2.416825,1,0,,38.991375,-76.936685,-10.066000,,,
2026-09-11T17:40:03.807,4.043861,1.487810,2.384271,13.776020,0.000000,-35.678062,12.274563,1.453799,0.162525,0.342159,0.913209,1.485889,1.553838,-0.058970,-0.014144,0.343642,3.378979,6.556628,6.392269,2.387597,2.765249,1,0,,38.991375,-76.936685,-10.066000,,,
2026-09-11T17:40:03.840,4.077268,1.478600,2.433796,13.690743,0.000000,-35.814018,12.321336,1.444542,0.176660,0.371916,0.925136,1.510744,1.595763,0.021999,-0.013180,0.373399,2.500009,0.586340,8.451861,2.519305,2.720086,1,0,,38.991375,-76.936685,-10.066000,,,
2026-09-11T17:40:03.874,4.110669,1.469066,2.482768,13.602459,0.000000,-35.686302,12.277397,1.435467,0.167675,0.353000,0.937243,1.534840,1.637785,0.008974,0.024176,0.354484,3.493619,-1.051469,11.613427,2.720829,2.571213,1,0,,38.991375,-76.936685,-10.066000,,,
2026-09-11T17:40:03.909,4.144089,1.478693,2.532966,13.691604,0.000000,-35.015449,12.046600,1.446130,0.158066,0.332770,0.948702,1.558717,1.679953,-0.042730,-0.095353,0.334254,-0.428354,-2.934444,11.318639,2.667684,2.303461,1,0,,38.991375,-76.936685,-10.066000,,,
2026-09-11T17:40:03.942,4.177508,1.459070,2.581625,13.509906,0.000000,-33.137474,11.400507,1.430282,0.136853,0.288112,0.959077,1.582505,1.722007,0.019969,0.025353,0.289596,-0.032558,-4.486641,8.667706,2.639095,1.942631,1,0,,38.991375,-76.936685,-10.066000,,,
2026-09-11T17:40:03.974,4.210910,1.459386,2.629897,13.512836,0.000000,-30.232963,10.401249,1.435405,0.117627,0.247636,0.968024,1.606324,1.763737,0.036581,0.056234,0.249119,-0.703823,0.081493,12.030406,2.562544,1.885691,1,0,,38.991375,-76.936685,-10.066000,,,
2026-09-11T17:40:04.007,4.244316,1.430701,2.677098,13.247228,0.000000,-27.998619,9.632552,1.410529,0.103169,0.217198,0.975788,1.630077,1.805079,-0.045627,0.004741,0.218681,0.971937,-0.466306,11.666383,2.590503,1.797065,1,0,,38.991375,-76.936685,-10.066000,,,
2026-09-11T17:40:04.042,4.277720,1.401794,2.723741,12.979574,0.000000,-24.978065,8.593371,1.386057,0.085798,0.180628,0.982433,1.653511,1.845607,-0.021349,0.069551,0.182112,-2.865699,0.711472,9.971206,2.367809,1.789363,1,0,,38.991375,-76.936685,-10.066000,,,
2026-09-11T17:40:04.076,4.311137,1.382809,2.770282,12.803791,0.000000,-23.394661,8.048622,1.369188,0.075518,0.158986,0.988107,1.676707,1.885463,-0.065209,-0.046345,0.160469,-2.019876,-2.724287,11.655596,2.199361,1.561219,1,1,4.308309,38.991367,-76.936673,-10.014000,1.776326,-1.930715,4.665574
2026-09-11T17:40:04.108,4.344556,1.354043,2.814971,12.537433,0.000000,-23.599968,8.119255,1.340470,0.089417,0.188246,0.993909,1.699207,1.924849,-0.088464,0.040431,0.189729,0.740990,-2.751354,10.204604,2.207383,1.331638,1,0,,38.991367,-76.936673,-10.014000,,,
2026-09-11T17:40:04.141,4.377960,1.334695,2.859301,12.358283,0.000000,-25.189552,8.666130,1.319457,0.089426,0.188264,1.000198,1.720813,1.963783,-0.007749,0.104546,0.189748,-1.355671,-3.106845,6.082967,2.076107,1.081979,1,0,,38.991367,-76.936673,-10.014000,,,
2026-09-11T17:40:04.175,4.411362,1.344572,2.904628,12.449738,0.000000,-28.576088,9.831223,1.324827,0.112390,0.236610,1.007294,1.741690,2.002843,0.006465,-0.011701,0.238093,1.036955,1.433732,8.786464,2.097025,1.124871,1,0,,38.991367,-76.936673,-10.014000,,,
2026-09-11T17:40:04.209,4.444770,1.345110,2.950034,12.454720,0.000000,-30.397758,10.457944,1.322765,0.126799,0.266945,1.015705,1.761768,2.042447,0.061437,0.032825,0.268428,2.020562,2.957882,8.248570,2.178016,1.263428,1,0,,38.991367,-76.936673,-10.014000,,,
2026-09-11T17:40:04.243,4.478188,1.355289,2.996050,12.548976,0.000000,-33.267936,11.445391,1.328339,0.145394,0.306093,1.025280,1.781055,2.082582,0.040350,0.028099,0.307577,-0.608307,2.384193,8.614456,2.082864,1.359876,1,0,,38.991367,-76.936673,-10.014000,,,
2026-09-11T17:40:04.275,4.511596,1.375198,3.042437,12.733312,0.000000,-35.778999,12.309289,1.343583,0.159235,0.335231,1.035993,1.799642,2.123475,0.042955,-0.024355,0.336714,1.596523,-1.316641,9.229431,2.125447,1.212717,1,0,,38.991367,-76.936673,-10.014000,,,
2026-09-11T17:40:04.308,4.545013,1.385281,3.089148,12.826672,0.000000,-36.105156,12.421499,1.352853,0.149776,0.315318,1.046862,1.817937,2.164970,0.073928,0.042933,0.316802,-3.001031,-0.750013,9.693874,1.862892,1.105412,1,0,,38.991367,-76.936673,-10.014000,,,
2026-09-11T17:40:04.341,4.578416,1.424515,3.137158,13.189957,0.000000,-35.568886,12.237002,1.392149,0.167013,0.351606,1.058001,1.836051,2.207414,0.147613,0.011385,0.353089,2.123532,2.804604,7.444228,1.928141,1.225409,1,0,,38.991367,-76.936673,-10.014000,,,
2026-09-11T17:40:04.375,4.611826,1.434499,3.185407,13.282400,0.000000,-34.439354,11.848401,1.403936,0.142636,0.300286,1.068891,1.854224,2.250754,0.172364,0.059120,0.301769,1.618293,0.115522,8.640738,1.952341,1.174357,1,0,,38.991367,-76.936673,-10.014000,,,
2026-09-11T17:40:04.409,4.645236,1.473392,3.234523,13.642518,0.000000,-33.151893,11.405468,1.444296,0.142784,0.300597,1.078928,1.872710,2.294853,0.238457,-0.018994,0.302081,2.563556,5.548112,5.943320,2.029783,1.474904,1,0,,38.991367,-76.936673,-10.014000,,,
2026-09-11T17:40:04.443,4.678653,1.492999,3.284840,13.824069,0.000000,-31.444206,10.817961,1.466467,0.143000,0.301053,1.088981,1.891241,2.340072,0.256716,0.065822,0.302536,0.551428,-2.147460,9.821262,1.970241,1.273172,1,0,,38.991367,-76.936673,-10.014000,,,
2026-09-11T17:40:04.476,4.712064,1.512801,3.335698,14.007417,0.000000,-30.607872,10.530231,1.487323,0.121992,0.256826,1.098301,1.909970,2.385939,0.222628,0.014124,0.258309,0.623605,-0.245264,7.329588,1.912409,1.200787,1,0,,38.991367,-76.936673,-10.014000,,,
2026-09-11T17:40:04.508,4.745471,1.542041,3.386858,14.278153,0.000000,-27.966346,9.621449,1.520350,0.114790,0.241663,1.106627,1.929116,2.432555,0.178785,0.012666,0.243147,0.355981,-1.494043,7.520230,1.836651,1.049300,1,0,,38.991367,-76.936673,-10.014000,,,
2026-09-11T17:40:04.542,4.778880,1.552035,3.438685,14.370690,0.000000,-24.347038,8.376275,1.535479,0.091457,0.192541,1.113881,1.948716,2.479816,0.177095,-0.064405,0.194025,-0.957521,1.305265,9.159019,1.675655,1.085398,1,0,,38.991367,-76.936673,-10.014000,,,
2026-09-11T17:40:04.577,4.812287,1.591297,3.492095,14.734235,0.000000,-19.838524,6.825180,1.580020,0.076770,0.161622,1.119796,1.969010,2.527818,0.111475,-0.050236,0.163105,2.237976,0.616936,12.280770,1.724809,1.079133,1,0,,38.991367,-76.936673,-10.014000,,,
2026-09-11T17:40:04.610,4.845707,1.611113,3.546069,14.917711,0.000000,-15.756416,5.420785,1.603908,0.072311,0.152233,1.125041,1.989828,2.576842,0.052552,-0.026791,0.153716,1.388229,-1.377344,12.204180,1.722916,0.944494,1,0,,38.991367,-76.936673,-10.014000,,,
2026-09-11T17:40:04.643,4.879125,1.650261,3.601547,15.280193,0.000000,-9.356193,3.218874,1.647657,0.041335,0.087021,1.129038,2.011438,2.626727,0.022082,-0.073708,0.088505,0.434925,2.514425,10.979624,1.663833,1.069933,1,0,,38.991367,-76.936673,-10.014000,,,
2026-09-11T17:40:04.676,4.912535,1.709179,3.658467,15.825732,0.000000,-4.460411,1.534545,1.708566,0.018996,0.039991,1.131160,2.034441,2.677867,-0.034340,-0.011663,0.041474,3.998858,0.707648,15.356822,1.839834,1.081825,1,0,,38.991367,-76.936673,-10.014000,,,
2026-09-11T17:40:04.709,4.945937,1.738603,3.716269,16.098175,0.000000,-2.091484,0.719547,1.738466,0.002125,0.004474,1.131903,2.058605,2.730121,-0.112135,0.109326,0.005957,1.168266,-0.393051,8.780875,1.832607,1.026245,1,0,,38.991367,-76.936673,-10.014000,,,
2026-09-11T17:40:04.743,4.979339,1.768331,3.775222,16.373437,0.000000,-0.194282,0.066840,1.768330,-0.030872,-0.064994,1.130892,2.083953,2.782920,-0.114902,0.091711,-0.063510,-1.162088,-3.849993,10.584219,1.677955,0.755468,1,0,,38.991367,-76.936673,-10.014000,,,
2026-09-11T17:40:04.777,5.012747,1.778349,3.835399,16.466193,0.000000,1.475640,-0.507674,1.778279,-0.035290,-0.074296,1.128565,2.110244,2.836022,-0.127461,-0.041242,-0.072812,3.073796,3.497248,11.516145,1.803305,0.964416,1,0,,38.991367,-76.936673,-10.014000,,,
2026-09-11T17:40:04.810,5.046171,1.807577,3.896084,16.736821,0.000000,1.374703,-0.472948,1.807515,-0.025896,-0.054518,1.126413,2.136872,2.889716,-0.135677,-0.025233,-0.053034,-1.070690,-1.294380,5.714629,1.664919,0.858613,1,0,,38.991367,-76.936673,-10.014000,,,
2026-09-11T17:40:04.843,5.079578,1.807496,3.956290,16.736071,0.000000,1.292305,-0.444600,1.807441,-0.019939,-0.041977,1.124801,2.163565,2.943882,-0.134390,-0.048373,-0.040494,1.028129,3.963162,4.510471,1.669676,1.092945,1,0,,38.991367,-76.936673,-10.014000,,,
2026-09-11T17:40:04.876,5.112981,1.788195,4.015722,16.557358,0.000000,1.200981,-0.413182,1.788148,-0.030807,-0.064857,1.123016,2.190281,2.997671,-0.255997,-0.133265,-0.063373,1.562690,4.625895,12.838964,1.715793,1.370216,1,0,,38.991367,-76.936673,-10.014000,,,
2026-09-11T17:40:04.910,5.146387,1.788574,4.075598,16.560874,0.000000,-1.113701,0.383154,1.788534,-0.011010,-0.023179,1.121546,2.216817,3.051201,-0.156281,0.005766,-0.021696,0.106500,-2.071066,6.820721,1.678102,1.205948,1,0,,38.991367,-76.936673,-10.014000,,,
2026-09-11T17:40:04.943,5.179793,1.798462,4.135519,16.652422,0.000000,-5.299492,1.823220,1.797551,0.030427,0.064056,1.122229,2.242519,3.105305,-0.103991,-0.010439,0.065540,-1.100306,-8.551693,15.172261,1.573430,0.613868,1,0,,38.991367,-76.936673,-10.014000,,,
2026-09-11T17:40:04.978,5.213202,1.798762,4.195651,16.655207,0.000000,-5.714912,1.966139,1.797703,0.040786,0.085865,1.124733,2.267424,3.159967,0.011561,0.057088,0.087349,0.775216,-2.890902,4.026807,1.599681,0.392325,1,0,,38.991367,-76.936673,-10.014000,,,
2026-09-11T17:40:05.011,5.246629,1.799039,4.256045,16.657772,0.000000,-7.148628,2.459390,1.797382,0.040647,0.085573,1.127598,2.292040,3.214797,0.099869,-0.038959,0.087057,1.881994,7.235150,6.670091,1.701257,0.828946,1,0,,38.991367,-76.936673,-10.014000,,,
2026-09-11T17:40:05.043,5.280035,1.789831,4.315602,16.572513,0.000000,-8.505439,2.926183,1.787498,0.045812,0.096447,1.130639,2.316330,3.269546,0.109039,-0.022979,0.097931,-2.347614,1.182682,11.800734,1.530711,0.867516,1,0,,38.991367,-76.936673,-10.014000,,,
2026-09-11T17:40:05.077,5.313446,1.761273,4.374635,16.308083,0.000000,-7.919044,2.724442,1.759282,0.042414,0.089292,1.133742,2.340159,3.323814,0.157930,-0.017044,0.090775,-0.966642,-0.191426,11.729048,1.452736,0.817691,1,1,5.307442,38.991359,-76.936658,-9.947000,3.114476,-2.776908,4.224566
2026-09-11T17:40:05.110,5.346851,1.771645,4.433850,16.404118,0.000000,-6.342506,2.182055,1.770360,0.044248,0.093154,1.136789,2.363718,3.377875,0.095232,-0.147834,0.094638,-0.487096,2.380074,10.297375,1.404819,0.934382,1,0,,38.991359,-76.936658,-9.947000,,,
2026-09-11T17:40:05.144,5.380258,1.723196,4.491498,15.955518,0.000000,-5.826835,2.004645,1.722141,0.013271,0.027939,1.138812,2.387325,3.431232,0.015677,0.107915,0.029423,-3.025548,-6.488374,0.321854,1.189268,0.483275,1,0,,38.991359,-76.936658,-9.947000,,,
2026-09-11T17:40:05.178,5.413677,1.704489,4.548799,15.782301,0.000000,-4.349861,1.496512,1.703907,0.014152,0.029793,1.139776,2.410852,3.483424,0.050541,-0.001397,0.031277,-2.943074,-0.427766,12.052667,0.975712,0.429289,1,0,,38.991359,-76.936658,-9.947000,,,
2026-09-11T17:40:05.211,5.447098,1.646246,4.603873,15.243014,0.000000,-3.173637,1.091848,1.645947,0.004007,0.008435,1.140415,2.433948,3.534416,-0.051668,0.013303,0.009919,2.237289,2.646815,15.325637,1.095693,0.577358,1,0,,38.991359,-76.936658,-9.947000,,,
2026-09-11T17:40:05.244,5.480506,1.636542,4.657972,15.153171,0.000000,-3.125572,1.075311,1.636254,-0.014515,-0.030557,1.140046,2.456990,3.584164,0.053336,0.012215,-0.029074,-1.737935,2.384095,6.317640,0.949882,0.710870,1,0,,38.991359,-76.936658,-9.947000,,,
2026-09-11T17:40:05.277,5.513905,1.626818,4.712169,15.063128,0.000000,-3.015022,1.037278,1.626551,-0.002111,-0.004445,1.139461,2.480008,3.633551,0.050925,0.018222,-0.002961,1.054215,2.444896,12.380209,0.977611,0.844051,1,0,,38.991359,-76.936658,-9.947000,,,
2026-09-11T17:40:05.310,5.547311,1.627202,4.766354,15.066682,0.000000,-3.052787,1.050271,1.626928,0.006170,0.012989,1.139604,2.502663,3.682947,0.084092,0.031359,0.014473,-0.659988,1.558963,16.664931,0.887760,0.916607,1,0,,38.991359,-76.936658,-9.947000,,,
2026-09-11T17:40:05.345,5.580729,1.637544,4.820339,15.162442,0.000000,-3.717460,1.278943,1.637136,0.001255,0.002641,1.139865,2.525339,3.732549,-0.036757,-0.115344,0.004125,0.642826,-1.271628,14.994074,0.878369,0.806167,1,0,,38.991359,-76.936658,-9.947000,,,
2026-09-11T17:40:05.379,5.614144,1.637449,4.874951,15.161566,0.000000,-4.598427,1.582027,1.636825,0.011453,0.024112,1.140312,2.547984,3.782341,0.026528,0.013558,0.025595,0.300770,-0.888286,8.485498,0.841380,0.719516,1,0,,38.991359,-76.936658,-9.947000,,,
2026-09-11T17:40:05.411,5.647551,1.676536,4.930817,15.523479,0.000000,-4.647865,1.599036,1.675883,0.013731,0.028907,1.141197,2.570670,3.832812,0.032953,-0.068259,0.030390,2.875212,2.273182,7.637615,0.964697,0.837912,1,0,,38.991359,-76.936658,-9.947000,,,
2026-09-11T17:40:05.444,5.680955,1.735058,4.988613,16.065352,0.000000,-4.513282,1.552735,1.734421,0.023230,0.048905,1.142497,2.593799,3.884868,0.048253,0.048469,0.050389,2.438325,-5.090926,13.501502,1.050871,0.475998,1,0,,38.991359,-76.936658,-9.947000,,,
2026-09-11T17:40:05.479,5.714356,1.754765,5.046923,16.247823,0.000000,-4.684257,1.611556,1.754071,0.023740,0.049979,1.144149,2.617237,3.938209,-0.039387,-0.009665,0.051462,-1.586912,-2.373994,7.149342,0.870436,0.293811,1,0,,38.991359,-76.936658,-9.947000,,,
2026-09-11T17:40:05.512,5.747780,1.842790,5.108838,17.062867,0.000000,-4.605980,1.584626,1.842085,0.011653,0.024533,1.145394,2.641534,3.993182,0.021069,0.022344,0.026017,-0.107775,3.590901,11.830841,0.787770,0.502488,1,0,,38.991359,-76.936658,-9.947000,,,
2026-09-11T17:40:05.544,5.781267,1.882258,5.171727,17.428318,0.000000,-4.684257,1.611556,1.881514,0.013771,0.028991,1.146290,2.666850,4.050158,-0.055553,0.114578,0.030475,1.560042,-2.802937,9.321417,0.816678,0.293858,1,0,,38.991359,-76.936658,-9.947000,,,
2026-09-11T17:40:05.578,5.814674,1.901900,5.235476,17.610182,0.000000,-4.640312,1.596438,1.901161,0.018422,0.038784,1.147422,2.692350,4.107970,-0.080963,0.017030,0.040267,-0.466600,-2.854422,8.634559,0.715935,0.083484,1,0,,38.991359,-76.936658,-9.947000,,,
2026-09-11T17:40:05.611,5.848079,1.940953,5.300405,17.971785,0.000000,-4.728203,1.626675,1.940171,0.017465,0.036769,1.148684,2.718126,4.166728,-0.113491,0.003306,0.038253,2.079402,-1.136002,10.797612,0.781350,-0.013194,1,0,,38.991359,-76.936658,-9.947000,,,
2026-09-11T17:40:05.646,5.881503,1.950589,5.365858,18.061005,0.000000,-4.640312,1.596438,1.949831,0.002273,0.004786,1.149378,2.744438,4.226175,-0.162156,0.089236,0.006269,-0.233006,0.466502,14.674867,0.701047,-0.001101,1,0,,38.991359,-76.936658,-9.947000,,,
2026-09-11T17:40:05.679,5.914918,1.980012,5.431823,18.333444,0.000000,-4.772148,1.641794,1.979199,0.007658,0.016123,1.149728,2.771129,4.286151,-0.164093,0.097433,0.017606,0.470033,-2.323195,10.296296,0.678238,-0.171147,1,0,,38.991359,-76.936658,-9.947000,,,
2026-09-11T17:40:05.712,5.948340,1.990295,5.498210,18.428656,0.000000,-4.804420,1.652897,1.989467,0.024633,0.051859,1.150864,2.797709,4.346913,-0.158477,0.017654,0.053342,0.763840,-0.739519,6.109543,0.684562,-0.241439,1,0,,38.991359,-76.936658,-9.947000,,,
2026-09-11T17:40:05.745,5.981745,1.990630,5.564762,18.431755,0.000000,-5.524711,1.900703,1.989534,0.030994,0.065250,1.152820,2.823896,4.408003,-0.290587,0.343103,0.066733,-2.148637,1.515618,10.344545,0.511474,-0.166750,1,0,,38.991359,-76.936658,-9.947000,,,
2026-09-11T17:40:05.780,6.015152,1.971706,5.631240,18.256535,0.000000,-6.651497,2.288359,1.970133,0.018888,0.039764,1.154574,2.849928,4.468809,-0.334954,-0.631108,0.041247,2.618572,9.530691,9.653961,0.658097,0.429075,1,0,,38.991359,-76.936658,-9.947000,,,
2026-09-11T17:40:05.813,6.048570,1.943243,5.695553,17.992987,0.000000,-8.836403,3.040047,1.940508,0.053861,0.113391,1.157133,2.875159,4.529097,-0.316923,-0.038041,0.114875,2.606510,2.270436,19.380490,0.807547,0.539420,1,0,,38.991359,-76.936658,-9.947000,,,
2026-09-11T17:40:05.845,6.081990,1.953445,5.760573,18.087450,0.000000,-10.585289,3.641728,1.949500,0.084340,0.177557,1.161995,2.899025,4.589602,-0.096303,0.120664,0.179041,-0.027557,-0.195447,3.198439,0.791248,0.480726,1,0,,38.991359,-76.936658,-9.947000,,,
2026-09-11T17:40:05.878,6.115396,1.954422,5.825171,18.096496,0.000000,-14.026756,4.825719,1.947494,0.096322,0.202782,1.168347,2.921936,4.650600,-0.142553,-0.048104,0.204266,-3.086251,3.736726,11.320993,0.583618,0.674042,1,0,,38.991359,-76.936658,-9.947000,,,
2026-09-11T17:40:05.912,6.148804,1.925519,5.888972,17.828878,0.000000,-17.722969,6.097352,1.914626,0.101727,0.214163,1.175312,2.943950,4.711330,-0.056266,0.146334,0.215646,-0.787572,4.857626,14.522472,0.530059,0.936849,1,0,,38.991359,-76.936658,-9.947000,,,
2026-09-11T17:40:05.945,6.182212,1.887295,5.952305,17.474951,0.000000,-19.844017,6.827070,1.873913,0.120535,0.253757,1.183128,2.964672,4.771238,0.116511,-0.103655,0.255241,2.953665,0.181227,3.625224,0.721751,0.889769,1,0,,38.991359,-76.936658,-9.947000,,,
2026-09-11T17:40:05.980,6.215621,1.858351,6.014893,17.206951,0.000000,-23.229866,7.991926,1.840302,0.126895,0.267147,1.191830,2.984046,4.830324,-0.038774,0.009394,0.268630,1.803835,1.135218,7.003517,0.837333,0.903930,1,0,,38.991359,-76.936658,-9.947000,,,
2026-09-11T17:40:06.014,6.249042,1.867820,6.077594,17.294628,0.000000,-29.281959,10.074069,1.839023,0.168509,0.354755,1.202222,3.001898,4.889361,0.064844,-0.120169,0.356239,1.574850,0.175343,8.845010,0.935383,0.845359,1,0,,38.991359,-76.936658,-9.947000,,,
2026-09-11T17:40:06.046,6.282450,1.858354,6.139298,17.206985,0.000000,-31.336403,10.780872,1.825554,0.168275,0.354263,1.214065,3.018355,4.948587,0.179445,0.014107,0.355747,0.938104,5.196936,10.683267,0.989177,1.112945,1,0,,38.991359,-76.936658,-9.947000,,,
2026-09-11T17:40:06.079,6.315856,1.858899,6.201219,17.212024,0.000000,-34.910392,12.010456,1.818207,0.181923,0.382996,1.226380,3.033763,5.007752,0.111647,-0.094360,0.384479,3.258652,7.710086,5.630096,1.193235,1.537162,1,1,6.307774,38.991352,-76.936639,-9.839000,4.728611,-3.618098,5.471120
2026-09-11T17:40:06.113,6.349261,1.830243,6.261944,16.946697,0.000000,-37.720146,12.977114,1.783499,0.200565,0.422243,1.239829,3.047669,5.066624,0.177723,-0.110677,0.423726,2.893746,4.146350,9.063600,1.371903,1.722273,1,0,,38.991352,-76.936639,-9.839000,,,
2026-09-11T17:40:06.147,6.382682,1.821369,6.323830,16.864528,0.000000,-41.079902,14.132994,1.766239,0.210908,0.444017,1.254305,3.060021,5.125045,0.090375,0.027926,0.445501,1.515226,2.610628,7.848164,1.454673,1.803888,1,0,,38.991352,-76.936639,-9.839000,,,
2026-09-11T17:40:06.180,6.416098,1.831545,6.385039,16.958751,0.000000,-40.822410,14.044407,1.776796,0.203140,0.427664,1.268869,3.071444,5.183540,-0.013794,0.067665,0.429147,0.800713,1.509734,10.408778,1.485996,1.814821,1,0,,38.991352,-76.936639,-9.839000,,,
2026-09-11T17:40:06.213,6.449503,1.822420,6.445507,16.874262,0.000000,-40.800438,14.036848,1.768003,0.200221,0.421517,1.283052,3.082203,5.242147,0.018018,0.160857,0.423001,-2.445680,2.051649,11.492413,1.302971,1.861687,1,0,,38.991352,-76.936639,-9.839000,,,
2026-09-11T17:40:06.246,6.482910,1.833039,6.506944,16.972587,0.000000,-40.038261,13.774631,1.780321,0.215450,0.453579,1.297670,3.091933,5.301020,-0.034555,-0.013663,0.455063,-0.388049,-2.307897,9.496662,1.251627,1.621555,1,0,,38.991352,-76.936639,-9.839000,,,
2026-09-11T17:40:06.280,6.516311,1.823638,6.567777,16.885536,0.000000,-39.959297,13.747465,1.771395,0.195515,0.411610,1.312119,3.100899,5.360055,-0.044506,-0.021774,0.413094,4.943532,3.685437,9.702798,1.544370,1.777419,1,0,,38.991352,-76.936639,-9.839000,,,
2026-09-11T17:40:06.314,6.549719,1.814687,6.628900,16.802655,0.000000,-40.678901,13.995035,1.760821,0.211029,0.444272,1.326416,3.109007,5.418888,-0.009024,-0.151666,0.445755,3.831164,5.014336,8.658586,1.759404,2.014291,1,0,,38.991352,-76.936639,-9.839000,,,
2026-09-11T17:40:06.347,6.583142,1.795582,6.689379,16.625759,0.000000,-40.807304,14.039210,1.741948,0.204022,0.429521,1.341018,3.116016,5.477416,0.038279,0.071027,0.431004,2.605627,0.324992,13.186512,1.889487,1.946841,1,0,,38.991352,-76.936639,-9.839000,,,
2026-09-11T17:40:06.380,6.616553,1.814766,6.749608,16.803392,0.000000,-40.873222,14.061888,1.760385,0.201561,0.424339,1.355282,3.122324,5.535975,0.100778,0.011420,0.425823,0.981940,5.441220,6.962035,1.907993,2.211858,1,0,,38.991352,-76.936639,-9.839000,,,
2026-09-11T17:40:06.413,6.649960,1.834386,6.810361,16.985055,0.000000,-40.872535,14.061652,1.779418,0.203477,0.428374,1.369525,3.127935,5.595220,0.128990,0.083064,0.429857,1.298597,1.136297,14.706739,1.942345,2.193914,1,0,,38.991352,-76.936639,-9.839000,,,
2026-09-11T17:40:06.446,6.683369,1.805738,6.870346,16.719800,0.000000,-40.689888,13.998815,1.752109,0.199965,0.420979,1.383713,3.132709,5.654402,0.135970,0.015740,0.422463,2.495400,-0.150434,8.923856,2.051135,2.094362,1,0,,38.991352,-76.936639,-9.839000,,,
2026-09-11T17:40:06.481,6.716769,1.815964,6.930916,16.814481,0.000000,-40.638389,13.981097,1.762167,0.194655,0.409799,1.397587,3.136740,5.713322,0.158970,0.031496,0.411283,-1.735581,3.438408,9.090078,1.881231,2.229509,1,0,,38.991352,-76.936639,-9.839000,,,
2026-09-11T17:40:06.515,6.750193,1.825995,6.992330,16.907364,0.000000,-40.013542,13.766127,1.773544,0.195118,0.410775,1.411301,3.140099,5.772672,0.220314,0.050825,0.412259,-0.428845,-0.342154,12.567418,1.794070,2.117671,1,0,,38.991352,-76.936639,-9.839000,,,
2026-09-11T17:40:06.547,6.783612,1.826476,7.053448,16.911815,0.000000,-39.352989,13.538872,1.775721,0.185902,0.391374,1.424704,3.142833,5.832257,0.232679,0.084397,0.392857,2.071655,0.874655,12.498870,1.863513,2.088164,1,0,,38.991352,-76.936639,-9.839000,,,
2026-09-11T17:40:06.580,6.817016,1.836897,7.114412,17.008309,0.000000,-37.020454,12.736395,1.791700,0.180445,0.379884,1.437586,3.145066,5.892112,0.246835,0.114188,0.381368,0.308615,4.173318,11.621371,1.807079,2.273719,1,0,,38.991352,-76.936639,-9.839000,,,
2026-09-11T17:40:06.614,6.850423,1.817897,7.175318,16.832382,0.000000,-32.388344,11.142779,1.783627,0.189373,0.398680,1.450591,3.146485,5.952131,0.240304,0.048863,0.400163,3.238058,-0.208489,9.797922,1.932616,2.171236,1,0,,38.991352,-76.936639,-9.839000,,,
2026-09-11T17:40:06.648,6.883845,1.847819,7.237923,17.109438,0.000000,-31.631660,10.882452,1.814589,0.175576,0.369634,1.463430,3.147250,6.012565,0.257467,-0.007222,0.371117,3.189417,1.557492,6.356082,2.050914,2.186982,1,0,,38.991352,-76.936639,-9.839000,,,
2026-09-11T17:40:06.681,6.917256,1.877249,7.300875,17.381933,0.000000,-30.391578,10.455818,1.846077,0.154419,0.325093,1.475036,3.147963,6.073963,0.228410,-0.050699,0.326576,-0.333720,-0.173970,13.359501,1.935482,2.094886,1,0,,38.991352,-76.936639,-9.839000,,,
2026-09-11T17:40:06.714,6.950661,1.887328,7.363382,17.475258,0.000000,-28.766288,9.896659,1.859243,0.144364,0.303924,1.485542,3.148586,6.136048,0.158049,0.010426,0.305407,0.137195,-2.042039,7.435010,1.848701,1.885064,1,0,,38.991352,-76.936639,-9.839000,,,
2026-09-11T17:40:06.747,6.984066,1.926217,7.428111,17.835340,0.000000,-27.640876,9.509476,1.899747,0.131807,0.277488,1.495253,3.149027,6.199003,0.169221,0.063342,0.278972,0.999690,4.337089,8.458138,1.816582,2.093396,1,0,,38.991352,-76.936639,-9.839000,,,
2026-09-11T17:40:06.782,7.017466,1.945761,7.493057,18.016305,0.000000,-26.473579,9.107883,1.921229,0.143670,0.302463,1.504938,3.148944,6.262977,0.176880,0.031175,0.303947,1.818643,0.702156,6.652537,1.834929,2.060376,1,0,,38.991352,-76.936639,-9.839000,,,
2026-09-11T17:40:06.815,7.050885,2.004531,7.560891,18.560470,0.000000,-25.734062,8.853462,1.980647,0.140957,0.296752,1.514951,3.148157,6.328343,0.135105,0.041689,0.298236,1.734502,3.421540,2.486672,1.849421,2.203587,1,0,,38.991352,-76.936639,-9.839000,,,
2026-09-11T17:40:06.848,7.084306,2.082651,7.630593,19.283803,0.000000,-25.125694,8.644161,2.058994,0.132843,0.279670,1.524583,3.147025,6.395993,0.085326,-0.098348,0.281154,3.389865,3.102628,8.120593,1.972857,2.325334,1,0,,38.991352,-76.936639,-9.839000,,,
2026-09-11T17:40:06.881,7.117710,2.131284,7.701264,19.734111,0.000000,-22.296714,7.670888,2.112211,0.128344,0.270198,1.533767,3.145561,6.465781,0.053846,-0.030263,0.271681,2.158934,5.113580,8.936898,2.015907,2.576403,1,0,,38.991352,-76.936639,-9.839000,,,
2026-09-11T17:40:06.914,7.151114,2.151089,7.773786,19.917495,0.000000,-17.455177,6.005221,2.139285,0.127945,0.269358,1.542778,3.143590,6.536890,-0.103249,-0.012909,0.270842,3.408988,-0.815913,6.279885,2.142304,2.439901,1,0,,38.991352,-76.936639,-9.839000,,,
2026-09-11T17:40:06.947,7.184520,2.171240,7.846194,20.104071,0.000000,-12.664451,4.357036,2.164965,0.083143,0.175039,1.550201,3.141811,6.608851,-0.237483,-0.087355,0.176522,0.016181,1.165422,12.572322,2.050191,2.446166,1,0,,38.991352,-76.936639,-9.839000,,,
2026-09-11T17:40:06.982,7.217919,2.171849,7.918881,20.109717,0.000000,-4.055977,1.395405,2.171205,0.017639,0.037134,1.553744,3.141491,6.681284,-0.236177,-0.119175,0.038618,5.257345,0.169263,8.436759,2.304157,2.407126,1,0,,38.991352,-76.936639,-9.839000,,,
2026-09-11T17:40:07.017,7.251340,2.221122,7.993830,20.565942,0.000000,-4.259910,1.465565,2.220395,0.001324,0.002787,1.554411,3.142401,6.754666,-0.152684,-0.080423,0.004271,0.176029,1.355966,10.010923,2.232905,2.450296,1,0,,38.991352,-76.936639,-9.839000,,,
2026-09-11T17:40:07.049,7.284760,2.231410,8.068886,20.661206,0.000000,-3.898735,1.341308,2.230799,0.000465,0.000978,1.554474,3.143587,6.829034,-0.096661,-0.139547,0.002462,0.160731,3.483126,7.350673,2.170969,2.631241,1,0,,38.991352,-76.936639,-9.839000,,,
2026-09-11T17:40:07.083,7.318166,2.211868,8.142833,20.480260,0.000000,-4.463157,1.535490,2.211074,0.005691,0.011982,1.554691,3.144687,6.903219,-0.086860,-0.058348,0.013465,-1.739406,1.137081,12.280280,2.000377,2.656409,1,1,7.308818,38.991348,-76.936618,-9.880000,6.545125,-4.031372,5.482734
2026-09-11T17:40:07.116,7.351574,2.212307,8.216146,20.484328,0.000000,-4.816093,1.656913,2.211382,0.043302,0.091161,1.556414,3.144995,6.977095,0.006304,0.043546,0.092645,1.704494,2.010069,11.307950,2.067784,2.726568,1,0,,38.991348,-76.936618,-9.880000,,,
2026-09-11T17:40:07.149,7.384980,2.222378,8.290873,20.577578,0.000000,-5.828209,2.005118,2.221018,0.049376,0.103950,1.559673,3.144391,7.051143,0.056442,0.049612,0.105434,0.387265,1.877974,5.793769,2.058610,2.785483,1,0,,38.991348,-76.936618,-9.880000,,,
2026-09-11T17:40:07.184,7.418388,2.232549,8.366095,20.671747,0.000000,-6.421470,2.209221,2.230889,0.057749,0.121576,1.563440,3.143288,7.125521,-0.048150,0.009289,0.123060,2.499323,-0.302633,9.607967,2.193016,2.699686,1,0,,38.991348,-76.936618,-9.880000,,,
2026-09-11T17:40:07.216,7.451808,2.223374,8.440565,20.586797,0.000000,-6.582832,2.264736,2.221637,0.047833,0.100702,1.567154,3.141934,7.199931,-0.043679,0.009779,0.102185,1.164932,0.386382,7.723031,2.243338,2.662603,1,0,,38.991348,-76.936618,-9.880000,,,
2026-09-11T17:40:07.250,7.485215,2.204453,8.513868,20.411604,0.000000,-6.059608,2.084728,2.202994,0.036033,0.075858,1.570103,3.140693,7.273841,-0.058644,0.026012,0.077342,0.501512,2.064300,11.977843,2.256129,2.738444,1,0,,38.991348,-76.936618,-9.880000,,,
2026-09-11T17:40:07.283,7.518616,2.176027,8.585689,20.148400,0.000000,-5.625648,1.935429,2.174786,0.028408,0.059806,1.572369,3.139586,7.346951,-0.133244,-0.097987,0.061289,-0.873674,-0.816011,10.971092,2.184706,2.629057,1,0,,38.991348,-76.936618,-9.880000,,,
2026-09-11T17:40:07.317,7.552024,2.137752,8.656884,19.794002,0.000000,-4.761848,1.638251,2.136878,0.021567,0.045404,1.574126,3.138575,7.418971,-0.076780,-0.023650,0.046887,1.524640,-2.896100,6.020499,2.267670,2.388138,1,0,,38.991348,-76.936618,-9.880000,,,
2026-09-11T17:40:07.350,7.585446,2.099501,8.727076,19.439822,0.000000,-4.115028,1.415721,2.098860,-0.000379,-0.000798,1.574872,3.137959,7.489754,-0.042561,-0.009360,0.000686,-0.526127,0.578102,12.788951,2.213493,2.381572,1,0,,38.991348,-76.936618,-9.880000,,,
2026-09-11T17:40:07.384,7.618859,2.070588,8.795878,19.172114,0.000000,-3.662529,1.260044,2.070088,-0.011302,-0.023793,1.574461,3.137884,7.559403,-0.041712,-0.041620,-0.022309,-1.847769,-2.973474,7.419712,2.074173,2.147896,1,0,,38.991348,-76.936618,-9.880000,,,
2026-09-11T17:40:07.417,7.652266,2.031626,8.863615,18.811354,0.000000,-3.108406,1.069406,2.031272,-0.010072,-0.021204,1.573709,3.138016,7.627911,-0.014274,0.055639,-0.019720,-1.079124,1.540429,11.225574,1.987464,2.209055,1,0,,38.991348,-76.936618,-9.880000,,,
2026-09-11T17:40:07.450,7.685672,2.022000,8.930890,18.722226,0.000000,-2.434807,0.837663,2.021784,-0.026261,-0.055287,1.572432,3.138469,7.695610,0.022725,0.043239,-0.053804,-2.194924,-0.041482,10.642569,1.828755,2.171454,1,0,,38.991348,-76.936618,-9.880000,,,
2026-09-11T17:40:07.483,7.719073,2.003119,8.997294,18.547397,0.000000,-2.618828,0.900973,2.002871,-0.011882,-0.025014,1.571091,3.139041,7.762824,0.064360,0.034602,-0.023530,2.430872,7.385094,9.956888,1.971047,2.611675,1,0,,38.991348,-76.936618,-9.880000,,,
2026-09-11T17:40:07.517,7.752482,1.983937,9.063698,18.369786,0.000000,-3.058281,1.052161,1.983602,-0.000678,-0.001427,1.570649,3.139245,7.829416,-0.006995,0.077842,0.000056,-0.001961,-4.893518,3.757712,1.952334,2.247927,1,0,,38.991348,-76.936618,-9.880000,,,
2026-09-11T17:40:07.551,7.785904,1.984305,9.130729,18.373193,0.000000,-3.762092,1.294298,1.983799,-0.003891,-0.008192,1.570488,3.139337,7.895715,0.022815,-0.041108,-0.006709,-1.382640,-0.136411,7.512679,1.839991,2.197525,1,0,,38.991348,-76.936618,-9.880000,,,
2026-09-11T17:40:07.585,7.819321,2.004263,9.198403,18.557992,0.000000,-3.914528,1.346741,2.003710,-0.000922,-0.001941,1.570319,3.139443,7.962341,0.099739,0.058142,-0.000457,2.222677,6.875246,7.292029,1.957720,2.601620,1,0,,38.991348,-76.936618,-9.880000,,,
2026-09-11T17:40:07.617,7.852729,2.014609,9.265166,18.653789,0.000000,-4.220085,1.451864,2.013962,0.005441,0.011454,1.570478,3.139395,8.029451,0.041908,-0.004493,0.012938,-3.221288,2.118531,9.484698,1.715634,2.690991,1,0,,38.991348,-76.936618,-9.880000,,,
2026-09-11T17:40:07.650,7.886135,2.015371,9.332441,18.660842,0.000000,-4.574394,1.573759,2.014611,0.006387,0.013446,1.570894,3.139205,8.096742,-0.007109,-0.061847,0.014930,-4.371412,0.303124,9.868824,1.396724,2.661372,1,0,,38.991348,-76.936618,-9.880000,,,
2026-09-11T17:40:07.684,7.919539,2.015862,9.399307,18.665392,0.000000,-4.684257,1.611556,2.015065,0.024768,0.052144,1.571989,3.138641,8.164044,0.073591,-0.057351,0.053628,4.372393,1.719596,13.205341,1.644679,2.718887,1,0,,38.991348,-76.936618,-9.880000,,,
2026-09-11T17:40:07.717,7.952947,2.026145,9.466742,18.760602,0.000000,-4.779701,1.644393,2.025311,0.018342,0.038615,1.573505,3.137789,8.231534,-0.027595,-0.029033,0.040098,-2.475395,-2.828630,7.150911,1.444309,2.482538,1,0,,38.991348,-76.936618,-9.880000,,,
2026-09-11T17:40:07.751,7.986366,1.996884,9.533710,18.489669,0.000000,-4.991874,1.717388,1.995987,0.018972,0.039940,1.574818,3.136940,8.298724,-0.003244,-0.176502,0.041424,1.552687,6.392563,9.593159,1.505268,2.846880,1,0,,38.991348,-76.936618,-9.880000,,,
2026-09-11T17:40:07.785,8.019775,2.006411,9.600803,18.577881,0.000000,-4.925270,1.694474,2.005534,0.022245,0.046831,1.576267,3.135934,8.365564,-0.014771,-0.004048,0.048315,0.646847,3.946098,10.565391,1.508070,3.047562,1,0,,38.991348,-76.936618,-9.880000,,,
2026-09-11T17:40:07.818,8.053182,1.997140,9.667270,18.492034,0.000000,-5.045433,1.735814,1.996223,0.026027,0.054794,1.577965,3.134705,8.432400,-0.032040,-0.013944,0.056277,0.365788,0.455813,11.148886,1.494517,3.018547,1,0,,38.991348,-76.936618,-9.880000,,,
2026-09-11T17:40:07.851,8.086586,2.007205,9.734556,18.585230,0.000000,-5.057792,1.740066,2.006279,0.028147,0.059256,1.579870,3.133257,8.499241,-0.023497,-0.053092,0.060740,3.678082,0.164458,12.918594,1.696415,2.970338,1,0,,38.991348,-76.936618,-9.880000,,,
2026-09-11T17:40:07.885,8.119997,2.017135,9.801764,18.677178,0.000000,-4.817466,1.657385,2.016291,0.015885,0.033443,1.581418,3.131860,8.566429,-0.090390,-0.054390,0.034927,3.528040,-5.227631,16.116445,1.887147,2.576201,1,0,,38.991348,-76.936618,-9.880000,,,
2026-09-11T17:40:07.918,8.153406,2.017695,9.869244,18.682362,0.000000,-4.640312,1.596438,2.016912,0.007506,0.015802,1.582241,3.130726,8.633794,-0.011503,0.123246,0.017285,2.005460,2.972101,9.578253,1.976511,2.720651,1,0,,38.991348,-76.936618,-9.880000,,,
2026-09-11T17:40:07.951,8.186813,2.018077,9.936440,18.685900,0.000000,-4.640312,1.596438,2.017294,0.023859,0.050230,1.583344,3.129394,8.701169,-0.017082,-0.057193,0.051714,1.441774,0.881226,3.703874,2.029034,2.723383,1,0,,38.991348,-76.936618,-9.880000,,,
2026-09-11T17:40:07.985,8.220215,2.018780,10.003385,18.692405,0.000000,-4.728203,1.626675,2.017966,0.020216,0.042560,1.584894,3.127760,8.768546,0.023822,0.088312,0.044044,0.431198,0.785317,13.223581,2.013669,2.720866,1,0,,38.991348,-76.936618,-9.880000,,,
2026-09-11T17:40:08.018,8.253621,2.009516,10.070319,18.606633,0.000000,-4.743995,1.632109,2.008701,0.020359,0.042861,1.586320,3.126086,8.835785,-0.040486,-0.060230,0.044345,1.167286,-1.440793,5.411113,2.043215,2.573994,1,0,,38.991348,-76.936618,-9.880000,,,
2026-09-11T17:40:08.052,8.287037,1.980709,10.137196,18.339896,0.000000,-4.784507,1.646046,1.979891,0.011610,0.024441,1.587445,3.124480,8.902409,-0.036290,0.012208,0.025925,0.010591,-0.988412,10.339053,1.996620,2.460517,1,0,,38.991348,-76.936618,-9.880000,,,
2026-09-11T17:40:08.085,8.320446,2.000475,10.203879,18.522917,0.000000,-4.829826,1.661637,1.999634,0.022499,0.047367,1.588644,3.122764,8.968864,-0.069642,-0.011833,0.048850,0.723142,0.474250,13.313802,1.994090,2.440168,1,1,8.308307,38.991346,-76.936594,-9.750000,8.612416,-4.229855,6.330542
2026-09-11T17:40:08.118,8.353862,2.000400,10.270812,18.522220,0.000000,-5.279579,1.816369,1.999395,0.034572,0.072783,1.590652,3.120551,9.035652,-0.049984,-0.037332,0.074267,-0.173676,1.702533,8.082151,1.928068,2.496409,1,0,,38.991346,-76.936594,-9.750000,,,
2026-09-11T17:40:08.152,8.387269,2.000680,10.337814,18.524819,0.000000,-5.651054,1.944170,1.999529,0.049038,0.103238,1.593592,3.117730,9.102402,-0.063608,-0.006423,0.104721,-0.988216,-4.487131,9.819595,1.804511,2.146784,1,0,,38.991346,-76.936594,-9.750000,,,
2026-09-11T17:40:08.185,8.420675,2.010659,10.405022,18.617210,0.000000,-6.043129,2.079058,2.009335,0.042103,0.088638,1.596797,3.114575,9.169304,0.065275,0.038293,0.090122,-1.264666,5.308634,10.300709,1.661966,2.437891,1,0,,38.991346,-76.936594,-9.750000,,,
2026-09-11T17:40:08.218,8.454083,2.001275,10.471545,18.530321,0.000000,-6.851997,2.357338,1.999581,0.049822,0.104888,1.600030,3.111191,9.236202,-0.022557,-0.109880,0.106372,-2.367816,-0.270664,13.427363,1.447044,2.362038,1,0,,38.991346,-76.936594,-9.750000,,,
2026-09-11T17:40:08.253,8.487500,2.021100,10.539288,18.713889,0.000000,-9.205131,3.166903,2.018013,0.052386,0.110287,1.603625,3.107401,9.303243,-0.062435,0.043481,0.111771,-0.500924,1.987416,10.041814,1.351102,2.432618,1,0,,38.991346,-76.936594,-9.750000,,,
2026-09-11T17:40:08.286,8.520916,2.031436,10.606962,18.809595,0.000000,-12.405586,4.267977,2.025803,0.094683,0.199332,1.608798,3.102553,9.370676,-0.079827,-0.063888,0.200815,3.351128,0.914470,10.099379,1.502149,2.421079,1,0,,38.991346,-76.936594,-9.750000,,,
2026-09-11T17:40:08.318,8.554322,2.041420,10.674944,18.902041,0.000000,-16.970405,5.838442,2.030831,0.105009,0.221071,1.615820,3.096408,9.438236,-0.037763,0.024175,0.222555,0.477094,1.886996,11.939106,1.466032,2.469798,1,0,,38.991346,-76.936594,-9.750000,,,
2026-09-11T17:40:08.352,8.587727,2.080883,10.745318,19.267436,0.000000,-18.784523,6.462565,2.067660,0.133924,0.281945,1.624222,3.089051,9.506409,-0.047258,0.028268,0.283428,3.137344,0.034814,7.625553,1.605776,2.389203,1,0,,38.991346,-76.936594,-9.750000,,,
2026-09-11T17:40:08.386,8.621135,2.149277,10.818131,19.900710,0.000000,-19.972419,6.871245,2.133840,0.135470,0.285199,1.633695,3.080474,9.576210,-0.127614,-0.038106,0.286683,4.435352,4.790254,10.212744,1.829590,2.616194,1,0,,38.991346,-76.936594,-9.750000,,,
2026-09-11T17:40:08.419,8.654558,2.178634,10.890659,20.172541,0.000000,-19.809684,6.815258,2.163240,0.120507,0.253698,1.642701,3.071367,9.647570,-0.120791,0.137506,0.255182,-1.244660,0.307929,15.058307,1.685897,2.553854,1,0,,38.991346,-76.936594,-9.750000,,,
2026-09-11T17:40:08.453,8.687979,2.188197,10.963904,20.261082,0.000000,-19.646949,6.759272,2.172988,0.149955,0.315695,1.652216,3.061311,9.719467,0.035014,0.094246,0.317179,3.555499,0.510338,6.336077,1.860072,2.496446,1,0,,38.991346,-76.936594,-9.750000,,,
2026-09-11T17:40:08.486,8.721383,2.217802,11.038858,20.535206,0.000000,-19.374351,6.665488,2.202812,0.110032,0.231646,1.661357,3.050706,9.791912,-0.141929,0.223147,0.233130,0.745698,4.339933,11.308833,1.854146,2.699425,1,0,,38.991346,-76.936594,-9.750000,,,
2026-09-11T17:40:08.520,8.754803,2.247245,11.113699,20.807828,0.000000,-19.438896,6.687694,2.231954,0.119220,0.250990,1.669422,3.039891,9.865322,-0.085018,-0.073923,0.252473,1.681056,4.691796,3.127635,1.912600,2.919899,1,0,,38.991346,-76.936594,-9.750000,,,
2026-09-11T17:40:08.553,8.788219,2.237810,11.188494,20.720459,0.000000,-19.861183,6.832976,2.221915,0.134821,0.283834,1.678358,3.028012,9.938903,0.201456,-0.050067,0.285317,-4.043086,0.289787,3.564717,1.601754,2.847697,1,0,,38.991346,-76.936594,-9.750000,,,
2026-09-11T17:40:08.586,8.821638,2.228319,11.263619,20.632582,0.000000,-20.636406,7.099681,2.211233,0.138881,0.292382,1.687987,3.015161,10.011999,0.064009,-0.124082,0.293866,-3.717897,-0.056879,9.456749,1.319343,2.752767,1,0,,38.991346,-76.936594,-9.750000,,,
2026-09-11T17:40:08.619,8.855044,2.209157,11.336523,20.455153,0.000000,-19.894829,6.844551,2.193412,0.126176,0.265634,1.697307,3.001826,10.084485,-0.040093,-0.031533,0.267117,-1.165618,-0.634196,9.485286,1.213235,2.625644,1,0,,38.991346,-76.936594,-9.750000,,,
2026-09-11T17:40:08.653,8.888485,2.200121,11.410019,20.371488,0.000000,-16.976585,5.840568,2.188700,0.098771,0.207939,1.705225,2.988564,10.156646,-0.235890,-0.074829,0.209423,-2.713892,0.224965,6.692548,1.014291,2.563863,1,0,,38.991346,-76.936594,-9.750000,,,
2026-09-11T17:40:08.687,8.921891,2.161697,11.481772,20.015715,0.000000,-13.507652,4.647128,2.154591,0.075616,0.159191,1.711358,2.975737,10.228110,-0.224817,0.045312,0.160675,-3.088506,-2.873348,4.262755,0.794964,2.309225,1,0,,38.991346,-76.936594,-9.750000,,,
2026-09-11T17:40:08.720,8.955307,2.113597,11.552169,19.570340,0.000000,-8.672294,2.983587,2.110732,0.056355,0.118643,1.716000,2.963408,10.298335,-0.294951,-0.083014,0.120127,-0.724810,3.072129,8.581309,0.731118,2.448926,1,0,,38.991346,-76.936594,-9.750000,,,
2026-09-11T17:40:08.754,8.988728,2.103801,11.622031,19.479638,0.000000,-8.033027,2.763656,2.101354,0.056996,0.119991,1.719987,2.951212,10.367681,-0.072389,0.065996,0.121475,0.667637,8.778227,10.822521,0.760570,2.957287,1,0,,38.991346,-76.936594,-9.750000,,,
2026-09-11T17:40:08.787,9.022146,2.084539,11.691664,19.301292,0.000000,-10.581855,3.640547,2.080333,0.086114,0.181293,1.725021,2.938289,10.436389,-0.050054,0.074608,0.182777,-0.898779,0.481703,6.477489,0.689164,2.913567,1,0,,38.991346,-76.936594,-9.750000,,,
2026-09-11T17:40:08.820,9.055552,2.084973,11.760922,19.305305,0.000000,-15.026512,5.169672,2.076492,0.077958,0.164122,1.730791,2.924719,10.504535,-0.029891,-0.184264,0.165605,1.121096,3.895986,7.644480,0.747107,3.094232,1,0,,38.991346,-76.936594,-9.750000,,,
2026-09-11T17:40:08.854,9.088961,2.075432,11.830101,19.216967,0.000000,-18.575096,6.390515,2.062536,0.110366,0.232350,1.737414,2.910375,10.572244,-0.036859,-0.132299,0.233833,-5.511435,-4.171945,-1.353808,0.372386,2.740438,1,0,,38.991346,-76.936594,-9.750000,,,
2026-09-11T17:40:08.888,9.122372,2.075719,11.898743,19.219624,0.000000,-20.165367,6.937626,2.060521,0.131546,0.276938,1.745922,2.894682,10.639429,-0.046134,-0.003206,0.278422,-1.025972,-0.543975,8.868154,0.290024,2.620063,1,0,,38.991346,-76.936594,-9.750000,,,
2026-09-11T17:40:08.920,9.155795,2.076177,11.968309,19.223857,0.000000,-21.893654,7.532220,2.058262,0.143394,0.301883,1.755595,2.877842,10.706324,0.080137,-0.184587,0.303366,1.667915,2.900709,6.617920,0.379161,2.721206,1,0,,38.991346,-76.936594,-9.750000,,,
2026-09-11T17:40:08.955,9.189215,2.096232,12.039150,19.409553,0.000000,-22.263756,7.659549,2.077528,0.143890,0.302927,1.765701,2.860084,10.773284,0.000612,-0.049020,0.304410,0.357354,0.518085,8.553654,0.377335,2.666111,1,0,,38.991346,-76.936594,-9.750000,,,
2026-09-11T17:40:08.987,9.222622,2.116200,12.108944,19.594442,0.000000,-22.002830,7.569781,2.097757,0.142611,0.300234,1.775776,2.841541,10.840685,0.016584,0.053716,0.301717,0.073354,1.774906,13.197790,0.353651,2.693132,1,0,,38.991346,-76.936594,-9.750000,,,
2026-09-11T17:40:09.020,9.256026,2.116564,12.179227,19.597816,0.000000,-21.322365,7.335676,2.099240,0.135061,0.284338,1.785539,2.822402,10.908279,-0.075514,0.046433,0.285822,0.949578,3.519607,10.636097,0.385582,2.835152,1,0,,38.991346,-76.936594,-9.750000,,,
2026-09-11T17:40:09.054,9.289434,2.116998,12.249601,19.601831,0.000000,-19.433403,6.685804,2.102601,0.130302,0.274319,1.794871,2.802798,10.975820,-0.114383,-0.036469,0.275803,2.055964,-9.681125,9.304844,0.489640,2.120879,1,0,,38.991346,-76.936594,-9.750000,,,
2026-09-11T17:40:09.087,9.322843,2.126558,12.320374,19.690354,0.000000,-18.636207,6.411539,2.113258,0.110461,0.232550,1.803338,2.782942,11.043505,-0.077562,-0.051685,0.234034,0.807970,-7.729013,7.765102,0.513090,1.547058,1,1,9.308072,38.991348,-76.936570,-9.849000,10.652051,-4.096977,6.330114
2026-09-11T17:40:09.121,9.356262,2.126719,12.391546,19.691839,0.000000,-17.822532,6.131605,2.114552,0.107833,0.227017,1.811017,2.762851,11.111330,-0.094484,-0.014380,0.228500,0.225945,4.803003,4.934412,0.499632,1.792393,1,0,,38.991348,-76.936570,-9.849000,,,
2026-09-11T17:40:09.154,9.389682,2.136774,12.463265,19.784944,0.000000,-17.622719,6.062862,2.124822,0.109473,0.230469,1.818662,2.742210,11.179193,-0.138511,0.091923,0.231952,-1.000278,-5.667067,8.913951,0.407339,1.355889,1,0,,38.991348,-76.936570,-9.849000,,,
2026-09-11T17:40:09.187,9.423087,2.146794,12.534471,19.877723,0.000000,-17.446251,6.002150,2.135025,0.078093,0.164407,1.825257,2.721492,11.247334,0.061945,0.202031,0.165891,0.107775,7.243486,13.876312,0.389170,1.769647,1,0,,38.991348,-76.936570,-9.849000,,,
2026-09-11T17:40:09.221,9.456492,2.137475,12.605484,19.791435,0.000000,-17.308235,5.954668,2.125942,0.101116,0.212877,1.831559,2.700467,11.315389,0.032838,0.082412,0.214360,-0.457971,-0.413743,8.313882,0.337405,1.676256,1,0,,38.991348,-76.936570,-9.849000,,,
2026-09-11T17:40:09.255,9.489908,2.147647,12.677225,19.885620,0.000000,-17.407798,5.988921,2.135925,0.098179,0.206693,1.838569,2.678652,11.383256,-0.082069,-0.043829,0.208177,-0.442378,0.028145,10.254912,0.289225,1.613226,1,0,,38.991348,-76.936570,-9.849000,,,
2026-09-11T17:40:09.288,9.523326,2.128720,12.749058,19.710374,0.000000,-17.757301,6.109163,2.116631,0.103310,0.217495,1.845657,2.656367,11.450810,0.121294,0.011570,0.218978,0.973604,4.390731,8.026645,0.333710,1.832391,1,0,,38.991348,-76.936570,-9.849000,,,
2026-09-11T17:40:09.321,9.556735,2.109906,12.819626,19.536168,0.000000,-17.829399,6.133967,2.097826,0.138416,0.291401,1.854158,2.633092,11.517370,-0.170822,-0.147493,0.292885,-2.232778,-4.385534,5.773861,0.170701,1.470707,1,0,,38.991348,-76.936570,-9.849000,,,
2026-09-11T17:40:09.355,9.590140,2.090730,12.889750,19.358614,0.000000,-18.222847,6.269328,2.078227,0.105398,0.221890,1.862731,2.609400,11.583101,0.008874,0.153510,0.223374,-4.164198,6.211336,14.568759,-0.115441,1.809232,1,0,,38.991348,-76.936570,-9.849000,,,
2026-09-11T17:40:09.388,9.623548,2.081156,12.959475,19.269968,0.000000,-20.212745,6.953926,2.065847,0.125390,0.263978,1.870847,2.585522,11.648188,-0.075393,0.013289,0.265461,2.247880,1.763628,2.662211,0.016439,1.850456,1,0,,38.991348,-76.936570,-9.849000,,,
2026-09-11T17:40:09.422,9.656967,2.090893,13.029621,19.360122,0.000000,-24.980812,8.594316,2.067415,0.170326,0.358581,1.881250,2.560054,11.712571,0.098241,0.103292,0.360064,-0.896426,4.140073,11.591362,-0.053433,2.032587,1,0,,38.991348,-76.936570,-9.849000,,,
2026-09-11T17:40:09.455,9.690388,2.100639,13.099859,19.450365,0.000000,-31.937217,10.987575,2.062132,0.181227,0.381531,1.893617,2.532987,11.776315,0.066518,0.008240,0.383014,1.476783,1.621530,11.276765,0.032297,2.046495,1,0,,38.991348,-76.936570,-9.849000,,,
2026-09-11T17:40:09.488,9.723792,2.100901,13.169607,19.452784,0.000000,-31.579475,10.864498,2.063244,0.206348,0.434416,1.907245,2.504560,11.839408,0.028323,0.024049,0.435899,-0.785611,-2.158836,13.739705,-0.030350,1.808195,1,0,,38.991348,-76.936570,-9.849000,,,
2026-09-11T17:40:09.522,9.757196,2.091623,13.239468,19.366882,0.000000,-32.226295,11.087028,2.052586,0.205678,0.433006,1.921733,2.474919,11.901810,0.017675,0.095989,0.434490,0.600853,1.255643,8.859916,-0.005324,1.794264,1,0,,38.991348,-76.936570,-9.849000,,,
2026-09-11T17:40:09.554,9.790597,2.101623,13.309968,19.459473,0.000000,-32.765312,11.272470,2.061080,0.205208,0.432017,1.936179,2.444409,11.963744,0.069743,-0.097789,0.433501,1.329782,0.357747,6.603406,0.064106,1.722219,1,0,,38.991348,-76.936570,-9.849000,,,
2026-09-11T17:40:09.589,9.824006,2.102007,13.380092,19.463027,0.000000,-34.091911,11.728868,2.058118,0.225143,0.473985,1.951313,2.412645,12.025199,0.028119,0.042345,0.475468,0.388441,-0.656359,10.601185,0.071458,1.579751,1,0,,38.991348,-76.936570,-9.849000,,,
2026-09-11T17:40:09.622,9.857428,2.121826,13.451446,19.646541,0.000000,-35.823631,12.324644,2.072926,0.245457,0.516751,1.967870,2.379199,12.086095,0.056380,-0.013156,0.518235,-0.677051,-0.803067,10.240889,0.007879,1.423118,1,0,,38.991348,-76.936570,-9.849000,,,
2026-09-11T17:40:09.654,9.890837,2.122374,13.522447,19.651616,0.000000,-36.733436,12.637650,2.070956,0.233111,0.490760,1.984700,2.344548,12.146550,0.067087,0.122835,0.492244,0.822582,3.043102,10.405444,0.039712,1.520972,1,0,,38.991348,-76.936570,-9.849000,,,
2026-09-11T17:40:09.687,9.924242,2.094036,13.592605,19.389221,0.000000,-36.625633,12.600562,2.043600,0.222965,0.469401,2.000737,2.309460,12.206127,0.058666,0.462622,0.470884,0.897799,1.376069,13.446094,0.073154,1.513459,1,0,,38.991348,-76.936570,-9.849000,,,
2026-09-11T17:40:09.721,9.957649,2.104153,13.663299,19.482897,0.000000,-36.571388,12.581900,2.053623,0.274596,0.578097,2.018233,2.272870,12.264544,0.045039,-0.139182,0.579580,0.010591,4.575881,-11.672561,0.047100,1.698542,1,0,,38.991348,-76.936570,-9.849000,,,
2026-09-11T17:40:09.754,9.991056,2.114044,13.734060,19.574482,0.000000,-37.765464,12.992706,2.059922,0.236480,0.497852,2.036206,2.234921,12.322462,0.178190,0.001878,0.499335,-0.865829,0.275665,7.018227,-0.037474,1.613481,1,0,,38.991348,-76.936570,-9.849000,,,
2026-09-11T17:40:09.789,10.024460,2.143388,13.805449,19.846186,0.000000,-38.390312,13.207676,2.086692,0.252045,0.530620,2.053383,2.196048,12.380353,0.063109,-0.055882,0.532104,2.355361,0.839842,17.169777,0.084926,1.560626,1,0,,38.991348,-76.936570,-9.849000,,,
2026-09-11T17:40:09.821,10.057884,2.114711,13.876290,19.580660,0.000000,-37.884254,13.033574,2.060232,0.247001,0.520002,2.070941,2.156000,12.437522,0.131206,-0.011111,0.521486,0.303124,-1.912787,9.307197,0.073554,1.332286,1,0,,38.991348,-76.936570,-9.849000,,,
2026-09-11T17:40:09.854,10.091291,2.105434,13.946209,19.494760,0.000000,-36.692924,12.623712,2.054538,0.222822,0.469100,2.087463,2.115688,12.493742,0.146853,0.051380,0.470584,-1.041466,3.352992,7.739506,-0.021600,1.454607,1,0,,38.991348,-76.936570,-9.849000,,,
2026-09-11T17:40:09.888,10.124692,2.105790,14.016128,19.498058,0.000000,-35.862770,12.338109,2.057154,0.218415,0.459822,2.102976,2.074928,12.549490,0.134300,-0.101369,0.461305,0.979880,1.503556,-0.120720,0.015883,1.456950,1,0,,38.991348,-76.936570,-9.849000,,,
2026-09-11T17:40:09.923,10.158110,2.125809,14.087334,19.683419,0.000000,-34.455833,11.854071,2.080474,0.200665,0.422453,2.117718,2.033399,12.605205,0.138341,-0.141396,0.423936,0.751091,0.959287,5.011689,0.034312,1.428347,1,0,,38.991348,-76.936570,-9.849000,,,
2026-09-11T17:40:09.955,10.191533,2.136225,14.158847,19.779859,0.000000,-31.401634,10.803314,2.098363,0.193900,0.408212,2.131600,1.991059,12.661129,0.073003,-0.032095,0.409695,-0.597127,-0.718631,13.625458,-0.037789,1.292785,1,0,,38.991348,-76.936570,-9.849000,,,
2026-09-11T17:40:09.988,10.224988,2.136890,14.229507,19.786016,0.000000,-29.772911,10.242974,2.102833,0.169822,0.357520,2.144408,1.948169,12.717131,0.005033,-0.130421,0.359003,1.483844,1.369303,12.452484,0.024225,1.300808,1,0,,38.991348,-76.936570,-9.849000,,,
2026-09-11T17:40:10.021,10.258395,2.146872,14.301465,19.878442,0.000000,-25.769767,8.865746,2.121221,0.160224,0.337314,2.156015,1.904922,12.773153,0.098077,0.012286,0.338797,1.211121,1.370577,11.523304,0.066142,1.311163,1,0,,38.991348,-76.936570,-9.849000,,,
2026-09-11T17:40:10.056,10.291818,2.157245,14.373913,19.974494,0.000000,-22.271309,7.662147,2.137984,0.134461,0.283077,2.166382,1.861205,12.829540,0.020250,-0.118480,0.284560,1.830117,3.277382,20.988389,0.143905,1.452109,1,0,,38.991348,-76.936570,-9.849000,,,
2026-09-11T17:40:10.090,10.325239,2.137808,14.445141,19.794517,0.000000,-21.036033,7.237167,2.120776,0.098125,0.206578,2.174565,1.817832,12.886098,0.131790,0.102342,0.208062,3.913736,6.391288,8.374291,0.351068,1.804154,1,0,,38.991348,-76.936570,-9.849000,,,
2026-09-11T17:40:10.122,10.358660,2.118784,14.516142,19.618371,0.000000,-21.119804,7.265988,2.101770,0.144268,0.303723,2.183092,1.774203,12.941696,0.028473,0.072749,0.305207,-2.934836,-4.390731,10.006706,0.110235,1.440576,1,1,10.333252,38.991354,-76.936548,-9.913000,12.578325,-3.428140,5.478145
2026-09-11T17:40:10.155,10.392071,2.138590,14.587462,19.801755,0.000000,-21.045646,7.240475,2.121536,0.126134,0.265545,2.192602,1.729693,12.996624,0.030070,-0.055363,0.267028,2.164720,2.662506,7.219754,0.202318,1.542933,1,0,,38.991354,-76.936548,-9.913000,,,
2026-09-11T17:40:10.188,10.425472,2.148775,14.658805,19.896069,0.000000,-20.788841,7.152124,2.132056,0.092984,0.195756,2.200306,1.685124,13.052062,0.043955,-0.055312,0.197240,1.734502,9.346326,10.402796,0.267770,2.086594,1,0,,38.991354,-76.936548,-9.913000,,,
2026-09-11T17:40:10.222,10.458882,2.168601,14.731208,20.079635,0.000000,-20.997581,7.223938,2.151387,0.111543,0.234828,2.207499,1.640034,13.107727,-0.045894,0.267222,0.236311,0.463953,2.913163,13.027742,0.252677,2.201879,1,0,,38.991354,-76.936548,-9.913000,,,
2026-09-11T17:40:10.257,10.492301,2.188325,14.805262,20.262269,0.000000,-20.900078,7.190394,2.171115,0.130198,0.274102,2.216003,1.593607,13.163200,0.038906,0.073632,0.275585,-0.857199,0.867300,4.841249,0.156715,2.177434,1,0,,38.991354,-76.936548,-9.913000,,,
2026-09-11T17:40:10.290,10.525718,2.227954,14.879601,20.629205,0.000000,-20.965309,7.212836,2.210323,0.132096,0.278097,2.225229,1.545823,13.218833,-0.124457,-0.178048,0.279581,5.768174,3.235116,7.920047,0.497329,2.305525,1,0,,38.991354,-76.936548,-9.913000,,,
2026-09-11T17:40:10.323,10.559138,2.247857,14.954806,20.813487,0.000000,-20.912437,7.194646,2.230158,0.121066,0.254876,2.234135,1.497049,13.274911,-0.076827,-0.170341,0.256360,0.683327,3.717799,8.121083,0.505819,2.466537,1,0,,38.991354,-76.936548,-9.913000,,,
2026-09-11T17:40:10.356,10.592544,2.267702,15.029897,20.997236,0.000000,-20.657692,7.107004,2.250278,0.141670,0.298252,2.243374,1.447251,13.330943,0.002407,0.049803,0.299736,0.400307,-6.283121,1.107563,0.493052,1.970760,1,0,,38.991354,-76.936548,-9.913000,,,
2026-09-11T17:40:10.389,10.625946,2.277680,15.105695,21.089626,0.000000,-19.549446,6.725727,2.262005,0.100706,0.212012,2.251896,1.396893,13.387156,0.124380,-0.077271,0.213495,-1.267510,2.752433,10.326108,0.374155,2.078529,1,0,,38.991354,-76.936548,-9.913000,,,
2026-09-11T17:40:10.424,10.659356,2.287228,15.182483,21.178037,0.000000,-17.431144,5.996953,2.274711,0.091443,0.192512,2.258653,1.346489,13.443841,0.005235,-0.100704,0.193995,-0.350588,4.781821,5.682169,0.319691,2.319405,1,0,,38.991354,-76.936548,-9.913000,,,
2026-09-11T17:40:10.457,10.692780,2.278040,15.258668,21.092959,0.000000,-15.387001,5.293693,2.268323,0.081988,0.172605,2.264755,1.295874,13.500506,0.119449,0.010016,0.174089,-0.997238,-0.339310,4.851056,0.227702,2.228598,1,0,,38.991354,-76.936548,-9.913000,,,
2026-09-11T17:40:10.490,10.726196,2.268677,15.334204,21.006269,0.000000,-14.606285,5.025098,2.259957,0.076951,0.162002,2.270346,1.245285,13.556827,-0.102101,-0.037847,0.163486,0.765507,-7.415691,10.770742,0.256492,1.681805,1,0,,38.991354,-76.936548,-9.913000,,,
2026-09-11T17:40:10.523,10.759624,2.230063,15.408998,20.648735,0.000000,-14.630317,5.033366,2.221464,0.071014,0.149504,2.275552,1.195023,13.612414,0.018657,-0.076746,0.150987,0.257425,1.049606,14.540418,0.258957,1.691994,1,0,,38.991354,-76.936548,-9.913000,,,
2026-09-11T17:40:10.556,10.793033,2.201174,15.482187,20.381244,0.000000,-13.741798,4.727683,2.193685,0.071475,0.150474,2.280563,1.145293,13.666932,-0.017594,0.147925,0.151957,-0.088064,3.962573,13.681944,0.245930,1.890945,1,0,,38.991354,-76.936548,-9.913000,,,
2026-09-11T17:40:10.589,10.826439,2.211574,15.555956,20.477539,0.000000,-10.071678,3.465027,2.207531,0.050205,0.105694,2.284842,1.095728,13.721263,-0.004685,0.076286,0.107178,-0.383146,-2.437443,8.782346,0.219605,1.679292,1,0,,38.991354,-76.936548,-9.913000,,,
2026-09-11T17:40:10.624,10.859858,2.202414,15.629680,20.392718,0.000000,-5.093498,1.752350,2.201384,0.039651,0.083475,2.288003,1.046261,13.775876,-0.014513,0.000431,0.084959,-0.044620,2.179920,11.438575,0.220592,1.772376,1,0,,38.991354,-76.936548,-9.913000,,,
2026-09-11T17:40:10.657,10.893279,2.183603,15.702607,20.218550,0.000000,-5.463600,1.879679,2.182428,0.021690,0.045664,2.290161,0.997279,13.830359,-0.066014,0.106866,0.047148,1.012046,1.203766,7.569557,0.294004,1.806622,1,0,,38.991354,-76.936548,-9.913000,,,
2026-09-11T17:40:10.690,10.926685,2.174247,15.774371,20.131914,0.000000,-5.261726,1.810227,2.173162,0.020389,0.042924,2.291641,0.948774,13.884585,-0.156823,-0.005122,0.044408,-0.635765,-4.093884,2.903945,0.261521,1.497703,1,0,,38.991354,-76.936548,-9.913000,,,
2026-09-11T17:40:10.723,10.960092,2.154627,15.846500,19.950251,0.000000,-4.161033,1.431548,2.153955,0.017959,0.037808,2.292989,0.900552,13.938429,-0.159067,-0.017249,0.039291,-3.387021,-8.984363,7.849047,0.050978,0.876413,1,0,,38.991354,-76.936548,-9.913000,,,
2026-09-11T17:40:10.757,10.993499,2.125623,15.917592,19.681697,0.000000,-3.092613,1.063972,2.125257,0.017535,0.036915,2.294237,0.852825,13.991641,-0.007043,0.107135,0.038398,-0.396189,-8.869232,6.661461,0.033928,0.269930,1,0,,38.991354,-76.936548,-9.913000,,,
2026-09-11T17:40:10.791,11.026908,2.106538,15.988195,19.504982,0.000000,-2.553596,0.878531,2.106290,-0.025107,-0.052856,2.293971,0.806135,14.044712,-0.126794,-0.020736,-0.051373,0.355001,-1.922790,5.672755,0.061437,0.132074,1,0,,38.991354,-76.936548,-9.913000,,,
2026-09-11T17:40:10.825,11.060328,2.077657,16.058341,19.237565,0.000000,-2.108650,0.725453,2.077491,-0.013010,-0.027389,2.292630,0.760382,14.097578,-0.019574,0.077234,-0.025906,-1.704592,-1.806385,11.492021,-0.046826,-0.000281,1,0,,38.991354,-76.936548,-9.913000,,,
2026-09-11T17:40:10.857,11.093736,2.058657,16.126448,19.061639,0.000000,-0.965385,0.332128,2.058622,-0.000736,-0.001550,2.292147,0.714916,14.149598,0.015558,-0.114137,-0.000066,-1.261135,-3.449783,7.641538,-0.125330,-0.240911,1,0,,38.991354,-76.936548,-9.913000,,,
2026-09-11T17:40:10.890,11.127139,2.030105,16.194202,18.797265,0.000000,-0.305519,0.105110,2.030101,-0.015724,-0.033103,2.291568,0.670040,14.201071,0.067846,0.082025,-0.031619,1.170718,-2.278183,12.741584,-0.050479,-0.398899,1,0,,38.991354,-76.936548,-9.913000,,,
2026-09-11T17:40:10.924,11.160545,2.021003,16.262002,18.712994,0.000000,-0.208015,0.071565,2.021002,-0.027988,-0.058921,2.290031,0.625971,14.252423,0.015104,-0.109790,-0.057438,-1.697335,12.537410,9.488817,-0.167625,0.406764,1,0,,38.991354,-76.936548,-9.913000,,,
2026-09-11T17:40:10.957,11.193952,2.011752,16.328742,18.627331,0.000000,1.119271,-0.385070,2.011706,-0.019757,-0.041594,2.288352,0.582236,14.303662,0.111272,-0.113242,-0.040110,0.717455,-6.023048,12.859558,-0.129600,0.000281,1,0,,38.991354,-76.936548,-9.913000,,,
2026-09-11T17:40:10.992,11.227373,2.012185,16.396325,18.631346,0.000000,2.947808,-1.014154,2.011870,-0.049170,-0.103515,2.285927,0.538957,14.355127,0.013652,-0.062349,-0.102032,-0.550545,-8.172764,12.126413,-0.177079,-0.532838,1,0,,38.991354,-76.936548,-9.913000,,,
2026-09-11T17:40:11.026,11.260795,2.003003,16.463988,18.546326,0.000000,5.174599,-1.780252,2.002036,-0.023431,-0.049328,2.283373,0.495954,14.406621,-0.015342,0.069516,-0.047845,-0.303320,-7.886508,11.241559,-0.212248,-1.048553,1,0,,38.991354,-76.936548,-9.913000,,,
2026-09-11T17:40:11.059,11.294202,2.012542,16.530420,18.634648,0.000000,5.898323,-2.029240,2.011280,-0.035086,-0.073865,2.281315,0.452920,14.458030,-0.153286,-0.097577,-0.072382,-1.802658,-4.387986,2.796366,-0.348855,-1.328778,1,0,,38.991354,-76.936548,-9.913000,,,
2026-09-11T17:40:11.092,11.327611,2.022460,16.597833,18.726484,0.000000,5.841332,-2.009632,2.021216,-0.017862,-0.037604,2.279453,0.409704,14.509708,-0.058746,0.054971,-0.036121,1.168757,-1.027149,9.238551,-0.295784,-1.393219,1,1,11.320026,38.991364,-76.936528,-10.069000,14.317632,-2.257998,5.476834
2026-09-11T17:40:11.126,11.361018,2.022811,16.666122,18.729729,0.000000,4.971352,-1.710327,2.021910,-0.019669,-0.041409,2.278133,0.366262,14.561419,-0.134538,0.002003,-0.039926,0.703333,2.764397,13.413046,-0.276223,-1.211211,1,0,,38.991364,-76.936528,-10.069000,,,
2026-09-11T17:40:11.159,11.394439,2.071749,16.734845,19.182860,0.000000,-2.012520,0.692381,2.071598,-0.001372,-0.002889,2.277393,0.322097,14.613659,-0.063437,0.046871,-0.001406,1.809229,4.743869,10.924314,-0.187517,-0.908079,1,0,,38.991364,-76.936528,-10.069000,,,
2026-09-11T17:40:11.193,11.427850,2.081594,16.804023,19.274019,0.000000,-5.971031,2.054254,2.080256,0.031844,0.067040,2.278465,0.276652,14.666056,-0.035798,0.070951,0.068524,4.077115,1.074711,15.428214,0.045347,-0.855158,1,0,,38.991364,-76.936528,-10.069000,,,
2026-09-11T17:40:11.226,11.461302,2.081950,16.873372,19.277317,0.000000,-7.290764,2.508290,2.079956,0.084974,0.178893,2.282578,0.229829,14.717563,-0.064645,-0.005973,0.180376,-2.699379,-3.160095,8.043807,-0.164162,-1.092103,1,0,,38.991364,-76.936528,-10.069000,,,
2026-09-11T17:40:11.259,11.494710,2.082473,16.943131,19.282157,0.000000,-9.601326,3.303208,2.079013,0.096041,0.202191,2.288944,0.182001,14.768039,-0.136074,-0.223773,0.203675,2.011050,-3.878824,-2.763612,-0.068337,-1.375720,1,0,,38.991364,-76.936528,-10.069000,,,
2026-09-11T17:40:11.293,11.528111,2.102633,17.013232,19.468822,0.000000,-11.501960,3.957096,2.097620,0.105691,0.222506,2.296037,0.133390,14.818173,-0.009657,-0.016187,0.223990,0.532991,0.699999,12.236444,-0.069663,-1.363035,1,0,,38.991364,-76.936528,-10.069000,,,
2026-09-11T17:40:11.326,11.561533,2.113049,17.084392,19.565265,0.000000,-13.469886,4.634135,2.106141,0.072390,0.152400,2.302302,0.084407,14.868617,0.138698,0.142603,0.153883,0.774431,3.853523,14.180220,-0.055216,-1.136993,1,0,,38.991364,-76.936528,-10.069000,,,
2026-09-11T17:40:11.359,11.594940,2.123286,17.154858,19.660057,0.000000,-16.073646,5.529924,2.113404,0.107141,0.225559,2.308615,0.034936,14.918906,-0.060479,0.074721,0.227043,-2.479906,7.655267,3.942862,-0.252393,-0.677711,1,0,,38.991364,-76.936528,-10.069000,,,
2026-09-11T17:40:11.393,11.628339,2.113666,17.225631,19.570985,0.000000,-17.312355,5.956085,2.102256,0.118857,0.250225,2.316560,-0.015408,14.968260,0.025270,0.027783,0.251708,-2.303092,-0.724908,7.204946,-0.433170,-0.768739,1,0,,38.991364,-76.936528,-10.069000,,,
2026-09-11T17:40:11.426,11.661750,2.123583,17.295664,19.662804,0.000000,-18.577842,6.391460,2.110384,0.116063,0.244343,2.324822,-0.066244,15.017081,-0.036538,-0.109639,0.245827,0.157789,-6.101011,-1.346159,-0.449115,-1.205881,1,0,,38.991364,-76.936528,-10.069000,,,
2026-09-11T17:40:11.460,11.695173,2.123925,17.366710,19.665976,0.000000,-19.802818,6.812896,2.108928,0.145105,0.305484,2.334011,-0.117916,15.065253,0.017143,0.025102,0.306968,1.220536,0.889071,10.778097,-0.393792,-1.194321,1,0,,38.991364,-76.936528,-10.069000,,,
2026-09-11T17:40:11.493,11.728592,2.133915,17.438110,19.758474,0.000000,-21.349830,7.345125,2.116404,0.146724,0.308892,2.344277,-0.170486,15.112630,-0.012294,-0.105712,0.310376,1.309580,3.328279,14.055479,-0.331551,-1.025684,1,0,,38.991364,-76.936528,-10.069000,,,
2026-09-11T17:40:11.526,11.761998,2.153756,17.510205,19.942188,0.000000,-24.071006,8.281310,2.131299,0.171575,0.361211,2.355469,-0.224119,15.159376,-0.120196,-0.124654,0.362695,-0.132292,5.456910,11.047878,-0.361578,-0.728795,1,0,,38.991364,-76.936528,-10.069000,,,
2026-09-11T17:40:11.560,11.795406,2.154156,17.581798,19.945886,0.000000,-28.477897,9.797442,2.122738,0.204482,0.430488,2.368694,-0.279072,15.204855,-0.135618,-0.066069,0.431972,2.769496,-6.360593,4.887929,-0.202396,-1.208893,1,0,,38.991364,-76.936528,-10.069000,,,
2026-09-11T17:40:11.594,11.828812,2.183902,17.654178,20.221316,0.000000,-30.018043,10.327308,2.148522,0.229482,0.483120,2.383954,-0.335544,15.249044,-0.000170,-0.198242,0.484604,0.924375,3.174315,6.815622,-0.164597,-1.074965,1,0,,38.991364,-76.936528,-10.069000,,,
2026-09-11T17:40:11.627,11.862239,2.184363,17.727378,20.225586,0.000000,-30.907249,10.633228,2.146855,0.199921,0.420886,2.399063,-0.392961,15.292734,0.026189,-0.022796,0.422370,0.124446,-2.906103,4.372687,-0.181739,-1.327249,1,0,,38.991364,-76.936528,-10.069000,,,
2026-09-11T17:40:11.660,11.895662,2.194607,17.800805,20.320432,0.000000,-30.950508,10.648110,2.156817,0.182649,0.384525,2.412523,-0.450567,15.336266,-0.094895,-0.300671,0.386009,-0.244284,6.409823,15.939925,-0.226525,-0.969074,1,0,,38.991364,-76.936528,-10.069000,,,
2026-09-11T17:40:11.693,11.929063,2.185411,17.872923,20.235283,0.000000,-30.546760,10.509207,2.148752,0.214877,0.452373,2.426499,-0.508911,15.378807,0.018238,-0.367310,0.453857,-4.602359,7.694200,-7.642028,-0.555947,-0.541228,1,0,,38.991364,-76.936528,-10.069000,,,
2026-09-11T17:40:11.727,11.962471,2.165908,17.944824,20.054702,0.000000,-30.583839,10.521963,2.129488,0.234148,0.492943,2.442290,-0.568104,15.419534,0.049122,-0.265066,0.494426,1.946620,-4.566957,16.638551,-0.460058,-0.916194,1,0,,38.991364,-76.936528,-10.069000,,,
2026-09-11T17:40:11.761,11.995879,2.156725,18.017648,19.969678,0.000000,-30.777473,10.588580,2.120000,0.236983,0.498912,2.458858,-0.627816,15.458708,0.083896,-0.105612,0.500395,1.061766,-10.057798,3.532257,-0.421020,-1.642636,1,0,,38.991364,-76.936528,-10.069000,,,
2026-09-11T17:40:11.794,12.029291,2.157072,18.089743,19.972885,0.000000,-30.796699,10.595195,2.120295,0.194244,0.408935,2.474024,-0.687618,15.497362,0.173679,-0.002769,0.410418,0.293611,-3.293956,11.779160,-0.431728,-1.911247,1,0,,38.991364,-76.936528,-10.069000,,,
2026-09-11T17:40:11.827,12.062716,2.167077,18.161860,20.065531,0.000000,-30.920982,10.637953,2.129832,0.212000,0.446316,2.488318,-0.747876,15.535571,0.001715,0.046236,0.447800,-1.523561,5.525067,6.029129,-0.555921,-1.611687,1,0,,38.991364,-76.936528,-10.069000,,,
2026-09-11T17:40:11.861,12.096123,2.176810,18.235208,20.155648,0.000000,-30.808372,10.599211,2.139669,0.225981,0.475750,2.503719,-0.809238,15.572631,-0.099145,-0.192492,0.477234,2.345849,1.193862,3.505779,-0.423848,-1.600096,1,0,,38.991364,-76.936528,-10.069000,,,
2026-09-11T17:40:11.894,12.129523,2.206412,18.309023,20.429737,0.000000,-30.875663,10.622361,2.168601,0.222319,0.468040,2.519481,-0.871787,15.608966,-0.014431,0.123752,0.469524,-0.943988,5.747874,4.276484,-0.509188,-1.293955,1,0,,38.991364,-76.936528,-10.069000,,,
2026-09-11T17:40:11.928,12.162943,2.235938,18.383043,20.703130,0.000000,-30.721168,10.569209,2.198003,0.224873,0.473416,2.535212,-0.935721,15.644908,-0.072826,-0.039684,0.474900,1.303990,-2.620141,4.088981,-0.455030,-1.534116,1,0,,38.991364,-76.936528,-10.069000,,,
2026-09-11T17:40:11.961,12.196365,2.265501,18.458636,20.976857,0.000000,-31.332969,10.779691,2.225523,0.241396,0.508203,2.551616,-1.001193,15.680091,-0.065485,-0.029595,0.509686,-0.145236,-8.370270,-7.395979,-0.504036,-2.149564,1,0,,38.991364,-76.936528,-10.069000,,,
2026-09-11T17:40:11.994,12.229778,2.275681,18.534878,21.071116,0.000000,-31.537590,10.850088,2.234998,0.238015,0.501084,2.568478,-1.067862,15.714332,-0.005487,-0.276322,0.502567,3.491756,-0.682347,9.140484,-0.323831,-2.259989,1,0,,38.991364,-76.936528,-10.069000,,,
2026-09-11T17:40:12.027,12.263189,2.266174,18.610629,20.983091,0.000000,-31.676979,10.898043,2.225304,0.221369,0.466039,2.584634,-1.134901,15.747749,0.001795,0.213712,0.467523,-2.998089,-6.285572,10.647276,-0.569758,-2.726326,1,0,,38.991364,-76.936528,-10.069000,,,
2026-09-11T17:40:12.061,12.296596,2.276037,18.686552,21.074419,0.000000,-31.517677,10.843238,2.235400,0.205029,0.431640,2.599629,-1.202162,15.780585,0.169425,-0.098728,0.433123,-0.000785,2.190413,11.920081,-0.623350,-2.634491,1,0,,38.991364,-76.936528,-10.069000,,,
2026-09-11T17:40:12.094,12.330002,2.218257,18.760117,20.539416,0.000000,-30.920295,10.637716,2.180134,0.203217,0.427826,2.613984,-1.269087,15.812311,0.066884,-0.049089,0.429309,-1.868265,3.518920,0.352941,-0.799239,-2.455665,1,1,12.307281,38.991377,-76.936511,-10.167000,15.798672,-0.787445,4.223298
2026-09-11T17:40:12.128,12.363421,2.228241,18.834627,20.631860,0.000000,-30.914802,10.635826,2.189960,0.205864,0.433399,2.628375,-1.335840,15.842688,-0.109099,-0.133141,0.434882,1.918377,1.401959,5.979703,-0.724103,-2.416800,1,0,,38.991377,-76.936511,-10.167000,,,
2026-09-11T17:40:12.161,12.396842,2.277072,18.910857,21.083999,0.000000,-31.343269,10.783235,2.236863,0.240663,0.506658,2.644084,-1.404176,15.871963,-0.036419,0.048839,0.508142,3.168823,-2.664859,17.407294,-0.565132,-2.653458,1,0,,38.991377,-76.936511,-10.167000,,,
2026-09-11T17:40:12.195,12.430244,2.345683,18.989651,21.719286,0.000000,-33.411445,11.494763,2.298635,0.230244,0.484725,2.660641,-1.474737,15.900611,0.057218,-0.062326,0.486209,1.696649,-1.177779,13.608296,-0.497687,-2.789957,1,0,,38.991377,-76.936511,-10.167000,,,
2026-09-11T17:40:12.228,12.463650,2.404419,19.069083,22.263140,0.000000,-37.016334,12.734977,2.345271,0.268050,0.564315,2.678163,-1.547598,15.928469,0.132853,-0.252192,0.565799,0.933789,-1.238482,8.111865,-0.474030,-2.942431,1,0,,38.991377,-76.936511,-10.167000,,,
2026-09-11T17:40:12.261,12.497061,2.453575,19.151124,22.718286,0.000000,-42.634468,14.667821,2.373613,0.296331,0.623855,2.698012,-1.622585,15.954524,0.233392,-0.075424,0.625338,2.024779,6.051095,14.399497,-0.378887,-2.631781,1,0,,38.991377,-76.936511,-10.167000,,,
2026-09-11T17:40:12.296,12.530472,2.483121,19.235158,22.991862,0.000000,-42.987404,14.789244,2.400859,0.311614,0.656030,2.719393,-1.699244,15.978757,0.296995,-0.036733,0.657513,1.318406,-0.909469,10.969229,-0.327536,-2.781010,1,0,,38.991377,-76.936511,-10.167000,,,
2026-09-11T17:40:12.328,12.563891,2.531808,19.319865,23.442666,0.000000,-42.271919,14.543091,2.450686,0.323418,0.680880,2.741732,-1.777796,16.001410,0.167125,0.102338,0.682364,-4.294528,-11.440536,1.079026,-0.638099,-3.616361,1,0,,38.991377,-76.936511,-10.167000,,,
2026-09-11T17:40:12.362,12.597297,2.531968,19.403820,23.444151,0.000000,-41.778907,14.373477,2.452713,0.284750,0.599475,2.763118,-1.857430,16.023087,0.087514,0.184241,0.600958,-2.243565,-1.736464,14.823438,-0.808325,-3.801483,1,0,,38.991377,-76.936511,-10.167000,,,
2026-09-11T17:40:12.395,12.630700,2.493610,19.487194,23.088983,0.000000,-38.831825,13.359573,2.426131,0.286544,0.603250,2.783205,-1.936876,16.043535,0.097551,0.078187,0.604734,-1.353220,3.797233,8.466375,-0.907462,-3.625992,1,0,,38.991377,-76.936511,-10.167000,,,
2026-09-11T17:40:12.429,12.664107,2.494084,19.570442,23.093367,0.000000,-30.225410,10.398650,2.453120,0.245890,0.517663,2.801928,-2.016507,16.063047,0.095846,0.051654,0.519146,-2.794503,0.560646,4.994429,-1.086182,-3.649364,1,0,,38.991377,-76.936511,-10.167000,,,
2026-09-11T17:40:12.462,12.697517,2.436069,19.652164,22.556191,0.000000,-29.855995,10.271558,2.397027,0.193549,0.407471,2.817383,-2.095500,16.082518,0.101966,0.084070,0.408955,-1.789714,-3.135284,2.045079,-1.185993,-3.892745,1,0,,38.991377,-76.936511,-10.167000,,,
2026-09-11T17:40:12.496,12.730940,2.426985,19.733772,22.472084,0.000000,-28.103676,9.668696,2.392511,0.168947,0.355679,2.830136,-2.173425,16.101778,-0.169061,-0.261946,0.357162,-1.637613,-2.810586,5.943811,-1.266471,-4.104387,1,0,,38.991377,-76.936511,-10.167000,,,
2026-09-11T17:40:12.529,12.764349,2.407983,19.813386,22.296141,0.000000,-25.847358,8.892440,2.379040,0.172866,0.363928,2.842157,-2.251157,16.120303,-0.189672,-0.219990,0.365411,0.848177,-2.922186,5.669617,-1.178804,-4.321817,1,0,,38.991377,-76.936511,-10.167000,,,
2026-09-11T17:40:12.562,12.797756,2.369473,19.891997,21.939561,0.000000,-22.977180,7.904993,2.346957,0.135744,0.285777,2.853009,-2.328205,16.138249,-0.060876,0.044861,0.287260,1.331841,-0.005786,16.962563,-1.052573,-4.335373,1,0,,38.991377,-76.936511,-10.167000,,,
2026-09-11T17:40:12.596,12.831319,2.321508,19.970222,21.495446,0.000000,-20.396766,7.017236,2.304119,0.125953,0.265165,2.862255,-2.404362,16.155904,-0.261353,-0.066724,0.266648,2.169035,-3.277284,4.457417,-0.867337,-4.557799,1,0,,38.991377,-76.936511,-10.167000,,,
2026-09-11T17:40:12.629,12.864740,2.253444,20.045085,20.865220,0.000000,-19.251442,6.623202,2.238405,0.142070,0.299095,2.871684,-2.478635,16.172182,-0.216419,0.060588,0.300579,3.931780,0.593793,2.058808,-0.572201,-4.529824,1,0,,38.991377,-76.936511,-10.167000,,,
2026-09-11T17:40:12.662,12.898148,2.195609,20.118752,20.329709,0.000000,-19.060554,6.557530,2.181244,0.120221,0.253096,2.880908,-2.551026,16.187315,0.002196,0.087732,0.254579,2.490301,3.315040,10.000528,-0.374508,-4.318344,1,0,,38.991377,-76.936511,-10.167000,,,
2026-09-11T17:40:12.696,12.931549,2.166692,20.191963,20.061962,0.000000,-19.058494,6.556821,2.152520,0.110567,0.232774,2.889022,-2.622011,16.201960,0.066796,-0.070156,0.234257,0.526323,4.963342,5.544190,-0.307348,-3.999291,1,0,,38.991377,-76.936511,-10.167000,,,
2026-09-11T17:40:12.729,12.964954,2.118551,20.262372,19.616217,0.000000,-19.190330,6.602178,2.104502,0.109405,0.230326,2.896757,-2.691830,16.215903,-0.051835,-0.068167,0.231810,1.526013,-0.858278,1.143946,-0.180823,-4.059559,1,0,,38.991377,-76.936511,-10.167000,,,
2026-09-11T17:40:12.763,12.998377,2.109071,20.333361,19.528431,0.000000,-17.747688,6.105856,2.097106,0.090585,0.190705,2.903793,-2.760809,16.229439,0.128987,-0.063206,0.192189,-0.219081,8.020075,8.316432,-0.171084,-3.538769,1,0,,38.991377,-76.936511,-10.167000,,,
2026-09-11T17:40:12.797,13.031786,2.070698,20.403177,19.173134,0.000000,-16.388817,5.638354,2.060680,0.074267,0.156352,2.909590,-2.828996,16.242927,0.104896,-0.131941,0.157835,1.191900,1.655559,-0.773745,-0.075008,-3.430916,1,0,,38.991377,-76.936511,-10.167000,,,
2026-09-11T17:40:12.829,13.065206,2.052003,20.471330,19.000026,0.000000,-14.483375,4.982813,2.044248,0.060827,0.128057,2.914343,-2.896304,16.256343,0.090011,-0.039425,0.129541,-0.047660,6.774532,10.840761,-0.067572,-2.988971,1,0,,38.991377,-76.936511,-10.167000,,,
2026-09-11T17:40:12.863,13.098612,2.033288,20.539631,18.826739,0.000000,-10.597648,3.645980,2.029173,0.047456,0.099908,2.918151,-2.963027,16.269783,0.040235,0.113998,0.101392,1.999380,5.733458,3.218150,0.063939,-2.615720,1,0,,38.991377,-76.936511,-10.167000,,,
2026-09-11T17:40:12.897,13.132014,2.043533,20.608445,18.921603,0.000000,-5.228080,1.798652,2.042526,0.055291,0.116403,2.921763,-3.029741,16.283057,-0.203437,-0.116905,0.117887,-0.385401,7.109135,2.098819,0.030455,-2.159992,1,0,,38.991377,-76.936511,-10.167000,,,
2026-09-11T17:40:12.930,13.165423,2.043812,20.675424,18.924189,0.000000,-5.559044,1.912515,2.042674,0.019590,0.041243,2.924397,-3.096632,16.296630,0.015319,-0.030579,0.042727,0.054231,6.791596,8.291817,0.018362,-1.719852,1,0,,38.991377,-76.936511,-10.167000,,,
2026-09-11T17:40:12.964,13.198846,2.034011,20.743679,18.833433,0.000000,-4.993934,1.718097,2.033096,0.001346,0.002834,2.925133,-3.163224,16.310941,-0.087480,0.114208,0.004318,-1.325663,9.058010,7.391861,-0.089107,-1.132686,1,0,,38.991377,-76.936511,-10.167000,,,
2026-09-11T17:40:12.997,13.232252,2.053690,20.812698,19.015646,0.000000,-4.807167,1.653842,2.052834,0.011450,0.024106,2.925583,-3.229928,16.325375,0.071992,-0.130276,0.025590,-2.963079,1.223380,6.318032,-0.304746,-1.061852,1,0,,38.991377,-76.936511,-10.167000,,,
2026-09-11T17:40:13.030,13.265660,2.054354,20.881853,19.021798,0.000000,-4.848365,1.668016,2.053484,0.037443,0.078827,2.927302,-3.297112,16.339221,0.040156,-0.074789,0.080311,-2.374484,2.123630,6.059235,-0.482417,-0.940837,1,0,,38.991377,-76.936511,-10.167000,,,
2026-09-11T17:40:13.064,13.299065,2.083695,20.951191,19.293469,0.000000,-5.436134,1.870230,2.082585,0.050149,0.105577,2.930383,-3.364947,16.352377,0.083716,0.094572,0.107060,1.581126,-2.129318,15.003586,-0.405198,-1.099994,1,0,,38.991377,-76.936511,-10.167000,,,
2026-09-11T17:40:13.097,13.332485,2.093679,21.020961,19.385913,0.000000,-5.261726,1.810227,2.092634,0.031135,0.065547,2.933242,-3.433468,16.365577,0.059009,0.038695,0.067030,-0.061880,-1.959467,-0.026772,-0.437014,-1.241111,1,1,13.308057,38.991396,-76.936501,-10.183000,16.645639,1.260765,3.464707
2026-09-11T17:40:13.130,13.365903,2.103979,21.091005,19.481286,0.000000,-5.563163,1.913932,2.102805,0.030515,0.064242,2.935411,-3.502282,16.378995,0.047816,0.063755,0.065726,0.284393,-4.268050,10.253049,-0.446782,-1.529885,1,0,,38.991396,-76.936501,-10.183000,,,
2026-09-11T17:40:13.164,13.399308,2.114026,21.161574,19.574319,0.000000,-6.222343,2.140714,2.112551,0.053972,0.113626,2.938381,-3.571503,16.391924,-0.081408,0.040598,0.115110,2.013403,-5.370122,10.615993,-0.344352,-1.893399,1,0,,38.991396,-76.936501,-10.183000,,,
2026-09-11T17:40:13.197,13.432707,2.134059,21.233383,19.759809,0.000000,-7.543449,2.595223,2.131871,0.057566,0.121193,2.942303,-3.641326,16.404267,0.034771,-0.040430,0.122676,-1.857380,2.899336,9.672495,-0.495375,-1.719292,1,0,,38.991396,-76.936501,-10.183000,,,
2026-09-11T17:40:13.230,13.466116,2.134653,21.303689,19.765310,0.000000,-9.350013,3.216748,2.131290,0.077237,0.162604,2.947044,-3.711603,16.415991,-0.011269,0.025889,0.164088,0.294592,1.210925,9.795569,-0.506202,-1.661978,1,0,,38.991396,-76.936501,-10.183000,,,
2026-09-11T17:40:13.264,13.499540,2.135121,21.375146,19.769635,0.000000,-11.232109,3.864258,2.130266,0.081932,0.172488,2.952644,-3.782023,16.426953,0.108996,0.166296,0.173971,1.749016,3.931388,12.577715,-0.420910,-1.430584,1,0,,38.991396,-76.936501,-10.183000,,,
2026-09-11T17:40:13.299,13.532947,2.135012,21.447628,19.768628,0.000000,-14.946174,5.142032,2.126420,0.113902,0.239794,2.959530,-3.852506,16.436852,-0.185808,0.097986,0.241278,1.691059,-5.524576,2.709381,-0.338525,-1.822670,1,0,,38.991396,-76.936501,-10.183000,,,
2026-09-11T17:40:13.331,13.566353,2.135568,21.518128,19.773775,0.000000,-17.373466,5.977110,2.123958,0.112140,0.236083,2.967479,-3.923045,16.445713,0.026532,0.055271,0.237567,-5.544092,4.154391,5.857512,-0.722674,-1.583862,1,0,,38.991396,-76.936501,-10.183000,,,
2026-09-11T17:40:13.364,13.599761,2.136005,21.589858,19.777825,0.000000,-17.716789,6.095226,2.123930,0.138004,0.290534,2.976275,-3.993686,16.453579,-0.107703,0.005138,0.292018,0.939379,-1.739307,10.207742,-0.680574,-1.736368,1,0,,38.991396,-76.936501,-10.183000,,,
2026-09-11T17:40:13.398,13.633182,2.146260,21.662135,19.872782,0.000000,-18.307304,6.298384,2.133306,0.128360,0.270231,2.985646,-4.064623,16.460562,-0.007996,0.114117,0.271715,-0.490333,1.704788,12.363342,-0.730819,-1.661767,1,0,,38.991396,-76.936501,-10.183000,,,
2026-09-11T17:40:13.431,13.666594,2.146622,21.733957,19.876134,0.000000,-18.191948,6.258698,2.133828,0.126560,0.266442,2.994612,-4.135736,16.467109,0.094707,-0.021154,0.267926,-1.024305,-0.052858,8.050671,-0.812591,-1.701196,1,0,,38.991396,-76.936501,-10.183000,,,
2026-09-11T17:40:13.464,13.700002,2.166501,21.806120,20.060199,0.000000,-18.131523,6.237909,2.153674,0.119874,0.252367,3.003278,-4.207213,16.473214,0.027602,0.000202,0.253851,0.053250,-0.281745,0.436788,-0.823152,-1.753370,1,0,,38.991396,-76.936501,-10.183000,,,
2026-09-11T17:40:13.498,13.733408,2.167178,21.878397,20.066464,0.000000,-18.025093,6.201293,2.154497,0.118125,0.248685,3.011647,-4.279056,16.478897,0.036031,-0.134180,0.250169,-3.518430,2.245821,6.653028,-1.069701,-1.640992,1,0,,38.991396,-76.936501,-10.183000,,,
2026-09-11T17:40:13.531,13.766815,2.157814,21.950150,19.979757,0.000000,-17.955742,6.177434,2.145284,0.114157,0.240331,3.019815,-4.350797,16.484065,0.097353,-0.025039,0.241814,1.404214,-0.348528,15.949340,-1.000880,-1.696343,1,0,,38.991396,-76.936501,-10.183000,,,
2026-09-11T17:40:13.565,13.800245,2.168197,22.022575,20.075902,0.000000,-17.757988,6.109399,2.155883,0.125367,0.263931,3.028244,-4.422662,16.488520,-0.071669,-0.264509,0.265414,1.786379,1.468154,7.272808,-0.914670,-1.636998,1,0,,38.991396,-76.936501,-10.183000,,,
2026-09-11T17:40:13.598,13.833651,2.158657,22.094852,19.987563,0.000000,-17.782707,6.117904,2.146363,0.083338,0.175449,3.035583,-4.494474,16.492922,0.074805,0.228394,0.176933,3.416735,0.781100,12.452681,-0.728078,-1.610341,1,0,,38.991396,-76.936501,-10.183000,,,
2026-09-11T17:40:13.631,13.867055,2.148750,22.166343,19.895836,0.000000,-17.738762,6.102785,2.136573,0.139084,0.292808,3.043404,-4.566010,16.496517,0.007418,0.177873,0.294291,0.188680,-2.545610,12.468273,-0.754305,-1.815231,1,0,,38.991396,-76.936501,-10.183000,,,
2026-09-11T17:40:13.665,13.900463,2.168338,22.238859,20.077207,0.000000,-17.435264,5.998371,2.156466,0.128196,0.269886,3.052803,-4.637824,16.498765,-0.084528,-0.015077,0.271370,-0.128663,1.268098,11.741796,-0.804217,-1.768388,1,0,,38.991396,-76.936501,-10.183000,,,
2026-09-11T17:40:13.699,13.933879,2.139533,22.311706,19.810488,0.000000,-17.536201,6.033097,2.127683,0.108717,0.228877,3.061136,-4.709482,16.500873,-0.067897,0.105512,0.230361,-1.768433,0.951735,6.065511,-0.960313,-1.736371,1,0,,38.991396,-76.936501,-10.183000,,,
2026-09-11T17:40:13.732,13.967289,2.178822,22.384268,20.174273,0.000000,-18.000374,6.192789,2.166107,0.130488,0.274712,3.069549,-4.781304,16.502350,-0.127525,-0.059642,0.276196,2.831768,3.896672,8.401553,-0.816283,-1.521216,1,0,,38.991396,-76.936501,-10.183000,,,
2026-09-11T17:40:13.765,14.000706,2.217827,22.458914,20.535435,0.000000,-18.099937,6.227043,2.204742,0.131577,0.277004,3.078767,-4.854463,16.502899,-0.143561,-0.042218,0.278487,-2.342809,-0.444143,3.232664,-1.010045,-1.590251,1,0,,38.991396,-76.936501,-10.183000,,,
2026-09-11T17:40:13.799,14.034110,2.266781,22.535008,20.988713,0.000000,-19.756813,6.797069,2.250849,0.164227,0.345742,3.089168,-4.929039,16.502249,0.006087,-0.166435,0.347226,2.972298,-11.456129,10.838506,-0.853913,-2.381526,1,0,,38.991396,-76.936501,-10.183000,,,
2026-09-11T17:40:13.832,14.067512,2.325355,22.611432,21.531064,0.000000,-24.075813,8.282963,2.301098,0.218530,0.460062,3.102626,-5.005264,16.499330,0.010993,-0.038291,0.461546,3.021821,-9.207072,-5.160554,-0.690433,-3.036769,1,0,,38.991396,-76.936501,-10.183000,,,
2026-09-11T17:40:13.866,14.100932,2.354901,22.690522,21.804641,0.000000,-32.085533,11.038601,2.311332,0.176779,0.372166,3.116532,-5.082513,16.495194,0.314542,0.254538,0.373649,-5.132899,8.206793,13.429129,-1.055237,-2.545319,1,0,,38.991396,-76.936501,-10.183000,,,
2026-09-11T17:40:13.900,14.134347,2.384487,22.771652,22.078585,0.000000,-32.038841,11.022537,2.340498,0.245147,0.516098,3.131373,-5.160337,16.489513,0.332794,0.158128,0.517582,-2.969061,1.821291,12.429929,-1.273666,-2.495077,1,0,,38.991396,-76.936501,-10.183000,,,
2026-09-11T17:40:13.932,14.167753,2.423210,22.850981,22.437127,0.000000,-33.392906,11.488385,2.374661,0.259342,0.545983,3.149113,-5.239099,16.481188,0.254116,-0.283246,0.547466,-3.327298,4.113497,6.999006,-1.509013,-2.302876,1,0,,38.991396,-76.936501,-10.183000,,,
2026-09-11T17:40:13.965,14.201192,2.413588,22.931609,22.348036,0.000000,-31.486091,10.832371,2.370581,0.246743,0.519459,3.166927,-5.318286,16.471425,0.104616,-0.128889,0.520943,4.605497,-3.677984,17.179290,-1.220157,-2.612868,1,0,,38.991396,-76.936501,-10.183000,,,
2026-09-11T17:40:13.999,14.234597,2.423534,23.012772,22.440129,0.000000,-30.329094,10.434321,2.383456,0.223144,0.469778,3.183449,-5.397382,16.460913,-0.006756,-0.029797,0.471261,1.486590,-1.519050,-3.537651,-1.125085,-2.772256,1,0,,38.991396,-76.936501,-10.183000,,,
2026-09-11T17:40:14.033,14.268007,2.414080,23.093355,22.352596,0.000000,-26.419334,9.089220,2.383768,0.171036,0.360076,3.197312,-5.476607,16.450452,-0.023393,-0.036656,0.361560,-0.610758,2.725366,14.940530,-1.155987,-2.638399,1,0,,38.991396,-76.936501,-10.183000,,,
2026-09-11T17:40:14.066,14.301416,2.346257,23.171682,21.724600,0.000000,-22.658577,7.795382,2.324574,0.144467,0.304142,3.208408,-5.554789,16.440381,-0.236699,0.049534,0.305625,-0.046876,2.233857,13.056672,-1.140279,-2.528040,1,0,,38.991396,-76.936501,-10.183000,,,
2026-09-11T17:40:14.099,14.334820,2.307899,23.249872,21.369431,0.000000,-18.417854,6.336418,2.293800,0.110777,0.233215,3.217382,-5.631427,16.430636,-0.270114,-0.079958,0.234698,-1.830902,-1.872384,8.081758,-1.234885,-2.673388,1,1,14.313847,38.991414,-76.936497,-10.245000,17.002864,3.324543,3.464111
2026-09-11T17:40:14.133,14.368221,2.298904,23.325373,21.286150,0.000000,-16.656608,5.730485,2.287416,0.097492,0.205247,3.224705,-5.707420,16.421097,-0.110155,-0.101646,0.206731,-0.292434,-4.408383,14.557384,-1.225373,-2.976930,1,0,,38.991414,-76.936497,-10.245000,,,
2026-09-11T17:40:14.166,14.401644,2.280055,23.401558,21.111619,0.000000,-16.526832,5.685837,2.268837,0.098405,0.207169,3.231597,-5.782993,16.411254,-0.268498,-0.308156,0.208652,-0.250266,9.830186,2.898257,-1.209988,-2.355805,1,0,,38.991414,-76.936497,-10.245000,,,
2026-09-11T17:40:14.200,14.435064,2.231867,23.476558,20.665437,0.000000,-16.949806,5.831355,2.220318,0.127846,0.269150,3.239556,-5.857318,16.400454,-0.020886,-0.045690,0.270633,-2.897179,0.080218,7.055296,-1.366922,-2.380826,1,0,,38.991414,-76.936497,-10.245000,,,
2026-09-11T17:40:14.233,14.468465,2.163350,23.547980,20.031014,0.000000,-17.844505,6.139165,2.150943,0.128043,0.269564,3.248553,-5.929500,16.388741,-0.024508,0.002648,0.271048,-0.138568,1.330174,7.006263,-1.344453,-2.323570,1,0,,38.991414,-76.936497,-10.245000,,,
2026-09-11T17:40:14.266,14.501867,2.134355,23.618924,19.762551,0.000000,-19.196510,6.604304,2.120192,0.121217,0.255193,3.257317,-5.999927,16.376680,0.047959,-0.084706,0.256676,-1.616920,1.797657,9.376236,-1.415104,-2.234208,1,0,,38.991414,-76.936497,-10.245000,,,
2026-09-11T17:40:14.300,14.535273,2.086088,23.689344,19.315628,0.000000,-21.141090,7.273311,2.069302,0.123598,0.260207,3.265926,-6.068911,16.364245,-0.037092,0.122922,0.261690,1.872482,4.118793,8.249550,-1.262831,-1.995529,1,0,,38.991414,-76.936497,-10.245000,,,
2026-09-11T17:40:14.333,14.568683,2.086437,23.758454,19.318857,0.000000,-23.959083,8.242804,2.064882,0.148872,0.313416,3.275508,-6.136810,16.350839,0.120598,-0.027520,0.314899,-2.943564,11.869871,17.842023,-1.431553,-1.265130,1,0,,38.991414,-76.936497,-10.245000,,,
2026-09-11T17:40:14.367,14.602098,2.077053,23.828133,19.231968,0.000000,-27.623710,9.503570,2.048546,0.131193,0.276196,3.285359,-6.204227,16.336695,0.013939,-0.028642,0.277679,2.706439,5.221747,-1.730580,-1.236092,-0.967535,1,0,,38.991414,-76.936497,-10.245000,,,
2026-09-11T17:40:14.400,14.635516,2.077409,23.897904,19.235268,0.000000,-27.671089,9.519870,2.048799,0.149599,0.314945,3.295236,-6.271235,16.321913,-0.068511,0.002712,0.316428,1.433732,-1.417355,1.208277,-1.126672,-1.107909,1,0,,38.991414,-76.936497,-10.245000,,,
2026-09-11T17:40:14.433,14.668922,2.087755,23.967105,19.331065,0.000000,-26.438560,9.095835,2.061502,0.133321,0.280676,3.305185,-6.338282,16.306401,-0.033829,-0.019190,0.282160,0.683327,7.253391,6.370988,-1.072492,-0.681543,1,0,,38.991414,-76.936497,-10.245000,,,
2026-09-11T17:40:14.467,14.702326,2.117329,24.038163,19.604895,0.000000,-25.470390,8.762749,2.092614,0.129596,0.272834,3.314430,-6.405949,16.290453,-0.121845,-0.135086,0.274317,0.222905,3.190496,2.834024,-1.056497,-0.522193,1,0,,38.991414,-76.936497,-10.245000,,,
2026-09-11T17:40:14.500,14.735741,2.107788,24.109039,19.516557,0.000000,-25.459404,8.758969,2.083206,0.130899,0.275577,3.323592,-6.473853,16.273857,-0.018291,0.029661,0.277061,0.502493,8.213854,12.470234,-1.028228,-0.039678,1,0,,38.991414,-76.936497,-10.245000,,,
2026-09-11T17:40:14.534,14.769160,2.088870,24.179162,19.341385,0.000000,-26.041679,8.959293,2.063384,0.135033,0.284280,3.332947,-6.541111,16.256633,0.004056,0.097621,0.285763,-1.809425,9.721332,15.293079,-1.155196,0.534443,1,0,,38.991414,-76.936497,-10.245000,,,
2026-09-11T17:40:14.567,14.802569,2.108315,24.249423,19.521436,0.000000,-27.750740,9.547273,2.079113,0.164264,0.345819,3.343473,-6.607996,16.238211,-0.151101,0.004108,0.347302,1.016655,3.897065,10.108793,-1.102333,0.716596,1,0,,38.991414,-76.936497,-10.245000,,,
2026-09-11T17:40:14.600,14.835982,2.127695,24.320583,19.700878,0.000000,-29.645195,10.199035,2.094074,0.182034,0.383230,3.355653,-6.675014,16.218155,0.056602,0.064951,0.384714,2.357126,1.497083,12.249291,-0.964505,0.735975,1,0,,38.991414,-76.936497,-10.245000,,,
2026-09-11T17:40:14.633,14.869382,2.127778,24.391505,19.701650,0.000000,-30.821418,10.603699,2.091443,0.220230,0.463643,3.369796,-6.741732,16.196271,-0.057843,-0.000289,0.465127,-0.013239,0.935456,5.895170,-0.980672,0.707966,1,0,,38.991414,-76.936497,-10.245000,,,
2026-09-11T17:40:14.667,14.902787,2.137675,24.463303,19.793289,0.000000,-34.067878,11.720600,2.093104,0.236281,0.497433,3.385848,-6.807894,16.172501,0.006163,0.059520,0.498916,-3.004365,3.107826,1.837570,-1.187803,0.816247,1,0,,38.991414,-76.936497,-10.245000,,,
2026-09-11T17:40:14.701,14.936206,2.167299,24.536560,20.067580,0.000000,-38.730201,13.324611,2.108955,0.269661,0.567707,3.403646,-6.873745,16.146731,-0.028351,-0.092184,0.569191,-3.275323,0.925257,4.749165,-1.408078,0.771934,1,0,,38.991414,-76.936497,-10.245000,,,
2026-09-11T17:40:14.734,14.969616,2.167714,24.608484,20.071430,0.000000,-42.924232,14.767511,2.096111,0.275265,0.579505,3.422810,-6.938969,16.119118,0.143813,-0.046796,0.580988,0.999690,3.868135,12.004222,-1.349656,0.917521,1,0,,38.991414,-76.936497,-10.245000,,,
2026-09-11T17:40:14.767,15.003015,2.168235,24.680271,20.076253,0.000000,-43.042335,14.808143,2.096222,0.303994,0.639988,3.443175,-7.003241,16.089742,-0.047532,-0.252008,0.641472,5.069548,-4.195383,5.535756,-1.031174,0.531389,1,0,,38.991414,-76.936497,-10.245000,,,
2026-09-11T17:40:14.801,15.036419,2.168791,24.753471,20.081402,0.000000,-42.960624,14.780031,2.097031,0.268923,0.566153,3.463320,-7.066970,16.059158,0.137522,0.119337,0.567637,2.227777,1.126784,10.840663,-0.898101,0.503949,1,0,,38.991414,-76.936497,-10.245000,,,
2026-09-11T17:40:14.834,15.069822,2.178914,24.825304,20.175127,0.000000,-42.146949,14.500097,2.109509,0.263439,0.554609,3.482038,-7.130518,16.027911,0.079745,0.031521,0.556093,1.673701,-0.780805,14.713310,-0.799568,0.354492,1,0,,38.991414,-76.936497,-10.245000,,,
2026-09-11T17:40:14.868,15.103233,2.159645,24.898150,19.996710,0.000000,-41.011924,14.109607,2.094491,0.245229,0.516272,3.499928,-7.193596,15.995888,0.099786,0.133415,0.517755,1.266333,-4.253340,17.753763,-0.729586,-0.012311,1,0,,38.991414,-76.936497,-10.245000,,,
2026-09-11T17:40:14.902,15.136637,2.140132,24.969915,19.816036,0.000000,-39.631767,13.634782,2.079819,0.244668,0.515090,3.517154,-7.255737,15.963240,-0.042542,-0.070853,0.516574,2.185314,-1.574262,-0.175049,-0.601573,-0.200964,1,0,,38.991414,-76.936497,-10.245000,,,
2026-09-11T17:40:14.934,15.170038,2.130767,25.040494,19.729326,0.000000,-39.376335,13.546904,2.071486,0.222519,0.468461,3.533579,-7.317102,15.930049,0.128214,-0.184782,0.469945,-2.551494,8.134028,9.350739,-0.779012,0.247051,1,0,,38.991414,-76.936497,-10.245000,,,
2026-09-11T17:40:14.968,15.203449,2.150389,25.112338,19.911009,0.000000,-39.577522,13.616120,2.089952,0.239077,0.503320,3.549814,-7.378122,15.895868,0.098140,-0.040205,0.504804,3.374370,-6.521422,7.914065,-0.569684,-0.263398,1,0,,38.991414,-76.936497,-10.245000,,,
2026-09-11T17:40:15.001,15.236870,2.160373,25.185014,20.003453,0.000000,-39.975776,13.753134,2.098433,0.230733,0.485754,3.566341,-7.438952,15.860373,0.277736,-0.015497,0.487237,-0.059624,11.135844,4.267756,-0.586310,0.376734,1,0,,38.991414,-76.936497,-10.245000,,,
2026-09-11T17:40:15.035,15.270279,2.160943,25.257451,20.008729,0.000000,-39.981270,13.755024,2.098970,0.242733,0.511016,3.582992,-7.499271,15.823772,0.146848,0.063313,0.512500,3.980323,-3.864212,11.737874,-0.343131,0.035444,1,0,,38.991414,-76.936497,-10.245000,,,
2026-09-11T17:40:15.068,15.303679,2.122420,25.328463,19.652038,0.000000,-38.689003,13.310437,2.065405,0.228902,0.481898,3.599574,-7.558481,15.786452,0.010548,-0.085728,0.483382,2.234053,3.974243,3.459786,-0.215986,0.210135,1,0,,38.991414,-76.936497,-10.245000,,,
2026-09-11T17:40:15.101,15.337084,2.132958,25.399578,19.749613,0.000000,-34.718132,11.944311,2.086778,0.213465,0.449400,3.615129,-7.617126,15.748702,0.205204,0.023351,0.450884,-0.316264,-0.755308,7.161404,-0.255421,0.080619,1,1,15.311555,38.991433,-76.936502,-10.243000,16.596377,5.368491,3.464111
2026-09-11T17:40:15.135,15.370492,2.133414,25.470305,19.753829,0.000000,-31.556816,10.856703,2.095228,0.203780,0.429010,3.629802,-7.675836,15.710210,-0.111173,-0.079396,0.430494,-1.325369,-1.498848,4.611381,-0.362947,-0.093057,1,0,,38.991433,-76.936502,-10.243000,,,
2026-09-11T17:40:15.168,15.403911,2.134008,25.541819,19.759330,0.000000,-31.669426,10.895445,2.095539,0.212378,0.447112,3.644441,-7.734129,15.670797,0.025947,-0.011063,0.448596,0.449831,-0.027164,7.862482,-0.359707,-0.172068,1,0,,38.991433,-76.936502,-10.243000,,,
2026-09-11T17:40:15.203,15.437332,2.114847,25.612843,19.581918,0.000000,-31.873359,10.965605,2.076233,0.211978,0.446270,3.659370,-7.791495,15.630562,0.059222,0.146941,0.447753,1.688901,0.925061,15.314065,-0.280049,-0.187904,1,0,,38.991433,-76.936502,-10.243000,,,
2026-09-11T17:40:15.235,15.470734,2.114580,25.682727,19.579445,0.000000,-31.845207,10.955920,2.076039,0.218988,0.461027,3.674523,-7.847878,15.589558,-0.152156,0.047881,0.462511,1.472174,-1.768924,5.038068,-0.218627,-0.379791,1,0,,38.991433,-76.936502,-10.243000,,,
2026-09-11T17:40:15.268,15.504133,2.124738,25.753592,19.673502,0.000000,-31.869926,10.964424,2.085952,0.211036,0.444286,3.689641,-7.903777,15.547637,0.063691,0.106832,0.445769,-2.734584,2.257099,8.845795,-0.432546,-0.307176,1,0,,38.991433,-76.936502,-10.243000,,,
2026-09-11T17:40:15.303,15.537538,2.144621,25.825960,19.857602,0.000000,-32.275047,11.103801,2.104474,0.208859,0.439703,3.704406,-7.959546,15.504770,0.183469,0.141370,0.441187,-1.446089,2.057141,12.561436,-0.564145,-0.248193,1,0,,38.991433,-76.936502,-10.243000,,,
2026-09-11T17:40:15.336,15.570948,2.144902,25.897439,19.860205,0.000000,-32.409630,11.150102,2.104415,0.232577,0.489636,3.719931,-8.014731,15.460592,-0.057010,-0.091882,0.491120,-1.430300,-0.699312,5.498393,-0.696091,-0.374993,1,0,,38.991433,-76.936502,-10.243000,,,
2026-09-11T17:40:15.369,15.604362,2.145345,25.968885,19.864309,0.000000,-32.435035,11.158842,2.104786,0.229121,0.482361,3.736170,-8.069034,15.415250,0.035542,-0.078400,0.483844,2.113039,-4.238728,-2.019680,-0.596811,-0.728426,1,0,,38.991433,-76.936502,-10.243000,,,
2026-09-11T17:40:15.403,15.637769,2.165250,26.041811,20.048611,0.000000,-32.241401,11.092225,2.124800,0.221125,0.465526,3.752003,-8.122979,15.369016,-0.034226,0.018002,0.467010,0.181129,3.860878,4.321497,-0.620766,-0.552233,1,0,,38.991433,-76.936502,-10.243000,,,
2026-09-11T17:40:15.436,15.671202,2.204578,26.114863,20.412763,0.000000,-32.112312,11.047814,2.163722,0.218686,0.460393,3.767481,-8.177137,15.321475,0.008180,0.037666,0.461876,0.665773,0.355295,11.789947,-0.607967,-0.605251,1,0,,38.991433,-76.936502,-10.243000,,,
2026-09-11T17:40:15.469,15.704603,2.234194,26.189533,20.686982,0.000000,-32.045021,11.024663,2.192962,0.207606,0.437064,3.782469,-8.231566,15.272671,-0.027645,-0.016399,0.438548,1.677624,7.481199,9.813613,-0.526244,-0.194294,1,0,,38.991433,-76.936502,-10.243000,,,
2026-09-11T17:40:15.503,15.738018,2.283233,26.266401,21.141048,0.000000,-31.855507,10.959463,2.241591,0.234665,0.494033,3.798025,-8.286137,15.222022,0.110989,0.277077,0.495516,0.091202,-4.484189,13.680277,-0.543747,-0.571603,1,0,,38.991433,-76.936502,-10.243000,,,
2026-09-11T17:40:15.536,15.771434,2.283136,26.342916,21.140151,0.000000,-31.951637,10.992536,2.241245,0.228787,0.481657,3.814327,-8.340318,15.169735,-0.088449,-0.000433,0.483141,-0.419038,4.627366,5.633921,-0.587859,-0.353341,1,0,,38.991433,-76.936502,-10.243000,,,
2026-09-11T17:40:15.569,15.804839,2.302926,26.419488,21.323391,0.000000,-31.836967,10.953085,2.260974,0.232347,0.489151,3.830542,-8.393898,15.116418,-0.102672,-0.026169,0.490634,3.413695,-2.609550,6.948404,-0.377734,-0.607401,1,0,,38.991433,-76.936502,-10.243000,,,
2026-09-11T17:40:15.603,15.838246,2.313225,26.497747,21.418748,0.000000,-31.208687,10.736933,2.272727,0.204114,0.429714,3.845890,-8.447306,15.062234,0.088175,0.018753,0.431198,-1.005084,5.635392,10.031026,-0.452798,-0.316931,1,0,,38.991433,-76.936502,-10.243000,,,
2026-09-11T17:40:15.636,15.871652,2.323284,26.574991,21.511890,0.000000,-31.054878,10.684018,2.283009,0.202303,0.425900,3.860181,-8.500507,15.007408,-0.040889,0.207679,0.427384,-3.019762,-1.199942,0.292336,-0.654808,-0.471580,1,0,,38.991433,-76.936502,-10.243000,,,
2026-09-11T17:40:15.669,15.905059,2.275053,26.650709,21.065302,0.000000,-30.453376,10.477079,2.237122,0.227929,0.479850,3.875311,-8.552191,14.951909,-0.092065,-0.008888,0.481334,-1.845513,-7.839142,-3.621106,-0.774810,-1.060510,1,0,,38.991433,-76.936502,-10.243000,,,
2026-09-11T17:40:15.704,15.938477,2.217445,26.725982,20.531894,0.000000,-28.689384,9.870201,2.184623,0.159193,0.335143,3.888928,-8.602369,14.897288,0.126014,-0.088572,0.336627,0.757662,9.205503,11.084261,-0.720597,-0.518138,1,0,,38.991433,-76.936502,-10.243000,,,
2026-09-11T17:40:15.736,15.971884,2.188825,26.798498,20.266897,0.000000,-26.439247,9.096071,2.161300,0.162145,0.341359,3.900228,-8.651666,14.843734,0.081290,-0.077161,0.342842,0.511809,-1.647517,10.841840,-0.676395,-0.684336,1,0,,38.991433,-76.936502,-10.243000,,,
2026-09-11T17:40:15.769,16.005288,2.150668,26.869727,19.913596,0.000000,-24.340858,8.374148,2.127738,0.157337,0.331235,3.911462,-8.699689,14.790313,0.024963,-0.104716,0.332719,-2.627692,3.304547,1.041466,-0.832226,-0.526236,1,0,,38.991433,-76.936502,-10.243000,,,
2026-09-11T17:40:15.805,16.038703,2.112358,26.941298,19.558870,0.000000,-22.297401,7.671124,2.093454,0.142092,0.299141,3.921994,-8.746569,14.737387,-0.011856,0.191655,0.300624,-0.918001,-0.023634,15.775566,-0.874639,-0.580096,1,0,,38.991433,-76.936502,-10.243000,,,
2026-09-11T17:40:15.837,16.072119,2.073776,27.009542,19.201628,0.000000,-21.487159,7.392371,2.056539,0.102227,0.215214,3.930588,-8.792752,14.685504,-0.117912,-0.002700,0.216698,1.079516,0.446791,11.343450,-0.785032,-0.591040,1,0,,38.991433,-76.936502,-10.243000,,,
2026-09-11T17:40:15.870,16.105530,2.063960,27.078754,19.110741,0.000000,-21.259193,7.313943,2.047167,0.113764,0.239503,3.938184,-8.838297,14.634140,0.011791,0.148777,0.240986,0.755210,4.854978,9.837835,-0.714667,-0.319747,1,0,,38.991433,-76.936502,-10.243000,,,
2026-09-11T17:40:15.904,16.138936,2.054301,27.148377,19.021303,0.000000,-21.375923,7.354102,2.037402,0.122199,0.257262,3.946482,-8.882963,14.582421,0.069804,0.165268,0.258745,-1.313993,1.574458,13.477377,-0.779383,-0.265896,1,0,,38.991433,-76.936502,-10.243000,,,
2026-09-11T17:40:15.937,16.172355,2.064198,27.217008,19.112943,0.000000,-21.424675,7.370874,2.047140,0.141126,0.297108,3.955745,-8.926857,14.529977,-0.133803,-0.128686,0.298591,-3.027313,2.666330,1.028227,-0.960023,-0.147395,1,0,,38.991433,-76.936502,-10.243000,,,
2026-09-11T17:40:15.970,16.205764,2.054729,27.285594,19.025264,0.000000,-22.263756,7.659549,2.036395,0.135802,0.285899,3.965484,-8.970065,14.476990,0.006971,-0.142659,0.287382,0.205645,-5.728555,9.401832,-0.934938,-0.571691,1,0,,38.991433,-76.936502,-10.243000,,,
2026-09-11T17:40:16.004,16.239177,2.045376,27.354430,18.938666,0.000000,-23.978309,8.249418,2.024212,0.135890,0.286085,3.975040,-9.012569,14.423923,0.064399,0.036627,0.287568,-2.860502,4.065445,7.063142,-1.114041,-0.357422,1,0,,38.991433,-76.936502,-10.243000,,,
2026-09-11T17:40:16.037,16.272580,2.055637,27.423175,19.033675,0.000000,-26.433067,9.093945,2.029799,0.153972,0.324151,3.985232,-9.054233,14.370336,0.008894,-0.049913,0.325635,-0.558293,-3.152053,13.849736,-1.148493,-0.617535,1,0,,38.991433,-76.936502,-10.243000,,,
2026-09-11T17:40:16.070,16.305981,2.056189,27.492319,19.038788,0.000000,-28.458671,9.790827,2.026241,0.160288,0.337448,3.996280,-9.095040,14.316019,0.011080,-0.050799,0.338932,0.697253,-4.825460,15.032810,-1.108463,-0.984618,1,0,,38.991433,-76.936502,-10.243000,,,
2026-09-11T17:40:16.104,16.339386,2.056919,27.561406,19.045548,0.000000,-29.064293,9.999183,2.025675,0.178192,0.375140,4.008183,-9.134874,14.261018,-0.207012,0.002472,0.376624,-0.075511,-4.014646,-0.522008,-1.124938,-1.300154,1,1,16.331837,38.991448,-76.936515,-10.324000,15.400540,7.065882,3.464111
2026-09-11T17:40:16.137,16.372804,2.038109,27.628853,18.871383,0.000000,-29.669914,10.207539,2.005851,0.180152,0.379267,4.020788,-9.173575,14.205561,0.053846,0.004880,0.380751,2.550612,-1.846494,14.829714,-0.975681,-1.472075,1,0,,38.991448,-76.936515,-10.324000,,,
2026-09-11T17:40:16.171,16.406227,2.028617,27.696527,18.783488,0.000000,-29.532585,10.160293,1.996804,0.191912,0.404026,4.033878,-9.211082,14.149831,0.000645,-0.056741,0.405509,-0.982136,-2.276810,10.344937,-1.060902,-1.672943,1,0,,38.991448,-76.936515,-10.324000,,,
2026-09-11T17:40:16.205,16.439634,2.028636,27.764771,18.783671,0.000000,-29.687767,10.213681,1.996489,0.177377,0.373426,4.046864,-9.247782,14.093791,0.119418,-0.005157,0.374910,0.178873,3.778012,12.882898,-1.074202,-1.475915,1,0,,38.991448,-76.936515,-10.324000,,,
2026-09-11T17:40:16.237,16.473037,2.038700,27.831796,18.876847,0.000000,-29.950065,10.303922,2.005821,0.194295,0.409043,4.059932,-9.283801,14.037145,0.109415,-0.087026,0.410526,3.161370,1.706063,10.838702,-0.898929,-1.419935,1,0,,38.991448,-76.936515,-10.324000,,,
2026-09-11T17:40:16.271,16.506437,2.058546,27.900188,19.060615,0.000000,-29.914360,10.291638,2.025427,0.191164,0.402450,4.073484,-9.319168,13.979501,0.045868,0.018032,0.403934,2.791365,0.443163,4.899991,-0.754310,-1.445898,1,0,,38.991448,-76.936515,-10.324000,,,
2026-09-11T17:40:16.305,16.539859,2.068428,27.970312,19.152107,0.000000,-29.751625,10.235651,2.035509,0.188041,0.395877,4.086825,-9.354158,13.921012,0.029954,0.067009,0.397360,-0.881128,-5.387872,8.635736,-0.854438,-1.848295,1,0,,38.991448,-76.936515,-10.324000,,,
2026-09-11T17:40:16.338,16.573275,2.097890,28.039763,19.424912,0.000000,-29.869728,10.276282,2.064238,0.181374,0.381839,4.099819,-9.388877,13.861641,0.020324,0.104395,0.383323,2.322705,-3.345735,6.940362,-0.751087,-2.112917,1,0,,38.991448,-76.936515,-10.324000,,,
2026-09-11T17:40:16.371,16.606693,2.117672,28.110502,19.608078,0.000000,-29.961052,10.307701,2.083495,0.198449,0.417787,4.113180,-9.423124,13.801062,0.009227,0.078980,0.419270,0.275567,1.596523,15.116755,-0.788975,-2.060174,1,0,,38.991448,-76.936515,-10.324000,,,
2026-09-11T17:40:16.405,16.640101,2.147403,28.182483,19.883357,0.000000,-29.949379,10.303685,2.112773,0.194970,0.410463,4.127015,-9.456800,13.739237,0.110755,0.034471,0.411947,0.241146,-3.258652,10.964227,-0.835851,-2.321868,1,0,,38.991448,-76.936515,-10.324000,,,
2026-09-11T17:40:16.438,16.673505,2.186711,28.254247,20.247326,0.000000,-31.026725,10.674332,2.148872,0.211756,0.445802,4.141317,-9.490007,13.675919,0.023136,0.096281,0.447285,2.840006,-3.403202,3.514801,-0.717895,-2.595867,1,0,,38.991448,-76.936515,-10.324000,,,
2026-09-11T17:40:16.471,16.706908,2.216061,28.328165,20.519087,0.000000,-31.621360,10.878908,2.176235,0.255041,0.536929,4.157730,-9.521952,13.610671,-0.121312,-0.188129,0.538412,-0.679405,10.013374,-3.913246,-0.830359,-2.012704,1,0,,38.991448,-76.936515,-10.324000,,,
2026-09-11T17:40:16.505,16.740315,2.235774,28.403404,20.701611,0.000000,-31.759376,10.926391,2.195243,0.224769,0.473198,4.174603,-9.553033,13.544111,-0.096177,0.016832,0.474681,4.178516,-0.686171,0.091202,-0.623301,-2.119620,1,0,,38.991448,-76.936515,-10.324000,,,
2026-09-11T17:40:16.538,16.773738,2.284403,28.479714,21.151882,0.000000,-31.425667,10.811583,2.243854,0.213328,0.449111,4.190016,-9.584219,13.476404,-0.123909,0.060277,0.450595,1.682821,2.969159,9.697208,-0.571765,-1.986854,1,0,,38.991448,-76.936515,-10.324000,,,
2026-09-11T17:40:16.571,16.807151,2.323763,28.557505,21.516324,0.000000,-31.053505,10.683545,2.283483,0.200496,0.422098,4.204571,-9.615458,13.407174,-0.040839,0.024446,0.423581,1.007633,1.462956,10.475954,-0.554819,-1.950198,1,0,,38.991448,-76.936515,-10.324000,,,
2026-09-11T17:40:16.606,16.840558,2.353275,28.637461,21.789587,0.000000,-29.462547,10.136197,2.316546,0.192143,0.404512,4.218378,-9.646600,13.336627,-0.167499,-0.011490,0.405996,0.471210,3.134598,8.958375,-0.566000,-1.804105,1,0,,38.991448,-76.936515,-10.324000,,,
2026-09-11T17:40:16.638,16.873963,2.411883,28.716791,22.332248,0.000000,-26.613655,9.156074,2.381152,0.162553,0.342216,4.230850,-9.678134,13.264534,-0.295604,0.038017,0.343699,-0.264093,3.133225,12.028445,-0.618619,-1.651825,1,0,,38.991448,-76.936515,-10.324000,,,
2026-09-11T17:40:16.672,16.907370,2.421774,28.798558,22.423834,0.000000,-22.875557,7.870031,2.398964,0.174436,0.367234,4.242700,-9.709687,13.190975,-0.289916,-0.110831,0.368717,1.183368,-2.477846,6.764039,-0.566734,-1.868410,1,0,,38.991448,-76.936515,-10.324000,,,
2026-09-11T17:40:16.705,16.940788,2.451386,28.880439,22.698015,0.000000,-21.715812,7.471036,2.430575,0.158321,0.333307,4.254406,-9.740814,13.116316,-0.127713,0.013719,0.334791,1.875522,8.096370,12.301658,-0.461506,-1.393947,1,0,,38.991448,-76.936515,-10.324000,,,
2026-09-11T17:40:16.739,16.974208,2.452019,28.963517,22.703878,0.000000,-21.964378,7.556552,2.430724,0.146978,0.309427,4.265146,-9.771750,13.041033,-0.013396,-0.077396,0.310910,-1.231519,-0.320776,8.953962,-0.553089,-1.465566,1,0,,38.991448,-76.936515,-10.324000,,,
2026-09-11T17:40:16.772,17.007607,2.423470,29.043256,22.439540,0.000000,-24.464454,8.416670,2.397369,0.188919,0.397724,4.276955,-9.801119,12.965741,0.114954,-0.001226,0.399208,-3.448803,1.790694,13.684102,-0.780792,-1.412835,1,0,,38.991448,-76.936515,-10.324000,,,
2026-09-11T17:40:16.806,17.041012,2.364788,29.123144,21.896185,0.000000,-27.104606,9.324979,2.333538,0.168349,0.354420,4.289517,-9.828579,12.891409,0.113523,-0.088911,0.355903,-1.417944,4.194991,18.049238,-0.869622,-1.197005,1,0,,38.991448,-76.936515,-10.324000,,,
2026-09-11T17:40:16.839,17.074416,2.316265,29.198862,21.446903,0.000000,-26.951484,9.272300,2.286001,0.184376,0.388159,4.301920,-9.854421,12.818475,0.037954,-0.022344,0.389643,1.135414,-2.533940,5.246852,-0.788368,-1.422648,1,0,,38.991448,-76.936515,-10.324000,,,
2026-09-11T17:40:16.872,17.107816,2.306792,29.275844,21.359187,0.000000,-26.968651,9.278205,2.276613,0.151451,0.318843,4.313727,-9.879259,12.746221,0.218665,0.098204,0.320327,-1.741661,-2.040175,-6.092283,-0.886583,-1.603392,1,0,,38.991448,-76.936515,-10.324000,,,
2026-09-11T17:40:16.906,17.141238,2.268611,29.352610,21.005661,0.000000,-25.765648,8.864328,2.241515,0.164507,0.346330,4.324843,-9.903306,12.674459,0.031262,-0.191611,0.347814,1.494828,-5.593909,16.474976,-0.766932,-2.015469,1,0,,38.991448,-76.936515,-10.324000,,,
2026-09-11T17:40:16.939,17.174646,2.210402,29.424818,20.466682,0.000000,-26.382255,9.076464,2.182724,0.152508,0.321069,4.335991,-9.925945,12.603910,-0.057074,0.053769,0.322552,1.803345,0.809147,-3.206775,-0.623303,-2.003777,1,0,,38.991448,-76.936515,-10.324000,,,
2026-09-11T17:40:16.972,17.208045,2.191326,29.497996,20.290059,0.000000,-26.349296,9.065125,2.163956,0.136923,0.288258,4.346166,-9.947780,12.534516,0.038540,-0.034082,0.289742,0.857101,8.245431,13.502875,-0.537273,-1.506388,1,0,,38.991448,-76.936515,-10.324000,,,
2026-09-11T17:40:17.006,17.241517,2.172233,29.571252,20.113272,0.000000,-26.461219,9.103631,2.144871,0.150524,0.316892,4.356294,-9.968762,12.465357,-0.110955,-0.033292,0.318376,2.413319,0.171322,9.668867,-0.350443,-1.540287,1,0,,38.991448,-76.936515,-10.324000,,,
2026-09-11T17:40:17.039,17.274938,2.162964,29.644384,20.027445,0.000000,-26.657600,9.171193,2.135314,0.156755,0.330011,4.367104,-9.988512,12.396426,-0.081513,-0.004899,0.331494,-1.805208,6.245855,11.764940,-0.445741,-1.182331,1,0,,38.991448,-76.936515,-10.324000,,,
2026-09-11T17:40:17.072,17.308339,2.183055,29.716877,20.213468,0.000000,-26.502418,9.117804,2.155471,0.151195,0.318305,4.377931,-10.007550,12.327151,-0.220594,-0.104206,0.319788,-1.212200,1.253878,0.244480,-0.511455,-1.150154,1,0,,38.991448,-76.936515,-10.324000,,,
2026-09-11T17:40:17.106,17.341742,2.173692,29.790476,20.126778,0.000000,-26.113777,8.984098,2.147025,0.155981,0.328381,4.388732,-10.025916,12.257493,-0.094700,-0.177617,0.329865,-1.413629,-0.310380,3.461453,-0.595344,-1.220720,1,1,17.313509,38.991459,-76.936536,-10.318000,13.597710,8.264192,3.464111
2026-09-11T17:40:17.139,17.375147,2.163993,29.861534,20.036973,0.000000,-26.571769,9.141664,2.136507,0.152935,0.321968,4.399595,-10.043402,12.187925,0.076603,-0.148382,0.323452,0.539464,2.002714,7.711067,-0.555593,-1.139798,1,0,,38.991459,-76.936536,-10.318000,,,
2026-09-11T17:40:17.173,17.408568,2.144716,29.933253,19.858483,0.000000,-27.715721,9.535225,2.115085,0.187490,0.394716,4.411571,-10.059436,12.118484,-0.005620,-0.152724,0.396199,-2.328491,2.486280,-4.429272,-0.708591,-1.037955,1,0,,38.991459,-76.936536,-10.318000,,,
2026-09-11T17:40:17.207,17.441985,2.135660,30.005735,19.774631,0.000000,-29.315605,10.085644,2.102658,0.165079,0.347536,4.423973,-10.074264,12.049337,0.144107,0.175335,0.349019,-4.668162,-4.573920,11.146533,-1.017228,-1.387302,1,0,,38.991459,-76.936536,-10.318000,,,
2026-09-11T17:40:17.240,17.475403,2.097017,30.075608,19.416825,0.000000,-29.097938,10.010759,2.065090,0.147669,0.310882,4.434974,-10.088690,11.981009,0.139506,0.324647,0.312366,-1.755979,-2.579737,12.071496,-1.138398,-1.598014,1,0,,38.991459,-76.936536,-10.318000,,,
2026-09-11T17:40:17.273,17.508804,2.087682,30.144376,19.330391,0.000000,-27.752113,9.547745,2.058763,0.171947,0.361993,4.446211,-10.102037,11.913238,0.021465,0.103638,0.363476,3.790957,3.445959,5.719042,-0.901326,-1.423310,1,0,,38.991459,-76.936536,-10.318000,,,
2026-09-11T17:40:17.308,17.542210,2.098067,30.215536,19.426550,0.000000,-25.861091,8.897164,2.072822,0.160342,0.337562,4.457896,-10.114436,11.845124,0.240420,-0.100290,0.339046,2.209046,-1.925242,14.096667,-0.766656,-1.594953,1,0,,38.991459,-76.936536,-10.318000,,,
2026-09-11T17:40:17.340,17.575630,2.118272,30.284931,19.613634,0.000000,-21.441154,7.376544,2.100741,0.141377,0.297637,4.468510,-10.126747,11.776292,-0.163437,-0.224999,0.299120,3.738785,0.667637,6.383247,-0.533062,-1.592184,1,0,,38.991459,-76.936536,-10.318000,,,
2026-09-11T17:40:17.373,17.609046,2.118700,30.355659,19.617595,0.000000,-17.618599,6.061444,2.106855,0.113197,0.238309,4.477465,-10.139284,11.706987,0.098593,0.331029,0.239793,0.034912,-12.956546,5.128192,-0.543027,-2.462917,1,0,,38.991459,-76.936536,-10.318000,,,
2026-09-11T17:40:17.407,17.642474,2.119462,30.427229,19.624648,0.000000,-13.554344,4.663192,2.112446,0.092504,0.194746,4.484703,-10.152104,11.637555,-0.105442,0.210288,0.196229,-2.539628,-6.889172,10.621387,-0.724822,-2.925837,1,0,,38.991459,-76.936536,-10.318000,,,
2026-09-11T17:40:17.440,17.675881,2.119581,30.496783,19.625752,0.000000,-8.409996,2.893347,2.116879,0.031764,0.066871,4.489073,-10.165877,11.568233,-0.033146,-0.084917,0.068355,-2.624750,6.740993,7.467568,-0.916020,-2.484152,1,0,,38.991459,-76.936536,-10.318000,,,
2026-09-11T17:40:17.473,17.709285,2.129151,30.567750,19.714363,0.000000,-6.845131,2.354976,2.127353,0.081203,0.170954,4.493045,-10.179597,11.498662,0.025366,-0.136188,0.172438,0.739716,-9.011331,-0.479251,-0.892660,-3.080706,1,0,,38.991459,-76.936536,-10.318000,,,
2026-09-11T17:40:17.507,17.742703,2.148836,30.639925,19.896631,0.000000,-6.573906,2.261665,2.147162,0.072141,0.151877,4.498439,-10.192447,11.428358,0.171465,-0.048623,0.153360,-2.562282,-1.260155,7.577991,-1.085443,-3.166881,1,0,,38.991459,-76.936536,-10.318000,,,
2026-09-11T17:40:17.541,17.776127,2.129713,30.710914,19.719565,0.000000,-6.413917,2.206623,2.128134,0.035988,0.075765,4.502244,-10.205719,11.358128,-0.079105,-0.119415,0.077248,3.493129,3.920110,8.683593,-0.881215,-2.906114,1,0,,38.991459,-76.936536,-10.318000,,,
2026-09-11T17:40:17.574,17.809540,2.120309,30.781460,19.632487,0.000000,-5.928459,2.039607,2.118965,0.013132,0.027646,4.503971,-10.219657,11.288552,0.105874,0.023416,0.029129,-0.193387,4.746321,4.956085,-0.914535,-2.588260,1,0,,38.991459,-76.936536,-10.318000,,,
2026-09-11T17:40:17.608,17.842951,2.120548,30.853509,19.634708,0.000000,-6.362419,2.188906,2.119001,0.051144,0.107672,4.506232,-10.233177,11.219048,0.073661,0.026619,0.109155,0.719808,2.806761,12.535351,-0.886866,-2.410407,1,0,,38.991459,-76.936536,-10.318000,,,
2026-09-11T17:40:17.640,17.876361,2.121013,30.923906,19.639010,0.000000,-6.235389,2.145203,2.119527,0.055700,0.117264,4.509989,-10.245792,11.149356,0.101737,0.024288,0.118747,-0.385597,-2.387625,4.797707,-0.930269,-2.571881,1,0,,38.991459,-76.936536,-10.318000,,,
2026-09-11T17:40:17.674,17.909767,2.170224,30.996491,20.094664,0.000000,-6.134453,2.110477,2.168752,0.060019,0.126356,4.514058,-10.258153,11.078776,0.113549,-0.039790,0.127840,1.390877,-7.557103,3.743198,-0.858205,-3.067644,1,0,,38.991459,-76.936536,-10.318000,,,
2026-09-11T17:40:17.709,17.943188,2.180799,31.069679,20.192584,0.000000,-6.358986,2.187724,2.179210,0.096239,0.202608,4.519556,-10.269710,11.006999,0.162265,0.098253,0.204091,-3.628264,-2.847459,5.921452,-1.112574,-3.264189,1,0,,38.991459,-76.936536,-10.318000,,,
2026-09-11T17:40:17.741,17.976599,2.200827,31.142275,20.378023,0.000000,-6.052742,2.082365,2.199373,0.010975,0.023106,4.523326,-10.281834,10.934839,-0.122002,-0.210004,0.024589,3.452235,-4.436332,12.104937,-0.906551,-3.536067,1,0,,38.991459,-76.936536,-10.318000,,,
2026-09-11T17:40:17.774,18.010002,2.171381,31.214666,20.105383,0.000000,-6.065788,2.086854,2.169941,0.035029,0.073745,4.524944,-10.294736,10.863012,0.001203,-0.028418,0.075228,1.718027,6.149064,10.018768,-0.818831,-3.127057,1,0,,38.991459,-76.936536,-10.318000,,,
2026-09-11T17:40:17.809,18.043418,2.161884,31.288299,20.017444,0.000000,-5.979957,2.057325,2.160490,0.029139,0.061346,4.527201,-10.307086,10.791711,0.089068,0.171244,0.062829,-2.909633,1.232500,7.387840,-1.035956,-3.038867,1,0,,38.991459,-76.936536,-10.318000,,,
2026-09-11T17:40:17.841,18.076838,2.162279,31.359801,20.021106,0.000000,-6.042442,2.078822,2.160856,0.064321,0.135412,4.530489,-10.318729,10.720430,-0.144916,-0.188992,0.136896,-2.424400,5.690995,0.849452,-1.221839,-2.673464,1,0,,38.991459,-76.936536,-10.318000,,,
2026-09-11T17:40:17.875,18.110247,2.172263,31.432158,20.113550,0.000000,-6.365165,2.189850,2.170677,0.060839,0.128082,4.534890,-10.329604,10.648867,-0.068183,-0.148341,0.129566,1.356162,-0.220552,8.421069,-1.161667,-2.693744,1,0,,38.991459,-76.936536,-10.318000,,,
2026-09-11T17:40:17.908,18.143656,2.162885,31.505164,20.026710,0.000000,-6.969413,2.397734,2.160991,0.061551,0.129582,4.539194,-10.340214,10.577261,0.099857,-0.062189,0.131065,3.109493,6.706180,14.186496,-0.983696,-2.265834,1,0,,38.991459,-76.936536,-10.318000,,,
2026-09-11T17:40:17.942,18.177074,2.182514,31.576883,20.208464,0.000000,-8.538398,2.937522,2.179646,0.092512,0.194763,4.544614,-10.349981,10.505349,-0.092920,-0.073534,0.196246,3.073600,-9.731237,11.670894,-0.803058,-2.915544,1,0,,38.991459,-76.936536,-10.318000,,,
2026-09-11T17:40:17.975,18.210483,2.192791,31.650277,20.303620,0.000000,-9.474296,3.259506,2.189244,0.072358,0.152332,4.550412,-10.359242,10.432907,0.203315,0.123720,0.153815,-1.762059,4.282858,9.433899,-0.932869,-2.645388,1,0,,38.991459,-76.936536,-10.318000,,,
2026-09-11T17:40:18.008,18.243898,2.222913,31.724730,20.582523,0.000000,-10.353889,3.562118,2.218618,0.065651,0.138212,4.555266,-10.368665,10.359831,0.057597,0.144548,0.139696,0.043443,6.251053,10.139880,-0.942588,-2.249117,1,0,,38.991459,-76.936536,-10.318000,,,
2026-09-11T17:40:18.041,18.277309,2.252439,31.799855,20.855915,0.000000,-9.082908,3.124854,2.249090,0.089975,0.189421,4.560739,-10.377572,10.285685,-0.046818,0.119971,0.190905,3.550890,-3.319747,10.044363,-0.723432,-2.484162,1,0,,38.991459,-76.936536,-10.318000,,,
2026-09-11T17:40:18.075,18.310709,2.262363,31.874946,20.947809,0.000000,-7.941017,2.732001,2.259792,0.062886,0.132392,4.566114,-10.386222,10.210841,0.014738,-0.089773,0.133876,-2.316919,-5.411702,9.820281,-0.883052,-2.843644,1,1,18.310624,38.991465,-76.936559,-10.367000,11.624911,9.015314,2.785151
2026-09-11T17:40:18.109,18.344114,2.281700,31.951826,21.126854,0.000000,-7.471351,2.570419,2.279405,0.071665,0.150873,4.570845,-10.394870,10.135487,-0.017996,-0.131593,0.152356,-0.023634,-3.108708,15.671419,-0.888681,-3.053141,1,0,,38.991465,-76.936559,-10.367000,,,
2026-09-11T17:40:18.142,18.377537,2.272235,32.027373,21.039212,0.000000,-7.588081,2.610578,2.269877,0.080816,0.170140,4.576210,-10.402870,10.059841,-0.026572,-0.080234,0.171623,-2.020856,0.030106,9.864706,-1.020737,-3.060003,1,0,,38.991465,-76.936559,-10.367000,,,
2026-09-11T17:40:18.176,18.410960,2.253332,32.102521,20.864183,0.000000,-7.386207,2.541126,2.251116,0.056883,0.119753,4.581054,-10.410666,9.984657,-0.107490,-0.211197,0.121237,1.976825,4.398185,13.371858,-0.891087,-2.776518,1,0,,38.991465,-76.936559,-10.367000,,,
2026-09-11T17:40:18.209,18.444375,2.224447,32.177179,20.596728,0.000000,-6.841697,2.353795,2.222570,0.053409,0.112440,4.584933,-10.418484,9.910299,-0.054738,0.024323,0.113923,0.628410,6.157203,14.042927,-0.846343,-2.381181,1,0,,38.991465,-76.936559,-10.367000,,,
2026-09-11T17:40:18.242,18.477782,2.215021,32.249843,20.509451,0.000000,-6.826591,2.348598,2.213160,0.041360,0.087073,4.588266,-10.426209,9.836593,-0.162481,0.032468,0.088556,0.193583,-1.310659,9.744574,-0.823401,-2.469690,1,0,,38.991465,-76.936559,-10.367000,,,
2026-09-11T17:40:18.275,18.511231,2.186294,32.323191,20.243464,0.000000,-6.707802,2.307730,2.184521,0.043236,0.091023,4.591245,-10.433803,9.763424,-0.057005,-0.057908,0.092506,-0.442182,0.858670,6.517107,-0.834922,-2.417229,1,0,,38.991465,-76.936559,-10.367000,,,
2026-09-11T17:40:18.309,18.544637,2.147999,32.395742,19.888884,0.000000,-7.741203,2.663258,2.145679,0.042723,0.089943,4.594267,-10.441010,9.691442,-0.084804,-0.189407,0.091426,1.129922,0.854650,10.092416,-0.741449,-2.365297,1,0,,38.991465,-76.936559,-10.367000,,,
2026-09-11T17:40:18.343,18.578061,2.129110,32.466766,19.713982,0.000000,-9.788780,3.367700,2.125433,0.060808,0.128017,4.597910,-10.447575,9.620346,-0.233693,-0.098612,0.129500,0.093163,-5.413957,-2.754296,-0.714396,-2.724730,1,0,,38.991465,-76.936559,-10.367000,,,
2026-09-11T17:40:18.376,18.611476,2.100437,32.537106,19.448494,0.000000,-11.614570,3.995838,2.095331,0.080222,0.168889,4.602870,-10.453116,9.550007,0.036245,0.137471,0.170373,-1.663012,-0.527304,15.118618,-0.801696,-2.769205,1,0,,38.991465,-76.936559,-10.367000,,,
2026-09-11T17:40:18.410,18.644899,2.091108,32.607457,19.362112,0.000000,-14.988060,5.156443,2.082645,0.085883,0.180807,4.608714,-10.457785,9.480288,-0.031350,0.120640,0.182291,-0.333720,-1.380286,5.388950,-0.804214,-2.869873,1,0,,38.991465,-76.936559,-10.367000,,,
2026-09-11T17:40:18.444,18.678306,2.091140,32.677091,19.362404,0.000000,-16.637382,5.723870,2.080713,0.099098,0.208626,4.615219,-10.461683,9.410787,0.150063,0.164179,0.210110,0.344115,2.527762,10.341211,-0.764815,-2.720280,1,0,,38.991465,-76.936559,-10.367000,,,
2026-09-11T17:40:18.476,18.711712,2.062423,32.746543,19.096507,0.000000,-16.729393,5.755525,2.052026,0.102833,0.216490,4.622320,-10.464779,9.341746,-0.105165,-0.093277,0.217974,-1.598582,-0.262916,12.375993,-0.854632,-2.753534,1,0,,38.991465,-76.936559,-10.367000,,,
2026-09-11T17:40:18.510,18.745128,2.023946,32.813796,18.740242,0.000000,-16.878395,5.806787,2.013561,0.084354,0.177587,4.628904,-10.467553,9.273802,0.012400,-0.032805,0.179071,0.282726,2.821373,11.573907,-0.824187,-2.581249,1,0,,38.991465,-76.936559,-10.367000,,,
2026-09-11T17:40:18.547,18.778556,2.014471,32.882632,18.652510,0.000000,-16.535072,5.688672,2.004550,0.084548,0.177995,4.634847,-10.470141,9.206634,0.099124,0.036563,0.179478,-1.394015,-4.206366,10.970601,-0.905641,-2.865668,1,0,,38.991465,-76.936559,-10.367000,,,
2026-09-11T17:40:18.579,18.811961,2.014651,32.949361,18.654178,0.000000,-15.509910,5.335978,2.005921,0.059670,0.125621,4.639918,-10.472758,9.139657,-0.037343,0.035850,0.127105,2.208654,7.409905,8.091271,-0.756919,-2.388570,1,0,,38.991465,-76.936559,-10.367000,,,
2026-09-11T17:40:18.610,18.845367,2.015110,33.017525,18.658428,0.000000,-12.957649,4.457907,2.009014,0.060312,0.126973,4.644137,-10.475474,9.072621,0.096847,0.082033,0.128457,4.734553,3.083015,14.618381,-0.449153,-2.196842,1,0,,38.991465,-76.936559,-10.367000,,,
2026-09-11T17:40:18.643,18.878774,2.025468,33.084025,18.754335,0.000000,-9.217491,3.171155,2.022367,0.073559,0.154861,4.648845,-10.477676,9.005281,0.047068,-0.061311,0.156344,0.319206,0.136999,8.575621,-0.434540,-2.201545,1,0,,38.991465,-76.936559,-10.367000,,,
2026-09-11T17:40:18.677,18.912180,2.016516,33.151939,18.671441,0.000000,-6.813545,2.344109,2.014828,0.034178,0.071955,4.652634,-10.480035,8.937865,-0.157162,-0.127332,0.073438,-0.152591,11.558510,5.480545,-0.453543,-1.456619,1,0,,38.991465,-76.936559,-10.367000,,,
2026-09-11T17:40:18.710,18.945599,2.007163,33.218952,18.584843,0.000000,-6.628837,2.280563,2.005573,0.031643,0.066617,4.654949,-10.482871,8.870736,0.060633,-0.190017,0.068100,1.928870,-2.528351,-4.969520,-0.340979,-1.630357,1,0,,38.991465,-76.936559,-10.367000,,,
2026-09-11T17:40:18.744,18.979007,2.026893,33.287413,18.767529,0.000000,-7.171974,2.467422,2.025014,0.040364,0.084977,4.657481,-10.485450,8.803448,0.216085,-0.129551,0.086461,-8.406162,11.437888,-3.942862,-0.904002,-0.901258,1,0,,38.991465,-76.936559,-10.367000,,,
2026-09-11T17:40:18.776,19.012412,2.007198,33.353697,18.585171,0.000000,-7.469978,2.569947,2.005180,0.038458,0.080965,4.660253,-10.487737,8.736159,0.115936,0.058888,0.082448,2.143636,-3.970517,8.819807,-0.782013,-1.176213,1,0,,38.991465,-76.936559,-10.367000,,,
2026-09-11T17:40:18.810,19.045818,2.007303,33.421235,18.586143,0.000000,-8.618736,2.965161,2.004616,0.063962,0.134657,4.663855,-10.489398,8.669183,0.258713,0.165086,0.136141,-2.135986,1.572496,12.576931,-0.939966,-1.096575,1,0,,38.991465,-76.936559,-10.367000,,,
2026-09-11T17:40:18.844,19.079225,2.007436,33.488419,18.587375,0.000000,-7.553062,2.598531,2.005372,0.082301,0.173264,4.668998,-10.490035,8.602163,0.066329,0.227216,0.174748,2.020072,1.293889,10.862728,-0.825794,-1.040852,1,0,,38.991465,-76.936559,-10.367000,,,
2026-09-11T17:40:18.877,19.112633,1.997999,33.554772,18.499989,0.000000,-6.183204,2.127249,1.996622,0.026096,0.054939,4.672810,-10.490999,8.535295,0.146494,-0.127892,0.056423,0.830819,-4.472617,-3.151563,-0.787505,-1.343348,1,0,,38.991465,-76.936559,-10.367000,,,
2026-09-11T17:40:18.911,19.146058,2.027302,33.622811,18.771314,0.000000,-5.443687,1.872828,2.026219,0.016558,0.034859,4.674310,-10.492896,8.468086,-0.037769,-0.038638,0.036343,-4.235492,-3.483616,14.775680,-1.076551,-1.576112,1,0,,38.991465,-76.936559,-10.367000,,,
2026-09-11T17:40:18.945,19.179477,2.027882,33.691693,18.776682,0.000000,-3.716774,1.278707,2.027377,-0.003157,-0.006646,4.674782,-10.495235,8.400392,-0.026044,0.126301,-0.005162,2.353792,-0.425707,8.558460,-0.935202,-1.602965,1,0,,38.991465,-76.936559,-10.367000,,,
2026-09-11T17:40:18.977,19.212877,2.047749,33.758478,18.960636,0.000000,-2.373695,0.816638,2.047541,-0.007025,-0.014790,4.674424,-10.497976,8.332395,0.068663,0.053159,-0.013307,0.860632,5.364630,4.534203,-0.890832,-1.253987,1,0,,38.991465,-76.936559,-10.367000,,,
2026-09-11T17:40:19.011,19.246283,2.048329,33.826882,18.966005,0.000000,-3.159218,1.086887,2.047960,0.014277,0.030056,4.674679,-10.500442,8.264032,0.030067,0.052976,0.031540,1.346747,-3.687202,4.657767,-0.815577,-1.500192,1,0,,38.991465,-76.936559,-10.367000,,,
2026-09-11T17:40:19.047,19.279689,2.058465,33.895934,19.059862,0.000000,-4.266777,1.467928,2.057790,0.014705,0.030959,4.675698,-10.502509,8.195483,-0.001467,-0.034231,0.032442,-3.347696,7.773339,8.261907,-1.045560,-1.002578,1,0,,38.991465,-76.936559,-10.367000,,,
2026-09-11T17:40:19.079,19.313097,2.068481,33.965352,19.152598,0.000000,-4.821586,1.658803,2.067614,-0.012482,-0.026278,4.675776,-10.504997,8.126618,0.026252,-0.188214,-0.024794,-1.806679,7.049020,4.005722,-1.172103,-0.549628,1,0,,38.991465,-76.936559,-10.367000,,,
2026-09-11T17:40:19.111,19.346516,2.039251,34.032901,18.881955,0.000000,-4.614906,1.587697,2.038468,0.042422,0.089310,4.676829,-10.506973,8.058034,0.141220,0.007860,0.090794,0.658811,-8.419107,5.102694,-1.138932,-1.117738,1,1,19.322819,38.991469,-76.936583,-10.353000,9.590173,9.466024,2.785151
2026-09-11T17:40:19.145,19.379922,2.049057,34.102125,18.972748,0.000000,-4.461784,1.535017,2.048321,-0.009789,-0.020608,4.677977,-10.508816,7.989795,-0.073799,0.108492,-0.019125,1.710966,6.261448,13.922697,-1.039274,-0.715275,1,0,,38.991469,-76.936583,-10.353000,,,
2026-09-11T17:40:19.178,19.413328,2.029962,34.169081,18.795943,0.000000,-4.414406,1.518718,2.029249,-0.003682,-0.007751,4.677503,-10.511400,7.921737,0.084176,-0.057659,-0.006268,3.777718,3.745258,2.705066,-0.805059,-0.481710,1,0,,38.991469,-76.936583,-10.353000,,,
2026-09-11T17:40:19.211,19.446733,2.020536,34.236869,18.708664,0.000000,-4.163093,1.432257,2.019904,0.011410,0.024021,4.677775,-10.513620,7.854142,-0.038286,-0.137175,0.025505,-1.565534,10.356607,10.973740,-0.916439,0.172864,1,0,,38.991469,-76.936583,-10.353000,,,
2026-09-11T17:40:19.245,19.480150,2.020865,34.304749,18.711710,0.000000,-3.860283,1.328079,2.020322,0.003030,0.006379,4.678283,-10.515698,7.786667,0.104949,0.113994,0.007863,0.539856,-4.742986,6.514754,-0.889706,-0.154510,1,0,,38.991469,-76.936583,-10.353000,,,
2026-09-11T17:40:19.278,19.513561,2.021308,34.372366,18.715814,0.000000,-3.985939,1.371309,2.020729,0.006560,0.013810,4.678620,-10.517829,7.719193,0.074927,0.142968,0.015294,-1.280454,-0.212510,8.303879,-0.981612,-0.185995,1,0,,38.991469,-76.936583,-10.353000,,,
2026-09-11T17:40:19.311,19.546968,2.012042,34.439721,18.630023,0.000000,-4.042930,1.390916,2.011450,0.014691,0.030929,4.679368,-10.519723,7.651868,0.134070,-0.074152,0.032412,-3.000148,0.318814,9.174121,-1.183625,-0.184971,1,0,,38.991469,-76.936583,-10.353000,,,
2026-09-11T17:40:19.345,19.580375,2.002829,34.507065,18.544709,0.000000,-4.485130,1.543049,2.002102,0.034209,0.072019,4.681087,-10.521062,7.584836,0.037035,-0.054151,0.073503,5.361001,-2.840104,13.241527,-0.843794,-0.393628,1,0,,38.991469,-76.936583,-10.353000,,,
2026-09-11T17:40:19.378,19.613781,2.022619,34.574056,18.727951,0.000000,-4.930076,1.696127,2.021732,0.017449,0.036734,4.682904,-10.522242,7.517630,-0.000419,0.095518,0.038218,0.713140,-3.535297,11.085143,-0.809074,-0.640398,1,0,,38.991469,-76.936583,-10.353000,,,
2026-09-11T17:40:19.412,19.647189,2.042308,34.641958,18.910256,0.000000,-5.129204,1.764634,2.041339,0.015754,0.033166,4.684071,-10.523649,7.449773,-0.008522,-0.060697,0.034649,1.677428,-1.832471,7.538666,-0.713713,-0.773858,1,0,,38.991469,-76.936583,-10.353000,,,
2026-09-11T17:40:19.445,19.680608,2.022965,34.709336,18.731160,0.000000,-5.107917,1.757311,2.022014,0.002780,0.005852,4.684723,-10.525240,7.381894,-0.005602,-0.134747,0.007336,1.530916,-0.033048,4.189107,-0.630829,-0.785831,1,0,,38.991469,-76.936583,-10.353000,,,
2026-09-11T17:40:19.479,19.714017,2.022958,34.776839,18.731089,0.000000,-5.211601,1.792982,2.021967,0.037544,0.079040,4.686141,-10.526387,7.314347,0.110353,-0.173231,0.080523,3.022802,-1.284181,4.034750,-0.452392,-0.888173,1,0,,38.991469,-76.936583,-10.353000,,,
2026-09-11T17:40:19.512,19.747425,2.032997,34.844981,18.824049,0.000000,-5.224647,1.797470,2.031997,0.041055,0.086431,4.688905,-10.526758,7.246619,0.113025,0.265506,0.087915,1.824331,-5.995982,10.408386,-0.351560,-1.295163,1,0,,38.991469,-76.936583,-10.353000,,,
2026-09-11T17:40:19.545,19.780834,2.042997,34.913988,18.916640,0.000000,-7.135582,2.454902,2.041122,0.068344,0.143882,4.692753,-10.526397,7.178557,-0.038299,0.064290,0.145366,3.531669,-7.151303,8.925719,-0.139277,-1.780008,1,0,,38.991469,-76.936583,-10.353000,,,
2026-09-11T17:40:19.579,19.814235,2.053072,34.982881,19.009927,0.000000,-8.920173,3.068867,2.050128,0.063221,0.133097,4.697378,-10.525384,7.110202,0.167416,0.018063,0.134581,1.241424,-0.098557,12.696082,-0.078308,-1.801950,1,0,,38.991469,-76.936583,-10.353000,,,
2026-09-11T17:40:19.613,19.847655,2.043896,35.051775,18.924961,0.000000,-8.944893,3.077371,2.040948,0.067030,0.141115,4.701960,-10.524077,7.041820,0.122905,-0.017402,0.142599,-1.953191,-9.022314,5.520850,-0.224118,-2.402049,1,0,,38.991469,-76.936583,-10.353000,,,
2026-09-11T17:40:19.646,19.881072,2.044151,35.119813,18.927326,0.000000,-8.244514,2.836415,2.041647,0.050541,0.106402,4.706096,-10.522683,6.973591,-0.086353,-0.178115,0.107886,2.590819,5.748658,10.799475,-0.072502,-2.035193,1,0,,38.991469,-76.936583,-10.353000,,,
2026-09-11T17:40:19.679,19.914492,2.054529,35.188524,19.023416,0.000000,-6.894569,2.371985,2.052769,0.046638,0.098186,4.709515,-10.521373,6.905167,0.016740,0.048308,0.099669,3.425169,0.600461,8.917481,0.131019,-2.004477,1,0,,38.991469,-76.936583,-10.353000,,,
2026-09-11T17:40:19.712,19.947898,2.045529,35.256996,18.940079,0.000000,-6.773033,2.330172,2.043837,0.050018,0.105301,4.712914,-10.519839,6.836739,-0.118816,0.085284,0.106785,2.822354,5.905467,12.495732,0.290166,-1.631885,1,0,,38.991469,-76.936583,-10.353000,,,
2026-09-11T17:40:19.745,19.981304,2.045946,35.324693,18.943944,0.000000,-6.595192,2.268988,2.044342,0.069704,0.146746,4.717124,-10.517660,6.768461,-0.112487,-0.116058,0.148229,-1.837080,-0.069529,7.946034,0.142269,-1.655347,1,0,,38.991469,-76.936583,-10.353000,,,
2026-09-11T17:40:19.779,20.014704,2.017113,35.392037,18.676969,0.000000,-7.508430,2.583176,2.015063,0.068422,0.144047,4.721980,-10.514869,6.700687,-0.052952,-0.138713,0.145530,2.756944,-0.312440,4.894793,0.289552,-1.693624,1,0,,38.991469,-76.936583,-10.353000,,,
2026-09-11T17:40:19.813,20.048121,2.007036,35.459529,18.583664,0.000000,-10.179481,3.502115,2.003288,0.070962,0.149394,4.726883,-10.511732,6.633579,0.054466,-0.084015,0.150877,-3.078307,4.240592,3.690439,0.052420,-1.437509,1,0,,38.991469,-76.936583,-10.353000,,,
2026-09-11T17:40:19.846,20.081576,2.016855,35.527500,18.674587,0.000000,-15.470085,5.322277,2.008160,0.096064,0.202239,4.732765,-10.507768,6.566539,0.053631,-0.063337,0.203723,0.972231,-2.978182,-1.612900,0.075098,-1.658427,1,0,,38.991469,-76.936583,-10.353000,,,
2026-09-11T17:40:19.879,20.114979,2.017330,35.594638,18.678983,0.000000,-19.603691,6.744389,2.003370,0.121348,0.255470,4.740409,-10.502518,6.499650,0.231472,0.051007,0.256953,1.190233,1.820408,13.397944,0.107863,-1.573069,1,0,,38.991469,-76.936583,-10.353000,,,
2026-09-11T17:40:19.913,20.148387,2.037193,35.663110,18.862903,0.000000,-20.775108,7.147400,2.021363,0.158265,0.333190,4.750242,-10.495634,6.432614,-0.009396,0.069797,0.334673,-0.703725,-8.166488,5.106421,0.016485,-2.145067,1,0,,38.991469,-76.936583,-10.353000,,,
2026-09-11T17:40:19.946,20.181794,2.027955,35.731069,18.777365,0.000000,-21.712379,7.469855,2.010745,0.107906,0.227170,4.759602,-10.488329,6.365511,0.038021,0.168095,0.228653,-1.137473,1.368812,11.453775,-0.103776,-2.079957,1,0,,38.991469,-76.936583,-10.353000,,,
2026-09-11T17:40:19.979,20.215206,2.067159,35.800828,19.140358,0.000000,-21.962318,7.555843,2.049210,0.148871,0.313413,4.768633,-10.480536,6.298001,0.062541,0.061968,0.314896,2.036155,3.382118,14.223762,-0.018470,-1.897315,1,0,,38.991469,-76.936583,-10.353000,,,
2026-09-11T17:40:20.013,20.248612,2.096948,35.870690,19.416186,0.000000,-22.195091,7.635926,2.078353,0.156587,0.329656,4.779374,-10.471196,6.229506,0.067403,0.043368,0.331140,1.588677,-1.568868,9.797530,0.035094,-2.039721,1,0,,38.991469,-76.936583,-10.353000,,,
2026-09-11T17:40:20.046,20.282017,2.146013,35.942603,19.870490,0.000000,-22.435417,7.718607,2.126569,0.171353,0.360743,4.790906,-10.460623,6.159860,0.037157,-0.075729,0.362226,0.792868,4.791137,10.083296,0.033195,-1.774518,1,0,,38.991469,-76.936583,-10.353000,,,
2026-09-11T17:40:20.080,20.315427,2.195242,36.016053,20.326317,0.000000,-22.442970,7.721205,2.175339,0.129768,0.273196,4.801496,-10.449590,6.088667,-0.090700,0.112984,0.274680,3.832047,-3.804000,8.581113,0.229670,-2.057005,1,1,20.315522,38.991472,-76.936606,-10.425000,7.616798,9.722699,2.785151
2026-09-11T17:40:20.113,20.348845,2.224588,36.091349,20.598040,0.000000,-22.213630,7.642304,2.204829,0.129651,0.272949,4.810621,-10.438427,6.016207,-0.086136,0.087765,0.274433,-0.672344,-2.064104,8.998582,0.135011,-2.224347,1,0,,38.991472,-76.936606,-10.425000,,,
2026-09-11T17:40:20.147,20.382266,2.244014,36.167546,20.777908,0.000000,-21.958885,7.554662,2.224536,0.145776,0.306896,4.820311,-10.426232,5.943058,0.030058,-0.000130,0.308380,0.642336,-0.340683,10.253637,0.128730,-2.283569,1,0,,38.991472,-76.936606,-10.425000,,,
2026-09-11T17:40:20.180,20.415671,2.254018,36.241919,20.870534,0.000000,-21.404762,7.364024,2.235426,0.126394,0.266094,4.829881,-10.413336,5.869550,-0.080876,-0.046253,0.267577,0.848668,4.294724,7.213870,0.140777,-2.036624,1,0,,38.991472,-76.936606,-10.425000,,,
2026-09-11T17:40:20.214,20.449085,2.273960,36.318138,21.055182,0.000000,-21.402015,7.363079,2.255208,0.150190,0.316189,4.839609,-10.399592,5.795653,-0.111495,0.034297,0.317673,1.330370,0.427374,10.462225,0.190290,-2.050186,1,0,,38.991472,-76.936606,-10.425000,,,
2026-09-11T17:40:20.247,20.482507,2.264495,36.393776,20.967542,0.000000,-22.003517,7.570017,2.244759,0.177056,0.372750,4.851122,-10.384202,5.721845,0.017938,0.106649,0.374233,-0.209176,-3.201969,9.649155,0.146905,-2.306465,1,0,,38.991472,-76.936606,-10.425000,,,
2026-09-11T17:40:20.280,20.515916,2.274684,36.469471,21.061889,0.000000,-22.107887,7.605924,2.254671,0.152707,0.321488,4.862719,-10.367925,5.648261,0.139820,-0.060432,0.322972,0.351863,-2.913948,6.651164,0.148409,-2.533944,1,0,,38.991472,-76.936606,-10.425000,,,
2026-09-11T17:40:20.314,20.549324,2.275056,36.545724,21.065334,0.000000,-21.581230,7.424735,2.255981,0.143992,0.303142,4.873153,-10.351356,5.574594,0.037951,-0.109892,0.304625,-1.441480,-4.744359,10.833701,0.043209,-2.874673,1,0,,38.991472,-76.936606,-10.425000,,,
2026-09-11T17:40:20.347,20.582734,2.236757,36.619493,20.710709,0.000000,-18.893013,6.499890,2.222379,0.108537,0.228498,4.882034,-10.334895,5.501493,0.089313,-0.052583,0.229982,-0.666264,-1.597798,4.334343,-0.003760,-2.996705,1,0,,38.991472,-76.936606,-10.425000,,,
2026-09-11T17:40:20.381,20.616152,2.227743,36.694562,20.627248,0.000000,-17.315101,5.957030,2.215713,0.073109,0.153914,4.888423,-10.319151,5.428962,0.038521,-0.036213,0.155398,-1.206316,0.908782,5.900269,-0.083877,-2.944402,1,0,,38.991472,-76.936606,-10.425000,,,
2026-09-11T17:40:20.414,20.649578,2.208875,36.768411,20.452547,0.000000,-13.886680,4.777528,2.201201,0.079951,0.168317,4.893809,-10.303511,5.356774,0.122483,-0.073336,0.169800,-1.096285,0.913980,7.817862,-0.156528,-2.894240,1,0,,38.991472,-76.936606,-10.425000,,,
2026-09-11T17:40:20.447,20.682986,2.150535,36.839594,19.912364,0.000000,-9.451637,3.251710,2.147073,0.075138,0.158186,4.899263,-10.287667,5.285840,-0.040168,0.047583,0.159670,-2.107743,-5.655299,4.026120,-0.296882,-3.267712,1,0,,38.991472,-76.936606,-10.425000,,,
2026-09-11T17:40:20.480,20.716386,2.131126,36.910903,19.732647,0.000000,-5.874214,2.020945,2.129800,0.025883,0.054490,4.902815,-10.272616,5.215999,-0.226183,0.048858,0.055974,-3.820867,-5.974996,2.567479,-0.550291,-3.643235,1,0,,38.991472,-76.936606,-10.425000,,,
2026-09-11T17:40:20.514,20.749791,2.102585,36.981369,19.468380,0.000000,-5.756798,1.980550,2.101329,0.040977,0.086268,4.905166,-10.258062,5.146834,-0.019718,-0.078508,0.087752,5.764153,-4.984426,12.600271,-0.182066,-3.954849,1,0,,38.991472,-76.936606,-10.425000,,,
2026-09-11T17:40:20.548,20.783199,2.083429,37.050330,19.291006,0.000000,-6.125526,2.107406,2.082020,0.017021,0.035833,4.907205,-10.243655,5.078451,-0.074728,0.058978,0.037316,-3.505485,-0.194270,17.893410,-0.419782,-3.946078,1,0,,38.991472,-76.936606,-10.425000,,,
2026-09-11T17:40:20.581,20.816609,2.054720,37.118870,19.025183,0.000000,-6.523781,2.244420,2.053144,0.049447,0.104098,4.909543,-10.229114,5.010913,0.095748,0.125016,0.105582,-2.147068,1.583676,10.392499,-0.574035,-3.831315,1,0,,38.991472,-76.936606,-10.425000,,,
2026-09-11T17:40:20.614,20.850025,2.055173,37.187171,19.029380,0.000000,-6.904869,2.375528,2.053407,0.056739,0.119450,4.913278,-10.213810,4.944005,0.042700,0.087138,0.120934,3.826163,-9.175886,8.727526,-0.349663,-4.416607,1,0,,38.991472,-76.936606,-10.425000,,,
2026-09-11T17:40:20.648,20.883430,2.084856,37.256497,19.304221,0.000000,-8.482094,2.918151,2.082152,0.084993,0.178933,4.918261,-10.197539,4.876834,0.229055,0.046073,0.180417,-3.926387,6.653910,10.916469,-0.636122,-3.978655,1,0,,38.991472,-76.936606,-10.425000,,,
2026-09-11T17:40:20.681,20.916839,2.095154,37.326564,19.399576,0.000000,-8.764305,3.015242,2.092254,0.052191,0.109876,4.923086,-10.180877,4.809084,0.128988,-0.188574,0.111359,-1.710280,2.810880,20.495114,-0.785310,-3.785142,1,0,,38.991472,-76.936606,-10.425000,,,
2026-09-11T17:40:20.715,20.950244,2.163796,37.399046,20.035151,0.000000,-8.628349,2.968469,2.160893,0.027072,0.056993,4.925873,-10.164627,4.739915,-0.110294,-0.255191,0.058477,2.807938,4.573527,12.503577,-0.652005,-3.472844,1,0,,38.991472,-76.936606,-10.425000,,,
2026-09-11T17:40:20.748,20.983665,2.164108,37.470583,20.038034,0.000000,-8.602943,2.959728,2.161221,0.105406,0.221907,4.930534,-10.146999,4.669844,-0.134652,-0.236945,0.223391,9.966989,-3.702305,9.698385,-0.067772,-3.722755,1,0,,38.991472,-76.936606,-10.425000,,,
2026-09-11T17:40:20.781,21.017074,2.183363,37.543213,20.216325,0.000000,-9.690590,3.333918,2.179668,0.063452,0.133584,4.936472,-10.128342,4.599713,0.204023,0.049863,0.135068,-0.005198,-0.844647,6.213690,-0.143631,-3.772670,1,0,,38.991472,-76.936606,-10.425000,,,
2026-09-11T17:40:20.815,21.050480,2.212721,37.617290,20.488159,0.000000,-13.658714,4.699099,2.205283,0.029123,0.061313,4.939727,-10.110443,4.528675,0.225265,0.165163,0.062796,0.522989,-0.665675,3.849895,-0.190205,-3.800351,1,0,,38.991472,-76.936606,-10.425000,,,
2026-09-11T17:40:20.848,21.083886,2.271169,37.693509,21.029340,0.000000,-18.706932,6.435871,2.256856,0.149797,0.315362,4.946019,-10.090506,4.456804,0.194861,0.129967,0.316845,-0.762075,-7.248782,0.157985,-0.323369,-4.291213,1,0,,38.991472,-76.936606,-10.425000,,,
2026-09-11T17:40:20.881,21.117288,2.329847,37.771130,21.572661,0.000000,-19.491081,6.705647,2.313909,0.140372,0.295520,4.956221,-10.067742,4.383781,0.220086,-0.116701,0.297004,-0.356178,9.005349,12.285477,-0.423505,-3.722706,1,0,,38.991472,-76.936606,-10.425000,,,
2026-09-11T17:40:20.915,21.150711,2.359316,37.850413,21.845520,0.000000,-21.366996,7.351031,2.339925,0.140084,0.294913,4.966088,-10.044049,4.309556,0.132911,0.151429,0.296397,2.741743,7.932403,13.898573,-0.315644,-3.230189,1,0,,38.991472,-76.936606,-10.425000,,,
2026-09-11T17:40:20.949,21.184134,2.408441,37.931144,22.300375,0.000000,-21.285286,7.322919,2.388796,0.201196,0.423571,4.978095,-10.018241,4.234656,0.064838,-0.118085,0.425055,2.419301,-5.420920,2.422046,-0.219500,-3.628502,1,0,,38.991472,-76.936606,-10.425000,,,
2026-09-11T17:40:20.982,21.217543,2.467295,38.013561,22.845326,0.000000,-21.866874,7.523007,2.446058,0.175675,0.369841,4.991349,-9.990448,4.158562,-0.044795,-0.152216,0.371325,-2.607981,-15.143821,2.572284,-0.438034,-4.645014,1,0,,38.991472,-76.936606,-10.425000,,,
2026-09-11T17:40:21.016,21.250959,2.535784,38.099703,23.479481,0.000000,-21.652641,7.449303,2.514382,0.175560,0.369599,5.003703,-9.961498,4.080685,0.147834,0.045140,0.371083,2.336532,4.434959,10.527635,-0.325270,-4.384086,1,0,,38.991472,-76.936606,-10.425000,,,
2026-09-11T17:40:21.048,21.284366,2.545701,38.183396,23.571303,0.000000,-21.519432,7.403474,2.524478,0.155735,0.327863,5.015353,-9.931562,4.001825,-0.104999,-0.023517,0.329346,2.109312,7.089325,17.713066,-0.218002,-3.947744,1,0,,38.991472,-76.936606,-10.425000,,,
2026-09-11T17:40:21.082,21.317766,2.574711,38.269390,23.839914,0.000000,-20.580101,7.080310,2.555077,0.165784,0.349020,5.026657,-9.900679,3.922639,-0.014245,0.041452,0.350503,1.287907,3.042905,0.544171,-0.154710,-3.782445,1,1,21.314694,38.991470,-76.936630,-10.470000,5.470572,9.537374,3.012010
2026-09-11T17:40:21.116,21.351228,2.575011,38.356011,23.842696,0.000000,-19.620857,6.750295,2.557161,0.143534,0.302177,5.037552,-9.868883,3.843067,-0.125110,0.150934,0.303660,0.903389,-0.043443,6.876815,-0.103640,-3.811054,1,0,,38.991470,-76.936630,-10.470000,,,
2026-09-11T17:40:21.149,21.384649,2.516937,38.440034,23.304968,0.000000,-17.774467,6.115069,2.502615,0.122390,0.257664,5.046907,-9.837297,3.764511,-0.081069,-0.121559,0.259147,-1.718714,2.564047,0.348332,-0.210714,-3.662195,1,0,,38.991470,-76.936630,-10.470000,,,
2026-09-11T17:40:21.183,21.418064,2.507366,38.523544,23.216356,0.000000,-15.159721,5.215500,2.496986,0.110424,0.232471,5.055097,-9.805881,3.687014,-0.127384,-0.193319,0.233955,-4.543127,-3.313667,12.273807,-0.487180,-3.891371,1,0,,38.991470,-76.936630,-10.470000,,,
2026-09-11T17:40:21.216,21.451609,2.430226,38.605095,22.502095,0.000000,-14.548607,5.005255,2.420959,0.084723,0.178364,5.061987,-9.774819,3.610528,-0.014311,0.131037,0.179847,-2.334473,-0.933789,8.866585,-0.604331,-3.954554,1,0,,38.991470,-76.936630,-10.470000,,,
2026-09-11T17:40:21.249,21.485014,2.392178,38.684527,22.149799,0.000000,-13.605156,4.680673,2.384200,0.072121,0.151833,5.067502,-9.744665,3.536106,-0.084854,-0.077859,0.153317,0.516418,8.524136,2.706734,-0.522118,-3.400176,1,0,,38.991470,-76.936630,-10.470000,,,
2026-09-11T17:40:21.283,21.518423,2.305248,38.761988,21.344887,0.000000,-9.426231,3.242969,2.301556,0.053764,0.113188,5.071929,-9.715320,3.463511,0.072128,0.079137,0.114671,-4.695816,0.079630,15.250126,-0.769883,-3.391854,1,0,,38.991470,-76.936630,-10.470000,,,
2026-09-11T17:40:21.316,21.551841,2.266801,38.837831,20.988896,0.000000,-4.521522,1.555570,2.265965,0.024646,0.051886,5.074688,-9.687144,3.392570,-0.080281,-0.023864,0.053369,-1.127176,0.463953,11.051702,-0.780196,-3.349494,1,0,,38.991470,-76.936630,-10.470000,,,
2026-09-11T17:40:21.350,21.585262,2.218490,38.911623,20.541573,0.000000,-3.810157,1.310834,2.217909,0.011481,0.024170,5.075959,-9.659979,3.322736,-0.153395,-0.002606,0.025653,-1.550922,-9.281602,0.355981,-0.813247,-3.934449,1,0,,38.991470,-76.936630,-10.470000,,,
2026-09-11T17:40:21.383,21.618662,2.169586,38.984151,20.088759,0.000000,-2.784996,0.958141,2.169283,0.008163,0.017185,5.076649,-9.633595,3.254385,-0.311065,0.023902,0.018669,3.059185,-2.467942,-7.043921,-0.547997,-4.070644,1,0,,38.991470,-76.936630,-10.470000,,,
2026-09-11T17:40:21.416,21.652071,2.111835,39.054730,19.554030,0.000000,-2.015953,0.693562,2.111681,0.000861,0.001813,5.076967,-9.607967,3.187625,-0.160557,-0.095037,0.003297,-0.952422,-11.187034,-3.463022,-0.548872,-4.767891,1,0,,38.991470,-76.936630,-10.470000,,,
2026-09-11T17:40:21.450,21.685477,2.054126,39.123077,19.019690,0.000000,-2.446480,0.841679,2.053905,-0.009458,-0.019911,5.076664,-9.583302,3.122564,-0.113439,0.213483,-0.018427,4.214702,-3.655331,2.315644,-0.223696,-4.966840,1,0,,38.991470,-76.936630,-10.470000,,,
2026-09-11T17:40:21.484,21.718885,2.005731,39.190033,18.571579,0.000000,-2.912712,1.002080,2.005424,-0.004583,-0.009648,5.076171,-9.559379,3.059117,0.156496,0.164165,-0.008165,-0.783649,7.169250,-2.132750,-0.238369,-4.463786,1,0,,38.991470,-76.936630,-10.470000,,,
2026-09-11T17:40:21.517,21.752303,1.977124,39.256352,18.306707,0.000000,-2.991676,1.029246,1.976805,-0.003133,-0.006596,5.075899,-9.535833,2.996883,0.056329,-0.032531,-0.005112,-3.855681,3.611201,6.651949,-0.464421,-4.197204,1,0,,38.991470,-76.936630,-10.470000,,,
2026-09-11T17:40:21.550,21.785711,1.958022,39.322078,18.129829,0.000000,-3.806724,1.309653,1.957510,0.009640,0.020295,5.076128,-9.512357,2.935500,0.091784,-0.159023,0.021779,-4.370726,4.645999,2.484809,-0.734325,-3.870138,1,0,,38.991470,-76.936630,-10.470000,,,
2026-09-11T17:40:21.584,21.819111,1.958639,39.386699,18.135549,0.000000,-4.338188,1.492496,1.957975,0.007646,0.016096,5.076736,-9.488806,2.874501,0.060177,0.041973,0.017580,-3.580604,-1.336843,13.702832,-0.960409,-3.933461,1,0,,38.991470,-76.936630,-10.470000,,,
2026-09-11T17:40:21.617,21.852517,1.920536,39.450272,17.782744,0.000000,-4.820213,1.658330,1.919732,0.016480,0.034694,5.077584,-9.465324,2.814135,0.097361,-0.082801,0.036178,-3.047220,12.382073,11.531444,-1.160062,-3.110546,1,0,,38.991470,-76.936630,-10.470000,,,
2026-09-11T17:40:21.650,21.885937,1.911081,39.514756,17.695195,0.000000,-6.218223,2.139297,1.909749,0.078387,0.165026,5.080921,-9.440892,2.754973,-0.170159,-0.072124,0.166509,4.090648,1.299970,13.876116,-0.908850,-3.029983,1,0,,38.991470,-76.936630,-10.470000,,,
2026-09-11T17:40:21.684,21.919347,1.921174,39.579685,17.788648,0.000000,-10.824241,3.723936,1.917118,0.080303,0.169060,5.086502,-9.415226,2.696365,-0.137319,-0.063899,0.170543,0.333622,4.121637,9.252967,-0.916179,-2.768363,1,0,,38.991470,-76.936630,-10.470000,,,
2026-09-11T17:40:21.717,21.952753,1.969413,39.645331,18.235310,0.000000,-19.307060,6.642337,1.956194,0.110399,0.232418,5.093208,-9.388419,2.637400,0.051090,-0.153212,0.233902,0.926827,-2.456566,4.239905,-0.895024,-2.943673,1,0,,38.991470,-76.936630,-10.470000,,,
2026-09-11T17:40:21.750,21.986157,2.028141,39.712891,18.779086,0.000000,-26.065712,8.967561,2.003351,0.166438,0.350395,5.102942,-9.359255,2.577871,0.127277,-0.009374,0.351878,-0.886619,2.217970,10.151648,-0.998882,-2.830641,1,0,,38.991470,-76.936630,-10.470000,,,
2026-09-11T17:40:21.784,22.019566,2.076807,39.782354,19.229690,0.000000,-34.041786,11.711624,2.033571,0.219411,0.461917,5.116511,-9.327217,2.518193,0.082969,0.030318,0.463401,4.014450,-6.789634,8.337124,-0.789575,-3.317010,1,0,,38.991470,-76.936630,-10.470000,,,
2026-09-11T17:40:21.818,22.052984,2.145063,39.854472,19.861697,0.000000,-38.301735,13.177202,2.088583,0.234351,0.493370,5.132473,-9.292677,2.458126,-0.039799,0.108230,0.494853,0.979782,3.279834,14.710368,-0.778936,-3.152309,1,0,,38.991470,-76.936630,-10.470000,,,
2026-09-11T17:40:21.851,22.086388,2.184134,39.927182,20.223463,0.000000,-43.359565,14.917282,2.110525,0.273240,0.575243,5.150321,-9.255795,2.397884,-0.106754,0.139764,0.576727,0.693428,2.038901,10.961481,-0.786886,-3.081670,1,0,,38.991470,-76.936630,-10.470000,,,
2026-09-11T17:40:21.884,22.119786,2.233013,40.002045,20.676046,0.000000,-44.103203,15.173120,2.155169,0.310508,0.653701,5.170843,-9.216140,2.337923,-0.015185,0.014162,0.655185,1.934558,0.459638,7.782263,-0.713397,-3.126575,1,0,,38.991470,-76.936630,-10.470000,,,
2026-09-11T17:40:21.917,22.153184,2.291785,40.079096,21.220230,0.000000,-45.159950,15.536680,2.208041,0.318553,0.670637,5.192959,-9.173799,2.277707,-0.116736,-0.177386,0.672121,2.631811,3.717603,8.430973,-0.593507,-2.964906,1,0,,38.991470,-76.936630,-10.470000,,,
2026-09-11T17:40:21.951,22.186606,2.321274,40.156841,21.493276,0.000000,-45.385856,15.614400,2.235607,0.314444,0.661986,5.215228,-9.129414,2.217247,-0.122316,-0.143669,0.663470,2.589152,2.321822,9.910110,-0.472964,-2.895208,1,0,,38.991470,-76.936630,-10.470000,,,
2026-09-11T17:40:21.985,22.220028,2.341125,40.234895,21.677080,0.000000,-44.985542,15.476677,2.256233,0.316422,0.666151,5.237423,-9.083331,2.157070,-0.120628,0.004634,0.667635,1.522090,-2.085482,6.333331,-0.411807,-3.113040,1,0,,38.991470,-76.936630,-10.470000,,,
2026-09-11T17:40:22.018,22.253449,2.360752,40.314133,21.858815,0.000000,-45.161323,15.537152,2.274483,0.330942,0.696720,5.260197,-9.035341,2.097529,-0.011812,0.041368,0.698203,0.103950,5.080924,10.862042,-0.432838,-2.869898,1,0,,38.991470,-76.936630,-10.470000,,,
2026-09-11T17:40:22.051,22.286850,2.380140,40.393394,22.038332,0.000000,-46.936989,16.148047,2.286234,0.338096,0.711781,5.283720,-8.985444,2.038917,0.007956,-0.036121,0.713265,0.842489,5.496137,7.978789,-0.395067,-2.605521,1,0,,38.991470,-76.936630,-10.470000,,,
2026-09-11T17:40:22.085,22.320258,2.380492,40.473008,22.041594,0.000000,-54.048576,18.594694,2.256226,0.370626,0.780265,5.308643,-8.933756,1.982138,0.149305,0.007231,0.781749,-0.636942,4.679341,10.134683,-0.445011,-2.405483,1,1,22.312993,38.991464,-76.936654,-10.403000,3.427768,8.851116,2.785151
2026-09-11T17:40:22.118,22.353666,2.380876,40.552736,22.045148,0.000000,-56.031608,19.276929,2.247390,0.385543,0.811669,5.335234,-8.880341,1.927697,0.090382,-0.085092,0.813152,2.037332,2.783912,7.601625,-0.314875,-2.334397,1,0,,38.991464,-76.936654,-10.403000,,,
2026-09-11T17:40:22.152,22.387078,2.322912,40.629923,21.508442,0.000000,-56.354332,19.387958,2.191185,0.420361,0.884971,5.363578,-8.825433,1.876101,0.201999,-0.439099,0.886454,5.120346,0.072177,-7.024994,0.020832,-2.446960,1,0,,38.991464,-76.936654,-10.403000,,,
2026-09-11T17:40:22.185,22.420485,2.342850,40.707965,21.693052,0.000000,-55.872993,19.222360,2.212231,0.364841,0.768086,5.391190,-8.769720,1.826311,0.301151,-0.238944,0.769569,0.262818,-0.229672,8.593960,0.044774,-2.562266,1,0,,38.991464,-76.936654,-10.403000,,,
2026-09-11T17:40:22.218,22.453891,2.285414,40.784207,21.161241,0.000000,-54.136467,18.624931,2.165726,0.349555,0.735906,5.416311,-8.713914,1.777581,0.137777,-0.178848,0.737389,4.115655,4.465948,8.662606,0.323259,-2.365746,1,0,,38.991464,-76.936654,-10.403000,,,
2026-09-11T17:40:22.252,22.487295,2.227948,40.858352,20.629150,0.000000,-50.102424,17.237073,2.127884,0.305638,0.643447,5.439349,-8.658619,1.730623,-0.116886,-0.026327,0.644931,-3.513134,-3.720153,6.119448,0.108063,-2.686364,1,0,,38.991464,-76.936654,-10.403000,,,
2026-09-11T17:40:22.285,22.520706,2.160492,40.929786,20.004552,0.000000,-44.501457,15.310134,2.083817,0.250306,0.526959,5.458902,-8.604469,1.684740,-0.186806,-0.046806,0.528443,-0.001569,0.820522,11.484176,0.123732,-2.692205,1,0,,38.991464,-76.936654,-10.403000,,,
2026-09-11T17:40:22.319,22.554125,2.112035,41.000332,19.555878,0.000000,-41.761055,14.367335,2.045980,0.250901,0.528213,5.476533,-8.551072,1.640240,-0.146252,0.093558,0.529696,0.816306,8.046455,15.736437,0.190675,-2.229284,1,0,,38.991464,-76.936654,-10.403000,,,
2026-09-11T17:40:22.352,22.587538,2.092863,41.070296,19.378359,0.000000,-40.781212,14.030233,2.030428,0.225513,0.474765,5.493289,-8.497842,1.597021,-0.024470,-0.238627,0.476248,0.090417,3.555107,3.036923,0.205231,-2.054607,1,0,,38.991464,-76.936654,-10.403000,,,
2026-09-11T17:40:22.385,22.620942,2.073971,41.139223,19.203438,0.000000,-40.853309,14.055038,2.011883,0.227228,0.478375,5.509209,-8.444611,1.554811,0.125878,-0.013990,0.479858,-1.199942,4.101239,10.610011,0.126924,-1.846488,1,0,,38.991464,-76.936654,-10.403000,,,
2026-09-11T17:40:22.418,22.654347,2.074246,41.208675,19.205986,0.000000,-40.715294,14.007555,2.012566,0.211873,0.446049,5.524649,-8.391094,1.513483,0.121089,-0.023720,0.447533,0.939085,5.968916,4.721118,0.179585,-1.515702,1,0,,38.991464,-76.936654,-10.403000,,,
2026-09-11T17:40:22.452,22.687750,2.055145,41.277215,19.029124,0.000000,-40.588951,13.964089,1.994410,0.238594,0.502304,5.540488,-8.337030,1.473339,0.170876,0.104032,0.503788,5.844273,-0.196231,8.707325,0.539129,-1.594028,1,0,,38.991464,-76.936654,-10.403000,,,
2026-09-11T17:40:22.486,22.721167,2.036092,41.345561,18.852702,0.000000,-40.485954,13.928654,1.976223,0.217036,0.456917,5.556515,-8.282698,1.434512,0.371601,0.025705,0.458401,-5.095830,8.201498,5.609306,0.170503,-1.121812,1,0,,38.991464,-76.936654,-10.403000,,,
2026-09-11T17:40:22.519,22.754585,2.046230,41.413464,18.946577,0.000000,-40.847816,14.053148,1.984988,0.248339,0.522820,5.572885,-8.227757,1.396803,0.092936,0.049800,0.524303,0.603207,-5.104067,16.925101,0.162057,-1.524402,1,0,,38.991464,-76.936654,-10.403000,,,
2026-09-11T17:40:22.552,22.787990,2.046992,41.481377,18.953630,0.000000,-40.374031,13.890148,1.987133,0.209215,0.440452,5.588974,-8.172172,1.359781,-0.018887,0.120561,0.441935,2.199141,2.123336,13.110511,0.250462,-1.444437,1,0,,38.991464,-76.936654,-10.403000,,,
2026-09-11T17:40:22.586,22.821397,2.047768,41.549541,18.960816,0.000000,-39.638633,13.637145,1.990038,0.241801,0.509054,5.604834,-8.116010,1.323517,0.027071,-0.116049,0.510538,1.434419,0.080120,8.019584,0.285470,-1.506415,1,0,,38.991464,-76.936654,-10.403000,,,
2026-09-11T17:40:22.619,22.854803,2.077219,41.618446,19.233512,0.000000,-39.050865,13.434931,2.020375,0.234810,0.494336,5.621594,-8.058559,1.288165,0.057472,0.044091,0.495820,1.526797,-6.273608,3.222367,0.323014,-1.977718,1,0,,38.991464,-76.936654,-10.403000,,,
2026-09-11T17:40:22.653,22.888214,2.125837,41.689493,19.683673,0.000000,-39.140815,13.465877,2.067395,0.255296,0.537466,5.638831,-7.999346,1.253189,0.041552,-0.062726,0.538949,3.197556,2.986321,10.126151,0.468281,-1.852155,1,0,,38.991464,-76.936654,-10.403000,,,
2026-09-11T17:40:22.686,22.921629,2.174268,41.762658,20.132113,0.000000,-39.249992,13.503438,2.114163,0.246996,0.519992,5.656498,-7.938139,1.218478,0.102280,0.076899,0.521476,2.314075,1.634965,13.985460,0.552723,-1.814627,1,0,,38.991464,-76.936654,-10.403000,,,
2026-09-11T17:40:22.719,22.955044,2.261949,41.838410,20.943968,0.000000,-40.043754,13.776521,2.196877,0.251749,0.529999,5.674041,-7.874598,1.183553,0.071626,0.015683,0.531482,3.781346,6.220652,11.663147,0.732395,-1.485052,1,0,,38.991464,-76.936654,-10.403000,,,
2026-09-11T17:40:22.753,22.988446,2.349488,41.917352,21.754521,0.000000,-41.355934,14.227959,2.277419,0.268759,0.565808,5.692342,-7.808014,1.148548,0.064161,-0.082633,0.567292,3.919326,11.264801,8.615142,0.925843,-0.841079,1,0,,38.991464,-76.936654,-10.403000,,,
2026-09-11T17:40:22.786,23.021851,2.388638,41.997445,22.117023,0.000000,-41.570167,14.301663,2.314611,0.308506,0.649487,5.712641,-7.738604,1.114543,-0.056561,-0.041196,0.650970,-0.204567,-1.064022,7.140124,0.853081,-1.015449,1,0,,38.991464,-76.936654,-10.403000,,,
2026-09-11T17:40:22.820,23.055258,2.369547,42.076466,21.940254,0.000000,-41.430092,14.253472,2.296603,0.278483,0.586279,5.733282,-7.668145,1.081917,-0.110846,0.053921,0.587763,1.042153,9.902559,4.823597,0.864879,-0.468387,1,0,,38.991464,-76.936654,-10.403000,,,
2026-09-11T17:40:22.853,23.088669,2.379783,42.156103,22.035027,0.000000,-41.399879,14.243078,2.306630,0.264010,0.555811,5.752361,-7.597542,1.050130,-0.022929,0.030359,0.557295,-0.518772,2.765966,-1.579851,0.781993,-0.384832,1,0,,38.991464,-76.936654,-10.403000,,,
2026-09-11T17:40:22.887,23.122084,2.380341,42.235649,22.040194,0.000000,-40.631523,13.978735,2.309848,0.262749,0.553155,5.770889,-7.526284,1.019333,-0.083713,-0.003320,0.554639,0.433160,3.536768,5.274703,0.770466,-0.252026,1,0,,38.991464,-76.936654,-10.403000,,,
2026-09-11T17:40:22.920,23.155491,2.361337,42.314625,21.864233,0.000000,-41.254310,14.192997,2.289258,0.264259,0.556336,5.789422,-7.454740,0.990010,0.047407,-0.043918,0.557819,-2.054395,-0.402857,10.281488,0.605775,-0.375328,1,0,,38.991464,-76.936654,-10.403000,,,
2026-09-11T17:40:22.953,23.188892,2.400400,42.394000,22.225929,0.000000,-42.124290,14.492302,2.324023,0.289333,0.609123,5.808885,-7.382250,0.962350,0.119198,-0.575665,0.610606,-1.322819,6.928202,5.067096,0.498688,-0.032230,1,0,,38.991464,-76.936654,-10.403000,,,
2026-09-11T17:40:22.987,23.222298,2.332342,42.472555,21.595756,0.000000,-48.234749,16.594524,2.235199,0.259709,0.546756,5.828192,-7.310067,0.936410,0.068635,0.065283,0.548240,1.755096,-6.274393,4.382690,0.603002,-0.534479,1,0,,38.991464,-76.936654,-10.403000,,,
2026-09-11T17:40:23.020,23.255719,2.332849,42.550904,21.600451,0.000000,-54.727668,18.828326,2.208018,0.340218,0.716248,5.849297,-7.238740,0.913540,0.276404,-0.134691,0.717731,-4.221567,7.107174,-6.460719,0.327803,-0.188578,1,0,,38.991464,-76.936654,-10.403000,,,
2026-09-11T17:40:23.054,23.289134,2.323449,42.628388,21.513416,0.000000,-54.348640,18.697927,2.200822,0.344237,0.724709,5.873372,-7.166861,0.893814,0.136899,-0.232106,0.726192,-2.155404,-0.915255,0.282628,0.189638,-0.366566,1,0,,38.991464,-76.936654,-10.403000,,,
2026-09-11T17:40:23.087,23.322541,2.275261,42.704253,21.067234,0.000000,-51.766853,17.809697,2.166225,0.315132,0.663436,5.896559,-7.095356,0.875672,0.244997,-0.037155,0.664919,-0.153768,5.290099,12.283810,0.185618,-0.130879,1,1,23.314598,38.991450,-76.936670,-10.360000,2.028544,7.259731,2.785151
2026-09-11T17:40:23.120,23.355945,2.217552,42.778148,20.532893,0.000000,-46.115074,15.865278,2.133080,0.286990,0.604189,5.917731,-7.024874,0.858649,-0.125653,-0.204309,0.605673,-1.048331,-2.753511,1.327526,0.133099,-0.408561,1,0,,38.991450,-76.936670,-10.360000,,,
2026-09-11T17:40:23.154,23.389345,2.169456,42.850380,20.087554,0.000000,-39.928398,13.736834,2.107402,0.238474,0.502051,5.936205,-6.955440,0.842172,0.092865,0.039760,0.503535,-0.051975,-1.976923,11.653733,0.145804,-0.617957,1,0,,38.991450,-76.936670,-10.360000,,,
2026-09-11T17:40:23.190,23.422788,2.150859,42.922862,19.915363,0.000000,-33.782234,11.622328,2.106760,0.190331,0.400697,5.951301,-6.886602,0.825469,-0.053010,-0.207489,0.402180,3.195203,4.029062,6.002454,0.362727,-0.422513,1,0,,38.991450,-76.936670,-10.360000,,,
2026-09-11T17:40:23.221,23.456204,2.141698,42.993874,19.830541,0.000000,-29.972725,10.311717,2.107107,0.173090,0.364400,5.964084,-6.817952,0.808708,0.079124,-0.093448,0.365884,-0.275959,-2.239054,1.709201,0.341461,-0.630037,1,0,,38.991450,-76.936670,-10.360000,,,
2026-09-11T17:40:23.254,23.489604,2.132443,43.064796,19.744840,0.000000,-29.148750,10.028240,2.099863,0.143439,0.301977,5.975212,-6.749489,0.792067,-0.016402,-0.235370,0.303460,1.431281,5.540757,-0.305281,0.418747,-0.323349,1,0,,38.991450,-76.936670,-10.360000,,,
2026-09-11T17:40:23.287,23.523012,2.122706,43.135888,19.654688,0.000000,-28.868599,9.931857,2.090895,0.121035,0.254811,5.984513,-6.681362,0.775373,0.260166,0.017747,0.256295,-0.534953,1.561807,10.210586,0.361188,-0.270832,1,0,,38.991450,-76.936670,-10.360000,,,
2026-09-11T17:40:23.321,23.556417,2.142524,43.206820,19.838182,0.000000,-25.704536,8.843304,2.117054,0.114070,0.240147,5.992780,-6.612964,0.758729,0.160968,-0.043142,0.241630,7.070987,5.451811,8.443918,0.790283,0.034349,1,0,,38.991450,-76.936670,-10.360000,,,
2026-09-11T17:40:23.354,23.589826,2.055295,43.275247,19.030507,0.000000,-22.786979,7.839557,2.036086,0.106570,0.224357,6.000539,-6.545377,0.742652,0.010016,-0.100770,0.225841,0.998513,3.839304,0.227024,0.815857,0.235207,1,0,,38.991450,-76.936670,-10.360000,,,
2026-09-11T17:40:23.388,23.623244,1.997404,43.342044,18.494482,0.000000,-18.096504,6.225861,1.985624,0.073171,0.154043,6.006862,-6.479956,0.726998,0.018203,0.141963,0.155527,4.281780,-3.374370,18.516230,1.049118,-0.023260,1,0,,38.991450,-76.936670,-10.360000,,,
2026-09-11T17:40:23.421,23.656650,2.026824,43.409775,18.766887,0.000000,-17.339134,5.965298,2.015849,0.083161,0.175076,6.012359,-6.414901,0.711457,0.001156,0.197423,0.176559,-1.103935,3.660921,1.157969,0.928872,0.173391,1,0,,38.991450,-76.936670,-10.360000,,,
2026-09-11T17:40:23.454,23.690050,2.104831,43.480035,19.489178,0.000000,-17.483329,6.014907,2.093243,0.110005,0.231590,6.019150,-6.347867,0.696439,-0.060624,0.006901,0.233073,2.331335,2.118629,7.622121,1.034506,0.259539,1,0,,38.991450,-76.936670,-10.360000,,,
2026-09-11T17:40:23.488,23.723456,2.144150,43.551971,19.853239,0.000000,-18.742637,6.448155,2.130586,0.105242,0.221563,6.026720,-6.278766,0.681761,0.047302,0.060415,0.223046,4.281976,7.962510,8.671432,1.268226,0.723798,1,0,,38.991450,-76.936670,-10.360000,,,
2026-09-11T17:40:23.522,23.756868,2.183486,43.625444,20.217464,0.000000,-21.128044,7.268822,2.165938,0.138835,0.292285,6.035304,-6.208243,0.667803,0.086176,0.128224,0.293768,3.600315,3.134500,1.750879,1.456694,0.860081,1,0,,38.991450,-76.936670,-10.360000,,,
2026-09-11T17:40:23.555,23.790289,2.222719,43.699988,20.580735,0.000000,-23.625374,8.127995,2.200391,0.145322,0.305941,6.045301,-6.136279,0.654868,-0.019589,0.003823,0.307424,0.686269,2.847361,3.532061,1.457698,0.973707,1,0,,38.991450,-76.936670,-10.360000,,,
2026-09-11T17:40:23.588,23.823709,2.252081,43.775318,20.852605,0.000000,-27.029075,9.298994,2.222486,0.157184,0.330913,6.055942,-6.063200,0.642756,0.022903,-0.021925,0.332397,2.528154,-3.847051,4.379160,1.577843,0.648508,1,0,,38.991450,-76.936670,-10.360000,,,
2026-09-11T17:40:23.621,23.857113,2.251812,43.849407,20.850115,0.000000,-27.799492,9.564045,2.220513,0.149464,0.314661,6.066725,-5.989686,0.631423,-0.066389,0.006453,0.316145,2.071263,3.617967,14.836579,1.664023,0.812629,1,0,,38.991450,-76.936670,-10.360000,,,
2026-09-11T17:40:23.655,23.890533,2.271533,43.925683,21.032711,0.000000,-29.167976,10.034854,2.236783,0.179085,0.377020,6.078283,-5.915707,0.621218,0.027897,0.234289,0.378504,-0.148080,-5.604697,17.884682,1.609581,0.368464,1,0,,38.991450,-76.936670,-10.360000,,,
2026-09-11T17:40:23.689,23.923954,2.262384,44.001458,20.947998,0.000000,-29.747505,10.234233,2.226388,0.191997,0.404205,6.091338,-5.841367,0.612598,0.109687,0.297176,0.405688,-1.066277,5.094849,11.675602,1.505541,0.618346,1,0,,38.991450,-76.936670,-10.360000,,,
2026-09-11T17:40:23.722,23.957356,2.243261,44.076640,20.770931,0.000000,-31.273231,10.759139,2.203825,0.204754,0.431061,6.105287,-5.767425,0.605509,0.222928,0.159151,0.432544,-1.462368,8.636030,13.076580,1.387490,1.091346,1,0,,38.991450,-76.936670,-10.360000,,,
2026-09-11T17:40:23.755,23.990761,2.214194,44.150341,20.501792,0.000000,-31.396827,10.801661,2.174962,0.195535,0.411652,6.119362,-5.694219,0.599658,0.013596,0.093505,0.413135,2.587387,-1.549941,11.527521,1.540403,0.903304,1,0,,38.991450,-76.936670,-10.360000,,,
2026-09-11T17:40:23.789,24.024171,2.204831,44.224475,20.415102,0.000000,-31.401634,10.803314,2.165753,0.188825,0.397527,6.132880,-5.621597,0.594657,-0.073574,-0.069223,0.399011,-0.204567,-1.611233,6.648222,1.518582,0.715600,1,0,,38.991450,-76.936670,-10.360000,,,
2026-09-11T17:40:23.823,24.057581,2.176217,44.297242,20.150159,0.000000,-30.809059,10.599447,2.139085,0.180773,0.380576,6.145878,-5.549542,0.590458,-0.104520,0.036175,0.382059,-2.192669,1.669386,9.430663,1.376434,0.745395,1,0,,38.991450,-76.936670,-10.360000,,,
2026-09-11T17:40:23.855,24.091000,2.147971,44.369143,19.888623,0.000000,-29.449501,10.131709,2.114476,0.151499,0.318944,6.157567,-5.478352,0.586643,-0.070450,0.111834,0.320428,-1.509342,0.955560,10.620504,1.284986,0.737689,1,0,,38.991450,-76.936670,-10.360000,,,
2026-09-11T17:40:23.889,24.124401,2.080447,44.438287,19.263397,0.000000,-26.633568,9.162925,2.053899,0.149050,0.313789,6.168134,-5.408639,0.583264,-0.088903,0.194133,0.315273,2.009383,2.320450,16.300320,1.425273,0.820346,1,0,,38.991450,-76.936670,-10.360000,,,
2026-09-11T17:40:23.922,24.157804,2.051283,44.506861,18.993362,0.000000,-24.051094,8.274459,2.029929,0.110166,0.231927,6.177248,-5.340371,0.580044,0.078136,0.161863,0.233411,-1.509243,-5.825739,14.413814,1.336350,0.386131,1,0,,38.991450,-76.936670,-10.360000,,,
2026-09-11T17:40:23.955,24.191262,2.032097,44.574604,18.815714,0.000000,-19.988899,6.876915,2.017478,0.118513,0.249502,6.185302,-5.272625,0.576961,0.074821,0.129959,0.250986,-2.847949,-7.979573,15.982780,1.160469,-0.185547,1,0,,38.991450,-76.936670,-10.360000,,,
2026-09-11T17:40:23.989,24.224672,1.993741,44.641572,18.460562,0.000000,-16.960106,5.834899,1.983411,0.094883,0.199755,6.192807,-5.205750,0.574225,0.044269,0.067680,0.201238,-1.571712,-3.733098,6.797283,1.066115,-0.468297,1,0,,38.991450,-76.936670,-10.360000,,,
2026-09-11T17:40:24.023,24.258083,1.984487,44.707833,18.374879,0.000000,-14.392738,4.951630,1.977081,0.079082,0.166489,6.198925,-5.139587,0.571350,0.127068,0.023398,0.167973,-0.075903,3.809884,8.407339,1.066582,-0.255548,1,0,,38.991450,-76.936670,-10.360000,,,
2026-09-11T17:40:24.056,24.291606,1.936212,44.772397,17.927889,0.000000,-11.094093,3.816775,1.931918,0.039017,0.082141,6.203092,-5.074122,0.567943,-0.001412,-0.018233,0.083624,0.457480,4.388476,5.896837,1.099609,0.004205,1,0,,38.991450,-76.936670,-10.360000,,,
2026-09-11T17:40:24.089,24.325008,1.907349,44.835685,17.660636,0.000000,-6.416664,2.207568,1.905933,0.046209,0.097283,6.206089,-5.010113,0.564329,0.057036,-0.056673,0.098766,2.646226,3.481851,5.711099,1.269211,0.199788,1,1,24.312258,38.991432,-76.936677,-10.313000,1.412332,5.257481,2.785151
2026-09-11T17:40:24.123,24.358418,1.878409,44.898802,17.392673,0.000000,-6.595192,2.268988,1.876936,0.037996,0.079993,6.209050,-4.946994,0.560957,0.077287,0.001835,0.081476,0.208587,-0.017358,9.907463,1.272174,0.169094,1,0,,38.991432,-76.936677,-10.313000,,,
2026-09-11T17:40:24.156,24.391836,1.879111,44.961612,17.399179,0.000000,-6.650810,2.288123,1.877613,0.029202,0.061478,6.211414,-4.884344,0.557504,0.031159,-0.015929,0.062961,0.327640,7.816096,6.250661,1.277132,0.648098,1,0,,38.991432,-76.936677,-10.313000,,,
2026-09-11T17:40:24.189,24.425236,1.879753,45.023761,17.405120,0.000000,-6.508674,2.239223,1.878318,0.049484,0.104176,6.214180,-4.821685,0.554404,-0.076780,0.103933,0.105660,0.194564,-4.248045,17.099758,1.270859,0.335746,1,0,,38.991432,-76.936677,-10.313000,,,
2026-09-11T17:40:24.223,24.458637,1.860686,45.086285,17.228570,0.000000,-6.195564,2.131501,1.859398,0.039464,0.083083,6.217308,-4.759304,0.551679,-0.018718,-0.025782,0.084567,1.898764,-5.086808,12.250173,1.371363,-0.024702,1,0,,38.991432,-76.936677,-10.313000,,,
2026-09-11T17:40:24.256,24.492039,1.880853,45.149254,17.415306,0.000000,-6.632957,2.281981,1.879361,0.036411,0.076656,6.219976,-4.696911,0.548916,0.038366,0.159685,0.078139,-1.212200,-5.103381,11.420629,1.264558,-0.381509,1,0,,38.991432,-76.936677,-10.313000,,,
2026-09-11T17:40:24.290,24.525444,1.871057,45.211813,17.324604,0.000000,-8.743705,3.008156,1.868479,0.043127,0.090794,6.222772,-4.634351,0.546375,0.000733,-0.042138,0.092277,0.026086,3.139795,8.876784,1.233293,-0.202781,1,0,,38.991432,-76.936677,-10.313000,,,
2026-09-11T17:40:24.323,24.558854,1.880802,45.274942,17.414830,0.000000,-12.027931,4.138050,1.875899,0.076639,0.161345,6.226984,-4.571792,0.544728,0.047653,-0.003071,0.162829,1.335568,3.972086,9.011135,1.280040,0.019258,1,0,,38.991432,-76.936677,-10.313000,,,
2026-09-11T17:40:24.356,24.592267,1.900317,45.338127,17.595523,0.000000,-16.619529,5.717728,1.890862,0.109833,0.231227,6.233543,-4.508789,0.544511,0.035603,0.176913,0.232710,-2.219833,-6.731481,12.297343,1.089906,-0.462459,1,0,,38.991432,-76.936677,-10.313000,,,
2026-09-11T17:40:24.390,24.625670,1.910423,45.402019,17.689103,0.000000,-19.491081,6.705647,1.897354,0.112216,0.236245,6.241350,-4.445417,0.545323,0.054908,-0.088888,0.237728,-0.559371,3.321120,14.037239,1.003332,-0.289140,1,0,,38.991432,-76.936677,-10.313000,,,
2026-09-11T17:40:24.424,24.659081,1.910411,45.465660,17.688995,0.000000,-21.628608,7.441035,1.894323,0.113063,0.238027,6.249273,-4.381977,0.546685,-0.002776,0.164452,0.239511,2.166681,0.579377,18.656760,1.086941,-0.295265,1,0,,38.991432,-76.936677,-10.313000,,,
2026-09-11T17:40:24.457,24.692497,1.920423,45.530338,17.781693,0.000000,-23.985862,8.252017,1.900539,0.115001,0.242107,6.257295,-4.318489,0.548599,0.059722,0.137442,0.243591,1.937206,1.498848,9.344463,1.147312,-0.242419,1,0,,38.991432,-76.936677,-10.313000,,,
2026-09-11T17:40:24.490,24.725898,1.930601,45.595016,17.875932,0.000000,-27.379265,9.419472,1.904570,0.149285,0.314285,6.266588,-4.254864,0.551662,0.024560,0.011803,0.315768,1.061080,-2.441071,5.843292,1.144511,-0.453980,1,0,,38.991432,-76.936677,-10.313000,,,
2026-09-11T17:40:24.524,24.759300,1.960208,45.660411,18.150075,0.000000,-27.843437,9.579164,1.932876,0.143397,0.301889,6.276878,-4.190725,0.555818,0.049782,0.119422,0.303373,1.392740,-0.996061,9.935117,1.158489,-0.568751,1,0,,38.991432,-76.936677,-10.313000,,,
2026-09-11T17:40:24.557,24.792719,1.970790,45.725875,18.248051,0.000000,-27.728080,9.539477,1.943537,0.143871,0.302886,6.286984,-4.125947,0.560538,-0.021454,-0.086427,0.304370,0.375595,-3.252474,8.179727,1.101815,-0.828647,1,0,,38.991432,-76.936677,-10.313000,,,
2026-09-11T17:40:24.591,24.826131,2.000298,45.792171,18.521280,0.000000,-27.799492,9.564045,1.972495,0.142818,0.300670,6.297067,-4.060570,0.565908,0.069190,-0.114572,0.302154,-1.901117,6.649988,7.130710,0.896963,-0.445238,1,0,,38.991432,-76.936677,-10.313000,,,
2026-09-11T17:40:24.624,24.859541,2.010405,45.859857,18.614858,0.000000,-28.063163,9.654758,1.981930,0.156310,0.329073,6.307587,-3.994621,0.572169,0.086788,-0.013933,0.330557,0.623605,-3.888141,10.086826,0.859094,-0.751673,1,0,,38.991432,-76.936677,-10.313000,,,
2026-09-11T17:40:24.657,24.892947,2.068656,45.928955,19.154220,0.000000,-28.073463,9.658302,2.039334,0.149096,0.313886,6.318326,-3.927636,0.579272,0.106025,0.131608,0.315369,0.918393,-1.959859,8.459511,0.844003,-0.929153,1,0,,38.991432,-76.936677,-10.313000,,,
2026-09-11T17:40:24.691,24.926348,2.127047,46.000184,19.694883,0.000000,-28.156547,9.686886,2.096720,0.155359,0.327071,6.329030,-3.858827,0.587154,0.114490,0.149289,0.328554,-0.122387,1.635749,13.423539,0.766488,-0.875062,1,0,,38.991432,-76.936677,-10.313000,,,
2026-09-11T17:40:24.724,24.959748,2.166017,46.072450,20.055717,0.000000,-27.543373,9.475931,2.136462,0.140960,0.296759,6.339448,-3.788477,0.595707,-0.002570,0.025371,0.298242,2.388998,4.424662,8.015073,0.858045,-0.637858,1,0,,38.991432,-76.936677,-10.313000,,,
2026-09-11T17:40:24.758,24.993156,2.215072,46.146766,20.509929,0.000000,-26.753044,9.204029,2.186553,0.151878,0.319743,6.349746,-3.716705,0.605025,0.134061,0.039786,0.321227,0.738245,3.349461,8.463041,0.851343,-0.476984,1,0,,38.991432,-76.936677,-10.313000,,,
2026-09-11T17:40:24.791,25.026567,2.244316,46.221641,20.780702,0.000000,-25.074882,8.626680,2.218925,0.136166,0.286665,6.359876,-3.643642,0.615094,0.127338,0.127150,0.288148,-2.179724,-0.727948,14.876492,0.662064,-0.577589,1,0,,38.991432,-76.936677,-10.313000,,,
2026-09-11T17:40:24.824,25.059975,2.273741,46.298088,21.053161,0.000000,-21.739845,7.479304,2.254396,0.131494,0.276830,6.369289,-3.569530,0.625629,-0.093840,-0.145073,0.278313,1.541507,2.641127,8.194927,0.718525,-0.458344,1,0,,38.991432,-76.936677,-10.313000,,,
2026-09-11T17:40:24.857,25.093380,2.274252,46.373919,21.057890,0.000000,-17.159233,5.903406,2.262191,0.099973,0.210469,6.377428,-3.494746,0.636273,-0.047141,0.135101,0.211952,1.640064,-6.055901,13.621927,0.785777,-0.893407,1,0,,38.991432,-76.936677,-10.313000,,,
2026-09-11T17:40:24.891,25.126789,2.265252,46.450332,20.974554,0.000000,-13.719139,4.719887,2.257570,0.078337,0.164920,6.383699,-3.419891,0.646578,-0.064959,0.277499,0.166403,-6.482000,-1.337627,4.063484,0.334422,-1.011758,1,0,,38.991432,-76.936677,-10.313000,,,
2026-09-11T17:40:24.925,25.160198,2.217127,46.524181,20.528954,0.000000,-7.268104,2.500495,2.215016,0.036869,0.077618,6.387750,-3.345768,0.656138,-0.016908,0.351297,0.079102,-2.135300,-2.394882,7.634575,0.180593,-1.184217,1,0,,38.991432,-76.936677,-10.313000,,,
2026-09-11T17:40:24.958,25.193617,2.188117,46.597267,20.260347,0.000000,-6.099434,2.098429,2.186650,0.022434,0.047230,6.389837,-3.272732,0.664876,-0.066389,0.068853,0.048714,-3.984834,6.859948,7.564065,-0.081284,-0.751548,1,0,,38.991432,-76.936677,-10.313000,,,
2026-09-11T17:40:24.991,25.227017,2.139407,46.668337,19.809326,0.000000,-5.837822,2.008425,2.138093,0.015529,0.032692,6.391171,-3.200992,0.673242,0.020270,0.242489,0.034175,-2.836672,9.532750,2.533940,-0.259354,-0.148831,1,0,,38.991432,-76.936677,-10.313000,,,
2026-09-11T17:40:25.025,25.260420,2.071750,46.738324,19.182867,0.000000,-6.573906,2.261665,2.070136,0.026052,0.054845,6.392633,-3.131199,0.681558,0.168220,0.340560,0.056329,-0.999788,5.110540,-0.465620,-0.313211,0.158461,1,0,,38.991432,-76.936677,-10.313000,,,
2026-09-11T17:40:25.058,25.293825,2.081959,46.808242,19.277398,0.000000,-8.082466,2.780665,2.079508,0.089578,0.188585,6.396699,-3.062535,0.691188,0.023213,-0.257979,0.190069,-6.340392,-3.637483,-2.247292,-0.707639,-0.121654,1,0,,38.991432,-76.936677,-10.313000,,,
2026-09-11T17:40:25.092,25.327236,2.072634,46.877762,19.191059,0.000000,-10.880546,3.743307,2.068213,0.074606,0.157065,6.402473,-2.994033,0.701959,0.042617,-0.196376,0.158549,-0.206234,1.461093,14.408225,-0.699972,-0.064423,1,1,25.312438,38.991414,-76.936679,-10.249000,1.240490,3.257641,3.462322
2026-09-11T17:40:25.125,25.360646,2.043771,46.945904,18.923805,0.000000,-10.234413,3.521014,2.039913,0.070850,0.149158,6.407589,-2.926212,0.712710,0.082479,-0.076440,0.150642,0.782571,3.518920,8.232585,-0.632009,0.126663,1,0,,38.991414,-76.936679,-10.249000,,,
2026-09-11T17:40:25.158,25.394052,2.015120,47.013020,18.658515,0.000000,-9.840278,3.385417,2.011603,0.061363,0.129185,6.412238,-2.859360,0.723453,0.189124,0.047009,0.130669,-1.850417,2.483926,12.072673,-0.740746,0.251535,1,0,,38.991414,-76.936679,-10.249000,,,
2026-09-11T17:40:25.192,25.427452,1.986672,47.078825,18.395112,0.000000,-9.913749,3.410694,1.983153,0.078221,0.164675,6.417146,-2.793530,0.734511,0.103725,-0.053611,0.166159,1.968685,4.695228,9.074780,-0.610923,0.513775,1,0,,38.991414,-76.936679,-10.249000,,,
2026-09-11T17:40:25.225,25.460853,1.958042,47.144403,18.130022,0.000000,-10.983543,3.778742,1.953786,0.082131,0.172907,6.422783,-2.728762,0.746127,0.156330,-0.075227,0.174390,0.961738,1.681939,9.259341,-0.558359,0.577422,1,0,,38.991414,-76.936679,-10.249000,,,
2026-09-11T17:40:25.259,25.494273,1.978016,47.210745,18.314965,0.000000,-11.653022,4.009067,1.973176,0.070207,0.147805,6.428142,-2.664164,0.757953,0.156988,0.043793,0.149288,2.484319,-3.650231,17.183507,-0.413524,0.298156,1,0,,38.991414,-76.936679,-10.249000,,,
2026-09-11T17:40:25.292,25.527682,1.988127,47.277519,18.408582,0.000000,-11.497841,3.955679,1.983391,0.089387,0.188184,6.433755,-2.599186,0.770320,0.137943,-0.079742,0.189668,2.446857,0.784042,11.857123,-0.274087,0.303797,1,0,,38.991414,-76.936679,-10.249000,,,
2026-09-11T17:40:25.325,25.561201,1.978224,47.343427,18.316890,0.000000,-11.190223,3.849848,1.973760,0.084919,0.178777,6.439905,-2.534096,0.783356,0.141012,-0.037550,0.180260,3.740354,3.421344,9.369960,-0.054943,0.481959,1,0,,38.991414,-76.936679,-10.249000,,,
2026-09-11T17:40:25.359,25.594604,2.017467,47.410703,18.680253,0.000000,-11.121559,3.826224,2.012970,0.050378,0.106058,6.444662,-2.468710,0.796138,0.031407,-0.139654,0.107542,4.143702,9.289251,7.187784,0.180098,1.046405,1,0,,38.991414,-76.936679,-10.249000,,,
2026-09-11T17:40:25.392,25.628004,2.037209,47.478776,18.863049,0.000000,-11.196403,3.851974,2.032607,0.067809,0.142756,6.448817,-2.402371,0.809087,0.270962,0.130479,0.144239,3.253454,10.230494,9.083704,0.347924,1.660805,1,0,,38.991414,-76.936679,-10.249000,,,
2026-09-11T17:40:25.426,25.661416,2.056928,47.547646,19.045629,0.000000,-10.629921,3.657083,2.052739,0.061406,0.129275,6.453362,-2.335441,0.822621,-0.072116,-0.013219,0.130758,0.713434,3.553244,8.210029,0.347165,1.837779,1,0,,38.991414,-76.936679,-10.249000,,,
2026-09-11T17:40:25.459,25.694834,2.115349,47.618556,19.586566,0.000000,-9.753074,3.355415,2.111723,0.069338,0.145974,6.457961,-2.267266,0.836718,-0.112557,-0.232904,0.147458,3.999838,5.529774,11.625784,0.559997,2.138213,1,0,,38.991414,-76.936679,-10.249000,,,
2026-09-11T17:40:25.492,25.728236,2.144781,47.690195,19.859079,0.000000,-9.177665,3.157454,2.141525,0.038290,0.080610,6.461745,-2.197654,0.850973,-0.142546,0.240875,0.082093,-3.998073,2.071165,12.148184,0.256559,2.219887,1,0,,38.991414,-76.936679,-10.249000,,,
2026-09-11T17:40:25.526,25.761639,2.087082,47.760410,19.324831,0.000000,-9.222984,3.173045,2.083882,0.067002,0.141056,6.465447,-2.128545,0.865363,-0.309937,0.079786,0.142540,-1.771669,7.337924,3.371526,0.104574,2.634255,1,0,,38.991414,-76.936679,-10.249000,,,
2026-09-11T17:40:25.559,25.795044,2.107178,47.829303,19.510910,0.000000,-9.737968,3.350218,2.103577,0.082383,0.173438,6.470700,-2.060255,0.880674,-0.344316,0.018748,0.174922,3.550203,-1.723421,12.016677,0.301535,2.451962,1,0,,38.991414,-76.936679,-10.249000,,,
2026-09-11T17:40:25.593,25.828462,2.136681,47.901022,19.784084,0.000000,-12.057457,4.148208,2.131084,0.085180,0.179327,6.476594,-1.991309,0.896820,-0.286308,0.134728,0.180810,1.222497,-1.013419,5.078766,0.351950,2.316580,1,0,,38.991414,-76.936679,-10.249000,,,
2026-09-11T17:40:25.626,25.861872,2.185494,47.973949,20.236060,0.000000,-17.675590,6.081052,2.173197,0.116002,0.244215,6.483670,-1.921456,0.914187,-0.084221,-0.074279,0.245699,2.357911,2.836770,4.731611,0.485226,2.422738,1,0,,38.991414,-76.936679,-10.249000,,,
2026-09-11T17:40:25.660,25.895289,2.204780,48.047900,20.414625,0.000000,-23.347969,8.032558,2.183148,0.149471,0.314675,6.493008,-1.851101,0.933358,0.015878,-0.077042,0.316158,1.394898,1.397448,10.294139,0.564610,2.424266,1,0,,38.991414,-76.936679,-10.249000,,,
2026-09-11T17:40:25.693,25.928693,2.195431,48.121294,20.328062,0.000000,-32.773552,11.275304,2.153057,0.199030,0.419011,6.505262,-1.781613,0.954558,0.076615,-0.025004,0.420495,1.508557,2.142459,10.099379,0.660783,2.460128,1,0,,38.991414,-76.936679,-10.249000,,,
2026-09-11T17:40:25.726,25.962094,2.157080,48.193263,19.972965,0.000000,-33.640785,11.573665,2.113221,0.239268,0.503722,6.520672,-1.713910,0.977906,0.147623,0.189539,0.505205,-2.266807,-0.544759,7.562202,0.522021,2.310873,1,0,,38.991414,-76.936679,-10.249000,,,
2026-09-11T17:40:25.760,25.995498,2.127997,48.264629,19.703679,0.000000,-33.990974,11.694142,2.083828,0.220695,0.464621,6.536845,-1.647781,1.002396,0.105418,0.149878,0.466105,-1.956721,-2.714187,12.900550,0.408111,2.028934,1,0,,38.991414,-76.936679,-10.249000,,,
2026-09-11T17:40:25.793,26.028904,2.118716,48.335550,19.617740,0.000000,-31.369362,10.792212,2.081242,0.192993,0.406301,6.551392,-1.582348,1.027019,0.002917,-0.021629,0.407785,-1.434909,-0.008434,12.899275,0.334024,1.933438,1,0,,38.991414,-76.936679,-10.249000,,,
2026-09-11T17:40:25.827,26.062314,2.070457,48.405104,19.170897,0.000000,-28.505363,9.806891,2.040202,0.166837,0.351236,6.564047,-1.517703,1.051466,0.036420,-0.073977,0.352719,4.693855,9.365449,7.390586,0.665501,2.455003,1,0,,38.991414,-76.936679,-10.249000,,,
2026-09-11T17:40:25.860,26.095733,2.031917,48.473588,18.814043,0.000000,-22.162819,7.624823,2.013951,0.114216,0.240454,6.573934,-1.454030,1.075069,-0.121992,0.138869,0.241938,-0.507298,-5.193406,12.019913,0.663264,2.041936,1,0,,38.991414,-76.936679,-10.249000,,,
2026-09-11T17:40:25.894,26.129139,1.954672,48.539917,18.098812,0.000000,-16.278267,5.600321,1.945342,0.066201,0.139371,6.580278,-1.391604,1.097110,-0.153376,0.044759,0.140854,1.366263,3.823809,15.326912,0.787977,2.231892,1,0,,38.991414,-76.936679,-10.249000,,,
2026-09-11T17:40:25.927,26.162539,1.906705,48.602761,17.654679,0.000000,-13.515205,4.649727,1.900430,0.054427,0.114582,6.584519,-1.330826,1.117965,-0.092971,0.076632,0.116066,-0.012062,3.541083,11.042386,0.821703,2.404886,1,0,,38.991414,-76.936679,-10.249000,,,
2026-09-11T17:40:25.961,26.195957,1.868159,48.665753,17.297770,0.000000,-10.451393,3.595663,1.864482,0.057468,0.120986,6.588455,-1.271348,1.138536,-0.129301,0.106905,0.122469,-2.398020,-5.817795,11.387188,0.697230,1.968695,1,0,,38.991414,-76.936679,-10.249000,,,
2026-09-11T17:40:25.994,26.229385,1.829433,48.726728,16.939193,0.000000,-9.366493,3.222417,1.826540,0.052256,0.110013,6.592316,-1.213098,1.158939,-0.133604,0.106622,0.111497,-4.500272,-4.632269,16.368574,0.432275,1.615845,1,0,,38.991414,-76.936679,-10.249000,,,
2026-09-11T17:40:26.027,26.262785,1.790560,48.785641,16.579257,0.000000,-11.379738,3.915047,1.786381,0.066750,0.140527,6.596500,-1.156269,1.179305,0.076985,0.091273,0.142011,0.571434,2.449995,12.125825,0.494341,1.722712,1,0,,38.991414,-76.936679,-10.249000,,,
2026-09-11T17:40:26.060,26.296191,1.723124,48.843301,15.954854,0.000000,-16.776085,5.771589,1.714389,0.087719,0.184671,6.601932,-1.101493,1.199927,0.163201,0.129791,0.186155,-2.254647,3.495679,9.723392,0.365844,1.891927,1,0,,38.991414,-76.936679,-10.249000,,,
2026-09-11T17:40:26.094,26.329597,1.723603,48.900870,15.959288,0.000000,-20.949516,7.207402,1.709984,0.116404,0.245060,6.609110,-1.048324,1.221279,0.083838,-0.111394,0.246544,2.566498,4.418288,8.884433,0.541144,2.112454,1,1,26.310392,38.991396,-76.936676,-10.215000,1.504663,1.282448,3.462322
2026-09-11T17:40:26.127,26.363006,1.704320,48.957766,15.780742,0.000000,-27.851677,9.581999,1.680542,0.136175,0.286684,6.617992,-0.996119,1.243640,0.120706,-0.093076,0.288167,-0.191328,-1.040093,5.525753,0.525852,1.972733,1,0,,38.991396,-76.936676,-10.215000,,,
2026-09-11T17:40:26.161,26.396412,1.704702,49.014344,15.784278,0.000000,-31.017799,10.671261,1.675221,0.150426,0.316686,6.628070,-0.944871,1.266837,0.176377,0.015878,0.318169,0.249873,2.631517,10.195190,0.526908,2.069355,1,0,,38.991396,-76.936676,-10.215000,,,
2026-09-11T17:40:26.195,26.429818,1.695351,49.071411,15.697696,0.000000,-31.095390,10.697955,1.665885,0.166207,0.349909,6.639204,-0.894275,1.290962,0.083911,0.163821,0.351392,-1.006162,-1.217103,10.279625,0.435538,1.912110,1,0,,38.991396,-76.936676,-10.215000,,,
2026-09-11T17:40:26.228,26.463219,1.686074,49.127214,15.611796,0.000000,-31.454506,10.821504,1.656090,0.150937,0.317762,6.650355,-0.844256,1.315541,0.048249,0.070604,0.319246,1.129726,5.219884,12.395508,0.472161,2.177388,1,0,,38.991396,-76.936676,-10.215000,,,
2026-09-11T17:40:26.261,26.496637,1.716048,49.184566,15.889331,0.000000,-32.020302,11.016159,1.684427,0.181710,0.382547,6.662056,-0.794308,1.341060,-0.086280,0.061599,0.384031,-0.523969,3.085957,10.681698,0.389893,2.293887,1,0,,38.991396,-76.936676,-10.215000,,,
2026-09-11T17:40:26.294,26.530042,1.726148,49.242158,15.982855,0.000000,-32.950706,11.336252,1.692472,0.178047,0.374835,6.674706,-0.744297,1.367821,-0.010874,0.068336,0.376318,-0.555056,-1.634180,5.117993,0.293985,2.103754,1,0,,38.991396,-76.936676,-10.215000,,,
2026-09-11T17:40:26.328,26.563441,1.785001,49.301652,16.527790,0.000000,-33.775367,11.619966,1.748418,0.183581,0.386486,6.687420,-0.693668,1.395658,-0.032948,-0.029103,0.387970,0.306458,2.870210,13.672824,0.245189,2.204977,1,0,,38.991396,-76.936676,-10.215000,,,
2026-09-11T17:40:26.361,26.596845,1.814427,49.362354,16.800249,0.000000,-34.655647,11.922814,1.775284,0.199729,0.420481,6.700898,-0.642277,1.425040,0.014557,0.021187,0.421965,1.663992,-1.726167,9.200991,0.277622,2.002630,1,0,,38.991396,-76.936676,-10.215000,,,
2026-09-11T17:40:26.395,26.630250,1.853411,49.424457,17.161211,0.000000,-35.931434,12.361732,1.810440,0.218556,0.460118,6.715606,-0.590603,1.456104,0.006429,0.020494,0.461601,2.929148,-4.091040,8.396944,0.384936,1.643755,1,0,,38.991396,-76.936676,-10.215000,,,
2026-09-11T17:40:26.429,26.663715,1.902076,49.488565,17.611815,0.000000,-37.713966,12.974988,1.853513,0.221072,0.465416,6.731093,-0.538279,1.488885,0.108200,0.077755,0.466899,1.891409,1.021951,10.311398,0.420879,1.618155,1,0,,38.991396,-76.936676,-10.215000,,,
2026-09-11T17:40:26.462,26.697143,1.960745,49.553847,18.155045,0.000000,-41.019478,14.112206,1.901570,0.238267,0.501615,6.747256,-0.485316,1.523419,0.139462,0.165393,0.503099,-3.036335,-1.092755,5.487507,0.136277,1.449892,1,0,,38.991396,-76.936676,-10.215000,,,
2026-09-11T17:40:26.495,26.730564,2.019333,49.621259,18.697523,0.000000,-42.410621,14.590810,1.954208,0.248115,0.522347,6.764367,-0.431653,1.559992,0.028719,-0.246833,0.523830,-0.069823,0.384617,11.024440,0.048774,1.374937,1,0,,38.991396,-76.936676,-10.215000,,,
2026-09-11T17:40:26.529,26.763972,2.068211,49.690779,19.150106,0.000000,-42.827415,14.734202,2.000201,0.260181,0.547750,6.782242,-0.377379,1.598581,0.134776,-0.155567,0.549234,4.530476,6.603406,15.305729,0.262964,1.698814,1,0,,38.991396,-76.936676,-10.215000,,,
2026-09-11T17:40:26.562,26.797379,2.107276,49.759661,19.511818,0.000000,-43.224296,14.870744,2.036698,0.280199,0.589893,6.801244,-0.322886,1.639298,-0.127814,-0.085776,0.591376,2.660250,4.581177,10.704743,0.360248,1.881295,1,0,,38.991396,-76.936676,-10.215000,,,
2026-09-11T17:40:26.595,26.830786,2.146500,49.831869,19.875000,0.000000,-43.314247,14.901690,2.074310,0.273894,0.576619,6.820729,-0.268228,1.681882,0.023041,0.106569,0.578102,2.165701,2.719972,10.181558,0.433923,1.941526,1,0,,38.991396,-76.936676,-10.215000,,,
2026-09-11T17:40:26.629,26.864196,2.185830,49.904648,20.239168,0.000000,-42.875480,14.750739,2.113791,0.275859,0.580757,6.840063,-0.213266,1.726130,-0.071992,0.052811,0.582240,0.664106,0.281353,7.850223,0.419532,1.841021,1,0,,38.991396,-76.936676,-10.215000,,,
2026-09-11T17:40:26.662,26.897617,2.215501,49.978884,20.513895,0.000000,-42.628288,14.665695,2.143319,0.263229,0.554165,6.859028,-0.158073,1.771905,-0.033028,-0.005867,0.555649,-0.338133,2.764789,10.905485,0.352589,1.905164,1,0,,38.991396,-76.936676,-10.215000,,,
2026-09-11T17:40:26.695,26.931023,2.215926,50.052574,20.517836,0.000000,-41.588707,14.308041,2.147191,0.259184,0.545651,6.877398,-0.103147,1.818753,0.020992,-0.019710,0.547134,4.099474,5.405328,16.155083,0.585710,2.140745,1,0,,38.991396,-76.936676,-10.215000,,,
2026-09-11T17:40:26.728,26.964424,2.206206,50.125877,20.427830,0.000000,-41.401939,14.243786,2.138382,0.258903,0.545060,6.895614,-0.049122,1.866483,0.117867,0.015457,0.546543,-1.746074,-2.145009,9.074584,0.447853,1.884852,1,0,,38.991396,-76.936676,-10.215000,,,
2026-09-11T17:40:26.762,26.997831,2.206485,50.199498,20.430413,0.000000,-41.663551,14.333790,2.137796,0.269310,0.566968,6.914189,0.003798,1.915254,0.059196,0.123179,0.568451,-2.930717,-5.892816,10.014355,0.242914,1.386046,1,0,,38.991396,-76.936676,-10.215000,,,
2026-09-11T17:40:26.796,27.031253,2.197118,50.273279,20.343686,0.000000,-41.662864,14.333554,2.128724,0.252968,0.532564,6.932563,0.055764,1.964841,0.006988,-0.119964,0.534047,-1.154145,1.148947,11.674915,0.161948,1.354008,1,0,,38.991396,-76.936676,-10.215000,,,
2026-09-11T17:40:26.829,27.064664,2.168539,50.344781,20.079068,0.000000,-41.642952,14.326704,2.101099,0.261840,0.551241,6.950668,0.106392,2.014873,0.034319,-0.146642,0.552725,-1.822076,-5.054249,7.145223,0.044650,0.919037,1,0,,38.991396,-76.936676,-10.215000,,,
2026-09-11T17:40:26.863,27.098069,2.130086,50.415509,19.723020,0.000000,-41.301689,14.209297,2.064917,0.225169,0.474040,6.967793,0.155585,2.064754,-0.027879,0.048779,0.475524,-0.840724,1.071769,14.177474,-0.003331,0.897224,1,0,,38.991396,-76.936676,-10.215000,,,
2026-09-11T17:40:26.896,27.131474,2.072363,50.484824,19.188545,0.000000,-41.246757,14.190398,2.009128,0.236915,0.498768,6.984041,0.203021,2.114143,0.019078,0.029257,0.500252,-2.044981,1.354102,3.108610,-0.128866,0.892426,1,0,,38.991396,-76.936676,-10.215000,,,
2026-09-11T17:40:26.929,27.164876,2.014512,50.551735,18.652893,0.000000,-40.768852,14.025981,1.954452,0.221373,0.466048,7.000155,0.248290,2.163041,0.103595,-0.149791,0.467531,4.495761,5.380321,8.491775,0.167210,1.154223,1,0,,38.991396,-76.936676,-10.215000,,,
2026-09-11T17:40:26.963,27.198283,1.966718,50.618007,18.210353,0.000000,-38.776893,13.340674,1.913647,0.171960,0.362020,7.013986,0.292355,2.210754,0.048397,-0.051003,0.363504,0.371966,4.897931,7.127571,0.188358,1.396102,1,0,,38.991396,-76.936676,-10.215000,,,
2026-09-11T17:40:26.997,27.231725,1.938265,50.684030,17.946896,0.000000,-32.864189,11.306487,1.900648,0.194278,0.409006,7.026879,0.335453,2.258160,-0.097467,0.019541,0.410490,3.142737,5.092888,5.839958,0.380559,1.642762,1,0,,38.991396,-76.936676,-10.215000,,,
2026-09-11T17:40:27.030,27.265133,1.919391,50.747614,17.772139,0.000000,-30.573539,10.518420,1.887138,0.141367,0.297615,7.038682,0.377949,2.305375,-0.009445,0.075710,0.299099,2.363403,3.653860,16.461051,0.510342,1.807231,1,0,,38.991396,-76.936676,-10.215000,,,
2026-09-11T17:40:27.063,27.298537,1.909728,50.810560,17.682668,0.000000,-29.991264,10.318095,1.878845,0.153008,0.322123,7.049033,0.420121,2.352298,0.061451,-0.048844,0.323606,1.845317,-0.669892,15.408013,0.596683,1.686941,1,0,,38.991396,-76.936676,-10.215000,,,
2026-09-11T17:40:27.096,27.331946,1.899936,50.874258,17.591999,0.000000,-30.190391,10.386602,1.868803,0.169043,0.355881,7.060359,0.461246,2.399799,0.116531,0.248963,0.357365,1.544842,-2.753903,14.744397,0.654787,1.429111,1,1,27.312231,38.991381,-76.936665,-10.109000,2.463839,-0.404750,4.281131
2026-09-11T17:40:27.130,27.365348,1.919795,50.939005,17.775881,0.000000,-31.076851,10.691577,1.886468,0.169684,0.357229,7.072268,0.501702,2.448056,0.084728,0.153143,0.358712,-3.536180,-4.869296,-8.988481,0.372968,1.036721,1,0,,38.991381,-76.936665,-10.109000,,,
2026-09-11T17:40:27.163,27.398764,1.978511,51.005745,18.319548,0.000000,-32.768058,11.273415,1.940337,0.197191,0.415139,7.085173,0.542067,2.498014,0.206081,-0.026999,0.416622,0.225847,4.634034,0.308223,0.327920,1.255546,1,0,,38.991381,-76.936665,-10.109000,,,
2026-09-11T17:40:27.197,27.432181,2.007760,51.072633,18.590375,0.000000,-33.907890,11.665558,1.966289,0.211140,0.444506,7.099536,0.582170,2.549961,0.141571,0.030751,0.445990,2.081265,-3.154505,12.817292,0.396347,0.963059,1,0,,38.991381,-76.936665,-10.109000,,,
2026-09-11T17:40:27.230,27.465589,2.056366,51.141173,19.040428,0.000000,-35.403404,12.180070,2.010076,0.212904,0.448219,7.114448,0.622096,2.603511,0.085419,0.213334,0.449703,-1.031856,-3.273264,3.140776,0.257268,0.664517,1,0,,38.991381,-76.936665,-10.109000,,,
2026-09-11T17:40:27.263,27.498989,2.134488,51.212550,19.763779,0.000000,-36.070137,12.409451,2.084620,0.231635,0.487653,7.130077,0.662252,2.659352,0.086778,0.208814,0.489136,2.191394,7.619375,8.278774,0.326203,1.066872,1,0,,38.991381,-76.936665,-10.109000,,,
2026-09-11T17:40:27.297,27.532389,2.203022,51.286217,20.398352,0.000000,-36.542549,12.571978,2.150201,0.238706,0.502538,7.146613,0.702715,2.717880,-0.052145,-0.013943,0.504022,0.681366,0.628704,4.684637,0.298741,1.008160,1,0,,38.991381,-76.936665,-10.109000,,,
2026-09-11T17:40:27.331,27.565798,2.232434,51.361285,20.670684,0.000000,-36.514396,12.562292,2.178990,0.254758,0.536332,7.163967,0.742913,2.778553,-0.034021,-0.031161,0.537815,7.102859,4.694345,10.593438,0.692822,1.207640,1,0,,38.991381,-76.936665,-10.109000,,,
2026-09-11T17:40:27.364,27.599205,2.261810,51.437174,20.942683,0.000000,-36.473198,12.548118,2.207784,0.258253,0.543691,7.182008,0.782382,2.840879,-0.078532,-0.067550,0.545174,2.331825,-4.433685,13.451684,0.780831,0.811834,1,0,,38.991381,-76.936665,-10.109000,,,
2026-09-11T17:40:27.398,27.632626,2.300976,51.514988,21.305329,0.000000,-35.816078,12.322045,2.247969,0.273469,0.575723,7.200714,0.821174,2.905046,0.007727,0.081051,0.577207,-1.995751,-6.635376,11.773864,0.597480,0.271752,1,0,,38.991381,-76.936665,-10.109000,,,
2026-09-11T17:40:27.430,27.666035,2.300879,51.590854,21.304431,0.000000,-35.185737,12.105185,2.249717,0.251108,0.528648,7.219161,0.859278,2.970387,-0.169269,-0.221788,0.530131,-1.612704,0.484743,2.091268,0.449472,0.205505,1,0,,38.991381,-76.936665,-10.109000,,,
2026-09-11T17:40:27.464,27.699439,2.310954,51.668109,21.397719,0.000000,-33.925056,11.671464,2.263172,0.239099,0.503365,7.236398,0.896816,3.036259,-0.197540,0.028738,0.504849,-1.272511,-1.371166,1.379403,0.330645,0.023168,1,0,,38.991381,-76.936665,-10.109000,,,
2026-09-11T17:40:27.497,27.732863,2.320936,51.745673,21.490147,0.000000,-32.596397,11.214357,2.276621,0.208442,0.438826,7.252144,0.934130,3.102743,-0.217363,-0.004052,0.440310,-0.954579,-1.632219,10.463402,0.242767,-0.165068,1,0,,38.991381,-76.936665,-10.109000,,,
2026-09-11T17:40:27.531,27.766274,2.311558,51.823612,21.403312,0.000000,-31.713371,10.910563,2.269774,0.218241,0.459454,7.267150,0.970751,3.169656,-0.114360,0.013902,0.460938,3.167352,1.376167,10.621191,0.434367,-0.159312,1,0,,38.991381,-76.936665,-10.109000,,,
2026-09-11T17:40:27.564,27.799682,2.263562,51.898726,20.958907,0.000000,-31.712684,10.910327,2.222647,0.197233,0.415228,7.281761,1.006044,3.236242,0.022226,0.225629,0.416711,-0.515732,2.380760,5.590477,0.393236,-0.080863,1,0,,38.991381,-76.936665,-10.109000,,,
2026-09-11T17:40:27.597,27.833090,2.205805,51.972632,20.424123,0.000000,-31.710624,10.909618,2.165940,0.190524,0.401102,7.295397,1.039856,3.301608,0.083936,0.061117,0.402586,-0.315774,1.353318,12.460624,0.368582,-0.066254,1,0,,38.991381,-76.936665,-10.109000,,,
2026-09-11T17:40:27.631,27.866497,2.157673,52.044522,19.978452,0.000000,-31.339149,10.781817,2.119583,0.189192,0.398299,7.308750,1.071990,3.365884,0.234342,0.078897,0.399783,-3.315923,-0.377654,8.491676,0.153211,-0.162213,1,0,,38.991381,-76.936665,-10.109000,,,
2026-09-11T17:40:27.665,27.899921,2.119710,52.115466,19.626944,0.000000,-30.345573,10.439991,2.084619,0.164780,0.346906,7.321204,1.102980,3.429218,0.277232,0.146900,0.348389,-0.298612,0.010101,12.044037,0.136956,-0.224218,1,0,,38.991381,-76.936665,-10.109000,,,
2026-09-11T17:40:27.698,27.933347,2.100425,52.185988,19.448380,0.000000,-28.913917,9.947449,2.068849,0.148995,0.313674,7.332244,1.133378,3.491845,0.209293,0.139064,0.315157,-4.049362,-1.721950,4.305217,-0.123457,-0.392850,1,0,,38.991381,-76.936665,-10.109000,,,
2026-09-11T17:40:27.731,27.966754,2.090706,52.255600,19.358392,0.000000,-23.812828,8.192487,2.069370,0.132304,0.278534,7.342136,1.163447,3.554264,0.121891,-0.027084,0.280017,2.784696,3.165194,9.330243,0.060798,-0.238656,1,0,,38.991381,-76.936665,-10.109000,,,
2026-09-11T17:40:27.764,28.000159,2.061813,52.324185,19.090864,0.000000,-20.459251,7.038733,2.046275,0.101375,0.213422,7.350353,1.193461,3.616232,0.025501,-0.017668,0.214906,2.647894,-0.273017,7.969178,0.228538,-0.299564,1,0,,38.991381,-76.936665,-10.109000,,,
2026-09-11T17:40:27.799,28.033567,2.042471,52.393238,18.911768,0.000000,-19.012489,6.540994,2.029176,0.099767,0.210036,7.357426,1.223156,3.677581,0.015602,-0.037201,0.211519,0.500335,-0.764526,4.874592,0.241789,-0.390916,1,0,,38.991381,-76.936665,-10.109000,,,
2026-09-11T17:40:27.832,28.066986,2.032984,52.460924,18.823927,0.000000,-19.029655,6.546900,2.019727,0.106459,0.224123,7.364681,1.252135,3.738812,0.095797,0.031943,0.225607,1.442362,3.332300,7.660955,0.299110,-0.217866,1,0,,38.991381,-76.936665,-10.109000,,,
2026-09-11T17:40:27.865,28.100404,2.052875,52.529771,19.008099,0.000000,-19.291267,6.636904,2.039117,0.110405,0.232431,7.372309,1.280576,3.800485,-0.023475,0.023746,0.233915,-2.135496,-1.861891,14.266420,0.105337,-0.384258,1,0,,38.991381,-76.936665,-10.109000,,,
2026-09-11T17:40:27.898,28.133812,2.053504,52.598494,19.013927,0.000000,-19.641456,6.757382,2.039239,0.114925,0.241946,7.380234,1.308553,3.862714,0.014373,0.079160,0.243430,2.075872,4.607262,6.265763,0.170697,-0.131479,1,0,,38.991381,-76.936665,-10.109000,,,
2026-09-11T17:40:27.932,28.167220,2.073454,52.667866,19.198651,0.000000,-19.977226,6.872899,2.058555,0.132226,0.278370,7.388925,1.335833,3.925626,0.064671,0.054076,0.279854,0.485920,-0.134645,5.312557,0.123504,-0.193448,1,0,,38.991381,-76.936665,-10.109000,,,
2026-09-11T17:40:27.965,28.200637,2.093464,52.737864,19.383925,0.000000,-20.648765,7.103933,2.077393,0.130779,0.275325,7.398176,1.362600,3.989487,0.018555,-0.131117,0.276809,3.161664,4.587845,14.829028,0.244084,0.050957,1,0,,38.991381,-76.936665,-10.109000,,,
2026-09-11T17:40:27.999,28.234055,2.113306,52.809366,19.567645,0.000000,-21.868248,7.523480,2.095113,0.135504,0.285271,7.407543,1.388990,4.054170,0.152039,0.124220,0.286754,2.072439,2.044098,6.072278,0.288283,0.126369,1,0,,38.991381,-76.936665,-10.109000,,,
2026-09-11T17:40:28.032,28.267458,2.191463,52.881974,20.291325,0.000000,-22.664070,7.797272,2.171201,0.162566,0.342245,7.418024,1.414908,4.120726,0.060959,0.117496,0.343728,3.972086,-2.688003,8.542083,0.449171,-0.114642,1,0,,38.991381,-76.936665,-10.109000,,,
2026-09-11T17:40:28.065,28.300863,2.278880,52.958216,21.100744,0.000000,-25.329628,8.714321,2.252573,0.173863,0.366028,7.429854,1.440597,4.190231,0.091596,0.073632,0.367512,5.952441,3.721035,10.965796,0.732279,0.056388,1,0,,38.991381,-76.936665,-10.109000,,,
2026-09-11T17:40:28.099,28.334266,2.366620,53.037340,21.913149,0.000000,-30.446510,10.474717,2.327181,0.182372,0.383942,7.442379,1.466191,4.262553,-0.044043,0.093348,0.385425,1.222007,6.057077,10.637666,0.707763,0.372216,1,1,28.306620,38.991369,-76.936645,-10.045000,4.178803,-1.696835,3.559558
2026-09-11T17:40:28.132,28.367674,2.483552,53.119985,22.995848,0.000000,-30.949135,10.647638,2.440790,0.238009,0.501072,7.457163,1.491043,4.338539,-0.001472,-0.038459,0.502556,0.522008,3.535690,11.236362,0.640529,0.500130,1,0,,38.991369,-76.936645,-10.045000,,,
2026-09-11T17:40:28.166,28.401095,2.541909,53.205876,23.536198,0.000000,-34.360389,11.821235,2.487999,0.268651,0.565581,7.474987,1.514349,4.417979,-0.097190,0.010391,0.567064,0.492588,1.795402,10.063879,0.576552,0.502075,1,0,,38.991369,-76.936645,-10.045000,,,
2026-09-11T17:40:28.199,28.434500,2.590976,53.291927,23.990519,0.000000,-36.676445,12.618043,2.528399,0.281832,0.593330,7.494343,1.536012,4.499431,-0.159157,-0.028602,0.594814,2.444994,3.366917,8.128144,0.649566,0.599684,1,0,,38.991369,-76.936645,-10.045000,,,
2026-09-11T17:40:28.232,28.467901,2.630487,53.379163,24.356357,0.000000,-37.181129,12.791673,2.565202,0.307912,0.648235,7.515079,1.555860,4.582726,-0.114317,-0.043257,0.649719,2.283184,-0.190053,6.361084,0.722026,0.455496,1,0,,38.991369,-76.936645,-10.045000,,,
2026-09-11T17:40:28.266,28.501308,2.640714,53.467436,24.451058,0.000000,-37.005348,12.731198,2.575791,0.316238,0.665764,7.537027,1.573644,4.667374,-0.081997,-0.084022,0.667248,2.709872,2.569735,7.253979,0.834362,0.488134,1,0,,38.991369,-76.936645,-10.045000,,,
2026-09-11T17:40:28.300,28.534713,2.680343,53.558272,24.817992,0.000000,-37.159843,12.784350,2.613897,0.307954,0.648325,7.558975,1.589806,4.753167,-0.165819,-0.022852,0.649808,0.527794,2.529233,10.399560,0.820265,0.519096,1,0,,38.991369,-76.936645,-10.045000,,,
2026-09-11T17:40:28.333,28.568123,2.680428,53.647115,24.818780,0.000000,-36.954536,12.713717,2.614709,0.315299,0.663786,7.580894,1.604289,4.839924,0.029450,-0.020625,0.665270,-0.711963,0.838763,8.912382,0.740754,0.437651,1,0,,38.991369,-76.936645,-10.045000,,,
2026-09-11T17:40:28.366,28.601533,2.661323,53.735877,24.641882,0.000000,-36.676445,12.618043,2.597047,0.293979,0.618902,7.602321,1.617044,4.926642,-0.021759,-0.027958,0.620386,0.454440,4.315024,10.419566,0.751320,0.590416,1,0,,38.991369,-76.936645,-10.045000,,,
2026-09-11T17:40:28.399,28.634937,2.661767,53.824663,24.645986,0.000000,-36.425132,12.531582,2.598354,0.289244,0.608935,7.622829,1.628329,5.013225,0.032979,-0.072303,0.610418,-2.136183,-0.672638,7.381858,0.605081,0.420311,1,0,,38.991369,-76.936645,-10.045000,,,
2026-09-11T17:40:28.433,28.668339,2.603711,53.911352,24.108438,0.000000,-34.581489,11.897301,2.547780,0.276495,0.582095,7.642720,1.637976,5.099145,0.217534,-0.022785,0.583578,-0.125917,1.676055,9.968754,0.595584,0.410505,1,0,,38.991369,-76.936645,-10.045000,,,
2026-09-11T17:40:28.466,28.701747,2.526797,53.995808,23.396267,0.000000,-30.872917,10.621416,2.483504,0.229242,0.482615,7.660505,1.646603,5.183173,0.125640,0.033721,0.484099,-2.988381,-2.527566,9.906678,0.404599,0.147180,1,0,,38.991369,-76.936645,-10.045000,,,
2026-09-11T17:40:28.500,28.735162,2.449664,54.078715,22.682078,0.000000,-26.717338,9.191745,2.418209,0.175246,0.368938,7.674732,1.655145,5.264906,0.189158,0.092442,0.370422,-0.429335,-0.115032,9.281994,0.385707,0.062717,1,0,,38.991369,-76.936645,-10.045000,,,
2026-09-11T17:40:28.533,28.768583,2.391687,54.157566,22.145247,0.000000,-19.322853,6.647770,2.375606,0.130636,0.275022,7.685493,1.663973,5.344691,0.005956,-0.045176,0.276506,0.259680,4.451042,9.294939,0.416690,0.290217,1,0,,38.991369,-76.936645,-10.045000,,,
2026-09-11T17:40:28.566,28.801987,2.333810,54.235129,21.609350,0.000000,-13.147163,4.523107,2.326541,0.056908,0.119807,7.692088,1.673801,5.422676,-0.022961,0.018417,0.121290,-0.239871,-1.021657,8.078718,0.417556,0.185220,1,0,,38.991369,-76.936645,-10.045000,,,
2026-09-11T17:40:28.600,28.835394,2.304705,54.312863,21.339864,0.000000,-4.432945,1.525096,2.303889,0.038285,0.080599,7.695435,1.684571,5.499282,-0.078094,0.031060,0.082083,-0.790024,0.462089,8.755475,0.382396,0.183414,1,0,,38.991369,-76.936645,-10.045000,,,
2026-09-11T17:40:28.634,28.868801,2.304529,54.389652,21.338233,0.000000,-5.532951,1.903538,2.303257,0.020558,0.043281,7.697504,1.695672,5.575440,-0.155760,0.077117,0.044764,1.931518,1.041466,7.921224,0.524653,0.224684,1,0,,38.991369,-76.936645,-10.045000,,,
2026-09-11T17:40:28.667,28.902213,2.295163,54.466646,21.251508,0.000000,-5.144310,1.769831,2.294068,0.015131,0.031855,7.698760,1.707004,5.651404,-0.120397,-0.005516,0.033338,1.528366,1.979276,9.324163,0.635584,0.327922,1,0,,38.991369,-76.936645,-10.045000,,,
2026-09-11T17:40:28.700,28.935619,2.314870,54.544095,21.433978,0.000000,-5.265159,1.811408,2.313713,0.017834,0.037546,7.699919,1.718314,5.727535,-0.110424,0.079615,0.039029,-0.850237,1.277708,9.732120,0.582511,0.383712,1,0,,38.991369,-76.936645,-10.045000,,,
2026-09-11T17:40:28.733,28.969021,2.315071,54.621294,21.435846,0.000000,-5.791816,1.992597,2.313672,0.045277,0.095320,7.702138,1.729047,5.804075,-0.149886,-0.022458,0.096804,2.500304,0.488665,10.793101,0.737446,0.379172,1,0,,38.991369,-76.936645,-10.045000,,,
2026-09-11T17:40:28.767,29.002438,2.296064,54.698219,21.259850,0.000000,-6.734581,2.316943,2.294187,0.057524,0.121104,7.705754,1.738857,5.880456,-0.018133,0.072837,0.122587,1.532779,8.498247,13.647032,0.821485,0.889553,1,0,,38.991369,-76.936645,-10.045000,,,
2026-09-11T17:40:28.801,29.035852,2.286968,54.774917,21.175634,0.000000,-8.081093,2.780192,2.284277,0.060260,0.126863,7.709897,1.748051,5.956420,-0.042349,0.031995,0.128347,3.272185,5.499275,8.786464,1.013303,1.199407,1,0,,38.991369,-76.936645,-10.045000,,,
2026-09-11T17:40:28.834,29.069258,2.297469,54.850942,21.272863,0.000000,-9.942589,3.420615,2.293376,0.088309,0.185914,7.715121,1.756375,6.032466,-0.150383,-0.064435,0.187398,0.315970,-8.382430,7.553278,1.007492,0.598208,1,0,,38.991369,-76.936645,-10.045000,,,
2026-09-11T17:40:28.867,29.102664,2.278665,54.927058,21.098751,0.000000,-11.037788,3.797404,2.273662,0.073792,0.155351,7.720821,1.764037,6.108412,-0.090659,0.275099,0.156835,3.070266,-1.212788,12.143183,1.179093,0.472587,1,0,,38.991369,-76.936645,-10.045000,,,
2026-09-11T17:40:28.901,29.136081,2.269115,55.003243,21.010322,0.000000,-11.499214,3.956152,2.263708,0.108327,0.228056,7.727227,1.770844,6.183976,-0.003094,0.197658,0.229540,2.528645,-4.684833,11.580085,1.313616,0.113037,1,0,,38.991369,-76.936645,-10.045000,,,
2026-09-11T17:40:28.934,29.169501,2.288307,55.079610,21.188024,0.000000,-12.990608,4.469246,2.281349,0.090135,0.189757,7.734209,1.776890,6.259756,0.088570,0.159225,0.191241,-2.064594,5.893503,15.966109,1.147224,0.447643,1,0,,38.991369,-76.936645,-10.045000,,,
2026-09-11T17:40:28.967,29.202918,2.298403,55.156114,21.281512,0.000000,-18.151436,6.244760,2.284765,0.137687,0.289867,7.742223,1.781921,6.335974,-0.077047,0.011894,0.291351,4.580392,-11.721987,-4.246476,1.410352,-0.376508,1,0,,38.991369,-76.936645,-10.045000,,,
2026-09-11T17:40:29.000,29.236322,2.318164,55.233256,21.464478,0.000000,-21.742592,7.480249,2.298436,0.152448,0.320943,7.752425,1.785250,6.412603,-0.125486,-0.012344,0.322427,0.863476,-0.519851,10.852627,1.424467,-0.471319,1,0,,38.991369,-76.936645,-10.045000,,,
2026-09-11T17:40:29.034,29.269724,2.308694,55.310227,21.376801,0.000000,-26.790809,9.217022,2.278886,0.208112,0.438130,7.765102,1.786525,6.489266,-0.091143,-0.232856,0.439613,-4.003467,-5.101027,8.155603,1.117765,-0.878218,1,0,,38.991369,-76.936645,-10.045000,,,
2026-09-11T17:40:29.067,29.303136,2.309015,55.387095,21.379766,0.000000,-31.439399,10.816307,2.267993,0.218970,0.460990,7.780122,1.785589,6.565551,0.214751,0.007888,0.462474,-4.450356,2.115883,13.480908,0.783971,-0.816885,1,0,,38.991369,-76.936645,-10.045000,,,
2026-09-11T17:40:29.101,29.336555,2.309692,55.464499,21.386035,0.000000,-31.080284,10.692758,2.269587,0.200267,0.421616,7.794871,1.783637,6.641671,0.224622,0.050512,0.423099,-1.176602,1.220732,14.364879,0.664895,-0.808404,1,1,29.308131,38.991364,-76.936618,-9.981000,6.502777,-2.308407,5.483304
2026-09-11T17:40:29.135,29.369976,2.300557,55.541026,21.301451,0.000000,-31.067238,10.688270,2.260644,0.223150,0.469789,7.809766,1.780481,6.717633,0.015979,-0.312339,0.471273,4.247751,-0.688525,7.958097,0.897440,-0.930369,1,0,,38.991364,-76.936618,-9.981000,,,
2026-09-11T17:40:29.168,29.403382,2.301154,55.618020,21.306981,0.000000,-30.668297,10.551019,2.262247,0.191304,0.402744,7.824340,1.776352,6.793385,-0.156376,-0.185759,0.404228,2.412436,5.808871,4.813888,1.009849,-0.620901,1,0,,38.991364,-76.936618,-9.981000,,,
2026-09-11T17:40:29.201,29.436788,2.330243,55.695936,21.576323,0.000000,-27.346306,9.408133,2.298899,0.184896,0.389254,7.837569,1.771821,6.869692,0.013657,0.027996,0.390737,1.034307,-0.675188,7.497380,1.033963,-0.733214,1,0,,38.991364,-76.936618,-9.981000,,,
2026-09-11T17:40:29.235,29.470197,2.349647,55.774229,21.755987,0.000000,-23.269005,8.005391,2.326749,0.149431,0.314591,7.849326,1.767047,6.947019,-0.015898,-0.104335,0.316075,-1.092167,-3.339164,11.692273,0.922002,-1.006083,1,0,,38.991364,-76.936618,-9.981000,,,
2026-09-11T17:40:29.268,29.503621,2.379187,55.854128,22.029505,0.000000,-20.818367,7.162282,2.360622,0.121226,0.255212,7.858849,1.762513,7.025354,0.017309,-0.025057,0.256696,0.936339,-0.596342,8.384097,0.941454,-1.090157,1,0,,38.991364,-76.936618,-9.981000,,,
2026-09-11T17:40:29.301,29.537028,2.398953,55.933776,22.212526,0.000000,-20.023918,6.888963,2.381634,0.123997,0.261046,7.867472,1.757689,7.104525,0.131318,-0.007667,0.262530,1.282612,2.998089,8.878549,0.978660,-0.942012,1,0,,38.991364,-76.936618,-9.981000,,,
2026-09-11T17:40:29.335,29.570431,2.399131,56.013584,22.214178,0.000000,-18.910865,6.506032,2.383681,0.122016,0.256875,7.876122,1.752163,7.184027,0.006313,-0.116658,0.258359,3.667589,2.002224,11.333546,1.166201,-0.859322,1,0,,38.991364,-76.936618,-9.981000,,,
2026-09-11T17:40:29.368,29.603839,2.399488,56.093927,22.217478,0.000000,-17.269783,5.941439,2.386598,0.104294,0.219566,7.884081,1.746303,7.263583,0.046040,0.101716,0.221050,-0.116111,1.422553,9.096256,1.106844,-0.809320,1,0,,38.991364,-76.936618,-9.981000,,,
2026-09-11T17:40:29.402,29.637261,2.380594,56.174202,22.042538,0.000000,-15.511970,5.336687,2.370275,0.082868,0.174458,7.890665,1.740524,7.342928,0.025157,0.029235,0.175942,-4.718274,-3.114396,11.272744,0.753345,-1.046293,1,0,,38.991364,-76.936618,-9.981000,,,
2026-09-11T17:40:29.435,29.670685,2.381150,56.254055,22.047688,0.000000,-13.591423,4.675948,2.373225,0.071799,0.151157,7.896107,1.734818,7.422038,-0.072224,-0.036884,0.152640,-2.637695,-1.384209,10.259227,0.544930,-1.165134,1,0,,38.991364,-76.936618,-9.981000,,,
2026-09-11T17:40:29.468,29.704098,2.362061,56.332735,21.870938,0.000000,-10.423927,3.586213,2.357436,0.057005,0.120011,7.900637,1.729162,7.500897,-0.133391,0.023100,0.121494,-2.668782,-0.994590,12.950858,0.344579,-1.252509,1,0,,38.991364,-76.936618,-9.981000,,,
2026-09-11T17:40:29.502,29.737506,2.362327,56.411677,21.873394,0.000000,-6.014976,2.069373,2.360786,0.052605,0.110747,7.904492,1.723505,7.579528,-0.193196,-0.024108,0.112231,-0.195447,2.864228,6.012849,0.309748,-1.087923,1,0,,38.991364,-76.936618,-9.981000,,,
2026-09-11T17:40:29.536,29.770915,2.372057,56.491861,21.963490,0.000000,-6.461982,2.223159,2.370271,0.052527,0.110584,7.908189,1.717615,7.658358,-0.122849,0.011053,0.112067,-1.971235,-4.923429,11.325308,0.160632,-1.428926,1,0,,38.991364,-76.936618,-9.981000,,,
2026-09-11T17:40:29.569,29.804314,2.401575,56.571042,22.236809,0.000000,-7.575035,2.606090,2.399092,0.058762,0.123710,7.912102,1.711288,7.737775,-0.063370,0.019973,0.125194,0.283118,-1.989867,11.262545,0.158910,-1.578600,1,0,,38.991364,-76.936618,-9.981000,,,
2026-09-11T17:40:29.603,29.837733,2.421464,56.652957,22.420964,0.000000,-8.654442,2.977445,2.418195,0.083359,0.175493,7.917101,1.704040,7.817977,0.042001,0.223329,0.176976,-1.759411,1.643202,17.956859,0.022109,-1.499894,1,0,,38.991364,-76.936618,-9.981000,,,
2026-09-11T17:40:29.636,29.871217,2.392557,56.732685,22.153310,0.000000,-9.664497,3.324942,2.388530,0.073026,0.153738,7.922613,1.696132,7.898102,-0.059738,-0.101652,0.155222,-2.928854,-2.008794,-0.458167,-0.195233,-1.654943,1,0,,38.991364,-76.936618,-9.981000,,,
2026-09-11T17:40:29.669,29.904628,2.363769,56.811411,21.886754,0.000000,-10.864753,3.737874,2.358741,0.091228,0.192060,7.928390,1.687729,7.977010,-0.146934,-0.085859,0.193543,-1.843160,-4.721706,6.297144,-0.345108,-1.988991,1,0,,38.991364,-76.936618,-9.981000,,,
2026-09-11T17:40:29.702,29.938040,2.335243,56.888598,21.622617,0.000000,-12.463264,4.287820,2.328706,0.107035,0.225338,7.935363,1.678335,8.054821,-0.084792,0.061445,0.226821,3.065853,-1.436576,5.321088,-0.180603,-2.111474,1,0,,38.991364,-76.936618,-9.981000,,,
2026-09-11T17:40:29.736,29.971461,2.316223,56.965968,21.446510,0.000000,-16.756172,5.764738,2.304509,0.091206,0.192013,7.942337,1.668473,8.131685,-0.081128,0.006498,0.193497,-2.116962,8.434798,9.356819,-0.357520,-1.588579,1,0,,38.991364,-76.936618,-9.981000,,,
2026-09-11T17:40:29.769,30.004878,2.355648,57.044466,21.811559,0.000000,-18.282585,6.289880,2.341468,0.134219,0.282566,7.950266,1.657564,8.208631,0.066344,-0.062501,0.284049,4.076624,8.260534,18.112393,-0.134540,-1.096989,1,0,,38.991364,-76.936618,-9.981000,,,
2026-09-11T17:40:29.803,30.038286,2.374983,57.124182,21.990584,0.000000,-21.499519,7.396624,2.355220,0.145160,0.305601,7.960091,1.644994,8.286209,0.063673,-0.085349,0.307084,2.269357,4.965401,13.008325,-0.031130,-0.827854,1,0,,38.991364,-76.936618,-9.981000,,,
2026-09-11T17:40:29.836,30.071692,2.394512,57.203534,22.171403,0.000000,-25.162773,8.656917,2.367232,0.185136,0.389760,7.971706,1.630702,8.363974,0.169544,0.093842,0.391244,2.027427,6.258800,12.049333,0.057796,-0.491153,1,0,,38.991364,-76.936618,-9.981000,,,
2026-09-11T17:40:29.869,30.105099,2.443549,57.284937,22.625449,0.000000,-29.783210,10.246517,2.404578,0.189368,0.398669,7.984875,1.614608,8.442286,0.233539,-0.031014,0.400152,0.155337,-1.320465,12.482493,0.024535,-0.650779,1,0,,38.991364,-76.936618,-9.981000,,,
2026-09-11T17:40:29.904,30.138521,2.482724,57.368812,22.988188,0.000000,-28.699684,9.873744,2.445950,0.165497,0.348415,7.997360,1.597648,8.521774,0.170364,-0.015731,0.349898,3.127635,3.857936,10.866749,0.183318,-0.466688,1,0,,38.991364,-76.936618,-9.981000,,,
2026-09-11T17:40:29.936,30.171937,2.512249,57.452243,23.261562,0.000000,-27.040062,9.302774,2.479207,0.175773,0.370049,8.009364,1.579760,8.602294,0.008917,-0.048788,0.371533,-0.296455,4.152136,8.260926,0.117882,-0.269844,1,0,,38.991364,-76.936618,-9.981000,,,
2026-09-11T17:40:29.970,30.205347,2.532153,57.536414,23.445864,0.000000,-22.079048,7.596003,2.509933,0.157584,0.331757,8.021088,1.560880,8.683663,-0.156031,-0.094946,0.333240,-0.488371,-4.956673,7.765396,0.040350,-0.659045,1,0,,38.991364,-76.936618,-9.981000,,,
2026-09-11T17:40:30.003,30.238756,2.542236,57.621520,23.539226,0.000000,-15.549049,5.349443,2.531164,0.094109,0.198124,8.029939,1.542362,8.765923,-0.110205,0.162668,0.199608,-0.253404,-1.336744,11.210570,-0.015336,-0.788297,1,0,,38.991364,-76.936618,-9.981000,,,
2026-09-11T17:40:30.036,30.272164,2.572018,57.707400,23.814983,0.000000,-8.744392,3.008392,2.568474,0.060332,0.127014,8.035370,1.524682,8.849292,-0.012931,-0.048328,0.128498,-0.349705,0.294396,6.279296,-0.067141,-0.799262,1,0,,38.991364,-76.936618,-9.981000,,,
2026-09-11T17:40:30.070,30.305584,2.572094,57.793508,23.815684,0.000000,-4.717216,1.622895,2.571062,0.029387,0.061868,8.038527,1.507582,8.933468,-0.116987,0.019695,0.063352,1.038720,-1.056863,6.335684,-0.020624,-0.886730,1,0,,38.991364,-76.936618,-9.981000,,,
2026-09-11T17:40:30.104,30.339008,2.581737,57.879912,23.904975,0.000000,-5.128517,1.764398,2.580513,0.013535,0.028494,8.040037,1.491015,9.017955,-0.034786,-0.048628,0.029978,0.319501,4.480364,9.989936,-0.012995,-0.609352,1,1,30.308893,38.991363,-76.936591,-10.014000,8.841731,-2.368267,4.221082
2026-09-11T17:40:30.137,30.372425,2.562743,57.965861,23.729104,0.000000,-5.314598,1.828417,2.561438,0.018778,0.039533,8.041173,1.474544,9.102277,-0.052177,-0.001604,0.041017,-0.490921,5.322167,8.957002,-0.049067,-0.282401,1,0,,38.991363,-76.936591,-10.014000,,,
2026-09-11T17:40:30.170,30.405835,2.534114,58.050294,23.464015,0.000000,-5.391502,1.854875,2.532786,0.021569,0.045409,8.042592,1.457985,9.185752,-0.104075,-0.166400,0.046892,-2.439796,-2.512072,6.881719,-0.204189,-0.466879,1,0,,38.991363,-76.936591,-10.014000,,,
2026-09-11T17:40:30.204,30.439244,2.514754,58.134147,23.284755,0.000000,-5.276832,1.815424,2.513491,0.020698,0.043575,8.044079,1.441426,9.268409,-0.049735,0.062236,0.045058,-0.531520,1.691549,2.389586,-0.230004,-0.376996,1,0,,38.991363,-76.936591,-10.014000,,,
2026-09-11T17:40:30.237,30.472664,2.486199,58.217099,23.020363,0.000000,-5.346870,1.839520,2.484918,0.031520,0.066358,8.045916,1.424712,9.350248,-0.250102,-0.082439,0.067842,1.772552,0.280961,13.327924,-0.103066,-0.382952,1,0,,38.991363,-76.936591,-10.014000,,,
2026-09-11T17:40:30.271,30.506086,2.438207,58.298354,22.575994,0.000000,-5.646934,1.942753,2.436806,0.035604,0.074956,8.048277,1.407827,9.430751,-0.209812,0.082913,0.076440,-4.003467,-4.177437,4.363175,-0.347690,-0.678530,1,0,,38.991363,-76.936591,-10.014000,,,
2026-09-11T17:40:30.305,30.539509,2.390431,58.379289,22.133618,0.000000,-6.488762,2.232372,2.388617,0.056137,0.118182,8.051505,1.390628,9.509548,-0.094043,0.126517,0.119666,-7.332236,-7.008813,3.673081,-0.803118,-1.160476,1,0,,38.991363,-76.936591,-10.014000,,,
2026-09-11T17:40:30.337,30.572916,2.342239,58.456272,21.687400,0.000000,-6.455116,2.220797,2.340480,0.064750,0.136315,8.055756,1.372984,9.586572,0.053308,-0.066233,0.137798,-4.339050,-3.429876,-1.267804,-1.059554,-1.407737,1,0,,38.991363,-76.936591,-10.014000,,,
2026-09-11T17:40:30.370,30.606320,2.312996,58.533801,21.416629,0.000000,-6.538200,2.249381,2.311214,0.044681,0.094066,8.059604,1.355478,9.662290,-0.117543,-0.096640,0.095549,-2.644069,4.449669,13.500521,-1.204791,-1.136065,1,0,,38.991363,-76.936591,-10.014000,,,
2026-09-11T17:40:30.404,30.639746,2.283917,58.610760,21.147377,0.000000,-6.337700,2.180401,2.282263,0.038219,0.080461,8.062520,1.338339,9.737134,0.005180,-0.024813,0.081944,0.791299,-2.064692,3.090174,-1.130503,-1.286621,1,0,,38.991363,-76.936591,-10.014000,,,
2026-09-11T17:40:30.438,30.673168,2.284279,58.686774,21.150730,0.000000,-6.229210,2.143077,2.282681,0.040571,0.085412,8.065292,1.321155,9.811470,0.065113,0.001959,0.086895,1.341354,0.568295,12.683529,-1.025143,-1.265852,1,0,,38.991363,-76.936591,-10.014000,,,
2026-09-11T17:40:30.471,30.706573,2.284538,58.762549,21.153133,0.000000,-6.584892,2.265444,2.282753,0.030045,0.063253,8.067775,1.303915,9.885761,0.069772,-0.076061,0.064737,-0.941242,-0.668225,6.631747,-1.072411,-1.322025,1,0,,38.991363,-76.936591,-10.014000,,,
2026-09-11T17:40:30.506,30.739983,2.284841,58.839748,21.155935,0.000000,-6.639137,2.284107,2.283026,0.047823,0.100679,8.070514,1.286360,9.959995,0.110468,-0.092621,0.102163,2.709970,2.367423,2.426067,-0.890512,-1.186753,1,0,,38.991363,-76.936591,-10.014000,,,
2026-09-11T17:40:30.538,30.773395,2.285300,58.915295,21.160184,0.000000,-7.103309,2.443799,2.283221,0.043292,0.091142,8.073719,1.268366,10.034142,0.057651,-0.037967,0.092625,0.124348,-0.426982,16.891268,-0.887316,-1.232328,1,0,,38.991363,-76.936591,-10.014000,,,
2026-09-11T17:40:30.571,30.806807,2.295656,58.992334,21.256075,0.000000,-7.074470,2.433877,2.293585,0.081144,0.170830,8.078095,1.249508,10.108268,-0.135373,0.071707,0.172313,-1.389504,-0.574964,11.813483,-0.990255,-1.298856,1,0,,38.991363,-76.936591,-10.014000,,,
2026-09-11T17:40:30.605,30.840234,2.296487,59.068792,21.263769,0.000000,-7.101249,2.443090,2.294400,0.074964,0.157819,8.083588,1.229719,10.182397,-0.123951,-0.014724,0.159302,0.016966,-10.517338,7.797169,-1.006131,-2.006180,1,0,,38.991363,-76.936591,-10.014000,,,
2026-09-11T17:40:30.638,30.873638,2.306388,59.145718,21.355444,0.000000,-7.504997,2.581994,2.304046,0.087742,0.184720,8.089309,1.209380,10.256508,0.083136,0.226096,0.186204,1.193371,-1.915239,15.753501,-0.950178,-2.152992,1,0,,38.991363,-76.936591,-10.014000,,,
2026-09-11T17:40:30.671,30.907049,2.315985,59.222996,21.444302,0.000000,-7.699318,2.648848,2.313510,0.074609,0.157072,8.095019,1.188545,10.330828,0.126181,-0.026690,0.158555,2.120100,3.334653,9.859900,-0.837363,-1.954580,1,0,,38.991363,-76.936591,-10.014000,,,
2026-09-11T17:40:30.705,30.940458,2.315803,59.300058,21.442617,0.000000,-7.421913,2.553410,2.313503,0.070961,0.149391,8.100138,1.167543,10.405251,0.120080,0.090166,0.150875,1.194450,-2.798328,14.397437,-0.784858,-2.153929,1,0,,38.991363,-76.936591,-10.014000,,,
2026-09-11T17:40:30.738,30.973873,2.326236,59.377849,21.539222,0.000000,-7.152061,2.460572,2.324091,0.067321,0.141728,8.105002,1.146239,10.479783,-0.167604,-0.205583,0.143211,2.800583,1.671544,7.593878,-0.627283,-2.060878,1,0,,38.991363,-76.936591,-10.014000,,,
2026-09-11T17:40:30.772,31.007293,2.355614,59.456552,21.811237,0.000000,-6.536140,2.248672,2.353800,0.072532,0.152699,8.109922,1.124374,10.554866,0.190065,0.180982,0.154183,1.311541,-1.555237,7.141007,-0.565923,-2.179578,1,0,,38.991363,-76.936591,-10.014000,,,
2026-09-11T17:40:30.807,31.040712,2.375338,59.536804,21.993871,0.000000,-6.121406,2.105988,2.373734,0.045844,0.096513,8.114086,1.102303,10.630743,-0.034027,-0.045602,0.097997,0.206626,0.651064,7.270552,-0.576294,-2.145770,1,0,,38.991363,-76.936591,-10.014000,,,
2026-09-11T17:40:30.839,31.074121,2.385403,59.614937,22.087067,0.000000,-5.841255,2.009606,2.383936,0.039068,0.082247,8.117072,1.080379,10.707145,-0.177949,0.041656,0.083731,-2.024681,-4.852331,9.262675,-0.729968,-2.466198,1,0,,38.991363,-76.936591,-10.014000,,,
2026-09-11T17:40:30.872,31.107529,2.376167,59.694506,22.001549,0.000000,-5.760231,1.981731,2.374746,0.036325,0.076473,8.119723,1.058389,10.783543,-0.152534,-0.010168,0.077956,0.378341,8.839616,8.604551,-0.725729,-1.896492,1,0,,38.991363,-76.936591,-10.014000,,,
2026-09-11T17:40:30.907,31.140936,2.396178,59.775316,22.186838,0.000000,-5.979957,2.057325,2.394634,0.024676,0.051949,8.121868,1.036401,10.860121,-0.108339,0.073162,0.053432,1.160911,9.440862,7.413141,-0.669796,-1.290549,1,0,,38.991363,-76.936591,-10.014000,,,
2026-09-11T17:40:30.939,31.174357,2.386820,59.854383,22.100186,0.000000,-6.993446,2.406002,2.384716,0.063625,0.133947,8.124975,1.013720,10.936712,-0.104943,-0.034127,0.135430,-1.705671,3.038394,13.479045,-0.798264,-1.117958,1,0,,38.991363,-76.936591,-10.014000,,,
2026-09-11T17:40:30.972,31.207766,2.386737,59.933109,22.099417,0.000000,-10.112877,3.479201,2.382338,0.086235,0.181547,8.130245,0.989792,11.012702,-0.134066,0.025139,0.183031,-2.818627,2.359578,9.830578,-0.996622,-0.998563,1,0,,38.991363,-76.936591,-10.014000,,,
2026-09-11T17:40:31.007,31.241180,2.367723,60.013566,21.923364,0.000000,-14.641990,5.037382,2.358578,0.084839,0.178609,8.136262,0.965212,11.088053,-0.102064,0.021929,0.180092,0.457971,6.543683,14.998585,-0.980028,-0.609033,1,0,,38.991363,-76.936591,-10.014000,,,
2026-09-11T17:40:31.039,31.274588,2.368167,60.091847,21.927468,0.000000,-18.332023,6.306889,2.353834,0.108917,0.229300,8.143076,0.939924,11.162663,0.049835,0.040691,0.230783,1.139827,-4.175181,10.956774,-0.917913,-0.924910,1,0,,38.991363,-76.936591,-10.014000,,,
2026-09-11T17:40:31.073,31.308007,2.378327,60.171370,22.021544,0.000000,-19.510994,6.712498,2.362024,0.123562,0.260131,8.151254,0.913432,11.236977,0.158771,0.015792,0.261614,0.793064,9.179025,11.723164,-0.876116,-0.378090,1,0,,38.991363,-76.936591,-10.014000,,,
2026-09-11T17:40:31.106,31.341429,2.369002,60.251542,21.935200,0.000000,-20.812187,7.160156,2.350527,0.181525,0.382157,8.161987,0.885097,11.310625,0.064324,-0.144460,0.383640,0.592812,-6.554079,-0.296455,-0.844054,-0.873834,1,1,31.311109,38.991366,-76.936565,-10.075000,11.156198,-2.037091,4.220448
2026-09-11T17:40:31.139,31.374844,2.379344,60.329653,22.030961,0.000000,-20.736656,7.134171,2.360923,0.181859,0.382860,8.174769,0.854980,11.383604,-0.167352,-0.251579,0.384344,2.150893,1.475214,11.695019,-0.709355,-0.844832,1,0,,38.991366,-76.936565,-10.075000,,,
2026-09-11T17:40:31.173,31.408253,2.370181,60.409016,21.946118,0.000000,-20.435219,7.030465,2.352360,0.181166,0.381402,8.187535,0.823938,11.456210,-0.051657,-0.039162,0.382885,1.406372,1.045781,12.317349,-0.623768,-0.843500,1,0,,38.991366,-76.936565,-10.075000,,,
2026-09-11T17:40:31.206,31.441659,2.361012,60.488619,21.861227,0.000000,-20.126228,6.924161,2.343793,0.123092,0.259141,8.198234,0.793066,11.528503,-0.132708,-0.035886,0.260624,1.314385,6.738247,9.287388,-0.542361,-0.455218,1,0,,38.991366,-76.936565,-10.075000,,,
2026-09-11T17:40:31.240,31.475073,2.371076,60.567834,21.954406,0.000000,-20.460624,7.039206,2.353204,0.158777,0.334267,8.208148,0.761793,11.600623,0.010942,0.027333,0.335750,-2.233661,2.430676,6.923691,-0.690064,-0.361438,1,0,,38.991366,-76.936565,-10.075000,,,
2026-09-11T17:40:31.273,31.508493,2.390405,60.647551,22.133376,0.000000,-20.757942,7.141494,2.371860,0.175342,0.369142,8.219902,0.728749,11.672547,-0.029704,0.017959,0.370625,0.400504,-1.717046,5.336681,-0.666559,-0.542861,1,0,,38.991366,-76.936565,-10.075000,,,
2026-09-11T17:40:31.308,31.541902,2.400151,60.728430,22.223623,0.000000,-22.624931,7.783807,2.378037,0.176058,0.370648,8.232260,0.694433,11.744326,-0.086456,0.115538,0.372131,0.566530,-2.764691,6.519755,-0.632336,-0.790354,1,0,,38.991366,-76.936565,-10.075000,,,
2026-09-11T17:40:31.339,31.575311,2.381098,60.806893,22.047200,0.000000,-22.789039,7.840266,2.358840,0.154884,0.326072,8.243898,0.659659,11.815616,0.157490,0.141073,0.327556,2.769986,8.554243,10.888128,-0.456020,-0.295613,1,0,,38.991366,-76.936565,-10.075000,,,
2026-09-11T17:40:31.373,31.608730,2.342790,60.885755,21.692501,0.000000,-22.207451,7.640178,2.321992,0.165351,0.348107,8.255164,0.624588,11.885729,-0.079985,-0.100618,0.349590,-1.506007,2.020954,11.572632,-0.558092,-0.231501,1,0,,38.991366,-76.936565,-10.075000,,,
2026-09-11T17:40:31.408,31.642154,2.352914,60.965438,21.786243,0.000000,-20.123481,6.923216,2.335758,0.133992,0.282088,8.265696,0.589217,11.955251,-0.006598,0.048016,0.283571,1.771081,-10.947654,1.736169,-0.446067,-0.997763,1,0,,38.991366,-76.936565,-10.075000,,,
2026-09-11T17:40:31.440,31.675564,2.334074,61.042067,21.611796,0.000000,-16.104545,5.540555,2.323169,0.107012,0.225288,8.274171,0.554088,12.024818,0.082150,-0.064396,0.226771,1.861302,-4.123598,4.418582,-0.327761,-1.304943,1,0,,38.991366,-76.936565,-10.075000,,,
2026-09-11T17:40:31.473,31.708971,2.286317,61.118286,21.169603,0.000000,-11.046714,3.800475,2.281289,0.053401,0.112424,8.279812,0.520073,12.093852,0.032497,-0.041089,0.113907,0.479251,-2.658093,8.990639,-0.298126,-1.496633,1,0,,38.991366,-76.936565,-10.075000,,,
2026-09-11T17:40:31.508,31.742393,2.277056,61.195861,21.083850,0.000000,-5.098304,1.754004,2.275989,0.078751,0.165791,8.284461,0.486446,12.162215,-0.132028,0.008092,0.167274,1.437067,1.268784,10.081629,-0.205248,-1.440013,1,0,,38.991366,-76.936565,-10.075000,,,
2026-09-11T17:40:31.540,31.775812,2.267666,61.271499,20.996907,0.000000,-5.530891,1.902830,2.266415,0.051123,0.107628,8.289030,0.452643,12.230211,0.030992,0.071984,0.109111,-1.542488,0.404328,-0.602815,-0.304055,-1.431323,1,0,,38.991366,-76.936565,-10.075000,,,
2026-09-11T17:40:31.574,31.809217,2.277169,61.347148,21.084900,0.000000,-6.007423,2.066774,2.275688,0.036755,0.077380,8.292120,0.419233,12.298339,-0.086959,0.003730,0.078863,2.945722,3.451843,12.455524,-0.109798,-1.221249,1,0,,38.991366,-76.936565,-10.075000,,,
2026-09-11T17:40:31.607,31.842628,2.267718,61.423230,20.997386,0.000000,-8.983345,3.090600,2.264419,0.085912,0.180867,8.296434,0.385055,12.366074,-0.054209,-0.153589,0.182351,-1.221026,6.690489,1.580538,-0.188995,-0.819060,1,0,,38.991366,-76.936565,-10.075000,,,
2026-09-11T17:40:31.640,31.876034,2.277842,61.499153,21.091128,0.000000,-13.166389,4.529721,2.270727,0.082198,0.173049,8.302346,0.349885,12.433225,-0.077848,-0.246465,0.174532,-0.852198,-1.368518,14.943374,-0.244350,-0.941559,1,0,,38.991366,-76.936565,-10.075000,,,
2026-09-11T17:40:31.674,31.909443,2.268195,61.574677,21.001802,0.000000,-19.278907,6.632652,2.253014,0.111500,0.234738,8.309158,0.313987,12.499797,0.158539,-0.008398,0.236221,0.484939,-0.184757,6.909570,-0.211316,-0.994929,1,0,,38.991366,-76.936565,-10.075000,,,
2026-09-11T17:40:31.708,31.942865,2.248999,61.651614,20.824065,0.000000,-23.347969,8.032558,2.226934,0.181548,0.382205,8.319468,0.276346,12.564688,-0.010582,-0.015042,0.383689,-2.653091,3.401240,13.002539,-0.383381,-0.836529,1,0,,38.991366,-76.936565,-10.075000,,,
2026-09-11T17:40:31.740,31.976281,2.259019,61.726044,20.916844,0.000000,-30.293388,10.422037,2.221750,0.198263,0.417396,8.332827,0.236892,12.627994,0.021487,-0.026692,0.418880,2.383114,-2.394196,5.114658,-0.229031,-1.059801,1,0,,38.991366,-76.936565,-10.075000,,,
2026-09-11T17:40:31.774,32.009690,2.269350,61.801568,21.012496,0.000000,-30.702629,10.562831,2.230894,0.213497,0.449467,8.347308,0.196063,12.690541,0.028496,-0.030036,0.450950,-0.662439,-6.958407,0.920943,-0.274216,-1.580649,1,0,,38.991366,-76.936565,-10.075000,,,
2026-09-11T17:40:31.809,32.043098,2.250599,61.877514,20.838875,0.000000,-30.729408,10.572044,2.212395,0.206023,0.433732,8.362061,0.154289,12.752287,-0.071665,0.079672,0.435215,0.160339,-5.600872,8.429502,-0.267945,-2.005108,1,0,,38.991366,-76.936565,-10.075000,,,
2026-09-11T17:40:31.841,32.076506,2.231517,61.950827,20.662197,0.000000,-30.512428,10.497395,2.194169,0.200191,0.421454,8.376346,0.112120,12.812995,-0.055895,-0.159890,0.422937,-1.174444,-2.062339,-3.594137,-0.351989,-2.193746,1,0,,38.991366,-76.936565,-10.075000,,,
2026-09-11T17:40:31.874,32.109924,2.221846,62.025087,20.572645,0.000000,-31.385841,10.797881,2.182506,0.219671,0.462465,8.391115,0.069115,12.872554,0.055433,0.143040,0.463949,-2.379584,-6.032267,4.995802,-0.518224,-2.642724,1,0,,38.991366,-76.936565,-10.075000,,,
2026-09-11T17:40:31.909,32.143335,2.231580,62.099802,20.662780,0.000000,-34.002647,11.698158,2.185229,0.234201,0.493055,8.407078,0.024801,12.931009,-0.028248,-0.090468,0.494538,3.657096,-1.094422,9.542165,-0.298341,-2.771603,1,0,,38.991366,-76.936565,-10.075000,,,
2026-09-11T17:40:31.941,32.176738,2.222186,62.172877,20.575800,0.000000,-38.134193,13.119562,2.164184,0.294762,0.620552,8.425677,-0.021398,12.987743,0.184439,0.033945,0.622036,-0.457774,-7.356753,2.055866,-0.354696,-3.321344,1,0,,38.991366,-76.936565,-10.075000,,,
2026-09-11T17:40:31.975,32.210144,2.232228,62.247455,20.668780,0.000000,-43.731041,15.045083,2.155712,0.275478,0.579954,8.445728,-0.068999,13.042796,0.270986,0.023780,0.581437,1.580636,0.371868,10.959128,-0.284538,-3.359026,1,0,,38.991366,-76.936565,-10.075000,,,
2026-09-11T17:40:32.009,32.243606,2.223038,62.323002,20.583684,0.000000,-45.736732,15.735114,2.139731,0.315624,0.664472,8.466549,-0.117849,13.096415,0.449225,0.187514,0.665956,-2.105978,0.336858,11.618429,-0.458357,-3.409746,1,0,,38.991366,-76.936565,-10.075000,,,
2026-09-11T17:40:32.042,32.277021,2.242885,62.397295,20.767451,0.000000,-47.535743,16.354040,2.152138,0.326994,0.688408,8.489152,-0.168449,13.148335,0.263985,0.188843,0.689892,3.806942,3.013486,10.892050,-0.249599,-3.290460,1,0,,38.991366,-76.936565,-10.075000,,,
2026-09-11T17:40:32.075,32.310427,2.272293,62.473104,21.039747,0.000000,-48.955040,16.842330,2.174824,0.300091,0.631771,8.511203,-0.220335,13.199728,0.065755,0.040044,0.633255,1.776573,11.088379,6.586244,-0.179062,-2.643175,1,1,32.308405,38.991374,-76.936540,-10.094000,13.249273,-1.204056,4.220448
2026-09-11T17:40:32.108,32.343838,2.321421,62.551146,21.494639,0.000000,-51.751747,17.804500,2.210237,0.336160,0.707706,8.533580,-0.274072,13.250619,0.041031,-0.042156,0.709190,1.297616,1.401272,7.681059,-0.142974,-2.642077,1,0,,38.991374,-76.936540,-10.094000,,,
2026-09-11T17:40:32.142,32.377252,2.360664,62.630202,21.858004,0.000000,-51.466789,17.706464,2.248833,0.333014,0.701081,8.557116,-0.330187,13.300874,0.003720,-0.031239,0.702565,2.058122,6.186819,14.247886,-0.056983,-2.332172,1,0,,38.991374,-76.936540,-10.094000,,,
2026-09-11T17:40:32.175,32.410672,2.409361,62.711354,22.308900,0.000000,-50.929832,17.521731,2.297574,0.333477,0.702057,8.580563,-0.388399,13.350936,0.052128,-0.002440,0.703541,2.570519,7.849929,4.492525,0.062084,-1.920418,1,0,,38.991374,-76.936540,-10.094000,,,
2026-09-11T17:40:32.209,32.444091,2.428723,62.793030,22.488180,0.000000,-49.544868,17.045253,2.322038,0.333748,0.702628,8.604034,-0.448597,13.400516,0.055017,0.192966,0.704112,-1.460995,-0.511809,11.995494,-0.079283,-2.055461,1,0,,38.991374,-76.936540,-10.094000,,,
2026-09-11T17:40:32.242,32.477492,2.448513,62.873203,22.671418,0.000000,-45.080986,15.509513,2.359353,0.282842,0.595456,8.625713,-0.509974,13.450035,0.041784,0.100018,0.596939,5.206841,6.341078,10.192346,0.212334,-1.731122,1,0,,38.991374,-76.936540,-10.094000,,,
2026-09-11T17:40:32.275,32.510898,2.468236,62.956257,22.854036,0.000000,-40.956306,14.090472,2.393973,0.287905,0.606115,8.645783,-0.572676,13.499655,-0.133498,0.252300,0.607599,-1.305952,-4.260303,6.128568,0.077308,-2.098973,1,0,,38.991374,-76.936540,-10.094000,,,
2026-09-11T17:40:32.310,32.544307,2.449089,63.038800,22.676752,0.000000,-38.281135,13.170115,2.384673,0.251636,0.529760,8.664757,-0.636283,13.548726,-0.002540,0.293608,0.531244,-2.720365,2.582189,-0.874263,-0.148768,-2.008051,1,0,,38.991374,-76.936540,-10.094000,,,
2026-09-11T17:40:32.343,32.577730,2.468802,63.121547,22.859275,0.000000,-30.712242,10.566138,2.426940,0.227914,0.479819,8.681629,-0.700506,13.597770,0.000228,-0.111231,0.481302,-3.582075,-1.456189,-2.017130,-0.428466,-2.173032,1,0,,38.991374,-76.936540,-10.094000,,,
2026-09-11T17:40:32.376,32.611202,2.440445,63.202368,22.596715,0.000000,-31.692085,10.903240,2.396390,0.196703,0.414112,8.696590,-0.765121,13.646679,0.005634,-0.315961,0.415595,4.886360,1.321348,12.352457,-0.155576,-2.145270,1,0,,38.991374,-76.936540,-10.094000,,,
2026-09-11T17:40:32.410,32.644609,2.440760,63.285127,22.599629,0.000000,-29.948692,10.303449,2.401401,0.204135,0.429757,8.710685,-0.829728,13.694559,0.065099,-0.171865,0.431241,-1.106779,-7.878957,6.493473,-0.267858,-2.715544,1,0,,38.991374,-76.936540,-10.094000,,,
2026-09-11T17:40:32.442,32.678013,2.402360,63.363944,22.244071,0.000000,-29.358177,10.100290,2.365129,0.163838,0.344923,8.723624,-0.894220,13.741643,0.140137,0.032089,0.346407,-1.130903,-0.574474,0.126996,-0.368864,-2.793036,1,0,,38.991374,-76.936540,-10.094000,,,
2026-09-11T17:40:32.476,32.711419,2.373208,63.443615,21.974144,0.000000,-26.683006,9.179933,2.342812,0.149803,0.315375,8.734653,-0.957940,13.788019,0.240504,0.089149,0.316858,-2.854422,3.221975,13.477868,-0.571927,-2.619113,1,0,,38.991374,-76.936540,-10.094000,,,
2026-09-11T17:40:32.511,32.744829,2.363643,63.523445,21.885587,0.000000,-22.569999,7.764908,2.341971,0.126005,0.265273,8.744352,-1.021449,13.833982,-0.012445,0.007418,0.266757,-2.295443,-2.231699,11.479076,-0.735149,-2.792315,1,0,,38.991374,-76.936540,-10.094000,,,
2026-09-11T17:40:32.543,32.778251,2.383469,63.602695,22.069155,0.000000,-17.730522,6.099950,2.369974,0.089649,0.188734,8.751939,-1.085102,13.880478,-0.031757,-0.200950,0.190218,-1.883465,6.531033,-0.425216,-0.872162,-2.385299,1,0,,38.991374,-76.936540,-10.094000,,,
2026-09-11T17:40:32.576,32.811658,2.403118,63.682844,22.251091,0.000000,-15.467338,5.321332,2.392761,0.081570,0.171726,8.757960,-1.149244,13.927626,-0.068808,-0.223880,0.173209,1.880327,2.694181,12.579186,-0.765170,-2.228828,1,0,,38.991374,-76.936540,-10.094000,,,
2026-09-11T17:40:32.609,32.845067,2.442294,63.764988,22.613830,0.000000,-14.593239,5.020610,2.432923,0.078176,0.164582,8.763578,-1.214371,13.975201,-0.042946,-0.175062,0.166065,2.073812,-1.512676,13.979576,-0.652111,-2.345528,1,0,,38.991374,-76.936540,-10.094000,,,
2026-09-11T17:40:32.643,32.878472,2.462032,63.846880,22.796593,0.000000,-14.396858,4.953047,2.452838,0.101567,0.213826,8.769898,-1.280772,14.022731,0.275860,-0.291205,0.215309,1.185232,-3.893436,8.191103,-0.604063,-2.622949,1,0,,38.991374,-76.936540,-10.094000,,,
2026-09-11T17:40:32.676,32.911878,2.433515,63.928705,22.532545,0.000000,-14.411964,4.958245,2.424409,0.093254,0.196325,8.776749,-1.347525,14.069540,-0.062074,-0.005017,0.197808,1.256330,-4.571566,12.557219,-0.556620,-2.938060,1,0,,38.991374,-76.936540,-10.094000,,,
2026-09-11T17:40:32.710,32.945301,2.356250,64.007772,21.817131,0.000000,-15.021019,5.167782,2.346673,0.050825,0.107000,8.781818,-1.412663,14.115587,-0.014080,0.229663,0.108484,4.912347,16.378871,-2.212576,-0.280025,-1.879419,1,0,,38.991374,-76.936540,-10.094000,,,
2026-09-11T17:40:32.744,32.978708,2.366442,64.088343,21.911499,0.000000,-14.712028,5.061478,2.357214,0.123157,0.259278,8.787936,-1.477421,14.160168,-0.176012,-0.219461,0.260762,0.246833,-3.935703,1.482177,-0.312146,-2.170324,1,0,,38.991374,-76.936540,-10.094000,,,
2026-09-11T17:40:32.776,33.012111,2.405123,64.167638,22.269659,0.000000,-14.223137,4.893281,2.396357,0.080359,0.169178,8.795092,-1.543433,14.204410,-0.147519,-0.322379,0.170661,1.349395,0.283510,10.095554,-0.271866,-2.171809,1,0,,38.991374,-76.936540,-10.094000,,,
2026-09-11T17:40:32.811,33.045518,2.425089,64.248790,22.454530,0.000000,-13.829689,4.757920,2.416732,0.079723,0.167838,8.800722,-1.610113,14.249405,0.120457,-0.157707,0.169321,7.716167,6.619195,9.763011,0.182444,-1.763499,1,0,,38.991374,-76.936540,-10.094000,,,
2026-09-11T17:40:32.843,33.078927,2.454616,64.330284,22.727922,0.000000,-14.227943,4.894935,2.445663,0.096841,0.203877,8.806931,-1.677890,14.294262,-0.108441,0.099710,0.205360,-0.531030,-2.030663,2.203162,0.100546,-1.925205,1,0,,38.991374,-76.936540,-10.094000,,,
2026-09-11T17:40:32.877,33.112351,2.522777,64.414604,23.359048,0.000000,-16.693687,5.743241,2.510114,0.083898,0.176628,8.813290,-1.747294,14.339552,-0.060981,-0.214845,0.178112,4.595396,8.274557,10.017787,0.355309,-1.414769,1,0,,38.991374,-76.936540,-10.094000,,,
2026-09-11T17:40:32.912,33.145829,2.542496,64.500245,23.541628,0.000000,-23.480491,8.078151,2.517267,0.201894,0.425040,8.823361,-1.819161,14.383579,0.088785,-0.293829,0.426523,4.181556,-5.214098,13.900730,0.583997,-1.824045,1,0,,38.991374,-76.936540,-10.094000,,,
2026-09-11T17:40:32.944,33.179241,2.601365,64.586752,24.086709,0.000000,-32.703514,11.251209,2.551369,0.200749,0.422630,8.837523,-1.893084,14.425417,0.111675,-0.136438,0.424114,1.234461,4.973246,16.653457,0.616537,-1.569525,1,0,,38.991374,-76.936540,-10.094000,,,
2026-09-11T17:40:32.977,33.212646,2.621645,64.674102,24.274488,0.000000,-34.019127,11.703828,2.567139,0.270091,0.568613,8.854079,-1.968936,14.465605,0.219839,0.137322,0.570097,-0.015102,8.685652,3.622773,0.564945,-1.102444,1,0,,38.991374,-76.936540,-10.094000,,,
2026-09-11T17:40:33.011,33.246052,2.651285,64.763981,24.548938,0.000000,-37.366523,12.855455,2.584829,0.302861,0.637602,8.874226,-2.046898,14.503248,0.073654,-0.008058,0.639086,1.633003,11.098774,16.153906,0.629372,-0.496580,1,0,,38.991374,-76.936540,-10.094000,,,
2026-09-11T17:40:33.044,33.279473,2.651323,64.852299,24.549283,0.000000,-37.811470,13.008533,2.583280,0.315107,0.663382,8.895966,-2.126285,14.538764,0.034650,-0.053977,0.664866,1.322623,1.177681,3.570896,0.686087,-0.543411,1,0,,38.991374,-76.936540,-10.094000,,,
2026-09-11T17:40:33.077,33.312893,2.661320,64.941244,24.641854,0.000000,-36.505470,12.559221,2.597640,0.337259,0.710019,8.918915,-2.206912,14.572099,-0.167323,-0.075840,0.711502,0.417567,-6.007652,13.078835,0.691909,-1.063120,1,1,33.307191,38.991389,-76.936521,-10.136000,14.897690,0.516686,3.460750
2026-09-11T17:40:33.111,33.346302,2.661961,65.030143,24.647790,0.000000,-33.876991,11.654928,2.607077,0.293908,0.618753,8.941112,-2.288436,14.604102,-0.091769,0.008454,0.620236,-1.441381,-0.653025,3.994445,0.586362,-1.215565,1,0,,38.991389,-76.936521,-10.136000,,,
2026-09-11T17:40:33.144,33.379709,2.642902,65.117824,24.471311,0.000000,-30.541954,10.507553,2.598582,0.240521,0.506360,8.959905,-2.369873,14.635875,0.000481,0.208088,0.507844,-3.098313,-5.990981,13.793642,0.379652,-1.692331,1,0,,38.991389,-76.936521,-10.136000,,,
2026-09-11T17:40:33.178,33.413128,2.585226,65.204752,23.937280,0.000000,-27.489128,9.457269,2.550089,0.208151,0.438212,8.975689,-2.450384,14.667115,-0.141323,0.009879,0.439695,-0.847295,-3.176080,9.385651,0.324026,-1.969026,1,0,,38.991389,-76.936521,-10.136000,,,
2026-09-11T17:40:33.212,33.446539,2.546797,65.291373,23.581450,0.000000,-19.889335,6.842661,2.528656,0.172008,0.362123,8.989059,-2.529778,14.697701,-0.350011,-0.121119,0.363607,3.192457,-7.250547,-2.049001,0.533526,-2.493124,1,0,,38.991389,-76.936521,-10.136000,,,
2026-09-11T17:40:33.244,33.479943,2.537438,65.374690,23.494798,0.000000,-14.852104,5.109669,2.527355,0.108255,0.227905,8.998913,-2.608467,14.728713,0.039551,0.090856,0.229388,-3.144993,2.335454,10.974034,0.333031,-2.369350,1,0,,38.991389,-76.936521,-10.136000,,,
2026-09-11T17:40:33.278,33.513350,2.450431,65.456058,22.689179,0.000000,-13.138923,4.520272,2.442809,0.087242,0.183667,9.005788,-2.685527,14.759776,0.113680,0.235699,0.185150,-4.978640,0.506906,11.906548,0.017581,-2.356979,1,0,,38.991389,-76.936521,-10.136000,,,
2026-09-11T17:40:33.312,33.546770,2.391949,65.536903,22.147676,0.000000,-13.059272,4.492869,2.384599,0.094797,0.199573,9.012192,-2.760546,14.789577,0.155071,0.200242,0.201057,-1.369401,1.180230,8.289463,-0.062185,-2.302933,1,0,,38.991389,-76.936521,-10.136000,,,
2026-09-11T17:40:33.345,33.580188,2.372709,65.615720,21.969531,0.000000,-15.207100,5.231800,2.362824,0.123282,0.259540,9.019863,-2.834781,14.817763,-0.111770,0.133049,0.261024,2.519034,-0.931239,9.211092,0.113103,-2.394997,1,0,,38.991389,-76.936521,-10.136000,,,
2026-09-11T17:40:33.378,33.613595,2.353709,65.694217,21.793604,0.000000,-19.357872,6.659818,2.337827,0.132907,0.279804,9.028872,-2.908754,14.844429,-0.115253,0.160912,0.281288,2.284753,-3.287385,-2.238956,0.271877,-2.641072,1,0,,38.991389,-76.936521,-10.136000,,,
2026-09-11T17:40:33.412,33.647004,2.383247,65.775290,22.067106,0.000000,-24.102592,8.292176,2.358332,0.151075,0.318053,9.038859,-2.983089,14.869931,-0.066723,-0.099625,0.319536,-1.171600,10.218137,8.304566,0.200560,-2.016993,1,0,,38.991389,-76.936521,-10.136000,,,
2026-09-11T17:40:33.445,33.680413,2.373901,65.853616,21.980563,0.000000,-31.640587,10.885523,2.331186,0.200287,0.421658,9.051215,-3.058012,14.893518,0.066178,-0.020672,0.423141,0.050602,3.016428,4.819870,0.202837,-1.880764,1,0,,38.991389,-76.936521,-10.136000,,,
2026-09-11T17:40:33.478,33.713832,2.403520,65.934199,22.254815,0.000000,-30.890083,10.627322,2.362294,0.214994,0.452619,9.065824,-3.133719,14.915120,0.004675,0.002890,0.454103,-5.078472,-3.898928,16.414371,-0.131317,-2.199027,1,0,,38.991389,-76.936521,-10.136000,,,
2026-09-11T17:40:33.513,33.747255,2.365328,66.014622,21.901184,0.000000,-30.804939,10.598029,2.324979,0.190442,0.400930,9.080088,-3.209587,14.935758,-0.064883,0.043704,0.402414,2.146382,0.194270,7.130611,-0.002189,-2.240057,1,0,,38.991389,-76.936521,-10.136000,,,
2026-09-11T17:40:33.545,33.780675,2.395013,66.093974,22.176045,0.000000,-30.351753,10.442117,2.355348,0.168193,0.354092,9.092705,-3.285351,14.956065,-0.158499,-0.012723,0.355575,1.763726,1.575929,9.013979,0.092610,-2.184875,1,0,,38.991389,-76.936521,-10.136000,,,
2026-09-11T17:40:33.579,33.814083,2.395498,66.173565,22.180533,0.000000,-29.064293,9.999183,2.359111,0.180304,0.379587,9.104960,-3.361815,14.975765,-0.141591,-0.049519,0.381071,-2.412044,8.934545,7.097759,-0.088316,-1.658349,1,0,,38.991389,-76.936521,-10.136000,,,
2026-09-11T17:40:33.612,33.847491,2.375791,66.252803,21.998066,0.000000,-28.403740,9.771929,2.341321,0.195990,0.412611,9.118193,-3.438446,14.993977,-0.272818,0.002372,0.414094,-1.275061,-0.207116,-1.108936,-0.197822,-1.733500,1,0,,38.991389,-76.936521,-10.136000,,,
2026-09-11T17:40:33.645,33.880903,2.385846,66.332714,22.091171,0.000000,-28.757362,9.893588,2.350366,0.193595,0.407568,9.131895,-3.515251,15.010900,-0.195454,-0.082168,0.409051,-1.198078,-7.801582,8.959846,-0.301176,-2.298586,1,0,,38.991389,-76.936521,-10.136000,,,
2026-09-11T17:40:33.679,33.914321,2.395885,66.411975,22.184125,0.000000,-30.435524,10.470937,2.355987,0.211415,0.445083,9.146142,-3.592603,15.026573,-0.008244,0.019676,0.446567,-0.431296,1.227498,6.372459,-0.353757,-2.279189,1,0,,38.991389,-76.936521,-10.136000,,,
2026-09-11T17:40:33.714,33.947742,2.425516,66.494072,22.458486,0.000000,-33.010444,11.356804,2.378025,0.238871,0.502887,9.161983,-3.670838,15.040473,0.092632,0.091855,0.504370,0.341468,3.334163,11.209295,-0.354390,-2.133214,1,0,,38.991389,-76.936521,-10.136000,,,
2026-09-11T17:40:33.746,33.981200,2.454985,66.575441,22.731344,0.000000,-35.102653,12.076601,2.400653,0.274776,0.578477,9.180073,-3.750369,15.052219,0.058354,-0.059803,0.579960,-1.540429,1.987514,6.074435,-0.476108,-2.088428,1,0,,38.991389,-76.936521,-10.136000,,,
2026-09-11T17:40:33.779,34.014602,2.475110,66.657915,22.917681,0.000000,-35.709648,12.285429,2.418429,0.286535,0.603231,9.199809,-3.830820,15.061825,0.069134,-0.021019,0.604715,-1.240737,1.534741,16.170872,-0.578514,-2.078029,1,0,,38.991389,-76.936521,-10.136000,,,
2026-09-11T17:40:33.813,34.048003,2.437022,66.739853,22.565023,0.000000,-34.909019,12.009984,2.383679,0.275996,0.581045,9.219587,-3.911173,15.069769,0.230911,0.001586,0.582528,0.317441,-0.731282,9.209327,-0.577460,-2.209513,1,0,,38.991389,-76.936521,-10.136000,,,
2026-09-11T17:40:33.846,34.081421,2.456990,66.821769,22.749912,0.000000,-33.752022,11.611934,2.406704,0.231106,0.486540,9.237425,-3.991334,15.077066,0.308596,0.089634,0.488023,3.208932,3.736138,6.238304,-0.389678,-2.036707,1,0,,38.991389,-76.936521,-10.136000,,,
2026-09-11T17:40:33.880,34.114832,2.447372,66.903331,22.660856,0.000000,-32.303886,11.113722,2.401476,0.252868,0.532353,9.254446,-4.071808,15.083398,0.047969,0.045040,0.533837,-3.158134,5.073078,10.002391,-0.615989,-1.786326,1,0,,38.991389,-76.936521,-10.136000,,,
2026-09-11T17:40:33.914,34.148248,2.447625,66.986921,22.663195,0.000000,-31.930351,10.985212,2.402776,0.209520,0.441094,9.270710,-4.152273,15.088737,0.156239,0.126453,0.442578,-3.471848,1.774317,3.374468,-0.858596,-1.737957,1,0,,38.991389,-76.936521,-10.136000,,,
2026-09-11T17:40:33.946,34.181655,2.438183,67.066945,22.575771,0.000000,-31.508064,10.839930,2.394677,0.256780,0.540590,9.287108,-4.232681,15.092679,0.072279,0.060334,0.542073,-1.651734,3.187357,11.437202,-0.980900,-1.613919,1,0,,38.991389,-76.936521,-10.136000,,,
2026-09-11T17:40:33.979,34.215056,2.429030,67.147915,22.491021,0.000000,-31.465492,10.825284,2.385804,0.199139,0.419240,9.303138,-4.312837,15.095453,-0.058052,-0.009831,0.420723,2.440385,-0.911724,5.924786,-0.837369,-1.737320,1,0,,38.991389,-76.936521,-10.136000,,,
2026-09-11T17:40:34.014,34.248456,2.419598,67.229489,22.403688,0.000000,-31.911812,10.978834,2.375314,0.256312,0.539604,9.319150,-4.392685,15.096912,0.022829,-0.042032,0.541087,2.500990,-1.748624,0.905056,-0.692535,-1.931669,1,0,,38.991389,-76.936521,-10.136000,,,
2026-09-11T17:40:34.046,34.281874,2.449148,67.311120,22.677298,0.000000,-32.014122,11.014033,2.404036,0.226481,0.476803,9.336133,-4.472951,15.096624,0.284411,0.048529,0.478286,1.957309,6.074337,9.133129,-0.589824,-1.609069,1,0,,38.991389,-76.936521,-10.136000,,,
2026-09-11T17:40:34.080,34.315283,2.430387,67.392192,22.503585,0.000000,-31.974983,11.000568,2.385729,0.233746,0.492097,9.352319,-4.553319,15.095402,0.227114,0.080035,0.493580,1.323113,5.306378,9.347503,-0.533904,-1.341590,1,1,34.308088,38.991410,-76.936512,-10.134000,15.688048,2.799703,3.460750
2026-09-11T17:40:34.113,34.348713,2.440792,67.473663,22.599929,0.000000,-31.917305,10.980724,2.396105,0.216787,0.456394,9.368173,-4.633566,15.093040,0.151427,0.002712,0.457877,-2.627300,10.822619,5.136821,-0.735232,-0.714655,1,0,,38.991410,-76.936512,-10.134000,,,
2026-09-11T17:40:34.146,34.382116,2.421561,67.554200,22.421857,0.000000,-32.018242,11.015450,2.376945,0.227778,0.479532,9.383804,-4.713546,15.089515,0.006964,0.013930,0.481015,-1.247504,-3.225898,9.242277,-0.847308,-1.006728,1,0,,38.991410,-76.936512,-10.134000,,,
2026-09-11T17:40:34.180,34.415519,2.431373,67.635626,22.512710,0.000000,-31.722984,10.913871,2.387396,0.219291,0.461666,9.399523,-4.793318,15.084685,0.088175,0.069325,0.463149,3.957964,1.679095,11.418569,-0.623574,-0.975903,1,0,,38.991410,-76.936512,-10.134000,,,
2026-09-11T17:40:34.215,34.448918,2.451068,67.718327,22.695070,0.000000,-31.400261,10.802842,2.407630,0.210752,0.443689,9.414642,-4.873508,15.078919,0.082929,-0.050901,0.445173,3.309156,9.035847,10.071234,-0.445338,-0.467453,1,0,,38.991410,-76.936512,-10.134000,,,
2026-09-11T17:40:34.247,34.482335,2.480414,67.800938,22.966795,0.000000,-31.850013,10.957573,2.435191,0.235949,0.496734,9.430356,-4.954436,15.071637,0.197406,-0.092100,0.498218,0.768645,12.748057,2.468530,-0.430346,0.266841,1,0,,38.991410,-76.936512,-10.134000,,,
2026-09-11T17:40:34.280,34.515753,2.509845,67.884608,23.239308,0.000000,-31.888466,10.970802,2.463976,0.243832,0.513330,9.447233,-5.036171,15.062470,0.027281,-0.110835,0.514814,3.172255,4.929117,12.387368,-0.253790,0.483450,1,0,,38.991410,-76.936512,-10.134000,,,
2026-09-11T17:40:34.314,34.549159,2.549182,67.970317,23.603532,0.000000,-32.024421,11.017576,2.502197,0.231168,0.486669,9.463936,-5.118836,15.051980,0.078176,-0.187671,0.488153,-0.429727,10.850372,5.170262,-0.310001,1.083985,1,0,,38.991410,-76.936512,-10.134000,,,
2026-09-11T17:40:34.347,34.582565,2.568882,68.056778,23.785949,0.000000,-31.332969,10.779691,2.523551,0.241902,0.509268,9.480571,-5.202307,15.040100,0.005721,0.002395,0.510752,0.570551,3.225015,11.973233,-0.299553,1.179927,1,0,,38.991410,-76.936512,-10.134000,,,
2026-09-11T17:40:34.380,34.615969,2.579098,68.142066,23.880536,0.000000,-31.116676,10.705278,2.534210,0.213344,0.449146,9.496578,-5.286125,15.027126,0.202552,0.072237,0.450629,1.936715,4.228824,8.694184,-0.195897,1.349324,1,0,,38.991410,-76.936512,-10.134000,,,
2026-09-11T17:40:34.414,34.649383,2.598911,68.229838,24.063994,0.000000,-30.064048,10.343136,2.556679,0.220368,0.463932,9.511833,-5.370333,15.013151,0.035167,-0.101497,0.465416,-0.309008,5.534089,9.374471,-0.233676,1.598391,1,0,,38.991410,-76.936512,-10.134000,,,
2026-09-11T17:40:34.447,34.682803,2.598840,68.316105,24.063333,0.000000,-28.673591,9.864768,2.560416,0.213847,0.450204,9.527108,-5.454769,14.997843,-0.017468,-0.070986,0.451688,-0.930651,4.373472,7.323018,-0.305616,1.771736,1,0,,38.991410,-76.936512,-10.134000,,,
2026-09-11T17:40:34.481,34.716214,2.589378,68.402874,23.975726,0.000000,-26.715965,9.191272,2.556132,0.175384,0.369230,9.540797,-5.539028,14.982067,0.044998,-0.047974,0.370714,-0.765409,2.631320,8.206793,-0.357345,1.843783,1,0,,38.991410,-76.936512,-10.134000,,,
2026-09-11T17:40:34.515,34.749616,2.521953,68.488367,23.351413,0.000000,-24.863395,8.553920,2.493899,0.155338,0.327028,9.552425,-5.622072,14.966341,0.090471,0.129263,0.328511,0.475034,8.949157,14.352621,-0.320164,2.332745,1,0,,38.991410,-76.936512,-10.134000,,,
2026-09-11T17:40:34.547,34.783024,2.502968,68.570647,23.175633,0.000000,-23.102150,7.947987,2.478925,0.151849,0.319682,9.563228,-5.703723,14.950237,0.013702,0.041208,0.321166,-3.209913,-4.119676,1.665856,-0.517096,1.970822,1,0,,38.991410,-76.936512,-10.134000,,,
2026-09-11T17:40:34.582,34.816442,2.483844,68.653873,22.998551,0.000000,-18.432274,6.341379,2.468646,0.133674,0.281419,9.573272,-5.784862,14.933696,-0.157049,0.033427,0.282902,1.062354,3.111356,14.418816,-0.433484,2.087964,1,0,,38.991410,-76.936512,-10.134000,,,
2026-09-11T17:40:34.614,34.849857,2.464853,68.735640,22.822716,0.000000,-17.923469,6.166331,2.450592,0.106522,0.224258,9.581720,-5.865483,14.917228,0.015770,-0.048515,0.225741,-3.080073,-0.281843,3.238450,-0.617419,1.993251,1,0,,38.991410,-76.936512,-10.134000,,,
2026-09-11T17:40:34.647,34.883257,2.397521,68.815380,22.199268,0.000000,-18.098564,6.226570,2.383377,0.122829,0.258587,9.589784,-5.944552,14.900513,0.030550,0.010746,0.260070,0.788945,1.714889,15.983173,-0.547761,2.024678,1,0,,38.991410,-76.936512,-10.134000,,,
2026-09-11T17:40:34.681,34.916662,2.378794,68.894720,22.025872,0.000000,-18.493385,6.362403,2.364143,0.140032,0.294804,9.599027,-6.021966,14.882802,-0.043327,0.048861,0.296287,-0.252423,-3.461257,14.371548,-0.545759,1.715158,1,0,,38.991410,-76.936512,-10.134000,,,
2026-09-11T17:40:34.716,34.950079,2.340479,68.973286,21.671105,0.000000,-18.292198,6.293187,2.326376,0.120690,0.254085,9.608198,-6.098315,14.864576,-0.050509,0.091167,0.255569,-0.380792,4.235394,13.339104,-0.553374,1.914669,1,0,,38.991410,-76.936512,-10.134000,,,
2026-09-11T17:40:34.748,34.983486,2.291532,69.048582,21.217884,0.000000,-18.614921,6.404216,2.277232,0.144565,0.304346,9.617526,-6.173024,14.845851,-0.305200,0.014600,0.305830,1.549058,-10.615797,-0.393149,-0.442272,1.143283,1,0,,38.991410,-76.936512,-10.134000,,,
2026-09-11T17:40:34.781,35.016904,2.272672,69.124710,21.043263,0.000000,-19.204750,6.607139,2.257578,0.086972,0.183100,9.625670,-6.246581,14.827240,0.060527,0.027946,0.184583,1.788439,5.007178,11.781219,-0.322210,1.410541,1,0,,38.991410,-76.936512,-10.134000,,,
2026-09-11T17:40:34.816,35.050308,2.292379,69.202319,21.225734,0.000000,-22.692222,7.806957,2.271132,0.156788,0.330081,9.634242,-6.319798,14.807843,-0.044617,-0.106095,0.331565,-0.349999,1.375285,12.780909,-0.343175,1.417775,1,0,,38.991410,-76.936512,-10.134000,,,
2026-09-11T17:40:34.848,35.083711,2.321704,69.278926,21.497258,0.000000,-28.672218,9.864295,2.287380,0.173228,0.364690,9.645846,-6.392995,14.786195,0.012881,0.112566,0.366173,1.433732,4.198815,13.291836,-0.250956,1.602324,1,0,,38.991410,-76.936512,-10.134000,,,
2026-09-11T17:40:34.881,35.117119,2.321912,69.356455,21.499181,0.000000,-31.376915,10.794810,2.280824,0.216569,0.455935,9.659553,-6.465850,14.762613,-0.089451,0.094202,0.457419,2.228071,-3.407811,8.529236,-0.118466,1.278841,1,0,,38.991410,-76.936512,-10.134000,,,
2026-09-11T17:40:34.916,35.150537,2.351802,69.436411,21.775944,0.000000,-34.449653,11.851945,2.301665,0.246499,0.518945,9.675842,-6.538303,14.736684,0.033562,0.007740,0.520429,1.425397,-2.749883,5.975682,-0.049246,0.991528,1,0,,38.991410,-76.936512,-10.134000,,,
2026-09-11T17:40:34.948,35.183943,2.361903,69.513894,21.869468,0.000000,-38.338813,13.189959,2.299593,0.298278,0.627953,9.694999,-6.610207,14.708090,-0.128179,-0.067476,0.629437,3.487343,0.270860,10.319734,0.148300,0.886944,1,0,,38.991410,-76.936512,-10.134000,,,
2026-09-11T17:40:34.982,35.217363,2.401446,69.594306,22.235614,0.000000,-43.215370,14.867673,2.321048,0.320159,0.674018,9.716755,-6.681511,14.676741,0.171850,-0.007060,0.675502,-0.201821,7.060102,11.930378,0.099187,1.215420,1,0,,38.991410,-76.936512,-10.134000,,,
2026-09-11T17:40:35.016,35.250768,2.411446,69.675549,22.328205,0.000000,-43.533287,14.977048,2.329528,0.308508,0.649491,9.738861,-6.752512,14.643540,0.010709,-0.070565,0.650975,1.572398,2.301817,9.676124,0.162199,1.235380,1,0,,38.991410,-76.936512,-10.134000,,,
2026-09-11T17:40:35.048,35.284171,2.411189,69.754901,22.325823,0.000000,-44.235038,15.218477,2.326633,0.335759,0.706861,9.761514,-6.822746,14.608488,0.026642,0.024230,0.708344,2.287009,-6.796793,4.347974,0.271368,0.657613,1,0,,38.991410,-76.936512,-10.134000,,,
2026-09-11T17:40:35.082,35.317589,2.411365,69.836019,22.327455,0.000000,-44.838600,15.426124,2.324494,0.328127,0.690794,9.784867,-6.892002,14.571531,0.101543,0.051187,0.692277,0.122681,3.871665,14.710466,0.241049,0.779397,1,1,35.307271,38.991431,-76.936515,-10.108000,15.479331,5.170379,3.460154
2026-09-11T17:40:35.116,35.351009,2.421193,69.917479,22.418452,0.000000,-44.250831,15.223910,2.336226,0.337324,0.710156,9.808277,-6.960515,14.532879,-0.026114,-0.061985,0.711640,-0.391874,-0.250658,10.464186,0.179677,0.629442,1,0,,38.991431,-76.936515,-10.108000,,,
2026-09-11T17:40:35.148,35.384409,2.479790,69.999588,22.961021,0.000000,-43.412437,14.935471,2.396015,0.334973,0.705207,9.831914,-7.029115,14.492076,-0.074075,-0.196950,0.706691,1.770002,-1.991927,9.437528,0.263056,0.366609,1,0,,38.991431,-76.936515,-10.108000,,,
2026-09-11T17:40:35.182,35.417816,2.480287,70.082518,22.965618,0.000000,-41.702003,14.347019,2.402933,0.322924,0.679840,9.855049,-7.097879,14.449445,-0.266263,-0.144006,0.681323,0.599579,-8.764399,0.121602,0.273386,-0.327886,1,0,,38.991431,-76.936515,-10.108000,,,
2026-09-11T17:40:35.217,35.451234,2.471239,70.166028,22.881846,0.000000,-38.338813,13.189959,2.406045,0.268647,0.565574,9.875858,-7.166344,14.406229,-0.028054,0.018455,0.567057,-1.601426,2.133241,12.886527,0.142786,-0.291908,1,0,,38.991431,-76.936515,-10.108000,,,
2026-09-11T17:40:35.249,35.484644,2.452433,70.246770,22.707715,0.000000,-33.013878,11.357985,2.404404,0.246324,0.518577,9.893969,-7.234524,14.362837,-0.004552,0.115473,0.520060,0.150532,9.293174,9.889712,0.129916,0.214337,1,0,,38.991431,-76.936515,-10.108000,,,
2026-09-11T17:40:35.283,35.518064,2.433389,70.328287,22.531383,0.000000,-32.336158,11.124825,2.387664,0.253086,0.532813,9.911538,-7.301784,14.318598,0.040330,-0.004002,0.534297,0.948597,4.544696,5.381497,0.173147,0.406171,1,0,,38.991431,-76.936515,-10.108000,,,
2026-09-11T17:40:35.317,35.551471,2.433734,70.410271,22.534572,0.000000,-32.020302,11.016159,2.388888,0.246365,0.518663,9.929101,-7.368003,14.273321,0.058094,-0.029623,0.520146,0.144060,0.799340,15.918743,0.165598,0.355575,1,0,,38.991431,-76.936515,-10.108000,,,
2026-09-11T17:40:35.349,35.584872,2.433728,70.490865,22.534518,0.000000,-31.727791,10.915524,2.389696,0.272036,0.572707,9.947328,-7.433261,14.226585,-0.055516,-0.014829,0.574190,-0.028537,-6.916434,-1.887388,0.147274,-0.202000,1,0,,38.991431,-76.936515,-10.108000,,,
2026-09-11T17:40:35.383,35.618281,2.414536,70.571470,22.356816,0.000000,-32.501640,11.181757,2.368701,0.250164,0.526660,9.965692,-7.497352,14.178768,0.225444,0.019681,0.528144,1.937892,0.401386,11.229595,0.263324,-0.272144,1,0,,38.991431,-76.936515,-10.108000,,,
2026-09-11T17:40:35.417,35.651716,2.385997,70.652280,22.092569,0.000000,-32.849083,11.301290,2.339734,0.257105,0.541274,9.983545,-7.560031,14.130412,0.089128,0.089186,0.542758,1.361457,0.523969,15.230610,0.346222,-0.334852,1,0,,38.991431,-76.936515,-10.108000,,,
2026-09-11T17:40:35.450,35.685137,2.376571,70.731518,22.005290,0.000000,-32.435035,11.158842,2.331641,0.235042,0.494825,10.000859,-7.621440,14.081523,0.069189,0.071343,0.496308,-0.455911,3.695832,11.695999,0.311655,-0.184258,1,0,,38.991431,-76.936515,-10.108000,,,
2026-09-11T17:40:35.483,35.718546,2.377124,70.810654,22.010403,0.000000,-32.089653,11.040018,2.333132,0.234914,0.494555,10.017386,-7.682099,14.031991,0.138587,0.050151,0.496038,-1.830509,-1.189252,10.734163,0.189268,-0.351450,1,0,,38.991431,-76.936515,-10.108000,,,
2026-09-11T17:40:35.517,35.751956,2.358143,70.890188,21.834661,0.000000,-31.015739,10.670552,2.317367,0.214518,0.451617,10.033192,-7.741954,13.981900,0.170018,0.099208,0.453100,-0.106794,3.807432,7.984869,0.178685,-0.186565,1,0,,38.991431,-76.936515,-10.108000,,,
2026-09-11T17:40:35.550,35.785368,2.309914,70.966339,21.388092,0.000000,-30.105247,10.357310,2.272275,0.197001,0.414740,10.047665,-7.800584,13.932013,0.066110,-0.001377,0.416223,-1.795598,-2.422537,3.580898,0.058494,-0.419862,1,0,,38.991431,-76.936515,-10.108000,,,
2026-09-11T17:40:35.584,35.818781,2.320210,71.043800,21.483430,0.000000,-29.171409,10.036035,2.284707,0.197755,0.416326,10.061549,-7.858221,13.881842,-0.079996,-0.069998,0.417810,-1.488257,-0.285275,1.647027,-0.041000,-0.512851,1,0,,38.991431,-76.936515,-10.108000,,,
2026-09-11T17:40:35.617,35.852198,2.310159,71.120885,21.390363,0.000000,-28.214912,9.706965,2.277085,0.170472,0.358889,10.074502,-7.915521,13.831202,0.086631,0.049888,0.360372,-1.014106,5.578415,11.362083,-0.111104,-0.216701,1,0,,38.991431,-76.936515,-10.108000,,,
2026-09-11T17:40:35.650,35.885618,2.281040,71.196409,21.120744,0.000000,-27.837257,9.577038,2.249249,0.169003,0.355797,10.086445,-7.972013,13.780593,0.074600,-0.030652,0.357280,0.957227,-0.034617,2.605333,-0.057705,-0.285978,1,0,,38.991431,-76.936515,-10.108000,,,
2026-09-11T17:40:35.684,35.919027,2.291218,71.272810,21.214983,0.000000,-27.274894,9.383565,2.260559,0.190167,0.400352,10.099076,-8.027436,13.729223,-0.087390,-0.126644,0.401836,4.564309,-9.002897,-1.767747,0.223363,-0.941402,1,0,,38.991431,-76.936515,-10.108000,,,
2026-09-11T17:40:35.717,35.952433,2.272331,71.348414,21.040100,0.000000,-27.541313,9.475222,2.241329,0.166837,0.351235,10.111629,-8.082128,13.677273,0.067173,0.062006,0.352718,3.381529,-1.717929,9.272972,0.420428,-1.110643,1,0,,38.991431,-76.936515,-10.108000,,,
2026-09-11T17:40:35.751,35.985840,2.282079,71.425487,21.130362,0.000000,-27.783699,9.558612,2.250395,0.195753,0.412112,10.124380,-8.135965,13.624672,0.107755,0.111479,0.413595,1.437067,-2.496087,7.297619,0.483795,-1.337411,1,0,,38.991431,-76.936515,-10.108000,,,
2026-09-11T17:40:35.784,36.019263,2.272792,71.501103,21.044371,0.000000,-28.204612,9.703422,2.240276,0.205014,0.431609,10.138480,-8.188690,13.570855,-0.172215,-0.144681,0.433093,-1.725774,14.770875,2.404100,0.333281,-0.446930,1,0,,38.991431,-76.936515,-10.108000,,,
2026-09-11T17:40:35.818,36.052686,2.273677,71.578016,21.052563,0.000000,-28.151054,9.684996,2.241271,0.147895,0.311357,10.150896,-8.241114,13.517040,-0.063266,-0.014274,0.312841,3.024665,4.305708,13.230054,0.486633,-0.226112,1,0,,38.991431,-76.936515,-10.108000,,,
2026-09-11T17:40:35.850,36.086092,2.283890,71.652971,21.147128,0.000000,-28.503990,9.806419,2.250520,0.166817,0.351193,10.161963,-8.293425,13.463004,0.057936,-0.141510,0.352677,2.277104,-4.617363,-0.204665,0.587524,-0.591076,1,0,,38.991431,-76.936515,-10.108000,,,
2026-09-11T17:40:35.884,36.119502,2.294107,71.729418,21.241734,0.000000,-29.522972,10.156986,2.258155,0.184457,0.388331,10.174316,-8.344899,13.407714,0.097772,-0.051958,0.389814,3.548732,-0.541817,9.713389,0.764171,-0.693947,1,0,,38.991431,-76.936515,-10.108000,,,
2026-09-11T17:40:35.918,36.152913,2.313547,71.806993,21.421730,0.000000,-29.973411,10.311953,2.276178,0.225949,0.475682,10.188750,-8.395259,13.350727,-0.058944,0.034664,0.477166,0.149453,-1.143161,15.521574,0.716990,-0.847894,1,0,,38.991431,-76.936515,-10.108000,,,
2026-09-11T17:40:35.951,36.186328,2.342626,71.885160,21.690981,0.000000,-31.315117,10.773549,2.301334,0.233594,0.491777,10.204914,-8.444695,13.291873,0.018734,0.136333,0.493260,0.076100,11.082986,9.122146,0.668726,-0.212244,1,0,,38.991431,-76.936515,-10.108000,,,
2026-09-11T17:40:35.984,36.219747,2.381739,71.965366,22.053138,0.000000,-32.333412,11.123880,2.336992,0.263508,0.554753,10.222401,-8.493404,13.231029,-0.020717,0.258533,0.556237,-1.715968,-0.408741,9.090765,0.510433,-0.337890,1,0,,38.991431,-76.936515,-10.108000,,,
2026-09-11T17:40:36.018,36.253216,2.420990,72.047168,22.416573,0.000000,-32.545585,11.196876,2.374908,0.238650,0.502420,10.240092,-8.541904,13.168290,-0.015780,-0.052253,0.503904,2.651326,1.334391,13.577699,0.645556,-0.342660,1,0,,38.991431,-76.936515,-10.108000,,,
2026-09-11T17:40:36.051,36.286626,2.450158,72.128377,22.686649,0.000000,-31.728477,10.915761,2.405826,0.231535,0.487442,10.256628,-8.590413,13.104364,-0.018689,0.018539,0.488926,1.310659,5.396207,7.520524,0.696565,-0.083230,1,0,,38.991431,-76.936515,-10.108000,,,
2026-09-11T17:40:36.085,36.320035,2.470219,72.210703,22.872398,0.000000,-31.404381,10.804259,2.426430,0.211178,0.444586,10.272197,-8.638806,13.039336,-0.040508,0.042029,0.446070,0.945557,0.763546,8.312607,0.723447,-0.120343,1,1,36.310995,38.991448,-76.936529,-10.185000,14.261168,7.062546,3.460154
2026-09-11T17:40:36.118,36.353457,2.490096,72.294851,23.056446,0.000000,-31.251945,10.751816,2.446381,0.243094,0.511777,10.288178,-8.686479,12.972895,-0.051093,0.076996,0.513261,-0.156612,6.612036,11.504181,0.683296,0.210307,1,0,,38.991448,-76.936529,-10.185000,,,
2026-09-11T17:40:36.151,36.386878,2.519805,72.379114,23.331524,0.000000,-31.151695,10.717326,2.475851,0.244234,0.514176,10.305323,-8.733154,12.904684,0.029679,0.087080,0.515659,1.300558,-8.664862,5.542130,0.745684,-0.452909,1,0,,38.991448,-76.936529,-10.185000,,,
2026-09-11T17:40:36.185,36.420294,2.500797,72.462100,23.155526,0.000000,-31.107063,10.701971,2.457299,0.243500,0.512632,10.322479,-8.778761,12.835549,-0.097652,-0.254000,0.514115,3.164802,-6.647144,2.421066,0.932782,-0.977131,1,0,,38.991448,-76.936529,-10.185000,,,
2026-09-11T17:40:36.220,36.453732,2.461685,72.544927,22.793379,0.000000,-30.976600,10.657087,2.419225,0.196742,0.414194,10.337974,-8.823308,12.766866,-0.015580,0.082526,0.415677,8.154328,9.604927,0.399915,1.445368,-0.426956,1,0,,38.991448,-76.936529,-10.185000,,,
2026-09-11T17:40:36.252,36.487149,2.403709,72.624575,22.256562,0.000000,-30.977287,10.657324,2.362247,0.177946,0.374623,10.351154,-8.866747,12.699524,0.152052,-0.160048,0.376107,-0.227318,7.265845,20.836876,1.414883,-0.026927,1,0,,38.991448,-76.936529,-10.185000,,,
2026-09-11T17:40:36.285,36.520568,2.326477,72.702697,21.541457,0.000000,-31.624794,10.880090,2.284657,0.212029,0.446376,10.364873,-8.907734,12.633261,-0.132382,0.140333,0.447860,-0.842097,5.547426,-8.107256,1.351762,0.248798,1,0,,38.991448,-76.936529,-10.185000,,,
2026-09-11T17:40:36.319,36.553982,2.326814,72.781969,21.544572,0.000000,-31.807441,10.942927,2.284505,0.232317,0.489088,10.380502,-8.946235,12.566934,0.014652,0.049490,0.490572,-0.541817,3.988365,6.037268,1.311177,0.414231,1,0,,38.991448,-76.936529,-10.185000,,,
2026-09-11T17:40:36.352,36.587390,2.336895,72.858769,21.637915,0.000000,-32.075233,11.035057,2.293686,0.261842,0.551246,10.397879,-8.983030,12.499396,0.234579,0.154568,0.552730,-9.991800,9.385749,20.463145,0.656293,0.917689,1,0,,38.991448,-76.936529,-10.185000,,,
2026-09-11T17:40:36.386,36.620812,2.269592,72.934282,21.014738,0.000000,-31.346016,10.784180,2.229508,0.229194,0.482513,10.415154,-9.018211,12.431992,0.097640,-0.009139,0.483997,-4.279426,3.740747,1.663796,0.385227,1.062478,1,0,,38.991448,-76.936529,-10.185000,,,
2026-09-11T17:40:36.420,36.654239,2.241166,73.008815,20.751539,0.000000,-31.965370,10.997260,2.200010,0.216667,0.456142,10.430842,-9.052061,12.365733,-0.003862,-0.063060,0.457625,-0.975173,-5.434159,2.731054,0.339460,0.616050,1,0,,38.991448,-76.936529,-10.185000,,,
2026-09-11T17:40:36.452,36.687646,2.241461,73.082277,20.754270,0.000000,-31.874733,10.966078,2.200532,0.219135,0.461337,10.446168,-9.084743,12.299494,-0.143775,0.000142,0.462820,-1.259664,4.846839,9.785664,0.270197,0.839608,1,0,,38.991448,-76.936529,-10.185000,,,
2026-09-11T17:40:36.486,36.721058,2.241907,73.158006,20.758394,0.000000,-32.079353,11.036475,2.200444,0.202657,0.426647,10.461002,-9.116632,12.232875,-0.002715,0.062209,0.428131,-1.347826,4.101729,12.498379,0.185104,1.017450,1,0,,38.991448,-76.936529,-10.185000,,,
2026-09-11T17:40:36.519,36.754465,2.222111,73.233176,20.575101,0.000000,-31.894645,10.972928,2.181485,0.230011,0.484234,10.476217,-9.147195,12.165983,0.020227,0.180612,0.485717,-0.659203,-3.900203,5.370612,0.134820,0.667667,1,0,,38.991448,-76.936529,-10.185000,,,
2026-09-11T17:40:36.553,36.787887,2.202910,73.306228,20.397318,0.000000,-31.738090,10.919068,2.163028,0.213791,0.450086,10.491831,-9.176271,12.099046,-0.016895,0.031969,0.451570,0.608503,-3.544908,2.646815,0.163599,0.350045,1,0,,38.991448,-76.936529,-10.185000,,,
2026-09-11T17:40:36.586,36.821307,2.242055,73.381274,20.759766,0.000000,-33.639412,11.573192,2.196472,0.224319,0.472250,10.507243,-9.204498,12.031496,0.047559,0.061647,0.473733,1.480706,-2.924245,13.118650,0.251153,0.072070,1,0,,38.991448,-76.936529,-10.185000,,,
2026-09-11T17:40:36.619,36.854719,2.300599,73.458484,21.301838,0.000000,-36.200599,12.454335,2.246461,0.238771,0.502675,10.523530,-9.231917,11.962093,0.056698,-0.022756,0.504159,-0.314303,10.512043,-3.385648,0.217511,0.660937,1,0,,38.991448,-76.936529,-10.185000,,,
2026-09-11T17:40:36.653,36.888123,2.193973,73.530898,20.314564,0.000000,-35.973320,12.376142,2.142989,0.219425,0.461948,10.539641,-9.257894,11.893112,0.206772,-0.242816,0.463431,-9.064091,8.398611,2.718894,-0.389724,1.115553,1,0,,38.991448,-76.936529,-10.185000,,,
2026-09-11T17:40:36.686,36.921529,2.174928,73.603391,20.138222,0.000000,-34.268379,11.789580,2.129047,0.251314,0.529081,10.556194,-9.281692,11.825392,-0.154834,-0.234083,0.530565,2.184627,-1.512970,-3.979833,-0.262830,0.914666,1,0,,38.991448,-76.936529,-10.185000,,,
2026-09-11T17:40:36.721,36.954957,2.214456,73.678813,20.504223,0.000000,-32.077980,11.036002,2.173504,0.215652,0.454004,10.572626,-9.304652,11.756793,0.167310,-0.124544,0.455487,-5.682758,0.516516,-3.750259,-0.644934,0.856404,1,0,,38.991448,-76.936529,-10.185000,,,
2026-09-11T17:40:36.753,36.988377,2.243999,73.753300,20.777766,0.000000,-32.065620,11.031750,2.202533,0.205503,0.432638,10.587441,-9.327728,11.687052,-0.060971,0.097449,0.434122,1.902490,-8.780384,-1.225929,-0.534410,0.199075,1,0,,38.991448,-76.936529,-10.185000,,,
2026-09-11T17:40:36.786,37.021788,2.244563,73.828038,20.782988,0.000000,-31.360435,10.789141,2.204885,0.199669,0.420356,10.601691,-9.350237,11.616623,0.104607,0.015401,0.421839,-5.786316,10.252657,2.788423,-0.923652,0.782882,1,0,,38.991448,-76.936529,-10.185000,,,
2026-09-11T17:40:36.820,37.055203,2.215820,73.903015,20.516855,0.000000,-30.094948,10.353766,2.179740,0.168350,0.354421,10.614636,-9.372223,11.546472,0.107753,-0.125609,0.355904,1.596032,9.262185,0.650965,-0.829673,1.306354,1,0,,38.991448,-76.936529,-10.185000,,,
2026-09-11T17:40:36.853,37.088613,2.206250,73.975383,20.428245,0.000000,-28.805427,9.910124,2.173331,0.204940,0.431454,10.627764,-9.393010,11.476517,-0.087808,-0.201397,0.432937,1.493651,-2.698104,6.993613,-0.742149,1.038783,1,0,,38.991448,-76.936529,-10.185000,,,
2026-09-11T17:40:36.886,37.122021,2.216711,74.049119,20.525104,0.000000,-27.341499,9.406479,2.186905,0.134360,0.282864,10.639696,-9.413493,11.406388,0.096495,-0.099583,0.284347,0.091300,-4.989624,0.991550,-0.751570,0.646559,1,0,,38.991448,-76.936529,-10.185000,,,
2026-09-11T17:40:36.921,37.155450,2.226808,74.124688,20.618590,0.000000,-25.428505,8.748339,2.200901,0.139413,0.293501,10.649329,-9.434416,11.335947,-0.075474,0.032425,0.294984,-1.383326,-3.138913,9.341619,-0.863960,0.376611,1,0,,38.991448,-76.936529,-10.185000,,,
2026-09-11T17:40:36.953,37.188857,2.188220,74.197227,20.261293,0.000000,-24.520073,8.435805,2.164545,0.151724,0.319418,10.659567,-9.454230,11.265607,-0.053611,-0.052428,0.320901,5.331680,-3.583546,-6.524560,-0.543811,0.078168,1,0,,38.991448,-76.936529,-10.185000,,,
2026-09-11T17:40:36.986,37.222264,2.198409,74.270598,20.355640,0.000000,-23.994789,8.255088,2.175631,0.133007,0.280014,10.669580,-9.473292,11.195499,-0.149647,-0.148182,0.281498,7.918772,-4.097807,4.599711,-0.061416,-0.244880,1,0,,38.991448,-76.936529,-10.185000,,,
2026-09-11T17:40:37.021,37.255690,2.208444,74.345689,20.448559,0.000000,-23.594475,8.117365,2.186318,0.169760,0.357389,10.680233,-9.491466,11.124723,-0.189345,0.167464,0.358872,-2.419497,2.892570,12.205161,-0.253273,-0.123148,1,0,,38.991448,-76.936529,-10.185000,,,
2026-09-11T17:40:37.054,37.289102,2.180012,74.418114,20.185299,0.000000,-25.562401,8.794404,2.154383,0.159146,0.335044,10.691800,-9.508327,11.053982,0.048226,0.169569,0.336527,3.916678,0.947028,-3.533826,-0.034388,-0.124851,1,0,,38.991448,-76.936529,-10.185000,,,
2026-09-11T17:40:37.087,37.322508,2.209776,74.492510,20.460889,0.000000,-26.564216,9.139065,2.181725,0.129975,0.273632,10.701967,-9.525023,10.983339,0.148443,-0.093261,0.275116,2.311624,5.749933,6.346570,0.075580,0.192300,1,1,37.307795,38.991458,-76.936550,-10.213000,12.378971,8.230834,3.460154
2026-09-11T17:40:37.120,37.355914,2.249004,74.568034,20.824110,0.000000,-27.294807,9.390415,2.218866,0.149418,0.314564,10.711792,-9.541472,10.911550,0.357467,0.243389,0.316047,-6.858673,-3.291504,6.985767,-0.409164,-0.085598,1,0,,38.991458,-76.936550,-10.213000,,,
2026-09-11T17:40:37.154,37.389330,2.239279,74.642898,20.734067,0.000000,-27.110100,9.326869,2.209676,0.156674,0.329841,10.722558,-9.556889,10.839005,0.055158,0.113688,0.331324,0.809049,3.935311,0.466208,-0.393095,0.105225,1,0,,38.991458,-76.936550,-10.213000,,,
2026-09-11T17:40:37.188,37.422755,2.249277,74.719082,20.826638,0.000000,-27.241249,9.371989,2.219253,0.157963,0.332553,10.733629,-9.571380,10.766228,0.028289,-0.143400,0.334036,0.596048,-5.645787,1.156989,-0.394298,-0.326847,1,0,,38.991458,-76.936550,-10.213000,,,
2026-09-11T17:40:37.223,37.456181,2.317744,74.796156,21.460592,0.000000,-26.061592,8.966144,2.289422,0.181989,0.383135,10.745590,-9.584954,10.691894,0.049568,-0.304900,0.384619,-1.383228,-0.441495,13.696850,-0.524010,-0.426226,1,0,,38.991458,-76.936550,-10.213000,,,
2026-09-11T17:40:37.254,37.489587,2.346972,74.873480,21.731219,0.000000,-25.975074,8.936379,2.318483,0.163168,0.343511,10.757727,-9.597944,10.615813,-0.102134,-0.119139,0.344995,1.750683,1.625452,6.114643,-0.444136,-0.385513,1,0,,38.991458,-76.936550,-10.213000,,,
2026-09-11T17:40:37.287,37.522996,2.347156,74.952137,21.732925,0.000000,-25.895424,8.908976,2.318839,0.186615,0.392873,10.770028,-9.610045,10.539080,0.128739,0.060374,0.394356,0.413645,7.193178,11.291867,-0.449334,0.007585,1,0,,38.991458,-76.936550,-10.213000,,,
2026-09-11T17:40:37.322,37.556423,2.347870,75.032082,21.739540,0.000000,-26.055412,8.964018,2.319194,0.169197,0.356204,10.782548,-9.621103,10.462125,0.142859,-0.204463,0.357688,3.238744,4.439372,4.983053,-0.269915,0.223791,1,0,,38.991458,-76.936550,-10.213000,,,
2026-09-11T17:40:37.354,37.589841,2.358127,75.110431,21.834511,0.000000,-26.793556,9.217966,2.327675,0.150509,0.316862,10.793794,-9.631863,10.385045,-0.267907,0.056951,0.318345,-0.742756,2.647992,1.286436,-0.341164,0.327332,1,0,,38.991458,-76.936550,-10.213000,,,
2026-09-11T17:40:37.387,37.623250,2.358606,75.189384,21.838943,0.000000,-26.796303,9.218911,2.328141,0.150258,0.316333,10.804371,-9.642119,10.307788,0.019278,0.232436,0.317817,-1.409706,3.846855,5.990000,-0.448674,0.507371,1,0,,38.991458,-76.936550,-10.213000,,,
2026-09-11T17:40:37.421,37.656660,2.398064,75.269614,22.204300,0.000000,-27.161598,9.344586,2.366241,0.162732,0.342593,10.815379,-9.651456,10.229754,0.104042,0.032612,0.344077,-5.409054,-4.184890,12.260078,-0.810470,0.160800,1,0,,38.991458,-76.936550,-10.213000,,,
2026-09-11T17:40:37.455,37.690066,2.388547,75.349490,22.116179,0.000000,-27.059974,9.309624,2.357087,0.185051,0.389581,10.827608,-9.659400,10.151049,-0.015027,-0.157610,0.391065,0.730792,9.365547,13.220345,-0.763055,0.688058,1,0,,38.991458,-76.936550,-10.213000,,,
2026-09-11T17:40:37.488,37.723485,2.379167,75.429548,22.029324,0.000000,-27.420463,9.433646,2.346991,0.164892,0.347142,10.839918,-9.666293,10.072531,-0.104965,-0.066103,0.348625,0.688917,0.462580,5.541836,-0.712582,0.639980,1,0,,38.991458,-76.936550,-10.213000,,,
2026-09-11T17:40:37.522,37.756912,2.330888,75.507374,21.582300,0.000000,-28.726463,9.882957,2.296299,0.186787,0.393235,10.852293,-9.672042,9.994919,0.179118,0.059944,0.394718,-2.045275,-2.321038,9.721627,-0.837152,0.406440,1,0,,38.991458,-76.936550,-10.213000,,,
2026-09-11T17:40:37.555,37.790329,2.321510,75.585325,21.495465,0.000000,-27.463035,9.448292,2.290017,0.179224,0.377313,10.865167,-9.676438,9.918173,-0.249557,-0.020955,0.378796,1.676545,-8.417930,6.989102,-0.716327,-0.216473,1,0,,38.991458,-76.936550,-10.213000,,,
2026-09-11T17:40:37.588,37.823760,2.293037,75.661863,21.231824,0.000000,-25.642051,8.821807,2.265911,0.126896,0.267149,10.875940,-9.680860,9.841972,0.128222,0.063495,0.268632,-3.742610,-1.117958,10.935984,-0.942706,-0.343291,1,0,,38.991458,-76.936550,-10.213000,,,
2026-09-11T17:40:37.622,37.857170,2.235532,75.737626,20.699369,0.000000,-23.049278,7.929797,2.214155,0.102490,0.215768,10.884007,-9.685690,9.767188,0.105885,-0.066180,0.217251,-4.900873,4.808004,-1.609860,-1.238364,-0.076946,1,0,,38.991458,-76.936550,-10.213000,,,
2026-09-11T17:40:37.655,37.890579,2.217057,75.810575,20.528308,0.000000,-20.924797,7.198898,2.199580,0.144545,0.304304,10.892695,-9.689478,9.693444,0.192454,0.101909,0.305788,3.276010,7.113940,13.881608,-0.999987,0.323300,1,0,,38.991458,-76.936550,-10.213000,,,
2026-09-11T17:40:37.689,37.923998,2.178866,75.884219,20.174684,0.000000,-19.499321,6.708482,2.163948,0.072409,0.152439,10.900326,-9.693084,9.620527,0.085875,0.254944,0.153923,-0.898485,5.600088,15.197366,-1.031819,0.643276,1,0,,38.991458,-76.936550,-10.213000,,,
2026-09-11T17:40:37.722,37.957419,2.169555,75.956804,20.088473,0.000000,-18.787269,6.463510,2.155765,0.097680,0.205643,10.906310,-9.696904,9.548390,0.153846,0.143925,0.207126,3.949530,5.405426,13.065008,-0.747657,0.939842,1,0,,38.991458,-76.936550,-10.213000,,,
2026-09-11T17:40:37.755,37.990828,2.179497,76.029571,20.180530,0.000000,-18.592262,6.396420,2.165930,0.108139,0.227661,10.913548,-9.699653,9.476170,-0.111634,0.024285,0.229144,-2.943074,-8.746649,10.793493,-0.914017,0.313698,1,0,,38.991458,-76.936550,-10.213000,,,
2026-09-11T17:40:37.789,38.024239,2.160402,76.101005,20.003725,0.000000,-18.790703,6.464691,2.146665,0.119304,0.251167,10.921547,-9.701482,9.404050,0.123505,-0.010390,0.252651,-2.530606,-6.472781,11.628628,-1.056727,-0.161183,1,0,,38.991458,-76.936550,-10.213000,,,
2026-09-11T17:40:37.823,38.057644,2.131615,76.171664,19.737173,0.000000,-18.878593,6.494929,2.117934,0.125856,0.264959,10.930168,-9.702361,9.332709,-0.067336,0.125621,0.266442,0.016279,7.452172,6.244286,-1.039401,0.268819,1,0,,38.991458,-76.936550,-10.213000,,,
2026-09-11T17:40:37.856,38.091063,2.092974,76.242209,19.379384,0.000000,-18.704872,6.435162,2.079786,0.076972,0.162047,10.937303,-9.703316,9.262489,-0.118539,-0.153753,0.163531,-1.002436,3.197949,4.389260,-1.097473,0.433405,1,0,,38.991458,-76.936550,-10.213000,,,
2026-09-11T17:40:37.889,38.124475,2.093278,76.311706,19.382203,0.000000,-18.284645,6.290589,2.080674,0.052924,0.111419,10.941872,-9.705039,9.192972,-0.012542,0.031454,0.112903,-2.817941,4.155274,16.631490,-1.280438,0.664928,1,0,,38.991458,-76.936550,-10.213000,,,
2026-09-11T17:40:37.923,38.157887,2.103268,76.381853,19.474703,0.000000,-18.465233,6.352718,2.090353,0.098238,0.206817,10.947188,-9.706071,9.123254,0.001147,-0.099968,0.208301,3.606592,-8.947490,5.645688,-1.051631,0.032810,1,0,,38.991458,-76.936550,-10.213000,,,
2026-09-11T17:40:37.956,38.191308,2.084246,76.450997,19.298577,0.000000,-18.702812,6.434454,2.071117,0.117477,0.247320,10.954777,-9.705571,9.053625,-0.021349,-0.125244,0.248804,1.153654,3.236685,2.059985,-0.988945,0.191160,1,0,,38.991458,-76.936550,-10.213000,,,
2026-09-11T17:40:37.990,38.224732,2.055729,76.520232,19.034529,0.000000,-19.496574,6.707537,2.041658,0.139997,0.294731,10.963836,-9.703766,8.984784,0.014558,0.015378,0.296214,-2.216989,0.487096,10.857335,-1.148419,0.163970,1,0,,38.991458,-76.936550,-10.213000,,,
2026-09-11T17:40:38.023,38.258158,2.046557,76.589239,18.949599,0.000000,-20.039024,6.894160,2.031759,0.107254,0.225797,10.972535,-9.701500,8.916615,-0.167294,-0.098363,0.227281,3.551478,2.664075,13.836399,-0.935672,0.287289,1,0,,38.991458,-76.936550,-10.213000,,,
2026-09-11T17:40:38.056,38.291575,2.076067,76.658702,19.222846,0.000000,-20.602073,7.087869,2.060202,0.127402,0.268214,10.980790,-9.698871,8.848184,0.119169,0.167292,0.269697,1.404214,-0.962229,12.109840,-0.867873,0.168407,1,0,,38.991458,-76.936550,-10.213000,,,
2026-09-11T17:40:38.089,38.324981,2.115051,76.729065,19.583808,0.000000,-20.477104,7.044875,2.099084,0.153330,0.322801,10.990661,-9.694863,8.778673,-0.026473,0.014767,0.324284,-1.212200,-7.058925,-2.028604,-0.975393,-0.351624,1,1,38.311485,38.991462,-76.936575,-10.189000,10.239083,8.683582,3.459558
2026-09-11T17:40:38.123,38.358390,2.144251,76.801433,19.854174,0.000000,-20.365181,7.006370,2.128239,0.134342,0.282826,11.000778,-9.690045,8.708056,0.229782,0.122031,0.284310,-1.975844,1.410098,11.009926,-1.134270,-0.313080,1,0,,38.991462,-76.936575,-10.189000,,,
2026-09-11T17:40:38.156,38.391809,2.173752,76.873813,20.127330,0.000000,-19.819984,6.818802,2.158376,0.098305,0.206957,11.008962,-9.685490,8.636467,0.076339,0.078793,0.208440,0.774333,3.357895,13.737156,-1.111533,-0.138847,1,0,,38.991462,-76.936575,-10.189000,,,
2026-09-11T17:40:38.190,38.425228,2.183649,76.946648,20.218970,0.000000,-19.302253,6.640684,2.168998,0.123930,0.260906,11.016780,-9.680526,8.564237,0.027669,-0.060212,0.262389,2.334179,1.972706,0.093261,-0.987474,-0.063902,1,0,,38.991462,-76.936575,-10.189000,,,
2026-09-11T17:40:38.223,38.458639,2.203213,77.020611,20.400117,0.000000,-17.705116,6.091210,2.190774,0.110567,0.232772,11.025027,-9.674764,8.491527,0.040308,0.037553,0.234255,-0.864358,0.598598,6.698334,-1.077437,-0.075098,1,0,,38.991462,-76.936575,-10.189000,,,
2026-09-11T17:40:38.256,38.492060,2.232527,77.095030,20.671551,0.000000,-15.724144,5.409682,2.222584,0.087157,0.183489,11.031983,-9.669031,8.417925,0.027579,-0.062789,0.184972,3.328083,-5.577042,4.681106,-0.901509,-0.479263,1,0,,38.991462,-76.936575,-10.189000,,,
2026-09-11T17:40:38.289,38.525465,2.233230,77.169802,20.678057,0.000000,-13.136177,4.519327,2.226287,0.080957,0.170436,11.037894,-9.663301,8.343786,-0.083639,-0.029064,0.171919,0.766390,-3.182258,9.182751,-0.894579,-0.721974,1,0,,38.991462,-76.936575,-10.189000,,,
2026-09-11T17:40:38.324,38.558874,2.234075,77.244894,20.685881,0.000000,-9.667930,3.326123,2.230312,0.072563,0.152763,11.043293,-9.657389,8.269532,-0.105307,0.043641,0.154247,4.748184,-9.114203,6.804736,-0.630031,-1.343204,1,0,,38.991462,-76.936575,-10.189000,,,
2026-09-11T17:40:38.357,38.592300,2.244148,77.320737,20.779153,0.000000,-7.949943,2.735072,2.241592,0.071778,0.151112,11.048372,-9.651224,8.195008,-0.061670,0.040998,0.152595,0.356472,-10.574511,2.596899,-0.653568,-2.052215,1,0,,38.991462,-76.936575,-10.189000,,,
2026-09-11T17:40:38.390,38.625702,2.244424,77.394825,20.781706,0.000000,-8.175850,2.812792,2.241720,0.061216,0.128877,11.053048,-9.644880,8.120367,-0.087186,-0.205832,0.130360,3.243648,1.284671,5.266661,-0.490309,-1.982727,1,0,,38.991462,-76.936575,-10.189000,,,
2026-09-11T17:40:38.423,38.659112,2.224897,77.469164,20.600902,0.000000,-8.304939,2.857204,2.222132,0.053505,0.112643,11.057082,-9.638534,8.046045,0.016478,0.083328,0.114126,1.214848,-0.641551,10.476346,-0.459823,-2.036094,1,0,,38.991462,-76.936575,-10.189000,,,
2026-09-11T17:40:38.457,38.692524,2.225348,77.543777,20.605077,0.000000,-8.814430,3.032487,2.222232,0.082978,0.174691,11.061883,-9.631517,7.972096,0.093829,0.240866,0.176174,-1.379698,7.356753,14.269166,-0.596782,-1.580399,1,0,,38.991462,-76.936575,-10.189000,,,
2026-09-11T17:40:38.491,38.725942,2.264621,77.619620,20.968713,0.000000,-8.382530,2.883898,2.261753,0.066606,0.140224,11.067144,-9.623861,7.897523,-0.046823,-0.012884,0.141707,-0.089044,-3.220308,-3.173824,-0.648030,-1.809402,1,0,,38.991462,-76.936575,-10.189000,,,
2026-09-11T17:40:38.524,38.759364,2.284704,77.696659,21.154663,0.000000,-8.567238,2.947444,2.281681,0.059193,0.124616,11.071570,-9.616167,7.821959,-0.083831,-0.056342,0.126100,-0.539366,8.927680,5.707765,-0.728436,-1.247714,1,0,,38.991462,-76.936575,-10.189000,,,
2026-09-11T17:40:38.557,38.792776,2.304428,77.773311,21.337295,0.000000,-10.449333,3.594954,2.299893,0.096565,0.203294,11.077048,-9.607552,7.745864,-0.012097,-0.019716,0.204777,-0.869360,9.531966,12.100524,-0.828380,-0.665144,1,0,,38.991462,-76.936575,-10.189000,,,
2026-09-11T17:40:38.590,38.826181,2.353653,77.851900,21.793083,0.000000,-11.830864,4.070251,2.347717,0.079596,0.167570,11.083243,-9.598060,7.668761,0.006275,-0.120706,0.169054,1.167384,5.606952,10.133604,-0.791462,-0.338167,1,0,,38.991462,-76.936575,-10.189000,,,
2026-09-11T17:40:38.625,38.859594,2.393118,77.932687,22.158495,0.000000,-14.767647,5.080612,2.383715,0.111001,0.233687,11.089946,-9.587703,7.590336,0.022538,-0.110088,0.235171,2.928364,3.890690,12.578009,-0.635415,-0.136353,1,0,,38.991462,-76.936575,-10.189000,,,
2026-09-11T17:40:38.658,38.893013,2.422359,78.012940,22.429252,0.000000,-16.384010,5.636701,2.410646,0.113416,0.238770,11.097841,-9.576105,7.510979,0.024540,-0.022228,0.240253,1.536310,2.950429,11.157614,-0.566274,0.001223,1,0,,38.991462,-76.936575,-10.189000,,,
2026-09-11T17:40:38.691,38.926433,2.432193,78.094388,22.520303,0.000000,-16.362037,5.629141,2.420464,0.122946,0.258833,11.106156,-9.563603,7.431131,0.004926,-0.007386,0.260316,-1.168658,2.543257,6.521030,-0.669909,0.107632,1,0,,38.991462,-76.936575,-10.189000,,,
2026-09-11T17:40:38.724,38.959851,2.442012,78.176326,22.611226,0.000000,-15.727577,5.410864,2.431131,0.100392,0.211351,11.114012,-9.550632,7.351022,-0.092324,-0.049962,0.212834,-0.941242,4.863314,7.407257,-0.751427,0.370345,1,0,,38.991462,-76.936575,-10.189000,,,
2026-09-11T17:40:38.758,38.993262,2.471521,78.259051,22.884453,0.000000,-13.447227,4.626340,2.463468,0.082753,0.174216,11.120453,-9.537671,7.270231,-0.066292,-0.085488,0.175700,0.187209,-2.937876,9.466752,-0.750313,0.130691,1,0,,38.991462,-76.936575,-10.189000,,,
2026-09-11T17:40:38.791,39.026665,2.481703,78.341570,22.978729,0.000000,-11.777992,4.052061,2.475499,0.072267,0.152140,11.125904,-9.524605,7.188743,-0.072806,-0.041200,0.153624,0.124054,-4.950201,11.304812,-0.748475,-0.233006,1,0,,38.991462,-76.936575,-10.189000,,,
2026-09-11T17:40:38.825,39.060073,2.462451,78.424739,22.800474,0.000000,-10.857200,3.735275,2.457220,0.082101,0.172845,11.131332,-9.511120,7.107417,-0.053769,-0.187576,0.174328,-3.072227,1.065296,6.364712,-0.949233,-0.206619,1,0,,38.991462,-76.936575,-10.189000,,,
2026-09-11T17:40:38.858,39.093495,2.434000,78.505447,22.537033,0.000000,-10.625801,3.655665,2.429047,0.094525,0.199001,11.137546,-9.496895,7.026957,-0.156761,-0.095902,0.200485,1.508165,7.512090,19.626539,-0.844848,0.233014,1,0,,38.991462,-76.936575,-10.189000,,,
2026-09-11T17:40:38.891,39.126903,2.386051,78.584810,22.093065,0.000000,-9.582100,3.296594,2.382103,0.064937,0.136709,11.143154,-9.482667,6.947815,-0.040716,-0.083282,0.138192,2.743410,0.959875,13.561028,-0.655280,0.253834,1,0,,38.991462,-76.936575,-10.189000,,,
2026-09-11T17:40:38.925,39.160313,2.337984,78.662795,21.647997,0.000000,-9.579353,3.295649,2.334117,0.079268,0.166879,11.148225,-9.468505,6.870278,0.008099,0.030070,0.168363,0.796790,2.216205,13.331847,-0.590819,0.351598,1,0,,38.991462,-76.936575,-10.189000,,,
2026-09-11T17:40:38.958,39.193718,2.319189,78.740370,21.473976,0.000000,-9.573173,3.293523,2.315359,0.080406,0.169276,11.153840,-9.453847,6.793969,0.016818,0.008874,0.170760,0.288414,1.837570,12.262922,-0.558708,0.423614,1,0,,38.991462,-76.936575,-10.189000,,,
2026-09-11T17:40:38.992,39.227137,2.280501,78.816281,21.115747,0.000000,-9.245643,3.180841,2.276987,0.069379,0.146062,11.159109,-9.439085,6.718626,0.124040,-0.030647,0.147545,1.153262,4.411227,9.568152,-0.465112,0.665340,1,0,,38.991462,-76.936575,-10.189000,,,
2026-09-11T17:40:39.026,39.260555,2.241626,78.892295,20.755795,0.000000,-6.374778,2.193158,2.239984,0.050374,0.106050,11.163322,-9.424668,6.644515,0.169977,-0.087374,0.107534,-5.052680,8.050868,1.917200,-0.766967,1.146307,1,0,,38.991462,-76.936575,-10.189000,,,
2026-09-11T17:40:39.059,39.293962,2.241903,78.966372,20.758360,0.000000,-6.065788,2.086854,2.240416,0.025931,0.054592,11.166005,-9.410817,6.570956,0.122639,-0.073369,0.056076,-3.106747,5.846725,5.108480,-0.936119,1.486675,1,0,,38.991462,-76.936575,-10.189000,,,
2026-09-11T17:40:39.091,39.327368,2.242378,79.040688,20.762755,0.000000,-5.847435,2.011732,2.240996,0.040923,0.086154,11.168356,-9.396935,6.497395,0.002578,-0.019514,0.087638,-4.341404,1.556315,1.132962,-1.184923,1.540842,1,1,39.312576,38.991463,-76.936601,-10.168000,8.005279,8.698779,3.008935
2026-09-11T17:40:39.125,39.360776,2.223382,79.115278,20.586867,0.000000,-4.698677,1.616517,2.222497,-0.006362,-0.013394,11.169571,-9.383504,6.424054,-0.092964,0.043027,-0.011910,-0.141216,-4.203817,12.737368,-1.166537,1.235773,1,0,,38.991463,-76.936601,-10.168000,,,
2026-09-11T17:40:39.159,39.394197,2.204473,79.188865,20.411784,0.000000,-4.246864,1.461077,2.203756,0.021815,0.045926,11.170115,-9.370425,6.351255,-0.183869,-0.002169,0.047409,2.399491,7.356066,14.488933,-0.992465,1.674498,1,0,,38.991463,-76.936601,-10.168000,,,
2026-09-11T17:40:39.192,39.427618,2.214557,79.262897,20.505161,0.000000,-3.591804,1.235712,2.214042,0.012923,0.027205,11.171337,-9.356989,6.278661,-0.222828,-0.008702,0.028689,3.164018,5.110834,0.925061,-0.776349,1.965639,1,0,,38.991463,-76.936601,-10.168000,,,
2026-09-11T17:40:39.225,39.461025,2.205337,79.336644,20.419789,0.000000,-4.076576,1.402492,2.204677,0.013677,0.028793,11.172272,-9.343611,6.206073,-0.094562,0.017331,0.030276,-2.460489,3.798508,7.784323,-0.931504,2.168253,1,0,,38.991463,-76.936601,-10.168000,,,
2026-09-11T17:40:39.258,39.494428,2.167090,79.408864,20.065645,0.000000,-4.597053,1.581555,2.166264,0.020775,0.043737,11.173484,-9.330170,6.134318,-0.172016,0.001662,0.045220,-0.681758,-7.289479,14.820594,-0.977813,1.648142,1,0,,38.991463,-76.936601,-10.168000,,,
2026-09-11T17:40:39.292,39.527835,2.138491,79.480412,19.800847,0.000000,-5.127144,1.763926,2.137478,0.028871,0.060782,11.175229,-9.316570,6.063724,-0.073648,-0.027973,0.062265,3.147837,2.822942,17.726501,-0.781848,1.786684,1,0,,38.991463,-76.936601,-10.168000,,,
2026-09-11T17:40:39.326,39.561255,2.109286,79.552005,19.530427,0.000000,-5.622215,1.934248,2.108084,0.039938,0.084080,11.177650,-9.302678,5.994144,-0.046387,0.111829,0.085564,4.468890,-8.456863,10.525380,-0.502887,1.189745,1,0,,38.991463,-76.936601,-10.168000,,,
2026-09-11T17:40:39.359,39.594669,2.119363,79.622015,19.623732,0.000000,-7.624473,2.623099,2.117142,0.069359,0.146019,11.181494,-9.287968,5.925082,-0.015866,-0.115651,0.147502,-0.241146,-2.908652,-1.700473,-0.531687,0.950526,1,0,,38.991463,-76.936601,-10.168000,,,
2026-09-11T17:40:39.392,39.628072,2.148630,79.693779,19.894722,0.000000,-9.611625,3.306752,2.145053,0.075452,0.158846,11.186586,-9.272254,5.855610,0.195488,0.048764,0.160329,-2.687120,9.977874,16.506554,-0.718891,1.546351,1,0,,38.991463,-76.936601,-10.168000,,,
2026-09-11T17:40:39.426,39.661476,2.158709,79.766125,19.988046,0.000000,-10.711631,3.685194,2.154245,0.086019,0.181093,11.192264,-9.255775,5.785669,0.127097,-0.025523,0.182576,3.039081,3.216777,10.474581,-0.534154,1.694651,1,0,,38.991463,-76.936601,-10.168000,,,
2026-09-11T17:40:39.459,39.694885,2.168784,79.838595,20.081335,0.000000,-11.319999,3.894495,2.163776,0.103869,0.218672,11.198942,-9.238334,5.715608,0.018749,0.092832,0.220156,1.344884,-5.402287,3.801352,-0.464682,1.277629,1,0,,38.991463,-76.936601,-10.168000,,,
2026-09-11T17:40:39.493,39.728298,2.178929,79.911545,20.175264,0.000000,-11.405830,3.924024,2.173820,0.108956,0.229381,11.206427,-9.219953,5.645424,-0.091299,-0.055785,0.230864,1.289771,2.070184,5.185757,-0.405679,1.347605,1,0,,38.991463,-76.936601,-10.168000,,,
2026-09-11T17:40:39.526,39.761707,2.218120,79.985827,20.538148,0.000000,-12.823066,4.411605,2.211548,0.088014,0.185292,11.213354,-9.201155,5.574542,0.006754,-0.120776,0.186775,3.245413,-0.772764,5.338544,-0.226377,1.238430,1,0,,38.991463,-76.936601,-10.168000,,,
2026-09-11T17:40:39.559,39.795113,2.237912,80.061021,20.721407,0.000000,-14.405784,4.956118,2.229545,0.115349,0.242840,11.220505,-9.181555,5.502922,0.075200,0.024996,0.244324,-2.370071,0.591635,9.589139,-0.417498,1.210309,1,0,,38.991463,-76.936601,-10.168000,,,
2026-09-11T17:40:39.593,39.828518,2.228639,80.135656,20.635544,0.000000,-15.356102,5.283063,2.219171,0.104490,0.219979,11.228235,-9.161126,5.431386,0.019905,0.097081,0.221462,-3.483911,3.345146,11.892329,-0.679308,1.364253,1,0,,38.991463,-76.936601,-10.168000,,,
2026-09-11T17:40:39.627,39.861936,2.219041,80.210587,20.546676,0.000000,-15.676765,5.393383,2.209217,0.120899,0.254524,11.236164,-9.140121,5.360338,0.032251,0.025420,0.256007,-2.609746,2.892864,11.139668,-0.877501,1.482463,1,0,,38.991463,-76.936601,-10.168000,,,
2026-09-11T17:40:39.660,39.895353,2.199913,80.283172,20.369563,0.000000,-15.927391,5.479607,2.189860,0.126700,0.266736,11.244873,-9.118284,5.290035,-0.201591,0.006402,0.268220,1.037053,-3.354659,8.665548,-0.833286,1.193215,1,0,,38.991463,-76.936601,-10.168000,,,
2026-09-11T17:40:39.693,39.928765,2.219809,80.357637,20.553790,0.000000,-16.302299,5.608589,2.209183,0.119009,0.250545,11.253515,-9.095870,5.219924,-0.075048,0.152578,0.252028,4.958340,-10.192150,2.856775,-0.532181,0.466599,1,0,,38.991463,-76.936601,-10.168000,,,
2026-09-11T17:40:39.726,39.962175,2.258987,80.432899,20.916546,0.000000,-17.034263,5.860412,2.247181,0.131199,0.276208,11.262314,-9.072525,5.149115,0.018945,0.102715,0.277692,-0.833075,6.143768,10.525085,-0.606052,0.801299,1,0,,38.991463,-76.936601,-10.168000,,,
2026-09-11T17:40:39.760,39.995584,2.268848,80.508673,21.007851,0.000000,-17.358360,5.971913,2.256535,0.142988,0.301027,11.271957,-9.047933,5.077870,0.049162,0.173239,0.302510,-0.524754,3.770657,14.235726,-0.655477,0.974914,1,0,,38.991463,-76.936601,-10.168000,,,
2026-09-11T17:40:39.794,40.028986,2.279046,80.584676,21.102273,0.000000,-17.435264,5.998371,2.266567,0.119139,0.250819,11.281173,-9.022777,5.006506,0.023260,0.016230,0.252302,-3.208540,11.520558,11.076121,-0.875583,1.655629,1,0,,38.991463,-76.936601,-10.168000,,,
2026-09-11T17:40:39.827,40.062393,2.289366,80.661168,21.197835,0.000000,-17.098121,5.882381,2.277311,0.124367,0.261826,11.289736,-8.997185,4.934938,0.022889,-0.090741,0.263309,1.388131,-6.943893,2.294756,-0.797978,1.131288,1,0,,38.991463,-76.936601,-10.168000,,,
2026-09-11T17:40:39.860,40.095813,2.270453,80.737786,21.022717,0.000000,-17.340507,5.965771,2.258157,0.136187,0.286709,11.298902,-8.970720,4.863790,0.192847,-0.174540,0.288192,0.189170,2.041941,10.697584,-0.803314,1.191423,1,0,,38.991463,-76.936601,-10.168000,,,
2026-09-11T17:40:39.894,40.129225,2.261079,80.813356,20.935918,0.000000,-17.289695,5.948290,2.248905,0.095531,0.201117,11.307052,-8.944247,4.793193,0.122226,-0.026941,0.202600,0.859749,-0.180638,13.195534,-0.771506,1.119578,1,0,,38.991463,-76.936601,-10.168000,,,
2026-09-11T17:40:39.927,40.162633,2.241830,80.889130,20.757684,0.000000,-17.296562,5.950652,2.229750,0.112106,0.236013,11.314354,-8.917764,4.723140,0.036030,-0.040976,0.237496,-0.242518,-0.504944,10.111343,-0.816377,1.022751,1,0,,38.991463,-76.936601,-10.168000,,,
2026-09-11T17:40:39.960,40.196038,2.222527,80.962171,20.578950,0.000000,-17.054176,5.867262,2.210884,0.125374,0.263944,11.322704,-8.890465,4.654065,0.029410,-0.009288,0.265428,1.464035,-4.585197,3.859015,-0.751041,0.659195,1,0,,38.991463,-76.936601,-10.168000,,,
2026-09-11T17:40:39.994,40.229446,2.213237,81.035826,20.492939,0.000000,-17.067909,5.871987,2.201624,0.117631,0.247643,11.331250,-8.862645,4.585689,-0.012560,-0.164172,0.249127,0.624487,-12.808172,0.577808,-0.742655,-0.229886,1,0,,38.991463,-76.936601,-10.168000,,,
2026-09-11T17:40:40.027,40.262869,2.213572,81.110439,20.496039,0.000000,-17.261543,5.938604,2.201693,0.127300,0.267999,11.339867,-8.834248,4.517682,0.117154,-0.009434,0.269483,0.557214,-4.293253,2.796072,-0.742441,-0.561039,1,0,,38.991463,-76.936601,-10.168000,,,
2026-09-11T17:40:40.061,40.296285,2.233103,81.184915,20.676878,0.000000,-17.384453,5.980890,2.220947,0.121498,0.255785,11.348618,-8.805095,4.449656,-0.026262,-0.159384,0.257269,0.331171,4.788783,11.379343,-0.758095,-0.299351,1,0,,38.991463,-76.936601,-10.168000,,,
2026-09-11T17:40:40.094,40.329691,2.252906,81.260291,20.860245,0.000000,-17.044563,5.863955,2.241118,0.100707,0.212014,11.356432,-8.775574,4.381121,0.238438,-0.023376,0.213497,2.224639,-1.426083,0.385990,-0.654482,-0.436664,1,1,40.313063,38.991460,-76.936626,-10.233000,5.840184,8.373349,3.007935
2026-09-11T17:40:40.128,40.363100,2.282493,81.337626,21.134191,0.000000,-16.966972,5.837261,2.270657,0.119524,0.251630,11.364177,-8.745253,4.312027,-0.062967,-0.063596,0.253114,1.308207,-0.638707,13.439524,-0.615596,-0.527748,1,0,,38.991460,-76.936626,-10.233000,,,
2026-09-11T17:40:40.161,40.396516,2.321710,81.414460,21.497317,0.000000,-17.135887,5.895374,2.309431,0.103778,0.218481,11.372031,-8.713922,4.242108,0.045469,-0.104710,0.219964,1.141690,8.099901,5.214686,-0.587065,-0.048024,1,0,,38.991460,-76.936626,-10.233000,,,
2026-09-11T17:40:40.195,40.429938,2.361151,81.493653,21.862512,0.000000,-17.387886,5.982071,2.348294,0.133072,0.280153,11.380364,-8.681330,4.171318,-0.000825,-0.053709,0.281636,2.430382,-8.470200,0.177010,-0.472999,-0.655917,1,0,,38.991460,-76.936626,-10.233000,,,
2026-09-11T17:40:40.228,40.463346,2.390699,81.573529,22.136105,0.000000,-17.608986,6.058137,2.377348,0.129880,0.273431,11.389611,-8.647297,4.099959,0.213146,0.011989,0.274915,0.074727,-1.891801,5.244302,-0.508203,-0.830714,1,0,,38.991460,-76.936626,-10.233000,,,
2026-09-11T17:40:40.261,40.496751,2.439125,81.654613,22.584491,0.000000,-17.607612,6.057665,2.425505,0.145290,0.305873,11.399287,-8.611903,4.027826,0.084811,-0.192478,0.307357,1.104033,1.576027,20.180223,-0.467645,-0.785199,1,0,,38.991460,-76.936626,-10.233000,,,
2026-09-11T17:40:40.295,40.530168,2.468527,81.736938,22.856731,0.000000,-17.752495,6.107510,2.454516,0.125114,0.263398,11.408799,-8.575367,3.954791,-0.111644,-0.122179,0.264882,2.970729,0.739421,16.408291,-0.297801,-0.788130,1,0,,38.991460,-76.936626,-10.233000,,,
2026-09-11T17:40:40.329,40.563587,2.478606,81.820962,22.950055,0.000000,-17.212105,5.921596,2.465380,0.100905,0.212431,11.416749,-8.538603,3.881164,-0.141063,-0.070963,0.213915,-1.660168,7.554455,5.275586,-0.421985,-0.342080,1,0,,38.991460,-76.936626,-10.233000,,,
2026-09-11T17:40:40.361,40.596993,2.507860,81.903789,23.220922,0.000000,-14.224510,4.893753,2.498717,0.097108,0.204437,11.423712,-8.501426,3.806977,-0.105012,-0.141088,0.205920,2.851087,0.269389,17.898215,-0.245223,-0.371547,1,0,,38.991460,-76.936626,-10.233000,,,
2026-09-11T17:40:40.395,40.630396,2.508243,81.987607,23.224475,0.000000,-10.043525,3.455341,2.503684,0.050305,0.105905,11.428896,-8.464303,3.732085,-0.191538,-0.036441,0.107389,0.329503,4.949711,11.111131,-0.225260,-0.082025,1,0,,38.991460,-76.936626,-10.233000,,,
2026-09-11T17:40:40.428,40.663804,2.460060,82.070001,22.778330,0.000000,-7.805061,2.685227,2.457358,0.057510,0.121074,11.432687,-8.427733,3.657701,-0.154392,-0.013370,0.122558,-0.772078,-7.131298,-2.975926,-0.268721,-0.579359,1,0,,38.991460,-76.936626,-10.233000,,,
2026-09-11T17:40:40.461,40.697214,2.431327,82.151050,22.512289,0.000000,-8.883094,3.056110,2.427869,0.074146,0.156097,11.437317,-8.391026,3.584781,0.070684,-0.193828,0.157580,-2.879134,8.425482,17.523895,-0.440677,-0.069971,1,0,,38.991460,-76.936626,-10.233000,,,
2026-09-11T17:40:40.495,40.730633,2.363937,82.229764,21.888306,0.000000,-9.303322,3.200684,2.360250,0.062364,0.131293,11.442119,-8.354592,3.513516,0.035049,0.142317,0.132776,-2.560712,9.725059,13.963395,-0.581041,0.522628,1,0,,38.991460,-76.936626,-10.233000,,,
2026-09-11T17:40:40.528,40.764056,2.286170,82.306542,21.168236,0.000000,-9.231224,3.175880,2.282658,0.086519,0.182146,11.447357,-8.318663,3.444702,-0.241102,0.207296,0.183630,-5.913802,-2.262394,10.373573,-0.928447,0.325775,1,0,,38.991460,-76.936626,-10.233000,,,
2026-09-11T17:40:40.562,40.797462,2.247328,82.381485,20.808596,0.000000,-11.801338,4.060093,2.241688,0.096966,0.204140,11.453809,-8.282703,3.378169,-0.077452,0.020536,0.205623,5.105146,8.267791,7.361852,-0.555586,0.810000,1,0,,38.991460,-76.936626,-10.233000,,,
2026-09-11T17:40:40.595,40.830866,2.218815,82.456462,20.544585,0.000000,-18.699379,6.433272,2.204843,0.114405,0.240852,11.461242,-8.246445,3.313260,-0.128509,0.036551,0.242335,-1.511205,-0.286550,6.782279,-0.610995,0.730463,1,0,,38.991460,-76.936626,-10.233000,,,
2026-09-11T17:40:40.629,40.864286,2.189988,82.529286,20.277664,0.000000,-20.812187,7.160156,2.172909,0.152040,0.320085,11.470615,-8.209327,3.250071,0.097073,-0.006522,0.321568,-3.391728,4.888713,6.942226,-0.783237,0.976276,1,0,,38.991460,-76.936626,-10.233000,,,
2026-09-11T17:40:40.662,40.897704,2.170602,82.601563,20.098167,0.000000,-25.847358,8.892440,2.144512,0.175774,0.370050,11.482146,-8.171111,3.188646,0.013561,0.012387,0.371533,0.796202,-6.453658,-0.686367,-0.683394,0.478544,1,0,,38.991460,-76.936626,-10.233000,,,
2026-09-11T17:40:40.696,40.931124,2.161149,82.674352,20.010635,0.000000,-30.307808,10.426998,2.125460,0.174871,0.368149,11.494482,-8.132198,3.128554,0.017965,-0.143777,0.369633,-1.773042,5.037970,10.486447,-0.753975,0.731139,1,0,,38.991460,-76.936626,-10.233000,,,
2026-09-11T17:40:40.729,40.964532,2.132412,82.745718,19.744558,0.000000,-29.866295,10.275101,2.098214,0.201387,0.423973,11.507713,-8.092539,3.069873,-0.121734,-0.231735,0.425457,3.293563,-5.693153,6.723537,-0.501594,0.279349,1,0,,38.991460,-76.936626,-10.233000,,,
2026-09-11T17:40:40.762,40.997937,2.094261,82.815454,19.391310,0.000000,-29.516792,10.154860,2.061454,0.161014,0.338977,11.520457,-8.052851,3.012522,-0.092171,-0.149488,0.340461,3.306508,-5.796613,6.681369,-0.262276,-0.161648,1,0,,38.991460,-76.936626,-10.233000,,,
2026-09-11T17:40:40.796,41.031345,2.075365,82.885396,19.216339,0.000000,-28.523903,9.813269,2.044999,0.165766,0.348981,11.531948,-8.013432,2.956125,-0.029897,-0.170900,0.350465,-0.528873,-0.686956,3.953453,-0.283750,-0.268112,1,0,,38.991460,-76.936626,-10.233000,,,
2026-09-11T17:40:40.829,41.064765,2.076191,82.955041,19.223995,0.000000,-27.407417,9.429157,2.048140,0.175965,0.370453,11.543970,-7.973237,2.900494,0.011428,-0.120980,0.371937,0.299691,0.216237,10.963541,-0.256967,-0.317896,1,0,,38.991460,-76.936626,-10.233000,,,
2026-09-11T17:40:40.863,41.098182,2.056651,83.023559,19.043066,0.000000,-27.217903,9.363957,2.029246,0.151692,0.319352,11.555496,-7.932732,2.845441,-0.016529,-0.123829,0.320835,2.398118,2.498538,9.591885,-0.099759,-0.212263,1,0,,38.991460,-76.936626,-10.233000,,,
2026-09-11T17:40:40.896,41.131586,2.046926,83.091438,18.953023,0.000000,-27.064781,9.311278,2.019956,0.135489,0.285240,11.565593,-7.892474,2.790888,0.207802,0.159225,0.286724,-1.514049,0.069529,15.718589,-0.201391,-0.260323,1,0,,38.991460,-76.936626,-10.233000,,,
2026-09-11T17:40:40.930,41.164992,2.027998,83.160012,18.777757,0.000000,-27.197303,9.356870,2.001015,0.148641,0.312929,11.575584,-7.851968,2.737109,0.007230,-0.089148,0.314412,3.203636,1.784908,-0.669794,0.002189,-0.200115,1,0,,38.991460,-76.936626,-10.233000,,,
2026-09-11T17:40:40.963,41.198397,2.018647,83.226399,18.691176,0.000000,-27.314720,9.397266,1.991557,0.151970,0.319936,11.586155,-7.810943,2.684296,0.022984,-0.058090,0.321420,-2.159424,5.473680,9.316318,-0.146544,0.097379,1,0,,38.991460,-76.936626,-10.233000,,,
2026-09-11T17:40:40.996,41.231820,2.019003,83.294244,18.694476,0.000000,-27.642250,9.509948,1.991256,0.154123,0.324469,11.596924,-7.769351,2.632084,-0.014400,-0.050003,0.325952,1.598190,5.862906,-4.105456,-0.053487,0.416395,1,0,,38.991460,-76.936626,-10.233000,,,
2026-09-11T17:40:41.030,41.265244,2.048334,83.362659,18.966054,0.000000,-28.414726,9.775708,2.018592,0.176051,0.370634,11.608541,-7.726585,2.580201,0.171145,0.157174,0.372118,-3.395847,5.619701,11.221750,-0.285852,0.709590,1,0,,38.991460,-76.936626,-10.233000,,,
2026-09-11T17:40:41.063,41.298666,2.058318,83.430903,19.058500,0.000000,-28.851433,9.925952,2.027508,0.136848,0.288101,11.619549,-7.683121,2.528141,-0.011040,0.130544,0.289585,0.196721,-2.000459,9.357506,-0.285222,0.516712,1,0,,38.991460,-76.936626,-10.233000,,,
2026-09-11T17:40:41.096,41.332074,2.058896,83.498873,19.063856,0.000000,-29.131584,10.022334,2.027478,0.135153,0.284533,11.629114,-7.639610,2.476033,0.197144,0.097564,0.286017,0.193093,11.447303,11.568121,-0.287751,1.197080,1,1,41.320641,38.991452,-76.936649,-10.225000,3.840592,7.502878,3.007935
2026-09-11T17:40:41.130,41.365485,2.069383,83.568314,19.160951,0.000000,-29.126777,10.020680,2.037814,0.179898,0.378733,11.640194,-7.594881,2.424668,0.054708,-0.179944,0.380217,1.356554,-3.916678,12.483866,-0.216759,0.862577,1,0,,38.991452,-76.936649,-10.225000,,,
2026-09-11T17:40:41.164,41.398910,2.059933,83.636854,19.073457,0.000000,-29.425468,10.123441,2.027863,0.193498,0.407365,11.653332,-7.548734,2.374408,-0.067028,-0.467048,0.408848,2.956901,11.404448,10.411622,-0.044697,1.520731,1,0,,38.991452,-76.936649,-10.225000,,,
2026-09-11T17:40:41.197,41.432339,2.040643,83.705234,18.894838,0.000000,-29.603996,10.184861,2.008487,0.193189,0.406714,11.666939,-7.502043,2.325286,0.211794,0.093680,0.408198,0.571532,-0.090810,11.295986,-0.033260,1.427372,1,0,,38.991452,-76.936649,-10.225000,,,
2026-09-11T17:40:41.230,41.465763,2.060214,83.774526,19.076058,0.000000,-29.268913,10.069580,2.028479,0.145040,0.305346,11.678839,-7.455353,2.276253,-0.091853,0.001606,0.306830,1.422553,-5.557429,1.661737,0.032052,0.993703,1,0,,38.991452,-76.936649,-10.225000,,,
2026-09-11T17:40:41.264,41.499173,2.021672,83.841996,18.719185,0.000000,-28.730583,9.884375,1.991663,0.165253,0.347900,11.689751,-7.408675,2.227699,0.106350,-0.206304,0.349384,5.519673,8.666627,15.196679,0.365163,1.481432,1,0,,38.991452,-76.936649,-10.225000,,,
2026-09-11T17:40:41.297,41.532581,2.022072,83.910012,18.722886,0.000000,-28.782081,9.902092,1.991949,0.171982,0.362067,11.701611,-7.361494,2.180439,0.040828,0.015152,0.363550,0.104343,-7.512580,0.492098,0.353548,0.914166,1,0,,38.991452,-76.936649,-10.225000,,,
2026-09-11T17:40:41.331,41.566006,2.041656,83.979133,18.904220,0.000000,-28.484077,9.799568,2.011866,0.164782,0.346910,11.713459,-7.313516,2.133459,0.077380,-0.116437,0.348394,-1.410294,-1.377932,6.375597,0.255583,0.751923,1,0,,38.991452,-76.936649,-10.225000,,,
2026-09-11T17:40:41.364,41.599438,2.051614,84.046784,18.996422,0.000000,-28.622780,9.847287,2.021387,0.169786,0.357444,11.725233,-7.264680,2.086646,0.081506,-0.200564,0.358928,2.347614,2.819020,14.055283,0.405522,0.861742,1,0,,38.991452,-76.936649,-10.225000,,,
2026-09-11T17:40:41.397,41.632848,2.042508,84.114242,18.912116,0.000000,-29.061546,9.998238,2.011489,0.164317,0.345931,11.736983,-7.215339,2.040438,0.034416,-0.142703,0.347414,0.426589,1.733522,4.635505,0.428518,0.901729,1,0,,38.991452,-76.936649,-10.225000,,,
2026-09-11T17:40:41.431,41.666258,2.052653,84.182976,19.006047,0.000000,-29.302559,10.081155,2.020962,0.163942,0.345141,11.748527,-7.165539,1.994749,0.137665,-0.066989,0.346625,-0.041874,2.341338,10.304730,0.418801,0.980520,1,0,,38.991452,-76.936649,-10.225000,,,
2026-09-11T17:40:41.464,41.699671,2.082360,84.252166,19.281107,0.000000,-29.691200,10.214862,2.049353,0.179686,0.378285,11.760613,-7.114576,1.949367,0.175575,-0.325745,0.379769,-3.634443,-0.032558,4.186851,0.176896,0.899696,1,0,,38.991452,-76.936649,-10.225000,,,
2026-09-11T17:40:41.497,41.733079,2.063486,84.320421,19.106352,0.000000,-30.839958,10.610077,2.028207,0.218837,0.460709,11.774628,-7.062298,1.905212,0.318743,-0.323208,0.462193,3.503818,3.324945,7.181410,0.398233,1.026853,1,0,,38.991452,-76.936649,-10.225000,,,
2026-09-11T17:40:41.531,41.766505,2.063941,84.390078,19.110566,0.000000,-32.628669,11.225460,2.024455,0.229572,0.483310,11.790405,-7.009042,1.862702,0.374668,-0.141923,0.484793,2.298875,1.385778,12.966255,0.532745,1.024198,1,0,,38.991452,-76.936649,-10.225000,,,
2026-09-11T17:40:41.565,41.799930,1.956857,84.455131,18.119043,0.000000,-33.405952,11.492873,1.917621,0.176943,0.372512,11.804708,-6.956972,1.821766,0.203060,0.133352,0.373995,-7.153363,8.470592,7.901022,0.051388,1.497733,1,0,,38.991452,-76.936649,-10.225000,,,
2026-09-11T17:40:41.598,41.833348,1.889176,84.518909,17.492372,0.000000,-32.421989,11.154354,1.853489,0.211180,0.444589,11.818361,-6.906641,1.783314,0.306697,-0.044009,0.446073,-2.488928,0.136411,4.044263,-0.121498,1.418917,1,0,,38.991452,-76.936649,-10.225000,,,
2026-09-11T17:40:41.632,41.866777,1.908970,84.582972,17.675647,0.000000,-31.466865,10.825756,1.874996,0.160174,0.337208,11.831429,-6.856486,1.745801,0.023331,-0.271665,0.338692,5.542424,10.224217,0.889757,0.226433,2.007326,1,0,,38.991452,-76.936649,-10.225000,,,
2026-09-11T17:40:41.665,41.900200,1.899666,84.645816,17.589504,0.000000,-30.976600,10.657087,1.866900,0.185987,0.391553,11.843607,-6.805990,1.708470,0.057335,0.061815,0.393036,4.667769,-8.889728,-3.426346,0.513876,1.343835,1,0,,38.991452,-76.936649,-10.225000,,,
2026-09-11T17:40:41.698,41.933625,1.909779,84.709286,17.683136,0.000000,-30.105934,10.357546,1.878659,0.131706,0.277277,11.854785,-6.755320,1.671328,-0.168781,0.079345,0.278760,-3.254141,7.403727,8.089996,0.288592,1.757333,1,0,,38.991452,-76.936649,-10.225000,,,
2026-09-11T17:40:41.732,41.967038,1.890822,84.772255,17.507610,0.000000,-28.480644,9.798387,1.863240,0.144593,0.304405,11.864503,-6.704783,1.634245,-0.048704,0.238873,0.305889,0.045993,0.945067,2.515406,0.279999,1.744676,1,0,,38.991452,-76.936649,-10.225000,,,
2026-09-11T17:40:41.765,42.000459,1.910610,84.836340,17.690832,0.000000,-27.158165,9.343405,1.885262,0.142213,0.299397,11.874593,-6.653669,1.597721,-0.295839,0.187421,0.300880,-0.087770,-0.401190,9.115576,0.264132,1.645081,1,0,,38.991452,-76.936649,-10.225000,,,
2026-09-11T17:40:41.798,42.033883,1.950004,84.901668,18.055589,0.000000,-25.714836,8.846847,1.926804,0.133351,0.280738,11.884288,-6.601489,1.560884,-0.219913,0.082329,0.282222,0.846412,-4.615206,5.935769,0.307320,1.275059,1,0,,38.991452,-76.936649,-10.225000,,,
2026-09-11T17:40:41.832,42.067297,1.960425,84.967667,18.152080,0.000000,-24.037361,8.269734,1.940040,0.126777,0.266900,11.893437,-6.548430,1.523774,-0.276119,0.161578,0.268383,-2.429009,-3.144600,4.324340,0.131073,1.006080,1,0,,38.991452,-76.936649,-10.225000,,,
2026-09-11T17:40:41.865,42.100717,1.960949,85.033803,18.156939,0.000000,-23.885612,8.217527,1.940815,0.116459,0.245177,11.901994,-6.495025,1.486761,-0.040302,0.167295,0.246661,-1.136002,1.966626,11.145258,0.041437,1.073833,1,0,,38.991452,-76.936649,-10.225000,,,
2026-09-11T17:40:41.899,42.134140,1.980710,85.100805,18.339906,0.000000,-25.808220,8.878975,1.956974,0.152765,0.321610,11.911466,-6.440796,1.450400,0.153936,0.119390,0.323094,0.598010,-4.446629,9.659648,0.069292,0.715502,1,0,,38.991452,-76.936649,-10.225000,,,
2026-09-11T17:40:41.932,42.167555,1.971082,85.166885,18.250761,0.000000,-29.354744,10.099109,1.940542,0.147679,0.310902,11.922034,-6.385908,1.415008,0.057161,0.051107,0.312386,0.750797,-2.005558,15.156276,0.110554,0.521027,1,0,,38.991452,-76.936649,-10.225000,,,
2026-09-11T17:40:41.966,42.200980,1.971490,85.233329,18.254539,0.000000,-29.418602,10.121079,1.940811,0.169372,0.356572,11.933189,-6.330673,1.380590,0.117386,-0.040004,0.358055,2.317606,0.703823,11.033756,0.256315,0.498362,1,0,,38.991452,-76.936649,-10.225000,,,
2026-09-11T17:40:41.999,42.234402,1.972029,85.298781,18.259525,0.000000,-29.777717,10.244628,1.940589,0.158789,0.334292,11.944734,-6.274946,1.346953,0.004057,-0.005079,0.335776,0.942615,4.169690,2.321528,0.314947,0.703177,1,0,,38.991452,-76.936649,-10.225000,,,
2026-09-11T17:40:42.032,42.267811,1.923493,85.362901,17.810117,0.000000,-28.269844,9.725864,1.895847,0.154636,0.325550,11.955756,-6.219621,1.314188,0.133486,0.080533,0.327033,-4.313161,-1.060099,8.583271,0.040533,0.569168,1,0,,38.991452,-76.936649,-10.225000,,,
2026-09-11T17:40:42.066,42.301233,1.875722,85.425517,17.367796,0.000000,-24.778938,8.524864,1.854998,0.113858,0.239702,11.965202,-6.165542,1.282176,-0.075815,0.019148,0.241185,0.841411,7.367246,9.745849,0.109398,0.993532,1,0,,38.991452,-76.936649,-10.225000,,,
2026-09-11T17:40:42.100,42.334654,1.846992,85.487711,17.101773,0.000000,-21.326484,7.337093,1.831868,0.106179,0.223534,11.972943,-6.112533,1.250566,0.025558,-0.017049,0.225018,0.130330,3.654742,11.935968,0.134147,1.175072,1,1,42.312976,38.991440,-76.936666,-10.172000,2.390233,6.221356,3.007935
2026-09-11T17:40:42.133,42.368064,1.808623,85.547125,16.746513,0.000000,-18.564110,6.386735,1.797399,0.089242,0.187879,11.979816,-6.060340,1.219546,0.052571,0.187288,0.189362,-0.090810,1.112564,12.466802,0.146543,1.194579,1,0,,38.991440,-76.936666,-10.172000,,,
2026-09-11T17:40:42.166,42.401487,1.790185,85.607645,16.575786,0.000000,-17.971534,6.182867,1.779772,0.078585,0.165443,11.985720,-6.008909,1.188945,-0.049447,-0.089233,0.166926,-2.465490,8.283089,9.396536,0.006164,1.681328,1,0,,38.991440,-76.936666,-10.172000,,,
2026-09-11T17:40:42.199,42.434908,1.751773,85.666296,16.220120,0.000000,-17.889137,6.154520,1.741676,0.092912,0.195604,11.991754,-5.958048,1.159212,0.087052,-0.035593,0.197087,-3.917266,-3.923248,13.297131,-0.228376,1.368718,1,0,,38.991440,-76.936666,-10.172000,,,
2026-09-11T17:40:42.233,42.468318,1.733054,85.724400,16.046797,0.000000,-18.612175,6.403271,1.722243,0.084527,0.177951,11.997994,-5.907776,1.130406,0.039128,-0.060803,0.179435,0.685093,4.399852,4.741417,-0.164297,1.601045,1,0,,38.991440,-76.936666,-10.172000,,,
2026-09-11T17:40:42.267,42.501736,1.704302,85.781570,15.780574,0.000000,-18.578529,6.391696,1.693708,0.083687,0.176183,12.003911,-5.858077,1.102198,0.229994,0.055500,0.177666,-2.415770,7.308406,10.177342,-0.305159,2.019962,1,0,,38.991440,-76.936666,-10.172000,,,
2026-09-11T17:40:42.300,42.535161,1.675150,85.837646,15.510647,0.000000,-18.479652,6.357678,1.664848,0.081540,0.171663,12.009724,-5.809042,1.074743,0.021764,-0.103409,0.173147,-2.794013,-1.254565,7.888764,-0.477030,1.880016,1,0,,38.991440,-76.936666,-10.172000,,,
2026-09-11T17:40:42.333,42.568573,1.656523,85.892879,15.338180,0.000000,-18.460426,6.351064,1.646357,0.088372,0.186046,12.015700,-5.760498,1.048071,-0.018097,0.013171,0.187529,1.070592,-0.745894,12.360106,-0.401051,1.773326,1,0,,38.991440,-76.936666,-10.172000,,,
2026-09-11T17:40:42.367,42.601991,1.647155,85.948112,15.251434,0.000000,-18.151436,6.244760,1.637381,0.062522,0.131626,12.021008,-5.712351,1.021637,-0.036737,0.116072,0.133110,-3.419089,3.153819,15.330148,-0.616528,1.926443,1,0,,38.991440,-76.936666,-10.172000,,,
2026-09-11T17:40:42.400,42.635410,1.637970,86.003357,15.166393,0.000000,-17.883644,6.152630,1.628536,0.078762,0.165815,12.025978,-5.664407,0.995466,-0.048356,0.000620,0.167299,-1.664581,-4.123598,12.349711,-0.718301,1.602661,1,0,,38.991440,-76.936666,-10.172000,,,
2026-09-11T17:40:42.433,42.668822,1.628490,86.057781,15.078607,0.000000,-17.229957,5.927738,1.619782,0.079641,0.167665,12.031550,-5.616440,0.969950,-0.064241,-0.003336,0.169148,0.480820,0.293611,7.701947,-0.683259,1.568664,1,0,,38.991440,-76.936666,-10.172000,,,
2026-09-11T17:40:42.467,42.702244,1.648497,86.112593,15.263858,0.000000,-17.233391,5.928919,1.639679,0.072913,0.153502,12.036917,-5.568209,0.944512,-0.105002,0.022325,0.154986,2.593859,-1.918475,12.465625,-0.514458,1.392985,1,0,,38.991440,-76.936666,-10.172000,,,
2026-09-11T17:40:42.500,42.735666,1.658394,86.168008,15.355498,0.000000,-17.516975,6.026482,1.649229,0.078063,0.164342,12.042228,-5.519431,0.919061,-0.063268,0.046412,0.165826,0.359904,-0.999396,7.129925,-0.494695,1.277570,1,0,,38.991440,-76.936666,-10.172000,,,
2026-09-11T17:40:42.534,42.769088,1.658738,86.223458,15.358689,0.000000,-17.654304,6.073729,1.649427,0.085474,0.179945,12.047981,-5.470269,0.893980,0.034021,-0.051356,0.181429,3.304645,-3.051830,15.170397,-0.287691,1.028824,1,0,,38.991440,-76.936666,-10.172000,,,
2026-09-11T17:40:42.567,42.802510,1.698482,86.280297,15.726685,0.000000,-18.050499,6.210034,1.688515,0.073896,0.155571,12.053588,-5.420425,0.868797,0.103947,-0.010337,0.157055,-0.566040,4.304041,12.440618,-0.334759,1.261562,1,0,,38.991440,-76.936666,-10.172000,,,
2026-09-11T17:40:42.602,42.835925,1.660207,86.336772,15.372286,0.000000,-17.963295,6.180033,1.650559,0.083784,0.176388,12.059134,-5.370452,0.843859,-0.002399,-0.043219,0.177872,-2.192767,-2.183745,7.900434,-0.488373,1.069629,1,0,,38.991440,-76.936666,-10.172000,,,
2026-09-11T17:40:42.634,42.869339,1.641399,86.390866,15.198136,0.000000,-17.964668,6.180505,1.631858,0.079608,0.167595,12.064881,-5.321122,0.819748,-0.034192,-0.028568,0.169079,0.434533,-1.158754,12.557317,-0.472006,0.947375,1,0,,38.991440,-76.936666,-10.172000,,,
2026-09-11T17:40:42.668,42.902762,1.642101,86.446384,15.204642,0.000000,-17.455177,6.005221,1.633090,0.068092,0.143351,12.070078,-5.272030,0.795810,-0.030009,0.021982,0.144835,1.080497,1.812465,11.684231,-0.414463,1.021453,1,0,,38.991440,-76.936666,-10.172000,,,
2026-09-11T17:40:42.703,42.936176,1.632440,86.501230,15.115188,0.000000,-16.044121,5.519766,1.624871,0.068150,0.143474,12.074870,-5.223025,0.772010,-0.007541,-0.023161,0.144958,1.494043,2.662407,11.093381,-0.331930,1.149805,1,0,,38.991440,-76.936666,-10.172000,,,
2026-09-11T17:40:42.736,42.969591,1.622650,86.555335,15.024540,0.000000,-14.893989,5.124079,1.616166,0.051931,0.109328,12.079093,-5.174287,0.748325,-0.087979,-0.016087,0.110811,-0.414135,-5.119268,13.984872,-0.375609,0.776454,1,0,,38.991440,-76.936666,-10.172000,,,
2026-09-11T17:40:42.768,43.003012,1.623129,86.609213,15.028971,0.000000,-14.593239,5.020610,1.616901,0.060088,0.126500,12.083034,-5.125626,0.724779,0.013702,0.035758,0.127984,2.053709,4.438784,12.088952,-0.260284,1.024429,1,0,,38.991440,-76.936666,-10.172000,,,
2026-09-11T17:40:42.801,43.036424,1.613826,86.662566,14.942834,0.000000,-14.670143,5.047067,1.607569,0.049723,0.104680,12.086896,-5.077032,0.701462,-0.040058,-0.041889,0.106163,-0.636746,-0.652535,11.411214,-0.321584,0.942278,1,0,,38.991440,-76.936666,-10.172000,,,
2026-09-11T17:40:42.834,43.069836,1.594939,86.715874,14.767951,0.000000,-14.804725,5.093369,1.588641,0.063549,0.133787,12.090880,-5.028739,0.678605,-0.018758,0.073898,0.135270,0.405113,2.431853,8.880020,-0.318471,1.057894,1,0,,38.991440,-76.936666,-10.172000,,,
2026-09-11T17:40:42.868,43.103258,1.614727,86.770218,14.951171,0.000000,-15.133629,5.206524,1.608064,0.070698,0.148838,12.095603,-4.980166,0.656261,0.034143,0.050006,0.150322,-0.619584,0.914470,9.872355,-0.386651,1.072243,1,0,,38.991440,-76.936666,-10.172000,,,
2026-09-11T17:40:42.902,43.136669,1.605208,86.823845,14.863034,0.000000,-15.916404,5.475827,1.597882,0.066158,0.139280,12.100416,-4.931344,0.634123,0.094453,-0.044174,0.140764,1.041368,7.560535,8.399004,-0.348374,1.517974,1,0,,38.991440,-76.936666,-10.172000,,,
2026-09-11T17:40:42.935,43.170078,1.605467,86.877711,14.865437,0.000000,-16.519966,5.683474,1.597575,0.070100,0.147578,12.105208,-4.882581,0.612292,0.062216,0.008133,0.149062,-0.573885,3.272381,14.732825,-0.414327,1.680208,1,0,,38.991440,-76.936666,-10.172000,,,
2026-09-11T17:40:42.968,43.203498,1.635370,86.932420,15.142310,0.000000,-17.437324,5.999079,1.626414,0.087628,0.184480,12.110757,-4.833103,0.590818,0.140727,0.049545,0.185963,0.761977,-3.093312,10.924510,-0.391177,1.424024,1,0,,38.991440,-76.936666,-10.172000,,,
2026-09-11T17:40:43.002,43.236910,1.665003,86.987847,15.416691,0.000000,-18.221473,6.268856,1.655047,0.096814,0.203819,12.117244,-4.782451,0.569630,0.084457,-0.017462,0.205303,3.753691,5.632155,5.444456,-0.171529,1.733609,1,0,,38.991440,-76.936666,-10.172000,,,
2026-09-11T17:40:43.035,43.270322,1.665462,87.043695,15.420944,0.000000,-18.702812,6.434454,1.654971,0.099196,0.208834,12.124138,-4.731144,0.548747,0.066370,-0.029608,0.210317,2.074989,1.789714,6.219770,-0.058601,1.790305,1,0,,38.991440,-76.936666,-10.172000,,,
2026-09-11T17:40:43.068,43.303747,1.724325,87.101890,15.965969,0.000000,-19.012489,6.540994,1.713100,0.107540,0.226400,12.131411,-4.678715,0.527975,0.007286,-0.052558,0.227884,0.259974,-2.222579,11.537720,-0.060849,1.583583,1,0,,38.991440,-76.936666,-10.172000,,,
2026-09-11T17:40:43.102,43.337161,1.724610,87.159926,15.968608,0.000000,-19.142265,6.585642,1.713230,0.100401,0.211370,12.138725,-4.625261,0.507200,-0.072366,0.025811,0.212853,0.569276,1.626433,11.909686,-0.039028,1.630285,1,1,43.310302,38.991428,-76.936677,-10.133000,1.445750,4.891835,2.928131
2026-09-11T17:40:43.135,43.370574,1.743980,87.218144,16.147961,0.000000,-18.849067,6.484771,1.732822,0.107139,0.225557,12.146025,-4.571361,0.486676,-0.012795,0.101991,0.227040,0.456598,-2.305151,12.226931,-0.022107,1.419895,1,0,,38.991428,-76.936677,-10.133000,,,
2026-09-11T17:40:43.169,43.403996,1.734255,87.276089,16.057918,0.000000,-18.496818,6.363584,1.723570,0.085083,0.179123,12.152787,-4.517249,0.466221,-0.017151,-0.056364,0.180606,0.254777,0.896818,9.678085,-0.017547,1.424597,1,0,,38.991428,-76.936677,-10.133000,,,
2026-09-11T17:40:43.203,43.437416,1.725154,87.334307,15.973645,0.000000,-18.213234,6.266021,1.714847,0.081864,0.172345,12.158660,-4.463457,0.445842,-0.020878,-0.025143,0.173829,-1.074024,-1.585539,7.220931,-0.091699,1.269274,1,0,,38.991428,-76.936677,-10.133000,,,
2026-09-11T17:40:43.235,43.470835,1.686912,87.390862,15.619553,0.000000,-18.263359,6.283266,1.676778,0.084526,0.177949,12.164514,-4.410270,0.426077,0.093050,-0.055353,0.179433,-0.610464,4.427801,7.358518,-0.127008,1.505084,1,0,,38.991428,-76.936677,-10.133000,,,
2026-09-11T17:40:43.269,43.504255,1.668028,87.446585,15.444707,0.000000,-18.317604,6.301928,1.657949,0.082195,0.173041,12.170379,-4.357841,0.406999,0.092372,0.103414,0.174525,-2.204143,-0.427766,8.266908,-0.260154,1.424431,1,0,,38.991428,-76.936677,-10.133000,,,
2026-09-11T17:40:43.303,43.537664,1.610310,87.500519,14.910276,0.000000,-17.885017,6.153102,1.601033,0.070440,0.148294,12.175746,-4.306581,0.388487,0.120848,0.041986,0.149778,-2.746254,-1.881798,10.065153,-0.419372,1.253737,1,0,,38.991428,-76.936677,-10.133000,,,
2026-09-11T17:40:43.336,43.571078,1.581508,87.553052,14.643589,0.000000,-15.309410,5.266999,1.574830,0.046903,0.098744,12.179874,-4.256734,0.370199,0.023185,0.012190,0.100227,-2.191296,-3.033491,9.561582,-0.533993,1.015654,1,0,,38.991428,-76.936677,-10.133000,,,
2026-09-11T17:40:43.369,43.604496,1.543436,87.604309,14.291074,0.000000,-12.306022,4.233723,1.539224,0.035248,0.074207,12.182763,-4.207996,0.351926,-0.040911,-0.143921,0.075690,1.357142,4.030435,8.670746,-0.413853,1.240401,1,0,,38.991428,-76.936677,-10.133000,,,
2026-09-11T17:40:43.403,43.637910,1.544145,87.655954,14.297635,0.000000,-5.712852,1.965431,1.543236,0.028146,0.059255,12.184993,-4.159824,0.333688,-0.092044,-0.123643,0.060738,1.240247,-0.178677,10.438787,-0.301276,1.191505,1,0,,38.991428,-76.936677,-10.133000,,,
2026-09-11T17:40:43.436,43.671322,1.515772,87.706060,14.034927,0.000000,-5.387382,1.853457,1.514979,0.020550,0.043264,12.186706,-4.112085,0.315467,-0.080549,0.026948,0.044748,-1.130314,1.423337,10.190188,-0.343874,1.248585,1,0,,38.991428,-76.936677,-10.133000,,,
2026-09-11T17:40:43.469,43.704743,1.458415,87.754469,13.503847,0.000000,-4.959602,1.706285,1.457769,0.007319,0.015408,12.187686,-4.065765,0.297512,-0.132519,0.056206,0.016891,-1.580146,-4.799767,7.722443,-0.418806,0.904735,1,0,,38.991428,-76.936677,-10.133000,,,
2026-09-11T17:40:43.503,43.738157,1.449051,87.802820,13.417139,0.000000,-4.969215,1.709592,1.448406,0.014230,0.029958,12.188444,-4.020512,0.279913,-0.089596,-0.020798,0.031441,1.127961,0.757564,9.002015,-0.323850,0.923303,1,0,,38.991428,-76.936677,-10.133000,,,
2026-09-11T17:40:43.536,43.771569,1.410702,87.849611,13.062060,0.000000,-5.188255,1.784950,1.410018,0.014593,0.030721,12.189458,-3.975943,0.262762,-0.027323,-0.065075,0.032205,3.910892,4.254321,9.814692,-0.055997,1.168108,1,0,,38.991428,-76.936677,-10.133000,,,
2026-09-11T17:40:43.570,43.804990,1.391514,87.896083,12.884393,0.000000,-5.991630,2.061341,1.390614,0.029440,0.061979,12.191007,-3.932145,0.246256,-0.021332,0.130775,0.063463,-2.536980,-2.264356,10.519594,-0.213799,0.985248,1,0,,38.991428,-76.936677,-10.133000,,,
2026-09-11T17:40:43.604,43.838414,1.362267,87.941484,12.613587,0.000000,-7.826347,2.692551,1.360763,0.044854,0.094430,12.193621,-3.888890,0.230610,0.027384,0.017568,0.095914,-1.374304,-4.006115,6.922122,-0.297819,0.688878,1,0,,38.991428,-76.936677,-10.133000,,,
2026-09-11T17:40:43.637,43.871831,1.352806,87.986840,12.525979,0.000000,-9.381599,3.227614,1.350660,0.055785,0.117442,12.197161,-3.846059,0.215753,0.017652,-0.092510,0.118926,0.216531,-3.061440,5.470444,-0.279128,0.455121,1,0,,38.991428,-76.936677,-10.133000,,,
2026-09-11T17:40:43.670,43.905256,1.352962,88.032047,12.527426,0.000000,-10.325050,3.552196,1.350363,0.033078,0.069637,12.200287,-3.803401,0.200914,0.017415,-0.003263,0.071121,0.845235,0.059526,8.886492,-0.220664,0.430191,1,0,,38.991428,-76.936677,-10.133000,,,
2026-09-11T17:40:43.704,43.938678,1.343514,88.076935,12.439948,0.000000,-10.836601,3.728188,1.340671,0.025935,0.054600,12.202364,-3.761042,0.185781,-0.013458,-0.016641,0.056084,4.446531,6.144651,9.253163,0.067460,0.800925,1,0,,38.991428,-76.936677,-10.133000,,,
2026-09-11T17:40:43.737,43.972087,1.363318,88.122086,12.623312,0.000000,-10.546150,3.628263,1.360585,0.055735,0.117336,12.205236,-3.718368,0.171053,-0.059329,0.043630,0.118820,1.909649,-0.752268,6.150535,0.185737,0.715369,1,0,,38.991428,-76.936677,-10.133000,,,
2026-09-11T17:40:43.770,44.005510,1.383026,88.168113,12.805797,0.000000,-10.975303,3.775907,1.380024,0.045175,0.095104,12.208786,-3.674900,0.156525,-0.138415,-0.050685,0.096588,1.040289,2.876487,9.177357,0.244563,0.867580,1,0,,38.991428,-76.936677,-10.133000,,,
2026-09-11T17:40:43.804,44.038936,1.383429,88.214073,12.809532,0.000000,-11.456642,3.941505,1.380157,0.049929,0.105114,12.212132,-3.631107,0.141941,-0.080055,0.122747,0.106598,1.426573,0.495432,7.325077,0.325222,0.863000,1,0,,38.991428,-76.936677,-10.133000,,,
2026-09-11T17:40:43.837,44.072350,1.383606,88.259975,12.811162,0.000000,-12.284050,4.226164,1.379843,0.070034,0.147440,12.216352,-3.587134,0.127919,-0.087083,-0.027229,0.148924,0.095517,2.601018,12.566928,0.315643,0.991037,1,0,,38.991428,-76.936677,-10.133000,,,
2026-09-11T17:40:43.871,44.105775,1.374502,88.305524,12.726868,0.000000,-15.708351,5.404249,1.368392,0.062501,0.131580,12.221015,-3.543199,0.114352,-0.021448,0.006671,0.133064,-2.897963,0.676855,10.476641,0.111221,0.994575,1,0,,38.991428,-76.936677,-10.133000,,,
2026-09-11T17:40:43.904,44.139197,1.374781,88.351233,12.729452,0.000000,-17.904930,6.159953,1.366843,0.086377,0.181845,12.226252,-3.499314,0.101334,-0.004017,-0.081334,0.183329,5.139960,4.076624,4.806043,0.429890,1.213871,1,0,,38.991428,-76.936677,-10.133000,,,
2026-09-11T17:40:43.938,44.172611,1.365693,88.397568,12.645309,0.000000,-20.466118,7.041095,1.355394,0.095643,0.201355,12.232654,-3.455386,0.089169,0.065708,0.124271,0.202838,0.674403,0.175833,8.424893,0.454183,1.176476,1,0,,38.991428,-76.936677,-10.133000,,,
2026-09-11T17:40:43.971,44.206032,1.337068,88.442992,12.380255,0.000000,-22.049522,7.585845,1.325366,0.089965,0.189401,12.239184,-3.412007,0.077566,0.134146,0.098612,0.190885,0.103264,-2.241604,10.588044,0.441294,0.984319,1,0,,38.991428,-76.936677,-10.133000,,,
2026-09-11T17:40:44.005,44.239455,1.337786,88.488381,12.386903,0.000000,-22.271995,7.662384,1.325840,0.088626,0.186582,12.245468,-3.369057,0.066288,0.051026,-0.001276,0.188065,1.701944,1.304775,11.130842,0.537758,1.024245,1,0,,38.991428,-76.936677,-10.133000,,,
2026-09-11T17:40:44.038,44.272867,1.318878,88.532825,12.211838,0.000000,-22.371559,7.696637,1.306997,0.091796,0.193256,12.251813,-3.326333,0.055409,0.066866,0.027799,0.194739,-2.320646,-3.193241,5.562920,0.378883,0.772136,1,0,,38.991428,-76.936677,-10.133000,,,
2026-09-11T17:40:44.071,44.306288,1.319320,88.577964,12.215922,0.000000,-22.438163,7.719552,1.307363,0.097104,0.204430,12.258459,-3.283779,0.045036,0.106680,-0.019777,0.205914,-1.793538,-0.485723,10.879498,0.258290,0.697164,1,0,,38.991428,-76.936677,-10.133000,,,
2026-09-11T17:40:44.105,44.339714,1.319581,88.622135,12.218339,0.000000,-23.476371,8.076733,1.306491,0.083933,0.176701,12.264828,-3.241198,0.034815,0.078682,0.037980,0.178185,-0.976056,4.971972,9.778015,0.191790,0.978870,1,1,44.318285,38.991417,-76.936685,-10.075000,0.777971,3.583442,3.257178
2026-09-11T17:40:44.138,44.373127,1.300197,88.665656,12.038859,0.000000,-25.910530,8.914173,1.284492,0.094845,0.199674,12.271116,-3.198947,0.024943,0.093076,0.002878,0.201157,0.121701,1.434811,9.778407,0.198119,1.026676,1,0,,38.991417,-76.936685,-10.075000,,,
2026-09-11T17:40:44.171,44.406552,1.310435,88.710783,12.133661,0.000000,-28.786888,9.903746,1.290907,0.099308,0.209070,12.277947,-3.156793,0.015668,0.123205,0.014283,0.210553,0.716376,1.458445,9.562661,0.245118,1.074631,1,0,,38.991417,-76.936685,-10.075000,,,
2026-09-11T17:40:44.205,44.439977,1.320636,88.754305,12.228114,0.000000,-29.117851,10.017609,1.300502,0.125494,0.264198,12.285857,-3.114172,0.007120,0.127807,0.031657,0.265681,-0.381675,-3.025450,10.361903,0.219647,0.826827,1,0,,38.991417,-76.936685,-10.075000,,,
2026-09-11T17:40:44.238,44.473393,1.320991,88.797985,12.231394,0.000000,-29.689140,10.214154,1.300055,0.099803,0.210111,12.293782,-3.071344,-0.001122,0.040370,-0.183201,0.211595,-2.067046,-0.005982,16.833213,0.086483,0.781939,1,0,,38.991417,-76.936685,-10.075000,,,
2026-09-11T17:40:44.272,44.506819,1.272878,88.840037,11.785906,0.000000,-30.137520,10.368413,1.252093,0.121196,0.255150,12.301558,-3.029243,-0.008888,0.021124,-0.091865,0.256633,2.004087,4.726413,15.192070,0.222630,1.041079,1,0,,38.991417,-76.936685,-10.075000,,,
2026-09-11T17:40:44.305,44.540260,1.244095,88.882214,11.519401,0.000000,-30.194511,10.388020,1.223704,0.116838,0.245974,12.309937,-2.988218,-0.015711,0.031574,0.014391,0.247457,-2.004087,-2.743116,8.751357,0.102552,0.814589,1,0,,38.991417,-76.936685,-10.075000,,,
2026-09-11T17:40:44.338,44.573672,1.234568,88.923650,11.431190,0.000000,-30.149879,10.372665,1.214393,0.108292,0.227983,12.317855,-2.947839,-0.022245,-0.001567,0.017940,0.229467,-0.452773,-4.299824,10.291687,0.089774,0.491634,1,0,,38.991417,-76.936685,-10.075000,,,
2026-09-11T17:40:44.372,44.607093,1.234925,88.964813,11.434487,0.000000,-30.216484,10.395579,1.214654,0.106276,0.223738,12.325403,-2.907589,-0.028601,0.003008,-0.004084,0.225221,1.717243,1.295851,10.405935,0.221641,0.534843,1,0,,38.991417,-76.936685,-10.075000,,,
2026-09-11T17:40:44.405,44.640516,1.206192,89.005144,11.168442,0.000000,-30.655937,10.546767,1.185814,0.121830,0.256483,12.333428,-2.867703,-0.034314,0.029582,-0.027724,0.257967,3.990326,4.099180,9.881377,0.502546,0.757016,1,0,,38.991417,-76.936685,-10.075000,,,
2026-09-11T17:40:44.439,44.673928,1.187464,89.045304,10.995039,0.000000,-30.908622,10.633700,1.167072,0.110136,0.231865,12.341587,-2.828541,-0.039459,-0.036884,-0.019951,0.233349,0.591929,-2.463136,11.433573,0.563756,0.554007,1,0,,38.991417,-76.936685,-10.075000,,,
2026-09-11T17:40:44.472,44.707347,1.178289,89.084621,10.910085,0.000000,-31.366615,10.791267,1.157452,0.101847,0.214415,12.349044,-2.789867,-0.044520,0.096444,0.009353,0.215898,-2.885215,-1.541802,11.197429,0.404065,0.414327,1,0,,38.991417,-76.936685,-10.075000,,,
2026-09-11T17:40:44.506,44.740770,1.140047,89.122514,10.555993,0.000000,-31.152382,10.717562,1.120160,0.091105,0.191800,12.355832,-2.751988,-0.049452,0.025241,0.033332,0.193284,-1.793048,-1.387935,13.578582,0.318692,0.288314,1,0,,38.991417,-76.936685,-10.075000,,,
2026-09-11T17:40:44.539,44.774193,1.091950,89.158949,10.110651,0.000000,-30.939522,10.644331,1.073161,0.107172,0.225626,12.362808,-2.715438,-0.053747,0.083988,0.014280,0.227110,1.117664,-2.178842,6.288122,0.420889,0.110735,1,0,,38.991417,-76.936685,-10.075000,,,
2026-09-11T17:40:44.573,44.807619,1.043875,89.193527,9.665513,0.000000,-30.809059,10.599447,1.026064,0.093106,0.196012,12.369855,-2.680388,-0.057441,0.092471,0.037112,0.197495,-2.627496,-2.138340,8.496286,0.279947,-0.059596,1,0,,38.991417,-76.936685,-10.075000,,,
2026-09-11T17:40:44.606,44.841132,1.005546,89.226908,9.310614,0.000000,-30.832405,10.607479,0.988363,0.088356,0.186013,12.376256,-2.646678,-0.060944,0.068579,-0.001670,0.187497,-0.234869,-2.475689,9.606202,0.298637,-0.249238,1,0,,38.991417,-76.936685,-10.075000,,,
2026-09-11T17:40:44.639,44.874545,0.957202,89.258717,8.862982,0.000000,-30.631904,10.538499,0.941056,0.087954,0.185166,12.382457,-2.614459,-0.064045,0.044166,0.030205,0.186650,-0.625076,1.469821,7.855127,0.294286,-0.180284,1,0,,38.991417,-76.936685,-10.075000,,,
2026-09-11T17:40:44.674,44.907964,0.937832,89.290185,8.683632,0.000000,-30.491829,10.490308,0.922157,0.075071,0.158044,12.388192,-2.583344,-0.066972,0.036340,0.008556,0.159528,-3.046142,-0.177304,8.102647,0.135618,-0.216839,1,0,,38.991417,-76.936685,-10.075000,,,
2026-09-11T17:40:44.706,44.941379,0.918416,89.320342,8.503855,0.000000,-30.677223,10.554090,0.902879,0.081331,0.171222,12.393693,-2.552865,-0.069722,0.032168,-0.058628,0.172706,0.122681,-1.919652,13.178078,0.185027,-0.366303,1,0,,38.991417,-76.936685,-10.075000,,,
2026-09-11T17:40:44.739,44.974795,0.869738,89.349132,8.053129,0.000000,-30.964241,10.652835,0.854748,0.075696,0.159360,12.399217,-2.523478,-0.072104,0.035232,0.033624,0.160843,-1.551020,-0.343429,6.855339,0.126187,-0.410923,1,0,,38.991417,-76.936685,-10.075000,,,
2026-09-11T17:40:44.773,45.008216,0.840631,89.377147,7.783623,0.000000,-30.896949,10.629684,0.826206,0.087678,0.184586,12.404964,-2.495321,-0.074006,0.009712,-0.062800,0.186070,-0.133665,3.831262,8.441564,0.159370,-0.185921,1,0,,38.991417,-76.936685,-10.075000,,,
2026-09-11T17:40:44.806,45.041630,0.821387,89.404319,7.605440,0.000000,-30.853004,10.614566,0.807332,0.076164,0.160344,12.410727,-2.467939,-0.075612,0.051611,0.015066,0.161828,0.714218,0.772274,8.559637,0.242486,-0.159905,1,0,,38.991417,-76.936685,-10.075000,,,
2026-09-11T17:40:44.840,45.075046,0.792617,89.430352,7.339047,0.000000,-30.923729,10.638897,0.778992,0.070329,0.148062,12.415880,-2.441371,-0.077236,0.006432,-0.092416,0.149545,-0.596735,2.097446,10.720924,0.235940,-0.047501,1,0,,38.991417,-76.936685,-10.075000,,,
2026-09-11T17:40:44.873,45.108466,0.763953,89.455223,7.073640,0.000000,-30.684776,10.556689,0.751023,0.068693,0.144618,12.420771,-2.415742,-0.078710,0.025301,0.077563,0.146101,1.433830,1.031267,11.090341,0.360698,-0.004900,1,0,,38.991417,-76.936685,-10.075000,,,
2026-09-11T17:40:44.906,45.141876,0.725539,89.478602,6.717957,0.000000,-30.814552,10.601337,0.713155,0.038704,0.081482,12.424548,-2.391277,-0.080439,-0.122630,-0.056278,0.082966,-4.092217,0.510142,9.162746,0.125035,0.006764,1,0,,38.991417,-76.936685,-10.075000,,,
2026-09-11T17:40:44.940,45.175291,0.677733,89.500191,6.275302,0.000000,-30.420417,10.465740,0.666458,0.096336,0.202813,12.429298,-2.368140,-0.081410,-0.028913,0.017105,0.204297,1.551510,-4.424662,8.614162,0.258460,-0.306038,1,0,,38.991417,-76.936685,-10.075000,,,
2026-09-11T17:40:44.973,45.208717,0.678132,89.522248,6.279004,0.000000,-30.449943,10.475898,0.666829,0.102963,0.216763,12.436310,-2.345613,-0.081076,-0.027093,-0.018942,0.218247,2.250724,6.149162,11.093381,0.436415,0.068411,1,0,,38.991417,-76.936685,-10.075000,,,
2026-09-11T17:40:45.007,45.242129,0.620111,89.542653,5.741766,0.000000,-30.922355,10.638425,0.609452,0.074260,0.156337,12.442543,-2.324087,-0.080842,-0.080946,0.121055,0.157821,-0.256346,1.218182,9.466065,0.444675,0.122681,1,0,,38.991417,-76.936685,-10.075000,,,
2026-09-11T17:40:45.040,45.275542,0.600919,89.562898,5.564062,0.000000,-33.820686,11.635557,0.588570,0.088830,0.187011,12.448279,-2.303891,-0.080553,-0.079083,0.013899,0.188494,2.109509,1.604368,7.191413,0.604658,0.200387,1,0,,38.991417,-76.936685,-10.075000,,,
2026-09-11T17:40:45.074,45.308967,0.601101,89.583075,5.565747,0.000000,-36.942863,12.709701,0.586372,0.094622,0.199205,12.454734,-2.284032,-0.079758,-0.075944,-0.068000,0.200688,-1.346943,-2.353792,10.542247,0.540810,0.020565,1,0,,38.991417,-76.936685,-10.075000,,,
2026-09-11T17:40:45.107,45.342378,0.582166,89.602842,5.390425,0.000000,-42.013054,14.454032,0.563739,0.067763,0.142659,12.460445,-2.264637,-0.079148,0.000713,0.048070,0.144142,-0.076590,0.868575,9.424681,0.558420,0.053698,1,0,,38.991417,-76.936685,-10.075000,,,
2026-09-11T17:40:45.140,45.375790,0.524229,89.620934,4.853975,0.000000,-44.929237,15.457306,0.505268,0.083508,0.175806,12.465765,-2.246614,-0.078478,-0.042452,0.012781,0.177289,0.436200,0.303810,8.313882,0.604776,0.049373,1,0,,38.991417,-76.936685,-10.075000,,,
2026-09-11T17:40:45.175,45.409216,0.543671,89.638924,5.033988,0.000000,-51.610985,17.756073,0.517772,0.087744,0.184723,12.471790,-2.229319,-0.077295,0.009724,0.033261,0.186207,0.868869,1.051763,9.303373,0.673199,0.093077,1,0,,38.991417,-76.936685,-10.075000,,,
2026-09-11T17:40:45.207,45.442631,0.475923,89.654600,4.406695,0.000000,-56.209449,19.338113,0.449072,0.076037,0.160079,12.477551,-2.212982,-0.076053,-0.042797,0.025224,0.161562,-1.099914,2.804015,10.774272,0.610364,0.251236,1,0,,38.991417,-76.936685,-10.075000,,,
2026-09-11T17:40:45.241,45.476047,0.466665,89.670607,4.320973,0.000000,-56.567192,19.461190,0.440003,0.097525,0.205315,12.483656,-2.197935,-0.074436,-0.085244,-0.001765,0.206799,0.609287,0.887894,11.049447,0.655223,0.282431,1,0,,38.991417,-76.936685,-10.075000,,,
2026-09-11T17:40:45.274,45.509469,0.486304,89.686706,4.502817,0.000000,-59.606971,20.506986,0.455487,0.097031,0.204275,12.490501,-2.182760,-0.072380,-0.074622,0.040638,0.205758,0.008728,-0.084337,10.083884,0.655642,0.250169,1,0,,38.991417,-76.936685,-10.075000,,,
2026-09-11T17:40:45.307,45.542877,0.447811,89.701095,4.146402,0.000000,-65.566368,22.557237,0.413552,0.106656,0.224538,12.497664,-2.168037,-0.070037,-0.110443,0.014784,0.226022,-1.052352,1.128353,11.174972,0.585873,0.296767,1,1,45.531839,38.991408,-76.936688,-10.014000,0.520280,2.615861,3.458366
2026-09-11T17:40:45.341,45.576290,0.419492,89.715849,3.884182,0.000000,-71.853981,24.720406,0.381049,0.098956,0.208329,12.504895,-2.154566,-0.067475,-0.089233,0.062643,0.209813,0.290473,1.905040,9.986210,0.603672,0.394000,1,0,,38.991408,-76.936688,-10.014000,,,
