timestamp,time_s,drive_pos_turns,drive_encoder_count,drive_wheel_angle_deg,drive_distance_m,drive_distance_since_start_m,drive_velocity_turns_s,drive_velocity_mps,drive_velocity_mph,drive_acceleration_mps2,drive_iq_A,steer_pos_turns,steer_encoder_count,steer_angle_deg,steer_velocity_turns_s,steer_velocity_deg_s,steer_acceleration_deg_s2,gps_received,gps_ros_stamp_s,gps_latitude_deg,gps_longitude_deg,gps_altitude_m,gps_status,gps_service,gps_cov_x_m2,gps_cov_y_m2,gps_cov_z_m2,gps_covariance_type,imu_received,imu_ros_stamp_s,imu_qx,imu_qy,imu_qz,imu_qw,imu_roll_deg,imu_pitch_deg,imu_yaw_deg,imu_gyro_x_rad_s,imu_gyro_y_rad_s,imu_gyro_z_rad_s,imu_accel_x_mps2,imu_accel_y_mps2,imu_accel_z_mps2
2026-09-11T16:30:31.868,8.32000000627886e-06,-1115.1087646484375,-100359.78881835938,-401439.1552734375,-763.8495037841798,-0.0029266357421875,-0.8872458934783936,-0.6077634370326996,-1.3595280892821648,0.0,0.0,-0.06643867492675781,-544.265625,-23.917922973632812,0.0,0.0,0.0,0,nan,nan,nan,nan,-999,-999,nan,nan,nan,-999,1,1789158631.8611734,-0.8655894519826085,0.5002542722101521,-0.009388884040401417,-0.020307944465507256,178.52273549949615,-2.0958949412528467,-60.023200667613864,-0.019625878372825836,0.015059573450833072,-0.03706992064773356,-1.5590612427139283,0.8697518028450013,-11.009043538074495
2026-09-11T16:30:31.902,0.033429055999931734,-1115.12939453125,-100361.6455078125,-401446.58203125,-763.8636352539063,-0.01705810546875,-0.6810581684112549,-0.46652484536170963,-1.043586357734675,4.226076639105286,0.0,-0.066131591796875,-541.75,-23.807373046875,0.0,0.0,0.0,0,nan,nan,nan,nan,-999,-999,nan,nan,nan,-999,1,1789158631.8891733,-0.8656527460213921,0.5001973168012552,-0.008982367368676832,-0.019164671844355965,178.6128145465673,-1.9899075408965392,-60.01685007350254,0.013321923647547518,-0.023493178929394874,-0.01941242460530693,-1.931125549850464,-0.29802409841537475,-9.092333763961792
2026-09-11T16:30:31.936,0.06684892800012676,-1115.1572265625,-100364.150390625,-401456.6015625,-763.8827001953125,-0.036123046875,-0.864639401435852,-0.5922779899835587,-1.3248881307792548,-3.762825441734644,0.0,-0.064422607421875,-527.75,-23.192138671875,0.0,0.0,0.0,0,nan,nan,nan,nan,-999,-999,nan,nan,nan,-999,1,1789158631.9291732,-0.8657110322052995,0.5000878363405385,-0.00945544017171434,-0.01916140165626413,178.63999345337618,-2.0364987873682225,-60.00256162699817,0.0015981979960512076,0.02368411794956305,-0.012418366693790055,1.2702553954505922,0.3609827924537659,-9.398595448513031
2026-09-11T16:30:31.969,0.10027132799996252,-1115.181884765625,-100366.36962890625,-401465.478515625,-763.8995910644531,-0.053013916015625,-0.7096513509750366,-0.4861111754179001,-1.0873997302655234,3.176516784138193,0.0,-0.064300537109375,-526.75,-23.148193359375,0.0,0.0,0.0,0,nan,nan,nan,nan,-999,-999,nan,nan,nan,-999,1,1789158631.9611733,-0.8657751425637975,0.4999070340670097,-0.009517723645488824,-0.02087517055187673,178.47294114077803,-2.14059306600233,-59.97658362361277,0.008114908357147635,0.026590265687058807,-0.026071553833366096,-0.7199061883735657,1.1688546327781677,-8.910616536464692
2026-09-11T16:30:32.003,0.13369446399997287,-1115.20703125,-100368.6328125,-401474.53125,-763.9168164062501,-0.07023925781250001,-0.7617483139038086,-0.5217975950241089,-1.1672279774161336,-1.0677160756608173,0.0,-0.064300537109375,-526.75,-23.148193359375,0.0,0.0,0.0,0,nan,nan,nan,nan,-999,-999,nan,nan,nan,-999,1,1789158632.0011733,-0.8658860400847335,0.4996930954006822,-0.010228223222707505,-0.02106085100299479,178.49464431419915,-2.221391026790043,-59.948334726156006,0.0010925761117484504,0.025263989988468318,-0.01747353833926643,0.2891981132698059,0.9579135877990723,-8.742236353187561
2026-09-11T16:30:32.037,0.16711382400012553,-1115.2392578125,-100371.533203125,-401486.1328125,-763.9388916015625,-0.092314453125,-0.8677654266357422,-0.5944193172454835,-1.3296781434446197,-2.1730434760283495,0.0,-0.064300537109375,-526.75,-23.148193359375,0.0,0.0,0.0,0,nan,nan,nan,nan,-999,-999,nan,nan,nan,-999,1,1789158632.0291734,-0.8659062693029865,0.4995900906437016,-0.009904145253038002,-0.022759218334742162,178.30711086364258,-2.286289043585216,-59.93235354602109,0.00508798383541387,0.02216603056617838,-0.01148356834642189,2.0421368296813966,1.3816589412879943,-9.53382915424347
2026-09-11T16:30:32.070,0.2005375040000672,-1115.267333984375,-100374.06005859375,-401496.240234375,-763.9581237792969,-0.11154663085937501,-0.8940579295158386,-0.6124296817183496,-1.3699661813671011,-0.5388504339706912,0.0,-0.064300537109375,-526.75,-23.148193359375,0.0,0.0,0.0,1,1789158632.0382955,38.99074852166667,-76.93789443166666,-5.859999999999999,0,1,9.284209,10.989225,121.24212099999998,1,1,1789158632.0611734,-0.8661211128898537,0.4991668987125005,-0.008379510731008679,-0.024421483085480235,178.05362737516165,-2.2291466567780898,-59.87393940361496,0.00013404128655316452,-0.004550247892874416,-0.042763359200664264,-1.763529898586273,1.5302296912384035,-9.409775029697418
2026-09-11T16:30:32.104,0.23396265600013066,-1115.3040771484375,-100377.36694335938,-401509.4677734375,-763.9832928466798,-0.13671569824218752,-1.0518763065338135,-0.7205352699756623,-1.611791495113774,-3.234258688101329,0.0,-0.06460762023925781,-529.265625,-23.258743286132812,0.0,0.0,0.0,1,1789158632.0382955,38.99074852166667,-76.93789443166666,-5.859999999999999,0,1,9.284209,10.989225,121.24212099999998,1,1,1789158632.1011734,-0.8665530066415165,0.49831405446129184,-0.007828910146587396,-0.026602593347515604,177.8031193428508,-2.2971002778028797,-59.758332675514275,0.001940631595292495,0.09127216776596866,-0.06750427401230989,-1.1983726497650147,1.2544666886901856,-9.693677551879883
2026-09-11T16:30:32.137,0.2673829120001301,-1115.3360595703125,-100380.24536132812,-401520.9814453125,-764.0052008056641,-0.15862365722656252,-0.9737308025360107,-0.6670055997371674,-1.4920490330555805,1.6017133512829997,0.0,-0.07050132751464844,-577.546875,-25.380477905273438,-0.3051758110523224,-109.86329197883606,-3287.326463891777,1,1789158632.0382955,38.99074852166667,-76.93789443166666,-5.859999999999999,0,1,9.284209,10.989225,121.24212099999998,1,1,1789158632.1291733,-0.8668706149884303,0.497813238308322,-0.011124186096489363,-0.024363273964171955,178.21244472331804,-2.495629527320028,-59.69552544782662,0.13094070913699657,0.09357512971397518,-0.03671055735474793,-3.4610610415840153,-1.6593832738685608,-9.971990283470154
2026-09-11T16:30:32.170,0.3008030720000079,-1115.365234375,-100382.87109375,-401531.484375,-764.025185546875,-0.1786083984375,-0.8190900087356567,-0.5610766559839249,-1.255092734394963,3.169612106992603,0.0,-0.075592041015625,-619.25,-27.213134765625,-0.09155276417732239,-32.95899510383606,2301.1349100447515,1,1789158632.0382955,38.99074852166667,-76.93789443166666,-5.859999999999999,0,1,9.284209,10.989225,121.24212099999998,1,1,1789158632.1611733,-0.867001545465533,0.4976446284941297,-0.01313128279027385,-0.022038904319379285,178.55764019995215,-2.562248558178558,-59.677972326987444,0.07134015864234301,0.0598649678763307,-0.019819958985647604,-0.09355544254302979,0.20956811395645142,-9.299450215377808
2026-09-11T16:30:32.204,0.3342234560000179,-1115.3941650390625,-100385.47485351562,-401541.8994140625,-764.0450030517578,-0.1984259033203125,-0.8711559772491455,-0.5967418444156647,-1.3348734887608806,-1.0671687204949272,0.0,-0.07916069030761719,-648.484375,-28.497848510742188,0.0,0.0,986.1943867499003,1,1789158632.0382955,38.99074852166667,-76.93789443166666,-5.859999999999999,0,1,9.284209,10.989225,121.24212099999998,1,1,1789158632.2011733,-0.8672383916847065,0.4972122225957223,-0.011898767492629725,-0.023151609484042334,178.3754161240362,-2.502367139445024,-59.61824175181173,-0.03508076889923563,0.034407420873816215,-0.02998824720776657,-0.6546919647979736,1.2527995581626892,-8.721838520851135
2026-09-11T16:30:32.237,0.36764185600009114,-1115.4288330078125,-100388.59497070312,-401554.3798828125,-764.0687506103516,-0.2221734619140625,-0.9773116111755371,-0.6694584536552429,-1.4975359110040314,-2.175945264866627,0.0,-0.07868766784667969,-644.609375,-28.327560424804688,0.0457763709127903,16.479493528604507,493.12634741843993,1,1789158632.0382955,38.99074852166667,-76.93789443166666,-5.859999999999999,0,1,9.284209,10.989225,121.24212099999998,1,1,1789158632.2291734,-0.8674762935627273,0.4968063718833598,-0.010140011905981808,-0.023780015166363796,178.211595493094,-2.362433799329497,-59.562924286038005,-0.030594225524059004,-0.05143171146361931,-0.044257535573296605,2.104801324214935,0.44512385084152223,-10.41809479932785
2026-09-11T16:30:32.270,0.40105596800003696,-1115.4605712890625,-100391.45141601562,-401565.8056640625,-764.0904913330079,-0.24391418457031253,-0.9512631297111511,-0.6516152438521385,-1.4576217874287263,0.5340022144874992,0.0,-0.07423973083496094,-608.171875,-26.726303100585938,0.2288818508386612,82.39746630191803,1972.7584792144232,1,1789158632.0382955,38.99074852166667,-76.93789443166666,-5.859999999999999,0,1,9.284209,10.989225,121.24212099999998,1,1,1789158632.2611732,-0.8677496566696332,0.49638081200356776,-0.007756358722209114,-0.023589440938369424,178.09388358520428,-2.1135388752225164,-59.50673593940478,-0.036527821382064125,-0.0673161275189449,-0.03909956403487777,-0.22241482566833495,0.3225407238197327,-7.8458104619026185
2026-09-11T16:30:32.304,0.43447014399998807,-1115.4957275390625,-100394.61547851562,-401578.4619140625,-764.1145733642579,-0.2679962158203125,-0.9794730544090271,-0.6709390422701836,-1.5008478934103948,-0.5783113855051633,0.0,-0.06711769104003906,-549.828125,-24.162368774414062,0.2136230617761612,76.90430223941803,-164.39621502287045,1,1789158632.0382955,38.99074852166667,-76.93789443166666,-5.859999999999999,0,1,9.284209,10.989225,121.24212099999998,1,1,1789158632.3011732,-0.8679521965467833,0.49618164459640834,-0.006074801453561331,-0.020636299632379486,178.29184103658372,-1.777828425780581,-59.484052331625314,0.0092952745302714,-0.027952669701165583,-0.02147837084089262,-0.414625168838501,0.41452710233688356,-9.115379391841888
2026-09-11T16:30:32.337,0.4678864320001139,-1115.526611328125,-100397.39501953125,-401589.580078125,-764.1357287597657,-0.289151611328125,-0.9274070858955383,-0.6352738538384438,-1.4210671390444773,1.0672995286491873,0.0,-0.06355094909667969,-520.609375,-22.878341674804688,0.030517593026161194,10.98633348941803,-1972.6298968261144,1,1789158632.0382955,38.99074852166667,-76.93789443166666,-5.859999999999999,0,1,9.284209,10.989225,121.24212099999998,1,1,1789158632.3291733,-0.8678980815368106,0.49629183207448857,-0.004941058584706025,-0.02056510201612723,178.23470372779727,-1.6611946809128884,-59.49900542420376,0.009746267608986735,0.002316750049097273,0.0022649137703130416,0.007158854618072509,0.6600856223869324,-10.329246548862457
2026-09-11T16:30:32.370,0.5013020799999595,-1115.5628662109375,-100400.65795898438,-401602.6318359375,-764.1605633544923,-0.3139862060546875,-1.0326193571090698,-0.7073442596197129,-1.5822840453196854,-2.156786119533048,0.0,-0.053310394287109375,-436.71875,-19.191741943359375,0.3509521782398224,126.34278416633606,3452.168597103108,1,1789158632.0382955,38.99074852166667,-76.93789443166666,-5.859999999999999,0,1,9.284209,10.989225,121.24212099999998,1,1,1789158632.3611734,-0.8677676569283125,0.4964703140555703,-0.005239516454323404,-0.021657985087139165,178.14324360721568,-1.7534362552241205,-59.521364009976104,-0.002593210202613175,0.02735035657630234,-0.00454605910266963,-0.2531096406745911,0.4523807719612121,-9.552069523544311
2026-09-11T16:30:32.404,0.5347341120000237,-1115.599365234375,-100403.94287109375,-401615.771484375,-764.1855651855469,-0.33898803710937503,-1.1378744840621948,-0.7794440215826035,-1.7435666195029587,-2.156607231135456,0.0,-0.03713798522949219,-304.234375,-13.369674682617188,0.5187988877296448,186.76759958267212,1807.3928445695396,1,1789158632.0382955,38.99074852166667,-76.93789443166666,-5.859999999999999,0,1,9.284209,10.989225,121.24212099999998,1,1,1789158632.4011734,-0.8674485629180915,0.49683847663595976,-0.005866810550410192,-0.025497046090919927,177.79762215221749,-2.0352383042373265,-59.56545085720645,-0.01140415586545615,0.04708880868588181,0.03198612560252448,1.8925854147148131,1.6747797146224974,-8.958963321762086
2026-09-11T16:30:32.438,0.5681446400001278,-1115.6414794921875,-100407.73315429688,-401630.9326171875,-764.2144134521485,-0.3678363037109375,-1.241227626800537,-0.850240924358368,-1.901934780687113,-2.118999818726122,0.0,-0.023468017578125,-192.25,-8.448486328125,0.22888189554214478,82.39748239517212,-3123.8691345187676,1,1789158632.0382955,38.99074852166667,-76.93789443166666,-5.859999999999999,0,1,9.284209,10.989225,121.24212099999998,1,1,1789158632.4291732,-0.8671950266054712,0.497171526337939,-0.005525224807833991,-0.027617587156796845,177.56793330012223,-2.1229649681302196,-59.60708227923415,-0.0189605588619656,0.08188718331214476,0.02545143835013251,-0.9119203985404969,1.3792072787475584,-10.659142260303497
2026-09-11T16:30:32.471,0.6015591360001054,-1115.6865234375,-100411.787109375,-401647.1484375,-764.2452685546875,-0.39869140625000005,-1.345496416091919,-0.9216650450229645,-2.061705988329822,-2.1375190176336787,0.0,-0.01776123046875,-145.5,-6.39404296875,0.13732916116714478,49.43849802017212,-986.3678439148717,1,1789158632.0382955,38.99074852166667,-76.93789443166666,-5.859999999999999,0,1,9.284209,10.989225,121.24212099999998,1,1,1789158632.4611733,-0.8668222239375526,0.49771288308711514,-0.004446427109306279,-0.02968749539837623,177.3018520669571,-2.1353477239761176,-59.6769571929589,-0.0028509953331327374,0.12482856609651244,0.03836931827584334,0.006668522109985352,1.1154083893966673,-10.184402325973512
2026-09-11T16:30:32.505,0.634987744,-1115.7333984375,-100416.005859375,-401664.0234375,-764.2773779296875,-0.43080078125000004,-1.3978056907653809,-0.957496898174286,-2.1418595610555764,-1.0718918703235962,0.0,-0.016326904296875,-133.75,-5.877685546875,0.0,0.0,-1478.927809986222,1,1789158632.0382955,38.99074852166667,-76.93789443166666,-5.859999999999999,0,1,9.284209,10.989225,121.24212099999998,1,1,1789158632.5011733,-0.8663289057779834,0.49832871547137614,-0.005342768542790566,-0.03337923268243786,176.98729350334534,-2.437229368733675,-59.752547612710444,0.003887022777116571,0.1227472609635092,0.032067108879817015,1.880229035511017,2.916988090610504,-9.6915200888443
2026-09-11T16:30:32.538,0.6684001599999192,-1115.789794921875,-100421.08154296875,-401684.326171875,-764.3160095214845,-0.469432373046875,-1.658177375793457,-1.135851502418518,-2.540827448144499,-5.337973891042885,0.0,-0.016326904296875,-133.75,-5.877685546875,0.0,0.0,0.0,1,1789158632.0382955,38.99074852166667,-76.93789443166666,-5.859999999999999,0,1,9.284209,10.989225,121.24212099999998,1,1,1789158632.5291734,-0.8660396224446986,0.4985930250719811,-0.005338215999989888,-0.03676780052372587,176.65069267818242,-2.631405758704528,-59.78251446658988,-0.05373554607625181,0.10806345690063052,0.026516961858475047,-0.751091335887909,3.5865861636543275,-8.640051058502198
2026-09-11T16:30:32.571,0.7018194879999555,-1115.851318359375,-100426.61865234375,-401706.474609375,-764.3581530761719,-0.511575927734375,-1.7873390913009644,-1.2243272775411607,-2.738742120483982,-2.647443273621373,0.0,-0.013601303100585938,-111.421875,-4.8964691162109375,0.2288818508386612,82.39746630191803,2465.5632304105116,1,1789158632.0382955,38.99074852166667,-76.93789443166666,-5.859999999999999,0,1,9.284209,10.989225,121.24212099999998,1,1,1789158632.5611734,-0.8656272402743422,0.4993782513138716,-0.006223291890490805,-0.03566670222731235,176.81314417818757,-2.6592755823683514,-59.88709743448704,0.09133011269713487,0.08597945680929586,0.06108041516741955,0.015788706760406494,-0.27537073654174804,-11.880462471446991
2026-09-11T16:30:32.605,0.7352390400001241,-1115.912353515625,-100432.11181640625,-401728.447265625,-764.3999621582032,-0.553385009765625,-1.8399345874786377,-1.2603551924228669,-2.819334270809917,-1.0780490080035932,0.0,0.0012760163517668843,10.453125953674316,0.45936588663607836,0.7324219346046448,263.6718964576721,5424.202878447917,1,1789158632.0382955,38.99074852166667,-76.93789443166666,-5.859999999999999,0,1,9.284209,10.989225,121.24212099999998,1,1,1789158632.6011734,-0.8650356425401756,0.5003851601847843,-0.005176141611689169,-0.03607265113585606,176.71593864523632,-2.582366065912416,-60.020954828735356,0.003222052332106732,-0.06333764948902382,0.055048382739601956,0.192210343170166,2.044098159713745,-9.75751884443283
2026-09-11T16:30:32.638,0.7686538240000118,-1115.978759765625,-100438.08837890625,-401752.353515625,-764.4454504394532,-0.598873291015625,-1.996645212173462,-1.3677019703388216,-3.0594621741652204,-3.2125533990079176,0.0,0.010076523758471012,82.54688262939453,3.6275485530495644,-0.0457763746380806,-16.479494869709015,-8384.055133449985,1,1789158632.0382955,38.99074852166667,-76.93789443166666,-5.859999999999999,0,1,9.284209,10.989225,121.24212099999998,1,1,1789158632.6291733,-0.8644615527776129,0.5013737974226803,-0.002544796779138936,-0.036387676988679556,176.53664040967215,-2.3433294622888914,-60.15523213533053,-0.004160690403829282,-0.13334402751699276,0.08790123884866681,0.14435389038085938,1.1817013444900513,-9.188438935546875
2026-09-11T16:30:32.671,0.8020690880000529,-1116.0478515625,-100444.306640625,-401777.2265625,-764.4927783203126,-0.646201171875,-2.075284242630005,-1.4215697062015535,-3.179960867487366,-1.6120697374309434,0.0,0.01974678225815296,161.76564025878906,7.108841612935066,0.3051758408546448,109.86330270767212,3780.9905550117937,1,1789158632.0382955,38.99074852166667,-76.93789443166666,-5.859999999999999,0,1,9.284209,10.989225,121.24212099999998,1,1,1789158632.6611733,-0.8636665916887261,0.50276767401472,0.000496144706569867,-0.036117007171655495,176.39230429458817,-2.032129787577085,-60.346074648114815,-0.0050787335903783,-0.12092025030252153,0.1024960311196938,0.013925443229675294,1.8278615236473084,-9.30435354045868
2026-09-11T16:30:32.705,0.835496608000085,-1116.1209716796875,-100450.88745117188,-401803.5498046875,-764.542865600586,-0.6962884521484376,-2.179410457611084,-1.4928961634635927,-3.339513608320488,-2.133764552738905,0.0,0.031232835724949837,255.85939025878906,11.243820860981941,0.2746582627296448,98.87697458267212,-328.66117872308433,1,1789158632.0382955,38.99074852166667,-76.93789443166666,-5.859999999999999,0,1,9.284209,10.989225,121.24212099999998,1,1,1789158632.7011733,-0.8622889477645922,0.5051768859003712,0.004738954057574788,-0.03509454130596201,176.2538765468659,-1.563521233937731,-60.67716029053933,-0.0015955800021732161,-0.09795032108287458,0.1384772153800333,0.552310537109375,1.3985263795661924,-9.788409792442321
2026-09-11T16:30:32.738,0.8689140799999677,-1116.1966552734375,-100457.69897460938,-401830.7958984375,-764.5947088623047,-0.7481317138671876,-2.258319616317749,-1.5469489371776581,-3.4604262195276854,-1.6175003816642712,0.0,0.0390777625143528,320.1250305175781,14.067994505167007,0.21362310647964478,76.90431833267212,-657.5200018145324,1,1789158632.0382955,38.99074852166667,-76.93789443166666,-5.859999999999999,0,1,9.284209,10.989225,121.24212099999998,1,1,1789158632.7291734,-0.8611174344732775,0.5071557700354842,0.007267703051220577,-0.03488508933964366,176.1313334188481,-1.3103344571988158,-60.94772494694252,0.014422353740929943,-0.062663952397754,0.14682599785694816,-0.688622974357605,1.5220901716041564,-9.486364967460633
2026-09-11T16:30:32.772,0.90233788799992,-1116.2767333984375,-100464.90600585938,-401859.6240234375,-764.6495623779298,-0.8029852294921875,-2.362874984741211,-1.6185693645477297,-3.620636552764245,-2.1427967564370243,0.0,0.0409240759909153,335.2500305175781,14.732667356729507,0.0,0.0,-2300.884397516344,1,1789158632.0382955,38.99074852166667,-76.93789443166666,-5.859999999999999,0,1,9.284209,10.989225,121.24212099999998,1,1,1789158632.7611732,-0.8596838454684518,0.5094696798938098,0.007953299099526835,-0.036346611161254566,175.95060868408154,-1.3385710656298686,-61.25671529948825,0.027965236071779944,0.016395622993234733,0.1644007652928303,0.5636862512969971,2.126081755065918,-10.738674193115234
2026-09-11T16:30:32.805,0.9357651200000419,-1116.363037109375,-100472.67333984375,-401890.693359375,-764.708680419922,-0.862103271484375,-2.5714871883392334,-1.761468724012375,-3.940293316062037,-4.274938453298325,0.0,0.040769580751657486,333.9844055175781,14.677049070596695,0.0457763709127903,16.479493528604507,492.9960556873038,1,1789158632.0382955,38.99074852166667,-76.93789443166666,-5.859999999999999,0,1,9.284209,10.989225,121.24212099999998,1,1,1789158632.8011732,-0.85772753503628,0.5125863471061987,0.008426849040546004,-0.03857072226648757,175.7086106362399,-1.4374595584735779,-61.672042656342775,-0.018734538723832333,0.029965906993341042,0.16691700647543048,1.5589631762123108,1.9470123231124878,-9.354661655788423
2026-09-11T16:30:32.838,0.9691802879999614,-1116.4515380859375,-100480.63842773438,-401922.5537109375,-764.7693035888673,-0.9227264404296875,-2.6501948833465576,-1.8153834950923922,-4.060897224168732,-1.6134819696296923,0.0,0.040739063173532486,333.7344055175781,14.666062742471695,0.0,0.0,-493.17404385470115,1,1789158632.0382955,38.99074852166667,-76.93789443166666,-5.859999999999999,0,1,9.284209,10.989225,121.24212099999998,1,1,1789158632.8291733,-0.8559201440183436,0.5155692281815407,0.009409762926687576,-0.03873673163254806,175.6392798862725,-1.3657697947340657,-62.07387691595989,-0.006903126257487972,-0.008961567577290086,0.1711976009988718,0.3175393322372436,1.231421060810089,-8.433621072597504
2026-09-11T16:30:32.872,1.0025997760001246,-1116.544921875,-100489.04296875,-401956.171875,-764.833271484375,-0.9866943359375001,-2.7818846702575684,-1.9055909991264344,-4.262685663758125,-2.6992485352738362,0.0,0.04066086187958717,333.0937805175781,14.637910276651382,0.0457763709127903,16.479493528604507,493.11029326732967,1,1789158632.0382955,38.99074852166667,-76.93789443166666,-5.859999999999999,0,1,9.284209,10.989225,121.24212099999998,1,1,1789158632.8611734,-0.8539449489226533,0.5187620741573705,0.007771722629264287,-0.0400441625309316,175.61345135922082,-1.6201703676157095,-62.494377623047406,-0.023413068316728333,-0.0781801039809088,0.17797000209538538,0.8997601523399353,1.231617193813324,-9.57315382139206
2026-09-11T16:30:32.905,1.0360257279999132,-1116.6392822265625,-100497.53540039062,-401990.1416015625,-764.8979083251953,-1.0513311767578126,-2.8344058990478516,-1.9415680408477785,-4.343164014065355,-1.0763206301969088,0.0,0.040739063173532486,333.7344055175781,14.666062742471695,0.0,0.0,-493.0149342854538,1,1789158632.0382955,38.99074852166667,-76.93789443166666,-5.859999999999999,0,1,9.284209,10.989225,121.24212099999998,1,1,1789158632.9011734,-0.8514253770480651,0.5230792948745695,0.008554933210161795,-0.037278569042452796,175.8452069869164,-1.3999623223070898,-63.07878558719452,-0.025630858197237528,-0.08102167453608076,0.16502280063824104,0.27409587202072144,0.9615420483589172,-8.905615144882203
2026-09-11T16:30:32.939,1.069442656000092,-1116.7364501953125,-100506.28051757812,-402025.1220703125,-764.9644683837892,-1.1178912353515627,-2.9139139652252197,-1.9960310661792757,-4.464994332004459,-1.6298034735929599,0.0,0.04014206305146217,328.8437805175781,14.451142698526382,-0.0610351637005806,-21.972658932209015,-657.53078595649,1,1789158632.0382955,38.99074852166667,-76.93789443166666,-5.859999999999999,0,1,9.284209,10.989225,121.24212099999998,1,1,1789158632.9291732,-0.8500487421148881,0.5253897017293919,0.0076811931621537915,-0.03638401595759821,175.98889726918617,-1.4424474168446646,-63.38742821553569,-0.018822328785207648,-0.09855211060896221,0.15767793154707332,-0.8667117412948608,0.1477862179374695,-9.826557661571503
2026-09-11T16:30:32.972,1.102862623999954,-1116.830810546875,-100514.77294921875,-402059.091796875,-765.0291052246095,-1.182528076171875,-2.8370602130889893,-1.9433862459659579,-4.34723122308061,1.5752504674311887,0.0,0.0328826941549778,269.3750305175781,11.837769895792007,-0.3051758110523224,-109.86329197883606,-2629.883818170927,1,1789158632.0382955,38.99074852166667,-76.93789443166666,-5.859999999999999,0,1,9.284209,10.989225,121.24212099999998,1,1,1789158632.9611733,-0.8485953384462683,0.5278815658227775,0.006370097151600421,-0.034444533587130476,176.261344769821,-1.4642956964118876,-63.72081158683092,-0.03500205454997068,-0.0606653758712953,0.13649591761316934,1.2203395461273192,0.37373143766403194,-9.98895578824997
2026-09-11T16:30:33.006,1.136283935999927,-1116.927978515625,-100523.51806640625,-402094.072265625,-765.0956652832032,-1.249088134765625,-2.8911383152008057,-1.980429745912552,-4.430095172495861,-1.10837958565552,0.0,0.020206455141305923,165.53128051757812,7.2743238508701324,-0.3509521782398224,-126.34278416633606,-493.0833411780261,1,1789158632.0382955,38.99074852166667,-76.93789443166666,-5.859999999999999,0,1,9.284209,10.989225,121.24212099999998,1,1,1789158633.0011733,-0.8470596739284403,0.5305870526363081,0.00568176462656202,-0.030577866663462128,176.6837618015204,-1.307766697331475,-64.08711831262794,0.004105014400690663,-0.023220383967308158,0.10829680742162215,-0.92172704870224,0.10983448181152343,-9.350444796218872
2026-09-11T16:30:33.039,1.1697040960000322,-1117.0216064453125,-100531.94458007812,-402127.7783203125,-765.1598004150392,-1.3132232666015626,-2.788130283355713,-1.9098692440986635,-4.272255825202804,2.1113154997961217,0.0,0.011560443788766861,94.70315551757812,4.16175976395607,-0.015258817933499813,-5.493174456059933,3616.0691543635885,1,1789158632.0382955,38.99074852166667,-76.93789443166666,-5.859999999999999,0,1,9.284209,10.989225,121.24212099999998,1,1,1789158633.0291734,-0.8460712160584696,0.5322535421773859,0.0045925535051225645,-0.02913027032607965,176.89327539295564,-1.331566317755555,-64.31092828368575,0.013683730401485943,-0.012483467474889444,0.09150482015525951,-1.618097276687622,-1.3010482769584657,-8.5506144090271
2026-09-11T16:30:33.073,1.2031424320000497,-1117.1187744140625,-100540.68969726562,-402162.7587890625,-765.2263604736329,-1.3797833251953127,-2.867676019668579,-1.9643580734729769,-4.394143865141765,-1.6295317259293314,0.0,0.006204608827829361,50.828155517578125,2.23365917801857,-0.2746582329273224,-98.87696385383606,-2792.716401848687,1,1789158633.0482292,38.990754216666666,-76.93789382666667,-5.847999999999999,0,1,7.974975999999999,8.726116000000001,59.382436000000006,1,1,1789158633.0611734,-0.8452680232923251,0.5336054851657952,0.0029721705161395843,-0.02789840860846284,177.11390158673314,-1.4181538232652653,-64.49152421015464,0.017220640130652453,0.0055890678636614415,0.10104583704421172,2.983084912700653,0.6498867062187195,-9.850583954467774
2026-09-11T16:30:33.106,1.236564448000081,-1117.212890625,-100549.16015625,-402196.640625,-765.290830078125,-1.4442529296875002,-2.8163740634918213,-1.9292162334918976,-4.315533807918521,1.0514578169385786,0.0,-0.0068035125732421875,-55.734375,-2.4492645263671875,-0.4425049424171448,-159.30177927017212,-1807.9344889392476,1,1789158633.0482292,38.990754216666666,-76.93789382666667,-5.847999999999999,0,1,7.974975999999999,8.726116000000001,59.382436000000006,1,1,1789158633.1011734,-0.8447240772436345,0.5345326633370233,0.0015423018452853435,-0.026714910737951125,177.3176899720004,-1.4872414790642148,-64.61559023424884,0.005410346148257222,0.07730115616960445,0.028051280803903265,1.6713473870658875,-0.06580262258529664,-11.262447378253936
2026-09-11T16:30:33.139,1.2699766400000954,-1117.3101806640625,-100557.91625976562,-402231.6650390625,-765.3574737548829,-1.5108966064453127,-2.896225690841675,-1.9839145982265474,-4.4378905651094875,-1.6370780083697074,0.0,-0.023630142211914062,-193.578125,-8.506851196289062,-0.4425049424171448,-159.30177927017212,0.0,1,1789158633.0482292,38.990754216666666,-76.93789382666667,-5.847999999999999,0,1,7.974975999999999,8.726116000000001,59.382436000000006,1,1,1789158633.1291733,-0.8444454581701334,0.5349511669126001,0.0005651774037614639,-0.02718083459320673,177.3331472161935,-1.6117317164025864,-64.67051126750594,-0.014079745608763456,0.0752591209447711,-0.0013728759896187396,1.1238421085357666,-0.02441855890274048,-10.179989333400727
2026-09-11T16:30:33.173,1.3033912959999725,-1117.4058837890625,-100566.52954101562,-402266.1181640625,-765.4230303955079,-1.5764532470703125,-2.897677421569824,-1.9849090337753297,-4.440115054078667,-0.029760460463395748,0.0,-0.032848358154296875,-269.09375,-11.825408935546875,-0.3814697861671448,-137.32912302017212,657.5754139165996,1,1789158633.0482292,38.990754216666666,-76.93789382666667,-5.847999999999999,0,1,7.974975999999999,8.726116000000001,59.382436000000006,1,1,1789158633.1611733,-0.8444841650509256,0.5349792040479843,-0.0011072713017974561,-0.025347981471716744,177.61324373242917,-1.661319478876189,-64.67376033324338,0.005684013774969934,0.027468864432512754,-0.029928382414423162,-0.8269948081398011,-0.4372785307121277,-9.64150617301941
2026-09-11T16:30:33.206,1.3368123519999244,-1117.503173828125,-100575.28564453125,-402301.142578125,-765.4896740722656,-1.6430969238281252,-2.8978896141052246,-1.985054385662079,-4.440440196989256,-0.004349111133698631,0.0,-0.04178619384765625,-342.3125,-15.04302978515625,-0.18310552835464478,-65.91799020767212,2136.710845181035,1,1789158633.0482292,38.990754216666666,-76.93789382666667,-5.847999999999999,0,1,7.974975999999999,8.726116000000001,59.382436000000006,1,1,1789158633.2011733,-0.8449308620945729,0.5343181698727003,-0.001117066908253798,-0.02438613920923577,177.7057738092877,-1.6014882332152154,-64.58489093561656,0.0030661944299036382,0.006999642965123259,-0.037950090189514306,-1.6175088776779176,1.3071284000587462,-7.701260438518523
2026-09-11T16:30:33.239,1.370232576000035,-1117.599853515625,-100583.98681640625,-402335.947265625,-765.5558996582032,-1.709322509765625,-2.8721489906311035,-1.9674220585823061,-4.400997804631138,0.5275945212011336,0.0,-0.04268836975097656,-349.703125,-15.367813110351562,0.015258795581758022,5.493166409432888,2136.764751094097,1,1789158633.0482292,38.990754216666666,-76.93789382666667,-5.847999999999999,0,1,7.974975999999999,8.726116000000001,59.382436000000006,1,1,1789158633.2291734,-0.8451809142306499,0.5339586244528003,-0.002220151098981745,-0.023504904207719148,177.85799009436073,-1.653450578916486,-64.53589648101101,0.08977781686041111,-0.055955953950639,-0.035293873600904135,0.7066672106552124,1.1206059139823914,-12.845338780860901
2026-09-11T16:30:33.273,1.4036484480000126,-1117.6993408203125,-100592.94067382812,-402371.7626953125,-765.6240484619141,-1.7774713134765627,-2.9758353233337402,-2.038447196483612,-4.559876513250738,-2.1254910810453587,0.0,-0.04351997375488281,-356.515625,-15.667190551757812,0.0,0.0,-164.38794143802517,1,1789158633.0482292,38.990754216666666,-76.93789382666667,-5.847999999999999,0,1,7.974975999999999,8.726116000000001,59.382436000000006,1,1,1789158633.2611732,-0.8452635642841051,0.5337513475205726,-0.0019175766252076485,-0.0252057297769811,177.67416105627817,-1.727666510268988,-64.50658886619978,0.023252672558470053,-0.003054849789765675,-0.01943895360993724,0.8423912488937378,0.9208444501876831,-10.56009509366989
2026-09-11T16:30:33.307,1.4370753279999917,-1117.7996826171875,-100601.97143554688,-402407.8857421875,-765.6927825927735,-1.8462054443359377,-2.9506924152374268,-2.0212243044376375,-4.521350000978962,0.5152407896275543,0.0,-0.043914794921875,-359.75,-15.809326171875,0.0,0.0,0.0,1,1789158633.0482292,38.990754216666666,-76.93789382666667,-5.847999999999999,0,1,7.974975999999999,8.726116000000001,59.382436000000006,1,1,1789158633.3011732,-0.8454959253812184,0.5333185127118502,-0.0035869255282973806,-0.026365472266422916,177.66273304105778,-1.9592013404574482,-64.44551786529684,-0.02058877652115111,-0.009399296153690263,-0.041385072690364344,2.7630236830711365,0.29959316244125367,-11.16300794561386
2026-09-11T16:30:33.340,1.4704932800000279,-1117.89892578125,-100610.9033203125,-402443.61328125,-765.7607641601563,-1.91418701171875,-2.9772279262542725,-2.039401129484177,-4.56201040059989,-0.5439239677679778,0.0,-0.04401588439941406,-360.578125,-15.845718383789062,0.0,0.0,0.0,1,1789158633.0482292,38.990754216666666,-76.93789382666667,-5.847999999999999,0,1,7.974975999999999,8.726116000000001,59.382436000000006,1,1,1789158633.3291733,-0.8456742921098288,0.5330090111830212,-0.003931083278454606,-0.026850181498377246,177.63598860007883,-2.021333628834747,-64.40286122090794,0.00042778019966381017,-0.051200280804804855,-0.025957234767360466,2.354674770336151,0.6285082088661194,-9.536771149291992
2026-09-11T16:30:33.373,1.5039104320001115,-1118.0009765625,-100620.087890625,-402480.3515625,-765.8306689453126,-1.9840917968750003,-3.0305380821228027,-2.07591858625412,-4.643697624942103,-1.0927758526475173,0.0,-0.04422187805175781,-362.265625,-15.919876098632812,0.0,0.0,0.0,1,1789158633.0482292,38.990754216666666,-76.93789382666667,-5.847999999999999,0,1,7.974975999999999,8.726116000000001,59.382436000000006,1,1,1789158633.3691733,-0.8460119971759805,0.5325199977533969,-0.0024409823838235836,-0.02608053358412899,177.61865761022705,-1.8284474658007523,-64.33850168161513,0.00014817845349431857,-0.08998202038289446,-0.02631083847381452,-0.3876568808937073,0.5154375325012207,-9.843719299354552
2026-09-11T16:30:33.407,1.5373393600000327,-1118.10302734375,-100629.2724609375,-402517.08984375,-765.9005737304689,-2.05399658203125,-3.0577526092529297,-2.094560537338257,-4.685398481876912,-0.5576592550075458,0.0,-0.04422187805175781,-362.265625,-15.919876098632812,0.0,0.0,0.0,1,1789158633.0482292,38.990754216666666,-76.93789382666667,-5.847999999999999,0,1,7.974975999999999,8.726116000000001,59.382436000000006,1,1,1789158633.4011734,-0.8462038322425048,0.5322634634599751,-0.0013272392062855113,-0.02515786556486085,177.63978714938057,-1.6633843170467233,-64.30563971635014,0.013189278624395949,-0.01154552753486769,-0.020430824223845623,2.5167786975097655,-0.2163347025680542,-12.25007511604309
2026-09-11T16:30:33.440,1.5707567679999102,-1118.2032470703125,-100638.29223632812,-402553.1689453125,-765.9692242431641,-2.1226470947265628,-3.0061428546905518,-2.059207855463028,-4.606316784768759,1.0579121479247704,0.0,-0.044036865234375,-360.75,-15.853271484375,0.0,0.0,0.0,1,1789158633.0482292,38.990754216666666,-76.93789382666667,-5.847999999999999,0,1,7.974975999999999,8.726116000000001,59.382436000000006,1,1,1789158633.4291732,-0.8462898562667894,0.5321216922958741,-0.003383413926072343,-0.02507062580624514,177.77328845891512,-1.8571636814911174,-64.2848054641334,0.018204307697076455,0.06831113972550687,-0.012938823876734763,2.319861162261963,0.2464411185646057,-9.22031054857254
2026-09-11T16:30:33.474,1.6041738240000996,-1118.3035888671875,-100647.32299804688,-402589.2919921875,-766.0379583740234,-2.1913812255859377,-3.0066986083984375,-2.05958854675293,-4.607168366931209,-0.011392125323650101,0.0,-0.043914794921875,-359.75,-15.809326171875,0.0,0.0,0.0,1,1789158633.0482292,38.990754216666666,-76.93789382666667,-5.847999999999999,0,1,7.974975999999999,8.726116000000001,59.382436000000006,1,1,1789158633.4691734,-0.8464210141929005,0.5319186511712446,-0.006377265355986357,-0.02435868952560995,178.02437797312427,-2.103765529364356,-64.25691762874641,-0.008120318877828818,0.04561086387529301,-0.019715064697602747,2.0153646747398377,0.255365170211792,-9.145976140346527
2026-09-11T16:30:33.507,1.6375928320001094,-1118.4000244140625,-100656.00219726562,-402624.0087890625,-766.1040167236329,-2.2574395751953125,-2.9027953147888184,-1.9884147906303407,-4.44795720881876,2.129738743967749,0.0,-0.044158935546875,-361.75,-15.897216796875,0.0,0.0,0.0,1,1789158633.0482292,38.990754216666666,-76.93789382666667,-5.847999999999999,0,1,7.974975999999999,8.726116000000001,59.382436000000006,1,1,1789158633.5011733,-0.8465342431850452,0.5318405323875736,-0.0074194677960081,-0.02168812399561285,178.34702533664256,-2.0419332043696095,-64.24924844638713,-0.015115947585672489,0.04329376476034534,-0.016733518736420833,-0.8160113599586487,-0.8208166185379028,-9.742514669685363
2026-09-11T16:30:33.540,1.67101116799995,-1118.4976806640625,-100664.79125976562,-402659.1650390625,-766.1709112548829,-2.3243341064453125,-2.904437780380249,-1.9895398795604706,-4.450473961078356,-0.03366681483289105,0.0,-0.044036865234375,-360.75,-15.853271484375,0.0,0.0,0.0,1,1789158633.0482292,38.990754216666666,-76.93789382666667,-5.847999999999999,0,1,7.974975999999999,8.726116000000001,59.382436000000006,1,1,1789158633.5291734,-0.8464787508556019,0.5318794750130734,-0.010549727647050394,-0.02160212157012213,178.54623446907507,-2.340592860793305,-64.25617224883783,-0.01114829059711378,0.05476563940077887,-0.0018776252092954997,1.0037106440544128,0.246735318069458,-10.771624537658692
2026-09-11T16:30:33.574,1.7044300479999492,-1118.5938720703125,-100673.44848632812,-402693.7939453125,-766.2368023681641,-2.3902252197265628,-2.9053492546081543,-1.990164239406586,-4.451870614277433,-0.018682847723063174,0.0,-0.038909912109375,-318.75,-14.007568359375,0.2288818657398224,82.39747166633606,2465.5964432781075,1,1789158633.0482292,38.990754216666666,-76.93789382666667,-5.847999999999999,0,1,7.974975999999999,8.726116000000001,59.382436000000006,1,1,1789158633.5691733,-0.846337723655521,0.5320768159061247,-0.01087187482034506,-0.02210252996110809,178.51783324713816,-2.4027175977213124,-64.28254185586002,-0.0081259039314352,0.006094689747964199,0.0049588294707662885,1.331841158466339,0.4367881982040406,-11.783376634845734
2026-09-11T16:30:33.607,1.7378575679999813,-1118.6895751953125,-100682.06176757812,-402728.2470703125,-766.3023590087892,-2.455781860351563,-2.8547561168670654,-1.95550794005394,-4.374346680507198,1.0367595128987381,0.0,-0.030103683471679688,-246.609375,-10.837326049804688,0.2593994438648224,93.38379979133606,328.66117872308433,1,1789158633.0482292,38.990754216666666,-76.93789382666667,-5.847999999999999,0,1,7.974975999999999,8.726116000000001,59.382436000000006,1,1,1789158633.6011734,-0.8460541900506325,0.5325072572595786,-0.010852308007412293,-0.022595483499171464,178.47001031932504,-2.4316637483192767,-64.34022164014503,-0.012675977291384418,-0.028486042320575052,0.027958778353547563,-0.09424190805435181,0.7022542180824279,-9.56972149383545
2026-09-11T16:30:33.640,1.7712759999999435,-1118.7852783203125,-100690.67504882812,-402762.7001953125,-766.3679156494142,-2.5213385009765625,-2.9088187217712402,-1.9925408244132996,-4.457186883530103,-1.1081574491406896,0.0,-0.023275375366210938,-190.671875,-8.379135131835938,0.10681155323982239,38.45215916633606,-1643.7527836453291,1,1789158633.0482292,38.990754216666666,-76.93789382666667,-5.847999999999999,0,1,7.974975999999999,8.726116000000001,59.382436000000006,1,1,1789158633.6291733,-0.845730137053752,0.5330773327126418,-0.010473898860611907,-0.021433386798986084,178.5612896027022,-2.3249839250027704,-64.41858739499365,-0.0011208504456307585,-0.005539151447054403,0.032427868436204245,0.15690640258789063,0.8640639457511902,-9.355053921794891
2026-09-11T16:30:33.674,1.8046992960000807,-1118.882568359375,-100699.43115234375,-402797.724609375,-766.4345593261719,-2.587982177734375,-2.883697271347046,-1.9753326308727266,-4.4186932508784995,0.5148562709226026,0.0,-0.018589019775390625,-152.28125,-6.692047119140625,0.07629397511482239,27.46583104133606,-328.70271456635754,1,1789158633.0482292,38.990754216666666,-76.93789382666667,-5.847999999999999,0,1,7.974975999999999,8.726116000000001,59.382436000000006,1,1,1789158633.6691732,-0.8451695738037586,0.5339654015823424,-0.008759122476047916,-0.02219502653367736,178.38496816720718,-2.2069282316841714,-64.53705053739064,-0.017789791999727803,-0.0023190189771248653,0.05496268707332903,-0.8954452262687683,0.5636862512969971,-10.367198284988405
2026-09-11T16:30:33.708,1.838116639999953,-1118.9815673828125,-100708.34106445312,-402833.3642578125,-766.5023736572266,-2.655796508789063,-2.963057041168213,-2.029694073200226,-4.540296334109305,-1.6267433560161855,0.0,-0.015468597412109375,-126.71875,-5.568695068359375,0.030517607927322388,10.98633885383606,-493.14189025803597,1,1789158633.0482292,38.990754216666666,-76.93789382666667,-5.847999999999999,0,1,7.974975999999999,8.726116000000001,59.382436000000006,1,1,1789158633.7011733,-0.844637328815004,0.5347379723061497,-0.00869834889422364,-0.023820631240099203,178.22573003167022,-2.3021617891706714,-64.6399625336619,0.0003316125578789226,0.01967020973582649,0.06557673238640735,-0.7744311632728577,-0.1608290626525879,-10.252166278591156
2026-09-11T16:30:33.741,1.8715395520000584,-1119.078857421875,-100717.09716796875,-402868.388671875,-766.5690173339844,-2.7224401855468754,-2.9376020431518555,-2.012257399559021,-4.501291606028585,0.5216982183105413,0.0,-0.013212203979492188,-108.234375,-4.7563934326171875,0.1068115383386612,38.45215380191803,821.7660671815572,1,1789158633.0482292,38.990754216666666,-76.93789382666667,-5.847999999999999,0,1,7.974975999999999,8.726116000000001,59.382436000000006,1,1,1789158633.7291734,-0.8441442600889054,0.5354819980767402,-0.007933620859758045,-0.024830536739065927,178.083027393801,-2.2916888406178355,-64.73956393277744,-0.009634392003933899,0.015726463758020105,0.06604744768567022,-0.09826263462066649,0.7391272226905823,-10.206369222335814
2026-09-11T16:30:33.774,1.9049590720001106,-1119.180908203125,-100726.28173828125,-402905.126953125,-766.6389221191407,-2.7923449707031254,-3.0434865951538086,-2.084788317680359,-4.663538649070232,-2.17031597465268,0.0,-0.009199142456054688,-75.359375,-3.3116912841796875,0.2136230617761612,76.90430223941803,1150.589488940593,1,1789158633.0482292,38.990754216666666,-76.93789382666667,-5.847999999999999,0,1,7.974975999999999,8.726116000000001,59.382436000000006,1,1,1789158633.7691734,-0.8434342109232941,0.536508343599649,-0.006647549065324529,-0.027080236032671737,177.78902828928878,-2.3079873709277767,-64.87632125991504,-0.014674728350768322,0.005561491661479931,0.07403913579762705,-0.6064432460021972,0.4304138755989075,-9.80370816669464
2026-09-11T16:30:33.808,1.938406784000108,-1119.2841796875,-100735.576171875,-402942.3046875,-766.7096630859376,-2.8630859375,-3.0964853763580322,-2.121092482805252,-4.744748753590842,-1.0854005537029265,0.0,0.0012989045353606343,10.640625953674316,0.46760563272982836,0.3967285454273224,142.82227635383606,1970.7767788249055,1,1789158633.0482292,38.990754216666666,-76.93789382666667,-5.847999999999999,0,1,7.974975999999999,8.726116000000001,59.382436000000006,1,1,1789158633.8011732,-0.8427141143659248,0.537515937876283,-0.005253180170384311,-0.02969750958468509,177.45278451532062,-2.3371486272772497,-65.01067166128915,-0.014960264216394596,-0.04559759937297786,0.09004101251161187,0.8354285272789002,1.0332286610412598,-11.132215064105988
2026-09-11T16:30:33.841,1.9718278079999436,-1119.3880615234375,-100744.92553710938,-402979.7021484375,-766.7808221435547,-2.934244995117188,-3.1224710941314697,-2.138892699480057,-4.784566704277144,-0.532605364661841,0.0,0.006134033668786287,50.250003814697266,2.2082521207630634,0.0,0.0,-4273.426103118164,1,1789158633.0482292,38.990754216666666,-76.93789382666667,-5.847999999999999,0,1,7.974975999999999,8.726116000000001,59.382436000000006,1,1,1789158633.8291733,-0.8420950979111437,0.5384593091654084,-0.005011416633836352,-0.030204373035286423,177.39149762629236,-2.347940875432776,-65.13852213812864,-0.017386446409591912,-0.07167822891845432,0.08979945894313585,1.0883420349502564,0.37049524311065674,-9.522551506557464
2026-09-11T16:30:33.875,2.005248416000086,-1119.493896484375,-100754.45068359375,-403017.802734375,-766.853319091797,-3.0067419433593754,-3.148085594177246,-2.156438632011414,-4.823815837534474,-0.5250033910598662,0.0,0.006071091163903475,49.734378814697266,2.185592819005251,0.0,0.0,0.0,1,1789158633.0482292,38.990754216666666,-76.93789382666667,-5.847999999999999,0,1,7.974975999999999,8.726116000000001,59.382436000000006,1,1,1789158633.8691733,-0.8411749979088727,0.5398184369575985,-0.0037529021205006934,-0.03172686147946417,177.17046963741188,-2.324966449396382,-65.32266663373228,-0.005989097328218542,-0.012062668592233608,0.08257868276178491,0.6194860907173158,0.7768828258132935,-9.952278916645051
2026-09-11T16:30:33.908,2.0386683839999478,-1119.6009521484375,-100764.08569335938,-403056.3427734375,-766.9266522216798,-3.0800750732421878,-3.200166940689087,-2.1921143543720247,-4.9036201556281815,-1.06749720289254,0.0,0.005910873878747225,48.421878814697266,2.127914596349001,-0.0762939527630806,-27.465822994709015,-821.8386981945196,1,1789158633.0482292,38.990754216666666,-76.93789382666667,-5.847999999999999,0,1,7.974975999999999,8.726116000000001,59.382436000000006,1,1,1789158633.9011734,-0.8405768722076784,0.5408424161111521,-0.001650738288722886,-0.03028659617239329,177.18209495733802,-2.036474193169491,-65.46583497274833,0.018280054986613007,-0.008614770654918811,0.06933303000254955,-0.014906108245849611,0.25212897565841674,-10.029261120414734
2026-09-11T16:30:33.941,2.0720844479999414,-1119.7083740234375,-100773.75366210938,-403095.0146484375,-767.0002362060548,-3.1536590576171877,-3.2269463539123535,-2.2104582524299623,-4.944654286931728,-0.5489544806336575,0.0,0.0007762913592159748,6.359378814697266,0.27946488931775093,-0.2441406399011612,-87.89063036441803,-1808.2562736808416,1,1789158633.0482292,38.990754216666666,-76.93789382666667,-5.847999999999999,0,1,7.974975999999999,8.726116000000001,59.382436000000006,1,1,1789158633.9291732,-0.8400484352952522,0.5415178493520743,-0.001841821860173899,-0.032766642845091364,176.95639732812438,-2.2111278639070435,-65.55508728959994,-0.019312591772092855,0.07412011907491958,0.06288159495547771,1.2910454937934874,1.2564280187225343,-8.287894251194
2026-09-11T16:30:33.975,2.1055039679999936,-1119.81689453125,-100783.5205078125,-403134.08203125,-767.0745727539063,-3.22799560546875,-3.2540066242218018,-2.228994537591934,-4.986118775930413,-0.5546544403373526,0.0,-0.0061321258544921875,-50.234375,-2.2075653076171875,-0.1373291313648224,-49.43848729133606,1150.589328423086,1,1789158633.0482292,38.990754216666666,-76.93789382666667,-5.847999999999999,0,1,7.974975999999999,8.726116000000001,59.382436000000006,1,1,1789158633.9691734,-0.8395543922249203,0.542161107637287,-0.0009472756360805815,-0.03476864291605632,176.7095568952519,-2.251787574695315,-65.64183645331113,-0.018204307697076455,0.10890191307328859,0.034244930720455535,-0.3317589749717712,1.1917041276550293,-9.62728653028488
2026-09-11T16:30:34.008,2.138921248000088,-1119.9266357421875,-100793.39721679688,-403173.5888671875,-767.1497454833985,-3.3031683349609375,-3.255235433578491,-2.2298362720012666,-4.988001682178919,-0.025188597316416973,0.0,-0.011358261108398438,-93.046875,-4.0889739990234375,-0.06103518605232239,-21.97266697883606,821.9047245144588,1,1789158633.0482292,38.990754216666666,-76.93789382666667,-5.847999999999999,0,1,7.974975999999999,8.726116000000001,59.382436000000006,1,1,1789158634.0011733,-0.8391411815107346,0.542564035012478,-0.0031364279796703295,-0.03816422701005682,176.51925510817426,-2.6753606374270658,-65.68973900794508,-0.030810646351306297,0.06999677871708299,0.02627715361925103,0.6132098346138001,0.9207463836860657,-7.952997148170471
2026-09-11T16:30:34.042,2.172334112000044,-1120.0367431640625,-100803.30688476562,-403213.2275390625,-767.2251690673829,-3.378591918945313,-3.3080267906188965,-2.2659983515739444,-5.068893950371201,-1.0822801533183497,0.0,-0.012117385864257812,-99.265625,-4.3622589111328125,0.0,0.0,657.6110021237579,1,1789158633.0482292,38.990754216666666,-76.93789382666667,-5.847999999999999,0,1,7.974975999999999,8.726116000000001,59.382436000000006,1,1,1789158634.0291734,-0.8388721372774011,0.5428970273094825,-0.003775251062523454,-0.03926961315810163,176.45345042339338,-2.8070471381553395,-65.73294286637791,-0.021486224822526594,0.05810567599032041,0.024738296817767628,0.8975046228027345,1.0851058403968812,-9.81900654094696
2026-09-11T16:30:34.075,2.2057524159999957,-1120.148193359375,-100813.33740234375,-403253.349609375,-767.3015124511719,-3.454935302734375,-3.3077781200408936,-2.2658280122280123,-5.068512912106321,0.0050971870365495294,0.0,-0.012117385864257812,-99.265625,-4.3622589111328125,0.0,0.0,0.0,1,1789158634.0405202,38.99076434333333,-76.93789261166667,-5.768999999999998,0,1,7.980625000000001,8.732025,59.382436000000006,1,1,1789158634.0691733,-0.8384225402174146,0.543616542968323,-0.0034675565000889495,-0.03894450305840471,176.46803809654713,-2.7602207060395845,-65.83203072976245,0.02089630353535251,0.0360721159143684,0.03833336449325226,-1.5063995313453673,0.994884658908844,-8.547182081470488
2026-09-11T16:30:34.108,2.2391741120000006,-1120.2626953125,-100823.642578125,-403294.5703125,-767.3799462890626,-3.533369140625,-3.3867027759552,-2.319891401529312,-5.1894492697058645,-1.6176135795529925,0.0,-0.010858535766601562,-88.953125,-3.9090728759765625,0.0762939527630806,27.465822994709015,821.7962067126995,1,1789158634.0405202,38.99076434333333,-76.93789261166667,-5.768999999999998,0,1,7.980625000000001,8.732025,59.382436000000006,1,1,1789158634.1011734,-0.8378348900906933,0.5445015469715259,-0.004419283873808564,-0.03913096245141046,176.51230904166331,-2.867073944227625,-65.9516655473371,-0.0039515999594403614,-0.009518502141601475,0.07030884358733958,2.52462401763916,1.561316772251129,-10.11153891527176
2026-09-11T16:30:34.142,2.2725911039999573,-1120.378662109375,-100834.07958984375,-403336.318359375,-767.4593835449219,-3.612806396484375,-3.4653100967407227,-2.373737416267395,-5.309899374255978,-1.6113363745651472,0.0,-0.0019016265869140625,-15.578125,-0.6845855712890625,0.6103516221046448,219.72658395767212,5753.383217831576,1,1789158634.0405202,38.99076434333333,-76.93789261166667,-5.768999999999998,0,1,7.980625000000001,8.732025,59.382436000000006,1,1,1789158634.1291733,-0.8370493255113184,0.5456905833422652,-0.0037795473461379055,-0.03944526504516864,176.44618850856162,-2.830253427690042,-66.11458085837837,-0.06514406526483794,-0.0587584291305663,0.07453742729907142,-0.07511894023895264,-0.06982334915161133,-13.037254924526213
2026-09-11T16:30:34.175,2.306005568000046,-1120.4981689453125,-100844.83520507812,-403379.3408203125,-767.5412457275391,-3.6946685791015628,-3.5703794956207275,-2.4457099545001983,-5.470897357060209,-2.153933644801618,0.0,0.008430481888353825,69.06250762939453,3.034973479807377,0.03051757998764515,10.986328795552254,-6247.0029494283135,1,1789158634.0405202,38.99076434333333,-76.93789261166667,-5.768999999999998,0,1,7.980625000000001,8.732025,59.382436000000006,1,1,1789158634.1691732,-0.8358519204411432,0.5476273132386762,0.0016122583904693056,-0.038122086940825445,176.24187188189893,-2.2384378841451023,-66.38999349719144,0.030857246642334545,-0.11079978410190722,0.12026435556962208,-1.4685458617210387,0.9584039203071594,-7.218479051055907
2026-09-11T16:30:34.209,2.339425599999913,-1120.62158203125,-100855.9423828125,-403423.76953125,-767.6257836914064,-3.7792065429687502,-3.6755802631378174,-2.517772480249405,-5.632096636205714,-2.1562674072093357,0.0,0.008172989822924137,66.95313262939453,2.9422763362526894,0.1068115308880806,38.452151119709015,821.8371042931944,1,1789158634.0405202,38.99076434333333,-76.93789261166667,-5.768999999999998,0,1,7.980625000000001,8.732025,59.382436000000006,1,1,1789158634.2011733,-0.8346203471483693,0.5495013027663024,0.005508375699330855,-0.03777369694942473,176.03522129152665,-1.85204110796096,-66.65648424016058,-0.054848193474398205,-0.1008969604590166,0.14292675777506764,0.6359612629890442,1.3777362812232972,-7.488652263011932
2026-09-11T16:30:34.242,2.3728408960000706,-1120.7503662109375,-100867.53295898438,-403470.1318359375,-767.7140008544923,-3.8674237060546877,-3.8335413932800293,-2.6259758543968204,-5.874140690758808,-3.2381390291112613,0.0,0.008981705643236637,73.57813262939453,3.2334140315651894,0.0915527418255806,32.958987057209015,-164.39070485786252,1,1789158634.0405202,38.99076434333333,-76.93789261166667,-5.768999999999998,0,1,7.980625000000001,8.732025,59.382436000000006,1,1,1789158634.2291734,-0.833374214006461,0.5513512501093852,0.005916175648186784,-0.03826509241634237,175.96655049749023,-1.8529382630097297,-66.9111161914704,-0.021474182050687834,-0.027343200726369164,0.16266067202859194,1.9805510666656494,2.966511673927307,-16.016515243663786
2026-09-11T16:30:34.276,2.406260255999996,-1120.8812255859375,-100879.31030273438,-403517.2412109375,-767.8036395263672,-3.9570623779296876,-3.9129011631011963,-2.6803372967243195,-5.995743773989613,-1.6266452238349478,0.0,0.008270264603197575,67.75000762939453,2.977295257151127,0.03051757998764515,10.986328795552254,-657.482915941714,1,1789158634.0405202,38.99076434333333,-76.93789261166667,-5.768999999999998,0,1,7.980625000000001,8.732025,59.382436000000006,1,1,1789158634.2691734,-0.8315904669657973,0.5539698723822851,0.003955684095550628,-0.03948453251208755,175.98021065180436,-2.1300294544653706,-67.26493907356733,0.007689920684287016,0.05125333881406548,0.1558364346532941,0.2879232487487793,1.927104823284149,-12.825921613540649
2026-09-11T16:30:34.309,2.4396744959999523,-1121.0133056640625,-100891.19750976562,-403564.7900390625,-767.8941143798829,-4.047537231445313,-3.9394378662109375,-2.698514938354492,-6.036406000256105,-0.5440088306720839,0.0,0.008951188065111637,73.32813262939453,3.2224277034401894,-0.0305175818502903,-10.986329466104507,-657.5836607890955,1,1789158634.0405202,38.99076434333333,-76.93789261166667,-5.768999999999998,0,1,7.980625000000001,8.732025,59.382436000000006,1,1,1789158634.3011732,-0.8301863858973623,0.5559341276101785,0.002329501553516032,-0.04150161263731917,175.89627871369586,-2.4229862783836658,-67.52964587470561,-0.01824218134184473,0.09505883411109556,0.15500094554036442,1.4620734726142883,1.3476298652267455,-7.912397616500854
2026-09-11T16:30:34.342,2.4730879680000726,-1121.1490478515625,-100903.41430664062,-403613.6572265625,-767.9870977783204,-4.140520629882813,-4.0185699462890625,-2.752720413208008,-6.157660194183976,-1.6222640632293652,0.0,0.0092353830114007,75.65625762939453,3.324737884104252,-0.0457763746380806,-16.479494869709015,-164.39971887940112,1,1789158634.0405202,38.99076434333333,-76.93789261166667,-5.768999999999998,0,1,7.980625000000001,8.732025,59.382436000000006,1,1,1789158634.3291733,-0.8289895882037989,0.557743480326663,0.0029532056974656946,-0.04110658559045777,175.8993862652114,-2.3473488703573975,-67.78121748462289,0.03364471199069469,0.11342912262003668,0.15831550032282685,-1.1187426504516602,0.5703547734069825,-9.954142180175781
2026-09-11T16:30:34.376,2.5065105280000353,-1121.2880859375,-100915.927734375,-403663.7109375,-768.0823388671876,-4.23576171875,-4.123263835906982,-2.824435727596283,-6.3180827836352,-2.145715779651685,0.0,0.015317917801439762,125.48438262939453,5.514450408518314,0.1525879204273224,54.93165135383606,2136.6150954213203,1,1789158634.0405202,38.99076434333333,-76.93789261166667,-5.768999999999998,0,1,7.980625000000001,8.732025,59.382436000000006,1,1,1789158634.3691733,-0.8267331298480498,0.5608692235505883,0.0009361389532266804,-0.04401329037084176,175.7614521580163,-2.7411317377281144,-68.2057602847154,-0.0073562137313057,0.0035775759007379768,0.1908269700302016,-0.5627055862808228,0.5751600319862366,-10.927844474735261
2026-09-11T16:30:34.409,2.5399182399999063,-1121.4271240234375,-100928.44116210938,-403713.7646484375,-768.1775799560547,-4.331002807617188,-4.149519920349121,-2.842421145439148,-6.358315017535668,-0.5383612575124734,0.0,0.026012422516942024,213.09376525878906,9.364472106099129,0.3204346299171448,115.35646677017212,1808.7085825144009,1,1789158634.0405202,38.99076434333333,-76.93789261166667,-5.768999999999998,0,1,7.980625000000001,8.732025,59.382436000000006,1,1,1789158634.4011734,-0.8248642122681805,0.5636408592168481,0.0022805968556233697,-0.043621233573449256,175.72112643108187,-2.6027567944353587,-68.59339678467843,0.0514645236535568,-0.052822040745757984,0.21190670766993874,-2.434402836151123,0.8869134406280518,-9.769286824626922
2026-09-11T16:30:34.442,2.5733306239999365,-1121.5653076171875,-100940.87768554688,-403763.5107421875,-768.2722357177735,-4.425658569335938,-4.123635768890381,-2.8246905016899113,-6.318652697051513,0.530660839682101,0.0,0.04265022650361061,349.3906555175781,15.35408154129982,0.5035400986671448,181.27443552017212,1972.860384638833,1,1789158634.0405202,38.99076434333333,-76.93789261166667,-5.768999999999998,0,1,7.980625000000001,8.732025,59.382436000000006,1,1,1789158634.4291732,-0.822972884077109,0.5666200442982802,0.002646626518923639,-0.040624534967059076,175.9902738379998,-2.388845897477651,-69.01149061213599,0.014120062714484525,-0.10851584624274745,0.2572966128619293,-2.2234617911720274,-0.014317709236145018,-8.319863930721283
2026-09-11T16:30:34.476,2.6067482880000625,-1121.707275390625,-100953.65478515625,-403814.619140625,-768.3694836425782,-4.522906494140625,-4.1764702796936035,-2.8608821415901184,-6.39961108981325,-1.083009270189282,0.0,0.05266189947724342,431.4062805175781,18.958283811807632,0.4272461533546448,153.80861520767212,-821.8952800649507,1,1789158634.0405202,38.99076434333333,-76.93789261166667,-5.768999999999998,0,1,7.980625000000001,8.732025,59.382436000000006,1,1,1789158634.4691734,-0.8195105482010833,0.5716764238067664,0.0014692603331767837,-0.03982924961306244,176.15697074508947,-2.471976037744126,-69.71497972589931,0.04008043907449858,-0.09032550117968695,0.3228869588165022,-1.8121708833885193,-0.14611908740997315,-9.946394926548004
2026-09-11T16:30:34.509,2.6401709439999195,-1121.8485107421875,-100966.36596679688,-403865.4638671875,-768.4662298583985,-4.6196527099609375,-4.255767345428467,-2.9152006316185,-6.521118091487332,-1.6251996857644777,0.0,0.06310463696718216,516.9531860351562,22.717669308185577,0.2899170517921448,104.37013864517212,-1479.1905395762565,1,1789158634.0405202,38.99076434333333,-76.93789261166667,-5.768999999999998,0,1,7.980625000000001,8.732025,59.382436000000006,1,1,1789158634.5011733,-0.8163198224896041,0.5761861639869912,0.0022093849880501044,-0.04033076317740359,176.0747725252926,-2.4569614649153078,-70.34726954551796,0.01144360030655122,-0.10147326817802513,0.3582735094006872,3.277774750061035,1.3222306413078309,-9.291997161254884
2026-09-11T16:30:34.543,2.6735887039999398,-1121.9935302734375,-100979.41772460938,-403917.6708984375,-768.5655682373048,-4.718991088867188,-4.333919048309326,-2.9687345480918887,-6.640870052102464,-1.601960049786583,0.0,0.07546425610780716,618.2031860351562,27.167132198810577,0.5340576767921448,192.26076364517212,2630.0573407657084,1,1789158634.0405202,38.99076434333333,-76.93789261166667,-5.768999999999998,0,1,7.980625000000001,8.732025,59.382436000000006,1,1,1789158634.5291734,-0.8132698382619405,0.5805279387292828,0.0011404602152936443,-0.039726337342177176,176.21542275996518,-2.5372843658058497,-70.95613655022336,-0.013360495424016593,-0.06317428667103715,0.38736675176803104,1.7083184581756592,0.26605441888809206,-10.15047131641388
2026-09-11T16:30:34.577,2.7070129920000454,-1122.13818359375,-100992.4365234375,-403969.74609375,-768.6646557617188,-4.8180786132812505,-4.3347296714782715,-2.9692898249626163,-6.642112171086732,-0.016612975292870372,0.0,0.07736016064882278,633.7344360351562,27.849657833576202,0.0,0.0,-5752.12742436172,1,1789158634.0405202,38.99076434333333,-76.93789261166667,-5.768999999999998,0,1,7.980625000000001,8.732025,59.382436000000006,1,1,1789158634.5691733,-0.8088642976368748,0.5866902534434056,0.0038958471803287147,-0.03896045299614902,176.12090242939684,-2.2587843369536467,-71.83219898783305,0.009131213580583932,-0.006880960575987644,0.4005410205608599,1.2855537697029116,0.47444573482513425,-10.297669135341645
2026-09-11T16:30:34.609,2.7404282879999755,-1122.28515625,-101005.6640625,-404022.65625,-768.7653320312501,-4.9187548828125,-4.413851737976074,-3.023488440513611,-6.763351021191856,-1.621970236358462,0.0,0.0774383619427681,634.3750610351562,27.877810299396515,0.015258789993822575,5.493164397776127,164.39071489259345,1,1789158634.0405202,38.99076434333333,-76.93789261166667,-5.768999999999998,0,1,7.980625000000001,8.732025,59.382436000000006,1,1,1789158634.6011734,-0.8052478263831211,0.5916998533686123,0.005536257633738851,-0.03790213028623115,176.12175253245562,-2.0594962744803005,-72.54750226023651,-0.02406669412160021,-0.04509564268010429,0.3896496424296396,-1.4062736331939698,0.7206907203865052,-7.956331409225465
2026-09-11T16:30:34.643,2.7738414719999582,-1122.4290771484375,-101018.61694335938,-404074.4677734375,-768.8639178466798,-5.0173406982421875,-4.311512470245361,-2.9533860421180727,-6.606536422060821,2.0980460406160177,0.0,0.07723236829042435,632.6875610351562,27.803652584552765,0.015258789993822575,5.493164397776127,0.0,1,1789158634.0405202,38.99076434333333,-76.93789261166667,-5.768999999999998,0,1,7.980625000000001,8.732025,59.382436000000006,1,1,1789158634.6291733,-0.8020880526059171,0.5960626984160058,0.007872852227325405,-0.036083702992959196,176.14101294414093,-1.7413067234423028,-73.17627312402935,-0.010136697762657867,-0.12802129689718567,0.3953607088080155,-1.140709546813965,-0.2634066233444214,-8.021937898807526
2026-09-11T16:30:34.677,2.8072639360000267,-1122.5726318359375,-101031.53686523438,-404126.1474609375,-768.9622528076172,-5.115675659179688,-4.261349678039551,-2.9190245294570927,-6.529671907339588,1.0280963324819385,0.0,0.07783890515565872,637.6563110351562,28.02200585603714,0.1068115308880806,38.452151119709015,986.1327615422192,1,1789158634.0405202,38.99076434333333,-76.93789261166667,-5.768999999999998,0,1,7.980625000000001,8.732025,59.382436000000006,1,1,1789158634.6691732,-0.7973271617925811,0.6025174286443368,0.00872815995328712,-0.034146221920347775,176.27353411054332,-1.5602990335985478,-74.10384433175342,0.04561435453379701,-0.04776180764545082,0.40198510598396003,-4.249025382080078,1.443146637802124,-10.23941763338089
2026-09-11T16:30:34.710,2.8406903679999687,-1122.712158203125,-101044.09423828125,-404176.376953125,-769.0578283691407,-5.211251220703125,-4.133135795593262,-2.8311980199813847,-6.333209600888917,2.6274569022461156,0.0,0.0788879469037056,646.2500610351562,28.399660885334015,0.0,0.0,-1150.3516474559935,1,1789158634.0405202,38.99076434333333,-76.93789261166667,-5.768999999999998,0,1,7.980625000000001,8.732025,59.382436000000006,1,1,1789158634.7011733,-0.7934127782296301,0.6077141190039831,0.010305920069827893,-0.03276432383960775,176.2998369607296,-1.344797377264107,-74.85714176113194,-0.028551666700450038,-0.032045117731241884,0.42422112425314334,-1.6772313771629332,-0.22153222715377807,-8.115003008842468
2026-09-11T16:30:34.743,2.8741037120000783,-1122.85107421875,-101056.5966796875,-404226.38671875,-769.1529858398438,-5.306408691406251,-4.1086626052856445,-2.8144338846206667,-6.295709298095614,0.5017197728148058,0.0,0.08152962476015091,667.8906860351562,29.350664913654327,0.1220703274011612,43.94531786441803,1315.202628754363,1,1789158634.0405202,38.99076434333333,-76.93789261166667,-5.768999999999998,0,1,7.980625000000001,8.732025,59.382436000000006,1,1,1789158634.7411733,-0.7884128494928353,0.6142329136929263,0.008212110397120512,-0.03249104082222395,176.48307912438224,-1.5451718036203748,-75.79510504959181,0.0007311184236604246,-0.006855129703058128,0.4276327193420167,0.12974198163986206,-1.756469110469818,-8.214442441482545
2026-09-11T16:30:34.776,2.9075255679999827,-1122.981689453125,-101068.35205078125,-404273.408203125,-769.2424572753907,-5.395880126953125,-3.9804275035858154,-2.7265928399562838,-6.099214477353885,2.628251544876325,0.0,0.08395958691835403,687.7969360351562,30.225451290607452,0.0762939527630806,27.465822994709015,-493.0753956260279,1,1789158634.0405202,38.99076434333333,-76.93789261166667,-5.768999999999998,0,1,7.980625000000001,8.732025,59.382436000000006,1,1,1789158634.7691734,-0.7850013036991567,0.6185905898725619,0.008454427408014685,-0.032359820286012905,176.4863339393466,-1.5335033713791129,-76.43004240775178,-0.047020915377979235,0.06191590428034924,0.4019269865198686,-2.6049404824638365,1.0656886730766297,-7.125708140525818
2026-09-11T16:30:34.810,2.9409396159999233,-1123.1116943359375,-101080.05249023438,-404320.2099609375,-769.3315106201172,-5.484933471679688,-3.9280285835266113,-2.690699579715729,-6.0189235408816355,1.074196704350772,0.0,0.08295822888612747,679.5938110351562,29.86496239900589,-0.0762939602136612,-27.46582567691803,-1643.968688610396,1,1789158634.0405202,38.99076434333333,-76.93789261166667,-5.768999999999998,0,1,7.980625000000001,8.732025,59.382436000000006,1,1,1789158634.8011732,-0.7810915667907463,0.6234896777121784,0.007061413742086846,-0.033267439196665596,176.51406761442678,-1.7450745824725364,-77.14263460130284,-0.019931660057775243,0.022166379632028783,0.39594312517940605,-0.06492002407073974,1.2149458885383606,-9.510783526363372
2026-09-11T16:30:34.844,2.9743523520000963,-1123.2427978515625,-101091.85180664062,-404367.4072265625,-769.4213165283204,-5.574739379882813,-3.902250289916992,-2.67304144859314,-5.97942342652366,0.5284850400307757,0.0,0.08259392529726028,676.6094360351562,29.733813107013702,-0.015258817933499813,-5.493174456059933,657.6130497288314,1,1789158634.0405202,38.99076434333333,-76.93789261166667,-5.768999999999998,0,1,7.980625000000001,8.732025,59.382436000000006,1,1,1789158634.8411734,-0.7762003104491368,0.62960829384872,0.004518986440222154,-0.032955320315855144,176.73902252406143,-1.9760996872828909,-78.03763099562619,-0.033013775466098745,0.042581844958456856,0.41205146697776246,1.2738838560104369,-1.1847414060401917,-9.887162759571076
2026-09-11T16:30:34.877,3.0077781120000964,-1123.3714599609375,-101103.43139648438,-404413.7255859375,-769.5094500732422,-5.662872924804688,-3.8508729934692383,-2.6378480005264286,-5.900697925300702,1.0528840052316306,0.0,0.08260918408632278,676.7344360351562,29.739306271076202,-0.015258789993822575,-5.493164397776127,0.0003009141394495486,1,1789158634.0405202,38.99076434333333,-76.93789261166667,-5.768999999999998,0,1,7.980625000000001,8.732025,59.382436000000006,1,1,1789158634.8691733,-0.7730093086348148,0.6335628175209129,0.004019937034598992,-0.032227397119933915,176.84996074508058,-1.98404877461911,-78.62192204266734,-0.06542820486706262,0.0543265145609771,0.38201138349121166,0.3731430386543274,-0.868575004825592,-11.934693246841432
2026-09-11T16:30:34.910,3.041192255999931,-1123.49853515625,-101114.8681640625,-404459.47265625,-769.5964965820314,-5.7499194335937505,-3.8257455825805664,-2.620635724067688,-5.862195159421272,0.5151194793086927,0.0,0.08207321912050247,672.3438110351562,29.54635888338089,-0.015258789993822575,-5.493164397776127,0.0,1,1789158634.0405202,38.99076434333333,-76.93789261166667,-5.768999999999998,0,1,7.980625000000001,8.732025,59.382436000000006,1,1,1789158634.9011734,-0.7693367603925378,0.6379763114447422,0.003518746731398607,-0.033087664854384066,176.8219827688308,-2.1091953931419254,-79.27625897823074,-0.03511323202332272,0.014322520907715868,0.377789955629413,0.2084893824386597,0.9219231817054748,-10.16988848373413
2026-09-11T16:30:34.943,3.0746022079999875,-1123.6285400390625,-101126.56860351562,-404506.2744140625,-769.6855499267579,-5.838972778320313,-3.8785746097564697,-2.656823607683182,-5.943145149613411,-1.0831468304843128,0.0,0.08148384839296341,667.5156860351562,29.334185421466827,0.0,0.0,164.41700957148515,1,1789158634.0405202,38.99076434333333,-76.93789261166667,-5.768999999999998,0,1,7.980625000000001,8.732025,59.382436000000006,1,1,1789158634.9411733,-0.7649509960360598,0.6431098907317758,0.0038802337347902944,-0.03527868892924929,176.61702897830398,-2.260318624330245,-80.0421431861648,-0.03792652824461237,0.0010068804454755288,0.350628094612326,1.3735194216537474,0.8270928746414185,-7.019600185775757
2026-09-11T16:30:34.978,3.1080262079999557,-1123.759521484375,-101138.35693359375,-404553.427734375,-769.7752722167969,-5.928695068359375,-3.879284620285034,-2.6573099648952487,-5.944233099711985,-0.014551137268640582,0.0,0.0771331861615181,631.8750610351562,27.767947018146515,-0.1373291164636612,-49.43848192691803,-1479.1312208881386,1,1789158634.0405202,38.99076434333333,-76.93789261166667,-5.768999999999998,0,1,7.980625000000001,8.732025,59.382436000000006,1,1,1789158634.9691734,-0.7620511927254611,0.6465173075265627,0.0066359358068348966,-0.03534565164590887,176.41722514683107,-2.039547702303893,-80.55814631581579,-0.032033773091103925,-0.0339496210110181,0.3303529537577583,0.5359334313392639,1.132079694671631,-9.548441062984466
2026-09-11T16:30:35.010,3.1414423359999546,-1123.8887939453125,-101149.99145507812,-404599.9658203125,-769.8638238525391,-6.017246704101563,-3.8807411193847656,-2.6583076667785646,-5.946464895263425,-0.0298568967450645,0.0,0.07259941846132278,594.7344360351562,26.135790646076202,-0.1678466945886612,-60.42481005191803,-328.7732236661396,1,1789158634.0405202,38.99076434333333,-76.93789261166667,-5.768999999999998,0,1,7.980625000000001,8.732025,59.382436000000006,1,1,1789158635.0011733,-0.7589150212962513,0.6501765062169407,0.00924364683506421,-0.03511490008004443,176.25298422863406,-1.812652735152645,-81.11525032868312,0.0036669367584400863,-0.08001043076747524,0.30688682743176937,-2.316428834705353,-0.2206496286392212,-9.90491279636383
2026-09-11T16:30:35.044,3.174855455999932,-1124.0216064453125,-101161.94458007812,-404647.7783203125,-769.9548004150391,-6.108223266601563,-3.933617353439331,-2.694527887105942,-6.027487220619943,-1.084011918892993,0.0,0.0678405836224556,555.7500610351562,24.422610104084015,-0.0915527492761612,-32.95898973941803,822.007053292795,1,1789158634.0405202,38.99076434333333,-76.93789261166667,-5.768999999999998,0,1,7.980625000000001,8.732025,59.382436000000006,1,1,1789158635.0411732,-0.7551750782487202,0.6543984985383403,0.0136771645212814,-0.03586281463386114,175.86590734435677,-1.5058970893058004,-81.766909793064,-0.04402261425597818,-0.09416697086332645,0.2899199581743569,-0.22261095867156983,1.2089638319396974,-9.255222223148346
2026-09-11T16:30:35.078,3.2083835519999866,-1124.1551513671875,-101173.96362304688,-404695.8544921875,-770.0462786865235,-6.199701538085938,-3.986435651779175,-2.730708421468735,-6.108420771001995,-1.0791109152972513,0.0,0.06354904919862747,520.5938110351562,22.87765771150589,-0.0915527492761612,-32.95898973941803,0.0,1,1789158635.0438366,38.990776563333334,-76.93788773166666,-5.843,0,1,9.066121,9.511056,93.528241,1,1,1789158635.0691733,-0.7528133729691747,0.6571441501149718,0.016486622747036165,-0.03408493389816594,175.81357353167837,-1.1445438263128727,-82.19473519314454,-0.019128808601857852,-0.08117543804318147,0.27542447513776835,-0.7970845251464844,1.2439735730171202,-9.493523822078705
2026-09-11T16:30:35.111,3.241799551999975,-1124.2877197265625,-101185.89477539062,-404743.5791015625,-770.1370880126954,-6.290510864257813,-3.9881091117858887,-2.731854741573334,-6.110985016046285,-0.034304527908772475,0.0,0.05825997143983841,477.26568603515625,20.973589718341827,-0.2441406399011612,-87.89063036441803,-1643.8724151609756,1,1789158635.0438366,38.990776563333334,-76.93788773166666,-5.843,0,1,9.066121,9.511056,93.528241,1,1,1789158635.1011734,-0.7500157600532279,0.6603109725265682,0.016868290160711293,-0.034369172522049136,175.76505942098137,-1.15090418080592,-82.67857709215392,-0.028208534969507953,-0.07038336914639974,0.2711042616403068,-3.470965758247375,0.5554486651611329,-10.581963923530578
2026-09-11T16:30:35.145,3.275214080000069,-1124.4217529296875,-101197.95776367188,-404791.8310546875,-770.228900756836,-6.382323608398438,-4.015652179718018,-2.7507217431068423,-6.153189296498835,-0.5646346862495003,0.0,0.04722977429628372,386.90631103515625,17.00271874666214,-0.3204346001148224,-115.35645604133606,-821.9725766241805,1,1789158635.0438366,38.990776563333334,-76.93788773166666,-5.843,0,1,9.066121,9.511056,93.528241,1,1,1789158635.1411734,-0.7470221892026533,0.6637541670448784,0.019326618579074455,-0.03185492715003279,175.79900526644047,-0.7685230521219883,-83.21613122535275,0.0007665486074759096,-0.00019879300180215416,0.22980366288573897,-2.372522873630524,-0.05638823843002319,-8.794309665546416
2026-09-11T16:30:35.178,3.3086430719999953,-1124.5560302734375,-101210.04272460938,-404840.1708984375,-770.3208807373047,-6.474303588867188,-4.017518520355225,-2.752000186443329,-6.156049092795557,-0.03824355028382425,0.0,0.0415649488568306,340.50006103515625,14.963381588459015,-0.3356933891773224,-120.84962010383606,-164.32335328902792,1,1789158635.0438366,38.990776563333334,-76.93788773166666,-5.843,0,1,9.066121,9.511056,93.528241,1,1,1789158635.1691732,-0.7449024860850825,0.6659807322757668,0.019499954588582426,-0.03478077389507373,175.53780054594242,-0.9898636960863891,-83.55810360496442,-0.06916809638823608,0.07726380612361178,0.218467923926961,-0.4338462031555176,1.0289137349700928,-9.093804761486053
2026-09-11T16:30:35.211,3.342068096000048,-1124.6910400390625,-101222.19360351562,-404888.7744140625,-770.4133624267579,-6.566785278320313,-4.070363521575928,-2.788199012279511,-6.237023560038269,-1.0829857844267987,0.0,0.03056526929140091,250.39068603515625,11.003496944904327,-0.2899170219898224,-104.37012791633606,493.0285820430206,1,1789158635.0438366,38.990776563333334,-76.93788773166666,-5.843,0,1,9.066121,9.511056,93.528241,1,1,1789158635.2011733,-0.7428795520731746,0.6681607768841562,0.018939141351412593,-0.036502825506962884,175.43671712104404,-1.1826981442103763,-83.89057455826106,0.0013978341979222584,0.09928078557166985,0.19099836136274748,1.7273433594894407,1.0577452864456176,-8.866584677238466
2026-09-11T16:30:35.244,3.375483327999973,-1124.82568359375,-101234.3115234375,-404937.24609375,-770.5055932617188,-6.65901611328125,-4.019490718841553,-2.753351142406464,-6.159071095218461,1.0428737969895114,0.0,0.019653327763080597,161.00006103515625,7.075197994709015,-0.2136230766773224,-76.90430760383606,821.9550985778525,1,1789158635.0438366,38.990776563333334,-76.93788773166666,-5.843,0,1,9.066121,9.511056,93.528241,1,1,1789158635.2411733,-0.7407083289738625,0.6705328012462982,0.020193772046758523,-0.03645744659276372,175.347947851983,-1.0873350323545528,-84.26232958145904,-0.024418377965877067,0.015484386590768492,0.1789440703509234,-0.8810294505310059,-0.40138619112014773,-8.916304393558502
2026-09-11T16:30:35.278,3.4089071359999252,-1124.9608154296875,-101246.47338867188,-404985.8935546875,-770.598158569336,-6.751581420898438,-4.019983768463135,-2.7536888813972475,-6.159826595824187,-0.010104743025815358,0.0,0.017179496586322784,140.73443603515625,6.184618771076202,0.0,0.0,2300.884076522517,1,1789158635.0438366,38.990776563333334,-76.93788773166666,-5.843,0,1,9.066121,9.511056,93.528241,1,1,1789158635.2691734,-0.7391720868470848,0.6721751833470618,0.020711629472857058,-0.03709686405949462,175.25616669894313,-1.103141744000993,-84.51870384540527,-0.013224708808211433,-0.000568802803224952,0.1751338420608946,0.7846300794410705,-0.13935249879837036,-9.516373316955567
2026-09-11T16:30:35.311,3.442316767999955,-1125.0975341796875,-101258.77807617188,-405035.1123046875,-770.691810913086,-6.845233764648438,-4.072071075439453,-2.7893686866760254,-6.239640047145719,-1.067949664298786,0.0,0.017509467899799347,143.43756103515625,6.303408443927765,0.03051757998764515,10.986328795552254,328.8371687405125,1,1789158635.0438366,38.990776563333334,-76.93788773166666,-5.843,0,1,9.066121,9.511056,93.528241,1,1,1789158635.3011732,-0.7372950353275705,0.6742304496941731,0.02170717858667603,-0.036580459050098074,175.22604002320804,-0.9923052897036371,-84.84227926490553,-0.024023235423225552,-0.010680542357579299,0.1934470583032955,1.268882464427948,0.5176930620384216,-10.531557741699219
2026-09-11T16:30:35.345,3.4757318720000967,-1125.235595703125,-101271.20361328125,-405084.814453125,-770.7863830566407,-6.939805908203126,-4.124582290649414,-2.825338869094849,-6.320103053630203,-1.07646477529057,0.0,0.022636421024799347,185.43756103515625,8.149111568927765,0.1373291313648224,49.43848729133606,1150.741847028843,1,1789158635.0438366,38.990776563333334,-76.93788773166666,-5.843,0,1,9.066121,9.511056,93.528241,1,1,1789158635.3411734,-0.7346597170934941,0.6769707279482061,0.023693071636524527,-0.03774085237259054,174.97766853001662,-0.9331725819433112,-85.27867399515816,-0.02518073778314819,-0.04857635280735658,0.2012930114227108,-0.7612902520561219,1.4089214287376404,-9.870785653800965
2026-09-11T16:30:35.378,3.509159711999928,-1125.3756103515625,-101283.80493164062,-405135.2197265625,-770.8822930908203,-7.035715942382813,-4.177093505859375,-2.8613090515136723,-6.400566060114686,-1.0760546424478865,0.0,0.027240760624408722,223.15631103515625,9.80667382478714,0.07629397511482239,27.46583104133606,-657.3160649958539,1,1789158635.0438366,38.990776563333334,-76.93788773166666,-5.843,0,1,9.066121,9.511056,93.528241,1,1,1789158635.3691733,-0.73261121919423,0.6791987834188561,0.023160501785983043,-0.037860339012100966,175.01193125869798,-1.0023895446848847,-85.62310876464016,0.0011623892818282235,-0.06490478062438954,0.2212812201482507,-1.2137690905189515,1.0101830331611634,-10.038773571071626
2026-09-11T16:30:35.411,3.5425731200000428,-1125.5162353515625,-101296.46118164062,-405185.8447265625,-770.9786212158203,-7.132044067382813,-4.2039055824279785,-2.8796753239631654,-6.441650241506716,-0.5496677396519951,0.0,0.029792793095111847,244.06256103515625,10.725405514240265,0.06103518605232239,21.97266697883606,-164.39999363372644,1,1789158635.0438366,38.990776563333334,-76.93788773166666,-5.843,0,1,9.066121,9.511056,93.528241,1,1,1789158635.4011734,-0.7300955544431083,0.6818783613282661,0.02499243072194489,-0.037118191514372484,174.93464192027574,-0.8094133496873277,-86.0525546774722,0.025388781029985912,-0.06583085232549772,0.2438919606078372,1.2033740413475036,1.141886344833374,-9.007996572570802
2026-09-11T16:30:35.445,3.5759824960000515,-1125.6630859375,-101309.677734375,-405238.7109375,-771.0792138671876,-7.23263671875,-4.360893249511719,-2.9872118759155275,-6.682202657291348,-3.218753680174514,0.0,0.030670173466205597,251.25006103515625,11.041262447834015,0.0,0.0,-657.6796579149019,1,1789158635.0438366,38.990776563333334,-76.93788773166666,-5.843,0,1,9.066121,9.511056,93.528241,1,1,1789158635.4411733,-0.7266993709987426,0.6853641394713194,0.026331385984308345,-0.03860930754255192,174.70879189865568,-0.8395774489261395,-86.60773201280112,0.012179431119192029,-0.02143072335231317,0.24879371781206328,1.6537934832763672,2.028211386451721,-10.394951104946136
2026-09-11T16:30:35.478,3.6094098240000676,-1125.814208984375,-101323.27880859375,-405293.115234375,-771.1827331542969,-7.336156005859376,-4.517212390899658,-3.094290487766266,-6.921730690243072,-3.2033254901704034,0.0,0.031454093754291534,257.67193603515625,11.323473751544952,-0.015258791856467724,-5.493165068328381,-164.3315633342195,1,1789158635.0438366,38.990776563333334,-76.93788773166666,-5.843,0,1,9.066121,9.511056,93.528241,1,1,1789158635.4691734,-0.7241437024311032,0.6879108968228141,0.028572265020459692,-0.03972558285798142,174.44202267687768,-0.7605935081940461,-87.02334731391272,-0.07222312071092696,-0.008765392569365921,0.28232498340137835,0.2169231015777588,2.881880283031464,-12.02442409582138
2026-09-11T16:30:35.512,3.6428304959999878,-1125.969482421875,-101337.25341796875,-405349.013671875,-771.2890954589844,-7.442518310546876,-4.648326396942139,-3.184103581905365,-7.12263686002452,-2.6873515331862166,0.0,0.03200531750917435,262.18756103515625,11.521914303302765,0.1373291164636612,49.43848192691803,1643.6428027353143,1,1789158635.0438366,38.990776563333334,-76.93788773166666,-5.843,0,1,9.066121,9.511056,93.528241,1,1,1789158635.5011733,-0.7212692815693418,0.690767730551258,0.030212355774972718,-0.041204119357618495,174.19247389816883,-0.7644895447511453,-87.48630301928155,-0.01845162085208405,0.06359456195491739,0.2925882175348058,0.7454034787940979,2.325156753349304,-12.667544213428497
2026-09-11T16:30:35.545,3.676250687999982,-1126.1278076171875,-101351.50268554688,-405406.0107421875,-771.3975482177735,-7.550971069335938,-4.727077960968018,-3.2380484032630923,-7.243307988688011,-1.6141385829781179,0.0,0.03405953198671341,279.01568603515625,12.261431515216827,0.0610351599752903,21.972657591104507,-821.8332299173609,1,1789158635.0438366,38.990776563333334,-76.93788773166666,-5.843,0,1,9.066121,9.511056,93.528241,1,1,1789158635.5411732,-0.7176787034428006,0.6944885528744149,0.031051673098454337,-0.040727412744348004,174.16893053488315,-0.6875197242702907,-88.08336832576674,-0.022941654885764662,0.012576668056945938,0.28513845415559325,-2.3425145241355896,1.4213758744430542,-8.739784690647125
2026-09-11T16:30:35.578,3.709678943999961,-1126.28759765625,-101365.8837890625,-405463.53515625,-771.5070043945314,-7.660427246093751,-4.781195163726807,-3.2751186871528626,-7.3262318520777985,-1.1089505803052762,0.0,0.036863334476947784,301.98443603515625,13.270800411701202,0.0762939602136612,27.46582567691803,164.32709160229405,1,1789158635.0438366,38.990776563333334,-76.93788773166666,-5.843,0,1,9.066121,9.511056,93.528241,1,1,1789158635.5691733,-0.7151131443192318,0.6971607544743703,0.03080144548332225,-0.04038990218763153,174.21928706094283,-0.7026628186395384,-88.50794868849619,0.03665435775283372,0.002115164520491928,0.2992052843278919,0.004314926071166993,0.27291907400131227,-9.072328197631837
2026-09-11T16:30:35.612,3.7430923199999597,-1126.4476318359375,-101380.28686523438,-405521.1474609375,-771.6166278076172,-7.770050659179688,-4.756106853485107,-3.2579331946372987,-7.287789000172904,0.5143297257830101,0.0,0.03864670544862747,316.59381103515625,13.91281396150589,0.061035171151161194,21.97266161441803,-164.40015108022095,1,1789158635.0438366,38.990776563333334,-76.93788773166666,-5.843,0,1,9.066121,9.511056,93.528241,1,1,1789158635.6011734,-0.7120058871104429,0.7002787260947891,0.03272148157317706,-0.03983248853369034,174.11370635009888,-0.5266652729733905,-89.02141256631604,-0.040067349105108625,0.019478048985181916,0.29638727571762186,-1.46697679769516,0.0542307753944397,-7.75294148487091
2026-09-11T16:30:35.646,3.7765068799999426,-1126.60595703125,-101394.5361328125,-405578.14453125,-771.7250805664063,-7.8785034179687505,-4.757713794708252,-3.259033949375153,-7.2902513183946605,-0.03294236817287603,0.0,0.03947640210390091,323.39068603515625,14.211504757404327,0.045776382088661194,16.47949755191803,-164.3943257820188,1,1789158635.0438366,38.990776563333334,-76.93788773166666,-5.843,0,1,9.066121,9.511056,93.528241,1,1,1789158635.6411734,-0.707943318248078,0.7045417262423064,0.029269110320791346,-0.039755921727973535,174.40230497882348,-0.8352685102542672,-89.68320212241814,0.022813373185743082,0.003578623098289173,0.2981603557047229,2.4999112592315673,-0.8367033917999267,-9.949533054599762
2026-09-11T16:30:35.679,3.8099310079999213,-1126.7601318359375,-101408.41186523438,-405633.6474609375,-771.8306903076173,-7.984113159179688,-4.602973937988281,-3.1530371475219727,-7.053143225487584,3.1712660343224957,0.0,0.03974152356386185,325.56256103515625,14.306948482990265,0.030517585575580597,10.986330807209015,-164.34734646517956,1,1789158635.0438366,38.990776563333334,-76.93788773166666,-5.843,0,1,9.066121,9.511056,93.528241,1,1,1789158635.6691732,-0.7053911560768172,0.707244526709896,0.028779106907947112,-0.03742003972589449,174.6346416253834,-0.7064279676721995,-90.11724275337414,0.007745073088650037,-0.005166523651753615,0.28890225668751895,0.17181251083374025,-0.13395884120941162,-7.454230920944214
2026-09-11T16:30:35.712,3.8433535680001114,-1126.9140625,-101422.265625,-405689.0625,-771.9361328125001,-8.0895556640625,-4.6031813621521,-3.1531792330741886,-7.053461061815912,-0.004251186989118567,0.0,0.04110909253358841,336.76568603515625,14.799273312091827,0.030517585575580597,10.986330807209015,0.0,1,1789158635.0438366,38.990776563333334,-76.93788773166666,-5.843,0,1,9.066121,9.511056,93.528241,1,1,1789158635.7011733,-0.7022278830090521,0.7102337167304998,0.02881395785655486,-0.04017242557334306,174.41265430623568,-0.9509068195296602,-90.60309520681254,-0.05804825465792981,-0.07030517839591038,0.3104984372529212,2.3483985142326356,1.2149458885383606,-10.496646067123413
2026-09-11T16:30:35.746,3.8767744960000527,-1127.0687255859375,-101436.18530273438,-405744.7412109375,-772.0420770263672,-8.195499877929688,-4.628795623779297,-3.1707250022888185,-7.092709829744128,-0.5249934775796983,0.0,0.041807182133197784,342.48443603515625,15.050585567951202,0.0305175818502903,10.986329466104507,-4.012768608485805e-05,1,1789158635.0438366,38.990776563333334,-76.93788773166666,-5.843,0,1,9.066121,9.511056,93.528241,1,1,1789158635.7411733,-0.6982458067670767,0.7140646283404142,0.03211719920697129,-0.03915335745960999,174.2290994809969,-0.6339710235453229,-91.25149393240586,-0.044637144685605375,-0.10143382373693005,0.32107600518463286,-1.8742469789123537,0.44247605529785156,-10.390636178874969
2026-09-11T16:30:35.779,3.9102004159999524,-1127.22412109375,-101450.1708984375,-405800.68359375,-772.1485229492188,-8.301945800781251,-4.629437446594238,-3.1711646509170537,-7.093693295716379,-0.013152925281832808,0.0,0.04383087903261185,359.06256103515625,15.779116451740265,0.1068115383386612,38.45215380191803,821.692397274211,1,1789158635.0438366,38.990776563333334,-76.93788773166666,-5.843,0,1,9.066121,9.511056,93.528241,1,1,1789158635.7691734,-0.6953837441363085,0.7169022728071641,0.032171827309691974,-0.038177914590073934,174.3051866738421,-0.5727459440841184,-91.71737084991966,0.006625793439346074,-0.10108423428775558,0.31466907603348687,-0.2552671037101746,-1.0068487721061705,-5.486134299983978
2026-09-11T16:30:35.812,3.9436250240000845,-1127.3753662109375,-101463.78295898438,-405855.1318359375,-772.2521258544922,-8.405548706054688,-4.5268964767456055,-3.10092408657074,-6.936569628155728,2.1014626213727348,0.0,0.0449676588177681,368.37506103515625,16.188357174396515,0.10681155323982239,38.45215916633606,0.0001604930723425073,1,1789158635.0438366,38.990776563333334,-76.93788773166666,-5.843,0,1,9.066121,9.511056,93.528241,1,1,1789158635.8001733,-0.6919325447641413,0.7202037110647576,0.033248410870138544,-0.03782209988064095,174.24726620103993,-0.4851817785266165,-92.26945492930538,-0.023581841655396184,0.025866303113331563,0.30477829516243504,0.8745570614242554,-4.986387407741546,4.311984076118469
2026-09-11T16:30:35.846,3.977037216000099,-1127.5225830078125,-101477.03247070312,-405908.1298828125,-772.3529693603516,-8.506392211914063,-4.424248695373535,-3.0306103563308717,-6.779282293152444,2.104433323016881,0.0,0.0459289625287056,376.25006103515625,16.534426510334015,-0.0457763709127903,-16.479493528604507,-1644.0601291563573,1,1789158635.0438366,38.990776563333334,-76.93788773166666,-5.843,0,1,9.066121,9.511056,93.528241,1,1,1789158635.8411734,-0.6876879521428508,0.7243757325917511,0.03124362578763906,-0.03726814131906575,174.4607387036583,-0.6314434567580024,-92.94606347793432,0.007750658142256418,0.030960744666977808,0.29129946641513316,-1.5159119820022582,-1.6031911684417723,-8.78509141439438
2026-09-11T16:30:35.879,4.0104615360000935,-1127.6689453125,-101490.205078125,-405960.8203125,-772.4532275390626,-8.606650390625001,-4.373873710632324,-2.9961034917831424,-6.702092635520622,1.0323879303373975,0.0,0.0459442213177681,376.37506103515625,16.539919674396515,0.0457763746380806,16.479494869709015,986.0780532952899,1,1789158635.0438366,38.990776563333334,-76.93788773166666,-5.843,0,1,9.066121,9.511056,93.528241,1,1,1789158635.8691733,-0.6846898640539889,0.7272808295169672,0.02884756149886736,-0.03781802843104729,174.6200990531152,-0.8884289080120321,-93.41377294499105,-0.008014028326382363,0.07498772224608596,0.31371089027414195,-1.0850077738952637,-0.8226798820686341,-8.67349173555374
2026-09-11T16:30:35.913,4.043876191999971,-1127.810791015625,-101502.97119140625,-406011.884765625,-772.5503918457032,-8.703814697265626,-4.270871639251709,-2.925547072887421,-6.54426242145539,2.111541082331685,0.0,0.04654312878847122,381.28131103515625,16.75552636384964,0.061035171151161194,21.97266161441803,164.39393374958618,1,1789158635.0438366,38.990776563333334,-76.93788773166666,-5.843,0,1,9.066121,9.511056,93.528241,1,1,1789158635.9011734,-0.6814357825393651,0.7304135964458659,0.027610252761495122,-0.037133897511910555,174.78144437267053,-0.9521265784454622,-93.93025797912675,0.06817186245119772,0.08028985798071954,0.3021973022645858,-2.231699377307892,-0.04971971632003784,-13.377545685138703
2026-09-11T16:30:35.946,4.077284608000127,-1127.9503173828125,-101515.52856445312,-406062.1142578125,-772.6459674072266,-8.799390258789064,-4.142313480377197,-2.83748473405838,-6.347272579765518,2.6359327789928075,0.0,0.0482330396771431,395.12506103515625,17.363894283771515,0.061035171151161194,21.97266161441803,0.0,1,1789158635.0438366,38.990776563333334,-76.93788773166666,-5.843,0,1,9.066121,9.511056,93.528241,1,1,1789158635.9411733,-0.677297029125102,0.7343959633130777,0.025319323301249207,-0.03591984514630283,175.07450504976788,-1.0578188882255812,-94.58687738745837,0.038309453482499936,0.06081407792356522,0.3029139344554546,-2.852362266044617,-0.2107449119758606,-7.315564887657166
2026-09-11T16:30:35.980,4.110736064000093,-1128.0894775390625,-101528.05297851562,-406112.2119140625,-772.7412921142578,-8.894714965820313,-4.144412994384766,-2.838922901153565,-6.350489667934775,-0.042992660623982534,0.0,0.050580985844135284,414.35943603515625,18.209154903888702,0.1220703274011612,43.94531786441803,656.8520141551461,1,1789158635.0438366,38.990776563333334,-76.93788773166666,-5.843,0,1,9.066121,9.511056,93.528241,1,1,1789158635.9691734,-0.6742321348208824,0.7371416157875679,0.02346301002613312,-0.03850654242441059,175.03523204685118,-1.4400242827688523,-95.04190433275659,-0.06676373081068869,0.0033873350122705947,0.31309862877254235,1.585833397655487,-0.2330060078430176,-8.643679519062042
2026-09-11T16:30:36.013,4.144145600000002,-1128.2259521484375,-101540.33569335938,-406161.3427734375,-772.8347772216797,-8.988200073242188,-4.0942606925964355,-2.8045685744285587,-6.273641227694514,1.0282790735286025,0.0,0.05238724499940872,429.15631103515625,18.85940819978714,0.045776382088661194,16.47949755191803,-822.0952339049372,1,1789158635.0438366,38.990776563333334,-76.93788773166666,-5.843,0,1,9.066121,9.511056,93.528241,1,1,1789158636.0091734,-0.6701706220078768,0.7409704549192186,0.022874443993823327,-0.03620610647881154,175.27065659863345,-1.3176755516786318,-95.69006048267299,0.014538069070337167,-0.02628151694238101,0.3107707086162323,0.9386925534820557,-1.0674538701057434,-9.33220442691803
2026-09-11T16:30:36.047,4.177561120000064,-1128.35888671875,-101552.2998046875,-406209.19921875,-772.9258374023439,-9.07926025390625,-4.017370700836182,-2.7518989300727847,-6.155822588745485,1.5762030444438904,0.0,0.0526428297162056,431.25006103515625,18.951418697834015,0.0,0.0,-493.16896914629183,1,1789158636.0439541,38.99078782666667,-76.93787733,-5.966000000000001,0,1,13.535040999999998,14.107535999999998,76.09072900000001,1,1,1789158636.0411732,-0.666694035512289,0.7441924842946368,0.022541376197822295,-0.03447456585402609,175.43809364772335,-1.2179148552408605,-96.23955680286501,0.09626869634857803,-0.03185295698059731,0.2876723231636386,-2.1225513610076905,-0.2718403424835205,-5.871731784343719
2026-09-11T16:30:36.080,4.21098598399999,-1128.492919921875,-101564.36279296875,-406257.451171875,-773.0176501464845,-9.171072998046876,-3.99261474609375,-2.734941101074219,-6.11788900562414,0.5073417500996705,0.0,0.05215645581483841,427.26568603515625,18.776324093341827,0.015258791856467724,5.493165068328381,164.3436774594072,1,1789158636.0439541,38.99078782666667,-76.93787733,-5.966000000000001,0,1,13.535040999999998,14.107535999999998,76.09072900000001,1,1,1789158636.0691733,-0.6636099184558482,0.7469109001451341,0.024310581931924403,-0.03398498164688794,175.32893652029867,-1.0601481432626911,-96.71633091899503,-0.020350190012403485,-0.09605384631765752,0.3102862052158787,-0.4660120156860352,1.012830828704834,-8.603864519405365
2026-09-11T16:30:36.113,4.244400640000094,-1128.627685546875,-101576.49169921875,-406305.966796875,-773.1099645996094,-9.263387451171877,-4.0719170570373535,-2.7892631840705873,-6.239404044538708,-1.6256963111096674,0.0,0.05166054517030716,423.20318603515625,18.597796261310577,-0.1068115308880806,-38.452151119709015,-1315.1509381961,1,1789158636.0439541,38.99078782666667,-76.93787733,-5.966000000000001,0,1,13.535040999999998,14.107535999999998,76.09072900000001,1,1,1789158636.1091733,-0.6592945224384027,0.7507363446536384,0.024972509521980647,-0.033197097267486445,175.3378272971979,-0.9692649269840562,-97.38152084424641,0.023765624825631188,-0.058384230538938715,0.2963932098370786,-9.767619694099427,0.28184312564849856,-15.284644942092894
2026-09-11T16:30:36.147,4.277815231999966,-1128.763427734375,-101588.70849609375,-406354.833984375,-773.202947998047,-9.356370849609375,-4.046859264373779,-2.772098596096039,-6.20100795476028,0.5136853975237576,0.0,0.0525360181927681,430.37506103515625,18.912966549396515,0.1220703199505806,43.945315182209015,2465.9126857581878,1,1789158636.0439541,38.99078782666667,-76.93787733,-5.966000000000001,0,1,13.535040999999998,14.107535999999998,76.09072900000001,1,1,1789158636.1411734,-0.6559563355041335,0.7536291724584792,0.025889341117126784,-0.03307715749664267,175.271935143433,-0.9105408568844413,-97.89000240434643,0.07581884803588568,-0.046388931655832084,0.3094255833617203,0.08502365690231324,0.30204482498168944,-9.171571497268676
2026-09-11T16:30:36.180,4.311240448000035,-1128.90087890625,-101601.0791015625,-406404.31640625,-773.2971020507813,-9.450524902343751,-4.09899377822876,-2.8078107380867006,-6.280893741246191,-1.0684191836064179,0.0,0.055830009281635284,457.35943603515625,20.098803341388702,0.0610351637005806,21.972658932209015,-657.3676666728137,1,1789158636.0439541,38.99078782666667,-76.93787733,-5.966000000000001,0,1,13.535040999999998,14.107535999999998,76.09072900000001,1,1,1789158636.1691732,-0.6526918951424481,0.756400734002334,0.029168637485022887,-0.031629261821255535,175.09989424133528,-0.5599334740281673,-98.39477026914173,-0.06856438699997125,-0.15175184060485175,0.3172882916419547,0.26526988687515257,0.6938204989433288,-8.114512676334382
2026-09-11T16:30:36.214,4.3446611839999605,-1129.04052734375,-101613.6474609375,-406454.58984375,-773.3927612304689,-9.546184082031251,-4.178141117095947,-2.862026665210724,-6.402171316237296,-1.622224212062367,0.0,0.05778122693300247,473.34381103515625,20.80124169588089,0.04577639698982239,16.47950291633606,-164.36370569113762,1,1789158636.0439541,38.99078782666667,-76.93787733,-5.966000000000001,0,1,13.535040999999998,14.107535999999998,76.09072900000001,1,1,1789158636.2091732,-0.6479575606133527,0.760320932513734,0.03340011958597989,-0.03078167047256073,174.797236401052,-0.2019208733686921,-99.1145006272857,0.009668076858497389,-0.06034406075600315,0.29392321987965625,-1.3243881043434143,0.9722312970352174,-6.501220658226013
2026-09-11T16:30:36.247,4.378075264000017,-1129.181640625,-101626.34765625,-406505.390625,-773.489423828125,-9.642846679687501,-4.232157230377197,-2.89902770280838,-6.484940280083163,-1.107348686469692,0.0,0.05646134167909622,462.53131103515625,20.32608300447464,-0.1373291015625,-49.4384765625,-1972.760569158986,1,1789158636.0439541,38.99078782666667,-76.93787733,-5.966000000000001,0,1,13.535040999999998,14.107535999999998,76.09072900000001,1,1,1789158636.2411437,-0.6437375010334951,0.7638710523891313,0.03394869904327863,-0.030830681444635945,174.7466917757771,-0.19441806173951642,-99.74735301621006,0.06380976105168829,-0.05874080130512116,0.35653551053155125,3.631500621395111,2.0712625806617737,-19.86974422521591
2026-09-11T16:30:36.281,4.411502240000118,-1129.3228759765625,-101639.05883789062,-406556.2353515625,-773.5861700439453,-9.739592895507814,-4.2332587242126465,-2.899782226085663,-6.486628100585317,-0.022572286445555482,0.0,0.05555153638124466,455.07818603515625,19.998553097248077,-0.3662109673023224,-131.83594822883606,-2464.9992768142665,1,1789158636.0439541,38.99078782666667,-76.93787733,-5.966000000000001,0,1,13.535040999999998,14.107535999999998,76.09072900000001,1,1,1789158636.2691436,-0.6403068546535174,0.7667127908636336,0.035249666370895494,-0.03026696599525707,174.6745361244518,-0.07281917013809594,-100.26389766802987,0.2061849947831257,-0.012283278209685692,0.2746408223036229,-4.580490157546997,1.124822773551941,-4.667573210983276
2026-09-11T16:30:36.314,4.444923263999954,-1129.465087890625,-101651.85791015625,-406607.431640625,-773.6835852050782,-9.837008056640625,-4.286910057067871,-2.9365333890914918,-6.568838110888262,-1.0996420398731461,0.0,0.054876334965229034,449.54693603515625,19.755480587482452,-0.061035171151161194,-21.97266161441803,3287.2507621238196,1,1789158636.0439541,38.99078782666667,-76.93787733,-5.966000000000001,0,1,13.535040999999998,14.107535999999998,76.09072900000001,1,1,1789158636.3091435,-0.6353681242381092,0.7707038143975828,0.03807004128227126,-0.02955755625773057,174.4772089780945,0.1613874548673381,-101.00345290244503,0.09853361011889107,-0.21944234124834944,0.30452051003191544,2.9161054920959475,3.4807724084091185,-8.643581452560424
2026-09-11T16:30:36.347,4.478389568000011,-1129.611572265625,-101665.04150390625,-406660.166015625,-773.7839270019532,-9.937349853515625,-4.313282012939453,-2.9545981788635256,-6.609247894737657,-0.5397904044618329,0.0,0.053937919437885284,441.85943603515625,19.417650997638702,0.0762939527630806,27.465822994709015,1477.2615646185989,1,1789158636.0439541,38.99078782666667,-76.93787733,-5.966000000000001,0,1,13.535040999999998,14.107535999999998,76.09072900000001,1,1,1789158636.3411436,-0.631856123468961,0.7734761694160185,0.04302135266837173,-0.025330175579396888,174.34297379350363,0.8699000009887682,-101.55190172030456,0.07354224055958426,-0.18706072403732307,0.3111216943288084,-1.6597755398750307,0.20289959184646605,-9.834010715694427
2026-09-11T16:30:36.382,4.511812288000101,-1129.754638671875,-101677.91748046875,-406711.669921875,-773.8819274902345,-10.035350341796876,-4.262875556945801,-2.920069756507874,-6.532010013662918,1.033082357018193,0.0,0.05160713940858841,422.76568603515625,18.578570187091827,-0.1678466945886612,-60.42481005191803,-2629.6672756254247,1,1789158636.0439541,38.99078782666667,-76.93787733,-5.966000000000001,0,1,13.535040999999998,14.107535999999998,76.09072900000001,1,1,1789158636.3691437,-0.6287450487501468,0.7761112817946655,0.04254817238119675,-0.02281655035794929,174.56299306604632,1.036396285830572,-102.02580572417091,0.10381602363297711,-0.10941870506480411,0.2836648726681344,2.571892071418762,-0.9072132064628601,-8.976909491558075
2026-09-11T16:30:36.415,4.545232224000074,-1129.8936767578125,-101690.43090820312,-406761.7236328125,-773.9771685791017,-10.130591430664063,-4.160132884979248,-2.849691026210785,-6.374577277672651,2.1058906365693164,0.0,0.04518318921327591,370.14068603515625,16.265948116779327,-0.1678467094898224,-60.42481541633606,-0.000160515508760684,1,1789158636.0439541,38.99078782666667,-76.93787733,-5.966000000000001,0,1,13.535040999999998,14.107535999999998,76.09072900000001,1,1,1789158636.4091437,-0.6250643306827651,0.7791021711436409,0.04209763905954378,-0.02285121906998143,174.59602796599236,0.9752554300901222,-102.56671877802815,0.07720411586319358,-0.06439549354865758,0.2389650706623824,0.14562875490188598,0.2774301330757141,-16.277862470474243
2026-09-11T16:30:36.447,4.5786402240000825,-1130.0360107421875,-101703.24096679688,-406812.9638671875,-774.0746673583985,-10.228090209960937,-4.2400078773498535,-2.90440539598465,-6.496969837116694,-1.637762505203874,0.0,0.0384979322552681,315.37506103515625,13.859255611896515,-0.2746582329273224,-98.87696385383606,-1150.9862439382832,1,1789158636.0439541,38.99078782666667,-76.93787733,-5.966000000000001,0,1,13.535040999999998,14.107535999999998,76.09072900000001,1,1,1789158636.4411435,-0.6222565818138057,0.7811972220042425,0.043159996676246225,-0.02578490661528832,174.28780332500133,0.7693329286382007,-102.96077768157511,0.0017058848108992576,0.019651534712830154,0.25491388936710657,2.154030708026886,1.5089492603874206,-9.834795247707365
2026-09-11T16:30:36.481,4.612058687999934,-1130.1787109375,-101716.083984375,-406864.3359375,-774.1724169921876,-10.325839843750002,-4.267021656036377,-2.9229098343849182,-6.538363086938339,-0.553718997987178,0.0,0.02510262280702591,205.64068603515625,9.036944210529327,-0.5645752549171448,-203.24709177017212,-3123.1276194142533,1,1789158636.0439541,38.99078782666667,-76.93787733,-5.966000000000001,0,1,13.535040999999998,14.107535999999998,76.09072900000001,1,1,1789158636.4691436,-0.6206072384296945,0.7823320924338177,0.0455749445490165,-0.026945819455841773,173.98632087956923,0.8254958630150318,-103.19493759228912,-0.00039933133285630264,-0.012331798362891134,0.18149015666373275,-0.661360486907959,0.7722737002372742,-10.157434038028718
2026-09-11T16:30:36.515,4.645476959999996,-1130.319580078125,-101728.76220703125,-406915.048828125,-774.2689123535157,-10.422335205078125,-4.190328121185303,-2.8703747630119327,-6.420845479178439,1.5720463156469324,0.0,0.010322578251361847,84.56256103515625,3.716128170490265,-0.061035215854644775,-21.97267770767212,5424.410156879452,1,1789158636.0439541,38.99078782666667,-76.93787733,-5.966000000000001,0,1,13.535040999999998,14.107535999999998,76.09072900000001,1,1,1789158636.5091436,-0.618704344460734,0.7838807735055526,0.04367514681861876,-0.028781046265241073,174.0252440113431,0.5112105303762026,-103.45976263862705,-0.003360107875939483,0.040491638646268445,0.15914906957357933,0.36608225053787236,-0.9719370975303651,-9.54294933889389
2026-09-11T16:30:36.548,4.67887798400011,-1130.4544677734375,-101740.90209960938,-406963.6083984375,-774.3613104248047,-10.514733276367188,-4.061542510986328,-2.782156620025635,-6.223507113514746,2.6411807909241984,0.0,0.009588249027729034,78.54693603515625,3.4517696499824524,-0.01525880303233862,-5.493169091641903,493.3833350730275,1,1789158636.0439541,38.99078782666667,-76.93787733,-5.966000000000001,0,1,13.535040999999998,14.107535999999998,76.09072900000001,1,1,1789158636.5411437,-0.6172652984073954,0.7850114074555011,0.04253397808476584,-0.03052052186721213,174.00400559223604,0.26307917684014764,-103.65686126848588,-0.03059160753018101,-0.09382296646775837,0.11414750014015754,2.213360941505432,1.2447581050300598,-8.200615064754487
2026-09-11T16:30:36.581,4.712285216000055,-1130.5892333984375,-101753.03100585938,-407012.1240234375,-774.4536248779298,-10.607047729492189,-4.00995397567749,-2.746818473339081,-6.1444579306976514,1.0577993018581147,0.0,0.00976753979921341,80.01568603515625,3.5163143277168274,0.04577639698982239,16.47950291633606,657.722016837975,1,1789158636.0439541,38.99078782666667,-76.93787733,-5.966000000000001,0,1,13.535040999999998,14.107535999999998,76.09072900000001,1,1,1789158636.5691435,-0.6164570739598956,0.7856592230560703,0.04226541092385755,-0.03055971582284739,174.02521399398867,0.23437350394011836,-103.77416548540167,-0.0029211575690629094,-0.01737492723652875,0.11134607215778144,-3.81939603849411,-0.8232682810783386,-9.839404373283385
2026-09-11T16:30:36.614,4.745687904000079,-1130.723388671875,-101765.10498046875,-407060.419921875,-774.5455212402344,-10.698944091796875,-3.983699083328247,-2.7288338720798495,-6.1042275234427485,0.5384177841980476,0.0,0.009244926273822784,75.73443603515625,3.3281734585762024,0.0,0.0,-493.35858588160124,1,1789158636.0439541,38.99078782666667,-76.93787733,-5.966000000000001,0,1,13.535040999999998,14.107535999999998,76.09072900000001,1,1,1789158636.6091437,-0.6146882764840096,0.7869819337043928,0.043075904020561384,-0.031019756105159373,173.91891637332415,0.23677726556326759,-104.02789500389225,-0.022486996615620144,-0.08961445404242445,0.1160701548441545,-1.1785632164382933,0.34539021869659425,-9.80792502626419
2026-09-11T16:30:36.648,4.779094175999944,-1130.8563232421875,-101777.06909179688,-407108.2763671875,-774.6365814208986,-10.790004272460939,-3.9836461544036865,-2.7287976157665255,-6.104146420379658,0.0010853145578229011,0.0,0.00979042798280716,80.20318603515625,3.5245540738105774,0.0762939527630806,27.465822994709015,822.175638000539,1,1789158636.0439541,38.99078782666667,-76.93787733,-5.966000000000001,0,1,13.535040999999998,14.107535999999998,76.09072900000001,1,1,1789158636.6411436,-0.6131383966208515,0.7881780223528503,0.04278928860382864,-0.03171416796858462,173.89551944840466,0.1420186918556422,-104.24754671225772,-0.04224045855676676,-0.04935686404884844,0.1427501304547658,2.2988749309158325,0.20329185785293577,-8.104313760166168
2026-09-11T16:30:36.681,4.812509247999969,-1130.9871826171875,-101788.84643554688,-407155.3857421875,-774.7262200927735,-10.879642944335938,-3.907644748687744,-2.6767366528511047,-5.987689363034855,1.5580084015794247,0.0,0.01529122143983841,125.26568603515625,5.504839718341827,0.2441406548023224,87.89063572883606,1808.3101162876856,1,1789158636.0439541,38.99078782666667,-76.93787733,-5.966000000000001,0,1,13.535040999999998,14.107535999999998,76.09072900000001,1,1,1789158636.6691437,-0.6117574529440022,0.7893707542902954,0.04233048787578539,-0.02923629311036303,174.11099986937194,0.3228882585686776,-104.46568241693402,0.009977349201950784,-0.07036835931483258,0.17150565161184878,-1.5332697527885435,-0.5223021876144409,-9.94502199552536
2026-09-11T16:30:36.715,4.8459240320000845,-1131.1158447265625,-101800.42602539062,-407201.7041015625,-774.8143536376954,-10.967776489257814,-3.8565220832824707,-2.6417176270484926,-5.909354033304603,1.048009940824144,0.0,0.020299918949604034,166.29693603515625,7.307970821857452,0.030517607927322388,10.98633885383606,-2301.5051324208794,1,1789158636.0439541,38.99078782666667,-76.93787733,-5.966000000000001,0,1,13.535040999999998,14.107535999999998,76.09072900000001,1,1,1789158636.7091436,-0.6096892187425467,0.7910940884508709,0.04206072505639308,-0.026078634452738045,174.35568335372585,0.574493442767621,-104.7860735321225,0.018045657268070173,0.003408977094995324,0.1918432752536379,-0.07855126779556275,-0.6210551547431945,-10.658848060798645
2026-09-11T16:30:36.748,4.879331072000014,-1131.242431640625,-101811.81884765625,-407247.275390625,-774.9010656738282,-11.054488525390626,-3.8311681747436523,-2.624350199699402,-5.870504204767804,0.5198732766844151,0.0,0.022735603153705597,186.25006103515625,8.184817135334015,0.0,0.0,-328.8629837860335,1,1789158636.0439541,38.99078782666667,-76.93787733,-5.966000000000001,0,1,13.535040999999998,14.107535999999998,76.09072900000001,1,1,1789158636.7411437,-0.6076203348991743,0.7927497156112187,0.04176599866956188,-0.024515676015178043,174.49001633205603,0.6810422563205341,-105.09447554788987,0.06098372392685907,0.04685859975754376,0.20166930440944078,-1.4042142366600037,0.8590625541687011,-10.703958651542663
2026-09-11T16:30:36.781,4.912740896000059,-1131.3680419921875,-101823.12377929688,-407292.4951171875,-774.9871087646485,-11.140531616210938,-3.780215263366699,-2.589447455406189,-5.792428989366021,1.0446850690732532,0.0,0.025409705936908722,208.15631103515625,9.14749413728714,-0.03051757998764515,-10.986328795552254,-328.8352789747471,1,1789158636.0439541,38.99078782666667,-76.93787733,-5.966000000000001,0,1,13.535040999999998,14.107535999999998,76.09072900000001,1,1,1789158636.7691436,-0.6058794966857225,0.7940807412197156,0.042313336733923984,-0.023566787100587325,174.50454123171446,0.7933256827888817,-105.35118688704561,0.04122956385401165,0.027076339883739232,0.16819546015251632,0.09031924798965453,0.46483521766662594,-9.601593106861115
2026-09-11T16:30:36.815,4.9461457279999195,-1131.4947509765625,-101834.52758789062,-407338.1103515625,-775.0739044189454,-11.227327270507814,-3.7815396785736084,-2.590354679822922,-5.794458392588849,-0.027158478651734125,0.0,0.028980262577533722,237.40631103515625,10.43289452791214,-0.03051757998764515,-10.986328795552254,0.0,1,1789158636.0439541,38.99078782666667,-76.93787733,-5.966000000000001,0,1,13.535040999999998,14.107535999999998,76.09072900000001,1,1,1789158636.8091435,-0.6027641287096187,0.7964191432299282,0.040911111352132136,-0.026799895629923,174.40621415250448,0.3799655306243327,-105.77856913580796,0.13273508214097196,0.16824921629347778,0.2125636496003894,-0.35500073585510256,1.5619051712608336,-12.298519967842102
2026-09-11T16:30:36.849,4.979561696000019,-1131.6219482421875,-101845.97534179688,-407383.9013671875,-775.1610345458985,-11.314457397460938,-3.756979465484619,-2.5735309338569645,-5.756824744669295,0.503464270911064,0.0,0.030429847538471222,249.28131103515625,10.95474511384964,0.1068115383386612,38.45215380191803,1479.4867710348312,1,1789158636.0439541,38.99078782666667,-76.93787733,-5.966000000000001,0,1,13.535040999999998,14.107535999999998,76.09072900000001,1,1,1789158636.8411436,-0.6002199194742887,0.798340653405065,0.03858045384670888,-0.02999663261158236,174.39844187408335,-0.09061610658117404,-106.12136197644209,0.10222236349298108,0.17599202045410023,0.23289132486544217,2.058513935451508,-0.2642892218589783,-14.033708647460939
2026-09-11T16:30:36.882,5.012980896000045,-1131.7454833984375,-101857.09350585938,-407428.3740234375,-775.2456561279297,-11.399078979492188,-3.7065608501434326,-2.5389941823482514,-5.67956823180979,1.0334404027830277,0.0,0.02993965893983841,245.26568603515625,10.778277218341827,0.030517593026161194,10.98633348941803,-821.8575044429205,1,1789158636.0439541,38.99078782666667,-76.93787733,-5.966000000000001,0,1,13.535040999999998,14.107535999999998,76.09072900000001,1,1,1789158636.8691437,-0.5984959661333648,0.7996689925829018,0.03759902141138375,-0.030305022891324043,174.4675787912275,-0.19837264940341426,-106.36587568723368,0.029042453286110843,0.16800452113234815,0.1837580374937742,0.23388860635757447,0.43247327213287357,-8.11304167881012
2026-09-11T16:30:36.915,5.046383008000021,-1131.870849609375,-101868.37646484375,-407473.505859375,-775.3315319824219,-11.484954833984377,-3.7603108882904053,-2.5758129584789278,-5.761929488365526,-1.1022888651682488,0.0,0.029594428837299347,242.43756103515625,10.653994381427765,-0.015258789993822575,-5.493164397776127,-493.36694300066836,1,1789158636.0439541,38.99078782666667,-76.93787733,-5.966000000000001,0,1,13.535040999999998,14.107535999999998,76.09072900000001,1,1,1789158636.9091437,-0.5953535406234476,0.8018143525851811,0.03770252397323311,-0.0350203561029799,174.13606944310143,-0.6455644067255487,-106.77857477936665,-0.06439828607546078,0.10030302491456293,0.19478467864202395,-1.6518321532440186,1.1406114803123473,-8.651524839191437
2026-09-11T16:30:36.948,5.0797834879999755,-1131.9989013671875,-101879.90112304688,-407519.6044921875,-775.4192474365235,-11.572670288085938,-3.839458465576172,-2.630029048919678,-5.883207428685744,-1.6232129131324964,0.0,0.029697425663471222,243.28131103515625,10.69107323884964,-0.1220703274011612,-43.94531786441803,-1151.2455349951251,1,1789158636.0439541,38.99078782666667,-76.93787733,-5.966000000000001,0,1,13.535040999999998,14.107535999999998,76.09072900000001,1,1,1789158636.9411435,-0.5929304806952889,0.803520043417533,0.039883408753333495,-0.03461644977397329,173.96429582883476,-0.47749967318792097,-107.12638966248925,-0.0022636920398366456,-0.00964608570992226,0.21541115427501814,-4.360723127422333,-0.4257066835212707,-11.685310133228302
2026-09-11T16:30:36.982,5.113190911999936,-1132.1275634765625,-101891.48071289062,-407565.9228515625,-775.5073809814454,-11.660803833007813,-3.866943120956421,-2.6488560378551487,-5.925322203505605,-0.5635570385640233,0.0,0.03487587720155716,285.70318603515625,12.555315792560577,0.10681155323982239,38.45215916633606,2466.4421007393616,1,1789158636.0439541,38.99078782666667,-76.93787733,-5.966000000000001,0,1,13.535040999999998,14.107535999999998,76.09072900000001,1,1,1789158636.9691436,-0.5905461392822213,0.8051415428446148,0.041965157336242884,-0.03523178869147863,173.73134171003477,-0.4107243086888244,-107.4597453099602,-0.04133742520178489,-0.09445320486065352,0.2283217038178706,0.5420135544395447,0.7483454738426208,-7.713420684719085
2026-09-11T16:30:37.016,5.14660652800012,-1132.2568359375,-101903.115234375,-407612.4609375,-775.5959326171876,-11.74935546875,-3.8681623935699463,-2.6496912395954135,-5.92719049658959,-0.024994354144489195,0.0,0.03910065442323685,320.31256103515625,14.076235592365265,0.015258817933499813,5.493174456059933,-986.3347935915559,1,1789158636.0439541,38.99078782666667,-76.93787733,-5.966000000000001,0,1,13.535040999999998,14.107535999999998,76.09072900000001,1,1,1789158637.0131435,-0.5867224261137017,0.8077895316786587,0.04491124204297823,-0.03486900548886014,173.48431145702875,-0.20814281497907997,-108.00403276824841,-0.018091035828622024,-0.14082503228981608,0.23963353176589627,-0.34578248470306394,0.6246836153030396,-10.594712568740844
2026-09-11T16:30:37.048,5.180007552000006,-1132.3856201171875,-101914.70581054688,-407658.8232421875,-775.6841497802735,-11.837572631835938,-3.8693392276763916,-2.6504973709583286,-5.9289937610914585,-0.02413492960329072,0.0,0.0399017408490181,326.87506103515625,14.364626705646515,0.0762939527630806,27.465822994709015,657.8435600873798,1,1789158637.0394013,38.99079655333333,-76.93786404333333,-5.837,0,1,18.541636,37.785609,153.23964099999998,1,1,1789158637.0411437,-0.5841478519450378,0.8095647017567399,0.046549196757075105,-0.034777191071016234,173.33872594683825,-0.11032572974789101,-108.36831495223235,-0.0029773571709771265,-0.1285920195625878,0.23701082549892438,-0.6004611894035339,0.8032627147483825,-8.802743384685517
2026-09-11T16:30:37.082,5.213414975999967,-1132.5166015625,-101926.494140625,-407705.9765625,-775.7738720703126,-11.927294921875001,-3.895595073699951,-2.668482625484467,-5.969225629662813,-0.5383610100006323,0.0,0.0400695875287056,328.25006103515625,14.425051510334015,0.0,0.0,-822.1472866253074,1,1789158637.0394013,38.99079655333333,-76.93786404333333,-5.837,0,1,18.541636,37.785609,153.23964099999998,1,1,1789158637.0691435,-0.5813848375148357,0.8114060017481827,0.04837656068681742,-0.035660614282298074,173.1095536824972,-0.09280059145374925,-108.75005681086647,-0.011695625850539201,-0.10091912614051692,0.2468838040116059,-0.591144871749878,1.288691897754669,-10.592849305210114
2026-09-11T16:30:37.116,5.246819008000102,-1132.648193359375,-101938.33740234375,-407753.349609375,-775.8640124511719,-12.017435302734375,-3.92146897315979,-2.6862062466144563,-6.0088722409951085,-0.5305832879670861,0.0,0.03963661938905716,324.70318603515625,14.269182980060577,0.015258789993822575,5.493164397776127,164.44614823006788,1,1789158637.0394013,38.99079655333333,-76.93786404333333,-5.837,0,1,18.541636,37.785609,153.23964099999998,1,1,1789158637.1091437,-0.5779991287874695,0.8136593798165532,0.05246112190432988,-0.033514943622317606,172.87026249371337,0.349819780586233,-109.24411383703558,0.029424331326447204,-0.06646615217322366,0.23529516684421395,-0.6438065831184387,0.7163757943153382,-9.570898291854858
2026-09-11T16:30:37.149,5.280227967999963,-1132.7833251953125,-101950.49926757812,-407801.9970703125,-775.9565777587891,-12.110000610351564,-4.026643753051758,-2.758250970840454,-6.170031699267294,-2.156449174900938,0.0,0.039587028324604034,324.29693603515625,14.251330196857452,0.030517593026161194,10.98633348941803,164.4220320436441,1,1789158637.0394013,38.99079655333333,-76.93786404333333,-5.837,0,1,18.541636,37.785609,153.23964099999998,1,1,1789158637.1411436,-0.5751806591189801,0.8154460931195138,0.054953133711944734,-0.03456923034743752,172.5654959793735,0.39174986297519776,-109.63045162292275,0.02642655380322174,-0.02651870718772704,0.22895246580954134,-0.617524760684967,1.760784036540985,-9.791155654487609
2026-09-11T16:30:37.182,5.313632736000045,-1132.920654296875,-101962.85888671875,-407851.435546875,-776.0506481933594,-12.204071044921877,-4.132206439971924,-2.830561411380768,-6.331785548006364,-2.1646742327363557,0.0,0.0390930250287056,320.25006103515625,14.073489010334015,0.0,0.0,-328.885190562946,1,1789158637.0394013,38.99079655333333,-76.93786404333333,-5.837,0,1,18.541636,37.785609,153.23964099999998,1,1,1789158637.1691437,-0.5726807190756226,0.8169836972762372,0.05734037570479538,-0.03586800381831084,172.2542460314037,0.4049874993143964,-109.96884278896368,-0.03448386629505357,0.007415903991723906,0.22168718373226454,-1.3506699267768858,2.015462741241455,-10.996491025867462
2026-09-11T16:30:37.216,5.3470391680000375,-1133.0672607421875,-101976.05346679688,-407904.2138671875,-776.1510736083985,-12.304496459960939,-4.366852283477783,-2.991293814182282,-6.691333693142176,-4.811420830621778,0.0,0.03787613660097122,310.28131103515625,13.63540917634964,-0.0610351599752903,-21.972657591104507,-657.7373360647867,1,1789158637.0394013,38.99079655333333,-76.93786404333333,-5.837,0,1,18.541636,37.785609,153.23964099999998,1,1,1789158637.2091436,-0.5689450878096668,0.8191241634199343,0.061345211753565096,-0.03967186602307844,171.62550732309455,0.2756937811637585,-110.45424741082917,-0.09270403588430481,0.01730144887501979,0.23166278760496337,-0.9717409645271301,3.1192012169456484,-11.42612036945343
2026-09-11T16:30:37.250,5.3804508160001205,-1133.2198486328125,-101989.78637695312,-407959.1455078125,-776.2555963134766,-12.409019165039064,-4.524242877960205,-3.099106371402741,-6.932503515127813,-3.2267955540592097,0.0,0.037687309086322784,308.73443603515625,13.567431271076202,0.0,0.0,657.6346545686678,1,1789158637.0394013,38.99079655333333,-76.93786404333333,-5.837,0,1,18.541636,37.785609,153.23964099999998,1,1,1789158637.2411437,-0.5660309279048181,0.8208470937392557,0.06399509996926497,-0.04151703909182117,171.2535795522907,0.245692496845922,-110.84088355308025,0.04976247856701192,0.018827913838814027,0.24096870864367192,-0.22241482566833495,1.8703243188476562,-8.368602982025147
2026-09-11T16:30:37.283,5.413863327999934,-1133.37548828125,-102003.7939453125,-408015.17578125,-776.3622094726563,-12.515632324218751,-4.628666400909424,-3.1706364846229556,-7.092511821364871,-2.140818182739868,0.0,0.03765297681093216,308.45318603515625,13.555071651935577,0.030517585575580597,10.986330807209015,328.8088847456414,1,1789158637.0394013,38.99079655333333,-76.93786404333333,-5.837,0,1,18.541636,37.785609,153.23964099999998,1,1,1789158637.2811437,-0.5623848004006264,0.823231229110767,0.06596941900308119,-0.04076414418970606,171.1139222848462,0.40587317631271086,-111.35419750686594,0.07074953922346815,-0.04129187210830785,0.2626469196839179,-2.436266099681854,1.169835297794342,-9.22148734659195
2026-09-11T16:30:37.316,5.447283424000034,-1133.533935546875,-102018.05419921875,-408072.216796875,-776.4707458496094,-12.624168701171875,-4.733837127685547,-3.2426784324646,-7.253665069042135,-2.155647543365196,0.0,0.03766060620546341,308.51568603515625,13.557818233966827,0.015258789993822575,5.493164397776127,-164.3671642779384,1,1789158637.0394013,38.99079655333333,-76.93786404333333,-5.837,0,1,18.541636,37.785609,153.23964099999998,1,1,1789158637.3081436,-0.5596692102811518,0.8251526747683638,0.0660549320950385,-0.039117570627616394,171.21058110211678,0.537550431856567,-111.74625253358599,0.05788017945096275,-0.07341535512296428,0.27718411608962906,-2.3609510264396665,1.1417882783317566,-10.534009404239654
2026-09-11T16:30:37.349,5.480691967999974,-1133.69140625,-102032.2265625,-408128.90625,-776.5786132812501,-12.732036132812501,-4.735279083251953,-3.2436661720275883,-7.255874579517682,-0.029565477711038665,0.0,0.04533577710390091,371.39068603515625,16.320879757404327,0.2288818657398224,82.39747166633606,2301.9353153701745,1,1789158637.0394013,38.99079655333333,-76.93786404333333,-5.837,0,1,18.541636,37.785609,153.23964099999998,1,1,1789158637.3411436,-0.5559647888887153,0.8278399866009094,0.06650319547853371,-0.03407983409109381,171.48750399501722,1.003963459320446,-112.30529751889144,0.10673037441795724,-0.13781032507284627,0.3169107769247484,-1.0600008159828187,-0.6263507458305358,-7.147969236392975
2026-09-11T16:30:37.383,5.514096992000077,-1133.849853515625,-102046.48681640625,-408185.947265625,-776.6871496582032,-12.840572509765625,-4.7635064125061035,-3.263001892566681,-7.2991273545246,-0.5788267219635251,0.0,0.05365944653749466,439.57818603515625,19.317400753498077,0.3051758110523224,109.86329197883606,822.2062738950588,1,1789158637.0394013,38.99079655333333,-76.93786404333333,-5.837,0,1,18.541636,37.785609,153.23964099999998,1,1,1789158637.3811436,-0.550760962506329,0.8313339563751474,0.06724251840956734,-0.03201029326147435,171.5414440140708,1.1945099204331004,-113.03917739503606,0.04471044851418914,-0.05748887663266562,0.349720523401289,0.6868577773284913,-1.4401065762519838,-6.962427415332794
2026-09-11T16:30:37.417,5.547512639999923,-1134.0069580078125,-102060.62622070312,-408242.5048828125,-776.7947662353516,-12.948189086914063,-4.661118030548096,-3.192865850925446,-7.142237497596283,2.0988981462086063,0.0,0.06937027722597122,568.2813110351562,24.97329980134964,0.7781983017921448,280.1513886451721,5096.058489337786,1,1789158637.0394013,38.99079655333333,-76.93786404333333,-5.837,0,1,18.541636,37.785609,153.23964099999998,1,1,1789158637.4091437,-0.5469387518495769,0.8338781232475736,0.06776464863183194,-0.030219690437459423,171.59828206552226,1.359592984286034,-113.57831326219788,-0.04832537446091979,-0.005664291554422397,0.3930406426333395,-2.3382976645660403,-0.7306935035514832,-8.121965730457307
2026-09-11T16:30:37.451,5.5809255680001115,-1134.161865234375,-102074.56787109375,-408298.271484375,-776.9008776855469,-13.054300537109375,-4.636564254760742,-3.1760465145111088,-7.10461371356278,0.5033781060505114,0.0,0.08231354504823685,674.3125610351562,29.632876217365265,-0.2136230617761612,-76.90430223941803,-10686.153900746784,1,1789158637.0394013,38.99079655333333,-76.93786404333333,-5.837,0,1,18.541636,37.785609,153.23964099999998,1,1,1789158637.4411435,-0.5417825846127768,0.8374604411168293,0.06602125650753471,-0.02779989683202626,171.90890923390197,1.4311513735882686,-114.30072967876738,-0.04043456637972823,-0.03092444181853633,0.44838049535802443,-0.8583760886573791,-1.4789409108924865,-11.459953312511445
2026-09-11T16:30:37.484,5.614339424000036,-1134.316162109375,-102088.45458984375,-408353.818359375,-777.0065710449219,-13.159993896484377,-4.637259006500244,-3.1765224194526676,-7.105678282598121,-0.01424274233898284,0.0,0.08506966382265091,696.8906860351562,30.625078976154327,0.1525879055261612,54.93164598941803,3945.5472672514484,1,1789158637.0394013,38.99079655333333,-76.93786404333333,-5.837,0,1,18.541636,37.785609,153.23964099999998,1,1,1789158637.4811437,-0.5348902379136347,0.8418640802179923,0.06635765932751436,-0.02745842078457563,171.88583432728,1.4185370045755423,-115.23979354821672,-0.0309946040544665,0.043193931927131266,0.48861469793962375,-0.22565102022171019,-0.3655919180297852,-9.18902733455658
2026-09-11T16:30:37.517,5.64774486400006,-1134.4678955078125,-102102.11059570312,-408408.4423828125,-777.1105084228516,-13.263931274414064,-4.585442543029785,-3.141028141975403,-7.026279845148979,1.0625298597246144,0.0,0.0895538404583931,733.6250610351562,32.239382565021515,0.0915527492761612,32.95898973941803,-657.7568279293477,1,1789158637.0394013,38.99079655333333,-76.93786404333333,-5.837,0,1,18.541636,37.785609,153.23964099999998,1,1,1789158637.5131435,-0.528860346117708,0.8454940001837926,0.0681641339798851,-0.028289234635094123,171.6494254498747,1.390238518916931,-116.0491612616046,-0.06421572463570217,0.04646293361611664,0.4852713452245034,-1.7813780018806458,0.6362554624938964,-9.754969115390777
2026-09-11T16:30:37.550,5.681146688000126,-1134.6251220703125,-102116.26098632812,-408465.0439453125,-777.2182086181641,-13.371631469726564,-4.715400695800781,-3.2300494766235355,-7.225414899390506,-2.6651638739236736,0.0,0.09392166882753372,769.4063110351562,33.81180077791214,0.07629397511482239,27.46583104133606,-164.4568481670678,1,1789158637.0394013,38.99079655333333,-76.93786404333333,-5.837,0,1,18.541636,37.785609,153.23964099999998,1,1,1789158637.5411437,-0.5232169405215676,0.848817497491561,0.07023321342514859,-0.02863886931063483,171.41681097514765,1.425440710387168,-116.8070430523544,0.004267504554051335,0.02915956487891966,0.5065800700621022,-1.0579414194488526,1.8749334444236756,-10.142920195789337
2026-09-11T16:30:37.584,5.714560255999913,-1134.785888671875,-102130.72998046875,-408522.919921875,-777.3283337402345,-13.481756591796875,-4.794687271118164,-3.2843607807159425,-7.3469058265836145,-1.6254266558050028,0.0,0.09903717786073685,811.3125610351562,35.653384029865265,0.07629397511482239,27.46583104133606,0.0,1,1789158637.0394013,38.99079655333333,-76.93786404333333,-5.837,0,1,18.541636,37.785609,153.23964099999998,1,1,1789158637.5811436,-0.5147899640386023,0.8537415855818475,0.07263915015196248,-0.028985372837481822,171.1457108509708,1.449495738492235,-117.9338711354539,-0.02460251020196247,-0.12400442162372073,0.5513657422670523,-0.1279767846107483,0.26576021938323974,-6.402369624595642
2026-09-11T16:30:37.618,5.7479743999999755,-1134.94775390625,-102145.2978515625,-408581.19140625,-777.4392114257813,-13.592634277343752,-4.79612922668457,-3.285348520278931,-7.349115337059161,-0.029560522723150993,0.0,0.10508347302675247,860.8438110351562,37.83005028963089,0.2136230766773224,76.90430760383606,1479.5673521490792,1,1789158637.0394013,38.99079655333333,-76.93786404333333,-5.837,0,1,18.541636,37.785609,153.23964099999998,1,1,1789158637.6091437,-0.5083486825141589,0.857491130640464,0.07493521953812321,-0.025986356647882302,171.08260377097153,1.8120117522920367,-118.81961863770536,0.054412908358950816,-0.1896357828157155,0.5544394416127395,-2.087639686431885,0.6048741819763184,-10.253048877105712
2026-09-11T16:30:37.650,5.781385023999974,-1135.1080322265625,-102159.72290039062,-408638.8916015625,-777.5490020751954,-13.702424926757814,-4.823100566864014,-3.30382388830185,-7.390443558298689,-0.5529788375972797,0.0,0.1100311353802681,901.3750610351562,39.611208736896515,0.030517607927322388,10.98633885383606,-1972.9643106936103,1,1789158637.0394013,38.99079655333333,-76.93786404333333,-5.837,0,1,18.541636,37.785609,153.23964099999998,1,1,1789158637.6411436,-0.501198474974083,0.8617477191232779,0.07540517424591854,-0.022472582549068823,171.2229152346834,2.112086943230012,-119.79694793039198,0.050470558644546026,-0.2370305477194719,0.5537570178752097,-0.9616401148605346,-1.5680833608627318,-8.50442508676529
2026-09-11T16:30:37.684,5.814803647999952,-1135.2647705078125,-102173.82934570312,-408695.3173828125,-777.6563677978517,-13.809790649414063,-4.693709373474121,-3.215190920829773,-7.192177256687924,2.6522027798671437,0.0,0.10994148999452591,900.6406860351562,39.57893639802933,0.0762939527630806,27.465822994709015,493.1227611550902,1,1789158637.0394013,38.99079655333333,-76.93786404333333,-5.837,0,1,18.541636,37.785609,153.23964099999998,1,1,1789158637.6811435,-0.49233282814365836,0.866895859854123,0.07613579186467488,-0.017415386788319078,171.41354080684988,2.5661988408065692,-121.00592899967079,0.0409059798106919,-0.21709853859584624,0.5380720929533871,-0.631842469921112,-1.9641739608955382,-10.072802647132873
2026-09-11T16:30:37.717,5.848209759999918,-1135.420654296875,-102187.85888671875,-408751.435546875,-777.7631481933595,-13.916571044921875,-4.642788887023926,-3.1803103876113896,-7.114151726045513,1.0441362711835174,0.0,0.10849190503358841,888.7656860351562,39.05708581209183,-0.2593994438648224,-93.38379979133606,-3617.590181885519,1,1789158637.0394013,38.99079655333333,-76.93786404333333,-5.837,0,1,18.541636,37.785609,153.23964099999998,1,1,1789158637.7091436,-0.4866776757043791,0.8700864133415178,0.0763991411875019,-0.01605130883413988,171.44656338559318,2.6612835975250904,-121.75863424499393,-0.0833188768975557,-0.2127484799681756,0.4911412365648107,-1.4063716996955873,-0.7492280723571777,-12.503577022724151
2026-09-11T16:30:37.751,5.8816181760000745,-1135.5679931640625,-102201.11938476562,-408804.4775390625,-777.8640753173829,-14.017498168945314,-4.4881978034973145,-3.0744154953956606,-6.87727159850496,3.169707064687906,0.0,0.08525849133729935,698.4375610351562,30.693056881427765,-1.0223389863967896,-368.04203510284424,-8221.228905621276,1,1789158637.0394013,38.99079655333333,-76.93786404333333,-5.837,0,1,18.541636,37.785609,153.23964099999998,1,1,1789158637.7411437,-0.4803547462976228,0.8737370797102318,0.07511513978410657,-0.01416153325020719,171.66098258731154,2.717808159986169,-122.59678426442522,0.12543716240668287,-0.11261824264956011,0.4459516951709491,0.8501385025215149,0.288315514755249,-9.914425247020722
2026-09-11T16:30:37.785,5.915039296000032,-1135.71044921875,-102213.9404296875,-408855.76171875,-777.9616577148438,-14.11508056640625,-4.282149791717529,-2.933272607326508,-6.5615439498177,4.223164516010637,0.0,0.07669449597597122,628.2813110351562,27.61001855134964,-0.1678466945886612,-60.42481005191803,9204.276369293426,1,1789158637.0394013,38.99079655333333,-76.93786404333333,-5.837,0,1,18.541636,37.785609,153.23964099999998,1,1,1789158637.7811437,-0.473663379580385,0.877433266292717,0.07462095165966794,-0.01362276112936487,171.7198884853408,2.6815215623602247,-123.4712681489608,0.17940413914174913,-0.10568212966920944,0.3583860831374408,2.8173525249671934,1.8032468317413328,-8.721544321346283
2026-09-11T16:30:37.818,5.948457599999983,-1135.853759765625,-102226.83837890625,-408907.353515625,-778.0598254394532,-14.213248291015626,-4.284312725067139,-2.9347542166709903,-6.56485821553102,-0.04433526442528737,0.0,0.0612182691693306,501.50006103515625,22.038576900959015,-0.3967285752296448,-142.82228708267212,-2465.6391009811096,1,1789158637.0394013,38.99079655333333,-76.93786404333333,-5.837,0,1,18.541636,37.785609,153.23964099999998,1,1,1789158637.8081436,-0.47060102557983413,0.8791043533085938,0.07464429271016022,-0.01176606488539118,171.80806294264536,2.841210865374412,-123.88154635409202,0.0966769288606195,-0.12126547642856603,0.28684503709819326,-0.6252720143127442,-1.2764335850524902,-9.771052021656036
2026-09-11T16:30:37.851,5.981865376000087,-1135.99365234375,-102239.4287109375,-408957.71484375,-778.1556518554688,-14.30907470703125,-4.207962989807129,-2.8824546480178834,-6.447867412352094,1.5654908801155931,0.0,0.0415344312787056,340.25006103515625,14.952395260334015,-0.5645752549171448,-203.24709177017212,-1808.7047963717323,1,1789158637.0394013,38.99079655333333,-76.93786404333333,-5.837,0,1,18.541636,37.785609,153.23964099999998,1,1,1789158637.8411436,-0.4671946383035808,0.8809329270136479,0.0744977747080433,-0.011680308519156007,171.81671157183783,2.8103838543902215,-124.32341882624061,0.0585709807689021,-0.0770447673024865,0.23042726902747657,-0.9944923929023742,-0.2129023750114441,-5.945575860061646
2026-09-11T16:30:37.884,6.015269696000132,-1136.13427734375,-102252.0849609375,-409008.33984375,-778.2519799804688,-14.405402832031251,-4.157132625579834,-2.8476358485221867,-6.369979976114405,1.0423442086427668,0.0,0.026660926640033722,218.40631103515625,9.59793359041214,-0.8697510361671448,-313.1103730201721,-3288.8944079643475,1,1789158637.0394013,38.99079655333333,-76.93786404333333,-5.837,0,1,18.541636,37.785609,153.23964099999998,1,1,1789158637.8811436,-0.46438422581535643,0.8823678717878002,0.0748390515350869,-0.013166093417130141,171.6943291031512,2.6522218638502157,-124.67755066683053,0.05879281211683059,-0.007115707360380882,0.16484634785086444,-1.2668230678939818,-0.18122689498901368,-10.629133910808562
2026-09-11T16:30:37.917,6.048675775999982,-1136.271728515625,-102264.45556640625,-409057.822265625,-778.3461340332032,-14.499556884765626,-4.158082008361816,-2.8482861757278446,-6.371434716642451,-0.01946733066737754,0.0,0.004365928471088409,35.76568603515625,1.5717342495918274,-0.09155279397964478,-32.95900583267212,8386.238887913836,1,1789158637.0394013,38.99079655333333,-76.93786404333333,-5.837,0,1,18.541636,37.785609,153.23964099999998,1,1,1789158637.9091437,-0.4629099048813083,0.8831617947937338,0.07409189068321996,-0.015813156372926556,171.62618823033029,2.330551930624205,-124.8480048201853,-0.00540179403492245,0.006263812152482449,0.14879350752272139,0.7155912623023987,0.21702116807937621,-8.613671169567107
2026-09-11T16:30:37.950,6.0820786240001325,-1136.4112548828125,-102277.01293945312,-409108.0517578125,-778.4417095947266,-14.595132446289064,-4.183192729949951,-2.865487020015717,-6.40991190948397,-0.5149514283271529,0.0,-0.0044765472412109375,-36.671875,-1.6115570068359375,-0.5187988877296448,-186.76759958267212,-4604.6550805879215,1,1789158637.0394013,38.99079655333333,-76.93786404333333,-5.837,0,1,18.541636,37.785609,153.23964099999998,1,1,1789158637.9411435,-0.4620353578817718,0.8835319608997394,0.07468276412588802,-0.017806933431712794,171.4583212988342,2.1517425893480606,-124.9468548329717,-0.054897760825154844,0.007559893655013438,0.0685486790367033,1.213474891014099,-0.37167204113006597,-12.008145056552888
2026-09-11T16:30:37.985,6.115499199999931,-1136.5516357421875,-102289.64721679688,-409158.5888671875,-778.5378704833985,-14.691293334960939,-4.08130407333374,-2.7956932902336122,-6.253787782376541,2.088346106976896,0.0,-0.019052505493164062,-156.078125,-6.8589019775390625,-0.5035400986671448,-181.27443552017212,164.36473334669978,1,1789158637.0394013,38.99079655333333,-76.93786404333333,-5.837,0,1,18.541636,37.785609,153.23964099999998,1,1,1789158637.9811437,-0.46207656280451187,0.8833409049036794,0.07611329355799581,-0.020021547754137163,171.1954357146072,2.003963690165029,-124.92606530488831,0.005453106714931083,0.06781790967889326,0.009974731208072792,-0.361473124961853,0.8275832071495057,-10.311692645072938
2026-09-11T16:30:38.017,6.148916095999994,-1136.690185546875,-102302.11669921875,-409208.466796875,-778.6327770996095,-14.786199951171875,-4.159974575042725,-2.8495825839042666,-6.374334699141605,-1.612636124867898,0.0,-0.023895263671875,-195.75,-8.602294921875,0.0,0.0,5424.634158715196,1,1789158637.0394013,38.99079655333333,-76.93786404333333,-5.837,0,1,18.541636,37.785609,153.23964099999998,1,1,1789158638.0131435,-0.4624078563487631,0.8832211277637786,0.0744403520372742,-0.023623036366798512,171.17610620540773,1.5537584785604044,-124.85153767723254,0.01227472609635092,0.030842411343692595,0.0022987731578017314,1.4714878567695617,-0.23849773193359378,-10.131250282096861
2026-09-11T16:30:38.050,6.182322112000065,-1136.826171875,-102314.35546875,-409257.421875,-778.7259277343751,-14.879350585937502,-4.135092735290527,-2.8325385236740113,-6.336208222248587,0.5102093057196248,0.0,-0.026464462280273438,-216.796875,-9.527206420898438,-0.030517593026161194,-10.98633348941803,-328.8729038923537,1,1789158638.0415874,38.990802435,-76.93784770666667,-5.829000000000001,0,1,13.608721000000001,14.243076,116.877721,1,1,1789158638.0411437,-0.4627752284625325,0.8828853481679138,0.0755474170437107,-0.02539956082093184,170.96966706982954,1.4367360183487974,-124.78979310099436,0.001947787445225672,0.02277462687634881,0.00010943214410004447,2.5799335245513912,-0.8514133670425414,-10.736320597076416
2026-09-11T16:30:38.084,6.215723071999946,-1136.966064453125,-102326.94580078125,-409307.783203125,-778.8217541503907,-14.975177001953126,-4.161576747894287,-2.8506800723075867,-6.376789710781101,-0.543144527392032,0.0,-0.026643753051757812,-218.265625,-9.591751098632812,0.0,0.0,328.92268633767526,1,1789158638.0415874,38.990802435,-76.93784770666667,-5.829000000000001,0,1,13.608721000000001,14.243076,116.877721,1,1,1789158638.0811436,-0.463373477899902,0.8825825341377204,0.07619981934799423,-0.02294946503345039,171.03423618526023,1.7253425025471725,-124.734537092833,0.0635289375750424,-0.06431590653476664,-0.013641144367737282,-1.6782120421791078,-1.1357081552314758,-8.614847967586517
2026-09-11T16:30:38.117,6.249129439999933,-1137.10546875,-102339.4921875,-409357.96875,-778.91724609375,-15.070668945312502,-4.162599563598633,-2.8513807010650636,-6.378356972675959,-0.02097291023906472,0.0,-0.027257919311523438,-223.296875,-9.812850952148438,-0.030517585575580597,-10.986330807209015,-328.8693582975924,1,1789158638.0415874,38.990802435,-76.93784770666667,-5.829000000000001,0,1,13.608721000000001,14.243076,116.877721,1,1,1789158638.1091437,-0.4636108881865881,0.8824131400285021,0.07686073834613641,-0.0224593312627183,170.9933579459049,1.812575408273945,-124.70881138377449,0.03445384663191926,-0.06687927160717072,0.0027345818720247157,1.792557583065033,0.4949416336631775,-12.249094451026917
2026-09-11T16:30:38.151,6.282531935999941,-1137.2445068359375,-102352.00561523438,-409408.0224609375,-779.0124871826173,-15.165910034179689,-4.163066387176514,-2.851700475215912,-6.379072287079253,-0.009573360950284068,0.0,-0.027286529541015625,-223.53125,-9.823150634765625,-0.015258789993822575,-5.493164397776127,164.45377044372944,1,1789158638.0415874,38.990802435,-76.93784770666667,-5.829000000000001,0,1,13.608721000000001,14.243076,116.877721,1,1,1789158638.1411436,-0.4644243596488414,0.8821367916764308,0.07539601330849646,-0.02145078349995325,171.1978446515503,1.8444657152131951,-124.61046245790514,0.12558656259065357,-0.053165172476700065,-0.006047391325235153,0.16975311429977416,-0.44669291486740115,-2.5321751382637023
2026-09-11T16:30:38.185,6.315942879999966,-1137.385009765625,-102364.65087890625,-409458.603515625,-779.1087316894532,-15.262154541015626,-4.138119220733643,-2.8346116662025453,-6.3408457100092654,0.5114733966617068,0.0,-0.031337738037109375,-256.71875,-11.281585693359375,0.01525880303233862,5.493169091641903,328.8243962639873,1,1789158638.0415874,38.990802435,-76.93784770666667,-5.829000000000001,0,1,13.608721000000001,14.243076,116.877721,1,1,1789158638.1811435,-0.4649806152464662,0.8816697596683917,0.07741902219822512,-0.02139526426966816,170.9959248054107,1.9638864908186142,-124.54153972464523,0.049443606912672564,-0.0547551674252669,-0.028035398307710114,-0.3327396399879456,-4.516060465984344,4.681498654212952
2026-09-11T16:30:38.217,6.349359679999907,-1137.52392578125,-102377.1533203125,-409508.61328125,-779.2038891601563,-15.35731201171875,-4.139317512512207,-2.835432496070862,-6.342681854131306,-0.024563389322682833,0.0,-0.034717559814453125,-284.40625,-12.498321533203125,-0.015258817933499813,-5.493174456059933,-328.7670736791459,1,1789158638.0415874,38.990802435,-76.93784770666667,-5.829000000000001,0,1,13.608721000000001,14.243076,116.877721,1,1,1789158638.2091436,-0.46560264067648066,0.8812625248342532,0.07820029500850312,-0.02180039399708874,170.8961596981728,1.9711795624667943,-124.45874320956155,-0.01741751327027741,-0.039997535935028854,-0.04292550028817454,0.5471130125236511,0.09463417406082154,-12.74305541967392
2026-09-11T16:30:38.250,6.3827616640001,-1137.6646728515625,-102389.82055664062,-409559.2822265625,-779.3003009033204,-15.453723754882814,-4.192989349365234,-2.8721977043151856,-6.4249232827379705,-1.1006893555817276,0.0,-0.03559684753417969,-291.609375,-12.814865112304688,-0.0610351599752903,-21.972657591104507,-493.368391977836,1,1789158638.0415874,38.990802435,-76.93784770666667,-5.829000000000001,0,1,13.608721000000001,14.243076,116.877721,1,1,1789158638.2411437,-0.4665777155026846,0.8808054582345644,0.07833299494128694,-0.018732913388558137,171.04851365578804,2.2979908763215415,-124.35803290647651,-0.009090896474862865,-0.10872092242985679,-0.030420914329335965,0.0923786445236206,-1.4384394457244873,-7.239955614910126
2026-09-11T16:30:38.284,6.4161648320000495,-1137.8016357421875,-102402.14721679688,-409608.5888671875,-779.3941204833985,-15.547543334960938,-4.142826557159424,-2.8378361916542056,-6.348058768016738,1.028690232645946,0.0,-0.034759521484375,-284.75,-12.513427734375,0.0,0.0,657.8016070552808,1,1789158638.0415874,38.990802435,-76.93784770666667,-5.829000000000001,0,1,13.608721000000001,14.243076,116.877721,1,1,1789158638.2811437,-0.4673982224753826,0.8803487445113781,0.0782265251702394,-0.020139523923935053,170.9862911481977,2.158628841182286,-124.2403626575008,0.05648461418106809,-0.07324361472456804,-0.01915394134308657,-0.6766588611602784,1.8837594295692446,-8.737823360614776
2026-09-11T16:30:38.318,6.449571456000058,-1137.941162109375,-102414.70458984375,-409658.818359375,-779.489696044922,-15.643118896484376,-4.195810317993164,-2.8741300678253174,-6.4292458568032265,-1.0864275351829233,0.0,-0.03531074523925781,-289.265625,-12.711868286132812,-0.0762939602136612,-27.46582567691803,-822.1670551598132,1,1789158638.0415874,38.990802435,-76.93784770666667,-5.829000000000001,0,1,13.608721000000001,14.243076,116.877721,1,1,1789158638.3091435,-0.4681464319518699,0.8798703047870571,0.07946336800055954,-0.01878132451857456,170.93502133911497,2.369897720989365,-124.15631258727402,0.025030464934551477,-0.057473168669397674,0.005399874172745256,-1.342432340641022,-0.45630343202590945,-12.709124410114288
2026-09-11T16:30:38.352,6.482983295999929,-1138.085693359375,-102427.71240234375,-409710.849609375,-779.588699951172,-15.742122802734377,-4.300933361053467,-2.946139352321625,-6.590326038657887,-2.1552026017299344,0.0,-0.033817291259765625,-277.03125,-12.174224853515625,0.1983642727136612,71.41113817691803,2959.339080224743,1,1789158638.0415874,38.990802435,-76.93784770666667,-5.829000000000001,0,1,13.608721000000001,14.243076,116.877721,1,1,1789158638.3411436,-0.46859111010208565,0.8795387414179218,0.08025133112312233,-0.019841817740323384,170.79927689065914,2.310036792573863,-124.09127205875562,-0.08647390858638584,-0.024178744259578246,0.02235173359859058,4.232844409313202,2.6622113194084167,-6.492590806083679
2026-09-11T16:30:38.385,6.516394239999954,-1138.239990234375,-102441.59912109375,-409766.396484375,-779.694393310547,-15.847816162109376,-4.5608229637146,-3.124163730144501,-6.988555230280283,-5.328325288346967,0.0,-0.02986907958984375,-244.6875,-10.75286865234375,0.04577639698982239,16.47950291633606,-1644.1210179676834,1,1789158638.0415874,38.990802435,-76.93784770666667,-5.829000000000001,0,1,13.608721000000001,14.243076,116.877721,1,1,1789158638.3811436,-0.4684323896048183,0.879106013201621,0.08535820963808406,-0.021393689940073783,170.1962716748488,2.427457784640452,-124.10629613689298,-0.09692005322542231,-0.08157616563943935,0.03251181877322517,-1.291830025806427,2.1537365085220337,-7.876211077404022
2026-09-11T16:30:38.417,6.5498031039999205,-1138.3955078125,-102455.595703125,-409822.3828125,-779.8009228515625,-15.954345703125002,-4.691443920135498,-3.2136390852928165,-7.188705899456006,-2.6781920854419217,0.0,-0.028852462768554688,-236.359375,-10.386886596679688,-0.030517585575580597,-10.986330807209015,-822.1121712959992,1,1789158638.0415874,38.990802435,-76.93784770666667,-5.829000000000001,0,1,13.608721000000001,14.243076,116.877721,1,1,1789158638.4091437,-0.468181749754495,0.8789791918790393,0.08762757575576118,-0.022865638142389323,169.88583798948184,2.3987825137824363,-124.12897408755876,-0.13084105083670772,-0.008946208679872536,0.04292043883334375,-0.9064286744499206,1.8947428777503967,-9.341716877574921
2026-09-11T16:30:38.451,6.5832053760000235,-1138.554931640625,-102469.94384765625,-409879.775390625,-779.9101281738282,-16.063551025390627,-4.7960896492004395,-3.285321409702301,-7.3490546924263995,-2.146031395985983,0.0,-0.028369903564453125,-232.40625,-10.213165283203125,-0.015258795581758022,-5.493166409432888,164.45481306658365,1,1789158638.0415874,38.990802435,-76.93784770666667,-5.829000000000001,0,1,13.608721000000001,14.243076,116.877721,1,1,1789158638.4411435,-0.46848651176029804,0.8786344512182425,0.08805334309917177,-0.027721800088477272,169.58298505478365,1.9363327923297184,-124.04358865109248,-0.06995314548578313,0.17283192731043928,0.03500798866942746,1.852083949546814,0.7397156217002868,-9.982483399143218
2026-09-11T16:30:38.486,6.616610655999921,-1138.715576171875,-102484.40185546875,-409937.607421875,-780.0201696777344,-16.173592529296876,-4.823087692260742,-3.303815069198609,-7.390423830526586,-0.553614862571563,0.0,-0.028108596801757812,-230.265625,-10.119094848632812,-0.0457763746380806,-16.479494869709015,-328.87999921898404,1,1789158638.0415874,38.990802435,-76.93784770666667,-5.829000000000001,0,1,13.608721000000001,14.243076,116.877721,1,1,1789158638.4811437,-0.46854072626202803,0.8785016541055486,0.08744463845435174,-0.03252486392368224,169.3869283496417,1.4208778690697905,-123.98634598100982,0.05749306542287041,0.18123376779661476,0.047525490064730794,-0.9614439818572998,1.2006281793022155,-8.713699001216888
2026-09-11T16:30:38.519,6.6500293440001315,-1138.8818359375,-102499.365234375,-409997.4609375,-780.1340576171875,-16.28748046875,-4.875604629516602,-3.3397891712188725,-7.470895604909781,-1.0764666171226374,0.0,-0.027557373046875,-225.75,-9.920654296875,0.0,0.0,493.12213781717253,1,1789158638.0415874,38.990802435,-76.93784770666667,-5.829000000000001,0,1,13.608721000000001,14.243076,116.877721,1,1,1789158638.5091436,-0.46896414860328645,0.878176444445725,0.08721774260084038,-0.03566265723516554,169.24157811284968,1.0983000275865382,-123.89716678573508,0.08451931435707741,0.23111929207589232,0.039744812259340075,-1.1805245464706422,1.2935952228355407,-9.923839631175994
2026-09-11T16:30:38.552,6.683446336000088,-1139.048828125,-102514.39453125,-410057.578125,-780.248447265625,-16.401870117187503,-5.059213161468506,-3.465561015605927,-7.752239208137802,-3.763709324502253,0.0,-0.02230072021484375,-182.6875,-8.02825927734375,0.1525879204273224,54.93165135383606,1643.8239370529573,1,1789158638.0415874,38.990802435,-76.93784770666667,-5.829000000000001,0,1,13.608721000000001,14.243076,116.877721,1,1,1789158638.5411437,-0.4692353361272693,0.8780697128722543,0.08596015485744758,-0.03771777356696837,169.25872330417747,0.8270024851145609,-123.8381738492532,0.23555190477718232,0.23423732278458018,0.04944831930165294,-1.3632224389839172,1.0749069242286682,-9.767619694099427
2026-09-11T16:30:38.584,6.716849983999964,-1139.2191162109375,-102529.72045898438,-410118.8818359375,-780.3650946044922,-16.51851745605469,-5.137975215911865,-3.519513022899628,-7.872926411282266,-1.6151531501559808,0.0,-0.0042324066162109375,-34.671875,-1.5236663818359375,1.0528565645217896,379.02836322784424,9702.434652503012,1,1789158638.0415874,38.990802435,-76.93784770666667,-5.829000000000001,0,1,13.608721000000001,14.243076,116.877721,1,1,1789158638.5811436,-0.46768098172245265,0.878871312400936,0.08492759943415652,-0.040583474815875,169.2078199108461,0.4642580342832669,-124.0055579683652,0.1768802185104401,0.03699906028010259,0.11849284637884783,2.612785802593231,-0.29125750980377196,2.4949098676490786
2026-09-11T16:30:38.618,6.750261760000058,-1139.3929443359375,-102545.36499023438,-410181.4599609375,-780.4841668701173,-16.63758972167969,-5.139215469360352,-3.5203625965118412,-7.874826853328197,-0.02542737064354207,0.0,0.018110277131199837,148.35939025878906,6.519699767231941,0.13732922077178955,49.43851947784424,-9864.481425623011,1,1789158638.0415874,38.990802435,-76.93784770666667,-5.829000000000001,0,1,13.608721000000001,14.243076,116.877721,1,1,1789158638.6091437,-0.465874711544079,0.8796658043496826,0.08642969972940183,-0.04097234196665544,169.03313665184896,0.4839767050920368,-124.23469530564176,-0.035144124351083016,0.06557498705715535,0.18704815766670868,-3.775462245769501,-1.7685312901687622,-10.20813441936493
2026-09-11T16:30:38.651,6.783667136000076,-1139.5721435546875,-102561.49291992188,-410245.9716796875,-780.606918334961,-16.760341186523437,-5.29665470123291,-3.6282084703445436,-8.11607120245289,-3.228398741347551,0.0,0.0466003455221653,381.7500305175781,16.776124387979507,0.7781983613967896,280.15141010284424,6906.459925039315,1,1789158638.0415874,38.990802435,-76.93784770666667,-5.829000000000001,0,1,13.608721000000001,14.243076,116.877721,1,1,1789158638.6411436,-0.46189203844931276,0.8818166367444801,0.08523937779354054,-0.04230144738850493,169.08164385408065,0.23712154073427286,-124.73192591610974,-0.0982133422011501,0.05789885447395909,0.3459291446671817,2.958274087791443,-0.09306511003494262,-16.992080801753996
2026-09-11T16:30:38.686,6.817075520000117,-1139.7542724609375,-102577.88452148438,-410311.5380859375,-780.7316766357422,-16.88509948730469,-5.402938365936279,-3.7010127806663515,-8.278929806429732,-2.1792227460544047,0.0,0.056646350771188736,464.0469055175781,20.392686277627945,0.9155274629592896,329.58988666534424,1479.822447037257,1,1789158638.0415874,38.990802435,-76.93784770666667,-5.829000000000001,0,1,13.608721000000001,14.243076,116.877721,1,1,1789158638.6811435,-0.4550774903712262,0.8854682824561598,0.08480294791076776,-0.040729087237603205,169.20749512172202,0.2896426048807948,-125.62647916348259,0.034630648485146284,0.03628172995753293,0.43049174318970856,-0.9197657186698913,-3.213639258003235,-18.47465017320633
2026-09-11T16:30:38.720,6.850493791999952,-1139.9339599609375,-102594.05639648438,-410376.2255859375,-780.8547625732423,-17.00818542480469,-5.3774566650390625,-3.683557815551758,-8.239884161488355,0.5223180035963403,0.0,0.07793427258729935,638.4375610351562,28.056338131427765,0.13732922077178955,49.43851947784424,-8383.17933341619,1,1789158638.0415874,38.990802435,-76.93784770666667,-5.829000000000001,0,1,13.608721000000001,14.243076,116.877721,1,1,1789158638.7091436,-0.44956329831949204,0.8881560249678246,0.08680024035832842,-0.0392101312314652,169.0795529740907,0.48100235042859346,-126.35109848418591,-0.08588328916751096,-0.09979914835951216,0.47242135860669515,2.39900082906723,-4.3007064284324645,-4.928430105285645
2026-09-11T16:30:38.752,6.883901919999971,-1140.1046142578125,-102609.41528320312,-410437.6611328125,-780.9716607666016,-17.125083618164062,-5.115612030029297,-3.504194240570069,-7.838659271139193,5.368860385759615,0.0,0.0776672437787056,636.2500610351562,27.960207760334015,0.04577639698982239,16.47950291633606,-986.5568211870268,1,1789158638.0415874,38.990802435,-76.93784770666667,-5.829000000000001,0,1,13.608721000000001,14.243076,116.877721,1,1,1789158638.7411437,-0.4438968276585019,0.8912172305180653,0.08405829474351957,-0.04026980888009521,169.30502511502277,0.16318580062660326,-127.06138716442531,-0.04313389260086266,0.10491435933125713,0.44074153828789564,5.145451273365021,-5.179872615432739,-10.985213378181458
2026-09-11T16:30:38.785,6.917309471999943,-1140.2728271484375,-102624.55444335938,-410498.2177734375,-781.0868865966797,-17.24030944824219,-5.089785575866699,-3.486503119468689,-7.799085360300388,0.5295545480672998,0.0,0.07478905469179153,612.6719360351562,26.924059689044952,-0.045776382088661194,-16.47949755191803,-986.5733492918677,1,1789158638.0415874,38.990802435,-76.93784770666667,-5.829000000000001,0,1,13.608721000000001,14.243076,116.877721,1,1,1789158638.7811437,-0.43699079050939055,0.894794197182746,0.08113290320308182,-0.04242458857669891,169.49769380143601,-0.2872758443970766,-127.91459109662753,0.03021252201664784,0.20592843138308256,0.39197634085547334,2.755080296440125,0.7190235898590087,-13.175822891311647
2026-09-11T16:30:38.819,6.950727072000063,-1140.440185546875,-102639.61669921875,-410558.466796875,-781.2015270996094,-17.354949951171875,-5.038880825042725,-3.4516333651542666,-7.721083941379435,1.0434547757557857,0.0,0.06799126416444778,556.9844360351562,24.476855099201202,-0.2899170219898224,-104.37012791633606,-2630.070093726076,1,1789158638.0415874,38.990802435,-76.93784770666667,-5.829000000000001,0,1,13.608721000000001,14.243076,116.877721,1,1,1789158638.8091435,-0.4322970941180793,0.8971706419620322,0.07906634069573326,-0.04418795523087175,169.6251492380021,-0.6261392327965402,-128.48944519823235,-0.07329859259600585,0.04845540149019337,0.36365069429315655,-0.507101879863739,-1.2625081418228148,-7.978886704597473
2026-09-11T16:30:38.854,6.984146208000084,-1140.607421875,-102654.66796875,-410618.671875,-781.316083984375,-17.4695068359375,-4.98797082901001,-3.416760017871857,-7.643074485217997,1.0435143291073807,0.0,0.06026840955018997,493.71881103515625,21.69662743806839,-0.3204346001148224,-115.35645604133606,-328.7436313432304,1,1789158638.0415874,38.990802435,-76.93784770666667,-5.829000000000001,0,1,13.608721000000001,14.243076,116.877721,1,1,1789158638.8491435,-0.4265186375479898,0.8999658341266181,0.0789852998385301,-0.04364254390390986,169.66471686943177,-0.6403619588558344,-129.2269586125956,0.027381248904062638,0.019328299735360804,0.3448088178203266,3.367015266532898,-1.371754224624634,-9.496563883628845
2026-09-11T16:30:38.887,7.017548256000055,-1140.769775390625,-102669.27978515625,-410677.119140625,-781.4272961425781,-17.580718994140625,-4.832960605621338,-3.3105780148506168,-7.405552109096754,3.1789069646667447,0.0,0.050245292484760284,411.60943603515625,18.088305294513702,-0.2441406548023224,-87.89063572883606,822.2795294625047,1,1789158638.0415874,38.990802435,-76.93784770666667,-5.829000000000001,0,1,13.608721000000001,14.243076,116.877721,1,1,1789158638.8811436,-0.42260901913965326,0.902040948481425,0.07605132965894346,-0.044044743859604406,169.9533270697429,-0.8698045065289512,-129.7170678387225,0.08332882527429207,0.05284176296630552,0.31575432176237694,0.3477438147354126,-0.8007129857063293,-8.470494077205657
2026-09-11T16:30:38.920,7.050948320000089,-1140.928955078125,-102683.60595703125,-410734.423828125,-781.5363342285157,-17.689757080078127,-4.782628059387207,-3.276100220680237,-7.328427480047051,1.03226730854002,0.0,0.04740334302186966,388.32818603515625,17.065203487873077,0.0610351599752903,21.972657591104507,3289.3138563994553,1,1789158638.0415874,38.990802435,-76.93784770666667,-5.829000000000001,0,1,13.608721000000001,14.243076,116.877721,1,1,1789158638.9091437,-0.41972525755605056,0.9036551638573542,0.07340022796491993,-0.0430169680259225,170.28255086228867,-0.9241723761303086,-130.09405638066175,0.07271390729658776,0.011745891332996639,0.29125007359730176,-0.009904716663360597,-0.743834414768219,-11.412391059226989
2026-09-11T16:30:38.954,7.0843513279999115,-1141.086181640625,-102697.75634765625,-410791.025390625,-781.6440344238282,-17.797457275390627,-4.705876350402832,-3.22352530002594,-7.210820731983573,1.573957670356392,0.0,0.04676056653261185,383.06256103515625,16.833803951740265,-0.061035171151161194,-21.97266161441803,-1315.6096362865153,1,1789158638.0415874,38.990802435,-76.93784770666667,-5.829000000000001,0,1,13.608721000000001,14.243076,116.877721,1,1,1789158638.9491436,-0.4157861631738945,0.9056778762439329,0.07185391755488087,-0.04130938788492476,170.5304484899541,-0.8637246488902953,-130.6098516718289,0.03796335469182946,-0.056966674120468914,0.26795202247827987,-0.32008906127929687,-0.22672975173950197,-8.845990711898803
2026-09-11T16:30:38.987,7.117771520000133,-1141.2459716796875,-102712.13745117188,-410848.5498046875,-781.753490600586,-17.906913452148437,-4.758949279785156,-3.259880256652832,-7.292144453858332,-1.0878141162878774,0.0,0.047666557133197784,390.48443603515625,17.159960567951202,0.0,0.0,657.4666481351273,1,1789158638.0415874,38.990802435,-76.93784770666667,-5.829000000000001,0,1,13.608721000000001,14.243076,116.877721,1,1,1789158638.9811437,-0.41246955747809244,0.907233319759443,0.07189989746921087,-0.04033574613173745,170.57535761614855,-0.7949945920511297,-131.03705472057766,-0.005458168169761867,-0.07531392428328372,0.30826162328356527,-0.03736333711624146,0.17308737535476684,-7.142967844810486
2026-09-11T16:30:39.020,7.151189343999931,-1141.404052734375,-102726.36474609375,-410905.458984375,-781.861776123047,-18.015198974609376,-4.786545753479004,-3.278783841133118,-7.334430568032199,-0.5656737099459256,0.0,0.04729653149843216,387.45318603515625,17.026751339435577,0.0305175818502903,10.986329466104507,328.7565781114548,1,1789158638.0415874,38.990802435,-76.93784770666667,-5.829000000000001,0,1,13.608721000000001,14.243076,116.877721,1,1,1789158639.0091436,-0.4092672812019018,0.908567108411322,0.0733120112772224,-0.04039122495271537,170.42756984376882,-0.7670908968456548,-131.43706619882897,-0.06265627294904523,-0.06043673773928404,0.28724628829322674,-0.09502644006729127,0.2026053923416138,-10.822619118499755
2026-09-11T16:30:39.054,7.184597087999919,-1141.565673828125,-102740.91064453125,-410963.642578125,-781.9724865722657,-18.125909423828126,-4.787510871887207,-3.279444947242737,-7.335909420281705,-0.019789007890480183,0.0,0.043455131351947784,355.98443603515625,15.643847286701202,-0.2441406548023224,-87.89063572883606,-2959.701953983423,1,1789158639.0366335,38.990806155,-76.93782838999999,-5.934000000000001,0,1,16.410601,37.197801000000005,134.304921,1,1,1789158639.0491436,-0.40457394842037314,0.9107824421054114,0.07159307700943358,-0.040861898345197725,170.5900655533445,-0.9456072907146293,-132.02012660520722,-0.021458299554494683,-0.046603258087976995,0.26894144963123545,0.46640428169250486,0.06560648958206176,-8.88923803911209
2026-09-11T16:30:39.087,7.218003008000096,-1141.7237548828125,-102755.13793945312,-411020.5517578125,-782.0807720947266,-18.234194946289065,-4.762369155883789,-3.262222871780396,-7.297384734655495,0.5155396247805659,0.0,0.03823090344667435,313.18756103515625,13.763125240802765,-0.1831054985523224,-65.91797947883606,657.7473768087586,1,1789158639.0366335,38.990806155,-76.93782838999999,-5.934000000000001,0,1,16.410601,37.197801000000005,134.304921,1,1,1789158639.0811436,-0.40132225066999544,0.912382685752885,0.06998628523195542,-0.04000257160425039,170.80244814754636,-0.9638292473100206,-132.4367548140043,0.002281668931132187,-0.002769837522915001,0.2522428374798545,-0.03226387903213501,-0.18887608211517334,-11.112994029788972
2026-09-11T16:30:39.120,7.251407680000057,-1141.8802490234375,-102769.22241210938,-411076.8896484375,-782.1879705810547,-18.34139343261719,-4.737020492553711,-3.244859037399292,-7.258542943359181,0.5198025707638825,0.0,0.030654914677143097,251.12506103515625,11.035769283771515,-0.2593994438648224,-93.38379979133606,-822.2149378545741,1,1789158639.0366335,38.990806155,-76.93782838999999,-5.934000000000001,0,1,16.410601,37.197801000000005,134.304921,1,1,1789158639.1091437,-0.3988492965670047,0.9133428596071193,0.07092580671240156,-0.04115324258051326,170.65289317551574,-1.0655695094537743,-132.7318929051355,-0.008092917208572506,0.032169385173983885,0.22131263607478657,0.21309850801467894,1.0093985011482238,-11.226653105163575
2026-09-11T16:30:39.154,7.2848101760000645,-1142.03759765625,-102783.3837890625,-411133.53515625,-782.2957543945313,-18.44917724609375,-4.7373175621032715,-3.2450625300407414,-7.258998143434005,-0.006092138786554076,0.0,0.020551688969135284,168.35943603515625,7.398608028888702,-0.2899170219898224,-104.37012791633606,-328.90740036305687,1,1789158639.0366335,38.990806155,-76.93782838999999,-5.934000000000001,0,1,16.410601,37.197801000000005,134.304921,1,1,1789158639.1491437,-0.3956573138819473,0.9146781664918545,0.07192598748431715,-0.04056838719036599,170.57797991097,-0.9911489626060865,-133.1351267090669,0.0064941956137457004,0.015229044921201721,0.2042199285783053,-0.10306789319992066,1.2742761220169068,-8.979949553108215
2026-09-11T16:30:39.187,7.318398880000132,-1142.1983642578125,-102797.85278320312,-411191.4111328125,-782.4058795166017,-18.559302368164065,-4.7377519607543945,-3.2453600931167603,-7.259663773077928,-0.008859022248024807,0.0,0.016662605106830597,136.50006103515625,5.998537838459015,-0.0305175818502903,-10.986329466104507,2780.2143973773163,1,1789158639.0366335,38.990806155,-76.93782838999999,-5.934000000000001,0,1,16.410601,37.197801000000005,134.304921,1,1,1789158639.1811435,-0.39273257778643883,0.9157025596526566,0.0737427505647354,-0.04256702162401338,170.2981277475356,-1.1480034988290966,-133.4748768860252,-0.009194743565356525,0.016561254739248993,0.24049345548835388,-0.6265468788337708,0.8251315446090699,-0.8323884657287597
2026-09-11T16:30:39.221,7.351807616000087,-1142.3612060546875,-102812.50854492188,-411250.0341796875,-782.517426147461,-18.670848999023438,-4.81730318069458,-3.2998526787757876,-7.381560215586489,-1.631087918414496,0.0,0.016523368656635284,135.35943603515625,5.948412716388702,-0.0610351599752903,-21.972657591104507,-328.84596786345196,1,1789158639.0366335,38.990806155,-76.93782838999999,-5.934000000000001,0,1,16.410601,37.197801000000005,134.304921,1,1,1789158639.2131436,-0.3901648794062271,0.9167726177862112,0.07417401283455449,-0.04239752322201158,170.26341157942608,-1.1378307227983961,-133.79531068867556,0.06098965804631585,-0.04478794113297769,0.13635646580593497,-3.7196624063491823,-3.1136114263534544,-13.50405147222519
2026-09-11T16:30:39.254,7.385205631999952,-1142.5157470703125,-102826.41723632812,-411305.6689453125,-782.6232867431642,-18.776709594726565,-4.688352584838867,-3.211521520614624,-7.183969042176585,2.644802558377168,0.0,0.016521461308002472,135.34381103515625,5.94772607088089,0.0762939602136612,27.46582567691803,1480.2820403530254,1,1789158639.0366335,38.990806155,-76.93782838999999,-5.934000000000001,0,1,16.410601,37.197801000000005,134.304921,1,1,1789158639.2491436,-0.3875041017449433,0.9181403690161386,0.07135114269385726,-0.042045788731265916,170.58142215271363,-1.255459645344596,-134.13190694248573,0.04360094270869634,-0.020341114300293114,0.2036996459282858,-2.5175632295227053,-0.03755947011947632,-12.137004439678192
2026-09-11T16:30:39.287,7.4186113920000025,-1142.6737060546875,-102840.63354492188,-411362.5341796875,-782.731488647461,-18.88491149902344,-4.740694522857666,-3.2473757481575016,-7.2641726649908245,-1.0732947714053862,0.0,0.01700020581483841,139.26568603515625,6.120074093341827,0.015258817933499813,5.493174456059933,-657.7503766064544,1,1789158639.0366335,38.990806155,-76.93782838999999,-5.934000000000001,0,1,16.410601,37.197801000000005,134.304921,1,1,1789158639.2811437,-0.38463995590022615,0.9193082117648371,0.0715223044139756,-0.042533234983058964,170.54539137894528,-1.3283286855811485,-134.48113216946643,-0.007808079474647032,-0.0039671333897831115,0.22482406399687396,0.03912853414535522,1.7503889873695375,-7.954075879688263
2026-09-11T16:30:39.321,7.452028928000118,-1142.834716796875,-102855.12451171875,-411420.498046875,-782.8417810058594,-18.995203857421878,-4.7674431800842285,-3.265698578357697,-7.305159668838791,-0.5482998567019398,0.0,0.017080314457416534,139.92193603515625,6.148913204669952,-0.1678466945886612,-60.42481005191803,-1972.5566992057782,1,1789158639.0366335,38.990806155,-76.93782838999999,-5.934000000000001,0,1,16.410601,37.197801000000005,134.304921,1,1,1789158639.3091435,-0.3826384741295406,0.9201845765881168,0.07202811368763011,-0.04074425068358832,170.5741378222822,-1.1381413235852695,-134.74835212438398,0.06335388105106737,-0.04448565010653227,0.2375588588840506,-0.4344346021652222,0.2810585936355591,-8.101371765117646
2026-09-11T16:30:39.355,7.485435999999936,-1142.9967041015625,-102869.70336914062,-411478.8134765625,-782.9527423095703,-19.106165161132814,-4.846438407897949,-3.3198103094100957,-7.42620416385579,-1.619768743956176,0.0,0.017505653202533722,143.40631103515625,6.30203515291214,-0.0610351599752903,-21.972657591104507,1151.0183371060753,1,1789158639.0366335,38.990806155,-76.93782838999999,-5.934000000000001,0,1,16.410601,37.197801000000005,134.304921,1,1,1789158639.3491435,-0.37932749500888646,0.921567686418721,0.07238141057978897,-0.039806812000073334,170.5819794488216,-1.05755822264796,-135.16766325587855,0.03426081321664869,-0.06662515166808035,0.22652820347852123,-0.4107025087738037,0.14425582387924196,-8.962885981826782
2026-09-11T16:30:39.388,7.518859455999973,-1143.156982421875,-102884.12841796875,-411536.513671875,-783.0625329589844,-19.215955810546877,-4.796355247497559,-3.2855033445358277,-7.349461669058304,1.026433797696749,0.0,0.017127998173236847,140.31256103515625,6.166079342365265,-0.0457763709127903,-16.479493528604507,164.3505705243033,1,1789158639.0366335,38.990806155,-76.93782838999999,-5.934000000000001,0,1,16.410601,37.197801000000005,134.304921,1,1,1789158639.3811436,-0.37667231265496653,0.922859941053403,0.07046278435947104,-0.038503169978322434,170.84612581713992,-1.0304231072871632,-135.51110729359286,-0.02645727159805684,-0.07895660096512108,0.21648610256132148,-0.4462025823593139,0.16004453063964844,-12.070319218578339
2026-09-11T16:30:39.421,7.552266720000034,-1143.3179931640625,-102898.61938476562,-411594.4775390625,-783.1728253173828,-19.326248168945312,-4.8494439125061035,-3.3218690800666812,-7.4308095026545224,-1.0885577319587374,0.0,0.01636696606874466,134.07818603515625,5.892107784748077,-0.0457763709127903,-16.479493528604507,0.0,1,1789158639.0366335,38.990806155,-76.93782838999999,-5.934000000000001,0,1,16.410601,37.197801000000005,134.304921,1,1,1789158639.4091437,-0.37438216680869696,0.9237423253833719,0.07150273515027386,-0.037755374941527815,170.77039829318005,-0.9290217484633698,-135.8007135630192,0.0018586011204487615,-0.024923301718479025,0.2016024582990894,-1.2819253091430665,1.2861421687126158,-10.921372085628509
2026-09-11T16:30:39.455,7.585666495999931,-1143.4791259765625,-102913.12133789062,-411652.4853515625,-783.2832012939454,-19.436624145507814,-4.851045608520508,-3.322966241836548,-7.433263783635792,-0.032849375093723994,0.0,0.015609748661518097,127.87506103515625,5.619509518146515,-0.1068115308880806,-38.452151119709015,-657.86841178733,1,1789158639.0366335,38.990806155,-76.93782838999999,-5.934000000000001,0,1,16.410601,37.197801000000005,134.304921,1,1,1789158639.4491436,-0.37168309027571134,0.9247612922260867,0.07168110124769936,-0.03911588586946089,170.69542530691427,-1.0921470631474792,-136.11843653326736,0.017482439518451603,-0.009641547853867076,0.18897430302920962,0.512103271446228,0.7439324812698364,-9.277777518520354
2026-09-11T16:30:39.488,7.619089823999957,-1143.64208984375,-102927.7880859375,-411711.15234375,-783.3948315429689,-19.548254394531252,-4.825765609741211,-3.30564944267273,-7.39452720712403,0.518105173841598,0.0,0.014127738773822784,115.73443603515625,5.085985958576202,-0.015258789993822575,-5.493164397776127,986.1072698058979,1,1789158639.0366335,38.990806155,-76.93782838999999,-5.934000000000001,0,1,16.410601,37.197801000000005,134.304921,1,1,1789158639.4811437,-0.3699149997052332,0.925384060840108,0.07294038770689776,-0.03881923205469175,170.57586317520358,-1.0246125945659372,-136.33819874434664,0.016031547311268716,-0.042862144836327144,0.20439166897670155,-0.26585828588485716,0.23790933292388916,-9.431741926059724
2026-09-11T16:30:39.521,7.65250947200002,-1143.806396484375,-102942.57568359375,-411770.302734375,-783.507381591797,-19.66080444335938,-4.90415620803833,-3.359347002506256,-7.514645227510408,-1.606766170410454,0.0,0.013776786625385284,112.85943603515625,4.959643185138702,0.0457763746380806,16.479494869709015,657.4772800552491,1,1789158639.0366335,38.990806155,-76.93782838999999,-5.934000000000001,0,1,16.410601,37.197801000000005,134.304921,1,1,1789158639.5091436,-0.3682817422210413,0.9258994978302555,0.07480780590624118,-0.038502862748232815,170.39174972346743,-0.9281671575500708,-136.54105460854024,-0.011212169647736773,-0.0358890308758342,0.18747297080664413,-1.4338303201484681,0.7903179365348816,-12.078458738212586
2026-09-11T16:30:39.555,7.685915071999943,-1143.96923828125,-102957.2314453125,-411828.92578125,-783.6189282226563,-19.77235107421875,-4.9043684005737305,-3.3594923543930055,-7.514970370420995,-0.0043511233670309344,0.0,0.013610847294330597,111.50006103515625,4.899905025959015,0.0,0.0,-493.3153384386653,1,1789158639.0366335,38.990806155,-76.93782838999999,-5.934000000000001,0,1,16.410601,37.197801000000005,134.304921,1,1,1789158639.5491436,-0.36521327123186476,0.9270282925747635,0.07618922560837034,-0.03785516058922635,170.27453861601245,-0.832822171536093,-136.92410474528288,-0.01668901284049498,-0.041207049106660926,0.18981956598595048,-0.9680144374656677,1.26613660238266,-8.816766894416808
2026-09-11T16:30:39.588,7.719321920000084,-1144.1337890625,-102972.041015625,-411888.1640625,-783.7316455078126,-19.885068359375,-4.931101322174072,-3.37780440568924,-7.555933262547503,-0.5481526211678871,0.0,0.013824470341205597,113.25006103515625,4.976809322834015,0.0,0.0,0.0,1,1789158639.0366335,38.990806155,-76.93782838999999,-5.934000000000001,0,1,16.410601,37.197801000000005,134.304921,1,1,1789158639.5811436,-0.3627845069292114,0.9277390283497551,0.079430935633443,-0.037127123147066746,169.96023092380312,-0.6449312845475615,-137.22822316631016,0.0045382051210356555,-0.03652817044791452,0.20356141585152784,-1.8543394790840149,1.9196517691612245,-10.761523687992096
2026-09-11T16:30:39.621,7.7527288000001136,-1144.3011474609375,-102987.10327148438,-411948.4130859375,-783.8462860107422,-19.99970886230469,-5.010239124298096,-3.4320138001441958,-7.677196224374088,-1.622701505046506,0.0,0.013946540653705597,114.25006103515625,5.020754635334015,0.0,0.0,0.0,1,1789158639.0366335,38.990806155,-76.93782838999999,-5.934000000000001,0,1,16.410601,37.197801000000005,134.304921,1,1,1789158639.6091437,-0.36059539714214883,0.9283588657808142,0.08186000547166121,-0.03767911079412294,169.67826477217397,-0.6258422557671258,-137.4889019764884,-0.005936911983583912,-0.009378875801441929,0.2121833423563798,-1.5277780286979676,1.3567500498771667,-9.345639537639618
2026-09-11T16:30:39.656,7.786135007999974,-1144.4700927734375,-103002.30834960938,-412009.2333984375,-783.9620135498047,-20.115436401367187,-5.036670207977295,-3.450119092464447,-7.717696609843512,-0.5419738846242922,0.0,0.014354713261127472,117.59381103515625,5.16769677400589,-0.0762939527630806,-27.465822994709015,-822.1772131342742,1,1789158639.0366335,38.990806155,-76.93782838999999,-5.934000000000001,0,1,16.410601,37.197801000000005,134.304921,1,1,1789158639.6491437,-0.3573659074421326,0.9297199666123989,0.08070632838113907,-0.037374863739372495,169.81693049093278,-0.6768469802000252,-137.88815434480085,0.11077796748625729,-0.019367918709381073,0.22635471775087299,-1.7338157485961916,1.1173697194290162,-8.968181572914123
2026-09-11T16:30:39.688,7.819556767999984,-1144.639892578125,-103017.59033203125,-412070.361328125,-784.0783264160157,-20.231749267578127,-5.089578151702881,-3.4863610339164737,-7.79876752397206,-1.0843815960624301,0.0,0.015045173466205597,123.25006103515625,5.416262447834015,0.0,0.0,821.7946330384949,1,1789158639.0366335,38.990806155,-76.93782838999999,-5.934000000000001,0,1,16.410601,37.197801000000005,134.304921,1,1,1789158639.6811435,-0.3544426567626997,0.9306203543544233,0.08269295658558416,-0.038445208536063626,169.5615067768019,-0.7411968556243868,-138.23191398523537,0.028080776868261968,0.018479546120115962,0.22437603797788702,-0.7331451660919189,2.4189083288955686,-9.646409498100281
2026-09-11T16:30:39.722,7.852964032000045,-1144.8162841796875,-103033.46557617188,-412133.8623046875,-784.199154663086,-20.352577514648438,-5.246825695037842,-3.594075601100922,-8.039718148489884,-3.2242858075492395,0.0,0.015171058475971222,124.28131103515625,5.46158105134964,0.030517593026161194,10.98633348941803,328.8606181397513,1,1789158639.0366335,38.990806155,-76.93782838999999,-5.934000000000001,0,1,16.410601,37.197801000000005,134.304921,1,1,1789158639.7091436,-0.3516465931536882,0.9315418275503251,0.08338977138096394,-0.0402572114860866,169.4146910410904,-0.9371196812163513,-138.55126673249887,0.08250991678925633,0.03265947362794389,0.24332071434365948,-0.237419000415802,1.6508514882278442,-11.76140973848343
2026-09-11T16:30:39.756,7.886368991999916,-1144.998046875,-103049.82421875,-412199.296875,-784.323662109375,-20.4770849609375,-5.42977237701416,-3.7193940782547,-8.32004759810016,-3.751493106241197,0.0,0.014801032841205597,121.25006103515625,5.328371822834015,0.015258789993822575,5.493164397776127,-164.44172038113996,1,1789158639.0366335,38.990806155,-76.93782838999999,-5.934000000000001,0,1,16.410601,37.197801000000005,134.304921,1,1,1789158639.7491436,-0.34735665865757087,0.9328715909715428,0.0859564285387489,-0.04129695917780298,169.10028378407415,-0.9932402508801454,-139.0593997675291,0.06748420272591195,0.01817201910591456,0.24864833188537214,-1.0703958651542664,2.49942092672348,-9.325830104312896
2026-09-11T16:30:39.789,7.919778528000052,-1145.184814453125,-103066.63330078125,-412266.533203125,-784.4515979003907,-20.605020751953127,-5.587358474731445,-3.82734055519104,-8.561516989958474,-3.231007965387549,0.0,0.016530998051166534,135.42193603515625,5.951159298419952,0.0,0.0,-164.41905681521067,1,1789158639.0366335,38.990806155,-76.93782838999999,-5.934000000000001,0,1,16.410601,37.197801000000005,134.304921,1,1,1789158639.7811437,-0.3438923896025267,0.933992081992212,0.08799434323852338,-0.04066707153629642,168.90915455834374,-0.8849269966725208,-139.4870451973693,0.03945142241207983,-0.0016400858980990714,0.26531168838586283,-0.595459797821045,1.8238407970809938,-13.130025835056305
2026-09-11T16:30:39.822,7.953195360000109,-1145.3743896484375,-103083.69506835938,-412334.7802734375,-784.5814569091798,-20.73487976074219,-5.666390895843506,-3.8814777636528017,-8.682618476317103,-1.6200580731790755,0.0,0.018096931278705597,148.25006103515625,6.514895260334015,0.0,0.0,0.0,1,1789158639.0366335,38.990806155,-76.93782838999999,-5.934000000000001,0,1,16.410601,37.197801000000005,134.304921,1,1,1789158639.8131437,-0.34054166829730703,0.9351846391567087,0.08763287761689594,-0.04220831196820508,168.89024932516517,-1.1035756262327632,-139.8751081687898,0.08838155345881565,0.045844388929209855,0.2739105765445885,-0.2894923127746582,0.9307491668510437,-10.07750983921051
2026-09-11T16:30:39.856,7.986605631999964,-1145.5657958984375,-103100.92163085938,-412403.6865234375,-784.7125701904298,-20.86599304199219,-5.71949577331543,-3.91785460472107,-8.763991152293006,-1.088792125620093,0.0,0.01873207837343216,153.45318603515625,6.743548214435577,0.030517593026161194,10.98633348941803,328.831010099695,1,1789158639.0366335,38.990806155,-76.93782838999999,-5.934000000000001,0,1,16.410601,37.197801000000005,134.304921,1,1,1789158639.8491435,-0.3365749539631605,0.9367427356978792,0.08738423415634534,-0.03992922617405409,169.01127624076506,-0.915862530963174,-140.384819411462,0.10380014113678396,-0.004880289654426544,0.2814805931092635,-1.1188407169532775,0.6269391448402405,-7.876995609416961
2026-09-11T16:30:39.889,8.020011199999999,-1145.757080078125,-103118.13720703125,-412472.548828125,-784.8435998535157,-20.997022705078127,-5.745264053344727,-3.935505876541138,-8.803475922828234,-0.5283931056059206,0.0,0.018856056034564972,154.46881103515625,6.78818017244339,0.030517607927322388,10.98633885383606,0.00016058454775502053,1,1789158639.0366335,38.990806155,-76.93782838999999,-5.934000000000001,0,1,16.410601,37.197801000000005,134.304921,1,1,1789158639.8811436,-0.3328503554955609,0.9380897728256801,0.08633154643430228,-0.04177419127409427,169.05748252190614,-1.1978504494599347,-140.81414509165066,0.05945219750823404,0.011711333813807151,0.2763728870533021,0.2613472268104553,-0.042462795200347896,-8.082935262813569
2026-09-11T16:30:39.922,8.053415328000028,-1145.950927734375,-103135.58349609375,-412542.333984375,-784.976385498047,-21.129808349609377,-5.798305034637451,-3.9718389487266546,-8.884750690601848,-1.0876821028073185,0.0,0.018583305180072784,152.23443603515625,6.689989864826202,0.030517585575580597,10.986330807209015,-0.00024088720545768153,1,1789158639.0366335,38.990806155,-76.93782838999999,-5.934000000000001,0,1,16.410601,37.197801000000005,134.304921,1,1,1789158639.9091437,-0.3299168626966232,0.939243574772061,0.08530102573824513,-0.041232341260476826,169.19392950321213,-1.2130382378559106,-141.1767941166742,0.014740701796493708,-0.0025663321321324623,0.29509503393944525,0.27752819957733155,0.27939146310806273,-9.158332519550324
2026-09-11T16:30:39.956,8.086815743999978,-1146.145263671875,-103153.07373046875,-412612.294921875,-785.1095056152344,-21.262928466796875,-5.798585891723633,-3.972031335830689,-8.885181048296985,-0.005760021193587643,0.0,0.018600471317768097,152.37506103515625,6.696169674396515,0.015258795581758022,5.493166409432888,-164.46395152037738,1,1789158639.0366335,38.990806155,-76.93782838999999,-5.934000000000001,0,1,16.410601,37.197801000000005,134.304921,1,1,1789158639.9491436,-0.325490188551828,0.9409051708920478,0.08466616220753231,-0.03981504140585424,169.32249455936937,-1.1350088843822537,-141.72954303277368,-0.00317946629835807,0.04426678581833218,0.2891186775147663,-1.6430061680984496,0.32960151193618775,-11.094655593986511
2026-09-11T16:30:39.989,8.12023814400004,-1146.3411865234375,-103170.70678710938,-412682.8271484375,-785.2437127685547,-21.39713562011719,-5.851632595062256,-4.008368327617646,-8.966464583969312,-1.0872047425345963,0.0,0.018554694950580597,152.00006103515625,6.679690182209015,-0.0457763709127903,-16.479493528604507,-657.423163447146,1,1789158639.0366335,38.990806155,-76.93782838999999,-5.934000000000001,0,1,16.410601,37.197801000000005,134.304921,1,1,1789158639.9811437,-0.3217894403024817,0.9422479260494439,0.08393296313676961,-0.03969457978640158,169.41129253859182,-1.1910810368200053,-142.17826681952454,0.010611078253349926,0.026816285825192073,0.2885668044052857,-0.13601823774337768,0.9325143638801574,-9.780270272808075
2026-09-11T16:30:40.023,8.153642720000107,-1146.5367431640625,-103188.30688476562,-412753.2275390625,-785.3776690673828,-21.531091918945314,-5.8266119956970215,-3.99122921705246,-8.928125485532515,0.5130767283246365,0.0,0.018463142216205597,151.25006103515625,6.646731197834015,0.0,0.0,493.3304206157803,1,1789158639.0366335,38.990806155,-76.93782838999999,-5.934000000000001,0,1,16.410601,37.197801000000005,134.304921,1,1,1789158640.0091436,-0.3184852863046859,0.9435475110921802,0.08138750703952143,-0.04075893051916764,169.65326624272157,-1.4368152124441855,-142.56668551137938,0.004677656928270003,0.012607909450556638,0.2676149993997197,0.41109477478027345,-0.7669781091499329,-9.671122256507873
2026-09-11T16:30:40.056,8.187042592000125,-1146.7274169921875,-103205.46752929688,-412821.8701171875,-785.5082806396485,-21.66170349121094,-5.749855041503906,-3.938650703430176,-8.810510700228551,1.574213027590516,0.0,0.020206458866596222,165.53131103515625,7.27432519197464,0.1983642727136612,71.41113817691803,2138.066223034604,1,1789158640.0453866,38.99080644666667,-76.93780709666666,-5.905999999999999,0,1,16.410601,37.209999999999994,134.28174399999997,1,1,1789158640.0491436,-0.3140417841989946,0.9453791365985904,0.07837208806676456,-0.03865050676603315,170.06635684490723,-1.366894390262808,-143.12966681491758,0.032006545954772814,-0.07699956327485982,0.26696887851063145,-0.6005592559051514,-0.545053615989685,-9.07448566066742
2026-09-11T16:30:40.089,8.220457183999997,-1146.9151611328125,-103222.36450195312,-412889.4580078125,-785.6368853759766,-21.790308227539064,-5.647896766662598,-3.86880928516388,-8.654279897020123,2.090147270586573,0.0,0.026874549686908722,220.15631103515625,9.67483788728714,0.2746582329273224,98.87696385383606,821.9710022801826,1,1789158640.0453866,38.99080644666667,-76.93780709666666,-5.905999999999999,0,1,16.410601,37.209999999999994,134.28174399999997,1,1,1789158640.0811436,-0.3103489769366171,0.9466603508447489,0.07903489737297469,-0.035653578363684144,170.10763988093012,-1.0569871136695366,-143.60655087143726,-0.005281191783609643,-0.08211686864170721,0.2914251301212768,-0.686563577823639,0.7806093528747559,-9.491562492046356
2026-09-11T16:30:40.123,8.253872256000022,-1147.10400390625,-103239.3603515625,-412957.44140625,-785.7662426757813,-21.919665527343753,-5.649820804595947,-3.870127251148224,-8.657228102962195,-0.03944226079606559,0.0,0.033262260258197784,272.48443603515625,11.974413692951202,0.2593994438648224,93.38379979133606,-164.39180686176135,1,1789158640.0453866,38.99080644666667,-76.93780709666666,-5.905999999999999,0,1,16.410601,37.209999999999994,134.28174399999997,1,1,1789158640.1091437,-0.3066787809490457,0.9478664256004175,0.08044856613243045,-0.0320217542044696,170.08651865981878,-0.6509487773758108,-144.08594096655168,-0.03935961809342492,-0.12286786321482202,0.3152569029255585,-1.210238696460724,-0.030204482498168945,-8.23023114824295
2026-09-11T16:30:40.156,8.287279103999936,-1147.291259765625,-103256.21337890625,-413024.853515625,-785.8945129394532,-22.047935791015625,-5.625500202178955,-3.8534676384925843,-8.619961610801226,0.4986885519903892,0.0,0.0379943922162056,311.25006103515625,13.677981197834015,0.0,0.0,-2795.34901920644,1,1789158640.0453866,38.99080644666667,-76.93780709666666,-5.905999999999999,0,1,16.410601,37.209999999999994,134.28174399999997,1,1,1789158640.1491437,-0.3015510673030165,0.9495506759497208,0.08165888467376607,-0.027427981436417014,170.11791544288775,-0.16271272503075915,-144.74911221234993,-0.012427791471750823,-0.08940728346021272,0.34299297726655165,-1.8320783832168581,-0.20613578639984131,-9.576488082447051
2026-09-11T16:30:40.189,8.320686272000103,-1147.4755859375,-103272.802734375,-413091.2109375,-786.0207763671875,-22.17419921875,-5.548122406005859,-3.800463848114014,-8.501395508486958,1.5865993303684234,0.0,0.0381164625287056,312.25006103515625,13.721926510334015,0.0,0.0,0.0,1,1789158640.0453866,38.99080644666667,-76.93780709666666,-5.905999999999999,0,1,16.410601,37.209999999999994,134.28174399999997,1,1,1789158640.1811435,-0.2977411177347189,0.950760178205393,0.08147441199231116,-0.027698926683837326,170.12955360955638,-0.23797916015653583,-145.20239612969388,0.07031268331169396,-0.03109845114496016,0.33479359497360744,-0.3743198366737366,-0.6958798954772949,-5.368258365039825
2026-09-11T16:30:40.223,8.354090624000037,-1147.6622314453125,-103289.60083007812,-413158.4033203125,-786.1486285400391,-22.302051391601566,-5.547327995300293,-3.799919676780701,-8.500178231882375,0.016290432256073833,0.0,0.03608132153749466,295.57818603515625,12.989275753498077,-0.10681155323982239,-38.45215916633606,-1151.112261253023,1,1789158640.0453866,38.99080644666667,-76.93780709666666,-5.905999999999999,0,1,16.410601,37.209999999999994,134.28174399999997,1,1,1789158640.2091436,-0.2940387611640753,0.9518481568483959,0.08143087130286009,-0.029921671682319236,170.0596379164359,-0.5199154007758104,-145.62153434507744,-0.22662698911418408,0.0719000602663828,0.25615359673479815,3.7559470119476317,1.2882996317481994,-24.940566890850064
2026-09-11T16:30:40.257,8.387492287999976,-1147.841064453125,-103305.69580078125,-413222.783203125,-786.2711291503907,-22.424552001953128,-5.444003105163574,-3.729142127037049,-8.341853362198114,2.118982747200295,0.0,0.03597641736268997,294.71881103515625,12.95151025056839,-0.1220703274011612,-43.94531786441803,-164.45763594568206,1,1789158640.0453866,38.99080644666667,-76.93780709666666,-5.905999999999999,0,1,16.410601,37.209999999999994,134.28174399999997,1,1,1789158640.2491436,-0.28895499354188586,0.9533551779265063,0.08234005277942838,-0.028966051443178445,169.99445536659167,-0.4380151121625957,-146.23831102687552,0.06023829380333229,-0.005517334831404474,0.29384223660236375,-0.8669078742980958,2.7271313434791566,-11.497316649627686
2026-09-11T16:30:40.290,8.42091385599997,-1148.0198974609375,-103321.79077148438,-413287.1630859375,-786.3936297607422,-22.54705261230469,-5.314611911773682,-3.640509159564972,-8.143587060587349,2.651969155728775,0.0,0.0355987623333931,291.62506103515625,12.815554440021515,-0.015258795581758022,-5.493166409432888,1150.5190736410602,1,1789158640.0453866,38.99080644666667,-76.93780709666666,-5.905999999999999,0,1,16.410601,37.209999999999994,134.28174399999997,1,1,1789158640.2811437,-0.28548467522755056,0.9543588300412017,0.0824398395954979,-0.030023267311820673,169.95009508898,-0.5864508128978551,-146.64062423495903,-0.02750010582612345,-0.040070839763612615,0.3082420755959429,1.3853854683494569,0.7862972099685669,-12.047567790203095
2026-09-11T16:30:40.323,8.45432707200007,-1148.199951171875,-103337.99560546875,-413351.982421875,-786.5169665527344,-22.670389404296877,-5.341610431671143,-3.659003145694733,-8.184956929345761,-0.5534931486303505,0.0,0.03425980359315872,280.65631103515625,12.33352929353714,-0.1525879055261612,-54.93164598941803,-1479.608535132882,1,1789158640.0453866,38.99080644666667,-76.93780709666666,-5.905999999999999,0,1,16.410601,37.209999999999994,134.28174399999997,1,1,1789158640.3211436,-0.2809406360672506,0.9556280821080134,0.08314510712207482,-0.03056499393664581,169.85746498469123,-0.6703675789393522,-147.1753846125563,0.06494963558616579,-0.008376882277871985,0.2961350756407087,1.411275024776459,0.4412992572784424,-9.826361528568269
2026-09-11T16:30:40.356,8.487729504000072,-1148.37841796875,-103354.0576171875,-413416.23046875,-786.6392163085939,-22.792639160156252,-5.342352390289307,-3.6595113873481755,-8.18609383354548,-0.015215708049117599,0.0,0.02691841870546341,220.51568603515625,9.690630733966827,-0.2441406548023224,-87.89063572883606,-986.7242522764652,1,1789158640.0453866,38.99080644666667,-76.93780709666666,-5.905999999999999,0,1,16.410601,37.209999999999994,134.28174399999997,1,1,1789158640.3491435,-0.2790018080810834,0.9561324962025035,0.08420463875704409,-0.029634770200751726,169.77196922557147,-0.5548060344393579,-147.41559870599338,-0.02360173840886892,-0.056826349648608575,0.23280301120529123,-2.8428498153877255,-0.5051405498313903,-6.8939769972038265
2026-09-11T16:30:40.389,8.521138271999916,-1148.558349609375,-103370.25146484375,-413481.005859375,-786.7624694824219,-22.915892333984377,-5.369913578033447,-3.678390800952912,-8.22832587901062,-0.5651035561929156,0.0,0.02047158032655716,167.70318603515625,7.369768917560577,-0.04577639698982239,-16.47950291633606,2137.4967437539726,1,1789158640.0453866,38.99080644666667,-76.93780709666666,-5.905999999999999,0,1,16.410601,37.209999999999994,134.28174399999997,1,1,1789158640.3811436,-0.2755353836276709,0.957041262494918,0.08503709769998054,-0.03034742602016621,169.65919274955436,-0.6432170285264516,-147.81922346265955,-0.23757404324854295,-0.06548073927754766,0.25200355283940606,-0.6405703885650635,2.51736709651947,-20.007919925994873
2026-09-11T16:30:40.422,8.554543903999956,-1148.737060546875,-103386.33544921875,-413545.341796875,-786.8848864746094,-23.038309326171877,-5.371598720550537,-3.6795451235771184,-8.230908025181447,-0.03455473089702895,0.0,0.014709480106830597,120.50006103515625,5.295412838459015,-0.06103518605232239,-21.97266697883606,-164.43826186235378,1,1789158640.0453866,38.99080644666667,-76.93780709666666,-5.905999999999999,0,1,16.410601,37.209999999999994,134.28174399999997,1,1,1789158640.4091437,-0.27236224268783027,0.9579880327542069,0.0847065571664887,-0.030042254089538506,169.70757498045654,-0.6542463067569938,-148.1994843439936,0.13071050020865854,-0.08269352542656613,0.2551920948498745,1.8063849597930908,4.239512931423188,-11.672953754024505
2026-09-11T16:30:40.457,8.587951936000081,-1148.9185791015625,-103402.67211914062,-413610.6884765625,-787.0092266845704,-23.162649536132815,-5.399396896362305,-3.698586874008179,-8.273503207784929,-0.5699752212578494,0.0,0.014226920902729034,116.54693603515625,5.121691524982452,-0.015258795581758022,-5.493166409432888,493.2795972340296,1,1789158640.0453866,38.99080644666667,-76.93780709666666,-5.905999999999999,0,1,16.410601,37.209999999999994,134.28174399999997,1,1,1789158640.4491436,-0.2687264454687468,0.9589717554445767,0.0858123582721669,-0.028204767913401055,169.6449352597649,-0.4569416398011606,-148.65035205674954,0.010136174163882268,-0.09858055947576971,0.24032538028138678,0.8850501770973205,1.67811397567749,-11.179286984882355
2026-09-11T16:30:40.489,8.621450015999926,-1149.1009521484375,-103419.08569335938,-413676.3427734375,-787.1341522216798,-23.287575073242188,-5.478211879730225,-3.7525751376152043,-8.394271513992484,-1.6116823294730813,0.0,0.01374245434999466,112.57818603515625,4.947283565998077,-0.01525880303233862,-5.493169091641903,-8.007052986036832e-05,1,1789158640.0453866,38.99080644666667,-76.93780709666666,-5.905999999999999,0,1,16.410601,37.209999999999994,134.28174399999997,1,1,1789158640.4811437,-0.2670127645814316,0.9592604559815839,0.08859329144008457,-0.02597671750619706,169.40643820933613,-0.14471762854857154,-148.8772053210925,-0.05217609438959488,-0.13928408109323026,0.1856669040966804,-1.4629560711288452,0.14366742486953735,-13.774322750682831
2026-09-11T16:30:40.522,8.65485407999995,-1149.2869873046875,-103435.82885742188,-413743.3154296875,-787.2615863037109,-23.415009155273438,-5.5568461418151855,-3.8064396071434023,-8.514762900732368,-1.612512463398448,0.0,0.011253364384174347,92.18756103515625,4.051211178302765,-0.2288818657398224,-82.39747166633606,-2302.2438998631737,1,1789158640.0453866,38.99080644666667,-76.93780709666666,-5.905999999999999,0,1,16.410601,37.209999999999994,134.28174399999997,1,1,1789158640.5091436,-0.2647786602112427,0.9596318464545341,0.09122329850164008,-0.026024799278404336,169.11353660065845,-0.09399301533490742,-149.1408803130244,-0.12602708369385696,-0.0679938388674943,0.1528500017702066,-0.28655031772613526,-0.5814362880897522,-8.358992464866638
2026-09-11T16:30:40.556,8.68841254400013,-1149.4644775390625,-103451.80297851562,-413807.2119140625,-787.3831671142578,-23.536589965820315,-5.348021507263184,-3.663394732475281,-8.194780629194875,4.262557269228853,0.0,0.008949287235736847,73.31256103515625,3.221743404865265,-0.3051758110523224,-109.86329197883606,-818.4468845878296,1,1789158640.0453866,38.99080644666667,-76.93780709666666,-5.905999999999999,0,1,16.410601,37.209999999999994,134.28174399999997,1,1,1789158640.5491436,-0.2603416801918435,0.9612411950833856,0.08732699665022167,-0.024729943097482218,169.5858834966814,-0.11878374979399255,-149.68042553897695,0.09238760769091825,-0.12103020604539719,0.17749038561693734,-2.0112458816719054,-0.37294690565109256,-3.5147034179687497
2026-09-11T16:30:40.591,8.721834272000024,-1149.6456298828125,-103468.10668945312,-413872.4267578125,-787.5072564697266,-23.660679321289063,-5.374573707580566,-3.6815829896926884,-8.235466601853714,-0.5442045730689034,0.0,0.006097801029682159,49.95318603515625,2.1952083706855774,-0.1678466945886612,-60.42481005191803,1479.2317718304407,1,1789158640.0453866,38.99080644666667,-76.93780709666666,-5.905999999999999,0,1,16.410601,37.209999999999994,134.28174399999997,1,1,1789158640.5811436,-0.2581392253466947,0.9617162796278012,0.08862234785676144,-0.024738983338541614,169.44195056930815,-0.10484890499528235,-149.94049929156546,0.026173655594607766,-0.06394223154191465,0.1894404804724173,-1.3389019465827943,1.5506275235748292,-9.92786035774231
2026-09-11T16:30:40.623,8.755241567999974,-1149.8280029296875,-103484.52026367188,-413938.0810546875,-787.632182006836,-23.78560485839844,-5.4797492027282715,-3.753628203868866,-8.396627156113238,-2.1565712524678746,0.0,0.0004940107464790344,4.04693603515625,0.1778438687324524,-0.1983642876148224,-71.41114354133606,-328.8603031336142,1,1789158640.0453866,38.99080644666667,-76.93780709666666,-5.905999999999999,0,1,16.410601,37.209999999999994,134.28174399999997,1,1,1789158640.6091437,-0.25651624438373494,0.9619240551430283,0.09068658330825109,-0.026028294456841128,169.17430843618723,-0.20336157321054946,-150.11754450750763,-0.04668057617384033,-0.043580173290597615,0.12158644247800776,1.5007116742515565,1.5109105904197695,-7.7284248594665526
2026-09-11T16:30:40.656,8.788644032000093,-1150.0101318359375,-103500.91186523438,-414003.6474609375,-787.7569403076172,-23.91036315917969,-5.454468727111816,-3.7363110780715947,-8.35788984894325,0.5184385737893425,0.0,-0.00528717041015625,-43.3125,-1.90338134765625,-0.1373291313648224,-49.43848729133606,657.8154309191613,1,1789158640.0453866,38.99080644666667,-76.93780709666666,-5.905999999999999,0,1,16.410601,37.209999999999994,134.28174399999997,1,1,1789158640.6491437,-0.2556788976391874,0.9623703644198669,0.08873296600117042,-0.024454932692967377,169.43834767905616,-0.09712275905376913,-150.23417904973982,0.09038955476323512,-0.05656455026080943,0.10251592787316653,0.4962164981842041,-0.3852052183532715,-8.530412709693909
2026-09-11T16:30:40.690,8.822051615999953,-1150.1910400390625,-103517.19360351562,-414068.7744140625,-787.8808624267579,-24.034285278320315,-5.429120063781738,-3.718947243690491,-8.319048057646937,0.5197572617396194,0.0,-0.013391494750976562,-109.703125,-4.8209381103515625,-0.2899170219898224,-104.37012791633606,-1644.2865376086306,1,1789158640.0453866,38.99080644666667,-76.93780709666666,-5.905999999999999,0,1,16.410601,37.209999999999994,134.28174399999997,1,1,1789158640.6811435,-0.2552520954796775,0.9625118499446131,0.08775468403982799,-0.026766058703178535,169.47886787540585,-0.3853836797638786,-150.25932150876943,0.05660155124095171,0.021503678115046537,0.0687001736157764,0.25467870470047,0.9345737604141235,-9.604240902404785
2026-09-11T16:30:40.725,8.855469472000095,-1150.3731689453125,-103533.58520507812,-414134.3408203125,-788.0056207275392,-24.159043579101564,-5.430074214935303,-3.719600837230683,-8.320510104757245,-0.01955821283654833,0.0,-0.020353317260742188,-166.734375,-7.3271942138671875,-0.07629397511482239,-27.46583104133606,2301.293562180453,1,1789158640.0453866,38.99080644666667,-76.93780709666666,-5.905999999999999,0,1,16.410601,37.209999999999994,134.28174399999997,1,1,1789158640.7211437,-0.25466794389063274,0.9627205557821014,0.0858251584512647,-0.030780058575885536,169.57486792030616,-0.8910630364228797,-150.28464237629163,0.030363318464020152,0.00023928464044842257,0.0311488911603428,0.5495646750640869,0.010983448181152343,-11.54644796693802
2026-09-11T16:30:40.757,8.888890048000121,-1150.5543212890625,-103549.88891601562,-414199.5556640625,-788.1297100830079,-24.283132934570315,-5.431199073791504,-3.7203713655471806,-8.322233727512474,-0.023055506778136416,0.0,-0.021944046020507812,-179.765625,-7.8998565673828125,-0.030517585575580597,-10.986330807209015,493.094440805397,1,1789158640.0453866,38.99080644666667,-76.93780709666666,-5.905999999999999,0,1,16.410601,37.209999999999994,134.28174399999997,1,1,1789158640.7491436,-0.2551397482504433,0.9624638971002221,0.08723864363597601,-0.03092530837209326,169.41294042993053,-0.8602078073007065,-150.22618545297522,0.030919554896630744,-0.03730239850409921,0.02078634779247687,-0.39520800151824953,0.3436250216674805,-10.231964579257964
2026-09-11T16:30:40.791,8.922309792000078,-1150.7362060546875,-103566.25854492188,-414265.0341796875,-788.254301147461,-24.40772399902344,-5.432179927825928,-3.721043250560761,-8.32373669148344,-0.020104433282946452,0.0,-0.022493362426757812,-184.265625,-8.097610473632812,0.0,0.0,328.73773082232856,1,1789158640.0453866,38.99080644666667,-76.93780709666666,-5.905999999999999,0,1,16.410601,37.209999999999994,134.28174399999997,1,1,1789158640.7811437,-0.25524937967372235,0.9625826855123223,0.08574369979998978,-0.03050156836418131,169.59167815766008,-0.8565184805756663,-150.21918308289986,0.05939669603802062,-0.022858053614594132,0.018406242291532197,0.255365170211792,-0.9656608414268494,-8.496187500629425
2026-09-11T16:30:40.823,8.955716032000055,-1150.9169921875,-103582.529296875,-414330.1171875,-788.3781396484376,-24.531562500000003,-5.485751628875732,-3.757739865779877,-8.405824681862637,-1.0984958265025293,0.0,-0.023006439208984375,-188.46875,-8.282318115234375,-0.1068115308880806,-38.452151119709015,-1151.0469636731325,1,1789158640.0453866,38.99080644666667,-76.93780709666666,-5.905999999999999,0,1,16.410601,37.209999999999994,134.28174399999997,1,1,1789158640.8211436,-0.2552140672747614,0.9625013664766929,0.08678753210804559,-0.030410913602970286,169.47833282351476,-0.816050908467255,-150.223584478022,0.0646712555704727,-0.03360806007640281,0.03562635882340905,2.1903153136253355,-2.4044925531578065,-12.18211503042221
2026-09-11T16:30:40.856,8.98911788800001,-1151.09423828125,-103598.4814453125,-414393.92578125,-788.4995532226563,-24.652976074218753,-5.356907844543457,-3.6694818735122685,-8.208397175895366,2.642308028264287,0.0,-0.023807525634765625,-195.03125,-8.570709228515625,0.1525879055261612,54.93164598941803,2795.7667115639633,1,1789158640.0453866,38.99080644666667,-76.93780709666666,-5.905999999999999,0,1,16.410601,37.209999999999994,134.28174399999997,1,1,1789158640.8491435,-0.2551750960492519,0.9624253254594054,0.08783069609004675,-0.03014850070817086,169.3701536325456,-0.7567244139966657,-150.23041920907923,-0.10891919183288333,-0.08821539811402579,0.041726459092054434,6.3642217554664615,-1.2389721814346315,-7.30124717842102
2026-09-11T16:30:40.891,9.022524032000092,-1151.2735595703125,-103614.62036132812,-414458.4814453125,-788.6223883056641,-24.775811157226563,-5.383677959442139,-3.6878194022178654,-8.249417059363505,-0.5489268293147422,0.0,-0.022687911987304688,-185.859375,-8.167648315429688,0.0915527418255806,32.958987057209015,-657.7430466729369,1,1789158640.0453866,38.99080644666667,-76.93780709666666,-5.905999999999999,0,1,16.410601,37.209999999999994,134.28174399999997,1,1,1789158640.8811436,-0.2552034317654323,0.9623749761741365,0.08839549038502123,-0.02986387330149842,169.3157726407737,-0.7083556667002184,-150.2299425753594,-0.06769818009220646,-0.03743015660534519,0.02189044307728848,0.9342795609092712,-1.346158867702484,-7.9698645864486695
2026-09-11T16:30:40.926,9.055940927999927,-1151.45703125,-103631.1328125,-414524.53125,-788.74806640625,-24.901489257812504,-5.43582820892334,-3.723542323112488,-8.329326957570874,-1.069007752688905,0.0,-0.022602081298828125,-185.15625,-8.136749267578125,-0.045776382088661194,-16.47949755191803,-1479.4457453310742,1,1789158640.0453866,38.99080644666667,-76.93780709666666,-5.905999999999999,0,1,16.410601,37.209999999999994,134.28174399999997,1,1,1789158640.9211435,-0.2547644529163107,0.9622889275229503,0.09088424632560224,-0.02889891463031596,169.06782395896974,-0.5334348825190642,-150.2914414211211,0.013613568165555772,-0.05932269407773606,0.05063828478566268,-1.0213626143455505,-0.6899959053802491,-12.23713033782959
2026-09-11T16:30:40.959,9.089352896000037,-1151.6365966796875,-103647.29370117188,-414589.1748046875,-788.871068725586,-25.02449157714844,-5.358666896820068,-3.670686824321747,-8.211092574091229,1.5819331202091302,0.0,-0.021759033203125,-178.25,-7.833251953125,-0.0457763746380806,-16.479494869709015,8.027689404239192e-05,1,1789158640.0453866,38.99080644666667,-76.93780709666666,-5.905999999999999,0,1,16.410601,37.209999999999994,134.28174399999997,1,1,1789158640.9491436,-0.25460715301747633,0.9623474297828778,0.08997933027590362,-0.031086044227664887,169.10377345147901,-0.8028769287031801,-150.28513931251086,0.040734239412295654,-0.04070247441990936,0.08213275113790036,0.4896460425758362,-0.08041453132629395,-8.810784837818145
2026-09-11T16:30:40.992,9.122761183999955,-1151.8182373046875,-103663.64135742188,-414654.5654296875,-788.995492553711,-25.14891540527344,-5.411973476409912,-3.70720183134079,-8.292774318496747,-1.0929924639997006,0.0,-0.021434783935546875,-175.59375,-7.716522216796875,-0.0762939527630806,-27.465822994709015,-328.85037763763114,1,1789158640.0453866,38.99080644666667,-76.93780709666666,-5.905999999999999,0,1,16.410601,37.209999999999994,134.28174399999997,1,1,1789158640.9811437,-0.25437341033135413,0.9621608340283712,0.09308909888862466,-0.029582380673801683,168.80246197817684,-0.5481704367058863,-150.32850118637992,-0.039427511401327504,-0.008770977622972303,0.06470354416163458,-1.194842255706787,0.8939742287445069,-8.08626952386856
2026-09-11T16:30:41.025,9.15616579199991,-1152.005126953125,-103680.46142578125,-414721.845703125,-789.1235119628907,-25.276934814453128,-5.594421863555908,-3.8321789765357974,-8.572340230260812,-3.741314527480007,0.0,-0.020658493041992188,-169.234375,-7.4370574951171875,0.0762939602136612,27.46582567691803,1644.4332671618424,1,1789158640.0453866,38.99080644666667,-76.93780709666666,-5.905999999999999,0,1,16.410601,37.209999999999994,134.28174399999997,1,1,1789158641.0211437,-0.25312700465289256,0.9620168830952949,0.09786960616889387,-0.029525858893754007,168.27249381829398,-0.41607810067130285,-150.47407884272891,-0.03260170322970288,-0.06148899674531143,0.0823324168043285,-0.3556872013664245,1.2576048167419434,-7.356458618831635
2026-09-11T16:30:41.058,9.18956947200013,-1152.19482421875,-103697.5341796875,-414790.13671875,-789.2534545898438,-25.40687744140625,-5.725381374359131,-3.9218862414360047,-8.773009666777023,-2.6855503615056104,0.0,-0.018524169921875,-151.75,-6.668701171875,0.0,0.0,-822.239516027501,1,1789158641.0380101,38.99080301833333,-76.93778422166666,-5.954999999999998,0,1,16.410601,37.209999999999994,134.258569,1,1,1789158641.0491436,-0.25221341990687696,0.9619629816293661,0.1008369142526261,-0.029112360220808438,167.95437233386502,-0.2947983816351483,-150.5859321191394,-0.038010129515782906,-0.04341314528118175,0.10020912620080562,-0.750895202884674,1.3294875624275206,-9.877552242412568
2026-09-11T16:30:41.092,9.222994111999924,-1152.3902587890625,-103715.12329101562,-414860.4931640625,-789.3873272705079,-25.540750122070314,-5.778904438018799,-3.9585495400428776,-8.855023130017164,-1.096894345222541,0.0,-0.016950607299804688,-138.859375,-6.1022186279296875,0.015258789993822575,5.493164397776127,164.34475877107508,1,1789158641.0380101,38.99080301833333,-76.93778422166666,-5.954999999999998,0,1,16.410601,37.209999999999994,134.258569,1,1,1789158641.0811436,-0.2511724669663044,0.9620986534042824,0.10250930236880923,-0.027756366541525086,167.80779724165623,-0.10964682944150962,-150.72533116542422,0.03404823211375578,-0.03488284856205947,0.10768035712981774,-0.6565552283287048,1.7914788515472413,-9.506076334285737
2026-09-11T16:30:41.125,9.256410976000097,-1152.5853271484375,-103732.67944335938,-414930.7177734375,-789.5209490966797,-25.67437194824219,-5.858524799346924,-4.0130894875526435,-8.977025517968501,-1.632108491972277,0.0,-0.016204833984375,-132.75,-5.833740234375,0.0,0.0,-164.38300128185588,1,1789158641.0380101,38.99080301833333,-76.93778422166666,-5.954999999999998,0,1,16.410601,37.209999999999994,134.258569,1,1,1789158641.1211436,-0.24946543056049203,0.9623907018800711,0.10321342991068747,-0.0303005573566579,167.6556766401177,-0.39108018452364496,-150.89362471699735,0.016604713437623653,0.05813726644978152,0.12159342379501574,0.1457268214035034,1.5988762423706053,-8.91718699207306
2026-09-11T16:30:41.157,9.289812512000026,-1152.7869873046875,-103750.82885742188,-415003.3154296875,-789.659086303711,-25.81250915527344,-6.042743682861328,-4.13927942276001,-9.259304363725853,-3.777968031399426,0.0,-0.016326904296875,-133.75,-5.877685546875,0.0457763709127903,16.479493528604507,493.37532048345935,1,1789158641.0380101,38.99080301833333,-76.93778422166666,-5.954999999999998,0,1,16.410601,37.209999999999994,134.258569,1,1,1789158641.1491437,-0.24843039869674788,0.9625799957780378,0.1037609260874621,-0.030915351345241884,167.57720782174098,-0.45620877466713905,-151.0072306960474,0.021729349187329404,0.10098056173018712,0.11564516717129388,-0.6237029502868653,0.35764853139877323,-10.190972781581879
2026-09-11T16:30:41.191,9.323221632000013,-1152.9937744140625,-103769.43969726562,-415077.7587890625,-789.8007354736329,-25.954158325195316,-6.173650741577148,-4.228950757980347,-9.459893427837201,-2.6840376286585927,0.0,-0.01663970947265625,-136.3125,-5.99029541015625,-0.015258795581758022,-5.493166409432888,-657.6844866924241,1,1789158641.0380101,38.99080301833333,-76.93778422166666,-5.954999999999998,0,1,16.410601,37.209999999999994,134.258569,1,1,1789158641.1811435,-0.24720501476834886,0.9625823004647607,0.10544529531119508,-0.03473161675022571,167.2795074824192,-0.8440470661372089,-151.09967468833955,-0.07863004986207293,0.14945324197997525,0.11036903684251502,-0.029223817481994627,2.5977816278457646,-13.171409898738862
2026-09-11T16:30:41.225,9.356628927999964,-1153.2027587890625,-103788.24829101562,-415152.9931640625,-789.9438897705079,-26.097312622070316,-6.2776288986206055,-4.300175795555115,-9.619219299291139,-2.1320204297550527,0.0,-0.01604461669921875,-131.4375,-5.77606201171875,-0.0457763746380806,-16.479494869709015,-328.8601525933878,1,1789158641.0380101,38.99080301833333,-76.93778422166666,-5.954999999999998,0,1,16.410601,37.209999999999994,134.258569,1,1,1789158641.2211437,-0.24658768787697477,0.9624141453583455,0.10695252991352225,-0.03891890731701675,166.99039396506646,-1.2701142322471244,-151.1130742923086,-0.058157337736179454,0.1879110484488947,0.09178738896115739,0.8495501035118103,2.1212764964866637,-12.930852770271303
2026-09-11T16:30:41.258,9.390039231999936,-1153.417724609375,-103807.59521484375,-415230.380859375,-790.091141357422,-26.24456420898438,-6.381999492645264,-4.371669652462006,-9.779146502465107,-2.1398744802486958,0.0,-0.015829086303710938,-129.671875,-5.6984710693359375,-0.0915527418255806,-32.958987057209015,-493.24580187938153,1,1789158641.0380101,38.99080301833333,-76.93778422166666,-5.954999999999998,0,1,16.410601,37.209999999999994,134.258569,1,1,1789158641.2491555,-0.24630149662146486,0.9625765088081802,0.10516909870413164,-0.041490940341747946,167.1151105234688,-1.6084921257607505,-151.1128810890904,0.002978578901453523,0.14922861810524357,0.07609408645892518,0.18063849597930906,0.9599729843330383,-9.16264744562149
2026-09-11T16:30:41.291,9.423445152000113,-1153.631591796875,-103826.84326171875,-415307.373046875,-790.2376403808595,-26.391063232421878,-6.40907096862793,-4.390213613510133,-9.820628161932104,-0.5551100238529003,0.0,-0.015594482421875,-127.75,-5.614013671875,0.0,0.0,986.6211455045659,1,1789158641.0380101,38.99080301833333,-76.93778422166666,-5.954999999999998,0,1,16.410601,37.209999999999994,134.258569,1,1,1789158641.2811556,-0.24608686644673172,0.9626493503686553,0.10403169917419001,-0.04387354515155052,167.1729771118228,-1.9064683294112474,-151.10626432531066,-0.0351474404766618,0.08718198866391996,0.07550294344127469,-0.002941995048522949,0.668617408027649,-10.243732559452058
2026-09-11T16:30:41.325,9.45684918400002,-1153.8468017578125,-103846.21215820312,-415384.8486328125,-790.3850592041016,-26.538482055664065,-6.462536811828613,-4.4268377161026,-9.902553946185119,-1.0963976621914662,0.0,-0.015594482421875,-127.75,-5.614013671875,0.0,0.0,0.0,1,1789158641.0380101,38.99080301833333,-76.93778422166666,-5.954999999999998,0,1,16.410601,37.209999999999994,134.258569,1,1,1789158641.3211555,-0.24495049725877502,0.9631987780886913,0.1017183681817661,-0.043597492537638984,167.4415580279616,-1.9572706398853237,-151.24782756504337,-0.019276114390726174,0.05314440305860134,0.10374184713976735,-1.4535416869735718,0.5787884925460816,-12.78581241437912
2026-09-11T16:30:41.359,9.490258655999924,-1154.0614013671875,-103865.52612304688,-415462.1044921875,-790.5320599365235,-26.685482788085938,-6.3858537673950195,-4.374309830665589,-9.785052412906191,1.572245303282968,0.0,-0.015047073364257812,-123.265625,-5.4169464111328125,-0.09155271202325821,-32.958976328372955,-986.5159296282409,1,1789158641.0380101,38.99080301833333,-76.93778422166666,-5.954999999999998,0,1,16.410601,37.209999999999994,134.258569,1,1,1789158641.3491557,-0.2436683745467094,0.9637510368089744,0.09927545124353947,-0.04420460468981643,167.69939770876735,-2.1103306876200625,-151.39471254418635,0.1006177077786975,0.08658805311946628,0.10906614855590126,1.3482182642364502,-2.746940776805878,2.324666420841217
2026-09-11T16:30:41.391,9.523680640000066,-1154.2730712890625,-103884.57641601562,-415538.3056640625,-790.6770538330079,-26.830476684570314,-6.309398174285889,-4.321937749385834,-9.667899403601087,1.5669949838863972,0.0,-0.016384124755859375,-134.21875,-5.898284912109375,-0.1068115308880806,-38.452151119709015,-164.3581300054675,1,1789158641.0380101,38.99080301833333,-76.93778422166666,-5.954999999999998,0,1,16.410601,37.209999999999994,134.258569,1,1,1789158641.3811557,-0.24329573675862395,0.9641352990115082,0.09585070492599508,-0.04541973183824318,168.0475064680289,-2.346425120863218,-151.42895953595882,0.25086315470615295,0.16880353286391117,0.08356304845990972,-0.7002928880500794,-1.733227349586487,-7.367147867507935
2026-09-11T16:30:41.425,9.557089024000106,-1154.4849853515625,-103903.64868164062,-415614.5947265625,-790.8222149658204,-26.975637817382815,-6.362455368041992,-4.358281927108765,-9.749199013754383,-1.0878759572114127,0.0,-0.0167236328125,-137.0,-6.0205078125,-0.1068115308880806,-38.452151119709015,0.0,1,1789158641.0380101,38.99080301833333,-76.93778422166666,-5.954999999999998,0,1,16.410601,37.209999999999994,134.258569,1,1,1789158641.4211557,-0.2422583565356865,0.9644573415390707,0.0944074769436041,-0.047118503129439604,168.16213966499222,-2.5875302045411126,-151.53131371923382,0.01710073601104044,0.10955658607571166,0.05153520948826257,-2.229443847770691,0.33117057596206667,-5.787296526451111
2026-09-11T16:30:41.458,9.59049203199993,-1154.6962890625,-103922.666015625,-415690.6640625,-790.9669580078125,-27.120380859375,-6.311910629272461,-4.323658781051636,-9.671749241794092,1.0365277898718732,0.0,-0.016937255859375,-138.75,-6.097412109375,0.0,0.0,1151.1583363963184,1,1789158641.0380101,38.99080301833333,-76.93778422166666,-5.954999999999998,0,1,16.410601,37.209999999999994,134.258569,1,1,1789158641.4491556,-0.2417326280570965,0.9646283120550339,0.0939524885230439,-0.04722802149987697,168.21118539831363,-2.618882568879411,-151.59274895776593,-0.04468304684493283,0.026096686574594814,0.06429321725449072,-1.0372493876075746,-1.634866648464203,-5.887030158596039
2026-09-11T16:30:41.493,9.62391116799995,-1154.907470703125,-103941.67236328125,-415766.689453125,-791.1116174316406,-27.265040283203128,-6.312891483306885,-4.324330666065216,-9.673252205765058,-0.020104799046267257,0.0,-0.016937255859375,-138.75,-6.097412109375,0.0,0.0,0.0,1,1789158641.0380101,38.99080301833333,-76.93778422166666,-5.954999999999998,0,1,16.410601,37.209999999999994,134.258569,1,1,1789158641.4811556,-0.24108589022683447,0.9649624153506867,0.09287175248113327,-0.04582540872907261,168.3739437947159,-2.502297949116079,-151.69001647977373,-0.10468257960659229,-0.06501159477461158,0.07759978200462068,-0.384420686340332,-0.3347009700202942,-9.700738339996338
2026-09-11T16:30:41.526,9.657330400000092,-1155.1138916015625,-103960.25024414062,-415841.0009765625,-791.2530157470703,-27.406438598632814,-6.182653427124023,-4.235117597579956,-9.473688255144845,2.6695128267723462,0.0,-0.016801834106445312,-137.640625,-6.0486602783203125,0.015258791856467724,5.493165068328381,164.37137359425338,1,1789158641.0380101,38.99080301833333,-76.93778422166666,-5.954999999999998,0,1,16.410601,37.209999999999994,134.258569,1,1,1789158641.5211556,-0.23972497750321506,0.9655611093869504,0.09186697959285084,-0.0422390490069473,168.59182684549563,-2.150422775145735,-151.89877784678805,-0.09581683060523669,-0.08859256376538177,0.08231496351180857,-1.698021475505829,-1.6042698999595644,-7.307915700531006
2026-09-11T16:30:41.558,9.690730208000105,-1155.316162109375,-103978.45458984375,-415913.818359375,-791.391571044922,-27.544993896484378,-6.105445861816406,-4.182230415344239,-9.355382997817273,1.5834576724422176,0.0,-0.015838623046875,-129.75,-5.701904296875,0.1373291164636612,49.43848192691803,1315.735613167978,1,1789158641.0380101,38.99080301833333,-76.93778422166666,-5.954999999999998,0,1,16.410601,37.209999999999994,134.258569,1,1,1789158641.5491557,-0.23880282443213807,0.9659586935969049,0.09065589079361815,-0.0409697787669171,168.76506998005186,-2.0546351122901685,-152.02558743448867,-0.09110182363097402,-0.05498607448530575,0.09556724852220151,0.3783405632400513,-0.32832664741516115,-13.407161768627168
2026-09-11T16:30:41.592,9.724139712000124,-1155.5164794921875,-103996.48315429688,-415985.9326171875,-791.5287884521485,-27.68221130371094,-6.002242088317871,-4.111535830497742,-9.197243715322426,2.116002226386127,0.0,-0.008295059204101562,-67.953125,-2.9862213134765625,0.3356933891773224,120.84962010383606,2137.449815982805,1,1789158641.0380101,38.99080301833333,-76.93778422166666,-5.954999999999998,0,1,16.410601,37.209999999999994,134.258569,1,1,1789158641.5811555,-0.2377616935723093,0.966559558741613,0.08757693919250888,-0.039525639735715455,169.15190622075,-1.9921680907554642,-152.171479904149,0.022197795558564683,0.01873750578356072,0.11384328925153493,-0.50210048828125,0.005589790592193603,-10.422998124408723
2026-09-11T16:30:41.626,9.75754707200008,-1155.7154541015625,-104014.39086914062,-416057.5634765625,-791.6650860595704,-27.818508911132813,-5.951316833496094,-4.076652030944825,-9.119210878097755,1.0441950382479597,0.0,0.007438660133630037,60.937503814697266,2.6779176481068134,0.13732916116714478,49.43849802017212,-2137.586510390491,1,1789158641.0380101,38.99080301833333,-76.93778422166666,-5.954999999999998,0,1,16.410601,37.209999999999994,134.258569,1,1,1789158641.6211557,-0.23591717667766973,0.9674213747026595,0.0835677132331975,-0.03814979451881108,169.64205943395737,-1.9704313055703042,-152.41185529504844,0.10332384078391471,0.041933280608415766,0.16625325776089706,-1.0715726631736755,-0.8349381947708129,-6.045211425704956
2026-09-11T16:30:41.660,9.790949087999934,-1155.912353515625,-104032.11181640625,-416128.447265625,-791.7999621582032,-27.953385009765626,-5.900813579559326,-4.042057301998139,-9.041824673403129,1.0357078131702047,0.0,0.012208939529955387,100.01563262939453,4.395218230783939,0.2593994140625,93.3837890625,1315.6478651623702,1,1789158641.0380101,38.99080301833333,-76.93778422166666,-5.954999999999998,0,1,16.410601,37.209999999999994,134.258569,1,1,1789158641.6491556,-0.2336475014845315,0.9678628734908499,0.08432306280956242,-0.039241868539679696,169.53206072191833,-2.0950715926787775,-152.66434620386732,-0.3184637708931729,-0.031544033702994315,0.22254379132914334,-5.727475960464478,5.272055126953124,-23.363461411838532
2026-09-11T16:30:41.693,9.824373952000087,-1156.1075439453125,-104049.67895507812,-416198.7158203125,-791.9336676025391,-28.087090454101563,-5.8500895500183105,-4.007311341762543,-8.964100173949845,1.0395243563425292,0.0,0.026708604767918587,218.79689025878906,9.615097716450691,0.3814697265625,137.3291015625,1314.749178928549,1,1789158641.0380101,38.99080301833333,-76.93778422166666,-5.954999999999998,0,1,16.410601,37.209999999999994,134.258569,1,1,1789158641.6811557,-0.22995505374170047,0.9687769097835075,0.0833454281186558,-0.040564910214219006,169.61342527228985,-2.307655139125858,-153.08429071956814,0.05782101278932014,0.049899137847443084,0.2960921405411096,-3.1740203913497926,6.174561141338349,-14.200912032718659
2026-09-11T16:30:41.725,9.85778300800007,-1156.3016357421875,-104067.14721679688,-416268.5888671875,-792.0666204833985,-28.22004333496094,-5.8262038230896,-3.990949618816376,-8.927500042091024,0.48973915773543336,0.0,0.03993416205048561,327.1406555175781,14.37629833817482,0.5645751953125,203.2470703125,1973.0569085829623,1,1789158641.0380101,38.99080301833333,-76.93778422166666,-5.954999999999998,0,1,16.410601,37.209999999999994,134.258569,1,1,1789158641.7211556,-0.22417630414402168,0.9703878275974553,0.08136347378599572,-0.03837230569686523,169.90742798226006,-2.177334555338575,-153.7914990029819,0.11026815681174974,0.01865460264409099,0.36758327016375014,-3.232468026313782,0.021378497352600098,-15.157158489990236
2026-09-11T16:30:41.759,9.891186560000051,-1156.4954833984375,-104084.59350585938,-416338.3740234375,-792.1994061279297,-28.35282897949219,-5.853917121887207,-4.009933228492737,-8.96996516753027,-0.5683111088417003,0.0,0.0428314246237278,350.8750305175781,15.419312864542007,0.03051757998764515,10.986328795552254,-5755.697523336854,1,1789158641.0380101,38.99080301833333,-76.93778422166666,-5.954999999999998,0,1,16.410601,37.209999999999994,134.258569,1,1,1789158641.7491555,-0.21998364936819184,0.9712464341202937,0.08224087850289565,-0.039038392927198795,169.80102309537182,-2.2722874741614123,-154.27329029052635,-0.10733006954894249,0.003831172241052753,0.3964904604328314,0.11267841035842896,0.6471408441734313,-5.3710042270851135
2026-09-11T16:30:41.792,9.924600159999954,-1156.691650390625,-104102.24853515625,-416408.994140625,-792.3337805175781,-28.487203369140627,-5.906502723693848,-4.045954365730286,-9.050542156698016,-1.0780382011412497,0.0,0.04407501593232155,361.0625305175781,15.867005735635757,0.2746582329273224,98.87696385383606,2630.3850844727226,1,1789158641.0380101,38.99080301833333,-76.93778422166666,-5.954999999999998,0,1,16.410601,37.209999999999994,134.258569,1,1,1789158641.7811556,-0.21414317342900896,0.9725299178381237,0.08149219744372405,-0.04107653757704865,169.84694720445333,-2.578855734126879,-154.93506280462864,-0.1726116667588376,0.0030291934497613583,0.42347237800403775,1.2238699401855468,1.7431320662498473,-6.568690411338806
2026-09-11T16:30:41.827,9.958015039999964,-1156.89111328125,-104120.2001953125,-416480.80078125,-792.4704125976563,-28.623835449218753,-5.906662940979004,-4.046064114570618,-9.050787657861967,-0.0032844301799698685,0.0,0.0442199744284153,362.2500305175781,15.919190794229507,0.0,0.0,-2959.069847140207,1,1789158641.0380101,38.99080301833333,-76.93778422166666,-5.954999999999998,0,1,16.410601,37.209999999999994,134.258569,1,1,1789158641.8211555,-0.20735120222970713,0.9740696458886855,0.07971533812108382,-0.04288669677682587,170.02009073678397,-2.894158484096038,-155.71277714549805,0.02161084133111899,0.017138260589958317,0.37536656596301887,-0.5022966212844849,-1.2328920583343506,-7.988889487762451
2026-09-11T16:30:41.860,9.99142515199992,-1157.0870361328125,-104137.83325195312,-416551.3330078125,-792.6046197509767,-28.758042602539064,-5.906445503234863,-4.045915169715881,-9.050454477710892,0.004458077085677792,0.0,0.04190254583954811,343.2656555175781,15.08491650223732,-0.1678466945886612,-60.42481005191803,-1808.5784941995335,1,1789158641.0380101,38.99080301833333,-76.93778422166666,-5.954999999999998,0,1,16.410601,37.209999999999994,134.258569,1,1,1789158641.8491557,-0.20305476609053624,0.9749060996626592,0.07981784631105349,-0.04422635208474926,169.98869445026997,-3.0850515122769546,-156.19885187161412,0.02944736967257353,-0.023390728102302805,0.33936251788947824,-1.989278985309601,-0.542994219455719,-10.02327906381607
2026-09-11T16:30:41.893,10.024850144000084,-1157.2841796875,-104155.576171875,-416622.3046875,-792.7396630859375,-28.893085937500004,-5.907134532928467,-4.046387155056,-9.051510278847521,-0.014120731580627651,0.0,0.03668403998017311,300.5156555175781,13.20625439286232,-0.015258817933499813,-5.493174456059933,1643.4300297091686,1,1789158641.0380101,38.99080301833333,-76.93778422166666,-5.954999999999998,0,1,16.410601,37.209999999999994,134.258569,1,1,1789158641.8811557,-0.19876635262613557,0.9756520738737053,0.08118454057563688,-0.04476648502131368,169.8352166782659,-3.1574217586555884,-156.68892538370602,0.019673700394330484,-0.049261918137539946,0.31324767989066266,-1.0479386362838745,0.6562610288238525,-9.271207062911987
2026-09-11T16:30:41.926,10.058257312000023,-1157.4827880859375,-104173.45092773438,-416693.8037109375,-792.8757098388672,-29.02913269042969,-5.96035623550415,-4.082844021320343,-9.133061966088803,-1.0912887397222355,0.0,0.036085132509469986,295.6094055175781,12.990647703409195,-0.015258795581758022,-5.493166409432888,0.0002408652850996606,1,1789158641.0380101,38.99080301833333,-76.93778422166666,-5.954999999999998,0,1,16.410601,37.209999999999994,134.258569,1,1,1789158641.9211557,-0.19361861091919247,0.9766688068204855,0.08225447525336468,-0.04317495327577337,169.7679922325158,-3.0084518269007927,-157.30429160497928,0.12183742082444456,-0.11008140658178635,0.27908722310600365,-2.6667223784828185,-0.04491445774078369,-8.214050175476075
2026-09-11T16:30:41.959,10.09165721599993,-1157.6807861328125,-104191.27075195312,-416765.0830078125,-793.0113385009766,-29.164761352539063,-5.987802982330322,-4.101645042896271,-9.175118653579695,-0.5629064555389095,0.0,0.035497669130563736,290.7969055175781,12.779160887002945,0.0915527418255806,32.958987057209015,1151.2653888690472,1,1789158641.0380101,38.99080301833333,-76.93778422166666,-5.954999999999998,0,1,16.410601,37.209999999999994,134.258569,1,1,1789158641.9491556,-0.18984851020318042,0.9775192076671051,0.08037752262122931,-0.04419497338817595,169.9682391706516,-3.203572806483508,-157.737053400669,0.21288304485350437,0.19005221837524133,0.34939501949579205,5.226160004196166,1.2716283264732362,-8.04812165473938
2026-09-11T16:30:41.993,10.125064256000087,-1157.880126953125,-104209.21142578125,-416836.845703125,-793.1478869628907,-29.301309814453127,-5.98823881149292,-4.10194358587265,-9.175786475198295,-0.008936528838769464,0.0,0.03520393744111061,288.3906555175781,12.67341747879982,0.0610351637005806,21.972658932209015,-328.86266262885124,1,1789158641.0380101,38.99080301833333,-76.93778422166666,-5.954999999999998,0,1,16.410601,37.209999999999994,134.258569,1,1,1789158641.9891555,-0.1841500229316551,0.9787619429036786,0.08092965552978287,-0.039550209019901625,170.02697535452543,-2.7291178621408054,-158.45103530758928,0.08079547986502231,-0.14417920604629875,0.2972246846927288,-5.614111084594726,-1.861204134197235,-7.71440134973526
2026-09-11T16:30:42.027,10.15848144000006,-1158.083740234375,-104227.53662109375,-416910.146484375,-793.2873620605469,-29.44078491210938,-6.04163122177124,-4.1385173869133,-9.257599738084501,-1.0944608929549395,0.0,0.031002048403024673,253.96878051757812,11.160737425088882,-0.2593994438648224,-93.38379979133606,-3452.0101611087152,1,1789158641.0380101,38.99080301833333,-76.93778422166666,-5.954999999999998,0,1,16.410601,37.209999999999994,134.258569,1,1,1789158642.0211556,-0.17952089198090787,0.9795524067505469,0.08217801032327575,-0.03867953452276919,169.91724351313857,-2.6521328729420075,-158.99549265274624,-0.049781153590008266,-0.16572389939876717,0.2906187880068554,-6.003631229019165,1.0963834880828858,-7.76745532711029
2026-09-11T16:30:42.059,10.191885279999951,-1158.2896728515625,-104246.07055664062,-416984.2822265625,-793.4284259033204,-29.581848754882813,-6.199287414550781,-4.2465118789672855,-9.499176536702041,-3.2329963277975162,0.0,0.0172119177877903,141.00003051757812,6.1962904036045074,-0.4882813096046448,-175.78127145767212,-2466.706572256458,1,1789158642.0384016,38.990796401666664,-76.93776007166667,-6.052,0,1,16.892100000000003,37.540129,151.19161599999998,1,1,1789158642.0491557,-0.17569971078675384,0.9801390241029314,0.08415405644852966,-0.037083687023568825,169.73726481164752,-2.4715122884559806,-159.45222622447346,-0.13323407177411714,-0.1654099146663334,0.27088277935822874,-0.33087637645721435,3.903439030380249,-4.686696178798676
2026-09-11T16:30:42.093,10.225295360000018,-1158.489501953125,-104264.05517578125,-417056.220703125,-793.5653088378907,-29.718731689453126,-6.018424987792969,-4.122621116638184,-9.222040794197788,3.708185144389154,0.0,0.010421756654977798,85.37503051757812,3.7518323957920074,0.0305175818502903,10.986329466104507,5590.157249650475,1,1789158642.0384016,38.990796401666664,-76.93776007166667,-6.052,0,1,16.892100000000003,37.540129,151.19161599999998,1,1,1789158642.0811555,-0.17180930996108637,0.9810836321490052,0.08075967991827747,-0.037872705732601895,170.11542104072893,-2.668774080140417,-159.90312607366778,-0.0525705388005456,-0.13323808603139672,0.2515630317362027,0.4945493676567078,-0.3877549473953247,-5.269407331409454
2026-09-11T16:30:42.127,10.258700959999942,-1158.6884765625,-104281.962890625,-417127.8515625,-793.7016064453126,-29.855029296875003,-5.993372917175293,-4.105460448265076,-9.183653472318072,0.5137063358582902,0.0,0.007835391908884048,64.18753051757812,2.8207410871982574,-0.045776382088661194,-16.47949755191803,-822.1922976412731,1,1789158642.0384016,38.990796401666664,-76.93776007166667,-6.052,0,1,16.892100000000003,37.540129,151.19161599999998,1,1,1789158642.1211557,-0.1683579262242569,0.9817067943521428,0.0812194691156737,-0.03620464661995148,170.10619961328055,-2.50673438404797,-160.32043014261515,0.015312297126521853,-0.019287808096714536,0.18530160668423798,-2.7975430916404727,-0.5255383821678161,-7.342042843093872
2026-09-11T16:30:42.161,10.292119647999925,-1158.8929443359375,-104300.36499023438,-417201.4599609375,-793.8416668701173,-29.99508972167969,-6.097054481506348,-4.176482319831848,-9.342524874355412,-2.1252142384167763,0.0,0.002820972353219986,23.109405517578125,1.015550047159195,-0.0915527492761612,-32.95898973941803,-493.12205755977607,1,1789158642.0384016,38.990796401666664,-76.93776007166667,-6.052,0,1,16.892100000000003,37.540129,151.19161599999998,1,1,1789158642.1491556,-0.16643676761049678,0.9817990808801342,0.0840305518237225,-0.036169511062410994,169.79291733039906,-2.4673939234283835,-160.5367278615344,-0.05503145304585761,-0.035730031380977516,0.14797512263646126,-1.3776382147216797,2.1938457076835634,-11.440340012187958
2026-09-11T16:30:42.194,10.325544287999946,-1159.103271484375,-104319.29443359375,-417277.177734375,-793.9857409667969,-30.13916381835938,-6.228018760681152,-4.26619285106659,-9.543201617453885,-2.6839640227893278,0.0,-0.0049228668212890625,-40.328125,-1.7722320556640625,-0.2899170219898224,-104.37012791633606,-2136.481894101865,1,1789158642.0384016,38.990796401666664,-76.93776007166667,-6.052,0,1,16.892100000000003,37.540129,151.19161599999998,1,1,1789158642.1891556,-0.16465132583806302,0.9818002137700764,0.08649233159664492,-0.03843641132801342,169.47320019665102,-2.6934122191274894,-160.71160419190832,-0.07562825808156788,-0.018346028432338395,0.1059711561933397,1.0784373182868958,0.7066672106552124,-12.030406152420044
2026-09-11T16:30:42.226,10.358950719999939,-1159.3099365234375,-104337.89428710938,-417351.5771484375,-794.1273065185547,-30.28072937011719,-6.255334377288818,-4.284904048442841,-9.585057373932615,-0.5601076276644943,0.0,-0.017108917236328125,-140.15625,-6.159210205078125,-0.4272461533546448,-153.80861520767212,-1479.9092369800874,1,1789158642.0384016,38.990796401666664,-76.93776007166667,-6.052,0,1,16.892100000000003,37.540129,151.19161599999998,1,1,1789158642.2211556,-0.1638866600665763,0.9818771630871923,0.08720594187968657,-0.03812509620901184,169.40039529927589,-2.6528566450701505,-160.80191872253508,-0.018884811572429043,-0.008386656121683152,0.05770547199283812,-1.0453889072418212,1.7109662537193298,-13.794524450016022
2026-09-11T16:30:42.260,10.392357888000106,-1159.5179443359375,-104356.61499023438,-417426.4599609375,-794.2697918701173,-30.423214721679688,-6.229996204376221,-4.267547399997712,-9.546231657117277,0.5195486323486705,0.0,-0.023469924926757812,-192.265625,-8.449172973632812,0.0,0.0,4604.060278527737,1,1789158642.0384016,38.990796401666664,-76.93776007166667,-6.052,0,1,16.892100000000003,37.540129,151.19161599999998,1,1,1789158642.2491555,-0.16373795862997165,0.9817546127135556,0.08737474386245189,-0.0413934228388661,169.31707915603096,-3.018778058785849,-160.78030309474093,0.003522248963449756,0.04104525708500104,0.014406645777661993,0.07874740079879762,0.11640493741989136,-10.164887092151641
2026-09-11T16:30:42.294,10.425765568000088,-1159.7279052734375,-104375.51147460938,-417502.0458984375,-794.4136151123048,-30.56703796386719,-6.282814979553223,-4.3037282609939576,-9.627165938157553,-1.0830102837510762,0.0,-0.0286102294921875,-234.375,-10.2996826171875,-0.015258817933499813,-5.493174456059933,-164.42849237249882,1,1789158642.0384016,38.990796401666664,-76.93776007166667,-6.052,0,1,16.892100000000003,37.540129,151.19161599999998,1,1,1789158642.2891557,-0.16456385823738637,0.9814065994905287,0.08893129309703743,-0.04302380906604513,169.1053480971965,-3.1630699156422075,-160.66050112992608,0.02202099370533766,0.033840886998618855,0.005317494632051124,1.0473502372741699,0.3040061550140381,-10.106635590190887
2026-09-11T16:30:42.328,10.459182368000029,-1159.939453125,-104394.55078125,-417578.203125,-794.558525390625,-30.711948242187503,-6.31056022644043,-4.322733755111694,-9.669680017697946,-0.5687406968282579,0.0,-0.030550003051757812,-250.265625,-10.998001098632812,0.0,0.0,164.38361710485913,1,1789158642.0384016,38.990796401666664,-76.93776007166667,-6.052,0,1,16.892100000000003,37.540129,151.19161599999998,1,1,1789158642.3211555,-0.16589289646329036,0.9809150899173393,0.09172192330450799,-0.043269181420500166,168.77936323627537,-3.1215716725343943,-160.49515531091248,-0.07595533278339162,0.06274598287259774,-0.03848852426375455,-0.960365250339508,0.56662824634552,-8.419401429862976
2026-09-11T16:30:42.360,10.492605568000045,-1160.151123046875,-104413.60107421875,-417654.404296875,-794.7035192871094,-30.856942138671876,-6.312012672424316,-4.323728680610657,-9.671905602654466,-0.029767511757157607,0.0,-0.030214309692382812,-247.515625,-10.877151489257812,0.0,0.0,0.0,1,1789158642.0384016,38.990796401666664,-76.93776007166667,-6.052,0,1,16.892100000000003,37.540129,151.19161599999998,1,1,1789158642.3491557,-0.16698832612660697,0.9806038316125913,0.09297023599650647,-0.04344605370908082,168.630633114264,-3.104477483475039,-160.36236040947315,-0.007575252552430989,0.013705896082986271,-0.01673753299370042,-1.7449953297805785,0.8241508795928956,-9.486561100463867
2026-09-11T16:30:42.394,10.526013440000042,-1160.362548828125,-104432.62939453125,-417730.517578125,-794.8483459472657,-31.001768798828127,-6.339493274688721,-4.342552893161774,-9.714014166879405,-0.5634663755631817,0.0,-0.030355453491210938,-248.671875,-10.927963256835938,0.0457763709127903,16.479493528604507,493.2817489424504,1,1789158642.0384016,38.990796401666664,-76.93776007166667,-6.052,0,1,16.892100000000003,37.540129,151.19161599999998,1,1,1789158642.3891556,-0.16833919503338912,0.9802311902868236,0.09346029025087238,-0.04554012681812017,168.52791836975302,-3.314325940068551,-160.17781342533826,0.02352965631076155,0.04821629138267015,-0.007358657192258492,-1.0245988088989257,-0.14925721546173096,-9.998468238906861
2026-09-11T16:30:42.427,10.55941622399996,-1160.573486328125,-104451.61376953125,-417806.455078125,-794.9928381347656,-31.146260986328127,-6.314399242401123,-4.32536348104477,-9.675562547075799,0.5146101629447063,0.0,-0.030672073364257812,-251.265625,-11.041946411132812,0.0,0.0,-493.35688691831643,1,1789158642.0384016,38.990796401666664,-76.93776007166667,-6.052,0,1,16.892100000000003,37.540129,151.19161599999998,1,1,1789158642.4211557,-0.16916122790639604,0.9801285457178724,0.09302966987757695,-0.04558501250013777,168.57315046504573,-3.318381954920771,-160.08338623845788,-0.03603214787449774,0.08783212381028783,-0.003387160479345395,-0.615465364151001,-0.03363681005477905,-9.028786670913696
2026-09-11T16:30:42.460,10.592821920000006,-1160.7845458984375,-104470.60913085938,-417882.4365234375,-795.1374139404297,-31.29083679199219,-6.33997106552124,-4.34288017988205,-9.714746286421898,-0.5243626367568089,0.0,-0.030550003051757812,-250.265625,-10.998001098632812,0.0,0.0,0.0,1,1789158642.0384016,38.990796401666664,-76.93776007166667,-6.052,0,1,16.892100000000003,37.540129,151.19161599999998,1,1,1789158642.4531555,-0.17013245166364419,0.980212588757584,0.09006879089622452,-0.04610686107907726,168.89511138516983,-3.424992577186851,-159.97383814109946,-0.013825800202598281,0.13658039154896587,0.0008644615785127913,-0.2160405030632019,-0.36922037858963014,-9.569231161327362
2026-09-11T16:30:42.495,10.626240256000074,-1160.998291015625,-104489.84619140625,-417959.384765625,-795.2838293457032,-31.43725219726563,-6.315300941467285,-4.32598114490509,-9.67694422178124,0.5056815209747485,0.0,-0.030672073364257812,-251.265625,-11.041946411132812,0.0457763709127903,16.479493528604507,493.1272918128241,1,1789158642.0384016,38.990796401666664,-76.93776007166667,-6.052,0,1,16.892100000000003,37.540129,151.19161599999998,1,1,1789158642.4891555,-0.17113671745467085,0.9800757043034521,0.08906781680122704,-0.04723094095182835,168.9817818069899,-3.5600285685588804,-159.8467555069005,-0.022104944042358583,0.1417121831486048,-0.002615550417038702,-0.03334261054992676,-0.30557521903991697,-11.232439028759002
2026-09-11T16:30:42.528,10.659659680000004,-1161.2093505859375,-104508.84155273438,-418035.3662109375,-795.4284051513672,-31.58182800292969,-6.342304229736328,-4.344478397369385,-9.718321397121914,-0.5534880692238504,0.0,-0.030550003051757812,-250.265625,-10.998001098632812,0.0,0.0,-493.11123760357856,1,1789158642.0384016,38.990796401666664,-76.93776007166667,-6.052,0,1,16.892100000000003,37.540129,151.19161599999998,1,1,1789158642.5211556,-0.1722129728271264,0.9797311292486771,0.08863139531886895,-0.05112809535848117,168.945335136783,-3.9942649120492644,-159.67458529573926,-0.05407832874134351,0.20914140800307893,-0.003312809453210437,0.8914244997024535,0.3214619923019409,-8.90492867937088
2026-09-11T16:30:42.560,10.693064704000108,-1161.419677734375,-104527.77099609375,-418111.083984375,-795.572479248047,-31.725902099609378,-6.343269348144531,-4.345139503479004,-9.719800249371419,-0.019790619207962438,0.0,-0.029998779296875,-245.75,-10.799560546875,0.0,0.0,0.0,1,1789158642.0384016,38.990796401666664,-76.93776007166667,-6.052,0,1,16.892100000000003,37.540129,151.19161599999998,1,1,1789158642.5491557,-0.17324899491667484,0.9795774319861049,0.0869376195344453,-0.05342930669168159,169.0843067867301,-4.2755148065253685,-159.531963455206,-0.04928548008244188,0.16903670885197764,0.00532185795518111,-1.606525429496765,-0.10179302867889405,-9.643075237045288
2026-09-11T16:30:42.594,10.726477983999985,-1161.6318359375,-104546.865234375,-418187.4609375,-795.7178076171875,-31.871230468750003,-6.344181537628174,-4.3457643532753,-9.721197998557836,-0.018700642268524224,0.0,-0.02809906005859375,-230.1875,-10.11566162109375,0.1220703274011612,43.94531786441803,1315.205147910646,1,1789158642.0384016,38.990796401666664,-76.93776007166667,-6.052,0,1,16.892100000000003,37.540129,151.19161599999998,1,1,1789158642.5891557,-0.17371520590601988,0.9794406459641509,0.08661272778059585,-0.054929806633197804,169.0870212969681,-4.445401540203143,-159.46018374896155,-0.09435284842866386,0.13718916239206147,0.023717453738276145,-1.2631946073341371,1.2608410112953186,-8.22071869758606
2026-09-11T16:30:42.628,10.759885151999924,-1161.839599609375,-104565.56396484375,-418262.255859375,-795.8601257324219,-32.01354858398438,-6.268124580383301,-4.293665337562562,-9.6046558195297,1.559516080885154,0.0,-0.02081298828125,-170.5,-7.49267578125,0.19836431741714478,71.41115427017212,822.1539882040784,1,1789158642.0384016,38.990796401666664,-76.93776007166667,-6.052,0,1,16.892100000000003,37.540129,151.19161599999998,1,1,1789158642.6211557,-0.17297984722096466,0.9798082497272765,0.08409577783018005,-0.05460463691775421,169.38279398444718,-4.468465395925805,-159.56040397258377,0.13758831919199258,-0.0168663382924976,0.06483165132873098,-1.3327237569808958,-3.075463557224274,6.665187848930359
2026-09-11T16:30:42.662,10.793303295999976,-1162.050537109375,-104584.54833984375,-418338.193359375,-796.0046179199219,-32.15804077148438,-6.217385292053223,-4.258908925056458,-9.526907939013183,1.0400461649231505,0.0,-0.0106048583984375,-86.875,-3.8177490234375,0.8850098252296448,318.6035370826721,7396.951273299767,1,1789158642.0384016,38.990796401666664,-76.93776007166667,-6.052,0,1,16.892100000000003,37.540129,151.19161599999998,1,1,1789158642.6491556,-0.17188278373554203,0.9800785567011457,0.08393835601120157,-0.05344795356285009,169.43008402991623,-4.353583492639971,-159.7027366136202,-0.007853458035198884,-0.0448458860641439,0.13334961257059916,1.0805947813224792,-2.504226185302734,-8.845598445892334
2026-09-11T16:30:42.695,10.826754272000016,-1162.260009765625,-104603.40087890625,-418413.603515625,-796.1481066894532,-32.301529541015626,-6.218588829040527,-4.2597333478927615,-9.528752120375708,-0.024645703500623537,0.0,0.013509751297533512,110.67188262939453,4.863510467112064,0.16784679889678955,60.42484760284424,-7718.121273337985,1,1789158642.0384016,38.990796401666664,-76.93776007166667,-6.052,0,1,16.892100000000003,37.540129,151.19161599999998,1,1,1789158642.6891556,-0.1692596203313467,0.9806603566686216,0.0850810822346812,-0.04916965761153367,169.40081508446798,-3.8782114581411053,-160.05485310069867,-0.022809707994313894,-0.13591035964912523,0.21322792191369844,-0.11150161233901977,-0.06992141565322876,-9.014370895175933
2026-09-11T16:30:42.728,10.860159232000115,-1162.4671630859375,-104622.04467773438,-418488.1787109375,-796.2900067138672,-32.44342956542969,-6.2450995445251465,-4.277893187999726,-9.569374525768882,-0.5436270573864163,0.0,0.024908067658543587,204.04689025878906,8.966904357075691,0.7476807236671448,269.1650605201721,6248.779011162266,1,1789158642.0384016,38.990796401666664,-76.93776007166667,-6.052,0,1,16.892100000000003,37.540129,151.19161599999998,1,1,1789158642.7211556,-0.16489743480335833,0.9815182939142136,0.08601662269754853,-0.045075662243733335,169.3941101906506,-3.4465476300550444,-160.6064594606117,-0.0066483081866968,-0.22714500283617603,0.2992318133325222,0.5811420885848999,-0.07511894023895264,-8.753317867870331
2026-09-11T16:30:42.761,10.893567071999996,-1162.67578125,-104640.8203125,-418563.28125,-796.43291015625,-32.586333007812506,-6.244882106781006,-4.27774424314499,-9.569041345617809,0.0044583802705164925,0.0,0.03325271978974342,272.4062805175781,11.970979124307632,0.4119873642921448,148.31545114517212,-3617.4026628308875,1,1789158642.0384016,38.990796401666664,-76.93776007166667,-6.052,0,1,16.892100000000003,37.540129,151.19161599999998,1,1,1789158642.7491555,-0.16048157199297414,0.9823667526445787,0.08698760995362372,-0.04042751617110486,169.38972366342745,-2.952582366695883,-161.1697541482261,-0.05831441736885894,-0.18724695066851085,0.37226441775052416,-2.5698326748847964,-0.19642720273971556,-8.389000814361571
2026-09-11T16:30:42.796,10.926992960000007,-1162.8861083984375,-104659.74975585938,-418638.9990234375,-796.5769842529297,-32.73040710449219,-6.24541711807251,-4.278110725879669,-9.569861144147424,-0.010964038851542634,0.0,0.03499031439423561,286.6406555175781,12.59651318192482,-0.0457763746380806,-16.479494869709015,-4930.159103471791,1,1789158642.0384016,38.990796401666664,-76.93776007166667,-6.052,0,1,16.892100000000003,37.540129,151.19161599999998,1,1,1789158642.7891557,-0.15380119718409738,0.9834898228000758,0.08811508176127537,-0.03645123536476852,169.35537711821544,-2.555920129664473,-161.98564364349278,-0.14381181423875397,-0.10547234109311973,0.36509111452482745,-1.0518612963485716,-1.666247928981781,-12.50092922718048
2026-09-11T16:30:42.828,10.960412447999943,-1163.0927734375,-104678.349609375,-418713.3984375,-796.7185498046875,-32.87197265625,-6.221187114715576,-4.26151317358017,-9.532733477049403,0.4966429258141622,0.0,0.03240204229950905,265.4375305175781,11.664735227823257,-0.3814697265625,-137.3291015625,-3616.141776110479,1,1789158642.0384016,38.990796401666664,-76.93776007166667,-6.052,0,1,16.892100000000003,37.540129,151.19161599999998,1,1,1789158642.8211555,-0.14840861072903092,0.9844620799963475,0.08645340310219107,-0.036539107854380255,169.55684802345138,-2.65270360639741,-162.61185205076904,0.1379225497437495,0.0002214822820780804,0.32089571267290184,0.8143442294311524,0.3537258713340759,-7.556318149127961
2026-09-11T16:30:42.862,10.993826688000127,-1163.300048828125,-104697.00439453125,-418788.017578125,-796.8605334472657,-33.01395629882813,-6.169732093811035,-4.2262664842605595,-9.4538888785356,1.0548403710339158,0.0,0.011894229799509048,97.43753051757812,4.2819227278232574,-0.5950927734375,-214.2333984375,-2301.5426020336545,1,1789158642.0384016,38.990796401666664,-76.93776007166667,-6.052,0,1,16.892100000000003,37.540129,151.19161599999998,1,1,1789158642.8491557,-0.14471508430712116,0.9849359986295194,0.08669977735920129,-0.03797066740945097,169.51359157501275,-2.8489931797414276,-163.02135714329384,0.0948900607724277,0.12642170263773286,0.26711740602997613,3.762223268051147,-3.5357877158164976,4.608831376514435
2026-09-11T16:30:42.895,11.027239104000046,-1163.506591796875,-104715.59326171875,-418862.373046875,-797.0020153808595,-33.15543823242188,-6.1962103843688965,-4.244404113292695,-9.494461599169403,-0.5428409915696905,0.0,0.0059242285788059235,48.531280517578125,2.1327222883701324,-0.1831054836511612,-65.91797411441803,4438.931453608166,1,1789158642.0384016,38.990796401666664,-76.93776007166667,-6.052,0,1,16.892100000000003,37.540129,151.19161599999998,1,1,1789158642.8891556,-0.14095204953911883,0.9854840937652611,0.0851013921057624,-0.04136875303952152,169.6481836647152,-3.298969142515387,-163.42166924030658,0.09729704434385308,0.1875120661818888,0.1816257687466127,-0.1825017595100403,-0.56319591878891,-7.508265563335419
2026-09-11T16:30:42.929,11.060655872000098,-1163.710205078125,-104733.91845703125,-418935.673828125,-797.1414904785157,-33.294913330078124,-6.067631721496582,-4.156327729225159,-9.29744033917581,2.635694273826819,0.0,-0.004642486572265625,-38.03125,-1.671295166015625,-0.3356934189796448,-120.84963083267212,-1643.835116495072,1,1789158642.0384016,38.990796401666664,-76.93776007166667,-6.052,0,1,16.892100000000003,37.540129,151.19161599999998,1,1,1789158642.9211557,-0.13940992050083326,0.9857438624813809,0.08385709186830957,-0.042917360003027,169.76867977619827,-3.5104179789135928,-163.58617077525008,-0.0004173082241518442,0.09037733745847117,0.08365869250291899,-0.8777932559776307,0.812677098903656,-5.793082450046539
2026-09-11T16:30:42.962,11.094073664000007,-1163.9149169921875,-104752.34252929688,-419009.3701171875,-797.2817181396485,-33.43514099121094,-6.095303058624268,-4.175282595157624,-9.339841166691167,-0.5672088069887048,0.0,-0.012584686279296875,-103.09375,-4.530487060546875,-0.12207037210464478,-43.94533395767212,2301.2979695130325,1,1789158642.0384016,38.990796401666664,-76.93776007166667,-6.052,0,1,16.892100000000003,37.540129,151.19161599999998,1,1,1789158642.9491556,-0.13789932004670705,0.9858599319586024,0.08240614511264033,-0.047678080256131544,169.85852883813516,-4.087527591988582,-163.7117310264732,0.1378009002948855,0.2052412952565724,0.11189846886603766,3.099391783618927,-1.033718993549347,-12.187999020519257
2026-09-11T16:30:42.995,11.127480959999957,-1164.1192626953125,-104770.73364257812,-419082.9345703125,-797.4216949462891,-33.57511779785157,-6.122586727142334,-4.193971908092499,-9.381647969068752,-0.5594380621198235,0.0,-0.017620086669921875,-144.34375,-6.343231201171875,-0.22888189554214478,-82.39748239517212,-1151.0104989508045,1,1789158642.0384016,38.990796401666664,-76.93776007166667,-6.052,0,1,16.892100000000003,37.540129,151.19161599999998,1,1,1789158642.9891555,-0.13706083668030405,0.9859727787361916,0.08182054409087433,-0.04875864235601041,169.91039210206392,-4.227714782475207,-163.79859569607746,0.14161828443484747,0.01008590868142483,0.07565269269109581,2.7662598776245115,0.6450814476394654,-11.293142193260193
2026-09-11T16:30:43.028,11.160887903999992,-1164.32470703125,-104789.2236328125,-419156.89453125,-797.5624243164064,-33.715847167968754,-6.175156593322754,-4.229982266426087,-9.462200846515037,-1.0779303348893636,0.0,-0.020587921142578125,-168.65625,-7.411651611328125,-0.2136230617761612,-76.90430223941803,164.43228556758612,1,1789158642.0384016,38.990796401666664,-76.93776007166667,-6.052,0,1,16.892100000000003,37.540129,151.19161599999998,1,1,1789158643.0211556,-0.1365871883081624,0.9858551086598915,0.08420300239263678,-0.048409700549885186,169.64652110977573,-4.154592865836858,-163.8475609227592,-0.1375591721934843,-0.04456715698260041,0.04295185475987965,-0.046679654769897466,2.6985939915084836,-0.9906677993392944
2026-09-11T16:30:43.063,11.19430611200005,-1164.53466796875,-104808.1201171875,-419232.48046875,-797.7062475585938,-33.859670410156255,-6.227317810058594,-4.265712699890137,-9.542127549861606,-1.0691905880766637,0.0,-0.023157119750976562,-189.703125,-8.336563110351562,0.0305175818502903,10.986329466104507,2630.022283222718,1,1789158642.0384016,38.990796401666664,-76.93776007166667,-6.052,0,1,16.892100000000003,37.540129,151.19161599999998,1,1,1789158643.0611556,-0.13591965713552276,0.9859472566090114,0.08372656521630538,-0.04923125294369209,169.6897689562208,-4.262075456647975,-163.91701827088045,-0.023149698132602387,0.04879748602358426,0.055233911239088954,2.699280457019806,-2.2813210271263125,-6.622725053730011
2026-09-11T16:30:43.096,11.227730880000081,-1164.741943359375,-104826.77490234375,-419307.099609375,-797.848231201172,-34.00165405273438,-6.175957202911377,-4.230530683994293,-9.463427621676558,1.0525732264113312,0.0,-0.023260116577148438,-190.546875,-8.373641967773438,0.015258791856467724,5.493165068328381,-164.3441294123842,1,1789158643.0628872,38.990786765,-76.93773699,-6.138999999999999,0,1,9.647236,11.812968999999999,89.340304,1,1,1789158643.0891557,-0.13590695939562683,0.9860427960917334,0.08312767633403466,-0.04836002575201965,169.77287755486233,-4.173381163567555,-163.93103354724693,0.0063186154909950715,-0.11895204250504754,0.02189061761021368,1.1550272560501098,0.23486927137374877,-12.442285459213258
2026-09-11T16:30:43.129,11.261137407999968,-1164.9461669921875,-104845.15502929688,-419380.6201171875,-797.9881243896485,-34.14154724121094,-6.124772548675537,-4.195469195842743,-9.38499730637692,1.0495400225868712,0.0,-0.023225784301757812,-190.265625,-8.361282348632812,0.0,0.0,-164.4338815559343,1,1789158643.0628872,38.990786765,-76.93773699,-6.138999999999999,0,1,9.647236,11.812968999999999,89.340304,1,1,1789158643.1211557,-0.13587212672423216,0.986122206468453,0.08348718596674615,-0.04616978306834152,169.76888774798016,-3.9204243889807424,-163.9587805196579,-0.0163132434525406,-0.08515705766575613,0.03334311909595007,-1.3852874018478394,0.06894075063705445,-11.005905410022736
2026-09-11T16:30:43.162,11.294542911999997,-1165.14990234375,-104863.4912109375,-419453.96484375,-798.1276831054688,-34.28110595703125,-6.125212669372559,-4.195770678520203,-9.385671703919556,-0.009024940245171644,0.0,-0.022615432739257812,-185.265625,-8.141555786132812,0.0,0.0,0.0,1,1789158643.0628872,38.990786765,-76.93773699,-6.138999999999999,0,1,9.647236,11.812968999999999,89.340304,1,1,1789158643.1491556,-0.13537132012106212,0.9862525550643235,0.08388298268272056,-0.04409249974796605,169.76040959245182,-3.6844791659010463,-164.03880698910442,0.01624482654586242,-0.07114311096979287,0.06255260039147677,-1.7266568939781188,-0.28027406162261964,-11.335016589450836
2026-09-11T16:30:43.196,11.327948831999947,-1165.3551025390625,-104881.95922851562,-419527.8369140625,-798.2682452392579,-34.42166809082031,-6.126654624938965,-4.196758418083191,-9.387881214395103,-0.029567800048300036,0.0,-0.01525115966796875,-124.9375,-5.49041748046875,0.3814697563648224,137.32911229133606,4110.921426248434,1,1789158643.0628872,38.990786765,-76.93773699,-6.138999999999999,0,1,9.647236,11.812968999999999,89.340304,1,1,1789158643.1891556,-0.13393773004554113,0.9865407408908413,0.08400874367826146,-0.04172028305749801,169.79042043271363,-3.429115744927433,-164.23059659420048,-0.05073357976282157,-0.003093072500384351,0.09397969703458747,-0.17965783096313476,1.6105461560630796,-6.2765503030204775
2026-09-11T16:30:43.229,11.361369087999947,-1165.5565185546875,-104900.08666992188,-419600.3466796875,-798.406215209961,-34.55963806152344,-5.99782133102417,-4.108507611751556,-9.190469782908805,2.640638250396294,0.0,0.002862930530682206,23.453126907348633,1.0306549910455942,0.5493164658546448,197.75392770767212,1808.029699603052,1,1789158643.0628872,38.990786765,-76.93773699,-6.138999999999999,0,1,9.647236,11.812968999999999,89.340304,1,1,1789158643.2211556,-0.13183330280605507,0.9869895543821818,0.08241166384525873,-0.040986796336933175,169.9917296486881,-3.392624679544359,-164.48679232164514,0.01929304408447052,0.014395301137524031,0.17148296233157287,-3.3473038997077946,1.912983247051239,-4.2593223647499086
2026-09-11T16:30:43.262,11.394772992000071,-1165.7559814453125,-104918.03833007812,-419672.1533203125,-798.5428472900392,-34.696270141601566,-6.0253801345825195,-4.1273853921890264,-9.232698175082815,-0.5651369503815997,0.0,0.007516861893236637,61.57813262939453,2.7060702815651894,-0.01525880303233862,-5.493169091641903,-6084.531221217651,1,1789158643.0628872,38.990786765,-76.93773699,-6.138999999999999,0,1,9.647236,11.812968999999999,89.340304,1,1,1789158643.2491555,-0.12966317999336513,0.9873165252470245,0.08296286568904217,-0.03886774555864939,169.96984080305248,-3.1663482299698003,-164.75852331176446,0.004270995212555324,-0.04527017560530372,0.18267226816610851,-2.076067839241028,2.8188235224914546,-6.235852704849243
2026-09-11T16:30:43.296,11.428182399999969,-1165.9598388671875,-104936.38549804688,-419745.5419921875,-798.6824896240234,-34.83591247558594,-6.078894138336182,-4.164042484760285,-9.314697755816661,-1.097208683595065,0.0,0.007780076004564762,63.73438262939453,2.8008273616433144,-0.061035171151161194,-21.97266161441803,-493.2590401729538,1,1789158643.0628872,38.990786765,-76.93773699,-6.138999999999999,0,1,9.647236,11.812968999999999,89.340304,1,1,1789158643.2891557,-0.12541674304675648,0.9877261610730981,0.08404680263561849,-0.04004755001337355,169.8414355111749,-3.32675867152136,-165.23138555332824,0.0064716808663949745,0.12415399634061663,0.2512305465136978,-0.9299646348381042,0.06560648958206176,-9.928939089260101
2026-09-11T16:30:43.330,11.46158816000002,-1166.1671142578125,-104955.04028320312,-419820.1611328125,-798.8244732666017,-34.97789611816407,-6.184245586395264,-4.236208226680756,-9.476127922961595,-2.1602784046931576,0.0,0.008283616043627262,67.85938262939453,2.9821017757058144,0.1525879055261612,54.93164598941803,2302.127166204859,1,1789158643.0628872,38.990786765,-76.93773699,-6.138999999999999,0,1,9.647236,11.812968999999999,89.340304,1,1,1789158643.3211555,-0.12230518179840354,0.9879213524197876,0.08586846551972453,-0.04098110012683,169.62960253342487,-3.4379697472539177,-165.57324519541802,-0.07043136570082957,0.20405482043106665,0.25287778826173,-0.2928265738296509,0.17504870538711548,-4.2657947538566585
2026-09-11T16:30:43.364,11.49499270399997,-1166.376708984375,-104973.90380859375,-419895.615234375,-798.9680456542969,-35.121468505859376,-6.235628128051758,-4.271405267715455,-9.554861461425041,-1.0536602755227304,0.0,0.008300782181322575,68.00000762939453,2.988281585276127,0.0762939527630806,27.465822994709015,-822.2181687242955,1,1789158643.0628872,38.990786765,-76.93773699,-6.138999999999999,0,1,9.647236,11.812968999999999,89.340304,1,1,1789158643.3611555,-0.11838163527332787,0.9881763031307879,0.08719509215790458,-0.04347871047256049,169.45470170156077,-3.743198109540299,-165.9916965727071,-0.009924116659764956,0.1842123466980683,0.23512290284704213,-1.364987636013031,0.5162220645141602,-5.598910776844025
2026-09-11T16:30:43.397,11.528525632000083,-1166.588134765625,-104992.93212890625,-419971.728515625,-799.1128723144532,-35.26629516601563,-6.314400672912598,-4.32536446094513,-9.675564739050476,-1.6091405209080596,0.0,0.008348465897142887,68.39063262939453,3.0054477229714394,0.0610351637005806,21.972658932209015,-163.814029674994,1,1789158643.0628872,38.990786765,-76.93773699,-6.138999999999999,0,1,9.647236,11.812968999999999,89.340304,1,1,1789158643.3891556,-0.11522762934968026,0.9882620146983971,0.08894225232928757,-0.046368733962781926,169.22479212943972,-4.080140136900113,-166.31415512684725,-0.12578710092170772,0.08436188565854752,0.27655248143333233,2.5553188326454164,1.2769239175605773,-13.655564217224121
2026-09-11T16:30:43.429,11.561931360000017,-1166.8016357421875,-105012.14721679688,-420048.5888671875,-799.2591204833985,-35.412543334960944,-6.419269561767578,-4.3971996498107915,-9.836255480070657,-2.15038537300559,0.0,0.014482499100267887,118.64063262939453,5.213699676096439,0.2899170219898224,104.37012791633606,2466.5670804806064,1,1789158643.0628872,38.990786765,-76.93773699,-6.138999999999999,0,1,9.647236,11.812968999999999,89.340304,1,1,1789158643.4211557,-0.11096629377962214,0.9885931742818241,0.09110049239034257,-0.04550513920908802,169.00716773164712,-3.999856312312007,-166.8060489975883,-0.12763086674351454,-0.07975282016988089,0.2919349407957843,-5.018651286773681,0.5388754263877868,-10.790061039962767
2026-09-11T16:30:43.463,11.595337951999909,-1167.01806640625,-105031.6259765625,-420126.50390625,-799.4073754882813,-35.56079833984375,-6.446018218994141,-4.415522480010987,-9.877242483918625,-0.5484794797462255,0.0,0.025152208283543587,206.04689025878906,9.054794982075691,0.2441406548023224,87.89063572883606,-493.3006092795474,1,1789158643.0628872,38.990786765,-76.93773699,-6.138999999999999,0,1,9.647236,11.812968999999999,89.340304,1,1,1789158643.4491556,-0.10705311077465814,0.9890838446752012,0.09201801836200127,-0.04225475088935973,168.96169649056012,-3.6628555286976643,-167.2912725870911,0.008963487439467278,-0.27967714439317776,0.32710943387585206,-0.6540054992866516,1.2578009497451783,-7.304875638980866
2026-09-11T16:30:43.497,11.628745471999991,-1167.2335205078125,-105051.01684570312,-420204.0673828125,-799.5549615478516,-35.708384399414065,-6.447232246398926,-4.416354088783264,-9.879102739762123,-0.02489286161545878,0.0,0.03544998541474342,290.4062805175781,12.761994749307632,0.2136230766773224,76.90430760383606,-328.8579375234338,1,1789158643.0628872,38.990786765,-76.93773699,-6.138999999999999,0,1,9.647236,11.812968999999999,89.340304,1,1,1789158643.4891555,-0.10020267681143638,0.9901152429312401,0.09173642172361753,-0.03486629037309137,169.11203485008787,-2.9037795505816644,-168.1655404250067,0.100157813520797,-0.3235330797055905,0.3807058772107199,-1.3435110721588135,0.5439748844718933,-8.629067610321044
2026-09-11T16:30:43.531,11.662153792000026,-1167.4478759765625,-105070.30883789062,-420281.2353515625,-799.7017950439454,-35.85521789550781,-6.423097610473633,-4.399821863174439,-9.84212120430931,0.4948535457277793,0.0,0.040899280458688736,335.0469055175781,14.723740965127945,0.10681155323982239,38.45215916633606,-1150.9752192705198,1,1789158643.0628872,38.990786765,-76.93773699,-6.138999999999999,0,1,9.647236,11.812968999999999,89.340304,1,1,1789158643.5211556,-0.09451600668516218,0.9906281351589632,0.09394897893743091,-0.029936794557526143,168.93270438417701,-2.3815027767504433,-168.86903711025286,0.013988639421809352,-0.30161785295292365,0.39701126668162656,-0.7378523581695556,0.6260565463256835,-10.821932652988433
2026-09-11T16:30:43.564,11.695569215999967,-1167.66552734375,-105089.8974609375,-420359.58984375,-799.8508862304689,-36.004309082031256,-6.476440906524658,-4.4363620209693915,-9.923859209398234,-1.093511720665808,0.0,0.04110336676239967,336.7187805175781,14.797212034463882,0.1220703199505806,43.945315182209015,164.38983434364638,1,1789158643.0628872,38.990786765,-76.93773699,-6.138999999999999,0,1,9.647236,11.812968999999999,89.340304,1,1,1789158643.5611556,-0.08695100341730373,0.9913164273673578,0.09557417361892576,-0.024430333059572037,168.82331800140082,-1.8232210557087056,-169.7961183269674,0.0025125759911710367,-0.24179023512258563,0.41181567299581806,-1.2753548535346986,-0.7615844515609742,-10.865474179706572
2026-09-11T16:30:43.597,11.728975839999976,-1167.8773193359375,-105108.95874023438,-420435.8349609375,-799.9959637451173,-36.14938659667969,-6.39920711517334,-4.3834568738937385,-9.80551376586823,1.5836723601774216,0.0,0.041448596864938736,339.5469055175781,14.921494871377945,0.0,0.0,-1315.4671116182824,1,1789158643.0628872,38.990786765,-76.93773699,-6.138999999999999,0,1,9.647236,11.812968999999999,89.340304,1,1,1789158643.5891557,-0.08160325620829881,0.9919280967144725,0.09401430524519105,-0.024101243409225048,169.01541951126262,-1.8607011911624476,-170.4151140592757,0.055094459431854606,-0.12375449047483512,0.420866426897885,-0.7687433061790466,-0.28409865518569943,-12.092874513950349
2026-09-11T16:30:43.630,11.762382399999979,-1168.0869140625,-105127.822265625,-420511.2890625,-800.1395361328125,-36.292958984375005,-6.296061038970947,-4.312801811695099,-9.647462893018732,2.1150056216094373,0.0,0.042112354189157486,344.9844055175781,15.160447508096695,-0.015258789993822575,-5.493164397776127,-164.43370397238206,1,1789158643.0628872,38.990786765,-76.93773699,-6.138999999999999,0,1,9.647236,11.812968999999999,89.340304,1,1,1789158643.6211557,-0.07602606399077667,0.9924677097824837,0.09312438280021428,-0.023573967872664234,169.13294602222973,-1.8700676611054914,-171.06115244087246,0.012392535820860537,-0.03037221964320532,0.43050448409324815,-0.7332432325935364,-1.8649306612586976,-8.996032459373474
2026-09-11T16:30:43.664,11.795786143999976,-1168.2947998046875,-105146.53198242188,-420586.1279296875,-800.281937866211,-36.43536071777344,-6.243507385253906,-4.276802558898926,-9.566934857952132,1.0777011342254184,0.0,0.041959766298532486,343.7344055175781,15.105515867471695,0.0,0.0,164.4475660505764,1,1789158643.0628872,38.990786765,-76.93773699,-6.138999999999999,0,1,9.647236,11.812968999999999,89.340304,1,1,1789158643.6611557,-0.06849735600173702,0.9930463133017592,0.09255823413255826,-0.024497043756708588,169.20436811947158,-2.061569335002795,-171.9135006707751,-0.01676528372880713,0.040505252214434004,0.42590868310689667,-2.3290794134140014,-1.9517195151901245,-8.693889567890167
2026-09-11T16:30:43.698,11.829202592000001,-1168.50244140625,-105165.2197265625,-420660.87890625,-800.4241723632813,-36.577595214843754,-6.165641784667969,-4.223464622497559,-9.447621292272625,1.5961581674188268,0.0,0.043119434267282486,353.2344055175781,15.522996336221695,0.1220703274011612,43.94531786441803,1315.0804617051044,1,1789158643.0628872,38.990786765,-76.93773699,-6.138999999999999,0,1,9.647236,11.812968999999999,89.340304,1,1,1789158643.6891556,-0.0640422249290927,0.9933543244820551,0.0925686421002781,-0.02401720130744368,169.21620518985392,-2.0549857335478485,-172.42843422068307,-0.02974233031616057,0.049082498290434935,0.4058956907059785,-2.7582184244918824,-0.9028002138900757,-12.441697060203552
2026-09-11T16:30:43.731,11.86262547199999,-1168.7049560546875,-105183.44604492188,-420733.7841796875,-800.562894897461,-36.71631774902344,-6.0892133712768555,-4.171111159324647,-9.330509930486404,1.5663959291637806,0.0,0.04876137152314186,399.4531555175781,17.55409374833107,0.2288818657398224,82.39747166633606,1150.473980756012,1,1789158643.0628872,38.990786765,-76.93773699,-6.138999999999999,0,1,9.647236,11.812968999999999,89.340304,1,1,1789158643.7211556,-0.05792903214469654,0.993780387834177,0.0918380022806269,-0.02470929638891218,169.30774838898577,-2.2047731724465973,-173.12148069579047,0.009813288252263318,0.03365134424185227,0.44169221913145695,-0.8434699804115295,0.46248162162780765,-9.418601014842988
2026-09-11T16:30:43.764,11.89604339199991,-1168.91015625,-105201.9140625,-420807.65625,-800.7034570312501,-36.8568798828125,-6.142275810241699,-4.207458930015564,-9.41181757788019,-1.0876730416197247,0.0,0.05451393499970436,446.5781555175781,19.62501659989357,0.1525879204273224,54.93165135383606,-821.8889838914537,1,1789158643.0628872,38.990786765,-76.93773699,-6.138999999999999,0,1,9.647236,11.812968999999999,89.340304,1,1,1789158643.7601557,-0.05012922524422024,0.9940700124235146,0.09347107311149112,-0.02397977623152289,169.1419754900608,-2.1951881344196313,-174.01758430668673,-0.08428544023731016,-0.04803669700263993,0.4820761709628774,-0.7957115941238404,-0.5536834681320191,-10.11340217880249
2026-09-11T16:30:43.797,11.929452128000094,-1169.1123046875,-105220.107421875,-420880.4296875,-800.8419287109375,-36.995351562500005,-6.065592288970947,-4.154930717945099,-9.294315313943036,1.5722897169823171,0.0,0.06478691846132278,530.7344360351562,23.323290646076202,0.4882812798023224,175.78126072883606,3617.3056464733527,1,1789158643.0628872,38.990786765,-76.93773699,-6.138999999999999,0,1,9.647236,11.812968999999999,89.340304,1,1,1789158643.7891557,-0.04361282589140454,0.9946079430197957,0.09131497875936949,-0.02268338056536265,169.41169750282114,-2.129437060955358,-174.78111608890825,0.09154723165608296,-0.08201808300604434,0.49818067303687946,-0.6880345753479004,-1.0831445103645325,-4.326301785354614
2026-09-11T16:30:43.831,11.962858432000075,-1169.3138427734375,-105238.24584960938,-420952.9833984375,-800.9799822998048,-37.13340515136719,-6.015259265899658,-4.120452597141266,-9.217189954235106,1.0320842678032087,0.0,0.08110810071229935,664.4375610351562,29.198916256427765,0.0152588477358222,5.493185184895992,-5097.4832637586105,1,1789158643.0628872,38.990786765,-76.93773699,-6.138999999999999,0,1,9.647236,11.812968999999999,89.340304,1,1,1789158643.8211555,-0.03549124371449436,0.9948681044225313,0.09209371267493771,-0.02228395180536929,169.34142334438346,-2.1664195427209125,-175.7116433149657,-0.11206305341450072,-0.17879676456205512,0.5427923359154058,2.050864748325348,-4.758186658477784,-4.644821782608032
2026-09-11T16:30:43.865,11.996279360000017,-1169.5179443359375,-105256.61499023438,-421026.4599609375,-801.1197918701173,-37.27321472167969,-6.043030261993408,-4.139475729465485,-9.259743489319705,-0.5691982079088982,0.0,0.0862732008099556,706.7500610351562,31.058352291584015,0.3509522080421448,126.34279489517212,3615.9860585106503,1,1789158643.0628872,38.990786765,-76.93773699,-6.138999999999999,0,1,9.647236,11.812968999999999,89.340304,1,1,1789158643.8611555,-0.023980086744569192,0.9952941300245595,0.09214783373564582,-0.017981293507584817,169.3749224499312,-1.7978885601837797,-177.0724305167092,-0.006786189197604352,-0.3194755382605541,0.5891282095619771,-3.130478864631653,-1.5405266739082337,-9.165687507171631
2026-09-11T16:30:43.898,12.029702911999948,-1169.7237548828125,-105275.13793945312,-421100.5517578125,-801.2607720947266,-37.414194946289065,-6.123075008392334,-4.194306380748749,-9.382396163092217,-1.640479482353544,0.0,0.0986328199505806,808.0000610351562,35.507815182209015,0.3814697861671448,137.32912302017212,328.70019694563445,1,1789158643.0628872,38.990786765,-76.93773699,-6.138999999999999,0,1,9.647236,11.812968999999999,89.340304,1,1,1789158643.8891556,-0.014912046088739557,0.9954654906653455,0.09278836780501601,-0.014710763947916476,169.3249256633261,-1.519707340681856,-178.14155843123035,-0.0025511477676401113,-0.3375068838287579,0.6565682554578136,-1.1343352242088318,-0.1382737672805786,-11.48760806596756
2026-09-11T16:30:43.931,12.063124863999974,-1169.92333984375,-105293.1005859375,-421172.40234375,-801.3974877929688,-37.55091064453125,-6.020416736602783,-4.123985464572907,-9.225092753607958,2.104033785213611,0.0,0.11457062512636185,938.5625610351562,41.245425045490265,0.5340576767921448,192.26076364517212,1643.579663598259,1,1789158643.0628872,38.990786765,-76.93773699,-6.138999999999999,0,1,9.647236,11.812968999999999,89.340304,1,1,1789158643.9211557,-0.004112573205973039,0.9958647717630734,0.09024030951686038,-0.009650370003702552,169.63930484591225,-1.0588110554326544,-179.43078373353512,0.06803991555974695,-0.4640682128066503,0.7106991186096421,-0.15141467849731446,-1.9357346754264833,-8.271419078922271
2026-09-11T16:30:43.964,12.09652956800005,-1170.1163330078125,-105310.46997070312,-421241.8798828125,-801.5296881103516,-37.68311096191407,-5.811851978302002,-3.9811186051368717,-8.905508690803657,4.27684853713136,0.0,0.12295151501893997,1007.2188110351562,44.26254540681839,0.3051758408546448,109.86330270767212,-2466.6424506354056,1,1789158643.0628872,38.990786765,-76.93773699,-6.138999999999999,0,1,9.647236,11.812968999999999,89.340304,1,1,1789158643.9611557,0.010160651594364594,0.9960230366808307,0.08850969836536268,-0.0009512389536903875,169.84584000142726,-0.2116249774670416,178.84986839385044,0.05067912549015935,-0.4657932962393215,0.7537192157432748,-2.1659948212242126,-2.6676049769973753,-9.375157554626464
2026-09-11T16:30:43.997,12.129940512000076,-1170.303955078125,-105327.35595703125,-421309.423828125,-801.6582092285157,-37.81163208007813,-5.630002975463867,-3.856552038192749,-8.626861216429726,3.7283162949251056,0.0,0.1289673000574112,1056.5001220703125,46.42822802066803,0.09155279397964478,32.95900583267212,-2301.7696499369495,1,1789158643.0628872,38.990786765,-76.93773699,-6.138999999999999,0,1,9.647236,11.812968999999999,89.340304,1,1,1789158643.9891555,0.02066411996863102,0.9960056020795796,0.08680233018445524,0.003345182590671135,170.03478341342074,0.17625663009093162,177.6075443391374,0.03000063904545573,-0.42431537203275105,0.7715100549405538,-1.803050698738098,-2.2545488721847535,-9.547362331466674
2026-09-11T16:30:44.032,12.163361663999922,-1170.4859619140625,-105343.73657226562,-421374.9462890625,-801.7828839111329,-37.93630676269532,-5.4226250648498535,-3.71449816942215,-8.30909576195004,4.250418081676329,0.0,0.13033868372440338,1067.7344970703125,46.92192614078522,0.0,0.0,-986.1720455603626,1,1789158643.0628872,38.990786765,-76.93773699,-6.138999999999999,0,1,9.647236,11.812968999999999,89.340304,1,1,1789158644.0211556,0.032813012293495904,0.9958469703724441,0.08467976616700965,0.006438557769570672,170.26548261842603,0.416340012612312,176.19013698046803,0.06703495497644861,-0.3476488175791717,0.7644896425573319,-0.9242767777442932,-2.4508780084228516,-9.44939389635086
2026-09-11T16:30:44.065,12.19677987199998,-1170.6588134765625,-105359.29321289062,-421437.1728515625,-801.9012872314454,-38.05471008300781,-5.215819358825684,-3.5728362607955937,-7.992207097341602,4.239063585525386,0.0,0.13006974756717682,1065.5313720703125,46.825109124183655,-0.0305175818502903,-10.986329466104507,-328.7528004519469,1,1789158644.0581148,38.99077417833333,-76.93771745166667,-6.2669999999999995,0,1,8.059921,8.976016,71.0649,1,1,1789158644.0611556,0.04707021373526574,0.9954022776632832,0.08300018354212373,0.008346863700734895,170.4429630288193,0.504398537971021,174.54310508610894,0.0876282693536549,-0.24988175606775656,0.7397136466277211,-1.9375979389572144,-2.6228866522598264,-9.044869577178956
2026-09-11T16:30:44.099,12.230198303999941,-1170.8245849609375,-105374.21264648438,-421496.8505859375,-802.0148406982422,-38.16826354980469,-4.982870101928711,-3.413266019821167,-7.635258634174041,4.774917056988405,0.0,0.130250945687294,1067.0157470703125,46.89034044742584,0.03051757998764515,10.986328795552254,657.5011736541564,1,1789158644.0581148,38.99077417833333,-76.93771745166667,-6.2669999999999995,0,1,8.059921,8.976016,71.0649,1,1,1789158644.0891557,0.05641810699292835,0.9949735906326846,0.08223392385393621,0.009062721137857931,170.52193072681283,0.5016522588651312,173.4676638757762,0.10324966429070495,-0.17705614769904116,0.7088516875964062,-2.1982587002563476,-1.0653944735717773,-10.160572166080474
2026-09-11T16:30:44.131,12.263602592000098,-1170.9840087890625,-105388.56079101562,-421554.2431640625,-802.1240460205079,-38.277468872070315,-4.8278069496154785,-3.307047760486603,-7.3976551549897085,3.1797791748792146,0.0,0.12947846949100494,1060.6876220703125,46.61224901676178,0.03051757998764515,10.986328795552254,0.0,1,1789158644.0581148,38.99077417833333,-76.93771745166667,-6.2669999999999995,0,1,8.059921,8.976016,71.0649,1,1,1789158644.1201556,0.06681495493093,0.9944357038409346,0.0810104557060618,0.00840825726645531,170.66272568299806,0.3379051117343605,172.28468881420972,0.12695402805959113,-0.10866402469624177,0.6593522301476699,-0.42727574754714964,-2.9332671298789976,-10.945692578029632
2026-09-11T16:30:44.165,12.29700944000001,-1171.135009765625,-105402.15087890625,-421608.603515625,-802.2274816894532,-38.38090454101563,-4.543570041656494,-3.112345478534699,-6.962118554345686,5.828214680786697,0.0,0.13009263575077057,1065.7188720703125,46.833348870277405,-0.1678466945886612,-60.42481005191803,-2137.6197732768974,1,1789158644.0581148,38.99077417833333,-76.93771745166667,-6.2669999999999995,0,1,8.059921,8.976016,71.0649,1,1,1789158644.1611557,0.08085591687294608,0.993510357364205,0.07953782568275813,0.008557149194913925,170.826276060809,0.23726393724656028,170.67554565959094,0.1261703752254457,-0.16138501087830925,0.6982269957748907,0.3175393322372436,-1.1041307417106627,-11.079651419239044
2026-09-11T16:30:44.199,12.330416735999961,-1171.283935546875,-105415.55419921875,-421662.216796875,-802.3294958496094,-38.482918701171876,-4.493714809417725,-3.0781946444511417,-6.885725314180249,1.0222567574343056,0.0,0.13007737696170807,1065.5938720703125,46.827855706214905,0.03051757998764515,10.986328795552254,2137.5911072711942,1,1789158644.0581148,38.99077417833333,-76.93771745166667,-6.2669999999999995,0,1,8.059921,8.976016,71.0649,1,1,1789158644.1891556,0.0906099127999731,0.9926483102038175,0.07983156578477786,0.008130009608716723,170.79525831094665,0.09587984331825777,169.5611589976293,0.08361628100209555,-0.0909194367241406,0.715080767696774,-1.8503187525177,-0.5451516824913025,-11.070040902080535
2026-09-11T16:30:44.233,12.3638565440001,-1171.4302978515625,-105428.72680664062,-421714.9072265625,-802.4297540283204,-38.583176879882814,-4.339388847351074,-2.972481360435486,-6.649251432613374,3.161300567730994,0.0,0.12972833216190338,1062.7344970703125,46.70219957828522,0.0,0.0,-328.54042689199974,1,1789158644.0581148,38.99077417833333,-76.93771745166667,-6.2669999999999995,0,1,8.059921,8.976016,71.0649,1,1,1789158644.2211556,0.10205531547445769,0.991494891004258,0.08054518100330771,0.005921782924732748,170.7390758820051,-0.26913603563422106,168.26819496721382,0.0715305740637356,0.002835810968640387,0.7405706032904503,-1.2682940654182435,-2.204534956359863,-7.090208066940307
2026-09-11T16:30:44.265,12.397278336,-1171.5712890625,-105441.416015625,-421765.6640625,-802.5263330078126,-38.679755859375,-4.131927490234375,-2.8303703308105472,-6.33135811294413,4.25204697657647,0.0,0.1293945461511612,1060.0001220703125,46.58203661441803,0.0457763709127903,16.479493528604507,493.0762996985392,1,1789158644.0581148,38.99077417833333,-76.93771745166667,-6.2669999999999995,0,1,8.059921,8.976016,71.0649,1,1,1789158644.2611556,0.11553398121687078,0.9899939243558874,0.08091832665299949,0.004019121083997472,170.72604037887848,-0.6153583007229517,166.73709926557632,-0.04865384542614512,-0.04185666065425321,0.6770940255929677,2.1238262255287172,-2.5038339192962646,-4.575488765964508
2026-09-11T16:30:44.298,12.430684960000008,-1171.700439453125,-105453.03955078125,-421812.158203125,-802.6148010253906,-38.76822387695313,-3.951569080352783,-2.706824820041657,-6.054994676184802,3.6982339421325343,0.0,0.129243865609169,1058.7657470703125,46.52779161930084,-0.1068115308880806,-38.452151119709015,-1644.333909595287,1,1789158644.0581148,38.99077417833333,-76.93771745166667,-6.2669999999999995,0,1,8.059921,8.976016,71.0649,1,1,1789158644.2891557,0.12346944619894758,0.9892680807521735,0.07812613533956629,0.0005169498427441387,171.09892842474747,-1.0468279169205263,165.85301116086302,0.229421261246627,-0.00455234228797681,0.582596838435164,1.8967042077827454,-1.603093101940155,-6.998712020931245
2026-09-11T16:30:44.332,12.464093695999964,-1171.83154296875,-105464.8388671875,-421859.35546875,-802.7046069335938,-38.858029785156255,-3.9001870155334473,-2.6716281056404116,-5.9762618683795825,1.053518289386701,0.0,0.1256885677576065,1029.6407470703125,45.24788439273834,-0.061035171151161194,-21.97266161441803,493.26887151051784,1,1789158644.0581148,38.99077417833333,-76.93771745166667,-6.2669999999999995,0,1,8.059921,8.976016,71.0649,1,1,1789158644.3211555,0.13461463813029154,0.9877593362935665,0.07880536397201726,0.0003276815244160345,171.03664955207066,-1.1786212183269977,164.5711421573358,0.006199409503083859,0.02079228191193365,0.7872876568456574,-6.045701758213043,-1.7117507857322694,-7.347926833190917
2026-09-11T16:30:44.365,12.49750348800012,-1171.960693359375,-105476.46240234375,-421905.849609375,-802.7930749511719,-38.94649780273438,-3.848587989807129,-2.6362827730178835,-5.897196611081515,1.0579333335078007,0.0,0.12545587122440338,1027.7344970703125,45.16411364078522,0.0,0.0,657.6713082893452,1,1789158644.0581148,38.99077417833333,-76.93771745166667,-6.2669999999999995,0,1,8.059921,8.976016,71.0649,1,1,1789158644.3611555,0.14861856258848888,0.9856985438728226,0.07943709432579972,-0.0008071593415891745,171.00131352943023,-1.4441718629005464,162.96528793280504,-0.01975136754604423,-0.056688119571850625,0.7730216846057061,-2.4960866656684875,-1.3789130792427065,-8.345361221141815
2026-09-11T16:30:44.400,12.530924928000104,-1172.0838623046875,-105487.54760742188,-421950.1904296875,-802.877445678711,-39.03086853027344,-3.6660349369049072,-2.5112339317798615,-5.617470319836835,3.741575504768284,0.0,0.12483979761600494,1022.6876220703125,44.94232714176178,-0.015258795581758022,-5.493166409432888,-164.36055446550378,1,1789158644.0581148,38.99077417833333,-76.93771745166667,-6.2669999999999995,0,1,8.059921,8.976016,71.0649,1,1,1789158644.3891556,0.1573350160228502,0.9845235937235304,0.07717674371823663,0.0016541958300677311,171.22707117501747,-1.2049055353373963,161.9332980922362,0.2013342011930579,-0.27519915313133586,0.531293234138641,-4.38945661239624,-1.4505016254234315,-14.285445357112884
2026-09-11T16:30:44.432,12.564330848000054,-1172.199951171875,-105497.99560546875,-421991.982421875,-802.9569665527345,-39.110389404296875,-3.509202241897583,-2.4038035356998444,-5.377155367975666,3.215908919143,0.0,0.1253967434167862,1027.2501220703125,45.14282763004303,0.0,0.0,164.43691445830825,1,1789158644.0581148,38.99077417833333,-76.93771745166667,-6.2669999999999995,0,1,8.059921,8.976016,71.0649,1,1,1789158644.4211557,0.1669620122489903,0.9830283574043741,0.07600589340872685,0.0014279957168694768,171.37614804564026,-1.293428764285462,160.81875062489866,0.12418837932688093,-0.13186625723932918,0.6776012182735973,0.2752726700401306,-2.7633178825759885,-5.504080469779968
2026-09-11T16:30:44.465,12.597736319999967,-1172.3131103515625,-105508.17993164062,-422032.7197265625,-803.0344805908204,-39.18790344238282,-3.4063048362731934,-2.333318812847138,-5.21948553339105,2.1099753613087704,0.0,0.12422753870487213,1017.6719970703125,44.72191393375397,-0.01525880303233862,-5.493169091641903,-164.43920001059107,1,1789158644.0581148,38.99077417833333,-76.93771745166667,-6.2669999999999995,0,1,8.059921,8.976016,71.0649,1,1,1789158644.4611557,0.18055940467944354,0.9807199670288055,0.07474290212138071,0.000382407239852598,171.5589156348652,-1.5036710948792313,159.24726915361722,0.04191617638174622,-0.129335180758087,0.7339486495754587,-0.6237029502868653,-0.9605613833427429,-10.202446562271117
2026-09-11T16:30:44.500,12.631148639999992,-1172.4239501953125,-105518.15551757812,-422072.6220703125,-803.1104058837891,-39.26382873535157,-3.329477310180664,-2.280691957473755,-5.101762610669632,1.5750733673490378,0.0,0.12090684473514557,990.4688720703125,43.526464104652405,-0.2899170219898224,-104.37012791633606,-2959.296415951374,1,1789158644.0581148,38.99077417833333,-76.93771745166667,-6.2669999999999995,0,1,8.059921,8.976016,71.0649,1,1,1789158644.4891555,0.1909723440534521,0.978821738718626,0.07373747736406319,-0.0005933384870743216,171.70979233863102,-1.6804501338878994,158.04186116369274,0.151313588429676,-0.09523371610214539,0.7895555376756987,-2.446563082351685,0.07070594766616821,-9.799099041118621
2026-09-11T16:30:44.534,12.664571168000066,-1172.5281982421875,-105527.53784179688,-422110.1513671875,-803.1818157958985,-39.33523864746094,-3.148375988006592,-2.1566375517845153,-4.824260808394133,3.7117002546595517,0.0,0.11759759485721588,963.3594970703125,42.33513414859772,-0.2288818508386612,-82.39746630191803,657.4206958363401,1,1789158644.0581148,38.99077417833333,-76.93771745166667,-6.2669999999999995,0,1,8.059921,8.976016,71.0649,1,1,1789158644.5291557,0.20692808450566955,0.9756384893657291,0.07283367013627957,-0.002358475238809873,171.8810962877714,-1.9911255425202898,156.1919286063929,0.15787724814765106,-0.03445890808675005,0.849180348246955,-2.8168621924591064,0.21751150058746335,-11.359239015350342
2026-09-11T16:30:44.567,12.697990688000118,-1172.6307373046875,-105536.76635742188,-422147.0654296875,-803.252055053711,-39.40547790527344,-3.0446741580963135,-2.0856017982959747,-4.665358353382186,2.1255767135024572,0.0,0.11080743372440338,907.7344970703125,39.89067614078522,-0.1678467094898224,-60.42481541633606,657.4795474485462,1,1789158644.0581148,38.99077417833333,-76.93771745166667,-6.2669999999999995,0,1,8.059921,8.976016,71.0649,1,1,1789158644.5611556,0.2207084654794578,0.9726144842000798,0.07274109134437319,-0.0041918993243097976,171.9659814081493,-2.307543973801035,154.5916622672773,0.1604531795906695,-0.022052060566023154,0.9162950647702198,-0.2977298989105225,-2.2826939581489563,-8.258572367210387
2026-09-11T16:30:44.599,12.731399552000084,-1172.7255859375,-105545.302734375,-422181.2109375,-803.3170263671875,-39.470449218750005,-2.9151623249053955,-1.9968861925601962,-4.466907195240234,2.655451132246457,0.0,0.10407067835330963,852.5469970703125,37.46544420719147,-0.10681155323982239,-38.45215916633606,657.6894158993894,1,1789158644.0581148,38.99077417833333,-76.93771745166667,-6.2669999999999995,0,1,8.059921,8.976016,71.0649,1,1,1789158644.5891557,0.23321279188877572,0.9696744666356274,0.07281889710525351,-0.006374219852548852,172.04491687409254,-2.6552594316514746,153.1383456546874,0.09742951483407945,0.05453385967611402,0.9698262327910631,-1.8962138752746582,-0.42433375249862676,-10.195581907157898
2026-09-11T16:30:44.632,12.764807519999977,-1172.8175048828125,-105553.57543945312,-422214.3017578125,-803.3799908447266,-39.53341369628907,-2.7867190837860107,-1.9089025723934174,-4.270093442182836,2.6336118427514843,0.0,0.08955766260623932,733.6563720703125,32.240758538246155,-0.6256104111671448,-225.21974802017212,-5590.510289474615,1,1789158644.0581148,38.99077417833333,-76.93771745166667,-6.2669999999999995,0,1,8.059921,8.976016,71.0649,1,1,1789158644.6211557,0.24876514560618931,0.9657089664322686,0.07345029499580016,-0.011276020968439876,172.1554789630184,-3.343527903024353,151.33879731182722,0.10689426083471952,0.05444013549528193,1.0457730134611198,-0.42403955299377444,-0.8272890076446534,-10.536657199783326
2026-09-11T16:30:44.667,12.798337087999926,-1172.9058837890625,-105561.52954101562,-422246.1181640625,-803.4405303955078,-39.59395324707032,-2.6838276386260986,-1.8384219324588777,-4.112432740826046,2.1020443787002234,0.0,0.08243180811405182,675.2813720703125,29.675450921058655,0.061035171151161194,21.97266161441803,7372.370846977992,1,1789158644.0581148,38.99077417833333,-76.93771745166667,-6.2669999999999995,0,1,8.059921,8.976016,71.0649,1,1,1789158644.6611557,0.2692565535039892,0.960035347756785,0.07438535806736246,-0.017316407186611652,172.3072847727079,-4.203907714337963,148.94884137223337,0.123176786492425,0.12789353879593968,1.1344404518514122,-1.8188394054985046,-0.7739408307647705,-9.778210876274109
2026-09-11T16:30:44.700,12.831758144000105,-1172.98974609375,-105569.0771484375,-422276.30859375,-803.4979760742189,-39.65139892578125,-2.503880500793457,-1.715158143043518,-3.8366994967866774,3.688207500525966,0.0,0.08212091028690338,672.7344970703125,29.563527703285217,0.0,0.0,-657.4496513305907,1,1789158644.0581148,38.99077417833333,-76.93771745166667,-6.2669999999999995,0,1,8.059921,8.976016,71.0649,1,1,1789158644.6891556,0.2845940589956304,0.955406598462913,0.07544608137826736,-0.022634972997148128,172.42810188410635,-4.944700586983824,147.15219859533585,0.05650817612597001,0.15308719201555263,1.1934716759440651,2.730563671035767,-0.7017638855743408,-9.89275255016327
2026-09-11T16:30:44.733,12.86516166399997,-1173.0701904296875,-105576.31713867188,-422305.2685546875,-803.553080444336,-39.70650329589844,-2.401296377182007,-1.6448880183696748,-3.67950970465657,2.103674243736193,0.0,0.08126641809940338,665.7344970703125,29.255910515785217,0.0,0.0,0.0,1,1789158644.0581148,38.99077417833333,-76.93771745166667,-6.2669999999999995,0,1,8.059921,8.976016,71.0649,1,1,1789158644.7211556,0.3030099440514528,0.9494432747765666,0.07685471405481265,-0.028910114407194824,172.58330374147243,-5.823970607016479,144.9773633902011,0.0920589621927677,0.22771991429178295,1.2634890495463218,-0.7479532078361512,-1.5464106640052795,-8.770675638656616
2026-09-11T16:30:44.766,12.898567616000037,-1173.145751953125,-105583.11767578125,-422332.470703125,-803.6048400878907,-39.758262939453125,-2.2465763092041016,-1.5389047718048097,-3.442431934065873,3.1725857285747843,0.0,0.0819854885339737,671.6251220703125,29.51477587223053,-0.015258795581758022,-5.493166409432888,-164.4367569414564,1,1789158644.0581148,38.99077417833333,-76.93771745166667,-6.2669999999999995,0,1,8.059921,8.976016,71.0649,1,1,1789158644.7611556,0.3260721044072791,0.941526356244867,0.07780423667069493,-0.03393529106641919,172.80744852777036,-6.582949155833287,142.20990966441607,0.14515763762496678,0.12748146655954382,1.1818821661120473,-2.712911700744629,-0.8286619386672974,-10.417898666324616
2026-09-11T16:30:44.801,12.931973663999997,-1173.217041015625,-105589.53369140625,-422358.134765625,-803.6536730957032,-39.80709594726563,-2.1962761878967285,-1.5044491887092593,-3.3653569897755404,1.0314175174384868,0.0,0.0827789455652237,678.1251220703125,29.80042040348053,-0.0762939527630806,-27.465822994709015,-657.7448665972689,1,1789158644.0581148,38.99077417833333,-76.93771745166667,-6.2669999999999995,0,1,8.059921,8.976016,71.0649,1,1,1789158644.7891557,0.3414293976336453,0.9359585779273571,0.07719820703900249,-0.03805185495726521,173.13988973796867,-7.119857747302756,140.3442505181685,0.11673983767814472,0.16191210031241157,1.2053929728668873,-4.933235363864899,-1.6625214019203185,-11.699823975467682
2026-09-11T16:30:44.834,12.965391200000113,-1173.28466796875,-105595.6201171875,-422382.48046875,-803.6999975585939,-39.853420410156254,-2.0161423683166504,-1.3810575222969057,-3.089337693040677,3.692422637381982,0.0,0.08669663965702057,710.2188720703125,31.210790276527405,-0.0457763709127903,-16.479493528604507,328.7594114080271,1,1789158644.0581148,38.99077417833333,-76.93771745166667,-6.2669999999999995,0,1,8.059921,8.976016,71.0649,1,1,1789158644.8291557,0.36179235796894116,0.9282568644274664,0.07549225068629528,-0.041789992161751194,173.63353992363147,-7.597245246914378,137.83598535507494,0.14875249228529952,0.1556870344693234,1.1288126376783565,-2.1684464837646487,-0.8365072587966919,-8.99701312438965
2026-09-11T16:30:44.866,12.998796416000005,-1173.3460693359375,-105601.14624023438,-422404.5849609375,-803.7420574951173,-39.89548034667969,-1.9134535789489746,-1.3107157015800477,-2.931987521429953,2.105713692049939,0.0,0.08557893335819244,701.0626220703125,30.80841600894928,-0.0762939527630806,-27.465822994709015,-328.8806594197764,1,1789158644.0581148,38.99077417833333,-76.93771745166667,-6.2669999999999995,0,1,8.059921,8.976016,71.0649,1,1,1789158644.8611555,0.3787563068774051,0.9211675887113323,0.07578622693778204,-0.0474381841439321,173.9847524045996,-8.326048616444405,135.73625898566627,0.07059507758466665,0.2729230692538101,1.1586366494035105,-1.4620734726142883,-2.325352886352539,-6.930359669303894
2026-09-11T16:30:44.901,13.032202847999997,-1173.4022216796875,-105606.19995117188,-422424.7998046875,-803.780521850586,-39.93394470214844,-1.706487774848938,-1.1689441257715225,-2.6148535383221216,4.243840701352274,0.0,0.08207131922245026,672.3282470703125,29.545674920082092,0.0457763746380806,16.479494869709015,1315.4747524197708,1,1789158644.0581148,38.99077417833333,-76.93771745166667,-6.2669999999999995,0,1,8.059921,8.976016,71.0649,1,1,1789158644.8891556,0.3930386054412345,0.9146754002849755,0.07723074934786582,-0.054083066679847164,174.25784067771713,-9.186362944847975,133.95503244549042,0.06510496988959327,0.3567386668564834,1.1521536238969776,0.18289402551651002,0.1770100354194641,-11.244599274959565
2026-09-11T16:30:44.935,13.065626016000124,-1173.4576416015625,-105611.18774414062,-422444.7509765625,-803.8184844970704,-39.97190734863282,-1.6037087440490723,-1.0985404896736146,-2.45736508964212,2.106432163989992,0.0,0.07076074182987213,579.6719970703125,25.473867058753967,-0.3356934189796448,-120.84963083267212,-4108.800389653687,1,1789158644.0581148,38.99077417833333,-76.93771745166667,-6.2669999999999995,0,1,8.059921,8.976016,71.0649,1,1,1789158644.9291556,0.4139530200484348,0.9045876454548751,0.08014283079760348,-0.06277910125935357,174.57397558064946,-10.365632000923743,131.31342999008857,0.04624476745961736,0.371129255605027,1.2104111435322213,-3.438898012218475,0.29890669692993166,-9.969146354923248
2026-09-11T16:30:44.967,13.099036031999958,-1173.51318359375,-105616.1865234375,-422464.74609375,-803.8565307617188,-40.009953613281255,-1.6051390171051025,-1.0995202267169952,-2.459556698991128,-0.029324650529514038,0.0,0.05616571009159088,460.1094970703125,20.219655632972717,-0.5187988877296448,-186.76759958267212,-1973.0002149752622,1,1789158644.0581148,38.99077417833333,-76.93771745166667,-6.2669999999999995,0,1,8.059921,8.976016,71.0649,1,1,1789158644.9611557,0.4308941796485508,0.8959203869017801,0.08361345955467397,-0.06830560489495642,174.67949329722722,-11.212588564801338,129.1520547221955,-0.020802404821595212,0.414239760793913,1.2367266943950161,-1.5603361072349549,0.40560305068969726,-10.765054082050325
2026-09-11T16:30:45.000,13.132454399999915,-1173.5694580078125,-105621.25122070312,-422485.0048828125,-803.8950787353516,-40.048501586914064,-1.6582168340682983,-1.1358785313367845,-2.540887910112704,-1.0879736742331696,0.0,0.040361419320106506,330.6407470703125,14.530110955238342,-0.07629400491714478,-27.46584177017212,4766.892201698942,1,1789158644.0581148,38.99077417833333,-76.93771745166667,-6.2669999999999995,0,1,8.059921,8.976016,71.0649,1,1,1789158644.9891555,0.44573280633888734,0.8880323284349908,0.08655742068553643,-0.07230948714972006,174.76627605164452,-11.863997607796229,127.2370039635812,-0.035389517643913425,0.3155537834313228,1.199560606105498,-6.58761724615097,-0.4650313506698608,-10.693563602371217
2026-09-11T16:30:45.033,13.165861663999976,-1173.620849609375,-105625.87646484375,-422503.505859375,-803.9302819824219,-40.08370483398438,-1.5812580585479736,-1.083161770105362,-2.4229638737145685,1.5780029526310735,0.0,0.041618362069129944,340.9376220703125,14.98261034488678,-0.0915527418255806,-32.958987057209015,-164.42966676429447,1,1789158644.0581148,38.99077417833333,-76.93771745166667,-6.2669999999999995,0,1,8.059921,8.976016,71.0649,1,1,1789158645.0291557,0.46359545405832053,0.878348708833452,0.08788102164307027,-0.07654885173559266,175.0997874048954,-12.47159947949599,124.88526313348957,0.042566311528114104,0.20029660295274726,1.0504826099147015,-4.028081553936005,-1.040583648662567,-8.375859903144836
2026-09-11T16:30:45.066,13.199262368000063,-1173.6717529296875,-105630.45776367188,-422521.8310546875,-803.965150756836,-40.11857360839844,-1.5557653903961182,-1.065699292421341,-2.383901423633992,0.5228176533038164,0.0,0.04143334925174713,339.4219970703125,14.916005730628967,-0.015258789993822575,-5.493164397776127,822.3126871625627,1,1789158645.0596898,38.99076326,-76.93771375666667,-6.227,0,1,8.059921,8.976016,71.0649,1,1,1789158645.0611556,0.4759247270314996,0.8716734605998872,0.0879503857561734,-0.0771087668890485,175.30194834155063,-12.599977492089934,123.25078518099427,0.017897478814575853,0.06451801566214758,0.8589034029768903,-2.27759450006485,0.09306511003494262,-9.039377853088379
2026-09-11T16:30:45.101,13.232682591999946,-1173.7225341796875,-105635.02807617188,-422540.1123046875,-803.999935913086,-40.15335876464844,-1.5301412343978882,-1.0481467455625535,-2.3446374945475847,0.5252073372951959,0.0,0.03972245752811432,325.4063720703125,14.300084710121155,-0.0915527492761612,-32.95898973941803,-821.8324731078397,1,1789158645.0596898,38.99076326,-76.93771375666667,-6.227,0,1,8.059921,8.976016,71.0649,1,1,1789158645.0891557,0.4845972063097932,0.8671058842215122,0.08688584622179804,-0.07578774908582138,175.46396447509767,-12.453152681848279,122.09635325220292,0.08687411258386815,-0.07837819885101015,0.6339585621957783,-0.9427132800483703,0.6102678395652771,-10.484485820922853
2026-09-11T16:30:45.135,13.266105440000047,-1173.77294921875,-105639.5654296875,-422558.26171875,-804.0344702148439,-40.187893066406254,-1.5041083097457886,-1.0303141921758652,-2.304747208696904,0.5335438017321222,0.0,0.03326798975467682,272.5313720703125,11.976476311683655,-0.2288818657398224,-82.39747166633606,-1479.1822027485453,1,1789158645.0596898,38.99076326,-76.93771375666667,-6.227,0,1,8.059921,8.976016,71.0649,1,1,1789158645.1291556,0.4946874003698878,0.861431566432365,0.08830519899794168,-0.07363575285890848,175.34424185192753,-12.370431085070768,120.7706097342977,-0.02072316687355467,-0.08636290564595901,0.5715473334737131,1.561316772251129,0.706569144153595,-10.029653386421204
2026-09-11T16:30:45.167,13.299508223999965,-1173.82373046875,-105644.1357421875,-422576.54296875,-804.0692553710938,-40.222678222656256,-1.4785687923431396,-1.0128196227550508,-2.2656129714456195,0.5237458476771676,0.0,0.024484649300575256,200.5782470703125,8.814473748207092,-0.24414068460464478,-87.89064645767212,-164.4526034521416,1,1789158645.0596898,38.99076326,-76.93771375666667,-6.227,0,1,8.059921,8.976016,71.0649,1,1,1789158645.1611557,0.49975021081053256,0.8592270906383097,0.08566680644679743,-0.06811557664191957,175.36486794166518,-11.693576174619619,120.1079696440445,0.0837497986898731,-0.3226644293368729,0.1718676328987124,-1.2510343611335752,-0.20858744894027711,-10.588926645145415
2026-09-11T16:30:45.200,13.332916895999915,-1173.8731689453125,-105648.58520507812,-422594.3408203125,-804.1031207275391,-40.25654357910157,-1.4785687923431396,-1.0128196227550508,-2.2656129714456195,0.0,0.0,0.015932098031044006,130.5157470703125,5.735555291175842,-0.3509522080421448,-126.34279489517212,-1150.9630923838286,1,1789158645.0596898,38.99076326,-76.93771375666667,-6.227,0,1,8.059921,8.976016,71.0649,1,1,1789158645.1891556,0.5034853527338196,0.8571117449684695,0.08636691110746238,-0.06635294179885567,175.24333031933023,-11.578640094590613,119.62081055163303,-0.008203047484373348,-0.18805276918415664,0.3334301437619495,1.5732808854484557,-0.07335374320983887,-8.023016630325317
2026-09-11T16:30:45.235,13.366325984000014,-1173.921630859375,-105652.94677734375,-422611.787109375,-804.136317138672,-40.28973999023438,-1.452265739440918,-0.9948020315170288,-2.225308767709887,0.5393020976199284,0.0,0.003860488533973694,31.6251220703125,1.3897758722305298,-0.22888189554214478,-82.39748239517212,1315.3700124909233,1,1789158645.0596898,38.99076326,-76.93771375666667,-6.227,0,1,8.059921,8.976016,71.0649,1,1,1789158645.2291555,0.505764189349323,0.8563516339750543,0.08537039018342346,-0.05980267753208465,174.99218758890018,-10.881525736392582,119.34478683379638,0.05683717068997094,-0.27417883365062,-0.015025015931643584,-0.09218251152038574,0.16690918575286864,-9.505684068279267
2026-09-11T16:30:45.268,13.399733728000001,-1173.9700927734375,-105657.30834960938,-422629.2333984375,-804.1695135498047,-40.322936401367194,-1.4524829387664795,-0.9949508130550385,-2.225641582531848,-0.0044535044931419306,0.0,-0.018049240112304688,-147.859375,-6.4977264404296875,-0.7781983017921448,-280.1513886451721,-5919.403185383449,1,1789158645.0596898,38.99076326,-76.93771375666667,-6.227,0,1,8.059921,8.976016,71.0649,1,1,1789158645.2611556,0.5067447348745845,0.8559366734835843,0.08597206840320543,-0.056488831791934466,174.75115526386688,-10.593131181646104,119.23287926835428,-0.014258990922943275,-0.07473866376182638,0.058409712346017835,-1.943187729549408,-0.5545660666465759,-9.228940400714874
2026-09-11T16:30:45.301,13.433153184000048,-1174.01611328125,-105661.4501953125,-422645.80078125,-804.2010375976563,-40.354460449218756,-1.4011956453323364,-0.9598190170526505,-2.1470539930490546,1.0512378179446937,0.0,-0.043285369873046875,-354.59375,-15.582733154296875,-0.7629395127296448,-274.6582245826721,164.37024176851614,1,1789158645.0596898,38.99076326,-76.93771375666667,-6.227,0,1,8.059921,8.976016,71.0649,1,1,1789158645.2891557,0.5062463988887385,0.8561446439966196,0.0877998699761579,-0.05497376647325242,174.4735622974662,-10.546166281699257,119.31799589131398,-0.0041329396687225725,-0.08417094663837933,-0.0617443384148782,1.253486023674011,0.048542918300628665,-10.57235340637207
2026-09-11T16:30:45.334,13.466558880000093,-1174.0606689453125,-105665.46020507812,-422661.8408203125,-804.2315582275392,-40.384981079101564,-1.3237016201019287,-0.9067356097698213,-2.0283097927921894,1.589052576026474,0.0,-0.06961822509765625,-570.3125,-25.06256103515625,-0.18310558795928955,-65.91801166534424,6248.641337005669,1,1789158645.0596898,38.99076326,-76.93771375666667,-6.227,0,1,8.059921,8.976016,71.0649,1,1,1789158645.3291557,0.505400254341045,0.8563679570089454,0.09099116794485736,-0.0540843089663043,174.09123249164392,-10.638165546789857,119.45519002981807,0.0032224013979571305,0.05204502016277011,-0.07769437885007877,-0.7426576167488099,-0.632528935432434,-9.975520677528381
2026-09-11T16:30:45.368,13.499962335999953,-1174.1048583984375,-105669.43725585938,-422677.7490234375,-804.2618280029297,-40.41525085449219,-1.3237016201019287,-0.9067356097698213,-2.0283097927921894,0.0,0.0,-0.08452606201171875,-692.4375,-30.42938232421875,-0.6713867783546448,-241.69924020767212,-5262.366521088863,1,1789158645.0596898,38.99076326,-76.93771375666667,-6.227,0,1,8.059921,8.976016,71.0649,1,1,1789158645.3611555,0.5040887558095428,0.856709197046378,0.0942901801426578,-0.05525612989707582,173.8109753069549,-10.93750091157827,119.6478835806035,-0.005051331921121989,0.06239185556736809,-0.08795359872622664,0.07913966680526734,-0.17191057733535767,-9.755459447898865
2026-09-11T16:30:45.402,13.533380320000106,-1174.1473388671875,-105673.26049804688,-422693.0419921875,-804.2909271240235,-40.44434997558594,-1.2718952894210815,-0.8712482732534409,-1.9489268818303507,1.0619233199770046,0.0,-0.0977935791015625,-801.125,-35.2056884765625,-0.12207037210464478,-43.94533395767212,5917.589350964366,1,1789158645.0596898,38.99076326,-76.93771375666667,-6.227,0,1,8.059921,8.976016,71.0649,1,1,1789158645.3891556,0.5028733913950973,0.857185440175718,0.09674776065827166,-0.054693182254863075,173.51548558587237,-11.015126654037704,119.82932683864549,0.0063285638677314385,0.07739121515900736,-0.09103410485599664,-2.0371354380989075,-0.026477955436706543,-9.869608855781555
2026-09-11T16:30:45.436,13.566801632000079,-1174.19140625,-105677.2265625,-422708.90625,-804.3211132812501,-40.4745361328125,-1.2986700534820557,-0.8895889866352082,-1.9899538892161939,-0.5487729919693788,0.0,-0.10601425170898438,-868.46875,-38.165130615234375,-0.21362310647964478,-76.90431833267212,-986.1666823560522,1,1789158645.0596898,38.99076326,-76.93771375666667,-6.227,0,1,8.059921,8.976016,71.0649,1,1,1789158645.4291556,0.5011906469259138,0.8575954140719391,0.10100468401165849,-0.05600084824776036,173.1392822265269,-11.378959566128078,120.0791139582131,0.0003623303527140228,0.09209439237658319,-0.098371643564306,-0.6842099817848205,-0.21319657451629637,-10.619425327148438
2026-09-11T16:30:45.468,13.600210944000082,-1174.2353515625,-105681.181640625,-422724.7265625,-804.3512158203125,-40.504638671875,-1.3251429796218872,-0.9077229410409928,-2.030518389944953,-0.5427814378752466,0.0,-0.11237335205078125,-920.5625,-40.45440673828125,-0.2593994736671448,-93.38381052017212,-493.26044749135565,1,1789158645.0596898,38.99076326,-76.93771375666667,-6.227,0,1,8.059921,8.976016,71.0649,1,1,1789158645.4611557,0.4997076742464273,0.8581818189820776,0.1035440171879596,-0.05563130748435284,172.84165765658275,-11.4765604586929,120.2969261170601,-0.002879095134089846,0.028815385950426382,-0.1008042834757357,-1.7054745296287537,0.05197524585723877,-8.708207277126311
2026-09-11T16:30:45.501,13.63361759999998,-1174.27392578125,-105684.6533203125,-422738.61328125,-804.3776391601563,-40.53106201171875,-1.1957569122314453,-0.8190934848785401,-1.832259942910118,2.6530478286340644,0.0,-0.1286468505859375,-1053.875,-46.3128662109375,-0.5798340439796448,-208.74025583267212,-3453.0976495478776,1,1789158645.0596898,38.99076326,-76.93771375666667,-6.227,0,1,8.059921,8.976016,71.0649,1,1,1789158645.4891555,0.4984671550825242,0.8586797487838025,0.10572926996091206,-0.05496276745264223,172.56567231824164,-11.525028025320756,120.48059560611891,0.004346218903316279,-0.007312056901230243,-0.10485833426226812,-0.6969586269950866,-0.260366561794281,-10.688268011283876
2026-09-11T16:30:45.535,13.667026304000046,-1174.31640625,-105688.4765625,-422753.90625,-804.4067382812501,-40.5601611328125,-1.2234750986099243,-0.8380804425477982,-1.8747325575961822,-0.5683236820326888,0.0,-0.13080978393554688,-1071.59375,-47.091522216796875,-0.0457763709127903,-16.479493528604507,5754.810551875441,1,1789158645.0596898,38.99076326,-76.93771375666667,-6.227,0,1,8.059921,8.976016,71.0649,1,1,1789158645.5291557,0.4966971985415757,0.8593115869315548,0.1090527382633533,-0.05461675387084234,172.1851033906028,-11.665521487166785,120.74221599632435,0.0029536206931500037,-0.007339109504636156,-0.11039294785326734,-0.8224837490653991,0.3003776944541931,-10.269131783370973
2026-09-11T16:30:45.569,13.700428383999906,-1174.3585205078125,-105692.26684570312,-422769.0673828125,-804.4355865478516,-40.58900939941407,-1.276208758354187,-0.8742029994726181,-1.9555364161431128,-1.0814463328323134,0.0,-0.1319446563720703,-1080.890625,-47.50007629394531,-0.0610351599752903,-21.972657591104507,-164.45574834031473,1,1789158645.0596898,38.99076326,-76.93771375666667,-6.227,0,1,8.059921,8.976016,71.0649,1,1,1789158645.5611556,0.4951485994771339,0.8599551613255914,0.11152768560718979,-0.053540267915026696,171.8517946452873,-11.68494650290091,120.96984533912601,0.003971845778763495,-0.050405108797596236,-0.11198974958591695,-0.5600577907371521,0.20907778144836425,-9.517353981971741
2026-09-11T16:30:45.602,13.73385187200006,-1174.3974609375,-105695.771484375,-422783.0859375,-804.4622607421876,-40.615683593750006,-1.1725960969924927,-0.8032283264398575,-1.7967705942194359,2.123496896327379,0.0,-0.13654327392578125,-1118.5625,-49.15557861328125,-0.1678466945886612,-60.42481005191803,-1150.4530125831668,1,1789158645.0596898,38.99076326,-76.93771375666667,-6.227,0,1,8.059921,8.976016,71.0649,1,1,1789158645.5891557,0.49374073885920994,0.8606026810635257,0.11325765974800668,-0.05249581550407566,171.59790952169053,-11.665399932117017,121.17273651629336,0.005695009349257497,-0.06249011760425538,-0.12533401344789,0.07384407571792603,0.17975589746475218,-10.129387018566131
2026-09-11T16:30:45.635,13.767259647999936,-1174.438720703125,-105699.48486328125,-422797.939453125,-804.4905236816406,-40.64394653320313,-1.225202202796936,-0.8392635089159013,-1.8773790016909009,-1.0786465545080632,0.0,-0.1409931182861328,-1155.015625,-50.75752258300781,-0.1831054836511612,-65.91797411441803,-164.42770876218566,1,1789158645.0596898,38.99076326,-76.93771375666667,-6.227,0,1,8.059921,8.976016,71.0649,1,1,1789158645.6291556,0.49163063366595233,0.8616756642896313,0.11517903738044204,-0.05047929239155134,171.2608072807804,-11.551265384014956,121.47164216926659,0.010156245450280203,-0.09028727846906826,-0.1292465180320857,-0.49317643663406374,0.14709975242614745,-9.628071062297822
2026-09-11T16:30:45.668,13.80066080000006,-1174.479248046875,-105703.13232421875,-422812.529296875,-804.5182849121095,-40.671707763671876,-1.251887321472168,-0.8575428152084351,-1.9182686453302482,-0.5472657437823083,0.0,-0.145111083984375,-1188.75,-52.239990234375,-0.1220703274011612,-43.94531786441803,657.8412699633351,1,1789158645.0596898,38.99076326,-76.93771375666667,-6.227,0,1,8.059921,8.976016,71.0649,1,1,1789158645.6611557,0.48988686845931384,0.8625419741559879,0.11674035209271467,-0.04902947198866254,170.9975065838371,-11.476095829491,121.71701701995032,0.013021901549129692,-0.0899366418223426,-0.13117388512506303,0.343526955165863,0.17828489994049074,-9.495190952606201
2026-09-11T16:30:45.703,13.83407318400009,-1174.518310546875,-105706.64794921875,-422826.591796875,-804.5450427246094,-40.69846557617188,-1.1743075847625732,-0.8044006955623627,-1.7993931092572517,1.5904917064889577,0.0,-0.14725303649902344,-1206.296875,-53.01109313964844,-0.030517593026161194,-10.98633348941803,986.4301923194165,1,1789158645.0596898,38.99076326,-76.93771375666667,-6.227,0,1,8.059921,8.976016,71.0649,1,1,1789158645.6891556,0.4884072188374283,0.8632407572384646,0.11842195516333219,-0.04743441962483003,170.71774922773696,-11.394949112044008,121.9271742992297,-0.0051757738967891835,-0.0883052825705035,-0.129887402933418,-0.4281583460617065,0.155631538066864,-9.893340949172973
2026-09-11T16:30:45.735,13.867497535999973,-1174.5604248046875,-105710.43823242188,-422841.7529296875,-804.573890991211,-40.72731384277344,-1.227385401725769,-0.8407590001821519,-1.8807243203788273,-1.0877788930632315,0.0,-0.14977264404296875,-1226.9375,-53.91815185546875,-0.1068115383386612,-38.45215380191803,-821.7308240589275,1,1789158645.0596898,38.99076326,-76.93771375666667,-6.227,0,1,8.059921,8.976016,71.0649,1,1,1789158645.7291555,0.486328505053481,0.8643259363084834,0.12010420790796622,-0.044724045430951785,170.36912550036112,-11.194051391032497,122.21589166904555,-0.002949257370020018,-0.11479013037074186,-0.1295751635302362,-1.3634185719871519,0.48493885049819946,-9.352013860244751
2026-09-11T16:30:45.768,13.900897856000029,-1174.6005859375,-105714.052734375,-422856.2109375,-804.6014013671876,-40.75482421875,-1.2275975942611694,-0.8409043520689011,-1.8810494632894152,-0.004351811202677252,0.0,-0.15419769287109375,-1263.1875,-55.51116943359375,-0.1983642727136612,-71.41113817691803,-986.7864851278524,1,1789158645.0596898,38.99076326,-76.93771375666667,-6.227,0,1,8.059921,8.976016,71.0649,1,1,1789158645.7611556,0.484667508026541,0.8651411707418115,0.1210710641494355,-0.04438421765170123,170.23002528323426,-11.195403240874404,122.44321011039969,0.006119997022118117,-0.10068472842197408,-0.1382220482433917,0.6830331837654114,0.10973641530990601,-9.522453440055846
2026-09-11T16:30:45.802,13.934305023999968,-1174.64013671875,-105717.6123046875,-422870.44921875,-804.6284936523438,-40.78191650390625,-1.202083706855774,-0.8234273391962053,-1.8419544989177798,0.5231515844961003,0.0,-0.16324615478515625,-1337.3125,-58.76861572265625,-0.2746582329273224,-98.87696385383606,-822.1536670503649,1,1789158645.0596898,38.99076326,-76.93771375666667,-6.227,0,1,8.059921,8.976016,71.0649,1,1,1789158645.7891557,0.4831525689176777,0.8658190377813909,0.12248154515269272,-0.04380936042176161,170.03446805926671,-11.198957516998098,122.6538715180134,0.005054648046700777,-0.058607458150268785,-0.1287815623193544,-0.08924051647186279,0.4573821635437012,-10.566077150268555
2026-09-11T16:30:45.837,13.967722271999946,-1174.681396484375,-105721.32568359375,-422885.302734375,-804.6567565917969,-40.81017944335938,-1.177667498588562,-0.8067022365331651,-1.8045415097824897,0.5004931184953119,0.0,-0.1663341522216797,-1362.609375,-59.88029479980469,-0.0457763746380806,-16.479494869709015,2465.716775486165,1,1789158645.0596898,38.99076326,-76.93771375666667,-6.227,0,1,8.059921,8.976016,71.0649,1,1,1789158645.8291557,0.48074974746063953,0.8669844833128775,0.12421530912308419,-0.04228643979682853,169.74284425455448,-11.113684426334416,122.98314194994373,0.004580442088933919,-0.0750725452477329,-0.14502621433229163,-1.5493526590538025,0.6344902654647826,-9.869510789279937
2026-09-11T16:30:45.870,14.00114601600012,-1174.7235107421875,-105725.11596679688,-422900.4638671875,-804.6856048583985,-40.83902770996094,-1.2824982404708862,-0.8785112947225572,-1.9651737981445871,-2.148444476747355,0.0,-0.1727771759033203,-1415.390625,-62.19978332519531,-0.1678467094898224,-60.42481541633606,-1314.7934757517837,1,1789158645.0596898,38.99076326,-76.93771375666667,-6.227,0,1,8.059921,8.976016,71.0649,1,1,1789158645.8611555,0.47884406599067564,0.8677709063638747,0.1260575646237693,-0.04232617316816092,169.53111582753576,-11.19698181369117,123.24839587054963,-0.0021743311821345356,-0.030476939398324982,-0.1332410530911251,-0.08433719139099122,0.24575465305328367,-9.503232405738832
2026-09-11T16:30:45.903,14.034567264000088,-1174.7633056640625,-105728.69750976562,-422914.7900390625,-804.7128643798828,-40.86628723144531,-1.2051780223846436,-0.8255469453334809,-1.846695922811113,1.5847507965330092,0.0,-0.17730140686035156,-1452.453125,-63.82850646972656,-0.1831054985523224,-65.91797947883606,-164.36142846925674,1,1789158645.0596898,38.99076326,-76.93771375666667,-6.227,0,1,8.059921,8.976016,71.0649,1,1,1789158645.8891556,0.476924921315811,0.8687183352360313,0.1269386547706587,-0.04192435303807377,169.39412236306885,-11.181717248772419,123.507727316643,-0.004475896866739458,-0.03692645458321963,-0.16306803187600738,-0.06315482704162598,-0.2675254164123535,-9.737513278102874
2026-09-11T16:30:45.936,14.067980031999923,-1174.8037109375,-105732.333984375,-422929.3359375,-804.7405419921876,-40.893964843750005,-1.1802901029586792,-0.8084987205266954,-1.8085601300257124,0.510230843696337,0.0,-0.18611717224121094,-1524.671875,-67.00218200683594,-0.3204346001148224,-115.35645604133606,-1479.628283497635,1,1789158645.0596898,38.99076326,-76.93771375666667,-6.227,0,1,8.059921,8.976016,71.0649,1,1,1789158645.9291556,0.4741615171986899,0.8701498069562418,0.12789757499228527,-0.040649469528451346,169.19183838112133,-11.071304025716334,123.87693597267759,-0.02036903956832502,-0.04436888757957385,-0.1584523341361832,-1.3648895695114136,0.375104368686676,-10.036714174537659
2026-09-11T16:30:45.970,14.10138089599991,-1174.8453369140625,-105736.08032226562,-422944.3212890625,-804.7690557861329,-40.92247863769531,-1.2853330373764038,-0.8804531306028367,-1.9695175612983977,-2.1542679278048116,0.0,-0.20291709899902344,-1662.296875,-73.05015563964844,-0.6103516221046448,-219.72658395767212,-3124.773296773943,1,1789158645.0596898,38.99076326,-76.93771375666667,-6.227,0,1,8.059921,8.976016,71.0649,1,1,1789158645.9611557,0.47186235502171275,0.8712414364910673,0.128915671424574,-0.040804741335975434,169.06575503857937,-11.114042727085893,124.18729498123274,0.002413790355508158,-0.07089038729410409,-0.1706373503089816,0.2017227938270569,0.48386011898040776,-10.037596773052215
2026-09-11T16:30:46.004,14.13480140799993,-1174.8848876953125,-105739.63989257812,-422958.5595703125,-804.7961480712892,-40.949570922851564,-1.1819798946380615,-0.8096562278270723,-1.8111494001142434,2.118366791499807,0.0,-0.20587730407714844,-1686.546875,-74.11582946777344,-0.0762939527630806,-27.465822994709015,5752.7772453888365,1,1789158645.0596898,38.99076326,-76.93771375666667,-6.227,0,1,8.059921,8.976016,71.0649,1,1,1789158646.0011556,0.46901580611554256,0.872637390717526,0.12967263195417422,-0.04139041504470414,168.98213766988866,-11.178992772281074,124.56824496227976,0.004272391475956919,-0.042705937868273654,-0.18647446794157818,-0.7394214221954345,0.1827959590148926,-10.91941075559616
2026-09-11T16:30:46.036,14.168227807999983,-1174.9271240234375,-105743.44116210938,-422973.7646484375,-804.8250799560548,-40.97850280761719,-1.2096980810165405,-0.8286431854963303,-1.8536220148003073,-0.5680228103902286,0.0,-0.2097015380859375,-1717.875,-75.4925537109375,-0.045776382088661194,-16.47949755191803,328.6721107499926,1,1789158645.0596898,38.99076326,-76.93771375666667,-6.227,0,1,8.059921,8.976016,71.0649,1,1,1789158646.0291557,0.4667452631238348,0.8738542194917209,0.13002109766972852,-0.04027625340987337,168.85879712572674,-11.055782811571675,124.86626550279952,0.0010485938145981932,-0.044349688957801905,-0.181171808608169,-1.8766986414527895,0.104735023727417,-8.814315231876373
2026-09-11T16:30:46.069,14.201630624000018,-1174.9674072265625,-105747.06665039062,-422988.2666015625,-804.8526739501954,-41.00609680175781,-1.3147410154342651,-0.9005975955724717,-2.0145794460729927,-2.1541420362902133,0.0,-0.2126903533935547,-1742.359375,-76.56852722167969,-0.061035171151161194,-21.97266161441803,-164.45212470991515,1,1789158645.0596898,38.99076326,-76.93771375666667,-6.227,0,1,8.059921,8.976016,71.0649,1,1,1789158646.0611556,0.4642935701284571,0.8752235758942755,0.12975746400433572,-0.03972623152744986,168.82681550547207,-10.954522203471166,125.1841366559086,-0.014811736697049879,-0.09536339406556857,-0.20004405380998366,-1.045094707736969,0.03049868200302124,-10.139487868232727
2026-09-11T16:30:46.103,14.235039840000127,-1175.00830078125,-105750.7470703125,-423002.98828125,-804.8806860351563,-41.034108886718755,-1.1858739852905273,-0.8123236799240113,-1.817116320517203,2.6422025481882576,0.0,-0.21339035034179688,-1748.09375,-76.82052612304688,-0.0305175818502903,-10.986329466104507,328.84136366078235,1,1789158646.085745,38.990758685,-76.937713755,-6.286000000000001,0,1,8.41,9.054081,89.00035599999998,1,1,1789158646.0891557,0.46208410274020795,0.8764841146536994,0.12931705995373186,-0.039127698110421896,168.81421944093248,-10.841942162803768,125.46828423386259,0.00767630711612146,-0.09467119648422763,-0.1768386796742427,-0.30135835947036743,0.3991306615829468,-9.528533563156127
2026-09-11T16:30:46.136,14.268447839999908,-1175.0521240234375,-105754.69116210938,-423018.7646484375,-804.9107049560547,-41.06412780761719,-1.2657265663146973,-0.8670226979255677,-1.9394745390246215,-1.6373029813791518,0.0,-0.2135334014892578,-1749.265625,-76.87202453613281,0.0,0.0,328.85325269924783,1,1789158646.085745,38.990758685,-76.937713755,-6.286000000000001,0,1,8.41,9.054081,89.00035599999998,1,1,1789158646.1291556,0.45941271020205343,0.8779979942427975,0.12883792275927886,-0.038213524693529885,168.78434322062228,-10.689256014392827,125.81093697470868,0.004191931797439981,-0.046804145484881536,-0.15006742334375203,-1.0932453600311278,0.5253422491645813,-9.978070406570435
2026-09-11T16:30:46.171,14.301857888000086,-1175.0906982421875,-105758.16284179688,-423032.6513671875,-804.9371282958984,-41.09055114746094,-1.3191018104553223,-0.9035847401618958,-2.0212614982146895,-1.0943427030135753,0.0,-0.2131175994873047,-1745.859375,-76.72233581542969,0.015258789993822575,5.493164397776127,164.41653713717687,1,1789158646.085745,38.990758685,-76.937713755,-6.286000000000001,0,1,8.41,9.054081,89.00035599999998,1,1,1789158646.1611557,0.45740852530971443,0.8793365466479267,0.1270026240924252,-0.03761664760354478,168.92082557671438,-10.506061844073118,126.05717283766107,0.005740911508584948,-0.08460605722090152,-0.17483678702220518,-0.593204268283844,-0.04746418678283691,-10.027201723880767
2026-09-11T16:30:46.204,14.335279072000048,-1175.1337890625,-105762.041015625,-423048.1640625,-804.9666455078126,-41.120068359375004,-1.216008186340332,-0.8329656076431275,-1.8632909977700578,2.1130051083422856,0.0,-0.212738037109375,-1742.75,-76.585693359375,0.0,0.0,-164.36175324555487,1,1789158646.085745,38.990758685,-76.937713755,-6.286000000000001,0,1,8.41,9.054081,89.00035599999998,1,1,1789158646.2011557,0.4554683002469902,0.8803957010537482,0.12646219949326354,-0.038201428448724935,168.98404999133373,-10.513301777669438,126.30750259884091,0.00449980787749178,-0.03497744540751756,-0.10011470388827275,0.4440451193237305,0.09335930953979493,-10.022592598304747
2026-09-11T16:30:46.238,14.368700320000016,-1175.17724609375,-105765.9521484375,-423063.80859375,-804.9964135742188,-41.14983642578125,-1.2435247898101807,-0.8518144810199738,-1.905454726691063,-0.5639787412147031,0.0,-0.212738037109375,-1742.75,-76.585693359375,0.0,0.0,0.0,1,1789158646.085745,38.990758685,-76.937713755,-6.286000000000001,0,1,8.41,9.054081,89.00035599999998,1,1,1789158646.2331557,0.45403057337151803,0.88127600117654,0.12566602258337214,-0.037641718375927204,169.02163012188427,-10.396433401360774,126.48704947282577,0.006925990070689099,-0.03069894527917866,-0.10006147134608691,-0.9228057802200318,0.25144251014709473,-9.317494451675415
2026-09-11T16:30:46.271,14.40210134400013,-1175.215087890625,-105769.35791015625,-423077.431640625,-805.0223352050782,-41.175758056640625,-1.1916449069976807,-0.8162767612934113,-1.825959111697858,1.0639709646758666,0.0,-0.2144489288330078,-1756.765625,-77.20161437988281,-0.0610351637005806,-21.972658932209015,-657.8438712577905,1,1789158646.085745,38.990758685,-76.937713755,-6.286000000000001,0,1,8.41,9.054081,89.00035599999998,1,1,1789158646.2611377,0.45297579033549507,0.8820570780984784,0.1242732404258811,-0.03666614324358871,169.10511091543478,-10.210715425472864,126.61123422609803,0.017474934602668024,-0.026678055748434126,-0.07332739052866376,-1.4891398270606997,0.6439046496200561,-9.948650456085206
2026-09-11T16:30:46.304,14.435509599999932,-1175.2576904296875,-105773.19213867188,-423092.7685546875,-805.051517944336,-41.20494079589844,-1.2193676233291626,-0.8352668219804764,-1.8684386676370695,-0.5684241849433102,0.0,-0.21871566772460938,-1791.71875,-78.73764038085938,-0.1678466945886612,-60.42481005191803,-1150.9775044808237,1,1789158646.085745,38.990758685,-76.937713755,-6.286000000000001,0,1,8.41,9.054081,89.00035599999998,1,1,1789158646.3011377,0.4520222419141311,0.8825334719599053,0.12411239785136172,-0.037505684701160204,169.15348305333282,-10.276762944348118,126.73637282380027,0.005366189318181766,-0.019024961511364187,-0.04774330715537969,-1.0151844247436523,0.5608423227500915,-10.135369075164794
2026-09-11T16:30:46.338,14.46891568000001,-1175.301513671875,-105777.13623046875,-423108.544921875,-805.0815368652344,-41.23495971679688,-1.2990186214447021,-0.889827755689621,-1.9904880003794292,-1.6332635768404662,0.0,-0.22631263732910156,-1853.953125,-81.47254943847656,-0.3356933891773224,-120.84962010383606,-1808.7967834531514,1,1789158646.085745,38.990758685,-76.937713755,-6.286000000000001,0,1,8.41,9.054081,89.00035599999998,1,1,1789158646.3291378,0.45159577880883317,0.8828514828360301,0.12323442388687043,-0.03804981715510683,169.2677631724359,-10.281758723814475,126.78709308182334,0.020916025755900045,-0.01735014356115043,-0.024925570646506617,-0.0923786445236206,0.20329185785293577,-9.235020523815155
2026-09-11T16:30:46.371,14.502334208000093,-1175.3424072265625,-105780.81665039062,-423123.2666015625,-805.1095489501954,-41.262971801757814,-1.3523938655853271,-0.9263897979259492,-2.0722749595694974,-1.094065011966909,0.0,-0.2410125732421875,-1974.375,-86.7645263671875,-0.3967285752296448,-142.82228708267212,-657.4995457244839,1,1789158646.085745,38.990758685,-76.937713755,-6.286000000000001,0,1,8.41,9.054081,89.00035599999998,1,1,1789158646.3611379,0.4512001299573571,0.8830524854816292,0.12307856256034792,-0.03858002137453534,169.30628503316788,-10.3233108134688,126.8387989855526,0.009284278955983837,0.03516611549965815,-0.005186769471076749,-0.16043679664611815,0.35058774328231807,-8.709678274650575
2026-09-11T16:30:46.406,14.535751743999981,-1175.3873291015625,-105784.85961914062,-423139.4384765625,-805.1403204345704,-41.293743286132816,-1.2748141288757324,-0.8732476782798768,-1.953399423496501,1.5902464995100303,0.0,-0.2495574951171875,-2044.375,-89.8406982421875,-0.3051758408546448,-109.86330270767212,986.2781138355145,1,1789158646.085745,38.990758685,-76.937713755,-6.286000000000001,0,1,8.41,9.054081,89.00035599999998,1,1,1789158646.4011378,0.4507740862984293,0.8831215080482862,0.12336546820309172,-0.04098885701466833,169.3931120594673,-10.580464231090035,126.9024333894664,0.012380318516096576,0.034098323063288014,-0.020287707225182087,-0.20427252286911013,0.03089094800949097,-9.271207062911987
2026-09-11T16:30:46.438,14.569159487999968,-1175.4332275390625,-105788.99047851562,-423155.9619140625,-805.1717608642579,-41.325183715820316,-1.3800263404846191,-0.9453180432319642,-2.1146162384394307,-2.157295175397497,0.0,-0.2720623016357422,-2228.734375,-97.94242858886719,-0.9155274033546448,-329.5898652076721,-6577.114650426055,1,1789158646.085745,38.990758685,-76.937713755,-6.286000000000001,0,1,8.41,9.054081,89.00035599999998,1,1,1789158646.4291377,0.4504050110971791,0.8833401599578219,0.12311761007209045,-0.0410797014884057,169.4192133688221,-10.572542133618072,126.94873517856314,0.002044129619935759,0.027090477050680385,-0.01815090062196543,0.07139241317749023,0.3854013513565064,-9.711133389167786
2026-09-11T16:30:46.471,14.602560704000098,-1175.4801025390625,-105793.20922851562,-423172.8369140625,-805.2038702392579,-41.35729309082031,-1.4329721927642822,-0.9815859520435334,-2.1957452398969495,-1.0858260014075147,0.0,-0.28011322021484375,-2294.6875,-100.84075927734375,0.0915527492761612,32.95898973941803,10854.360959364058,1,1789158646.085745,38.990758685,-76.937713755,-6.286000000000001,0,1,8.41,9.054081,89.00035599999998,1,1,1789158646.4611378,0.4498679839469128,0.8835406511751238,0.12348761253435342,-0.041539430558730245,169.39732507707282,-10.632553881117497,127.02221430436144,0.0025305528824665787,0.007579266809710575,-0.031200029307426234,-0.3151857361984253,0.5299513747406006,-9.78468326538086
2026-09-11T16:30:46.505,14.635978880000039,-1175.52734375,-105797.4609375,-423189.84375,-805.23623046875,-41.389653320312505,-1.4069392681121826,-0.9637533986568452,-2.155854954046269,0.5336183933772952,0.0,-0.28734588623046875,-2353.9375,-103.44451904296875,-0.3509521782398224,-126.34278416633606,-4766.9200708630915,1,1789158646.085745,38.990758685,-76.937713755,-6.286000000000001,0,1,8.41,9.054081,89.00035599999998,1,1,1789158646.5011377,0.449140350301859,0.883859594925871,0.12352871505721055,-0.042494926103161836,169.43243626556634,-10.724254371457176,127.11914571122789,0.021143965756210505,0.007080102643640198,-0.032165370916704294,-0.24810824909210205,0.37667343271255493,-10.247459086513519
2026-09-11T16:30:46.538,14.669403423999938,-1175.57666015625,-105801.8994140625,-423207.59765625,-805.2700122070313,-41.42343505859375,-1.4332796335220337,-0.9817965489625932,-2.196216331788189,-0.5398173960369439,0.0,-0.2947978973388672,-2414.984375,-106.12724304199219,-0.2288818657398224,-82.39747166633606,1314.7617660881829,1,1789158646.085745,38.990758685,-76.937713755,-6.286000000000001,0,1,8.41,9.054081,89.00035599999998,1,1,1789158646.5291378,0.44864002303214956,0.8842423553675718,0.12276058541655557,-0.04204075850773434,169.48394087724486,-10.631928052110743,127.17728832675041,0.027720540910650338,0.003747745502807424,-0.030627037713996493,-0.6884268413543702,0.44051472526550295,-9.702895803031922
2026-09-11T16:30:46.571,14.702802911999925,-1175.6280517578125,-105806.52465820312,-423226.0986328125,-805.3052154541016,-41.45863830566407,-1.5373479127883911,-1.053083320260048,-2.355680297646848,-2.134367188427677,0.0,-0.3089408874511719,-2530.84375,-111.21871948242188,-0.4272461533546448,-153.80861520767212,-2138.090965387409,1,1789158646.085745,38.990758685,-76.937713755,-6.286000000000001,0,1,8.41,9.054081,89.00035599999998,1,1,1789158646.5611377,0.44797703911210673,0.8845450204347086,0.1230606408551342,-0.04186595185630918,169.43582810226303,-10.621566544425235,127.26499434185446,0.02452903184045351,0.0014172073526193955,-0.030739611450750128,-0.30635975105285645,0.5190659930610656,-9.559228378162384
2026-09-11T16:30:46.605,14.736210719999917,-1175.6806640625,-105811.259765625,-423245.0390625,-805.3412548828126,-41.494677734375,-1.589752435684204,-1.08898041844368,-2.4359798193532542,-1.0745122273104495,0.0,-0.3129920959472656,-2564.03125,-112.67715454101562,-0.1220703199505806,-43.945315182209015,3288.551587266284,1,1789158646.085745,38.990758685,-76.937713755,-6.286000000000001,0,1,8.41,9.054081,89.00035599999998,1,1,1789158646.6011379,0.44715568639628633,0.8845793826899456,0.12495254652856609,-0.04424894303107677,169.3472066138956,-10.954528482150097,127.39112806082947,0.017763786593873086,0.029952817023951084,-0.04162941878564355,0.048248718795776364,0.264681487865448,-9.986013793201446
2026-09-11T16:30:46.638,14.769623264000074,-1175.7332763671875,-105815.99487304688,-423263.9794921875,-805.3772943115235,-41.53071716308594,-1.5901768207550049,-1.0892711222171785,-2.43663010517443,-0.008700438179658621,0.0,-0.3246593475341797,-2659.609375,-116.87736511230469,-0.4272461235523224,-153.80860447883606,-3288.085136411952,1,1789158646.085745,38.990758685,-76.937713755,-6.286000000000001,0,1,8.41,9.054081,89.00035599999998,1,1,1789158646.6291378,0.44634441857438456,0.8848864902170716,0.12553939560270727,-0.04463652753646726,169.29503864615813,-11.014892551653018,127.50161323503612,0.02591028541048182,0.050155003115785454,-0.055356258819653746,-1.5918154542541503,0.5137704019737244,-9.515588784942626
2026-09-11T16:30:46.672,14.803024735999998,-1175.7886962890625,-105820.98266601562,-423283.9306640625,-805.4152569580078,-41.56867980957031,-1.6685563325881958,-1.1429610878229142,-2.556731137757053,-1.6074131584937097,0.0,-0.34456443786621094,-2822.671875,-124.04319763183594,-0.4882813096046448,-175.78127145767212,-657.8352887826802,1,1789158646.085745,38.990758685,-76.937713755,-6.286000000000001,0,1,8.41,9.054081,89.00035599999998,1,1,1789158646.6611378,0.44523139702500947,0.8852421722892437,0.12685060616795635,-0.04499136826771895,169.16128389967923,-11.105272012714904,127.65672367984159,-0.005825036378531075,0.0518324390598772,-0.061613438720978624,-1.3173273162269592,0.5533892686271668,-10.756130030403137
2026-09-11T16:30:46.706,14.836445152000124,-1175.84716796875,-105826.2451171875,-423304.98046875,-805.4553100585938,-41.608732910156256,-1.7469141483306885,-1.1966361916065218,-2.676798925390391,-1.606057320872508,0.0,-0.3457965850830078,-2832.765625,-124.48677062988281,-0.1678466945886612,-60.42481005191803,3451.6764065808743,1,1789158646.085745,38.990758685,-76.937713755,-6.286000000000001,0,1,8.41,9.054081,89.00035599999998,1,1,1789158646.7011378,0.4437353598492622,0.8853876742530838,0.13018853523800125,-0.04731323274459829,168.90675570886984,-11.497175047910373,127.88232962522983,-0.019930438327298846,0.08450744611816384,-0.06976081020221335,0.03363681005477905,0.21898249811172485,-9.859213806610107
2026-09-11T16:30:46.739,14.86987264000004,-1175.9078369140625,-105831.70532226562,-423326.8212890625,-805.4968682861329,-41.65029113769531,-1.8252830505371094,-1.25031888961792,-2.7968837008274843,-1.6059447246390053,0.0,-0.35054779052734375,-2871.6875,-126.19720458984375,-0.1525879055261612,-54.93164598941803,164.33074667512724,1,1789158646.085745,38.990758685,-76.937713755,-6.286000000000001,0,1,8.41,9.054081,89.00035599999998,1,1,1789158646.7291377,0.44251759755137027,0.8855140639670387,0.13305102428811227,-0.048378128424185346,168.64198235687027,-11.737834365449638,128.06599527781012,-0.062343335414162655,0.1193651619389946,-0.07411994454199439,-0.22006122962951663,0.0654103565788269,-8.665842548427582
2026-09-11T16:30:46.772,14.903275072000042,-1175.966796875,-105837.01171875,-423348.046875,-805.537255859375,-41.690678710937505,-1.7734031677246094,-1.2147811698913575,-2.7173880858342794,1.0639261155163715,0.0,-0.3531455993652344,-2892.96875,-127.13241577148438,-0.0762939602136612,-27.46582567691803,822.2700763973673,1,1789158646.085745,38.990758685,-76.937713755,-6.286000000000001,0,1,8.41,9.054081,89.00035599999998,1,1,1789158646.7611377,0.43996144906658397,0.8865667516090877,0.13399266226992915,-0.04979241643421569,168.57829284473382,-11.899275574782937,128.40814248082026,-0.06840608563681536,0.12901369110986965,-0.23836502646554678,-3.071540897159576,-2.907181440448761,-9.016234158706665
2026-09-11T16:30:46.806,14.936684735999961,-1176.0101318359375,-105840.91186523438,-423363.6474609375,-805.5669403076173,-41.72036315917969,-1.2030144929885864,-0.8240649276971818,-1.843380743775011,11.69470732166372,0.0,-0.3539161682128906,-2899.28125,-127.40982055664062,-0.0305175818502903,-10.986329466104507,493.25537098647715,1,1789158646.085745,38.990758685,-76.937713755,-6.286000000000001,0,1,8.41,9.054081,89.00035599999998,1,1,1789158646.8011377,0.43102249133142934,0.891291848307379,0.13299673444580987,-0.046155408502306344,168.39109586389927,-11.35720143270059,129.5420992329846,-0.03054867243058195,-0.17900882206617239,-0.6405023251602806,-5.72433783241272,-4.660022090358734,-10.013472413654329
2026-09-11T16:30:46.840,14.97009257600007,-1176.036376953125,-105843.27392578125,-423373.095703125,-805.5849182128907,-41.73834106445313,-0.7821656465530396,-0.5357834678888321,-1.1985134840032918,8.629155904943545,0.0,-0.3603401184082031,-2951.90625,-129.72244262695312,-0.3051758110523224,-109.86329197883606,-2959.6933687544292,1,1789158646.085745,38.990758685,-76.937713755,-6.286000000000001,0,1,8.41,9.054081,89.00035599999998,1,1,1789158646.8331378,0.4234755612776788,0.8954244983649068,0.1308079908088324,-0.0421032809774516,168.33831504171442,-10.730437854708374,130.4769747292208,0.01966445014929491,-0.10796694019299521,-0.4847261043661804,-2.2495474806022644,-1.7870658589744568,-9.89804814125061
2026-09-11T16:30:46.873,15.00350003199992,-1176.0521240234375,-105844.69116210938,-423378.7646484375,-805.5957049560548,-41.74912780761719,-0.3688639998435974,-0.25267183989286424,-0.5652108086365067,8.474504254297017,0.0,-0.37035369873046875,-3033.9375,-133.32733154296875,-0.2899170219898224,-104.37012791633606,164.42928376601589,1,1789158646.085745,38.990758685,-76.937713755,-6.286000000000001,0,1,8.41,9.054081,89.00035599999998,1,1,1789158646.8691378,0.4170169682225497,0.8986678730199023,0.12938316819218879,-0.04186762478227709,168.40299454035443,-10.553882933174128,131.28847443464062,0.029359754144123413,-0.12470866197690042,-0.3789568827672964,1.6995905395317077,-0.957423255290985,-9.611988156032561
2026-09-11T16:30:46.907,15.036919103999935,-1176.0625,-105845.625,-423382.5,-805.6028125,-41.7562353515625,-0.3430326282978058,-0.23497735038399697,-0.5256293628847457,0.5294727965174868,0.0,-0.3742828369140625,-3066.125,-134.7418212890625,0.0762939527630806,27.465822994709015,3944.931532239594,1,1789158646.085745,38.990758685,-76.937713755,-6.286000000000001,0,1,8.41,9.054081,89.00035599999998,1,1,1789158646.9011378,0.4133091535637522,0.9000978024284578,0.13089843324833786,-0.04318668564507128,168.25871325422813,-10.716380058167212,131.77755250949298,-0.003992440663937029,0.028457244387917142,-0.19325542115142652,-0.48140845643997193,0.5385812268829345,-8.74458994922638
2026-09-11T16:30:46.939,15.070328223999923,-1176.0789794921875,-105847.10815429688,-423388.4326171875,-805.6141009521485,-41.767523803710944,-0.4993235170841217,-0.3420366092026234,-0.7651141043365762,-3.204492031477226,0.0,-0.3695850372314453,-3027.640625,-133.0506134033203,0.3356933891773224,120.84962010383606,2795.1588401359245,1,1789158646.085745,38.990758685,-76.937713755,-6.286000000000001,0,1,8.41,9.054081,89.00035599999998,1,1,1789158646.9291377,0.4121223771461247,0.9001641169735234,0.13377346094222636,-0.04432121293740631,167.98911561342518,-10.95598254076776,131.9565770415241,-0.0462311538914518,0.0835967333144732,-0.01487003069406649,-0.11424747438430786,0.5823188866043091,-8.979949553108215
2026-09-11T16:30:46.973,15.103727648000131,-1176.0938720703125,-105848.44848632812,-423393.7939453125,-805.6243023681641,-41.77772521972656,-0.39428070187568665,-0.27008228078484536,-0.6041568557284472,2.1543583631061707,0.0,-0.3457832336425781,-2832.65625,-124.48196411132812,0.7019043564796448,252.68556833267212,3947.252151055456,1,1789158646.085745,38.990758685,-76.937713755,-6.286000000000001,0,1,8.41,9.054081,89.00035599999998,1,1,1789158646.9611378,0.41257785777796957,0.8994019683284373,0.13615929759429982,-0.0481275006301073,167.91304026086132,-11.47407729263842,131.934626903709,-0.014569135931022666,0.15809715963340235,0.07478596218455542,-0.24536238704681396,-0.2268278182411194,-9.864705530700682
2026-09-11T16:30:47.006,15.137137120000034,-1176.101318359375,-105849.11865234375,-423396.474609375,-805.6294030761719,-41.78282592773438,-0.2892378866672516,-0.19812795236706734,-0.44319960712031836,2.1537104333162467,0.0,-0.33658790588378906,-2757.328125,-121.17164611816406,0.8087158799171448,291.1377167701721,1150.9355322230679,1,1789158646.085745,38.990758685,-76.937713755,-6.286000000000001,0,1,8.41,9.054081,89.00035599999998,1,1,1789158647.0011377,0.4137850933862401,0.8982843129852534,0.13907036374057535,-0.05026552959052375,167.71420995507435,-11.852679165996584,131.81486348347465,-0.0349671479649308,0.12723345527283542,0.12472489353894398,-0.2426165250015259,0.2820392586517334,-9.257281619682312
2026-09-11T16:30:47.040,15.170561535999923,-1176.1136474609375,-105850.22827148438,-423400.9130859375,-805.6378485107423,-41.79127136230469,-0.4696519374847412,-0.32171157717704774,-0.719648302561398,-3.697405657301275,0.0,-0.3135643005371094,-2568.71875,-112.88314819335938,0.5798340439796448,208.74025583267212,-2465.187751904893,1,1789158646.085745,38.990758685,-76.937713755,-6.286000000000001,0,1,8.41,9.054081,89.00035599999998,1,1,1789158647.0291378,0.4148659682465661,0.8971987078881543,0.1420498182382611,-0.05236941944630293,167.50518671771096,-12.229899189517846,131.71209885289474,-0.05716721245152307,0.17754675975177675,0.12718755311350796,-0.3313667089653015,0.4571860305404663,-9.884711097030639
2026-09-11T16:30:47.074,15.20397065599991,-1176.13037109375,-105851.7333984375,-423406.93359375,-805.6493041992188,-41.80272705078125,-0.4696519374847412,-0.32171157717704774,-0.719648302561398,0.0,0.0,-0.30670928955078125,-2512.5625,-110.41534423828125,0.0,0.0,-6248.0022171416085,1,1789158647.0457428,38.99075489166667,-76.93771265166667,-6.303000000000001,0,1,8.059921,8.982009,71.048041,1,1,1789158647.0691378,0.41582484704329903,0.8959582981197803,0.14596468926605327,-0.05516098348641252,167.22570873946523,-12.72285783384125,131.6368693069561,-0.04850496884095001,0.2082193505592503,0.08396813937929759,-0.35921759542465215,0.35470653635025023,-9.762226036510468
2026-09-11T16:30:47.107,15.23739324799999,-1176.142822265625,-105852.85400390625,-423411.416015625,-805.6578332519532,-41.811256103515625,-0.3915530741214752,-0.26821385577321055,-0.5999773080109392,1.6006454976236044,0.0,-0.3036956787109375,-2487.875,-109.3304443359375,0.061035171151161194,21.97266161441803,657.4194369594697,1,1789158647.0457428,38.99075489166667,-76.93771265166667,-6.303000000000001,0,1,8.059921,8.982009,71.048041,1,1,1789158647.1011379,0.41600835592832336,0.8952196152979852,0.14912727656425073,-0.05727079157886744,166.98464560477177,-13.097938184330754,131.6519890937351,-0.047543990554801935,0.24315665339397202,0.06662724606318274,-0.8419989828872682,0.6070316450119019,-9.456062418460846
2026-09-11T16:30:47.140,15.270800159999908,-1176.161865234375,-105854.56787109375,-423418.271484375,-805.6708776855469,-41.82430053710938,-0.601977527141571,-0.4123546060919762,-0.9224109835629379,-4.314698416876041,0.0,-0.2984790802001953,-2445.140625,-107.45246887207031,0.3204346001148224,115.35645604133606,2795.3435033787555,1,1789158647.0457428,38.99075489166667,-76.93771265166667,-6.303000000000001,0,1,8.059921,8.982009,71.048041,1,1,1789158647.1291378,0.4153895717640506,0.8953383288148757,0.14989457322493108,-0.057899892421142435,166.92173648334514,-13.191666938357365,131.74114737051437,0.002622706266971879,0.14200347860076265,-0.07202223331402241,-1.4638386696434023,0.2252587542152405,-10.441924959220886
2026-09-11T16:30:47.173,15.304200448000074,-1176.177001953125,-105855.93017578125,-423423.720703125,-805.6812463378907,-41.83466918945313,-0.3953266441822052,-0.27079875126481057,-0.605759554547267,4.238162701664759,0.0,-0.2832164764404297,-2320.109375,-101.95793151855469,0.4577637314796448,164.79494333267212,1480.1814670307624,1,1789158647.0457428,38.99075489166667,-76.93771265166667,-6.303000000000001,0,1,8.059921,8.982009,71.048041,1,1,1789158647.1691377,0.4131923412972083,0.8958228752863058,0.1524745682779296,-0.059371468194464046,166.6779449055276,-13.436955231134826,132.05394767605713,-0.010755416982489857,0.15097080576458433,-0.07905032514595317,-1.1604209136390686,0.03383294305801392,-10.433687373085023
2026-09-11T16:30:47.207,15.337608351999961,-1176.1888427734375,-105856.99584960938,-423427.9833984375,-805.6893572998048,-41.842780151367194,-0.3694952726364136,-0.2531042617559433,-0.566178108795506,0.52964979511816,0.0,-0.27681541442871094,-2267.671875,-99.65354919433594,0.07629400491714478,27.46584177017212,-4110.6769692275475,1,1789158647.0457428,38.99075489166667,-76.93771265166667,-6.303000000000001,0,1,8.059921,8.982009,71.048041,1,1,1789158647.2011378,0.41178359138762943,0.8959748469862416,0.1543733378343275,-0.0619049270880388,166.5659436132923,-13.77250064646282,132.26345013292215,-0.007464424144929349,0.11604013518102019,-0.05826031216204712,0.5928120022773742,0.3317589749717712,-8.716052597255706
2026-09-11T16:30:47.240,15.371028927999987,-1176.2099609375,-105858.896484375,-423435.5859375,-805.7038232421876,-41.85724609375,-0.5778831243515015,-0.3958499401807785,-0.8854910973979466,-4.271191448786657,0.0,-0.271820068359375,-2226.75,-97.855224609375,0.045776426792144775,16.47951364517212,-328.7294666911631,1,1789158647.0457428,38.99075489166667,-76.93771265166667,-6.303000000000001,0,1,8.059921,8.982009,71.048041,1,1,1789158647.2291377,0.410363595289363,0.8963569088287017,0.15572772051800327,-0.06240904356348536,166.42022275615005,-13.86833489395329,132.46139115367737,-0.011560188300584442,0.10495136031139943,-0.09377165378774975,-0.8540611625862121,0.7891411385154724,-10.290804480228424
2026-09-11T16:30:47.273,15.404435936000027,-1176.2313232421875,-105860.81909179688,-423443.2763671875,-805.7184564208985,-41.87187927246094,-0.6304044723510742,-0.4318270635604859,-0.9659696303697329,-1.076933420067554,0.0,-0.27072906494140625,-2217.8125,-97.46246337890625,0.0457763709127903,16.479493528604507,-0.0006021660967564099,1,1789158647.0457428,38.99075489166667,-76.93771265166667,-6.303000000000001,0,1,8.059921,8.982009,71.048041,1,1,1789158647.2691379,0.40796194575066314,0.8969360964919445,0.15813651950220045,-0.06376151526474688,166.18218873378868,-14.08773397730789,132.799719236278,-0.012909676878226459,0.09786986140435762,-0.0952661792262325,0.02667408843994141,0.4045243191719055,-9.765168031558991
2026-09-11T16:30:47.307,15.437841952000099,-1176.249267578125,-105862.43408203125,-423449.736328125,-805.7307482910157,-41.884171142578126,-0.5530840754508972,-0.3788625916838646,-0.8474914810394242,1.585477055285716,0.0,-0.2698707580566406,-2210.78125,-97.15347290039062,0.0305175818502903,10.986329466104507,-164.43637165497975,1,1789158647.0457428,38.99075489166667,-76.93771265166667,-6.303000000000001,0,1,8.059921,8.982009,71.048041,1,1,1789158647.3011377,0.40597295249050597,0.8975958184492606,0.15939991584504742,-0.06402636470341717,166.02559043260277,-14.14423370487379,133.0687526995818,0.0027022932808628206,0.04349674655235228,-0.11171206770192464,-0.017161637783050538,0.8204243525314331,-9.608163562469482
2026-09-11T16:30:47.340,15.47125116799998,-1176.2706298828125,-105864.35668945312,-423457.4267578125,-805.7453814697267,-41.89880432128906,-0.6311830282211304,-0.43236037433147434,-0.9671626125883005,-1.6012881789204225,0.0,-0.26918792724609375,-2205.1875,-96.90765380859375,0.0305175818502903,10.986329466104507,0.0,1,1789158647.0457428,38.99075489166667,-76.93771265166667,-6.303000000000001,0,1,8.059921,8.982009,71.048041,1,1,1789158647.3291378,0.40421526797281737,0.898299826812539,0.160336959210436,-0.0629245405019146,165.84773276011882,-14.044268357392397,133.2986050472688,-0.0009129817317182338,0.00937206901735915,-0.11385550655629889,-0.3567659328842163,0.8714189333724975,-9.773013351688384
2026-09-11T16:30:47.374,15.504655775999936,-1176.297119140625,-105866.74072265625,-423466.962890625,-805.7635266113282,-41.91694946289063,-0.7626982927322388,-0.5224483305215836,-1.1686836312669626,-2.6968721258525137,0.0,-0.268768310546875,-2201.75,-96.756591796875,0.0,0.0,-328.88664540291035,1,1789158647.0457428,38.99075489166667,-76.93771265166667,-6.303000000000001,0,1,8.059921,8.982009,71.048041,1,1,1789158647.3691378,0.4015736038696288,0.8992784434931702,0.1615124841723237,-0.06285411044748122,165.67572682283514,-14.04979019564934,133.6478401502438,0.0037760198366897316,-0.003082425991947185,-0.13401789914118778,-0.15170887800216673,0.9980227869606018,-9.541870607376099
2026-09-11T16:30:47.408,15.53807734399993,-1176.32275390625,-105869.0478515625,-423476.19140625,-805.7810864257813,-41.93450927734375,-0.7889639139175415,-0.5404402810335159,-1.208930478331951,-0.5383335249840892,0.0,-0.2689533233642578,-2203.265625,-96.82319641113281,0.0,0.0,0.0,1,1789158647.0457428,38.99075489166667,-76.93771265166667,-6.303000000000001,0,1,8.059921,8.982009,71.048041,1,1,1789158647.4011378,0.3991613126448812,0.9002439808333924,0.1626442233520485,-0.061464445584994955,165.45488307032537,-13.916557784713925,133.96035083705888,0.004179190893900422,-0.007058635093840668,-0.14928411957545698,-0.4149193683433533,0.9523237972068787,-9.584431469078064
2026-09-11T16:30:47.440,15.571489343999929,-1176.3525390625,-105871.728515625,-423486.9140625,-805.8014892578126,-41.954912109375,-0.9202672839164734,-0.6303830894827843,-1.4101268107614164,-2.691931295620513,0.0,-0.2692298889160156,-2205.53125,-96.92276000976562,-0.015258789993822575,-5.493164397776127,-164.40693157477503,1,1789158647.0457428,38.99075489166667,-76.93771265166667,-6.303000000000001,0,1,8.059921,8.982009,71.048041,1,1,1789158647.4291377,0.3968361462921609,0.9011801365354849,0.16344385940028464,-0.06067568981240832,165.2982191130308,-13.832266204543009,134.26027116298945,-0.007505439382351216,-0.009420763703489793,-0.15874659664806945,0.03324454404830932,1.0109675651741028,-9.983758263664246
2026-09-11T16:30:47.474,15.604888031999963,-1176.383056640625,-105874.47509765625,-423497.900390625,-805.8223937988282,-41.97581665039063,-0.9202672839164734,-0.6303830894827843,-1.4101268107614164,0.0,0.0,-0.2693195343017578,-2206.265625,-96.95503234863281,0.0,0.0,164.47246064787203,1,1789158647.0457428,38.99075489166667,-76.93771265166667,-6.303000000000001,0,1,8.059921,8.982009,71.048041,1,1,1789158647.4691377,0.3934498307890415,0.9027752716844301,0.16328186832661384,-0.059439641342698454,165.21228661596265,-13.639240090786782,134.68088696594532,-0.0006504842122182866,0.005225864846321422,-0.18116988874599177,-0.6216435537528991,0.8230721480751038,-9.907462525405885
2026-09-11T16:30:47.508,15.63834729600012,-1176.417236328125,-105877.55126953125,-423510.205078125,-805.8458068847657,-41.999229736328125,-1.0254795551300049,-0.7024534952640534,-1.5713437170366247,-2.1539746295952606,0.0,-0.26961326599121094,-2208.671875,-97.06077575683594,-0.015258789993822575,-5.493164397776127,-164.17469307604264,1,1789158647.0457428,38.99075489166667,-76.93771265166667,-6.303000000000001,0,1,8.059921,8.982009,71.048041,1,1,1789158647.5011377,0.3906046661661834,0.9039444551703129,0.1641348492826699,-0.05807037099077434,165.01891547314088,-13.486040870610221,135.04185269114024,-0.010647555634716607,-0.0383227179848151,-0.17176291314359277,-0.205155121383667,2.230130313282013,-8.108922885742187
2026-09-11T16:30:47.541,15.671775263999962,-1176.45654296875,-105881.0888671875,-423524.35546875,-805.8727319335939,-42.02615478515625,-1.1550706624984741,-0.7912234038114548,-1.7699163471086568,-2.655558020990739,0.0,-0.269256591796875,-2205.75,-96.932373046875,0.0,0.0,164.3283970417268,1,1789158647.0457428,38.99075489166667,-76.93771265166667,-6.303000000000001,0,1,8.059921,8.982009,71.048041,1,1,1789158647.5291378,0.3876052466997941,0.9048249378447067,0.1662301766090228,-0.05849387121440436,164.76281491927932,-13.57492993267941,135.44589799324578,-0.02793294748061805,0.055423104930005136,-0.22555710228271159,0.8271909411430358,0.5704528399085999,-11.070531234588625
2026-09-11T16:30:47.574,15.705178367999906,-1176.4989013671875,-105884.90112304688,-423539.6044921875,-805.9017474365235,-42.05517028808594,-1.2343401908874512,-0.8455230307579041,-1.8913811532701843,-1.6255862612809728,0.0,-0.26921653747558594,-2205.421875,-96.91795349121094,0.0,0.0,0.0,1,1789158647.0457428,38.99075489166667,-76.93771265166667,-6.303000000000001,0,1,8.059921,8.982009,71.048041,1,1,1789158647.5691378,0.3833168173989042,0.9070042438051477,0.164420370011933,-0.05811592848579753,164.88311609969648,-13.383807367857594,135.9642348836333,-0.02379564448876549,0.04473575578834305,-0.23667694401301784,-1.3433149391555785,1.1259995715713502,-9.736630679588318
2026-09-11T16:30:47.608,15.738583840000047,-1176.54248046875,-105888.8232421875,-423555.29296875,-805.9315991210938,-42.08502197265625,-1.3132493495941162,-0.8995758044719697,-2.0122937644773815,-1.6180814243198942,0.0,-0.2699394226074219,-2211.34375,-97.17819213867188,-0.015258789993822575,-5.493164397776127,-164.43905949758872,1,1789158647.0457428,38.99075489166667,-76.93771265166667,-6.303000000000001,0,1,8.059921,8.982009,71.048041,1,1,1789158647.6011379,0.3796726571226266,0.9085329664664574,0.16458028399086136,-0.0577048732655298,164.79606361018259,-13.286876537462323,136.42141001064837,0.007241022000674075,0.04660779594403218,-0.22577369764288407,0.5296571752357483,1.2451503710365295,-9.642388771533966
2026-09-11T16:30:47.641,15.77199564800003,-1176.587890625,-105892.91015625,-423571.640625,-805.962705078125,-42.1161279296875,-1.3653464317321777,-0.9352623057365418,-2.092122194292548,-1.0680805200541885,0.0,-0.2700519561767578,-2212.265625,-97.21870422363281,0.0,0.0,164.4078763345879,1,1789158647.0457428,38.99075489166667,-76.93771265166667,-6.303000000000001,0,1,8.059921,8.982009,71.048041,1,1,1789158647.6291378,0.37613566917745295,0.9095275071335599,0.1665751127088714,-0.059450853365352704,164.59585036447422,-13.500512168713042,136.8990339504879,-0.019447680256197218,0.03689137346525454,-0.2650704838832372,0.8209146850395204,1.4338303201484681,-9.591688390197753
2026-09-11T16:30:47.675,15.8053975360001,-1176.6409912109375,-105897.68920898438,-423590.7568359375,-805.9990789794922,-42.15250183105469,-1.5482286214828491,-1.0605366057157517,-2.372352822377753,-3.7505155390899647,0.0,-0.2710552215576172,-2220.484375,-97.57987976074219,-0.015258789993822575,-5.493164397776127,-164.45670369783906,1,1789158647.0457428,38.99075489166667,-76.93771265166667,-6.303000000000001,0,1,8.059921,8.982009,71.048041,1,1,1789158647.6691377,0.37021307892221794,0.9121978106837145,0.16618460977981228,-0.05674597651905571,164.44616642547493,-13.095484255880292,137.6168745141963,-0.009679246965710151,0.04968673127747537,-0.28599331642322,-0.3912853414535522,1.5619051712608336,-9.536378883285522
2026-09-11T16:30:47.708,15.83881711999993,-1176.696533203125,-105902.68798828125,-423610.751953125,-806.0371252441407,-42.19054809570313,-1.6271377801895142,-1.1145893794298174,-2.4932654335849502,-1.617398161339783,0.0,-0.2711505889892578,-2221.265625,-97.61421203613281,0.0,0.0,164.36962224915928,1,1789158647.0457428,38.99075489166667,-76.93771265166667,-6.303000000000001,0,1,8.059921,8.982009,71.048041,1,1,1789158647.7011378,0.36571236785539,0.9142729758264068,0.16471130286859093,-0.05682936193959658,164.54928859410552,-12.966953004241173,138.1632889408566,-0.0491563257177943,0.053713380394751487,-0.3147449978559486,0.5194582590675354,0.6538093662834167,-9.453904955425262
2026-09-11T16:30:47.741,15.87222511999994,-1176.7559814453125,-105908.03833007812,-423632.1533203125,-806.0778472900391,-42.23127014160156,-1.75844144821167,-1.204532392024994,-2.694462222675807,-2.692259716090564,0.0,-0.2711505889892578,-2221.265625,-97.61421203613281,0.0,0.0,0.0,1,1789158647.0457428,38.99075489166667,-76.93771265166667,-6.303000000000001,0,1,8.059921,8.982009,71.048041,1,1,1789158647.7291377,0.3613475388689245,0.9162102698082217,0.16355786983722073,-0.05688163909055071,164.6185694359651,-12.852007493981022,138.69479280020613,-0.03442295430415896,0.06775979021480186,-0.32997072665157157,0.7860030104637146,0.9188831201553346,-9.499898144683838
2026-09-11T16:30:47.774,15.905623200000036,-1176.8172607421875,-105913.55346679688,-423654.2138671875,-806.1198236083985,-42.273246459960944,-1.837620735168457,-1.2587702035903932,-2.815788751768056,-1.6239799283444216,0.0,-0.27135276794433594,-2222.921875,-97.68699645996094,-0.015258789993822575,-5.493164397776127,-164.4754548093822,1,1789158647.0457428,38.99075489166667,-76.93771265166667,-6.303000000000001,0,1,8.059921,8.982009,71.048041,1,1,1789158647.7691379,0.35477796564570424,0.9192405855143333,0.16155471892455425,-0.055040111089726944,164.6813223228894,-12.463775292746114,139.474811710519,-0.029788756074263616,0.06936776205466423,-0.34569492148156405,-0.07119628017425537,1.1603228471374512,-9.820771737976075
2026-09-11T16:30:47.808,15.939029247999997,-1176.8817138671875,-105919.35424804688,-423677.4169921875,-806.1639739990235,-42.31739685058594,-1.9166151285171509,-1.3128813630342484,-2.936831968133158,-1.6198012840045872,0.0,-0.2715167999267578,-2224.265625,-97.74604797363281,0.0,0.0,164.43622417660976,1,1789158647.0457428,38.99075489166667,-76.93771265166667,-6.303000000000001,0,1,8.059921,8.982009,71.048041,1,1,1789158647.8011377,0.3495987759734964,0.9215339883391868,0.15979037731191365,-0.05498035551013615,164.80649144964698,-12.301594298617724,140.09679524663883,-0.01293393695482918,0.03757065561013073,-0.3630171397746826,0.052171378860473634,1.2219086101531982,-9.264440474300384
2026-09-11T16:30:47.841,15.972451871999965,-1176.948974609375,-105925.40771484375,-423701.630859375,-806.210047607422,-42.36347045898438,-1.995794415473938,-1.3671191745996476,-3.0581584972254072,-1.6227873540225672,0.0,-0.27239227294921875,-2231.4375,-98.06121826171875,-0.0457763746380806,-16.479494869709015,-493.0640655181592,1,1789158647.0457428,38.99075489166667,-76.93771265166667,-6.303000000000001,0,1,8.059921,8.982009,71.048041,1,1,1789158647.8291378,0.34495719475909836,0.9234490436629936,0.1582878610534555,-0.05649204001412799,164.9685657986492,-12.329893069698565,140.66624473233458,0.04054190412872588,0.044893009953947745,-0.37198184894462627,1.4642309356498717,1.020774215335846,-8.07067695011139
2026-09-11T16:30:47.875,16.005857664000132,-1177.0189208984375,-105931.70288085938,-423726.8115234375,-806.2579608154298,-42.411383666992194,-2.0490305423736572,-1.4035859215259554,-3.1397322868780284,-1.091629467312902,0.0,-0.2732105255126953,-2238.140625,-98.35578918457031,0.1373291164636612,49.43848192691803,1973.249932116493,1,1789158647.0457428,38.99075489166667,-76.93771265166667,-6.303000000000001,0,1,8.059921,8.982009,71.048041,1,1,1789158647.8691378,0.33753958340212514,0.9265221828404006,0.15700333023728388,-0.05453098784894098,164.94480587324202,-11.94882871512901,141.55040606625545,-0.1141609391753979,0.039620195750747676,-0.3961084078595699,0.13964669830322265,0.4250202180099487,-8.475985801296234
2026-09-11T16:30:47.908,16.03926499199997,-1177.0950927734375,-105938.55834960938,-423754.2333984375,-806.3101385498047,-42.463561401367194,-2.2853288650512695,-1.5654502725601198,-3.501812528096184,-4.845175017736924,0.0,-0.27394676208496094,-2244.171875,-98.62083435058594,-0.045776382088661194,-16.47949755191803,-1973.1592864641325,1,1789158647.0457428,38.99075489166667,-76.93771265166667,-6.303000000000001,0,1,8.059921,8.982009,71.048041,1,1,1789158647.9011378,0.33138648213077504,0.9286033307501729,0.1572295744965086,-0.056193544863459954,164.90067155216602,-12.038595209758181,142.32186286749405,-0.04537280096532099,0.1082172204077312,-0.4515439046272641,0.8840695120811461,1.283592439670563,-11.63686528142929
2026-09-11T16:30:47.941,16.07267408000007,-1177.17236328125,-105945.5126953125,-423782.05078125,-806.3630688476563,-42.516491699218754,-2.338475227355957,-1.6018555307388307,-3.5832487713377525,-1.0896812920665022,0.0,-0.2754707336425781,-2256.65625,-99.16946411132812,-0.015258789993822575,-5.493164397776127,328.8426536548825,1,1789158647.0457428,38.99075489166667,-76.93771265166667,-6.303000000000001,0,1,8.059921,8.982009,71.048041,1,1,1789158647.9291377,0.32558891296722964,0.9309216523314869,0.1554301016964919,-0.0567293615321918,165.04708900687848,-11.936870095461876,143.0176546750061,0.01587918006756961,0.020212483534421132,-0.42612929272434874,0.7938483305931091,1.4322612561225891,-9.126264773521424
2026-09-11T16:30:47.976,16.10608236799999,-1177.2529296875,-105952.763671875,-423811.0546875,-806.4182568359375,-42.5716796875,-2.4169774055480957,-1.6556295228004456,-3.703537765749024,-1.609600350121078,0.0,-0.2751884460449219,-2254.34375,-99.06784057617188,0.015258789993822575,5.493164397776127,328.8503977090653,1,1789158647.0457428,38.99075489166667,-76.93771265166667,-6.303000000000001,0,1,8.059921,8.982009,71.048041,1,1,1789158647.9691377,0.3171622952917445,0.9342670811044701,0.15309216279219376,-0.05582015139189601,165.17343620240604,-11.619540124043265,144.01461949457558,-0.006373942428283292,-0.010544232142998542,-0.468283532016067,-0.2182960326004028,1.234166922855377,-9.036141658535003
2026-09-11T16:30:48.008,16.139502336000078,-1177.3343505859375,-105960.09155273438,-423840.3662109375,-806.4740301513673,-42.62745300292969,-2.4178099632263184,-1.6561998248100283,-3.7048134950116913,-0.017064708427641562,0.0,-0.2745628356933594,-2249.21875,-98.84262084960938,0.015258789993822575,5.493164397776127,0.0,1,1789158647.0457428,38.99075489166667,-76.93771265166667,-6.303000000000001,0,1,8.059921,8.982009,71.048041,1,1,1789158648.0011377,0.310070644893038,0.9371195319499005,0.15062985051253885,-0.05453279882955941,165.32156288061682,-11.280903147731717,144.84128793970297,-0.030665609490465567,0.006891956150275208,-0.48219851854344215,0.10110656316757202,0.9927271958732605,-10.496057668113709
2026-09-11T16:30:48.041,16.172914208000066,-1177.420166015625,-105967.81494140625,-423871.259765625,-806.5328137207032,-42.68623657226563,-2.548938512802124,-1.7460228812694552,-3.9057419498690344,-2.688357493392156,0.0,-0.273956298828125,-2244.25,-98.624267578125,0.015258789993822575,5.493164397776127,0.0,1,1789158648.0378551,38.990751483333334,-76.93771198333333,-6.398,0,1,8.41,9.054081,88.981489,1,1,1789158648.0291378,0.3038730767916593,0.9393861439578325,0.14937229210881592,-0.05387712029575538,165.36901932887812,-11.06971626464684,145.57470575673074,-0.017244027542629176,0.02450913508698077,-0.4765366704499726,-0.04412992572784424,1.2392663809394837,-10.572549539375306
2026-09-11T16:30:48.074,16.20631414400009,-1177.5089111328125,-105975.80200195312,-423903.2080078125,-806.5936041259766,-42.747026977539065,-2.6786105632781982,-1.834848235845566,-4.104438609174937,-2.6594468497199664,0.0,-0.273162841796875,-2237.75,-98.338623046875,0.0,0.0,-164.4663150783364,1,1789158648.0378551,38.990751483333334,-76.93771198333333,-6.398,0,1,8.41,9.054081,88.981489,1,1,1789158648.0691378,0.29466572160537524,0.9422708554325426,0.14940198944590463,-0.05455999507710332,165.2814392810893,-11.003436804817065,146.69457629810603,-0.0455841603377375,0.004812570879449164,-0.5005143527797211,2.0061464235877993,0.7306935035514832,-10.09584827501297
2026-09-11T16:30:48.108,16.239719456000103,-1177.6004638671875,-105984.04174804688,-423936.1669921875,-806.6563177490235,-42.80974060058594,-2.7046966552734375,-1.8527172088623047,-4.144410363417821,-0.534914118351342,0.0,-0.273162841796875,-2237.75,-98.338623046875,0.0,0.0,0.0,1,1789158648.0378551,38.990751483333334,-76.93771198333333,-6.398,0,1,8.41,9.054081,88.981489,1,1,1789158648.1011379,0.2866141207646919,0.9449357812880941,0.14866242511469144,-0.05336851486373429,165.23762644563962,-10.723938428163214,147.6464392423044,-0.039442521232894656,0.02604275590070819,-0.5170244693718866,-0.18387469053268432,0.9771346221160889,-9.48911082950592
2026-09-11T16:30:48.142,16.27312515199992,-1177.6943359375,-105992.490234375,-423969.9609375,-806.7206201171875,-42.874042968750004,-2.8086376190185547,-1.9239167690277101,-4.303679243530127,-2.1313598784408954,0.0,-0.273162841796875,-2237.75,-98.338623046875,0.0,0.0,0.0,1,1789158648.0378551,38.990751483333334,-76.93771198333333,-6.398,0,1,8.41,9.054081,88.981489,1,1,1789158648.1291378,0.2792933992682062,0.9469405503759564,0.15000731289036312,-0.052882863559987205,164.99072476203904,-10.599685808707688,148.53417458441945,-0.06545682826679533,0.026076789821122076,-0.5265115555869522,-0.123367659034729,1.115996788406372,-9.539124745330811
2026-09-11T16:30:48.175,16.30653491199996,-1177.7940673828125,-106001.46606445312,-424005.8642578125,-806.7889361572267,-42.94235900878907,-2.939056158065796,-2.0132534682750705,-4.5035197482888965,-2.673970098775091,0.0,-0.272918701171875,-2235.75,-98.250732421875,0.0,0.0,0.0,1,1789158648.0378551,38.990751483333334,-76.93771198333333,-6.398,0,1,8.41,9.054081,88.981489,1,1,1789158648.1691377,0.268390273396653,0.9500712139981828,0.1506014956799456,-0.05148338544668747,164.76629525606657,-10.292051309820176,149.83054938643227,-0.047653597231827174,0.045389381593214935,-0.5543877798668805,-1.0427411116981506,1.3983302465629577,-8.8583470911026
2026-09-11T16:30:48.208,16.33994275200007,-1177.8948974609375,-106010.54077148438,-424042.1630859375,-806.8580047607422,-43.01142761230469,-3.0436007976531982,-2.084866546392441,-4.663713641715369,-2.1436009666334868,0.0,-0.272430419921875,-2231.75,-98.074951171875,0.015258789993822575,5.493164397776127,164.42740379977292,1,1789158648.0378551,38.990751483333334,-76.93771198333333,-6.398,0,1,8.41,9.054081,88.981489,1,1,1789158648.2011378,0.2590405896970549,0.9519714004551725,0.15507054708080942,-0.05100540199702313,164.14787193663867,-10.221293713397284,150.98242278546988,-0.051006374724908286,0.09541994273333318,-0.5607673073487701,0.292630440826416,1.7140063152694702,-9.569035028324128
2026-09-11T16:30:48.241,16.373350560000063,-1178.0030517578125,-106020.27465820312,-424081.0986328125,-806.9320904541016,-43.085513305664065,-3.226106643676758,-2.209883050918579,-4.943367597795671,-3.7421343096250346,0.0,-0.2703208923339844,-2214.46875,-97.31552124023438,0.0915527418255806,32.958987057209015,822.137826565542,1,1789158648.0378551,38.990751483333334,-76.93771198333333,-6.398,0,1,8.41,9.054081,88.981489,1,1,1789158648.2291377,0.2509405741942444,0.9534056836413477,0.1592479257324403,-0.051831735195271726,163.60919496533137,-10.297359589041967,151.99484014810471,-0.07611642667335071,0.11481264511809258,-0.5717648014985115,1.954073111228943,2.0023218300247194,-7.750489822330475
2026-09-11T16:30:48.275,16.406752639999922,-1178.114990234375,-106030.34912109375,-424121.396484375,-807.0087683105469,-43.16219116210938,-3.3572776317596436,-2.299735177755356,-5.1443610812351315,-2.690015916288862,0.0,-0.26625633239746094,-2181.171875,-95.85227966308594,0.1525879204273224,54.93165135383606,657.8232342632341,1,1789158648.0378551,38.990751483333334,-76.93771198333333,-6.398,0,1,8.41,9.054081,88.981489,1,1,1789158648.2691379,0.23888456407627198,0.9561752484682859,0.16118295182770612,-0.05179879634517188,163.26238461801475,-10.140680772303343,153.44110237161266,-0.03774152334390098,0.14989027242467462,-0.5976527466945679,-0.43982825975418094,1.4441273028182984,-10.482132224884033
2026-09-11T16:30:48.309,16.44017494400009,-1178.230712890625,-106040.76416015625,-424163.056640625,-807.0880383300782,-43.24146118164063,-3.4359428882598877,-2.353620878458023,-5.264899960759709,-1.6122676851480648,0.0,-0.2553691864013672,-2091.984375,-91.93290710449219,0.3662109673023224,131.83594822883606,2300.9872950294334,1,1789158648.0378551,38.990751483333334,-76.93771198333333,-6.398,0,1,8.41,9.054081,88.981489,1,1,1789158648.3011377,0.2293108907489732,0.9586047444441181,0.16112700712041575,-0.05031447991937151,163.13729578961073,-9.808736530222284,154.55119661574128,-0.04312813301433108,0.08739683869484045,-0.5937451290322777,-0.28223539165496825,0.9890987353134156,-11.255288523635866
2026-09-11T16:30:48.342,16.473594336000133,-1178.3468017578125,-106051.21215820312,-424204.8486328125,-807.1675592041016,-43.32098205566407,-3.488776683807373,-2.3898120284080506,-5.345857257534108,-1.0829386109113688,0.0,-0.24344635009765625,-1994.3125,-87.64068603515625,0.2441406548023224,87.89063572883606,-1314.9644523737973,1,1789158648.0378551,38.990751483333334,-76.93771198333333,-6.398,0,1,8.41,9.054081,88.981489,1,1,1789158648.3291378,0.221610602197013,0.9605523294737923,0.1604257738448624,-0.04991527243865594,163.13332870214245,-9.613238799267144,155.44558655843286,-0.0682380104298483,0.056374309372342044,-0.5763216816425436,0.6779337256813049,0.687250043334961,-9.705739731578827
2026-09-11T16:30:48.375,16.50699427199993,-1178.461181640625,-106061.50634765625,-424246.025390625,-807.2459094238282,-43.39933227539063,-3.4374794960021973,-2.3546734547615054,-5.267254506893125,1.0520551191104022,0.0,-0.23957061767578125,-1962.5625,-86.24542236328125,0.07629397511482239,27.46583104133606,-1809.1293554535234,1,1789158648.0378551,38.990751483333334,-76.93771198333333,-6.398,0,1,8.41,9.054081,88.981489,1,1,1789158648.3691378,0.21075262961682195,0.9635252364407139,0.15779624250699129,-0.047987432752084856,163.29098160753958,-9.14805371433328,156.67017261342482,0.008093964406123703,0.029844781143252636,-0.5601676122177848,0.6784240581893921,0.4286486785697937,-9.165687507171631
2026-09-11T16:30:48.408,16.540406560000065,-1178.5767822265625,-106071.91040039062,-424287.6416015625,-807.3250958251954,-43.478518676757815,-3.412814140319824,-2.3377776861190798,-5.229459748834729,0.5056752965363174,0.0,-0.23946189880371094,-1961.671875,-86.20628356933594,-0.0610351599752903,-21.972657591104507,-1479.6499010256166,1,1789158648.0378551,38.990751483333334,-76.93771198333333,-6.398,0,1,8.41,9.054081,88.981489,1,1,1789158648.4011378,0.20220400889996093,0.9657073589568276,0.15583488455827196,-0.04731093315634038,163.42503493349682,-8.881878651167435,157.64430452811075,-0.026692367448300478,0.017288184372704633,-0.5587771084027209,0.2929246403312683,-0.3970712650489807,-8.045571925697327
2026-09-11T16:30:48.442,16.573815360000026,-1178.6907958984375,-106082.17163085938,-424328.6865234375,-807.4031951904298,-43.55661804199219,-3.3889262676239014,-2.3214144933223726,-5.192856329013892,0.48978690634582056,0.0,-0.24089622497558594,-1973.421875,-86.72264099121094,-0.0457763746380806,-16.479494869709015,164.4226288104301,1,1789158648.0378551,38.990751483333334,-76.93771198333333,-6.398,0,1,8.41,9.054081,88.981489,1,1,1789158648.4291377,0.1946259243070543,0.9676663114281767,0.15334839520230611,-0.047190348626483386,163.64180355947613,-8.686051375219764,158.5065368284117,0.022719649004910983,0.05020596672994369,-0.5764230852720844,0.17092991231918336,-1.086871037425995,-10.296786536827087
2026-09-11T16:30:48.476,16.60722329600003,-1178.80224609375,-106092.2021484375,-424368.80859375,-807.4795385742189,-43.632961425781254,-3.3129994869232178,-2.2694046485424044,-5.076513619681465,1.5568110756666655,0.0,-0.2419757843017578,-1982.265625,-87.11128234863281,0.0,0.0,493.2808440996598,1,1789158648.0378551,38.990751483333334,-76.93771198333333,-6.398,0,1,8.41,9.054081,88.981489,1,1,1789158648.4691377,0.18406775399324737,0.970125559585103,0.15068009536790855,-0.04765468958549466,163.8668113382502,-8.507145826239517,159.72112539167563,0.027718097449697547,0.02686079172111793,-0.558542710684178,0.6182112261962891,-1.894350611743927,-10.409955279693603
2026-09-11T16:30:48.509,16.640644159999965,-1178.9072265625,-106101.650390625,-424406.6015625,-807.5514501953126,-43.704873046875,-3.185044527053833,-2.181755501031876,-4.880448060647534,2.6225877197757748,0.0,-0.2422199249267578,-1984.265625,-87.19917297363281,0.0,0.0,0.0,1,1789158648.0378551,38.990751483333334,-76.93771198333333,-6.398,0,1,8.41,9.054081,88.981489,1,1,1789158648.5011377,0.17569503845143228,0.9721598378052901,0.14780466580612528,-0.04680046995363565,164.1127629152293,-8.217553863810949,160.66001347705713,-0.006218608124855796,0.03361992831531637,-0.5305172607532044,-0.5978133938598633,-1.3683218970680235,-8.67966992515564
2026-09-11T16:30:48.542,16.674053791999995,-1179.0076904296875,-106110.69213867188,-424442.7685546875,-807.620267944336,-43.77369079589844,-3.0566396713256836,-2.0937981748580934,-4.683693125577333,2.632693654743153,0.0,-0.24074745178222656,-1972.203125,-86.66908264160156,0.0457763746380806,16.479494869709015,493.2558032873356,1,1789158648.0378551,38.990751483333334,-76.93771198333333,-6.398,0,1,8.41,9.054081,88.981489,1,1,1789158648.5291378,0.16879402441604396,0.9737000564861288,0.14568927970774848,-0.04681251006497249,164.30061440782933,-8.067847839912844,161.44475497523825,-0.007653966901695932,0.04883658139882893,-0.5075881722380541,-0.12140632900238038,-0.49180350561141967,-11.176835322341919
2026-09-11T16:30:48.575,16.70745235200002,-1179.1031494140625,-106119.28344726562,-424477.1337890625,-807.6856573486328,-43.83908020019532,-2.9026591777801514,-1.9883215367794038,-4.447748605895225,3.1581193344448395,0.0,-0.23621177673339844,-1935.046875,-85.03623962402344,0.1220703274011612,43.94531786441803,822.3654850595316,1,1789158648.0378551,38.990751483333334,-76.93771198333333,-6.398,0,1,8.41,9.054081,88.981489,1,1,1789158648.5691378,0.1597499136762327,0.975782190558039,0.14176221981441428,-0.04724991749707511,164.68829384978838,-7.90345419774119,162.4686832312758,-0.09571211085011704,-0.009340653090823253,-0.423517232965814,1.0341112595558166,-2.256902468223572,-20.286919123096467
2026-09-11T16:30:48.608,16.740860192000127,-1179.193359375,-106127.40234375,-424509.609375,-807.747451171875,-43.9008740234375,-2.721101760864258,-1.8639547061920168,-4.1695479290265185,3.722683974389884,0.0,-0.2256927490234375,-1848.875,-81.2493896484375,0.4119873642921448,148.31545114517212,3124.120963235384,1,1789158648.0378551,38.990751483333334,-76.93771198333333,-6.398,0,1,8.41,9.054081,88.981489,1,1,1789158648.6011379,0.15266353330334317,0.9767026018162797,0.14331219923963562,-0.046983898877681,164.45024914373,-7.789597143304303,163.29769858042235,0.06316625815647797,0.08768220002754153,-0.44373687235016834,0.7756079612922668,1.6645807984542846,-3.5028373712730407
2026-09-11T16:30:48.643,16.77428195199991,-1179.277099609375,-106134.93896484375,-424539.755859375,-807.8048132324219,-43.95823608398438,-2.5137505531311035,-1.7219191288948061,-3.85182339140749,4.249793466835189,0.0,-0.2148895263671875,-1760.375,-77.3602294921875,0.10681158304214478,38.45216989517212,-3287.178211162846,1,1789158648.0378551,38.990751483333334,-76.93771198333333,-6.398,0,1,8.41,9.054081,88.981489,1,1,1789158648.6411378,0.14488243445664617,0.9783814076532971,0.14044003584421175,-0.045337596719994606,164.69901794575986,-7.435471614938768,164.15342991411916,0.07462434469582076,0.051853732076751535,-0.3635107188871466,-0.9055460759353638,-0.8580818891525268,-8.739392424640656
2026-09-11T16:30:48.676,16.807689151999966,-1179.3577880859375,-106142.20092773438,-424568.8037109375,-807.8600848388672,-44.01350769042969,-2.4365060329437256,-1.669006632566452,-3.7334615080673994,1.5838650449084415,0.0,-0.21210098266601562,-1737.53125,-76.35635375976562,0.015258795581758022,5.493166409432888,-986.583834792618,1,1789158648.0378551,38.990751483333334,-76.93771198333333,-6.398,0,1,8.41,9.054081,88.981489,1,1,1789158648.6691377,0.14008311590066824,0.9793639762184133,0.1382865576627018,-0.04582303672847702,164.91897975642823,-7.382811106528093,164.69845364288267,0.01603294357467031,-0.02291791840793754,-0.3674715690916225,0.5980095268630982,-0.17799070043563842,-8.962101449813844
2026-09-11T16:30:48.709,16.841109632000098,-1179.438720703125,-106149.48486328125,-424597.939453125,-807.9155236816407,-44.06894653320313,-2.436574697494507,-1.6690536677837373,-3.7335667228519496,-0.0014073770719341297,0.0,-0.21076583862304688,-1726.59375,-75.87570190429688,0.030517593026161194,10.98633348941803,164.36529576964494,1,1789158648.0378551,38.990751483333334,-76.93771198333333,-6.398,0,1,8.41,9.054081,88.981489,1,1,1789158648.7011378,0.1344633516429675,0.9804178928146993,0.13600085322227848,-0.046948167552491524,165.15660481950002,-7.390542673475243,165.34534639181672,0.05947122159708078,0.023664395729015516,-0.3854655646138337,1.8667939247894287,-3.215306388530731,-11.218513585529326
2026-09-11T16:30:48.742,16.87451830400005,-1179.5140380859375,-106156.26342773438,-424625.0537109375,-807.9671160888672,-44.12053894042969,-2.3056488037109375,-1.5793694305419923,-3.5329487977406733,2.6844598085753906,0.0,-0.21088027954101562,-1727.53125,-75.91690063476562,0.015258795581758022,5.493166409432888,-164.42338923239114,1,1789158648.0378551,38.990751483333334,-76.93771198333333,-6.398,0,1,8.41,9.054081,88.981489,1,1,1789158648.7291377,0.12973098258772697,0.9813419854760334,0.13398811250259834,-0.04674361353993298,165.35200659957619,-7.267835359578368,165.8739717502908,0.003998549316319009,-0.04398910393433988,-0.3110257012199487,1.342040074634552,-0.754523663444519,-7.404315071620941
2026-09-11T16:30:48.776,16.907917279999992,-1179.5904541015625,-106163.14086914062,-424652.5634765625,-808.0194610595704,-44.172883911132814,-2.30586576461792,-1.5795180487632752,-3.5332812472335213,-0.004449783768314313,0.0,-0.21163558959960938,-1733.71875,-76.18881225585938,-0.015258789993822575,-5.493164397776127,-328.9421450294593,1,1789158648.0378551,38.990751483333334,-76.93771198333333,-6.398,0,1,8.41,9.054081,88.981489,1,1,1789158648.7691379,0.12269381190233043,0.982581300625397,0.1315128201342894,-0.04673964401345848,165.58759937117654,-7.130090960421824,166.66743374490287,0.0030077258999618283,-0.054607687103473385,-0.34461124654900077,2.2357201038742063,-0.7535429984283448,-9.796843511581422
2026-09-11T16:30:48.810,16.941326560000107,-1179.6663818359375,-106169.97436523438,-424679.8974609375,-808.0714715576172,-44.22489440917969,-2.2803516387939453,-1.5620408725738526,-3.494185917532773,0.523123401323306,0.0,-0.21199607849121094,-1736.671875,-76.31858825683594,-0.015258789993822575,-5.493164397776127,0.0,1,1789158648.0378551,38.990751483333334,-76.93771198333333,-6.398,0,1,8.41,9.054081,88.981489,1,1,1789158648.8011377,0.11658095739861066,0.9835792435161751,0.13055897051985044,-0.04398985465955563,165.62436756549627,-6.717633679615072,167.32898895077068,0.0500481889655634,-0.08287887939312794,-0.35965109777928633,-0.6779337256813049,0.9004466178512573,-9.667395729446412
2026-09-11T16:30:48.844,16.974750015999916,-1179.744384765625,-106176.99462890625,-424707.978515625,-808.1249035644532,-44.27832641601563,-2.333089828491211,-1.5981665325164796,-3.574996717332851,-1.080847532428511,0.0,-0.21088027954101562,-1727.53125,-75.91690063476562,0.015258795581758022,5.493166409432888,328.7012213001447,1,1789158648.0378551,38.990751483333334,-76.93771198333333,-6.398,0,1,8.41,9.054081,88.981489,1,1,1789158648.841138,0.10916563383042964,0.9842930869004528,0.1322993399080697,-0.041795551560747914,165.35171939519458,-6.38237487247755,168.16381722787247,0.008981115264912421,-0.11586350786071836,-0.3511722882730979,1.1711101623153686,0.04481639123916626,-10.447220550308227
2026-09-11T16:30:48.877,17.008156352000015,-1179.8206787109375,-106183.86108398438,-424735.4443359375,-808.1771649169923,-44.33058776855469,-2.2555954456329346,-1.5450828802585603,-3.456251969082316,1.5890294660798217,0.0,-0.20923233032226562,-1714.03125,-75.32363891601562,0.0457763746380806,16.479494869709015,328.8696030670296,1,1789158648.0378551,38.990751483333334,-76.93771198333333,-6.398,0,1,8.41,9.054081,88.981489,1,1,1789158648.8691378,0.1045903641949913,0.9851330199411676,0.1297938309987568,-0.0415614024525176,165.61026970466827,-6.2598281870112755,168.67036386534943,0.056861954365349264,-0.10552208297680156,-0.3429249094257239,0.599578590888977,0.3647093195152283,-8.719582991313935
2026-09-11T16:30:48.909,17.041560511999933,-1179.89599609375,-106190.6396484375,-424762.55859375,-808.2287573242188,-44.38218017578125,-2.2820682525634766,-1.5632167530059815,-3.496816287146519,-0.5428627077425562,0.0,-0.2085285186767578,-1708.265625,-75.07026672363281,0.0305175818502903,10.986329466104507,-164.44554820770708,1,1789158648.0378551,38.990751483333334,-76.93771198333333,-6.398,0,1,8.41,9.054081,88.981489,1,1,1789158648.9011378,0.09922020816569423,0.9855224345097835,0.13146126821244078,-0.04023451664233634,165.37223140448964,-6.04970955130432,169.27910638345398,0.025581814445256486,-0.08434827209038195,-0.3123664631513307,0.7040194151115418,0.8809313840293883,-10.820951987972258
2026-09-11T16:30:48.942,17.074966240000094,-1179.9786376953125,-106198.07739257812,-424792.3095703125,-808.2853668212891,-44.43878967285156,-2.4393301010131836,-1.6709411191940309,-3.7377888314111245,-3.2247273936831493,0.0,-0.20650672912597656,-1691.703125,-74.34242248535156,0.015258795581758022,5.493166409432888,-164.43775919641817,1,1789158648.0378551,38.990751483333334,-76.93771198333333,-6.398,0,1,8.41,9.054081,88.981489,1,1,1789158648.9291377,0.09427061886215213,0.9857840611855332,0.13306320051802217,-0.040460101332107985,165.15964029629404,-6.018970794139008,169.8594150357256,0.004404861966183289,-0.042763359200664264,-0.34366457996271904,-0.6932320999336243,1.0854981064033509,-10.498411264152526
2026-09-11T16:30:48.976,17.108364960000017,-1180.059814453125,-106205.38330078125,-424821.533203125,-808.3409729003907,-44.49439575195313,-2.439340829849243,-1.6709484684467317,-3.73780527122121,-0.00022004593891224134,0.0,-0.20247268676757812,-1658.65625,-72.89016723632812,0.2288818508386612,82.39746630191803,2302.6121927026793,1,1789158648.0378551,38.990751483333334,-76.93771198333333,-6.398,0,1,8.41,9.054081,88.981489,1,1,1789158648.9691377,0.08712839267503204,0.9865629168015375,0.13216380211951015,-0.040434932808438975,165.2215843015508,-5.901216129989124,170.67199437992923,0.021283243030519653,-0.008504989444968369,-0.3114314902710374,0.5948713988113403,0.3666706495475769,-9.972774815483092
2026-09-11T16:30:49.011,17.141772991999915,-1180.1416015625,-106212.744140625,-424850.9765625,-808.3969970703125,-44.550419921875005,-2.4135355949401855,-1.6532718825340271,-3.6982638746734637,0.5291118588715084,0.0,-0.19392967224121094,-1588.671875,-69.81468200683594,0.3356933891773224,120.84962010383606,1150.9853020386236,1,1789158648.0378551,38.990751483333334,-76.93771198333333,-6.398,0,1,8.41,9.054081,88.981489,1,1,1789158649.0011377,0.08068118409819434,0.9871504786229376,0.13207032390232135,-0.03977321499897086,165.19052231253565,-5.729696575068912,171.40029366365982,0.04000975323979281,0.06041160499805533,-0.37078402947898254,-1.9684888869667052,-1.5006136077499388,-8.909439738445283
2026-09-11T16:30:49.044,17.17518416000007,-1180.2181396484375,-106219.63256835938,-424878.5302734375,-808.4494256591797,-44.60284851074219,-2.2574667930603027,-1.5463647532463074,-3.4591194372904117,3.1997423522343618,0.0,-0.18935203552246094,-1551.171875,-68.16673278808594,0.09155276417732239,32.95899510383606,-2630.576249222627,1,1789158649.0418425,38.99074443333333,-76.93770567166666,-6.428000000000001,0,1,7.986276,8.755681000000001,59.413264000000005,1,1,1789158649.0411377,0.07419378375417403,0.9880796499703607,0.12890691848949482,-0.03971012631849876,165.52000669992708,-5.601083463417443,172.12367884226504,0.009512044423369097,0.05532047956998787,-0.28705133501577895,-1.088047835445404,-1.9344598109054565,-9.419875879364014
2026-09-11T16:30:49.076,17.20858665600008,-1180.28759765625,-106225.8837890625,-424903.53515625,-808.4970043945314,-44.650427246093756,-2.155172348022461,-1.476293058395386,-3.3023735200326243,2.0977981660683356,0.0,-0.18596839904785156,-1523.453125,-66.94862365722656,0.2746582329273224,98.87696385383606,1973.4444021783413,1,1789158649.0418425,38.99074443333333,-76.93770567166666,-6.428000000000001,0,1,7.986276,8.755681000000001,59.413264000000005,1,1,1789158649.0691378,0.07074304715456527,0.9882371822374487,0.12950035281486685,-0.04015409746837271,165.43515113879116,-5.605938065715084,172.52787417463523,0.0030150562828202042,0.07450670950423632,-0.152852096165309,4.839974120826721,1.4801177089118958,-10.304435723953246
2026-09-11T16:30:49.110,17.241993760000014,-1180.3629150390625,-106232.66235351562,-424930.6494140625,-808.5485968017579,-44.70201965332031,-2.2597856521606445,-1.5479531717300417,-3.462672628243647,-2.1450561334139118,0.0,-0.16721343994140625,-1369.8125,-60.19683837890625,0.5493164658546448,197.75392770767212,2959.7586146356834,1,1789158649.0418425,38.99074443333333,-76.93770567166666,-6.428000000000001,0,1,7.986276,8.755681000000001,59.413264000000005,1,1,1789158649.1011379,0.0662326565080744,0.9884278580473189,0.13025543059301808,-0.04070783031432449,165.3261533323068,-5.60834396952385,173.0555876274174,-0.01496776913217817,0.069993288058579,-0.2787669551882627,2.4346970356559754,1.582401070098877,-9.955122845191955
2026-09-11T16:30:49.145,17.27540086399995,-1180.4405517578125,-106239.64965820312,-424958.5986328125,-808.6017779541016,-44.75520080566407,-2.28676176071167,-1.566431806087494,-3.5040081560654355,-0.5531348768659691,0.0,-0.1484832763671875,-1216.375,-53.4539794921875,0.9307861924171448,335.0830292701721,4110.775407612993,1,1789158649.0418425,38.99074443333333,-76.93770567166666,-6.428000000000001,0,1,7.986276,8.755681000000001,59.413264000000005,1,1,1789158649.1411378,0.06092452807048094,0.9886126291366537,0.13199369990117446,-0.038870741918578214,165.08659825065592,-5.332738293387817,173.6455314325257,0.032467836476074916,-0.0057140334381042355,-0.22553441300243565,-0.8602393521881104,1.235049521369934,-10.375435871124267
2026-09-11T16:30:49.177,17.308819456000037,-1180.5179443359375,-106246.61499023438,-424986.4599609375,-808.6547918701173,-44.80821472167969,-2.261946201324463,-1.5494331479072572,-3.465983240665836,0.5086587184819604,0.0,-0.12802886962890625,-1048.8125,-46.09039306640625,-0.2899170219898224,-104.37012791633606,-13149.96027317178,1,1789158649.0418425,38.99074443333333,-76.93770567166666,-6.428000000000001,0,1,7.986276,8.755681000000001,59.413264000000005,1,1,1789158649.1691377,0.05819328863227817,0.9890156758939882,0.12972861909726469,-0.040398259631263776,165.34192354105878,-5.451762652493192,173.9669594512863,0.03347332065814885,0.03233676224925014,-0.20288998768828562,1.4284366625595093,-1.9235744292259216,-10.456438801460266
2026-09-11T16:30:49.210,17.342230111999925,-1180.589111328125,-106253.02001953125,-425012.080078125,-808.7035412597656,-44.856964111328125,-2.1072497367858887,-1.443466069698334,-3.228941637657329,3.1716551213265882,0.0,-0.12891006469726562,-1056.03125,-46.407623291015625,0.09155276417732239,32.95899510383606,4110.3390194025405,1,1789158649.0418425,38.99074443333333,-76.93770567166666,-6.428000000000001,0,1,7.986276,8.755681000000001,59.413264000000005,1,1,1789158649.2011378,0.05480012905690442,0.9895584628925953,0.1270863915433705,-0.04024976344620613,165.62916807927132,-5.370038211801183,174.33807516679352,0.03309458421046608,0.0242852093439499,-0.18581804960990309,3.3880995643806457,-3.459099711551666,-6.104149393177032
2026-09-11T16:30:49.243,17.375632607999933,-1180.64990234375,-106258.4912109375,-425033.96484375,-808.7451831054689,-44.89860595703125,-1.8487046957015991,-1.2663627165555955,-2.8327727195678105,5.302099374331085,0.0,-0.12839698791503906,-1051.828125,-46.22291564941406,0.03051757998764515,10.986328795552254,-657.8151018498323,1,1789158649.0418425,38.99074443333333,-76.93770567166666,-6.428000000000001,0,1,7.986276,8.755681000000001,59.413264000000005,1,1,1789158649.2411377,0.05092720250874898,0.9902267623073399,0.12345344227320453,-0.0402072984152451,166.02922537433528,-5.290354651766396,174.76042079874043,0.018077422260456468,0.03279770370470184,-0.19770775607326405,-1.2263216027259827,-1.920730500679016,-8.078522270240784
2026-09-11T16:30:49.277,17.409034336000104,-1180.70556640625,-106263.5009765625,-425054.00390625,-808.7833129882813,-44.936735839843756,-1.642128586769104,-1.1248580819368363,-2.5162358668952107,4.236446528096741,0.0,-0.12752532958984375,-1044.6875,-45.90911865234375,0.030517593026161194,10.98633348941803,0.00014052763306251345,1,1789158649.0418425,38.99074443333333,-76.93770567166666,-6.428000000000001,0,1,7.986276,8.755681000000001,59.413264000000005,1,1,1789158649.2691379,0.048877047905361314,0.9905464665281974,0.12133629936037287,-0.04130658899122272,166.2677579978272,-5.3761166354505185,174.998056483984,-0.04034764898297891,0.03542040997167372,-0.14355437817408478,2.5730688694381714,-3.5665805973243714,-9.879611638946532
2026-09-11T16:30:49.311,17.442450208000082,-1180.755615234375,-106268.00537109375,-425072.021484375,-808.817596435547,-44.97101928710938,-1.4622020721435547,-1.001608419418335,-2.2405342238241186,3.6883569137020693,0.0,-0.12299346923828125,-1007.5625,-44.27764892578125,0.07629397511482239,27.46583104133606,493.1637741468785,1,1789158649.0418425,38.99074443333333,-76.93770567166666,-6.428000000000001,0,1,7.986276,8.755681000000001,59.413264000000005,1,1,1789158649.3011377,0.04686191292747707,0.9908658909760849,0.11943175908239638,-0.04153073728494493,166.47830788422192,-5.36478372325291,175.2210057110639,-0.0474940741381949,-0.004471359010684272,-0.10028871321469658,-1.2213202111434935,-0.47473993432998657,-9.431153527050018
2026-09-11T16:30:49.344,17.475867679999965,-1180.79931640625,-106271.9384765625,-425087.75390625,-808.8475317382813,-45.00095458984375,-1.384913682937622,-0.9486658728122712,-2.122105119927233,1.5842774284736296,0.0,-0.10938835144042969,-896.109375,-39.37980651855469,0.6103516221046448,219.72658395767212,5753.300336931847,1,1789158649.0418425,38.99074443333333,-76.93770567166666,-6.428000000000001,0,1,7.986276,8.755681000000001,59.413264000000005,1,1,1789158649.341138,0.04595268770849016,0.9912213395680254,0.11702656513877531,-0.04090708409499682,166.74956393671124,-5.2701211320459596,175.3039255193137,-0.00030839967882739805,-0.10682863645484451,-0.042188622277982535,0.6380206595230103,-0.22898528127670287,-9.527847097644806
2026-09-11T16:30:49.377,17.50927254399994,-1180.84228515625,-106275.8056640625,-425103.22265625,-808.8769653320313,-45.03038818359375,-1.4654134511947632,-1.0038082140684128,-2.2454550243119447,-1.650727907653822,0.0,-0.08967971801757812,-734.65625,-32.284698486328125,0.24414068460464478,87.89064645767212,-3946.6090177793562,1,1789158649.0418425,38.99074443333333,-76.93770567166666,-6.428000000000001,0,1,7.986276,8.755681000000001,59.413264000000005,1,1,1789158649.3691378,0.04554127690993594,0.9911124215864867,0.11912435897008676,-0.03783578959594462,166.4939930616791,-4.924858547055998,175.3217695898557,0.037722673787979444,-0.20675292492172467,-0.032426995771578246,-0.32891504642486574,2.7510595698738096,-10.591280241184235
2026-09-11T16:30:49.410,17.542676576000076,-1180.8953857421875,-106280.58471679688,-425122.3388671875,-808.9133392333985,-45.06676208496094,-1.542993187904358,-1.0569503337144852,-2.364330560384941,-1.5908893766434447,0.0,-0.08288002014160156,-678.953125,-29.836807250976562,0.5035400986671448,181.27443552017212,2795.5843492822264,1,1789158649.0418425,38.99074443333333,-76.93770567166666,-6.428000000000001,0,1,7.986276,8.755681000000001,59.413264000000005,1,1,1789158649.4011378,0.04453082684766817,0.9909568551277743,0.12152598660704636,-0.03539705234504938,166.20287698488085,-4.644737920132755,175.41629828254796,0.02561672103029637,-0.13015670723700073,-0.043196549921009256,0.6684212750244141,3.3225911413002014,-9.678084978122712
2026-09-11T16:30:49.445,17.576081952000095,-1180.9576416015625,-106286.18774414062,-425144.7509765625,-808.9559844970704,-45.109407348632814,-1.7785227298736572,-1.2182880699634553,-2.7252327978781627,-4.829693766921805,0.0,-0.0626983642578125,-513.625,-22.5714111328125,0.2593994736671448,93.38381052017212,-2631.0323523959296,1,1789158649.0418425,38.99074443333333,-76.93770567166666,-6.428000000000001,0,1,7.986276,8.755681000000001,59.413264000000005,1,1,1789158649.4411378,0.04368350976621892,0.9908204525516338,0.12374503541563923,-0.032461484714391475,165.93223675508634,-4.309165336055622,175.48306448714294,0.002411172361630166,-0.1609776510308938,-0.03518566318728048,-0.2183940991020203,2.9518016986846924,-9.76369703403473
2026-09-11T16:30:49.478,17.609492448000083,-1181.025634765625,-106292.30712890625,-425169.228515625,-809.0025598144532,-45.15598266601563,-1.9618605375289917,-1.3438744682073593,-3.0061615698983486,-3.758890566723413,0.0,-0.06192207336425781,-507.265625,-22.291946411132812,0.0,0.0,-2795.044123864744,1,1789158649.0418425,38.99074443333333,-76.93770567166666,-6.428000000000001,0,1,7.986276,8.755681000000001,59.413264000000005,1,1,1789158649.4691377,0.04279502540428062,0.9908531342756925,0.12403879946392486,-0.03151235193113025,165.89126611121503,-4.190033361232419,175.5725907663059,-0.006146176960898032,-0.06337831566059529,-0.04902472789219392,0.027850886459350587,2.0470401547622683,-10.091925614948273
2026-09-11T16:30:49.511,17.64289868800006,-1181.09912109375,-106298.9208984375,-425195.68359375,-809.0528979492188,-45.206320800781256,-2.171898365020752,-1.4877503800392151,-3.328002818627446,-4.306857396461156,0.0,-0.058689117431640625,-480.78125,-21.128082275390625,0.1373291164636612,49.43848192691803,1479.9175820730693,1,1789158649.0418425,38.99074443333333,-76.93770567166666,-6.428000000000001,0,1,7.986276,8.755681000000001,59.413264000000005,1,1,1789158649.5011377,0.040991994798534666,0.9910792805318431,0.12324630211954353,-0.029864110178934446,165.97010337489073,-3.973761008479241,175.7522446065279,0.01213893948054576,-0.03499070990983272,-0.01799102846248275,-0.5101419414138794,1.4661922656822206,-10.0442652951622
2026-09-11T16:30:49.544,17.676302719999967,-1181.173095703125,-106305.57861328125,-425222.314453125,-809.1035705566406,-45.25699340820313,-2.2245044708251953,-1.523785562515259,-3.408611226098911,-1.0787674516700123,0.0,-0.056011199951171875,-458.84375,-20.164031982421875,0.0915527492761612,32.95898973941803,-493.33841458257444,1,1789158649.0418425,38.99074443333333,-76.93770567166666,-6.428000000000001,0,1,7.986276,8.755681000000001,59.413264000000005,1,1,1789158649.5411377,0.03962091680387723,0.9912155397579543,0.1226509331697047,-0.029642626175295745,166.0328969367801,-3.926891887462084,175.903180632989,0.02405342961928505,-0.029088529978363493,-0.01870155200096964,-0.5866338126754761,1.2090618984413146,-11.029441370410918
2026-09-11T16:30:49.577,17.709704608000038,-1181.2506103515625,-106312.55493164062,-425250.2197265625,-809.1566680908204,-45.310090942382814,-2.3283557891845703,-1.5949237155914309,-3.5677427424647217,-2.1297644335559744,0.0,-0.055511474609375,-454.75,-19.984130859375,0.0,0.0,-986.7403225634343,1,1789158649.0418425,38.99074443333333,-76.93770567166666,-6.428000000000001,0,1,7.986276,8.755681000000001,59.413264000000005,1,1,1789158649.5691378,0.0391221029523591,0.9913627260403093,0.12120070074555753,-0.031301703105380586,166.20376382833027,-4.1027855028850215,175.9767876676442,0.01673247153886964,-0.02030865117620602,-0.022615278315641724,0.33577970153808595,1.5231689031219484,-9.92089763612747
2026-09-11T16:30:49.612,17.743126016000133,-1181.3310546875,-106319.794921875,-425279.1796875,-809.2117724609376,-45.365195312500006,-2.4063217639923096,-1.648330408334732,-3.6872101117008103,-1.5979785394783437,0.0,-0.05632972717285156,-461.453125,-20.278701782226562,-0.0762939527630806,-27.465822994709015,-821.8032883184082,1,1789158649.0418425,38.99074443333333,-76.93770567166666,-6.428000000000001,0,1,7.986276,8.755681000000001,59.413264000000005,1,1,1789158649.6011379,0.03759871590860632,0.9913803017970235,0.12141182488946686,-0.031789975587847054,166.17465321018312,-4.13816155239189,176.1580418958175,0.01943493935265766,0.013656503265154833,-0.03196256365762256,-0.3546084698486328,1.1167813204193116,-8.983479947166442
2026-09-11T16:30:49.645,17.776535072000115,-1181.41650390625,-106327.4853515625,-425309.94140625,-809.2703051757813,-45.423728027343756,-2.536724805831909,-1.7376564919948578,-3.887026870067233,-2.6737086992273364,0.0,-0.05712890625,-468.0,-20.56640625,-0.015258789993822575,-5.493164397776127,657.6857064427255,1,1789158649.0418425,38.99074443333333,-76.93770567166666,-6.428000000000001,0,1,7.986276,8.755681000000001,59.413264000000005,1,1,1789158649.6411378,0.035929041352714325,0.9910614332755918,0.12443273781767147,-0.031981763872607975,165.8190787500512,-4.148014376989549,176.3637033792008,0.0033751177075066344,0.02383927772006535,-0.04076321187787876,-0.9360447579383849,1.6204508727264404,-9.788703991947173
2026-09-11T16:30:49.678,17.809949440000082,-1181.5059814453125,-106335.53833007812,-425342.1533203125,-809.3315972900391,-45.48502014160157,-2.6668994426727295,-1.8268261182308199,-4.086493643143383,-2.6686013105515,0.0,-0.05728340148925781,-469.265625,-20.622024536132812,0.0,0.0,164.3952804309078,1,1789158649.0418425,38.99074443333333,-76.93770567166666,-6.428000000000001,0,1,7.986276,8.755681000000001,59.413264000000005,1,1,1789158649.6691377,0.03407461457605992,0.9908842022020505,0.12608833606759118,-0.033002272279420077,165.6224988089449,-4.243518851054279,176.5964429728858,-0.00946823665914404,-0.004443433742652363,-0.033636858009060716,-0.035696206588745116,1.4728607877922058,-10.026613324871063
2026-09-11T16:30:49.711,17.84335622399999,-1181.5975341796875,-106343.77807617188,-425375.1123046875,-809.394310913086,-45.54773376464844,-2.745283842086792,-1.8805194318294527,-4.206602164972822,-1.607257783292783,0.0,-0.05413246154785156,-443.453125,-19.487686157226562,0.015258789993822575,5.493164397776127,164.43260140788368,1,1789158649.0418425,38.99074443333333,-76.93770567166666,-6.428000000000001,0,1,7.986276,8.755681000000001,59.413264000000005,1,1,1789158649.7011378,0.03251678094103671,0.9908518165274222,0.12655934436318025,-0.03373527820994681,165.56314055148334,-4.306044641748123,176.78643819012822,0.01821809579816721,0.04356411626147926,-0.030216710806852627,5.512906454925537,-1.9072953899574279,-7.301443311424255
2026-09-11T16:30:49.744,17.876763168000025,-1181.6873779296875,-106351.86401367188,-425407.4560546875,-809.455853881836,-45.60927673339844,-2.7203099727630615,-1.8634123313426973,-4.168334671042178,0.5120821732971892,0.0,-0.051361083984375,-420.75,-18.489990234375,0.01525880303233862,5.493169091641903,0.00014050569175250255,1,1789158649.0418425,38.99074443333333,-76.93770567166666,-6.428000000000001,0,1,7.986276,8.755681000000001,59.413264000000005,1,1,1789158649.7411377,0.03217089008892786,0.9908835827762871,0.12582143699228604,-0.03582911118784606,165.651452042689,-4.53686613384582,176.85224082030612,0.0035864770799231478,0.027940277863476422,0.02403266020118632,1.9465219906044007,0.2805682611274719,-9.341520744571685
2026-09-11T16:30:49.779,17.910176639999918,-1181.78271484375,-106360.4443359375,-425441.77734375,-809.5211596679688,-45.674582519531256,-2.8516931533813477,-1.9534098100662234,-4.369653297392227,-2.6934488796559246,0.0,-0.04983329772949219,-408.234375,-17.939987182617188,-0.0915527418255806,-32.958987057209015,-1150.7979819928385,1,1789158649.0418425,38.99074443333333,-76.93770567166666,-6.428000000000001,0,1,7.986276,8.755681000000001,59.413264000000005,1,1,1789158649.7691379,0.03179929878924315,0.9906060555459053,0.12744390978062667,-0.03803284333471522,165.46626231353858,-4.787266762550359,176.9335751849737,-0.08055619522457387,0.048711964890236534,-0.017462368232053667,3.232075760307312,1.4266714655303956,-9.821948535995483
2026-09-11T16:30:49.812,17.943596608000007,-1181.876953125,-106368.92578125,-425475.703125,-809.585712890625,-45.73913574218751,-2.8001413345336914,-1.9180968141555788,-4.290660375258538,1.0566436182868364,0.0,-0.04958534240722656,-406.203125,-17.850723266601562,0.0762939527630806,27.465822994709015,1808.0451199641066,1,1789158649.0418425,38.99074443333333,-76.93770567166666,-6.428000000000001,0,1,7.986276,8.755681000000001,59.413264000000005,1,1,1789158649.8011377,0.03103065832381446,0.9908767650660583,0.12546440263623118,-0.038197098938897306,165.69215658090792,-4.788838595061871,177.01398465952292,0.1646091576055184,0.14580620197500788,-0.027270420496561,-3.327494466381073,0.6128175686073303,-14.947884575538636
2026-09-11T16:30:49.845,17.977008544,-1181.9715576171875,-106377.44018554688,-425509.7607421875,-809.6505169677735,-45.803939819335945,-2.852917194366455,-1.954248278141022,-4.371528897058473,-1.081992494701613,0.0,-0.048919677734375,-400.75,-17.611083984375,0.015258789993822575,5.493164397776127,-657.6290160778889,1,1789158649.0418425,38.99074443333333,-76.93770567166666,-6.428000000000001,0,1,7.986276,8.755681000000001,59.413264000000005,1,1,1789158649.841138,0.03029171741648844,0.9909035262976921,0.12438399802899025,-0.04148776278715143,165.81932369317988,-5.149590286500326,177.13900854909014,0.029355739886843823,0.10982728664269598,-0.0035754815056355835,0.4221762894630432,1.2156323540496827,-11.701000773487092
2026-09-11T16:30:49.878,18.010410143999934,-1182.065185546875,-106385.86669921875,-425543.466796875,-809.7146520996095,-45.86807495117188,-2.827683925628662,-1.9369634890556338,-4.332863925052862,0.5174838656059142,0.0,-0.04793548583984375,-392.6875,-17.25677490234375,0.015258791856467724,5.493165068328381,2.0075453083818575e-05,1,1789158649.0418425,38.99074443333333,-76.93770567166666,-6.428000000000001,0,1,7.986276,8.755681000000001,59.413264000000005,1,1,1789158649.8691378,0.02975252528196848,0.9910719368810448,0.1223528233413024,-0.04382909748799369,166.05540952117116,-5.402755252364012,177.222137120588,0.0347193112111476,0.1153268191157301,-0.007254286502989231,0.9205502506828308,0.28429478818893433,-7.886017727565766
2026-09-11T16:30:49.911,18.043816639999932,-1182.1607666015625,-106394.46899414062,-425577.8759765625,-809.7801251220703,-45.93354797363282,-2.8809893131256104,-1.9734776794910431,-4.414543842812815,-1.0930266507272057,0.0,-0.04601097106933594,-376.921875,-16.563949584960938,0.045776382088661194,16.47949755191803,328.8681483861814,1,1789158649.0418425,38.99074443333333,-76.93770567166666,-6.428000000000001,0,1,7.986276,8.755681000000001,59.413264000000005,1,1,1789158649.9011378,0.02907165090752774,0.9911057102112909,0.1217935826233825,-0.04506255132418613,166.11829710317969,-5.532190723346917,177.3136887676104,-0.05060843965545357,0.18315554983598575,0.0021251128972282957,-1.99732043844223,0.2858638522148132,-11.12564460849762
2026-09-11T16:30:49.946,18.07721980800011,-1182.2579345703125,-106403.21411132812,-425612.8564453125,-809.8466851806642,-46.000108032226564,-2.9854605197906494,-2.045040456056595,-4.574625214872478,-2.142394893956531,0.0,-0.03909492492675781,-320.265625,-14.074172973632812,0.3814697563648224,137.32911229133606,3617.908778555885,1,1789158649.0418425,38.99074443333333,-76.93770567166666,-6.428000000000001,0,1,7.986276,8.755681000000001,59.413264000000005,1,1,1789158649.9411378,0.028553364417938074,0.9906235722456962,0.12452090736386662,-0.0484168061820688,165.80356418761048,-5.914060783123685,177.43506268380008,-0.10998838053265506,0.12916431302431675,0.01854133077563656,0.6081103765296936,3.3025855749702453,-9.175101891326904
2026-09-11T16:30:49.979,18.110632447999933,-1182.36572265625,-106412.9150390625,-425651.66015625,-809.9205200195313,-46.073942871093756,-3.168982982635498,-2.1707533431053165,-4.855836934290699,-3.762435026067492,0.0,-0.019655227661132812,-161.015625,-7.0758819580078125,0.6408692002296448,230.71291208267212,2794.8644522500435,1,1789158649.0418425,38.99074443333333,-76.93770567166666,-6.428000000000001,0,1,7.986276,8.755681000000001,59.413264000000005,1,1,1789158649.9691377,0.027775014751444928,0.9902612999054519,0.1275218287518098,-0.04846947139092775,165.45114080523393,-5.916484935287512,177.54265562136715,-0.049767365488917505,0.06495207904711858,0.05899073245400674,-0.703627149105072,1.6025047029304504,-11.933320315818786
2026-09-11T16:30:50.012,18.144053696000128,-1182.4761962890625,-106422.85766601562,-425691.4306640625,-809.9961944580078,-46.14961730957032,-3.326472520828247,-2.2786336767673494,-5.097158367858238,-3.227896626164373,0.0,0.011695862747728825,95.81250762939453,4.210510589182377,1.0375977754592896,373.53519916534424,4273.397782208432,1,1789158649.0418425,38.99074443333333,-76.93770567166666,-6.428000000000001,0,1,7.986276,8.755681000000001,59.413264000000005,1,1,1789158650.0011377,0.028450699265261392,0.9899675649409438,0.1301208853137077,-0.0471522351685772,165.152210864289,-5.783076105113359,177.46182945017577,-0.034262209480050286,0.021516593551511292,0.11691140354361576,-1.8631654642295836,1.7938324475860596,-9.073210796146393
2026-09-11T16:30:50.045,18.177461759999915,-1182.5892333984375,-106433.03100585938,-425732.1240234375,-810.0736248779298,-46.22704772949219,-3.40537691116333,-2.332683184146881,-5.218063672483175,-1.6178581129357632,0.0,0.03844833746552467,314.9687805175781,13.841401487588882,1.1138917207717896,401.00101947784424,822.1314564254773,1,1789158650.042491,38.990737691666666,-76.937699865,-6.539999999999999,0,1,7.986276,8.755681000000001,59.413264000000005,1,1,1789158650.0411377,0.03140294517977508,0.9898328827259467,0.13186071297120744,-0.04309839536691835,164.9612372772952,-5.3708644873109215,177.07519083450723,-0.04382329765540042,-0.13562517284934936,0.22119901514048174,-1.5395460088920592,1.144141874370575,-11.365221071949005
2026-09-11T16:30:50.079,18.210863360000076,-1182.7073974609375,-106443.66577148438,-425774.6630859375,-810.1545672607423,-46.307990112304694,-3.4588897228240967,-2.3693394601345066,-5.300061426571457,-1.0974407210267956,0.0,0.05978584662079811,489.7656555175781,21.52290478348732,0.35095226764678955,126.34281635284424,-8222.905583076114,1,1789158650.042491,38.990737691666666,-76.937699865,-6.539999999999999,0,1,7.986276,8.755681000000001,59.413264000000005,1,1,1789158650.0691378,0.03483916888529244,0.9900753329820072,0.13032003873035986,-0.03941769700612877,165.150467822781,-4.998718569707869,176.62119313713342,-0.007868293333840837,-0.2132043599687965,0.2848043981367615,-1.7982454401588441,0.003530394058227539,-7.440501610717773
2026-09-11T16:30:50.112,18.24426979200007,-1182.826171875,-106454.35546875,-425817.421875,-810.2359277343751,-46.38935058593751,-3.4863696098327637,-2.3881631827354433,-5.342168894809056,-0.5634759977043016,0.0,0.08235741406679153,674.6719360351562,29.648669064044952,0.47302258014678955,170.28812885284424,1315.4745918393762,1,1789158650.042491,38.990737691666666,-76.937699865,-6.539999999999999,0,1,7.986276,8.755681000000001,59.413264000000005,1,1,1789158650.1011379,0.039405617146637484,0.9903514571971312,0.12765139358907712,-0.03682811805642196,165.4749935131439,-4.761367492842877,176.0499819802332,-0.008163428510353078,-0.27049112747408116,0.31488322793270657,-0.23379053985595702,-0.662046952419281,-9.15960738407135
2026-09-11T16:30:50.147,18.27767926399997,-1182.9454345703125,-106465.08911132812,-425860.3564453125,-810.3176226806642,-46.47104553222657,-3.461026430130005,-2.3708031046390534,-5.303335506082344,0.5196154580485517,0.0,0.07954216748476028,651.6094360351562,28.635180294513702,-0.01525880303233862,-5.493169091641903,-5261.421010933567,1,1789158650.042491,38.990737691666666,-76.937699865,-6.539999999999999,0,1,7.986276,8.755681000000001,59.413264000000005,1,1,1789158650.1411378,0.04586388152362871,0.9905588448812823,0.12481455841751743,-0.033331744720111516,165.82104497143695,-4.443907036485335,175.25104293059968,0.016638223759261946,-0.3002332832573166,0.3163508753007086,0.278312731590271,-0.6193880242156982,-9.889810555114746
2026-09-11T16:30:50.179,18.311135872000023,-1183.0596923828125,-106475.37231445312,-425901.4892578125,-810.3958892822267,-46.549312133789066,-3.4361326694488525,-2.3537508785724643,-5.265190762733674,0.5096818561691281,0.0,0.07881737500429153,645.6719360351562,28.374255001544952,-0.1220703274011612,-43.94531786441803,-1149.314024085081,1,1789158650.042491,38.990737691666666,-76.937699865,-6.539999999999999,0,1,7.986276,8.755681000000001,59.413264000000005,1,1,1789158650.1691377,0.05022866549078081,0.9906613976622164,0.12283615015822374,-0.03127869177676061,166.0602172238211,-4.261748616320422,174.71617278368007,0.015461697310492566,-0.2935361058515639,0.2863287687054533,-0.4422799222946167,-0.5272055126953126,-9.006231375541686
2026-09-11T16:30:50.212,18.344539552000015,-1183.1708984375,-106485.380859375,-425941.5234375,-810.4720654296875,-46.62548828125001,-3.3582305908203125,-2.300387954711914,-5.145821301699874,1.5975163173806812,0.0,0.0657196119427681,538.3750610351562,23.659060299396515,-0.5645752549171448,-203.24709177017212,-4768.988743329821,1,1789158650.042491,38.990737691666666,-76.937699865,-6.539999999999999,0,1,7.986276,8.755681000000001,59.413264000000005,1,1,1789158650.2011378,0.05436835003339073,0.9907271819954737,0.12086541798459687,-0.02992129852401369,166.2988363557904,-4.15358155899138,174.21705491828476,0.01576817712714277,-0.2681031679915025,0.23782467252912934,0.21437337253570557,-0.23888999794006346,-8.4223434249115
2026-09-11T16:30:50.246,18.377941568000097,-1183.280029296875,-106495.20263671875,-425980.810546875,-810.5468200683595,-46.70024291992188,-3.305487632751465,-2.2642590284347537,-5.065003195317535,1.0816390925946484,0.0,0.041440971195697784,339.48443603515625,14.918749630451202,-0.6103516221046448,-219.72658395767212,-493.36819033496704,1,1789158650.042491,38.990737691666666,-76.937699865,-6.539999999999999,0,1,7.986276,8.755681000000001,59.413264000000005,1,1,1789158650.2411377,0.05852059816312326,0.9906204081103603,0.12019398693655405,-0.028283425008103717,166.3846755071127,-4.019956292673081,173.71848708582442,0.009905616169693817,-0.24754825085784013,0.1831386201422414,0.5540757341384888,0.3991306615829468,-10.328952349357605
2026-09-11T16:30:50.280,18.411352992000047,-1183.3909912109375,-106505.18920898438,-426020.7568359375,-810.6228289794923,-46.776251831054694,-3.3059639930725098,-2.264585335254669,-5.06573312288535,-0.009766324832967414,0.0,0.02430916577577591,199.14068603515625,8.751299679279327,-1.0070801973342896,-362.54887104034424,-4274.65429437795,1,1789158650.042491,38.990737691666666,-76.937699865,-6.539999999999999,0,1,7.986276,8.755681000000001,59.413264000000005,1,1,1789158650.2691379,0.059983371012080504,0.9904090001505946,0.12160214624183344,-0.02655043600595468,166.21821398788603,-3.852019868997065,173.53401320402946,0.013930694490643141,-0.21753713983687245,0.12632832752275117,-1.1342371577072143,0.6695980730438231,-9.59835691230774
2026-09-11T16:30:50.314,18.444774399999915,-1183.501220703125,-106515.10986328125,-426060.439453125,-810.6983361816407,-46.85175903320313,-3.2806196212768555,-2.247224440574646,-5.026897907513072,0.5194543174270783,0.0,0.002891547977924347,23.68756103515625,1.040957272052765,-0.03051769733428955,-10.986371040344238,10519.081063293179,1,1789158650.042491,38.990737691666666,-76.937699865,-6.539999999999999,0,1,7.986276,8.755681000000001,59.413264000000005,1,1,1789158650.3091378,0.0613628517642719,0.9901795041838379,0.12312245517418482,-0.024900019065973004,166.03837521132456,-3.6936245386774145,173.3600847020755,0.004713087112085488,-0.140969371018956,0.07442764608912099,0.5085728773880005,0.47209213878631595,-9.88539756254196
2026-09-11T16:30:50.346,18.47831817600013,-1183.6124267578125,-106525.11840820312,-426100.4736328125,-810.7745123291016,-46.927935180664065,-3.333437919616699,-2.283404974937439,-5.107831457895125,-1.078606486120138,0.0,-0.010877609252929688,-89.109375,-3.9159393310546875,-0.5798340439796448,-208.74025583267212,-5895.39725018018,1,1789158650.042491,38.990737691666666,-76.937699865,-6.539999999999999,0,1,7.986276,8.755681000000001,59.413264000000005,1,1,1789158650.341138,0.06219688784074033,0.9899137146774621,0.12464137197231386,-0.02582465932502714,165.87143726673366,-3.8206193098726424,173.28323125843946,-0.029690144971525938,-0.09660467222958695,0.0418603258456824,0.3334261054992676,0.9650724424171447,-9.354759722290039
2026-09-11T16:30:50.379,18.51171692799994,-1183.7252197265625,-106535.26977539062,-426141.0791015625,-810.8517755126953,-47.005198364257815,-3.3862245082855225,-2.319563788175583,-5.188716419505146,-1.082639651875244,0.0,-0.027822494506835938,-227.921875,-10.016098022460938,-0.4425049424171448,-159.30177927017212,1480.249218976164,1,1789158650.042491,38.990737691666666,-76.937699865,-6.539999999999999,0,1,7.986276,8.755681000000001,59.413264000000005,1,1,1789158650.3691378,0.06181244877514925,0.9898023697247977,0.12549685397344118,-0.026851996319885038,165.77711470302768,-3.937650240953712,173.34456965473763,0.0015189600480106649,-0.0347510762035339,-0.004811523681897968,0.358727262916565,0.7266727769851684,-8.533452771244049
2026-09-11T16:30:50.415,18.545121536000124,-1183.8408203125,-106545.673828125,-426182.6953125,-810.9309619140626,-47.084384765625,-3.464630365371704,-2.3732718002796176,-5.308857820954758,-1.6078024955042398,0.0,-0.04507255554199219,-369.234375,-16.226119995117188,-0.6713867783546448,-241.69924020767212,-2466.6495394003578,1,1789158650.042491,38.990737691666666,-76.937699865,-6.539999999999999,0,1,7.986276,8.755681000000001,59.413264000000005,1,1,1789158650.4091377,0.0601926095530579,0.9896460238624579,0.1273203904855959,-0.02769684774511216,165.5648513747694,-4.022467418844212,173.54846143582742,0.08355833607092933,0.007503519520174022,-0.07269418507604022,0.15661220308303833,0.694310831451416,-5.310104929580688
2026-09-11T16:30:50.448,18.578546080000024,-1183.9591064453125,-106556.31958007812,-426225.2783203125,-811.0119879150391,-47.16541076660157,-3.5175490379333496,-2.4095210909843447,-5.389945174893392,-1.0845111515907646,0.0,-0.06290626525878906,-515.328125,-22.646255493164062,-0.030517637729644775,-10.98634958267212,6902.49927196296,1,1789158650.042491,38.990737691666666,-76.937699865,-6.539999999999999,0,1,7.986276,8.755681000000001,59.413264000000005,1,1,1789158650.4411378,0.058449231102335,0.9894943035414444,0.12901403529890357,-0.028984294686449242,165.36901044624548,-4.154209856713111,173.77249417711,-0.1520762973127975,0.05868948862511252,-0.07729714191232487,1.3339005550003051,-0.520733123588562,-5.386596800842285
2026-09-11T16:30:50.480,18.61195257600002,-1184.0810546875,-106567.294921875,-426269.1796875,-811.0955224609376,-47.248945312500005,-3.6480207443237305,-2.4988942098617555,-5.589867148044364,-2.6753215565444712,0.0,-0.06277656555175781,-514.265625,-22.599563598632812,0.0,0.0,328.8686602352083,1,1789158650.042491,38.990737691666666,-76.937699865,-6.539999999999999,0,1,7.986276,8.755681000000001,59.413264000000005,1,1,1789158650.4691377,0.05678382723610188,0.9894554495532093,0.12994760658710125,-0.02944706871932666,165.2566283639249,-4.188094886093416,173.97298556148806,-0.03532912925179442,0.05259497341007352,-0.12512090874622148,-2.2176758675765993,3.1618601451492307,-14.429308914985656
2026-09-11T16:30:50.513,18.645361375999983,-1184.2076416015625,-106578.68774414062,-426314.7509765625,-811.1822344970703,-47.335657348632814,-3.779397964477539,-2.5888876056671144,-5.791176641166588,-2.6937033298251913,0.0,-0.06472969055175781,-530.265625,-23.302688598632812,0.0,0.0,0.0,1,1789158650.042491,38.990737691666666,-76.937699865,-6.539999999999999,0,1,7.986276,8.755681000000001,59.413264000000005,1,1,1789158650.5091379,0.05328586099996988,0.9895684743389049,0.13071937019258345,-0.028762786174473347,165.1499381568197,-4.0631821385999825,174.36521477032068,0.00794718221603098,0.08200586570128038,-0.12566457880821771,-1.1018752121734618,2.641323154563904,-11.239401750373839
2026-09-11T16:30:50.547,18.678772448000018,-1184.340087890625,-106590.60791015625,-426362.431640625,-811.2729602050782,-47.42638305664063,-3.9625606536865234,-2.714354047775269,-6.071837078953261,-3.755235453325821,0.0,-0.06503486633300781,-532.765625,-23.412551879882812,-0.1068115308880806,-38.452151119709015,-1150.8804961321905,1,1789158650.042491,38.990737691666666,-76.937699865,-6.539999999999999,0,1,7.986276,8.755681000000001,59.413264000000005,1,1,1789158650.5411377,0.05005637440834219,0.989420512399699,0.13313711302039075,-0.02856428119881362,164.85660600956436,-4.0055379731185665,174.74021960714077,0.02087867570990737,0.07798096191325624,-0.10661797521412882,-0.5773174950218201,1.5742615504646302,-6.688135410308838
2026-09-11T16:30:50.581,18.71217488000002,-1184.480224609375,-106603.22021484375,-426412.880859375,-811.368953857422,-47.52237670898438,-4.146036624908447,-2.8400350880622867,-6.352977559194442,-3.7626314241731897,0.0,-0.064910888671875,-531.75,-23.367919921875,0.0,0.0,1151.1781872561264,1,1789158650.042491,38.990737691666666,-76.937699865,-6.539999999999999,0,1,7.986276,8.755681000000001,59.413264000000005,1,1,1789158650.5691378,0.047597013759660425,0.9891943119018638,0.13529219828749856,-0.030416420971196078,164.60485367250274,-4.189447261440177,175.05695558888013,-0.017498845613420348,0.11153142612434323,-0.13249597203344873,-0.08757338594436646,1.5920115872573855,-7.889744254627227
2026-09-11T16:30:50.615,18.74559488,-1184.6241455078125,-106616.17309570312,-426464.6923828125,-811.4675396728517,-47.62096252441407,-4.302992820739746,-2.9475500822067264,-6.593481751536156,-3.2170854022893405,0.0,-0.06366157531738281,-521.515625,-22.918167114257812,0.0,0.0,0.0,1,1789158650.042491,38.990737691666666,-76.937699865,-6.539999999999999,0,1,7.986276,8.755681000000001,59.413264000000005,1,1,1789158650.6091378,0.04405065590973857,0.9892886838882633,0.13484457369283703,-0.03441483096205375,164.65586483715012,-4.586978685220384,175.51911169750156,0.07276783797047438,0.18832573867916855,-0.12354068764146582,-1.4041161701583862,1.4006838426017763,-9.506958932800293
2026-09-11T16:30:50.648,18.77901817599991,-1184.76953125,-106629.2578125,-426517.03125,-811.5671289062501,-47.7205517578125,-4.356045246124268,-2.9838909935951237,-6.674774055107195,-1.08729286867744,0.0,-0.063690185546875,-521.75,-22.928466796875,0.0,0.0,0.0,1,1789158650.042491,38.990737691666666,-76.937699865,-6.539999999999999,0,1,7.986276,8.755681000000001,59.413264000000005,1,1,1789158650.6411378,0.04160630119654646,0.9896288017754735,0.13233302184070497,-0.03730578678557202,164.94456036216482,-4.867372733874621,175.82871723128727,0.03324991851389358,0.2064769883669844,-0.0991998022943773,-0.9318278983688354,0.3524510068130493,-7.924165596694946
2026-09-11T16:30:50.681,18.812418495999964,-1184.9189453125,-106642.705078125,-426570.8203125,-811.6694775390625,-47.822900390625,-4.4615983963012695,-3.05619490146637,-6.836513290681744,-2.1647669205303086,0.0,-0.06335639953613281,-519.015625,-22.808303833007812,0.0305175818502903,10.986329466104507,328.9288685283957,1,1789158650.042491,38.990737691666666,-76.937699865,-6.539999999999999,0,1,7.986276,8.755681000000001,59.413264000000005,1,1,1789158650.6691377,0.03928220009364141,0.9898526075149875,0.13070005700574622,-0.03957548799797723,165.12873803536476,-5.084001454923182,176.11877065829665,-0.0027296949501191318,0.22027975022345633,-0.08339602045049385,-0.5480936775398254,1.4566798150253297,-9.553246321563721
2026-09-11T16:30:50.715,18.845823167999924,-1185.0706787109375,-106656.36108398438,-426625.4443359375,-811.7734149169922,-47.92683776855469,-4.539246559143066,-3.1093838930130007,-6.9554936762101764,-1.5922620508500547,0.0,-0.06213569641113281,-509.015625,-22.368850708007812,0.0762939527630806,27.465822994709015,493.3290028599582,1,1789158650.042491,38.990737691666666,-76.937699865,-6.539999999999999,0,1,7.986276,8.755681000000001,59.413264000000005,1,1,1789158650.7091377,0.03680312626381849,0.9899966647819792,0.12882277792883626,-0.04423602044109218,165.34447835131562,-5.570426044378175,176.4589064118625,0.016157909149113105,0.29501492332677876,-0.07009364449056867,-0.8555321601104736,1.9360288749313355,-9.429780596027374
2026-09-11T16:30:50.748,18.87924220800005,-1185.224853515625,-106670.23681640625,-426680.947265625,-811.8790246582032,-48.03244750976563,-4.5915985107421875,-3.145244979858399,-7.035712642847162,-1.073073518726532,0.0,-0.06195640563964844,-507.546875,-22.304306030273438,0.0,0.0,-821.8615194992228,1,1789158650.042491,38.990737691666666,-76.937699865,-6.539999999999999,0,1,7.986276,8.755681000000001,59.413264000000005,1,1,1789158650.7411377,0.034716030921352406,0.9899775244568172,0.1282045326216022,-0.04798849948368941,165.41175017013478,-5.964749517881265,176.7473665105559,0.011249170627879054,0.31922473444704247,-0.08047730634238374,1.305265136528015,1.3901907269287108,-10.651100807170867
2026-09-11T16:30:50.782,18.912651551999943,-1185.38134765625,-106684.3212890625,-426737.28515625,-811.9862231445313,-48.139645996093755,-4.670470714569092,-3.199272439479828,-7.156568628041841,-1.6171362006270897,0.0,-0.06233024597167969,-510.609375,-22.438888549804688,0.015258791856467724,5.493165068328381,164.42002178630256,1,1789158650.042491,38.990737691666666,-76.937699865,-6.539999999999999,0,1,7.986276,8.755681000000001,59.413264000000005,1,1,1789158650.7691379,0.032809856550263236,0.9899906632609146,0.12738107334015847,-0.051147454717460086,165.50089146686605,-6.293970693320156,177.00508146955445,0.008868890594009185,0.28222951389129425,-0.09310232001960991,-1.8063849597930908,0.20407638986587523,-9.50019234418869
2026-09-11T16:30:50.815,18.94605913600003,-1185.5401611328125,-106698.61450195312,-426794.4580078125,-812.0950103759766,-48.24843322753907,-4.749883651733398,-3.2536703014373782,-7.27825317966485,-1.628308768374482,0.0,-0.06026458740234375,-493.6875,-21.69525146484375,0.0915527492761612,32.95898973941803,822.1433992657912,1,1789158650.042491,38.990737691666666,-76.937699865,-6.539999999999999,0,1,7.986276,8.755681000000001,59.413264000000005,1,1,1789158650.8091378,0.030201080912500015,0.9900569945505134,0.12613438779113578,-0.054453268679453215,165.63309781397692,-6.629146619262462,177.34196766434835,-0.03621959623616192,0.24212690913529533,-0.07112077075536732,-0.3169509332275391,0.3090075465965271,-8.597490196800232
2026-09-11T16:30:50.848,18.97946713600004,-1185.6982421875,-106712.841796875,-426851.3671875,-812.2032958984375,-48.356718750000006,-4.750795841217041,-3.2542951512336735,-7.279650928851266,-0.018703597829715354,0.0,-0.05380821228027344,-440.796875,-19.370956420898438,0.3662109673023224,131.83594822883606,2959.679073557015,1,1789158650.042491,38.990737691666666,-76.937699865,-6.539999999999999,0,1,7.986276,8.755681000000001,59.413264000000005,1,1,1789158650.841138,0.02842407905780291,0.9901763561123275,0.12511671798519272,-0.055575735770592806,165.74058536552315,-6.7289309448542935,177.5540584062059,-0.036131631641861416,0.25570068379390565,-0.04738568919164605,-1.4003896430969238,0.5030811532974243,-10.916664893550871
2026-09-11T16:30:50.881,19.01286822399993,-1185.8568115234375,-106727.11303710938,-426908.4521484375,-812.3119158935548,-48.465338745117194,-4.777109622955322,-3.272320091724396,-7.319971572397084,-0.5396512979092564,0.0,-0.041015625,-336.0,-14.765625,0.4119873344898224,148.31544041633606,493.38189784577037,1,1789158650.042491,38.990737691666666,-76.937699865,-6.539999999999999,0,1,7.986276,8.755681000000001,59.413264000000005,1,1,1789158650.8691378,0.027696423016751032,0.9902723501304239,0.1235904548108531,-0.05761059103056407,165.91436815573448,-6.946723863738578,177.65513941399766,-0.028726897757350267,0.19821494875389362,-0.0068642054151684985,-0.8703402018547057,0.30145642597198485,-9.169414034233093
2026-09-11T16:30:50.916,19.04628681600002,-1186.017822265625,-106741.60400390625,-426966.416015625,-812.4222082519532,-48.575631103515626,-4.803625106811523,-3.290483198165894,-7.3606012843725175,-0.5435030429004708,0.0,-0.023149490356445312,-189.640625,-8.333816528320312,0.4119873642921448,148.31545114517212,0.0003210439284677733,1,1789158650.042491,38.990737691666666,-76.937699865,-6.539999999999999,0,1,7.986276,8.755681000000001,59.413264000000005,1,1,1789158650.9091377,0.02780695265268867,0.9902683817834458,0.12228929673195438,-0.06033766095044351,166.06795212537168,-7.255947448546802,177.67080933934713,-0.012681562344990798,0.09507611287069032,0.0735933787066677,0.7816880843925477,1.1618919111633301,-12.553492872047425
2026-09-11T16:30:50.948,19.079705375999993,-1186.1815185546875,-106756.33666992188,-427025.3466796875,-812.534340209961,-48.68776306152344,-4.908806324005127,-3.362532331943512,-7.521770606530755,-2.1559616505820958,0.0,-0.006130218505859375,-50.21875,-2.206878662109375,0.8087158799171448,291.1377167701721,4273.740868101926,1,1789158650.042491,38.990737691666666,-76.937699865,-6.539999999999999,0,1,7.986276,8.755681000000001,59.413264000000005,1,1,1789158650.9411378,0.028970016183322178,0.9900427549855852,0.12473016328293196,-0.058467664826840716,165.79142296009206,-7.065148549500814,177.52949734563063,-0.118072047496192,0.023883260017215604,0.12979332968673551,-1.1797400144577026,1.4041161701583862,-3.8283200901412964
2026-09-11T16:30:50.982,19.1131049600001,-1186.3427734375,-106770.849609375,-427083.3984375,-812.6447998046875,-48.798222656250005,-4.884485244750977,-3.345872392654419,-7.4845033837115595,0.4988067901995143,0.0,0.0140876779332757,115.40625762939453,5.071564055979252,0.07629400491714478,27.46584177017212,-7894.465841225668,1,1789158650.042491,38.990737691666666,-76.937699865,-6.539999999999999,0,1,7.986276,8.755681000000001,59.413264000000005,1,1,1789158650.9691377,0.03108007735907009,0.9902266660268972,0.12317206770960729,-0.05756579207089801,165.9861108900049,-6.988074877501024,177.2644520476028,-0.045491832420307,-0.06695624062718367,0.17188840231681116,1.6773294436645507,1.5051246668243408,-6.735991863098145
2026-09-11T16:30:51.015,19.146510847999934,-1186.5068359375,-106785.615234375,-427142.4609375,-812.7571826171876,-48.910605468750006,-4.859745502471924,-3.3289256691932683,-7.4465946429699015,0.5072974998070762,0.0,0.025432588532567024,208.34376525878906,9.155731871724129,0.3967285752296448,142.82228708267212,3453.1770361282997,1,1789158650.042491,38.990737691666666,-76.937699865,-6.539999999999999,0,1,7.986276,8.755681000000001,59.413264000000005,1,1,1789158651.0091379,0.036023010386191726,0.990520366906884,0.12094008208853207,-0.05427008393016803,166.2736237607789,-6.67425728282642,176.638616836747,-0.06137781927195939,-0.1512528509717066,0.25288965650064354,-0.5065134808540345,-1.1183503844451905,-9.282876976604461
2026-09-11T16:30:51.049,19.17993430399997,-1186.6688232421875,-106800.19409179688,-427200.7763671875,-812.8681439208985,-49.02156677246094,-4.861309051513672,-3.3299967002868653,-7.4489904712930874,-0.03204429528759368,0.0,0.03362465277314186,275.4531555175781,12.10487499833107,0.16784673929214478,60.42482614517212,-2465.2585578645494,1,1789158651.0415442,38.990726225,-76.93769169333333,-6.501999999999999,0,1,7.986276,8.755681000000001,59.413264000000005,1,1,1789158651.0411377,0.0406351698510141,0.9907729866556425,0.11871419951125163,-0.05123095469576858,166.55480196377275,-6.382444505113434,176.05590510371505,-0.04882209516603738,-0.19451607247014202,0.2815130562333506,-3.183728975009918,-1.0778489192771912,-8.286030987663269
2026-09-11T16:30:51.082,19.213343584000086,-1186.827392578125,-106814.46533203125,-427257.861328125,-812.9767639160157,-49.13018676757813,-4.758042335510254,-3.259258999824524,-7.290754741912402,2.1173069417269383,0.0,0.03558731451630592,291.5312805175781,12.811433225870132,-0.1373291164636612,-49.43848192691803,-3288.4069357889125,1,1789158651.0415442,38.990726225,-76.93769169333333,-6.501999999999999,0,1,7.986276,8.755681000000001,59.413264000000005,1,1,1789158651.0691378,0.044566248697900414,0.9911402846848257,0.1154097737900682,-0.0483256625987174,166.95354873108312,-6.089496296462559,175.5478608042619,0.06337796659474489,-0.16031302965173436,0.27585504786423537,-0.6646947479629517,-0.3758889006996155,-9.986013793201446
2026-09-11T16:30:51.116,19.246753344000126,-1186.984619140625,-106828.61572265625,-427314.462890625,-813.0844641113282,-49.23788696289063,-4.705531120300293,-3.223288817405701,-7.21029173542792,1.0766369593430007,0.0,0.0353241004049778,289.3750305175781,12.716676145792007,-0.015258789993822575,-5.493164397776127,1315.3437058239467,1,1789158651.0415442,38.990726225,-76.93769169333333,-6.501999999999999,0,1,7.986276,8.755681000000001,59.413264000000005,1,1,1789158651.1091378,0.04989805825842685,0.9913083177255221,0.11218160182917267,-0.04725771049548719,167.35530459176255,-6.020783582470797,174.9045185965552,-0.008005301680122392,-0.0900319367995015,0.24566765858881626,-0.6027167189407349,0.23006401279449465,-8.789210207462311
2026-09-11T16:30:51.149,19.280159967999907,-1187.1417236328125,-106842.75512695312,-427371.0205078125,-813.1920806884766,-49.34550354003907,-4.705748558044434,-3.223437762260437,-7.210624915578994,-0.0044585425554231495,0.0,0.035169605165719986,288.1094055175781,12.661057859659195,-0.1068115308880806,-38.452151119709015,-986.6003437566438,1,1789158651.0415442,38.990726225,-76.93769169333333,-6.501999999999999,0,1,7.986276,8.755681000000001,59.413264000000005,1,1,1789158651.1411378,0.05358024295139545,0.991446027319389,0.10831537657212358,-0.049312388665624936,167.8332175357266,-6.280053346106876,174.4831677572102,0.18065292222155108,-0.018046355399770966,0.19322016550053625,2.1313773461532595,-1.343805271663666,-6.055312275371551
2026-09-11T16:30:51.182,19.31356044800009,-1187.2960205078125,-106856.64184570312,-427426.5673828125,-813.2977740478516,-49.451196899414064,-4.6026387214660645,-3.1528075242042544,-7.052629572754677,2.1146473959595062,0.0,0.03411293402314186,279.4531555175781,12.28065624833107,-0.06103513017296791,-21.972646862268448,493.39124040584744,1,1789158651.0415442,38.990726225,-76.93769169333333,-6.501999999999999,0,1,7.986276,8.755681000000001,59.413264000000005,1,1,1789158651.1691377,0.05712558565907184,0.9912724651369861,0.10890043045547824,-0.04750014285202206,167.77920653144403,-6.120116104685736,174.0593430640647,-0.21359304479321567,-0.02968054566063997,0.2476264416083295,2.7082045086669924,-2.645638080635071,-6.260957729263306
2026-09-11T16:30:51.216,19.346978944000057,-1187.4473876953125,-106870.26489257812,-427481.0595703125,-813.4014605712891,-49.55488342285157,-4.525410175323486,-3.0999059700965885,-6.93429216646516,1.583002242462297,0.0,0.0317688025534153,260.2500305175781,11.436768919229507,-0.0457763709127903,-16.479493528604507,164.37464252338836,1,1789158651.0415442,38.990726225,-76.93769169333333,-6.501999999999999,0,1,7.986276,8.755681000000001,59.413264000000005,1,1,1789158651.2091377,0.06114140639700282,0.991143971539941,0.10764358319152414,-0.04804388724404706,167.95173250042373,-6.223078026017648,173.5974161211247,-0.029621728064847763,-0.021749245940802138,0.1928920436011613,1.4673690637016297,-1.1193310494613649,-6.910452169475556
2026-09-11T16:30:51.249,19.38040028799992,-1187.5997314453125,-106883.97583007812,-427535.9033203125,-813.5058160400391,-49.65923889160157,-4.55238151550293,-3.118381338119507,-6.975620387704687,-0.5528014679180654,0.0,0.032270435243844986,264.3594055175781,11.617356687784195,-0.0762939527630806,-27.465822994709015,-328.7219528379782,1,1789158651.0415442,38.990726225,-76.93769169333333,-6.501999999999999,0,1,7.986276,8.755681000000001,59.413264000000005,1,1,1789158651.2411377,0.06431072354734937,0.9911753406719833,0.10555965053650472,-0.04788251308364608,168.21126564291615,-6.228691103816071,173.2190101356341,-0.03454600001642456,0.046231328424377,0.21943745432644385,0.06138963001251221,-0.37010297710418705,-7.08971773443222
2026-09-11T16:30:51.283,19.413809407999906,-1187.749755859375,-106897.47802734375,-427589.912109375,-813.608582763672,-49.76200561523438,-4.475284099578857,-3.0655696082115176,-6.857483912427331,1.5807578861104108,0.0,0.033239368349313736,272.2969055175781,11.966172605752945,0.01525880303233862,5.493169091641903,986.5267952691728,1,1789158651.0415442,38.990726225,-76.93769169333333,-6.501999999999999,0,1,7.986276,8.755681000000001,59.413264000000005,1,1,1789158651.2691543,0.0673284879169092,0.9909317198315406,0.10579090761619864,-0.048264740880572,168.2055007109782,-6.309528506408141,172.87843967585616,-0.04580843514661877,0.024655917277073492,0.26736105399355453,0.13562597173690796,-0.8511191675376892,-10.080451834259033
2026-09-11T16:30:51.316,19.447229791999916,-1187.899658203125,-106910.96923828125,-427643.876953125,-813.7112658691407,-49.86468872070313,-4.4760212898254395,-3.066074583530426,-6.85861351004479,-0.01510980002229877,0.0,0.03613663092255592,296.0312805175781,13.009187132120132,0.1983642876148224,71.41114354133606,1972.3883019918144,1,1789158651.0415442,38.990726225,-76.93769169333333,-6.501999999999999,0,1,7.986276,8.755681000000001,59.413264000000005,1,1,1789158651.3091543,0.07162707768743848,0.990620447381868,0.10539338302767508,-0.04932469751440081,168.285208611934,-6.478025757223295,172.39409272351605,0.01784686426626802,0.015509170266146812,0.26646674728483266,-1.8775812399673462,-0.7055884791374206,-8.797349727096558
2026-09-11T16:30:51.349,19.480637760000036,-1188.0474853515625,-106924.27368164062,-427697.0947265625,-813.8125274658204,-49.96595031738282,-4.477935314178467,-3.06738569021225,-6.861546372164116,-0.039245328594033804,0.0,0.040540698915719986,332.1094055175781,14.594651609659195,0.1373291313648224,49.43848729133606,-657.7070550930051,1,1789158651.0415442,38.990726225,-76.93769169333333,-6.501999999999999,0,1,7.986276,8.755681000000001,59.413264000000005,1,1,1789158651.3411543,0.07542958352435149,0.9902673672597002,0.10599179879958072,-0.049463702420198555,168.24156682447824,-6.543321004628493,171.96279036002045,0.017225701585483234,0.010127796583472695,0.27429577071050365,1.2976159494018553,0.4172729643821716,-9.814985814380647
2026-09-11T16:30:51.383,19.514046047999955,-1188.197021484375,-106937.73193359375,-427750.927734375,-813.914959716797,-50.06838256835938,-4.427555084228516,-3.0328752326965334,-6.784348677291808,1.0329909008148057,0.0,0.040754321962594986,333.8594055175781,14.671555906534195,0.0762939527630806,27.465822994709015,-657.7009961324725,1,1789158651.0415442,38.990726225,-76.93769169333333,-6.501999999999999,0,1,7.986276,8.755681000000001,59.413264000000005,1,1,1789158651.3691545,0.07892579364066957,0.9899228119661816,0.10711657817083226,-0.04847250899355733,168.12731371022406,-6.481166076371417,171.55761793927257,-0.008388052385084749,-0.032318261759179,0.2866179697625088,-2.3751706691741945,-0.25742456674575803,-9.323672641277312
2026-09-11T16:30:51.417,19.54746748799994,-1188.34912109375,-106951.4208984375,-427805.68359375,-814.0191479492188,-50.17257080078125,-4.50707483291626,-3.0873462605476383,-6.906196896357451,-1.6298228876772358,0.0,0.04049110785126686,331.7031555175781,14.57679882645607,0.1220703199505806,43.945315182209015,493.08145272938674,1,1789158651.0415442,38.990726225,-76.93769169333333,-6.501999999999999,0,1,7.986276,8.755681000000001,59.413264000000005,1,1,1789158651.4091544,0.08401764352057353,0.9892694534879577,0.10912501780678407,-0.048772066406460444,167.93062474178333,-6.59406693680557,170.98901705966483,0.01689164556665152,-0.048139322362657194,0.28361268732349976,-2.0735181101989744,0.3182257977485657,-10.623249920711517
2026-09-11T16:30:51.450,19.58087641599991,-1188.4971923828125,-106964.74731445312,-427858.9892578125,-814.1205767822266,-50.27399963378907,-4.482468128204346,-3.070490667819977,-6.868492009260858,0.5045236030223882,0.0,0.0408020056784153,334.2500305175781,14.688722044229507,0.0,0.0,-1315.376392269944,1,1789158651.0415442,38.990726225,-76.93769169333333,-6.501999999999999,0,1,7.986276,8.755681000000001,59.413264000000005,1,1,1789158651.4411545,0.08790896437941959,0.9888391234559203,0.10931874095691264,-0.05018580257663139,167.9453525839845,-6.803900439625699,170.5586223567344,0.052972139061429495,-0.08254168178164262,0.25104693787638793,0.9807630826759338,-0.38481295234680174,-8.601805122871399
2026-09-11T16:30:51.483,19.61427567999999,-1188.64453125,-106978.0078125,-427912.03125,-814.2215039062501,-50.3749267578125,-4.43158483505249,-3.035635612010956,-6.790523469960077,1.0435875415977949,0.0,0.0344543494284153,282.2500305175781,12.403565794229507,-0.3356933891773224,-120.84962010383606,-3618.3318322086698,1,1789158651.0415442,38.990726225,-76.93769169333333,-6.501999999999999,0,1,7.986276,8.755681000000001,59.413264000000005,1,1,1789158651.4691544,0.0908788956834996,0.9885601991882265,0.10976543073727661,-0.049409605496725885,167.90732614164597,-6.755888672688755,170.21147824152112,0.0025612706773016783,-0.08545795242879994,0.22377739004445296,-2.788913239498138,-0.2082932494354248,-10.944319647006989
2026-09-11T16:30:51.517,19.647683328000085,-1188.7957763671875,-106991.61987304688,-427966.4794921875,-814.3251068115235,-50.47852966308594,-4.509700298309326,-3.0891447043418885,-6.910219900550029,-1.6017018717026454,0.0,0.022649768739938736,185.54690551757812,8.153916746377945,-0.3814697563648224,-137.32911229133606,-493.28501627693373,1,1789158651.0415442,38.990726225,-76.93769169333333,-6.501999999999999,0,1,7.986276,8.755681000000001,59.413264000000005,1,1,1789158651.5091543,0.09491783186633976,0.9880941103665495,0.11079781306060017,-0.048831126074655215,167.81019164744035,-6.749738931559184,169.7473897265277,0.07150509225665648,-0.053389796351431734,0.20443704753725342,-1.8527704150581359,0.6109543050765991,-8.655741698760986
2026-09-11T16:30:51.550,19.681092863999993,-1188.9473876953125,-107005.26489257812,-428021.0595703125,-814.4289605712892,-50.582383422851564,-4.535256385803223,-3.1066506242752077,-6.94937952817467,-0.5239797384006546,0.0,0.014860156923532486,121.73440551757812,5.349656492471695,0.0,0.0,4110.476490655637,1,1789158651.0415442,38.990726225,-76.93769169333333,-6.501999999999999,0,1,7.986276,8.755681000000001,59.413264000000005,1,1,1789158651.5411544,0.09732915022827544,0.9878354556107908,0.11158382985668587,-0.04750997862110024,167.72348761641086,-6.637356639015421,169.46048283063982,0.01372457110598261,-0.05385475206416303,0.18411094306852746,-2.4042964201545716,0.14258869335174562,-8.027429622898103
2026-09-11T16:30:51.584,19.714501632000065,-1189.10107421875,-107019.0966796875,-428076.38671875,-814.5342358398439,-50.687658691406256,-4.588726997375488,-3.1432779932022097,-7.031312619009946,-1.0963400065193363,0.0,0.014556888490915298,119.25003051757812,5.2404798567295074,0.0,0.0,0.0,1,1789158651.0415442,38.990726225,-76.93769169333333,-6.501999999999999,0,1,7.986276,8.755681000000001,59.413264000000005,1,1,1789158651.5811543,0.10010764903129107,0.9875395706761927,0.11282156535694435,-0.04489264243189219,167.57396008232016,-6.387673074958708,169.11941587944392,0.022066721331739907,-0.0642363195208757,0.18482705166062072,-1.4322612561225891,0.0041187930679321295,-9.745162465229035
2026-09-11T16:30:51.618,19.747920415999943,-1189.255859375,-107033.02734375,-428132.109375,-814.6402636718751,-50.7936865234375,-4.563711166381836,-3.126142148971558,-6.99298082715541,0.5127608542164334,0.0,0.014371875673532486,117.73440551757812,5.173875242471695,0.0,0.0,0.0,1,1789158651.0415442,38.990726225,-76.93769169333333,-6.501999999999999,0,1,7.986276,8.755681000000001,59.413264000000005,1,1,1789158651.6091545,0.10221135395675421,0.9873637083304205,0.11282008652737345,-0.04401561848120658,167.57884140873344,-6.314268505658296,168.86746431835596,-0.005712113575927042,-0.00798435772909846,0.18792972347189105,0.3867742823791504,0.07129434667587281,-9.152644662456511
2026-09-11T16:30:51.650,19.781328896000105,-1189.4075927734375,-107046.68334960938,-428186.7333984375,-814.7442010498047,-50.89762390136719,-4.590449810028076,-3.1444581198692325,-7.03395248718063,-0.5482431675306921,0.0,0.014593128114938736,119.54690551757812,5.253526121377945,0.015258789993822575,5.493164397776127,164.4242538945052,1,1789158651.0415442,38.990726225,-76.93769169333333,-6.501999999999999,0,1,7.986276,8.755681000000001,59.413264000000005,1,1,1789158651.6411543,0.1047061843100085,0.9872696710253327,0.11228309266663163,-0.04156583623586121,167.63138243610706,-6.060978388816901,168.54946178826367,0.012094084518769508,-0.014265448641175653,0.20417751707748186,-1.3857777343559263,-0.10002783164978028,-9.843032833843232
2026-09-11T16:30:51.684,19.81472963200008,-1189.560546875,-107060.44921875,-428241.796875,-814.8489746093751,-51.0023974609375,-4.617033958435059,-3.1626682615280153,-7.074687413940613,-0.5452018080917701,0.0,0.015506748110055923,127.03128051757812,5.5824293196201324,-0.0610351599752903,-21.972657591104507,-822.3118792621939,1,1789158651.0415442,38.990726225,-76.93769169333333,-6.501999999999999,0,1,7.986276,8.755681000000001,59.413264000000005,1,1,1789158651.6811545,0.10838711166117182,0.9867602053837063,0.11264775852372355,-0.04320895273476675,167.6291219788946,-6.297611785659526,168.14656164814724,-0.0029839894221347055,0.038190422027513916,0.21814486348241685,0.33646616704940796,1.0427411116981506,-10.031516649951934
2026-09-11T16:30:51.718,19.848149727999953,-1189.716796875,-107074.51171875,-428298.046875,-814.9560058593751,-51.10942871093751,-4.644249439239502,-3.181310865879059,-7.116389732191874,-0.5578261759366228,0.0,0.015131000429391861,123.95315551757812,5.44716015458107,-0.030517585575580597,-10.986330807209015,328.7341479790305,1,1789158651.0415442,38.990726225,-76.93769169333333,-6.501999999999999,0,1,7.986276,8.755681000000001,59.413264000000005,1,1,1789158651.7091544,0.11060234873061474,0.9863795185262566,0.11397185184902697,-0.042813349241621536,167.48615630427867,-6.2963811024159835,167.8953644624111,0.03331275036696537,0.030894247622476827,0.22724832632789407,-1.1110934633255005,0.7968883921432495,-9.31043366355896
2026-09-11T16:30:51.751,19.881569760000048,-1189.8741455078125,-107088.67309570312,-428354.6923828125,-815.0637896728516,-51.217212524414066,-4.723271369934082,-3.2354408884048462,-7.2374751440695295,-1.6196879322447704,0.0,0.014923099428415298,122.25003051757812,5.3723157942295074,0.0,0.0,328.73489789530794,1,1789158651.0415442,38.990726225,-76.93769169333333,-6.501999999999999,0,1,7.986276,8.755681000000001,59.413264000000005,1,1,1789158651.7411544,0.1132263865719024,0.9857455300368383,0.11652855441690033,-0.043664990573347294,167.21748860131066,-6.457913256280343,167.6191517245433,-0.05602733791704557,0.07388153256617197,0.22248671906260317,-1.446775098361969,1.7725520167350768,-6.5117137738990785
2026-09-11T16:30:51.784,19.91496982400008,-1190.0316162109375,-107102.84545898438,-428411.3818359375,-815.1716571044923,-51.325079956054694,-4.699643135070801,-3.219255547523499,-7.201269567652773,0.4845901157953102,0.0,0.013841632753610611,113.39065551757812,4.98298779129982,0.0,0.0,0.0,1,1789158651.0415442,38.990726225,-76.93769169333333,-6.501999999999999,0,1,7.986276,8.755681000000001,59.413264000000005,1,1,1789158651.7801545,0.11700733300511106,0.9853204781357446,0.11583493816184179,-0.045112154575245825,167.3384165386398,-6.661706845166122,167.19552641536967,0.1400438229166234,-0.058376725623155136,0.1651348507762191,3.940704300994873,1.887976289138794,-7.651540722198487
2026-09-11T16:30:51.818,19.948395968000113,-1190.1859130859375,-107116.73217773438,-428466.9287109375,-815.2773504638673,-51.43077331542969,-4.648573875427246,-3.184273104667664,-7.123016071643836,1.0465593296014528,0.0,0.012077335268259048,98.93753051757812,4.3478406965732574,-0.1068115308880806,-38.452151119709015,-1150.36155889451,1,1789158651.0415442,38.990726225,-76.93769169333333,-6.501999999999999,0,1,7.986276,8.755681000000001,59.413264000000005,1,1,1789158651.8091543,0.11942637602799283,0.9850353000416179,0.11576069031861319,-0.04519138145374962,167.36397261114533,-6.700532727313554,166.91703189894812,0.025813419636996137,-0.039539387006380336,0.16372933712958807,-2.1556978385543824,2.7968566261291503,-10.049070553741457
2026-09-11T16:30:51.851,19.981819295999912,-1190.344482421875,-107131.00341796875,-428524.013671875,-815.3859704589844,-51.53939331054688,-4.7544074058532715,-3.256769073009491,-7.285184934255296,-2.169023035116773,0.0,0.011392597109079361,93.32815551757812,4.10133495926857,0.01525880303233862,5.493169091641903,1314.8098301765576,1,1789158651.0415442,38.990726225,-76.93769169333333,-6.501999999999999,0,1,7.986276,8.755681000000001,59.413264000000005,1,1,1789158651.8411543,0.12111767727067514,0.9847121699939823,0.1172850233529524,-0.043779833432720246,167.18279439176337,-6.5823795775345,166.71603674971254,0.017823476854291292,-0.007462678815677354,0.16843003240398438,-0.3394081620979309,1.768040957660675,-8.550124076519014
2026-09-11T16:30:51.885,20.015230208000048,-1190.50244140625,-107145.2197265625,-428580.87890625,-815.4941723632813,-51.647595214843754,-4.75568962097168,-3.2576473903656007,-7.287149674225119,-0.02628833825625527,0.0,0.011537555605173111,94.51565551757812,4.15352001786232,-0.0610351599752903,-21.972657591104507,-822.0615672698422,1,1789158651.0415442,38.990726225,-76.93769169333333,-6.501999999999999,0,1,7.986276,8.755681000000001,59.413264000000005,1,1,1789158651.8811543,0.12414724951506924,0.9843842154616739,0.11643288484992369,-0.04492838872330392,167.3149589689546,-6.739951863127483,166.37400870777512,0.05371739465203108,-0.04955914770915459,0.19084791398122555,3.298466781902313,0.04226666219711303,-10.071821982116699
2026-09-11T16:30:51.918,20.048637088000078,-1190.6595458984375,-107159.35913085938,-428637.4365234375,-815.6017889404297,-51.75521179199219,-4.703560829162598,-3.22193916797638,-7.207272655637921,1.0688882765822278,0.0,0.010341648012399673,84.71878051757812,3.7229932844638824,0.0610351637005806,21.972658932209015,1315.4570712163074,1,1789158651.0415442,38.990726225,-76.93769169333333,-6.501999999999999,0,1,7.986276,8.755681000000001,59.413264000000005,1,1,1789158651.9091544,0.12590770730352238,0.9842928447823429,0.11571017272178374,-0.04388622654715161,167.3969474756868,-6.634276480316935,166.15439392023785,0.01747650539899482,-0.1545953310222009,0.14919790031040847,-1.6927258844184876,0.7482474073410035,-10.451045143871307
2026-09-11T16:30:51.951,20.082046208000065,-1190.8175048828125,-107173.57543945312,-428694.3017578125,-815.7099908447266,-51.863413696289065,-4.729874610900879,-3.2399641084671025,-7.247593299183739,-0.5395215585064619,0.0,0.010652545839548111,87.26565551757812,3.83491650223732,0.0305175818502903,10.986329466104507,-328.8422282930113,1,1789158651.0415442,38.990726225,-76.93769169333333,-6.501999999999999,0,1,7.986276,8.755681000000001,59.413264000000005,1,1,1789158651.9411545,0.12775408806569988,0.9840866811083585,0.11565162620567918,-0.043324339621268575,167.40873430880586,-6.593228459453818,165.93464950169914,0.051395408615177815,-0.17579916157175485,0.1521415726268221,-0.7542294639396668,0.1417060948371887,-10.680520757656097
2026-09-11T16:30:51.985,20.115448128000025,-1190.9766845703125,-107187.90161132812,-428751.6064453125,-815.8190289306641,-51.972451782226564,-4.7829155921936035,-3.2762971806526187,-7.3288680669573525,-1.0877540029303538,0.0,0.009855274111032486,80.73440551757812,3.547898679971695,0.0,0.0,-328.91311236352846,1,1789158651.0415442,38.990726225,-76.93769169333333,-6.501999999999999,0,1,7.986276,8.755681000000001,59.413264000000005,1,1,1789158651.9811544,0.13001775075447122,0.9837777501951978,0.11638752673405885,-0.04160127798940642,167.3164869042043,-6.437406842578997,165.65883600977722,-0.0017812830345854127,-0.14726599536137594,0.13550631592728854,-0.40001326009750365,-0.2520309091567993,-10.437217767143249
2026-09-11T16:30:52.018,20.1488692800001,-1191.1375732421875,-107202.38159179688,-428809.5263671875,-815.9292376708985,-52.08266052246094,-4.783673286437988,-3.276816201210022,-7.330029082878531,-0.015529702788292606,0.0,0.010097507387399673,82.71878051757812,3.6351026594638824,-0.015258795581758022,-5.493166409432888,-164.36197080880987,1,1789158651.0415442,38.990726225,-76.93769169333333,-6.501999999999999,0,1,7.986276,8.755681000000001,59.413264000000005,1,1,1789158652.0091543,0.1317852150658712,0.9836090122265,0.11637270810927386,-0.040041990012543174,167.3088028573618,-6.283249999597584,165.43719637927424,-0.006601533362743352,-0.17393305553552252,0.1602126732197447,-1.9870234557723998,0.46718881370544435,-8.7643993825531
2026-09-11T16:30:52.052,20.18228979200012,-1191.2996826171875,-107216.97143554688,-428867.8857421875,-816.0402825927735,-52.19370544433594,-4.810687065124512,-3.2953206396102908,-7.371422332700177,-0.553685066232893,0.0,0.008407596498727798,68.87503051757812,3.0267347395420074,-0.0610351637005806,-21.972658932209015,-493.09515434012394,1,1789158652.0413098,38.990711625,-76.93768405166666,-6.502999999999997,0,1,12.588304,27.373824000000003,121.37428899999999,1,1,1789158652.0411544,0.1336100329256287,0.9834168133847406,0.11603492382820792,-0.039694164634073034,167.35435827446992,-6.2622081161900685,165.22054663624232,0.007499854328744833,-0.16213462979204085,0.14449790316771294,-0.13680276975631714,0.22368969018936158,-9.686224497756958
2026-09-11T16:30:52.085,20.215691551999953,-1191.4586181640625,-107231.27563476562,-428925.1025390625,-816.1491534423828,-52.302576293945314,-4.810967922210693,-3.295513026714325,-7.371852690395315,-0.005759789425327076,0.0,0.004968646913766861,40.703155517578125,1.78871288895607,-0.1373291164636612,-49.43848192691803,-822.2866997082216,1,1789158652.0413098,38.990711625,-76.93768405166666,-6.502999999999997,0,1,12.588304,27.373824000000003,121.37428899999999,1,1,1789158652.0811543,0.13511459087882868,0.9831091578268125,0.11736510899865531,-0.03828658144096686,167.19157466732634,-6.142133955382708,165.03910537601686,-0.0018296286548656559,-0.06710948053550876,0.11427630543895473,-0.8085583058357239,1.002141580028534,-12.370893046035766
2026-09-11T16:30:52.118,20.249094400000104,-1191.622802734375,-107246.05224609375,-428984.208984375,-816.2616198730469,-52.41504272460938,-4.89055061340332,-3.3500271701812747,-7.493797356346795,-1.6320208224970416,0.0,-0.0015697479248046875,-12.859375,-0.5651092529296875,-0.2593994438648224,-93.38379979133606,-1315.615897908459,1,1789158652.0413098,38.990711625,-76.93768405166666,-6.502999999999997,0,1,12.588304,27.373824000000003,121.37428899999999,1,1,1789158652.1091545,0.1364882437513485,0.9826602374825066,0.11901223638030825,-0.039823417485868484,167.03199603047202,-6.358742977356554,164.90822064084438,0.008475318847684463,-0.023053006892041903,0.10793971305666411,0.9156469256019591,1.2726089914894103,-10.650316275157929
2026-09-11T16:30:52.152,20.282503072000054,-1191.7890625,-107261.015625,-429044.0625,-816.3755078125,-52.52893066406251,-4.995731830596924,-3.4220763039588933,-7.654966678505032,-2.156599752834396,0.0,-0.009431838989257812,-77.265625,-3.3954620361328125,-0.2899170219898224,-104.37012791633606,-328.84659782395096,1,1789158652.0413098,38.990711625,-76.93768405166666,-6.502999999999997,0,1,12.588304,27.373824000000003,121.37428899999999,1,1,1789158652.1411543,0.13723702758665823,0.9821547106438321,0.1219005037469955,-0.040968155993873316,166.7205122633689,-6.54206637301728,164.8534215721103,-0.0016224580726539287,0.05009234579563886,0.08882381989127101,-0.5783962265396118,0.8810294505310059,-10.101830331611634
2026-09-11T16:30:52.185,20.31590668800004,-1191.956787109375,-107276.11083984375,-429104.443359375,-816.490399169922,-52.64382202148438,-5.0229268074035645,-3.440704863071442,-7.696637578452573,-0.5576809143224528,0.0,-0.023151397705078125,-189.65625,-8.334503173828125,-0.18310552835464478,-65.91799020767212,1151.1369819566557,1,1789158652.0413098,38.990711625,-76.93768405166666,-6.502999999999997,0,1,12.588304,27.373824000000003,121.37428899999999,1,1,1789158652.1811545,0.13759771294279619,0.9816868056103156,0.12349704476743044,-0.04589515243723664,166.6068773785955,-7.128505022481435,164.88032289355158,-0.12165503391761115,0.10110151304735034,0.031621351788857666,1.0955989560699464,-0.39962099409103397,-7.903277431850434
2026-09-11T16:30:52.219,20.349322432000008,-1192.1302490234375,-107291.72241210938,-429166.8896484375,-816.6092205810547,-52.76264343261719,-5.128246307373047,-3.5128487205505374,-7.858018791496361,-2.1589780397876597,0.0,-0.026659011840820312,-218.390625,-9.597244262695312,-0.12207037210464478,-43.94533395767212,657.5540035865008,1,1789158652.0413098,38.990711625,-76.93768405166666,-6.502999999999997,0,1,12.588304,27.373824000000003,121.37428899999999,1,1,1789158652.2091544,0.1374863494994947,0.9814326325583159,0.12482568793127545,-0.04802123575503151,166.48193660150264,-7.387709582373593,164.92772803925007,-0.024089034336025737,0.15009988646783914,0.024467247184932907,0.03510780757904053,2.228953515262604,-12.62508141822815
2026-09-11T16:30:52.252,20.382749024000077,-1192.3084716796875,-107307.76245117188,-429231.0498046875,-816.731303100586,-52.88472595214844,-5.311351299285889,-3.638275640010834,-8.138590819637683,-3.7523095223119896,0.0,-0.03210258483886719,-262.984375,-11.556930541992188,-0.09155279397964478,-32.95900583267212,328.67030312205765,1,1789158652.0413098,38.990711625,-76.93768405166666,-6.502999999999997,0,1,12.588304,27.373824000000003,121.37428899999999,1,1,1789158652.2411544,0.13653930511530818,0.9810026942856392,0.12755188720057245,-0.052165582854197215,166.21585374893078,-7.884746660112691,165.10710165583328,0.03494358602002887,0.1896329902889123,0.0038709657479982233,1.35929977891922,1.705082263622284,-12.046390992183687
2026-09-11T16:30:52.285,20.416152064000016,-1192.486572265625,-107323.79150390625,-429295.166015625,-816.8533020019532,-53.00672485351563,-5.389683723449707,-3.6919333505630494,-8.258619699720484,-1.606372071293907,0.0,-0.03665733337402344,-300.296875,-13.196640014648438,-0.13732916116714478,-49.43849802017212,-493.3530656949185,1,1789158652.0413098,38.990711625,-76.93768405166666,-6.502999999999997,0,1,12.588304,27.373824000000003,121.37428899999999,1,1,1789158652.2811544,0.13445433721919395,0.9806869438285521,0.1303366358813832,-0.05645804419465034,165.93316973708508,-8.382680687660848,165.42263528604184,0.027136553742933035,0.19398531784461057,-0.02538092704835194,0.19917306478500368,1.7787302063369752,-10.695034599895477
2026-09-11T16:30:52.318,20.449559231999956,-1192.6688232421875,-107340.19409179688,-429360.7763671875,-816.9781439208984,-53.13156677246094,-5.441288471221924,-3.7272826027870183,-8.337693724917266,-1.0581337581213919,0.0,-0.03885841369628906,-318.328125,-13.989028930664062,-0.030517637729644775,-10.98634958267212,1151.0149090629113,1,1789158652.0413098,38.990711625,-76.93768405166666,-6.502999999999997,0,1,12.588304,27.373824000000003,121.37428899999999,1,1,1789158652.3091543,0.13251864847626266,0.9807209588690824,0.13091866478279646,-0.059038223655714095,165.88196925558566,-8.655809252796285,165.68304566216477,0.02623648744767956,0.24934681265202027,-0.04955216639214661,-0.3990325950813293,1.3532196558189393,-11.49564951910019
2026-09-11T16:30:52.352,20.482982400000083,-1192.8538818359375,-107356.84936523438,-429427.3974609375,-817.1049090576173,-53.258331909179695,-5.520320415496826,-3.781419484615326,-8.458794480617668,-1.6197411875529784,0.0,-0.03928565979003906,-321.828125,-14.142837524414062,-0.0610351599752903,-21.972657591104507,-328.70337151734833,1,1789158652.0413098,38.990711625,-76.93768405166666,-6.502999999999997,0,1,12.588304,27.373824000000003,121.37428899999999,1,1,1789158652.3411543,0.1305831132514174,0.9806357631300299,0.13194406449111887,-0.0623884159881853,165.78730469360505,-9.022363088307094,165.95714282121685,0.033336661377717694,0.20058004442327113,-0.04854755487469867,-1.0165573557662964,1.8942525452423096,-9.463025140075684
2026-09-11T16:30:52.386,20.51639167999997,-1193.0421142578125,-107373.79028320312,-429495.1611328125,-817.2338482666016,-53.387271118164065,-5.624701976776123,-3.8529208540916446,-8.618738488930834,-2.1401649325145633,0.0,-0.038787841796875,-317.75,-13.963623046875,0.0,0.0,657.6812667372292,1,1789158652.0413098,38.990711625,-76.93768405166666,-6.502999999999997,0,1,12.588304,27.373824000000003,121.37428899999999,1,1,1789158652.3811543,0.12896997994623627,0.980790278222614,0.13226432022208687,-0.06263644316900288,165.7386657432349,-9.031803482668211,166.14981903128614,-0.005024279317716077,0.1061334718137752,-0.005610535413460972,-0.9256497087669373,1.4159822168540954,-9.25120149658203
2026-09-11T16:30:52.418,20.549812384000006,-1193.232421875,-107390.91796875,-429563.671875,-817.3642089843751,-53.51763183593751,-5.677763938903809,-3.8892682981491093,-8.700045405666394,-1.087572663263617,0.0,-0.029224395751953125,-239.40625,-10.520782470703125,0.3967285752296448,142.82228708267212,4273.46734175666,1,1789158652.0413098,38.990711625,-76.93768405166666,-6.502999999999997,0,1,12.588304,27.373824000000003,121.37428899999999,1,1,1789158652.4091544,0.12883861916207343,0.9808715673844222,0.13145329024455607,-0.06333727964727802,165.8397533898395,-9.098022885816407,166.16630077739626,-0.01591007239532991,0.12015614515599841,0.03548795421372591,-0.7908082690429687,1.020578082332611,-11.53615098426819
2026-09-11T16:30:52.451,20.583220927999946,-1193.421630859375,-107407.94677734375,-429631.787109375,-817.493817138672,-53.64723999023438,-5.7043375968933105,-3.907471253871918,-8.740764257945404,-0.5448592947612821,0.0,-0.019657135009765625,-161.03125,-7.076568603515625,0.24414068460464478,87.89064645767212,-1644.2392887609492,1,1789158652.0413098,38.990711625,-76.93768405166666,-6.502999999999997,0,1,12.588304,27.373824000000003,121.37428899999999,1,1,1789158652.4401543,0.12970300596352527,0.9809011273373887,0.1301731361681919,-0.06375784855531869,166.00092364357786,-9.14003549424609,166.05966359144188,-0.03225159018175282,0.09063267912803795,0.09508867924130467,-0.5737871009635925,0.47405346881866456,-9.282484710597991
2026-09-11T16:30:52.486,20.616620927999975,-1193.614990234375,-107425.34912109375,-429701.396484375,-817.626268310547,-53.77969116210938,-5.7828874588012695,-3.96127790927887,-8.86112631817928,-1.6109777067935858,0.0,-0.007091522216796875,-58.09375,-2.552947998046875,0.4119873642921448,148.31545114517212,1809.1258888457487,1,1789158652.0413098,38.990711625,-76.93768405166666,-6.502999999999997,0,1,12.588304,27.373824000000003,121.37428899999999,1,1,1789158652.4811544,0.13186016788226784,0.9807260376182565,0.12938736121394684,-0.0636258282598029,166.11000583256111,-9.144278055437466,165.80102969047468,-0.030743800240954914,0.034849687306271575,0.14380937077780118,0.2755668695449829,1.5345446173095705,-10.737203195590972
2026-09-11T16:30:52.519,20.650040192000006,-1193.8096923828125,-107442.87231445312,-429771.4892578125,-817.7596392822267,-53.91306213378907,-5.784610748291016,-3.962458362579346,-8.86376691700819,-0.035322540331076915,0.0,0.008466721512377262,69.35938262939453,3.0480197444558144,0.07629400491714478,27.46584177017212,-3616.16609434869,1,1789158652.0413098,38.990711625,-76.93768405166666,-6.502999999999997,0,1,12.588304,27.373824000000003,121.37428899999999,1,1,1789158652.5091543,0.13429855742221047,0.9807954563644303,0.12779545411021226,-0.06060109040245384,166.2783474864529,-8.812419283974755,165.46853124664824,-0.030814486075660688,-0.08939646241885035,0.1794739523118289,0.06374322605133056,0.9564425902748108,-10.361706560897828
2026-09-11T16:30:52.551,20.683464512,-1194.00048828125,-107460.0439453125,-429840.17578125,-817.8903344726563,-54.04375732421875,-5.734431743621826,-3.9280857443809514,-8.786877559907273,1.0283715030971483,0.0,0.009313584305346012,76.29688262939453,3.3528903499245644,0.015258817933499813,5.493174456059933,-657.3856196361129,1,1789158652.0413098,38.990711625,-76.93768405166666,-6.502999999999997,0,1,12.588304,27.373824000000003,121.37428899999999,1,1,1789158652.5411544,0.13763680512807813,0.9808952650706682,0.12508957933370585,-0.057036707287460665,166.57347633012083,-8.414184374468368,165.01726649626144,-0.046041960200535616,-0.21522091338655078,0.196129803896536,-1.3692044955825806,-1.0194012843132019,-11.269410099868773
2026-09-11T16:30:52.584,20.71686710400013,-1194.1876220703125,-107476.88598632812,-429907.5439453125,-818.0185211181641,-54.17194396972657,-5.683706283569336,-3.8933388042449955,-8.70915086847931,1.0402468208401667,0.0,0.0098304757848382,80.53125762939453,3.538971282541752,-0.0762939527630806,-27.465822994709015,-986.7197566776001,1,1789158652.0413098,38.990711625,-76.93768405166666,-6.502999999999997,0,1,12.588304,27.373824000000003,121.37428899999999,1,1,1789158652.5811543,0.14249973499258053,0.9803041142903222,0.12471381775631775,-0.056072566315047694,166.64453262047275,-8.365058931744441,164.43960415623465,-0.08261062228709641,-0.20190300399628283,0.2101336276828377,1.0288156684684753,0.7326548335838318,-8.774500232219696
2026-09-11T16:30:52.619,20.750272256000017,-1194.375,-107493.75,-429975.0,-818.146875,-54.300297851562505,-5.632230281829834,-3.8580777430534368,-8.630274121003563,1.055557573624524,0.0,0.010215760208666325,83.68750762939453,3.677673675119877,0.0457763746380806,16.479494869709015,1315.5251580524834,1,1789158652.0413098,38.990711625,-76.93768405166666,-6.502999999999997,0,1,12.588304,27.373824000000003,121.37428899999999,1,1,1789158652.6091545,0.14570879801377973,0.9802891418176893,0.12276395003472183,-0.05226047442944078,166.84158075714197,-7.945802891495234,164.0089631474629,0.06330326650275953,-0.19317862666433877,0.21576597971194858,-1.0729455941963195,-0.33283770648956296,-16.362101595363615
2026-09-11T16:30:52.653,20.78369631999999,-1194.5587158203125,-107510.28442382812,-430041.1376953125,-818.2727203369142,-54.426143188476566,-5.475948333740234,-3.751024608612061,-8.39080307939347,3.2028760608363167,0.0,0.009000779129564762,73.73438262939453,3.2402804866433144,0.0,0.0,-493.04282297096216,1,1789158652.0413098,38.990711625,-76.93768405166666,-6.502999999999997,0,1,12.588304,27.373824000000003,121.37428899999999,1,1,1789158652.6411543,0.14874568035128116,0.9801169732774226,0.1208344493116989,-0.05142447986977387,167.07551199518977,-7.859896429001829,163.6325757946281,0.03803107346680684,-0.053986000823913007,0.18173781888459076,1.5722021539306639,-0.11513007289886475,-7.019894385280609
2026-09-11T16:30:52.685,20.81710854400012,-1194.7396240234375,-107526.56616210938,-430106.2646484375,-818.3966424560548,-54.55006530761719,-5.398787498474121,-3.6981694364547733,-8.27256942657205,1.5819112237808814,0.0,0.006422043778002262,52.60938262939453,2.3119357600808144,-0.01525880303233862,-5.493169091641903,-164.40596985164535,1,1789158652.0413098,38.990711625,-76.93768405166666,-6.502999999999997,0,1,12.588304,27.373824000000003,121.37428899999999,1,1,1789158652.6811545,0.15175467672783155,0.9801537676101846,0.11722808269337626,-0.05026615719175875,167.4962895849811,-7.707560282756328,163.24347501015018,-0.0147122529296862,-0.010559416507490893,0.12663149121382258,0.30076996046066284,-0.25026571212768556,-8.036844007053375
2026-09-11T16:30:52.718,20.850517888000013,-1194.9161376953125,-107542.45239257812,-430169.8095703125,-818.5175543212891,-54.670977172851565,-5.322173118591309,-3.6456885862350465,-8.155173108077673,1.5708434807907563,0.0,0.00515365693718195,42.21875762939453,1.8553164973855019,-0.0457763709127903,-16.479493528604507,-328.8398729708071,1,1789158652.0413098,38.990711625,-76.93768405166666,-6.502999999999997,0,1,12.588304,27.373824000000003,121.37428899999999,1,1,1789158652.7091544,0.1533623339105718,0.9802678955729616,0.11481060868564512,-0.04871726161938185,167.7623786651233,-7.511615325438113,163.0227727904934,0.02342947441169708,-0.047101549589421365,0.1289629020286366,-1.5203249745750427,-0.5893796747207641,-8.997111190891266
2026-09-11T16:30:52.751,20.88392726400002,-1195.092529296875,-107558.32763671875,-430233.310546875,-818.6383825683595,-54.79180541992188,-5.271050930023193,-3.6106698870658875,-8.076838509005645,1.0481698062588742,0.0,0.003936768509447575,32.25000762939453,1.4172366634011269,0.0,0.0,493.259542728371,1,1789158652.0413098,38.990711625,-76.93768405166666,-6.502999999999997,0,1,12.588304,27.373824000000003,121.37428899999999,1,1,1789158652.7411544,0.155397578799013,0.9801196595680464,0.11246127976779992,-0.05069029477730534,168.07866246989835,-7.719157823021984,162.78870492101396,-0.01198220891371667,0.024747896128653597,0.12404351699896539,1.3645953700065612,-0.40011132659912113,-11.657459246768951
2026-09-11T16:30:52.786,20.917329152000093,-1195.2642822265625,-107573.78540039062,-430295.1416015625,-818.7560333251954,-54.909456176757814,-5.142204761505127,-3.5224102616310122,-7.879407349747245,2.642354391305276,0.0,0.003572464920580387,29.26563262939453,1.2860873714089394,-0.0457763709127903,-16.479493528604507,-493.3701211311572,1,1789158652.0413098,38.990711625,-76.93768405166666,-6.502999999999997,0,1,12.588304,27.373824000000003,121.37428899999999,1,1,1789158652.7811544,0.1575021956434489,0.9800086293595318,0.11050717294234992,-0.05063901141051416,168.3184345502584,-7.704474816403623,162.52886507106686,0.02379599355461589,0.014195286405245481,0.10644588574988217,1.289084163761139,-0.6983315580177306,-8.193162010631562
2026-09-11T16:30:52.819,20.950737376000006,-1195.4356689453125,-107589.21020507812,-430356.8408203125,-818.8734332275392,-55.02685607910157,-5.117168426513672,-3.5052603721618656,-7.841044139588989,0.5133433453149471,0.0,0.002939225174486637,24.07813262939453,1.0581210628151894,-0.0610351599752903,-21.972657591104507,-164.42550380751283,1,1789158652.0413098,38.990711625,-76.93768405166666,-6.502999999999997,0,1,12.588304,27.373824000000003,121.37428899999999,1,1,1789158652.8091543,0.15876170363224926,0.9800332932342971,0.10889828678829629,-0.049705419691398384,168.49752562500527,-7.585393123662682,162.3615548980705,-0.00016964600329384883,0.03176848304480079,0.11120120982986592,-0.4989623602294922,-1.0875575029373168,-8.326336319828034
2026-09-11T16:30:52.853,20.9841601600001,-1195.6063232421875,-107604.56909179688,-430418.2763671875,-818.9903314208985,-55.14375427246094,-5.092726707458496,-3.48851779460907,-7.803592060238605,0.5009330626900524,0.0,0.0019207010045647621,15.734382629394531,0.6914523616433144,0.0,0.0,657.4155399814125,1,1789158652.0413098,38.990711625,-76.93768405166666,-6.502999999999997,0,1,12.588304,27.373824000000003,121.37428899999999,1,1,1789158652.8491545,0.1602599975283466,0.9798393145041497,0.10861022582035737,-0.04935047914157911,168.5361377117262,-7.557599605136327,162.18188594417938,0.010113310350681142,0.06946253343304752,0.12195872120745817,3.7086789581680297,-0.215844370059967,-9.451943625392914
2026-09-11T16:30:52.885,21.01756460799993,-1195.772216796875,-107619.49951171875,-430477.998046875,-819.1039685058595,-55.25739135742188,-4.989819526672363,-3.418026375770569,-7.6459072471603555,2.1102404936870416,0.0,0.0012760171666741371,10.453132629394531,0.45936618000268936,0.015258791856467724,5.493165068328381,164.4441203865009,1,1789158652.0413098,38.990711625,-76.93768405166666,-6.502999999999997,0,1,12.588304,27.373824000000003,121.37428899999999,1,1,1789158652.8811543,0.161385097314683,0.9795349681639992,0.10972947198971919,-0.04924976635011431,168.41473490084402,-7.579465743896898,162.05837625177634,-0.024864135056836417,0.03252333794628833,0.11347432664766333,-0.08227779485702515,0.14003896430969237,-12.752862069835663
2026-09-11T16:30:52.918,21.050971648000086,-1195.941650390625,-107634.74853515625,-430538.994140625,-819.2200305175782,-55.37345336914063,-5.0436506271362305,-3.454900679588318,-7.728392715614518,-1.1037884175783332,0.0,6.675813347101212e-05,0.5468826293945312,0.02403292804956436,-0.0610351637005806,-21.972658932209015,-822.15676696914,1,1789158652.0413098,38.990711625,-76.93768405166666,-6.502999999999997,0,1,12.588304,27.373824000000003,121.37428899999999,1,1,1789158652.9091544,0.1626581820262722,0.9792638089715591,0.11002455216266731,-0.04979263178248682,168.39972436824527,-7.66108198975263,161.9176135205749,-0.01675638254962196,0.06267424984034077,0.08158611401617574,-4.5535218696022035,0.5228905866241454,-6.043053962669372
2026-09-11T16:30:52.952,21.08437779199994,-1196.1109619140625,-107649.98657226562,-430599.9462890625,-819.3360089111329,-55.48943176269532,-5.096920013427734,-3.4913902091979985,-7.810017468678406,-1.0922999556560302,0.0,-0.0012531280517578125,-10.265625,-0.4511260986328125,0.0,0.0,657.7430466774136,1,1789158652.0413098,38.990711625,-76.93768405166666,-6.502999999999997,0,1,12.588304,27.373824000000003,121.37428899999999,1,1,1789158652.9411545,0.16422294023903802,0.9787175702317262,0.1112810926812476,-0.05252867817315613,168.3139112125915,-8.011467558139408,161.7708675193143,-0.018426662643780536,0.016995667190070382,0.13566060303316485,4.055049841880798,1.3036960725021363,-9.942472266483307
2026-09-11T16:30:52.987,21.11778716799995,-1196.283203125,-107665.48828125,-430661.953125,-819.453994140625,-55.6074169921875,-5.122948169708252,-3.509219496250153,-7.849900447946825,-0.5336611809855328,0.0,-0.00384521484375,-31.5,-1.38427734375,-0.045776382088661194,-16.47949755191803,-493.25966315305425,1,1789158652.0413098,38.990711625,-76.93768405166666,-6.502999999999997,0,1,12.588304,27.373824000000003,121.37428899999999,1,1,1789158652.9811544,0.16561738015670102,0.978232065838518,0.11350847764817126,-0.05242837263668485,168.06801598685811,-8.057809908401241,161.62502300921628,-0.04141648861690024,0.0220072056042469,0.11931891071381674,0.03912853414535522,0.8857366426086426,-11.498885713653564
2026-09-11T16:30:53.020,21.15120851200004,-1196.45654296875,-107681.0888671875,-430724.35546875,-819.5727319335938,-55.726154785156254,-5.2004313468933105,-3.562295472621918,-7.968628025729049,-1.5880862352999008,0.0,-0.00665283203125,-54.5,-2.39501953125,-0.061035171151161194,-21.97266161441803,-164.36095635427762,1,1789158652.0413098,38.990711625,-76.93768405166666,-6.502999999999997,0,1,12.588304,27.373824000000003,121.37428899999999,1,1,1789158653.0091543,0.16642213117248789,0.9778587199467778,0.11519864660233943,-0.0531532680184942,167.89297135443775,-8.180726677167476,161.5517238851566,0.036418389237964074,0.03552006827196259,0.06252135899786607,0.7394214221954345,1.0821638453483582,-8.338398499526978
2026-09-11T16:30:53.053,21.184630208000044,-1196.6314697265625,-107696.83227539062,-430787.3291015625,-819.6925567626954,-55.845979614257814,-5.201348781585693,-3.5629239153862002,-7.970033812155951,-0.01880343727267252,0.0,-0.009225845336914062,-75.578125,-3.3213043212890625,-0.1373291164636612,-49.43848192691803,-821.7961264591714,1,1789158652.0413098,38.990711625,-76.93768405166666,-6.502999999999997,0,1,12.588304,27.373824000000003,121.37428899999999,1,1,1789158653.0411544,0.1672990991525012,0.9774911047365732,0.11655154357017473,-0.054202299536504656,167.76281511476267,-8.335105788676527,161.4707469529124,-0.005036496622480037,0.09182456447422488,0.08714620941425406,0.9620323808670045,0.7297128385353089,-8.29211111076355
2026-09-11T16:30:53.086,21.21803286399995,-1196.8056640625,-107712.509765625,-430850.0390625,-819.8118798828126,-55.965302734375,-5.254240989685059,-3.5991550779342654,-8.05108061456304,-1.0846790910329267,0.0,-0.010652542114257812,-87.265625,-3.8349151611328125,0.0,0.0,1480.0763725811214,1,1789158653.0624208,38.99069422833333,-76.93767837,-6.527999999999999,0,1,9.653449000000002,11.819844000000002,89.26470400000001,1,1,1789158653.0811543,0.16812809131576845,0.9774185027633313,0.11590569171786144,-0.054331261662215705,167.84610625785518,-8.34786292066413,161.37014839923683,-0.0008044222522441864,0.029227109120971845,0.09079150408996943,-1.7577439749908448,-0.4320810061264038,-9.307687801513671
2026-09-11T16:30:53.119,21.251440384000034,-1196.9847412109375,-107728.62670898438,-430914.5068359375,-819.9345477294922,-56.08797058105469,-5.359269142150879,-3.6710993623733525,-8.212015395430718,-2.153535624281883,0.0,-0.011018753051757812,-90.265625,-3.9667510986328125,0.0,0.0,0.0,1,1789158653.0624208,38.99069422833333,-76.93767837,-6.527999999999999,0,1,9.653449000000002,11.819844000000002,89.26470400000001,1,1,1789158653.1091545,0.16862109366816277,0.9770573154941806,0.11761709230284993,-0.05560709134346918,167.67566690109052,-8.530048546150535,161.33927471671458,-0.020374624621931407,0.10893402713152528,0.05777790315679589,0.49503970016479487,0.9624246468734742,-11.510359494342804
2026-09-11T16:30:53.153,21.28485036799998,-1197.16552734375,-107744.8974609375,-430979.58984375,-820.0583862304688,-56.21180908203125,-5.412415981292725,-3.707504947185517,-8.293452369330513,-1.089661845160532,0.0,-0.008691787719726562,-71.203125,-3.1290435791015625,0.1373291164636612,49.43848192691803,1479.7517390908938,1,1789158653.0624208,38.99069422833333,-76.93767837,-6.527999999999999,0,1,9.653449000000002,11.819844000000002,89.26470400000001,1,1,1789158653.1491544,0.16971845999858565,0.9765942267459136,0.11968455979127474,-0.05599077397061241,167.45429681215919,-8.626108955594134,161.2324785074249,-0.032397150641369145,0.07890651001558885,0.09735830540059809,-2.0941120755386353,1.3432168726539613,-12.469940212669371
2026-09-11T16:30:53.187,21.318260223999914,-1197.3485107421875,-107761.36596679688,-431045.4638671875,-820.1837298583985,-56.33715270996094,-5.439573287963867,-3.7261077022552493,-8.335065547278196,-0.556804407351198,0.0,0.004116058815270662,33.718753814697266,1.4817811734974384,0.3814697861671448,137.32912302017212,2630.68003326401,1,1789158653.0624208,38.99069422833333,-76.93767837,-6.527999999999999,0,1,9.653449000000002,11.819844000000002,89.26470400000001,1,1,1789158653.1811545,0.17156090578719885,0.9762863461936591,0.11959337133246575,-0.05593971196427196,167.4799119035286,-8.642078164553462,161.01634285309163,0.17672331341068584,0.05033913535187085,0.14760930162524324,-2.1555017055511474,-2.025857790412903,6.119251634426117
2026-09-11T16:30:53.220,21.35167952000006,-1197.533203125,-107777.98828125,-431111.953125,-820.3102441406251,-56.463666992187505,-5.519062519073486,-3.7805578255653383,-8.456867004217372,-1.6293019251467418,0.0,0.006315231788903475,51.734378814697266,2.273483444005251,0.0762939527630806,27.465822994709015,-3287.4211361298167,1,1789158653.0624208,38.99069422833333,-76.93767837,-6.527999999999999,0,1,9.653449000000002,11.819844000000002,89.26470400000001,1,1,1789158653.2091544,0.1738393579802771,0.9758860655236946,0.12018369418229631,-0.054609013783302095,167.40855060294044,-8.532457990169648,160.74220798371783,-0.09542762218204197,-0.08326337542734229,0.20917544192349283,5.8825190995216365,-4.37229497461319,-1.993397778377533
2026-09-11T16:30:53.252,21.385090208000065,-1197.7156982421875,-107794.41284179688,-431177.6513671875,-820.4352532958985,-56.588676147460944,-5.546718120574951,-3.799501912593842,-8.49924372001127,-0.5670067922127728,0.0,0.014532090164721012,119.04688262939453,5.231552459299564,0.2593994736671448,93.38381052017212,1972.9610933320514,1,1789158653.0624208,38.99069422833333,-76.93767837,-6.527999999999999,0,1,9.653449000000002,11.819844000000002,89.26470400000001,1,1,1789158653.2411544,0.17697813133747112,0.9756319505653394,0.11875648482484276,-0.05213382180902377,167.55450375136874,-8.265563852433859,160.33966393853117,0.030488109505537746,-0.061357224386785855,0.22870916691181334,-3.350442027759552,1.4483441623878477,-14.267401120815277
2026-09-11T16:30:53.287,21.418491392000078,-1197.9024658203125,-107811.22192382812,-431244.8876953125,-820.5631890869141,-56.71661193847657,-5.548228740692139,-3.800536687374115,-8.501558445271364,-0.030980182626838187,0.0,0.0230331439524889,188.68751525878906,8.291931822896004,0.21362310647964478,76.90431833267212,-493.380479790584,1,1789158653.0624208,38.99069422833333,-76.93767837,-6.527999999999999,0,1,9.653449000000002,11.819844000000002,89.26470400000001,1,1,1789158653.2811544,0.18182029499261174,0.9748557434673468,0.11893163014960006,-0.04952703410749454,167.5261623533628,-8.03695581240724,159.75006615883177,-0.01128111015319055,-0.09019791761136615,0.2947855870630667,-1.3267417003822326,0.7001948215484619,-8.872566733837129
2026-09-11T16:30:53.320,21.451899456000092,-1198.087646484375,-107827.88818359375,-431311.552734375,-820.690037841797,-56.84346069335938,-5.548923492431641,-3.8010125923156743,-8.502623014306707,-0.014245211621932038,0.0,0.0277938861399889,227.68751525878906,10.005799010396004,0.10681158304214478,38.45216989517212,-1150.9840389878345,1,1789158653.0624208,38.99069422833333,-76.93767837,-6.527999999999999,0,1,9.653449000000002,11.819844000000002,89.26470400000001,1,1,1789158653.3091543,0.1860553176693315,0.9743050256862539,0.11686595148860726,-0.04955285130176577,167.79734520705713,-8.050522403245019,159.23962281930523,0.08129621482741949,-0.047176598747257124,0.33354411376210474,-0.19799626676559448,-0.5953617313194275,-10.29364840877533
2026-09-11T16:30:53.354,21.48532345600006,-1198.2767333984375,-107844.90600585938,-431379.6240234375,-820.8195623779297,-56.972985229492195,-5.574235916137695,-3.8183516025543214,-8.54140927557784,-0.5187592819131032,0.0,0.0287551898509264,235.56251525878906,10.351868346333504,0.0610351599752903,21.972657591104507,-493.0442886573515,1,1789158653.0624208,38.99069422833333,-76.93767837,-6.527999999999999,0,1,9.653449000000002,11.819844000000002,89.26470400000001,1,1,1789158653.3491545,0.19211071138822353,0.9731519919235124,0.11666337244942658,-0.04958157635590971,167.87055524785853,-8.12454790834589,158.5302031242349,0.004791975994275632,-0.02329752752024631,0.34280832143169065,-1.0369551881027221,1.053724559879303,-4.925095844230652
2026-09-11T16:30:53.387,21.518746144000033,-1198.4658203125,-107861.923828125,-431447.6953125,-820.9490869140626,-57.102509765625,-5.652795791625977,-3.872165117263794,-8.661786679634462,-1.6100893713131552,0.0,0.029020311310887337,237.73439025878906,10.447312071919441,0.0,0.0,-657.4174282787212,1,1789158653.0624208,38.99069422833333,-76.93767837,-6.527999999999999,0,1,9.653449000000002,11.819844000000002,89.26470400000001,1,1,1789158653.3811543,0.19713348031621417,0.9718043796642067,0.11787187219088412,-0.05329972185761709,167.85034764315293,-8.63079721706778,157.98619942848865,-0.04198162622869601,-0.006548649886407924,0.33247719399036063,0.5614307217597961,0.40432818616867067,-8.31652966966629
2026-09-11T16:30:53.420,21.5521576000001,-1198.6539306640625,-107878.85375976562,-431515.4150390625,-821.0779425048829,-57.231365356445316,-5.679337978363037,-3.8903465151786807,-8.702457308470553,-0.5441665851033273,0.0,0.028776170685887337,235.73439025878906,10.359421446919441,0.0,0.0,0.0,1,1789158653.0624208,38.99069422833333,-76.93767837,-6.527999999999999,0,1,9.653449000000002,11.819844000000002,89.26470400000001,1,1,1789158653.4091544,0.20129212396521048,0.9708832846754998,0.11772377678659253,-0.05484743153865301,167.93617600493238,-8.852695045594,157.51104615427678,-4.6774823953448035e-05,-0.009234362539376798,0.32801822681736553,-1.2978120824050905,-0.41227157279968263,-11.522421674041748
2026-09-11T16:30:53.453,21.585563904000082,-1198.8441162109375,-107895.97045898438,-431583.8818359375,-821.2082196044922,-57.36164245605469,-5.705806255340576,-3.908477284908295,-8.74301468528161,-0.542734979889553,0.0,0.02719116397202015,222.75001525878906,9.788819029927254,-0.0457763709127903,-16.479493528604507,-493.3049022308315,1,1789158653.0624208,38.99069422833333,-76.93767837,-6.527999999999999,0,1,9.653449000000002,11.819844000000002,89.26470400000001,1,1,1789158653.4491544,0.20698439704992833,0.9693527094873133,0.11939391776459386,-0.057077809946628665,167.8450267359357,-9.211679948414917,156.876341215783,-0.00017592918860102842,0.026446450556694475,0.31618349822544234,-3.094194259033203,0.6012457214164734,-9.693383352375031
2026-09-11T16:30:53.486,21.618965376000006,-1199.03466796875,-107913.1201171875,-431652.48046875,-821.3387475585938,-57.492170410156255,-5.7331953048706055,-3.927238783836365,-8.784982963127149,-0.5616967697744926,0.0,0.02680969424545765,219.62501525878906,9.651489928364754,0.0610351599752903,21.972657591104507,1151.21127355697,1,1789158653.0624208,38.99069422833333,-76.93767837,-6.527999999999999,0,1,9.653449000000002,11.819844000000002,89.26470400000001,1,1,1789158653.4811544,0.2112644840403813,0.9687109341329294,0.11716283081721428,-0.05691498000839073,168.13615898240027,-9.193721561133477,156.3514904963941,0.20556418116819133,0.0401347188142356,0.31989668620906025,-0.4220782229614258,-0.36480738601684565,-2.5821890540885923
2026-09-11T16:30:53.521,21.65238793599997,-1199.23095703125,-107930.7861328125,-431723.14453125,-821.4732055664064,-57.62662841796875,-5.786102771759033,-3.963480398654938,-8.866053146597471,-1.0843458675401696,0.0,0.02619362063705921,214.57814025878906,9.429703429341316,-0.1220702975988388,-43.94530713558197,-1972.2595973127154,1,1789158653.0624208,38.99069422833333,-76.93767837,-6.527999999999999,0,1,9.653449000000002,11.819844000000002,89.26470400000001,1,1,1789158653.5091543,0.2151334848621551,0.9676479017024103,0.117864493714439,-0.05901765111749667,168.1398305723801,-9.49315707725452,155.91932810985466,0.0606973153966068,0.10185060836230629,0.3098175843117182,2.8786440884780884,-2.045274957733154,2.578756726531983
2026-09-11T16:30:53.554,21.685812768000005,-1199.4271240234375,-107948.44116210938,-431793.7646484375,-821.6075799560548,-57.76100280761719,-5.814184188842773,-3.9827161693573,-8.909082340187222,-0.5754934146666992,0.0,0.02941322512924671,240.95314025878906,10.588761046528816,0.2593994438648224,93.38379979133606,4108.595278108386,1,1789158653.0624208,38.99069422833333,-76.93767837,-6.527999999999999,0,1,9.653449000000002,11.819844000000002,89.26470400000001,1,1,1789158653.5531545,0.2216826228513158,0.9659904213289953,0.11864235315771222,-0.06035985970487625,168.1461716736808,-9.742238120850123,155.16407162038365,0.0177901410655782,-0.08244795760081053,0.330570596315482,-9.217172420520782,4.248829249076843,-4.9759923585701
2026-09-11T16:30:53.587,21.719215232000124,-1199.624267578125,-107966.18408203125,-431864.736328125,-821.7426232910157,-57.89604614257813,-5.946013450622559,-4.073019213676453,-9.111084497307731,-2.703484518951395,0.0,0.03915024176239967,320.7187805175781,14.094087034463882,0.3662109673023224,131.83594822883606,1151.1770041085322,1,1789158653.0624208,38.99069422833333,-76.93767837,-6.527999999999999,0,1,9.653449000000002,11.819844000000002,89.26470400000001,1,1,1789158653.5811543,0.22674651377220265,0.9647043573935226,0.11815279272578134,-0.0630193532908856,168.31578380826033,-10.088641823682867,154.5811890428148,0.02090590284623848,-0.010596242954707973,0.39101047564741964,4.843308381881713,-3.059969049968719,-11.42533583744049
2026-09-11T16:30:53.620,21.752621024000064,-1199.8236083984375,-107984.12475585938,-431936.4990234375,-821.8791717529298,-58.03259460449219,-5.998969554901123,-4.1092941451072695,-9.19222920791711,-1.0858874841489246,0.0,0.040128711611032486,328.7344055175781,14.446336179971695,0.0,0.0,-3946.4997036763766,1,1789158653.0624208,38.99069422833333,-76.93767837,-6.527999999999999,0,1,9.653449000000002,11.819844000000002,89.26470400000001,1,1,1789158653.6091545,0.2320323255214755,0.9632083126202056,0.1190698012145816,-0.06490861923621868,168.31236141927792,-10.387067200555633,153.9775470805774,-0.05094808072789167,0.027973962718039914,0.42896161303448516,1.607898360519409,2.5980758273506166,-4.0652487580490115
2026-09-11T16:30:53.654,21.786035072000004,-1200.0277099609375,-108002.49389648438,-432009.9755859375,-822.0189813232422,-58.17240417480469,-6.103091239929199,-4.180617499351502,-9.351775007497087,-2.1345319861981285,0.0,0.040945056825876236,335.4219055175781,14.740220457315445,0.1220703199505806,43.945315182209015,1315.1748385076612,1,1789158653.0624208,38.99069422833333,-76.93767837,-6.527999999999999,0,1,9.653449000000002,11.819844000000002,89.26470400000001,1,1,1789158653.6491544,0.2392608484146326,0.9612560649805724,0.12036273771069074,-0.065221433016789,168.25085984452514,-10.543686474787123,153.13360044357842,0.07494531074526252,0.06495574423854776,0.41116571238237537,-1.5541579176330567,-0.11934693246841431,-9.731433155002595
2026-09-11T16:30:53.688,21.819445952000024,-1200.2357177734375,-108021.21459960938,-432084.8583984375,-822.1614666748047,-58.31488952636719,-6.180569648742676,-4.233690209388733,-9.470495278697049,-1.5884858476400534,0.0,0.03949165716767311,323.5156555175781,14.21699658036232,-0.061035171151161194,-21.97266161441803,-1972.9494343336257,1,1789158653.0624208,38.99069422833333,-76.93767837,-6.527999999999999,0,1,9.653449000000002,11.819844000000002,89.26470400000001,1,1,1789158653.6811545,0.24500836371872586,0.9596538452054308,0.12095672578263256,-0.06636919148406602,168.27571732653783,-10.757563084619155,152.46336468748433,-0.017144892841115898,0.07386722086630562,0.37974646972089865,-4.953142863693237,1.497671612701416,-10.224217325630189
2026-09-11T16:30:53.721,21.852865375999954,-1200.4451904296875,-108040.06713867188,-432160.2685546875,-822.304955444336,-58.45837829589844,-6.234119892120361,-4.270372126102448,-9.552550389456073,-1.097622649444546,0.0,0.03744125738739967,306.7187805175781,13.478852659463882,-0.061035171151161194,-21.97266161441803,0.0,1,1789158653.0624208,38.99069422833333,-76.93767837,-6.527999999999999,0,1,9.653449000000002,11.819844000000002,89.26470400000001,1,1,1789158653.7091544,0.2494234215804044,0.9581160979125435,0.12326555527179742,-0.06787564048685538,168.10237142744347,-11.04361156805987,151.97077255977393,-0.08395941273303763,0.0566964971522602,0.33443580247694865,-0.014121576232910157,2.26308065782547,-3.7836017654037475
2026-09-11T16:30:53.754,21.886286720000044,-1200.6534423828125,-108058.80981445312,-432235.2392578125,-822.4476080322266,-58.601030883789065,-6.2869648933410645,-4.306570951938629,-9.633524856698784,-1.08310503120654,0.0,0.03597450628876686,294.7031555175781,12.95082226395607,-0.0457763709127903,-16.479493528604507,164.36107673583746,1,1789158653.0624208,38.99069422833333,-76.93767837,-6.527999999999999,0,1,9.653449000000002,11.819844000000002,89.26470400000001,1,1,1789158653.7491543,0.25546923811918476,0.9562762949793012,0.12467559215365687,-0.06875400174970586,168.03539904326038,-11.256243764463372,151.26878999624068,-0.0010264281330978652,0.06379178416039274,0.32553706675273036,-1.978883936138153,-0.15514120555877686,-8.535217968273162
2026-09-11T16:30:53.787,21.91968784000005,-1200.862060546875,-108077.58544921875,-432310.341796875,-822.5905114746095,-58.74393432617188,-6.261610984802246,-4.289203524589539,-9.594675028161985,0.5199654187969281,0.0,0.0355987586081028,291.6250305175781,12.815553098917007,-0.01525880303233862,-5.493169091641903,328.92083968920997,1,1789158653.0624208,38.99069422833333,-76.93767837,-6.527999999999999,0,1,9.653449000000002,11.819844000000002,89.26470400000001,1,1,1789158653.7811544,0.26061511010864263,0.9545899381921813,0.12617673552219522,-0.07012307536231908,167.9630699417796,-11.516182362649078,150.67753931411613,-0.032906612250026286,0.008225038632948477,0.32791019093666707,2.764690813598633,0.9301607678413392,-7.870523220310211
2026-09-11T16:30:53.820,21.95309404799991,-1201.071044921875,-108096.39404296875,-432385.576171875,-822.7336657714844,-58.88708862304688,-6.211045265197754,-4.254566006660462,-9.517193107239748,1.0368587158776423,0.0,0.0362854041159153,297.2500305175781,13.062745481729507,0.0,0.0,164.435577113837,1,1789158653.0624208,38.99069422833333,-76.93767837,-6.527999999999999,0,1,9.653449000000002,11.819844000000002,89.26470400000001,1,1,1789158653.8091543,0.26528547258675506,0.9532688884297658,0.12472004895223641,-0.07312286766568087,168.26825171052965,-11.863708111402953,150.12044384195698,0.039460847190040595,0.09751032357844679,0.33847466889898875,-0.6842099817848205,-1.7887329895019533,-1.940245734500885
2026-09-11T16:30:53.854,21.98650051200002,-1201.27685546875,-108114.9169921875,-432459.66796875,-822.8746459960938,-59.02806884765626,-6.1599884033203125,-4.219592056274414,-9.438958608344688,1.0469216492333362,0.0,0.03350258246064186,274.4531555175781,12.06092968583107,-0.2136230766773224,-76.90430760383606,-2302.078651712002,1,1789158653.0624208,38.99069422833333,-76.93767837,-6.527999999999999,0,1,9.653449000000002,11.819844000000002,89.26470400000001,1,1,1789158653.8491545,0.27146647487487835,0.9514012433043387,0.12460144362840944,-0.07494069324260241,168.41072679016307,-12.136860680483219,149.38582087744524,0.034450006907564876,0.016723395826759267,0.37073760372087955,4.498212362689972,-0.895347159767151,-12.219968700046538
2026-09-11T16:30:53.889,22.019908991999955,-1201.481689453125,-108133.35205078125,-432533.408203125,-823.0149572753907,-59.16838012695313,-6.109162330627441,-4.184776196479798,-9.361077748031034,1.0421264240301915,0.0,0.026319507509469986,215.60940551757812,9.475022703409195,-0.18310552835464478,-65.91799020767212,328.8481665788284,1,1789158653.0624208,38.99069422833333,-76.93767837,-6.527999999999999,0,1,9.653449000000002,11.819844000000002,89.26470400000001,1,1,1789158653.8811543,0.27625941616292377,0.9501452426607876,0.12388926997091623,-0.07453993303234831,168.54049632079338,-12.128135223195722,148.79732782281977,-0.1565719164000845,-0.0980009356311824,0.32267280691728245,0.23996872945785522,-2.0422348961830137,-1.7295008225250244
2026-09-11T16:30:53.921,22.053331007999986,-1201.68017578125,-108151.2158203125,-432604.86328125,-823.1509204101563,-59.304343261718756,-5.981042861938477,-4.097014360427857,-9.16476011190912,2.6258690095731696,0.0,0.018421176820993423,150.90628051757812,6.6316236555576324,-0.3509522080421448,-126.34279489517212,-1807.9341679282093,1,1789158653.0624208,38.99069422833333,-76.93767837,-6.527999999999999,0,1,9.653449000000002,11.819844000000002,89.26470400000001,1,1,1789158653.9091544,0.27998640900369565,0.9487724731885528,0.1253121494696489,-0.07573156599588088,168.4627039500628,-12.349560668137737,148.36933268582953,-0.2537162444343881,-0.05986950573238589,0.2655307272069881,3.769872455177307,2.2211081951332092,-4.2837409236526485
2026-09-11T16:30:53.954,22.086738976000106,-1201.873046875,-108168.57421875,-432674.296875,-823.2830371093751,-59.436459960937505,-5.851171493530273,-4.008052473068237,-8.96575803746473,2.662894293939141,0.0,0.008563999086618423,70.15628051757812,3.0830396711826324,-0.061035215854644775,-21.97267770767212,3124.1085116917743,1,1789158653.0624208,38.99069422833333,-76.93767837,-6.527999999999999,0,1,9.653449000000002,11.819844000000002,89.26470400000001,1,1,1789158653.9491544,0.2844262389835447,0.947600949469627,0.12479284448635801,-0.07470542889871021,168.54788087585263,-12.273038041170226,147.82064901393252,-0.014484138396450541,-0.07794012120875957,0.20564080112235386,-1.0434275772094725,-2.197964500751495,-7.020776983795166
2026-09-11T16:30:53.988,22.120140543999923,-1202.063232421875,-108185.69091796875,-432742.763671875,-823.4133142089844,-59.56673706054688,-5.720523834228516,-3.9185588264465334,-8.765566451428349,2.679324713803645,0.0,0.001066211611032486,8.734405517578125,0.38383617997169495,-0.2899170517921448,-104.37013864517212,-2466.8740383071363,1,1789158653.0624208,38.99069422833333,-76.93767837,-6.527999999999999,0,1,9.653449000000002,11.819844000000002,89.26470400000001,1,1,1789158653.9811544,0.2863962143773515,0.9467949228140037,0.1251623936637117,-0.07675257478623825,168.59420526471263,-12.534648352647569,147.5966242539866,-0.03527834017056138,0.006226287573564571,0.11412236739892882,1.5852449986457824,0.7069614101600648,-11.550762893009187
2026-09-11T16:30:54.021,22.153547648000085,-1202.2506103515625,-108202.55493164062,-432810.2197265625,-823.5416680908204,-59.69509094238282,-5.617891311645508,-3.848255548477173,-8.608302497488298,2.1044409586960895,0.0,-0.008220672607421875,-67.34375,-2.959442138671875,-0.22888189554214478,-82.39748239517212,657.7240652136022,1,1789158653.0624208,38.99069422833333,-76.93767837,-6.527999999999999,0,1,9.653449000000002,11.819844000000002,89.26470400000001,1,1,1789158654.0091543,0.28776573752556767,0.9463733736029964,0.12464565695917366,-0.07766452370848281,168.6986113788057,-12.634848458222415,147.4290795392477,0.07980168938893674,0.020622635908639796,0.08859954508238975,-7.516012816963196,-1.066669338092804,-11.502612240715028
2026-09-11T16:30:54.056,22.186958303999972,-1202.43798828125,-108219.4189453125,-432877.67578125,-823.6700219726563,-59.823444824218754,-5.593444347381592,-3.8315093779563907,-8.570842380897428,0.5012224399556485,0.0,-0.0118865966796875,-97.375,-4.2791748046875,-0.10681158304214478,-38.45216989517212,1315.308280691894,1,1789158654.0431929,38.99067504833333,-76.93767767666667,-6.523999999999997,0,1,7.333264000000001,8.749764,51.581124,1,1,1789158654.0491543,0.28898552343315953,0.9463132782504452,0.12204210235673936,-0.07800174296325259,169.0188628176262,-12.601275791354947,147.25284414114302,0.07289123274859038,0.016797746852894226,0.06054721708093529,-3.914520545063019,-0.9698777009963989,-14.49981872964859
2026-09-11T16:30:54.089,22.22036755199997,-1202.622314453125,-108236.00830078125,-432944.033203125,-823.7962854003907,-59.949708251953126,-5.516024589538574,-3.7784768438339236,-8.452211980659268,1.5873609044558592,0.0,-0.01186370849609375,-97.1875,-4.27093505859375,0.1525879055261612,54.93164598941803,2795.148693098253,1,1789158654.0431929,38.99067504833333,-76.93767767666667,-6.523999999999997,0,1,7.333264000000001,8.749764,51.581124,1,1,1789158654.0811543,0.28996765302799576,0.945942636215572,0.1213573284256985,-0.0798979851081812,169.168102910258,-12.799337416814826,147.13389732219645,-0.04174059625899559,0.10314250107463249,0.06168360095690879,-0.5614307217597961,-1.5891676587104797,-7.336649185504913
2026-09-11T16:30:54.122,22.253788127999997,-1202.8079833984375,-108252.71850585938,-433010.8740234375,-823.9234686279298,-60.07689147949219,-5.542655944824219,-3.79671932220459,-8.49301924258363,-0.5458457200334418,0.0,-0.0072460174560546875,-59.359375,-2.6085662841796875,0.3356933891773224,120.84962010383606,1972.3769606594135,1,1789158654.0431929,38.99067504833333,-76.93767767666667,-6.523999999999997,0,1,7.333264000000001,8.749764,51.581124,1,1,1789158654.1091545,0.2908753694880677,0.9453999017820445,0.12395791646146913,-0.07902518637885107,168.85998149840987,-12.799113890037003,147.04978137869625,-0.08185960710996325,0.09965550776207302,0.09927816757779186,-0.14808041744232178,2.1796260649490358,-8.219836099071502
2026-09-11T16:30:54.155,22.28719535999994,-1202.9927978515625,-108269.35180664062,-433077.4072265625,-824.0500665283204,-60.20348937988282,-5.569860458374023,-3.8153544139862063,-8.534704755695692,-0.5578160974739526,0.0,0.006155014503747225,50.421878814697266,2.215805221349001,0.13732916116714478,49.43849802017212,-2137.5947005660782,1,1789158654.0431929,38.99067504833333,-76.93767767666667,-6.523999999999997,0,1,7.333264000000001,8.749764,51.581124,1,1,1789158654.1491544,0.2933884439463502,0.9444177649138925,0.12463495069756396,-0.08040171228526716,168.86095498933273,-13.002791093437601,146.75799520420358,-0.041960333211821674,0.00984313338247242,0.14316359895456326,-3.876176542930603,0.4488503779029846,-7.87130775232315
2026-09-11T16:30:54.188,22.320597760000055,-1203.1783447265625,-108286.05102539062,-433144.2041015625,-824.1771661376954,-60.33058898925782,-5.597621440887451,-3.834370687007904,-8.577242946957544,-0.5693085832644704,0.0,0.008399964310228825,68.81250762939453,3.023987151682377,0.1678466945886612,60.42481005191803,328.90786385734367,1,1789158654.0431929,38.99067504833333,-76.93767767666667,-6.523999999999997,0,1,7.333264000000001,8.749764,51.581124,1,1,1789158654.1811545,0.29640715542522217,0.9437751956150893,0.12398915711205119,-0.07783230224701745,168.8935015188859,-12.73340553560387,146.37170341359678,-0.07883146085775308,-0.02471857459722009,0.2238592459863715,-2.090581681480408,0.12032759748458861,-9.143328344802857
2026-09-11T16:30:54.223,22.354020479999917,-1203.36767578125,-108303.0908203125,-433212.36328125,-824.3068579101563,-60.46028076171876,-5.6253767013549805,-3.8533830404281617,-8.619772370320682,-0.568845187355664,0.0,0.017360689118504524,142.21876525878906,6.249848082661629,0.21362310647964478,76.90431833267212,493.0630505483101,1,1789158654.0431929,38.99067504833333,-76.93767767666667,-6.523999999999997,0,1,7.333264000000001,8.749764,51.581124,1,1,1789158654.2091544,0.2996066144063978,0.9425804995539881,0.1252920204160889,-0.07797299586744584,168.79468985154122,-12.830542538240044,145.99734647164084,-0.11043029789926002,0.08046526357054497,0.2794434448063357,-0.2794895296096802,1.1449264063835145,-7.291538594760895
2026-09-11T16:30:54.256,22.387460319999946,-1203.556884765625,-108320.11962890625,-433280.478515625,-824.4364660644532,-60.58988891601563,-5.652501583099365,-3.8719635844230655,-8.661335863508995,-0.5556409359281672,0.0,0.02279091067612171,186.70314025878906,8.204727843403816,-0.0610351637005806,-21.972658932209015,-2956.861553906889,1,1789158654.0431929,38.99067504833333,-76.93767767666667,-6.523999999999997,0,1,7.333264000000001,8.749764,51.581124,1,1,1789158654.2491543,0.30489189719444854,0.9409545504002708,0.12589653432989864,-0.07612836363613033,168.73832166360205,-12.711166647952075,145.35122178531515,-0.05048609207488878,-0.013831036190354265,0.31020277847763333,-2.640636689052582,0.2891981132698059,-7.138260652732849
2026-09-11T16:30:54.289,22.42086876799999,-1203.7469482421875,-108337.22534179688,-433348.9013671875,-824.5666595458985,-60.72008239746094,-5.704743385314941,-3.9077492189407352,-8.741386048095766,-1.071155251438823,0.0,0.022533418610692024,184.59376525878906,8.112030699849129,-0.015258795581758022,-5.493166409432888,493.2732140910475,1,1789158654.0431929,38.99067504833333,-76.93767767666667,-6.523999999999997,0,1,7.333264000000001,8.749764,51.581124,1,1,1789158654.2811544,0.30933608961845094,0.9393143903035744,0.12764042298282446,-0.07554854233508106,168.58355054109725,-12.761620447945697,144.82526175801112,-0.06305874587455512,-0.012011355912224976,0.3204532717075213,1.2272042012405395,1.6483998256874084,-7.813056250362396
2026-09-11T16:30:54.322,22.454277759999968,-1203.936279296875,-108354.26513671875,-433417.060546875,-824.6963513183595,-60.84977416992188,-5.730844974517822,-3.9256288075447086,-8.781381548730996,-0.5351729439782458,0.0,0.02252388186752796,184.51564025878906,8.108597472310066,-0.030517585575580597,-10.986330807209015,-164.4217340583014,1,1789158654.0431929,38.99067504833333,-76.93767767666667,-6.523999999999997,0,1,7.333264000000001,8.749764,51.581124,1,1,1789158654.3091543,0.3132863994130731,0.9382763549909043,0.12678755580616158,-0.07358008766286321,168.6661280140261,-12.563326977477887,144.3237526774564,0.024154833248825922,-0.012896063310060902,0.313822067747494,-1.930439084339142,1.0828503108596803,-7.936718108901978
2026-09-11T16:30:54.356,22.487683840000045,-1204.128662109375,-108371.57958984375,-433486.318359375,-824.8281335449219,-60.98155639648438,-5.731534004211426,-3.926100792884827,-8.782437349867624,-0.014128725672614337,0.0,0.02290535159409046,187.64064025878906,8.245926573872566,-0.0305175818502903,-10.986329466104507,4.0145521636875557e-05,1,1789158654.0431929,38.99067504833333,-76.93767767666667,-6.523999999999997,0,1,7.333264000000001,8.749764,51.581124,1,1,1789158654.3491545,0.3190716649871009,0.9361465110228416,0.12771999533816406,-0.07423331659665625,168.66201866275276,-12.737825469210001,143.62779143641606,-0.027610585167774697,0.06919776698551998,0.318554004415501,0.9468320731163025,-0.052563644866943364,-3.9106959514999393
2026-09-11T16:30:54.390,22.521095488000128,-1204.3231201171875,-108389.08081054688,-433556.3232421875,-824.9613372802735,-61.11476013183594,-5.784405708312988,-3.9623179101943973,-8.863452733970993,-1.083966804315676,0.0,0.02420044131577015,198.25001525878906,8.712158873677254,0.0,0.0,328.8173473537496,1,1789158654.0431929,38.99067504833333,-76.93767767666667,-6.523999999999997,0,1,7.333264000000001,8.749764,51.581124,1,1,1789158654.3811543,0.32380811476381127,0.9342319874768847,0.1298070364351295,-0.07422285146789746,168.49323361755532,-12.870479930290145,143.06918638941562,-0.0699952079207562,-0.06305612788067713,0.3341287990615228,0.4331597376441956,2.0105594161605835,-9.899715271778106
2026-09-11T16:30:54.422,22.554517056000122,-1204.5205078125,-108406.845703125,-433627.3828125,-825.0965478515626,-61.24997070312501,-5.863156795501709,-4.016262404918671,-8.98412313197626,-1.6140623541146601,0.0,0.026044847443699837,213.35939025878906,9.376145079731941,-0.1220703274011612,-43.94531786441803,-1314.878998628237,1,1789158654.0431929,38.99067504833333,-76.93767767666667,-6.523999999999997,0,1,7.333264000000001,8.749764,51.581124,1,1,1789158654.4091544,0.32811188847774636,0.9330325780068665,0.12877863287388666,-0.07217243748523683,168.5941814175257,-12.661231576918105,142.51987883882416,0.004228060112956263,-0.025969103006274027,0.33916180502549886,-3.6608225053787233,1.4826674379539488,-17.573222890338897
2026-09-11T16:30:54.456,22.58794054400005,-1204.717041015625,-108424.53369140625,-433698.134765625,-825.2311730957032,-61.38459594726563,-5.916436195373535,-4.052758793830872,-9.065763228862892,-1.0919383671830358,0.0,0.02819824405014515,231.00001525878906,10.151367858052254,0.015258789993822575,5.493164397776127,1479.1538890945174,1,1789158654.0431929,38.99067504833333,-76.93767767666667,-6.523999999999997,0,1,7.333264000000001,8.749764,51.581124,1,1,1789158654.4491544,0.33459622188989707,0.9311289619807062,0.12737228290430477,-0.06943000796114719,168.7386339507514,-12.388139793972817,141.69484113395333,0.07479102363938621,-0.016474511875424876,0.37492656845859107,-2.024779058895111,3.119103150444031,-18.299013068809508
2026-09-11T16:30:54.489,22.621343776000003,-1204.9130859375,-108442.177734375,-433768.7109375,-825.3654638671876,-61.518886718750004,-5.8913421630859375,-4.035569381713867,-9.027311609059286,0.5146032610565274,0.0,0.02970886416733265,243.37501525878906,10.695191100239754,-0.015258789993822575,-5.493164397776127,-328.9001733594828,1,1789158654.0431929,38.99067504833333,-76.93767767666667,-6.523999999999997,0,1,7.333264000000001,8.749764,51.581124,1,1,1789158654.4811544,0.340390275108718,0.9291548092935221,0.12615433756239391,-0.0699348560613632,168.96937384337454,-12.465049685357442,140.96832633585913,0.010796083154061324,-0.0207147892931451,0.37988469979765654,-2.040175499649048,0.4428683213043213,-9.041927582130432
2026-09-11T16:30:54.522,22.654753152000012,-1205.1085205078125,-108459.76684570312,-433839.0673828125,-825.4993365478516,-61.652759399414066,-5.866703510284424,-4.018691904544831,-8.989557767861548,0.5051718765723838,0.0,0.0320129431784153,262.2500305175781,11.524659544229507,0.0,0.0,164.4198442309936,1,1789158654.0431929,38.99067504833333,-76.93767767666667,-6.523999999999997,0,1,7.333264000000001,8.749764,51.581124,1,1,1789158654.5131543,0.3458059198005975,0.9276811145829813,0.1222799723097249,-0.06981134470036438,169.46532001833376,-12.362474074782961,140.25686286972157,0.19300898066104494,0.009740333489529955,0.3549645396718311,-3.186867103061676,0.2336924733543396,-8.979557287101747
2026-09-11T16:30:54.557,22.688177312000107,-1205.308837890625,-108477.79541015625,-433911.181640625,-825.6365539550782,-61.78997680664063,-5.920015811920166,-4.055210831165314,-9.07124828016578,-1.0925907074517245,0.0,0.03482437506318092,285.2812805175781,12.536775022745132,0.030517593026161194,10.98633348941803,328.6943782397757,1,1789158654.0431929,38.99067504833333,-76.93767767666667,-6.523999999999997,0,1,7.333264000000001,8.749764,51.581124,1,1,1789158654.5491543,0.3520206861243947,0.925522197205316,0.12169380364481618,-0.06841576700740262,169.55888389982903,-12.258233195098805,139.47583490478357,0.006715328829973382,-0.01440751844228799,0.3684890960455352,0.4686598112297058,0.9652685754203797,-7.902394833335876
2026-09-11T16:30:54.590,22.721590207999952,-1205.5047607421875,-108495.42846679688,-433981.7138671875,-825.7707611083985,-61.92418395996094,-5.9213948249816895,-4.0561554551124575,-9.073361343755487,-0.0282712383610124,0.0,0.03709602728486061,303.8906555175781,13.35456982254982,0.1373291164636612,49.43848192691803,1150.8175896419796,1,1789158654.0431929,38.99067504833333,-76.93767767666667,-6.523999999999997,0,1,7.333264000000001,8.749764,51.581124,1,1,1789158654.5811543,0.3575327264163944,0.9237500259491866,0.12038882333276615,-0.06605127036392783,169.68212788205196,-12.01194522257683,138.77110113707974,0.05548942744158092,-0.04770874963619019,0.3686974883582233,-4.072897945175171,-1.4617792731094361,-10.29100061323166
2026-09-11T16:30:54.622,22.75500025600013,-1205.701416015625,-108513.12744140625,-434052.509765625,-825.9054699707032,-62.058892822265626,-5.895611763000488,-4.038494057655335,-9.033853922815252,0.5286253242446286,0.0,0.037778858095407486,309.4844055175781,13.600388914346695,0.045776382088661194,16.47949755191803,-986.4991626119306,1,1789158654.0431929,38.99067504833333,-76.93767767666667,-6.523999999999997,0,1,7.333264000000001,8.749764,51.581124,1,1,1789158654.6091545,0.3625812955815464,0.9218380478826875,0.11972758980448046,-0.06644337295662617,169.83602201389033,-12.082624304567895,138.13664598510553,0.047912953158673534,0.015939742992613814,0.3890611174058672,-1.1514968619918824,-0.7125512007522583,-10.811635670318603
2026-09-11T16:30:54.656,22.788408480000044,-1205.896484375,-108530.68359375,-434122.734375,-826.039091796875,-62.1925146484375,-5.86940860748291,-4.020544896125794,-8.993702791977876,0.5372677556755833,0.0,0.0376281775534153,308.2500305175781,13.546143919229507,0.015258789993822575,5.493164397776127,-328.85115815107036,1,1789158654.0431929,38.99067504833333,-76.93767767666667,-6.523999999999997,0,1,7.333264000000001,8.749764,51.581124,1,1,1789158654.6491544,0.3697945019391786,0.9188135636972328,0.12009981661050058,-0.06789473876280909,169.94976225664007,-12.33280227751497,137.24203269757564,-0.004129798076068982,0.014882771597606047,0.37589365539712116,1.0596085499763488,0.6948992304611207,-11.348549766674042
2026-09-11T16:30:54.690,22.821814143999973,-1206.09130859375,-108548.2177734375,-434192.87109375,-826.1725463867189,-62.32596923828125,-5.870092868804932,-4.021013615131379,-8.994751286532244,-0.014031123751515195,0.0,0.038084033876657486,311.9844055175781,13.710252195596695,0.061035171151161194,21.97266161441803,493.3144635794982,1,1789158654.0431929,38.99067504833333,-76.93767767666667,-6.523999999999997,0,1,7.333264000000001,8.749764,51.581124,1,1,1789158654.6811545,0.37495715363198123,0.9168784740272352,0.12001663536762439,-0.0658559339826421,169.94359767204278,-12.167243721446948,136.59035796689759,-0.022314383552597905,0.018989182261698306,0.3664892977886001,-0.01725970428466797,0.2476179165840149,-9.203737309799195
2026-09-11T16:30:54.724,22.85523856000009,-1206.2891845703125,-108566.02661132812,-434264.1064453125,-826.3080914306641,-62.46151428222657,-5.870586395263672,-4.0213516807556156,-8.995507517796195,-0.010114331518483587,0.0,0.03849983587861061,315.3906555175781,13.85994091629982,0.0610351637005806,21.972658932209015,-8.024699713177484e-05,1,1789158654.0431929,38.99067504833333,-76.93767767666667,-6.523999999999997,0,1,7.333264000000001,8.749764,51.581124,1,1,1789158654.7211545,0.38166042722203886,0.9147448313701874,0.11686221630489689,-0.06261337057311141,170.2376953379166,-11.756562151912664,135.71263217805264,-0.026835309914038815,-0.14741260301854348,0.34761583085630904,-3.519508676548004,-2.7921494340515136,-8.283873524627685
2026-09-11T16:30:54.756,22.888646784000002,-1206.483154296875,-108583.48388671875,-434333.935546875,-826.4409606933594,-62.59438354492188,-5.871653079986572,-4.022082359790803,-8.997142000247848,-0.021871232520141795,0.0,0.038091663271188736,312.0469055175781,13.712998777627945,0.0762939527630806,27.465822994709015,164.42550380751283,1,1789158654.0431929,38.99067504833333,-76.93767767666667,-6.523999999999997,0,1,7.333264000000001,8.749764,51.581124,1,1,1789158654.7491543,0.3863488341411422,0.9129106176940669,0.11687342607622243,-0.060575446646500726,170.20922820959447,-11.590047416094789,135.1193496451555,-0.019108388249609518,-0.17904634664509028,0.39253851140754065,0.9365350904464722,1.8462980259513855,-11.020517318763734
2026-09-11T16:30:54.790,22.92204582399995,-1206.677734375,-108600.99609375,-434403.984375,-826.574248046875,-62.7276708984375,-5.8727545738220215,-4.022836883068085,-8.998829820750002,-0.02259116661088709,0.0,0.03706550970673561,303.6406555175781,13.34358349442482,-0.0915527492761612,-32.95898973941803,-1809.1781300965163,1,1789158654.0431929,38.99067504833333,-76.93767767666667,-6.523999999999997,0,1,7.333264000000001,8.749764,51.581124,1,1,1789158654.7811544,0.3916397872730807,0.9105428724501288,0.11728797233888559,-0.06142870664109476,170.26911616803315,-11.755528281030974,134.45745667535948,-0.005292710956672804,0.043680180656736886,0.383752349420076,0.6636160164451599,1.8094250213432312,-9.203148910789489
2026-09-11T16:30:54.824,22.95546995199993,-1206.8748779296875,-108618.73901367188,-434474.9560546875,-826.709291381836,-62.86271423339844,-5.848423004150391,-4.0061697578430175,-8.961546523449833,0.4986554989580652,0.0,0.03885841742157936,318.3281555175781,13.98903027176857,0.0915527492761612,32.95898973941803,1972.167515600646,1,1789158654.0431929,38.99067504833333,-76.93767767666667,-6.523999999999997,0,1,7.333264000000001,8.749764,51.581124,1,1,1789158654.8211544,0.39837014086097355,0.9077036962340713,0.11674487419494159,-0.06120347263530065,170.40481886106056,-11.778257637130238,133.60090381098652,-0.06942047099807445,-0.02788285653108581,0.34892151166972596,-2.9484674376296995,-0.19829046627044677,-5.97097508398056
2026-09-11T16:30:54.857,22.98889420799992,-1207.0694580078125,-108636.25122070312,-434545.0048828125,-826.8425787353516,-62.99600158691407,-5.824066162109375,-3.9894853210449224,-8.924224501263685,0.4991715237610823,0.0,0.03828621283173561,313.6406555175781,13.78303661942482,-0.030517607927322388,-10.98633885383606,-1314.773576209688,1,1789158654.0431929,38.99067504833333,-76.93767767666667,-6.523999999999997,0,1,7.333264000000001,8.749764,51.581124,1,1,1789158654.8491545,0.4031522239446671,0.9056831511696289,0.1162531264581898,-0.060757918040500056,170.49978607754664,-11.758691084351526,132.98937307276205,-0.1311206525828772,-0.06114603954729454,0.38383525255954576,-2.448230212879181,3.646112530136109,-8.006443391551972
2026-09-11T16:30:54.890,23.022303903999955,-1207.267333984375,-108654.06005859375,-434616.240234375,-826.978123779297,-63.13154663085938,-5.903357982635498,-4.043800218105316,-9.045723465697279,-1.6257225764741026,0.0,0.04222298040986061,345.8906555175781,15.20027294754982,0.2288818657398224,82.39747166633606,2795.1110515963323,1,1789158654.0431929,38.99067504833333,-76.93767767666667,-6.523999999999997,0,1,7.333264000000001,8.749764,51.581124,1,1,1789158654.8811543,0.40908587016875975,0.9031186481680245,0.11581205857938554,-0.06010844572132766,170.5946196842993,-11.731420969265953,132.2301924988528,-0.023676787566704674,-0.09045151395168093,0.41899246688001873,-2.0449807582283017,2.396156900520325,-10.389067114849091
2026-09-11T16:30:54.923,23.0557121920001,-1207.4688720703125,-108672.19848632812,-434688.7939453125,-827.1161773681641,-63.26960021972657,-6.034312725067139,-4.13350421667099,-9.24638559563123,-2.6850821737792017,0.0,0.0473022498190403,387.5000305175781,17.028809934854507,0.2593994438648224,93.38379979133606,328.850377635393,1,1789158654.0431929,38.99067504833333,-76.93767767666667,-6.523999999999997,0,1,7.333264000000001,8.749764,51.581124,1,1,1789158654.9211543,0.41703006593113584,0.8996616118194568,0.11589593174463673,-0.05712303679718098,170.5498762412136,-11.504621964748605,131.21478893049556,-0.025447598625778122,-0.09274941444485665,0.4612933138289045,0.21545210405349732,1.0965796210861207,-9.807434693756104
2026-09-11T16:30:54.956,23.089122079999925,-1207.6722412109375,-108690.50170898438,-434762.0068359375,-827.2554852294923,-63.40890808105469,-6.086172103881836,-4.169027891159058,-9.325849792320717,-1.0632682901617612,0.0,0.05435371771454811,445.2656555175781,19.56733837723732,0.2441406548023224,87.89063572883606,-164.4173144947085,1,1789158654.0431929,38.99067504833333,-76.93767767666667,-6.523999999999997,0,1,7.333264000000001,8.749764,51.581124,1,1,1789158654.9491544,0.4229478057239208,0.8971565646438919,0.11503364872635911,-0.054703855534975664,170.60254446269627,-11.271731413129292,130.4481053451385,0.027856502059380697,-0.1215799847597754,0.4930698253882645,-1.8337455137443541,1.7986377061653136,-8.298779632873535
2026-09-11T16:30:54.991,23.122521823999932,-1207.881103515625,-108709.29931640625,-434837.197265625,-827.3985559082032,-63.55197875976563,-6.2170209884643555,-4.258659377098084,-9.526349716128488,-2.683597992218306,0.0,0.05949020758271217,487.3437805175781,21.416474729776382,0.04577639698982239,16.47950291633606,-2138.074256272259,1,1789158654.0431929,38.99067504833333,-76.93767767666667,-6.523999999999997,0,1,7.333264000000001,8.749764,51.581124,1,1,1789158654.9811544,0.4299102219854063,0.8937311288163818,0.11649060070402623,-0.053402344187026364,170.4735121459085,-11.280691832761764,129.56523656611031,-0.04339167773138222,-0.07697547773118232,0.5123014338830647,-1.0491154343032838,2.177664734916687,-9.208542568378448
2026-09-11T16:30:55.025,23.155944767999927,-1208.0950927734375,-108728.55834960938,-434914.2333984375,-827.5451385498047,-63.69856140136719,-6.3738274574279785,-4.366071808338166,-9.766624481787225,-3.2137333934467214,0.0,0.06096077337861061,499.3906555175781,21.94587841629982,0.01525880303233862,5.493169091641903,-328.7063468943962,1,1789158654.0431929,38.99067504833333,-76.93767767666667,-6.523999999999997,0,1,7.333264000000001,8.749764,51.581124,1,1,1789158655.0211544,0.43903818590112137,0.8889627755264312,0.11912018550681153,-0.05292481888319827,170.28904019402955,-11.460540106090956,128.40937538489675,0.006996850438320068,0.04436784038202265,0.5382984621573708,-0.7145125307846069,1.916611707611084,-9.124009243984222
2026-09-11T16:30:55.058,23.189366719999953,-1208.3125,-108748.125,-434992.5,-827.6940625000001,-63.847485351562504,-6.478266716003418,-4.437612700462342,-9.926656899745744,-2.140536020281527,0.0,0.060781482607126236,497.9219055175781,21.881333738565445,0.0915527418255806,32.958987057209015,821.7897615778304,1,1789158655.040099,38.990656455,-76.93768384833334,-6.551999999999996,0,1,7.333264000000001,8.749764,51.581124,1,1,1789158655.0491543,0.44539259002209663,0.8855040349882607,0.12114590820061848,-0.053213848753543506,170.17309996562503,-11.663130849797259,127.60294610133438,0.013531363157786839,0.07135010701907939,0.5210341887954184,-0.4039359201622009,0.8818139825439453,-11.325896404800414
2026-09-11T16:30:55.090,23.22277718400005,-1208.5322265625,-108767.900390625,-435071.6015625,-827.8445751953126,-63.997998046875004,-6.583665370941162,-4.509810779094696,-10.088159402055053,-2.160942111792905,0.0,0.0603332556784153,494.2500305175781,21.719972044229507,0.0457763746380806,16.479494869709015,-493.2434397634018,1,1789158655.040099,38.990656455,-76.93768384833334,-6.551999999999996,0,1,7.333264000000001,8.749764,51.581124,1,1,1789158655.0811543,0.4523623364127312,0.8815059485640595,0.12393009771102123,-0.054377478083569596,170.03313123093616,-12.00463145760951,126.7195278325241,0.03044971226199387,0.05384707261545425,0.5142373530893769,-0.6413549205780029,1.0197935503196716,-12.536723500270842
2026-09-11T16:30:55.124,23.25618556800009,-1208.7528076171875,-108787.75268554688,-435151.0107421875,-827.9956732177735,-64.14909606933594,-6.636669635772705,-4.546118700504303,-10.169377909145263,-1.0867907112646733,0.0,0.06011581793427467,492.4687805175781,21.641694456338882,0.1525879055261612,54.93164598941803,1150.9730946478169,1,1789158655.040099,38.990656455,-76.93768384833334,-6.551999999999996,0,1,7.333264000000001,8.749764,51.581124,1,1,1789158655.1211543,0.4611206271123009,0.8766498001708604,0.1259848697630113,-0.05459585792663945,169.95033285744728,-12.234385222239473,125.5907572444861,0.035357403585676725,-0.02430039370844225,0.5091769454561446,-0.4278641465568543,0.6584184918594361,-8.730860638999939
2026-09-11T16:30:55.157,23.28959382400012,-1208.975830078125,-108807.82470703125,-435231.298828125,-828.1484436035157,-64.30186645507813,-6.691174030303955,-4.58345421075821,-10.252895067014595,-1.1175534051784426,0.0,0.05979156866669655,489.8125305175781,21.524964720010757,0.0762939527630806,27.465822994709015,-822.1268118480826,1,1789158655.040099,38.990656455,-76.93768384833334,-6.551999999999996,0,1,7.333264000000001,8.749764,51.581124,1,1,1789158655.1491544,0.46748683204582686,0.8732028669521428,0.12695944049813052,-0.05342392234493099,169.8766378382735,-12.239792904368073,124.76168798767274,-0.061959013912873506,-0.09544245748068392,0.5086744651644953,-2.6043520834541316,1.1817013444900513,-11.877814675903322
2026-09-11T16:30:55.192,23.323004672000025,-1209.1973876953125,-108827.76489257812,-435311.0595703125,-828.3002105712891,-64.45363342285157,-6.588437557220459,-4.513079726696015,-10.095471829581268,2.106336363039902,0.0,0.06024551764130592,493.5312805175781,21.688386350870132,-0.0457763746380806,-16.479494869709015,-1315.3008826518096,1,1789158655.040099,38.990656455,-76.93768384833334,-6.551999999999996,0,1,7.333264000000001,8.749764,51.581124,1,1,1789158655.1811545,0.47507911742376524,0.869121097206982,0.12619302410225217,-0.05480575923674749,170.1370469739655,-12.425443770645723,123.75249149178723,-0.0037220891628031074,-0.04669837853221068,0.5420463821931033,-0.48268332096099853,-0.06462582456588746,-9.487051432971954
2026-09-11T16:30:55.224,23.356413343999975,-1209.4150390625,-108847.353515625,-435389.4140625,-828.4493017578126,-64.602724609375,-6.5103230476379395,-4.459571287631989,-9.975776860307766,1.6016332245743041,0.0,0.06058121100068092,496.2812805175781,21.809235960245132,-0.1220703274011612,-43.94531786441803,-822.1165748446914,1,1789158655.040099,38.990656455,-76.93768384833334,-6.551999999999996,0,1,7.333264000000001,8.749764,51.581124,1,1,1789158655.2211545,0.4842911563332478,0.8640279926420067,0.12534637981146576,-0.05662145261815579,170.45645099239664,-12.665181065981601,122.51992718029994,0.04771957067755256,0.017069843683280142,0.5386932556341718,0.6388051915359497,-1.013026961708069,-4.175769705371857
2026-09-11T16:30:55.257,23.389822976000005,-1209.6307373046875,-108866.76635742188,-435467.0654296875,-828.597055053711,-64.75047790527344,-6.4575042724609375,-4.423390426635742,-9.894842579267486,1.082947007504131,0.0,0.05051041021943092,413.7812805175781,18.183747678995132,-0.5493164658546448,-197.75392770767212,-4603.7205630734425,1,1789158655.040099,38.990656455,-76.93768384833334,-6.551999999999996,0,1,7.333264000000001,8.749764,51.581124,1,1,1789158655.2491543,0.49025108312634674,0.8603918082838016,0.12699902443175087,-0.05701806314631774,170.3971103739881,-12.864056185870487,121.73611766707025,0.020857731758883436,0.046599243830697405,0.4548900498691877,6.2879260172080995,-4.652765169239044,3.880001136493683
2026-09-11T16:30:55.291,23.423223391999954,-1209.840576171875,-108885.65185546875,-435542.607421875,-828.7407946777345,-64.89421752929688,-6.302224159240723,-4.317023549079895,-9.656906650590306,3.1845973881285783,0.0,0.03990364447236061,326.8906555175781,14.36531201004982,0.0762939527630806,27.465822994709015,6743.022323516026,1,1789158655.040099,38.990656455,-76.93768384833334,-6.551999999999996,0,1,7.333264000000001,8.749764,51.581124,1,1,1789158655.2811544,0.49611506335991556,0.8567992899689756,0.12770910312371406,-0.05878099689000453,170.51217221936668,-13.146627213254485,120.9512581971138,-0.08385853270227235,-0.002846108411227153,0.3975097327159961,4.753871732406616,-2.0683205856132507,-12.522111591529846
2026-09-11T16:30:55.324,23.456633151999995,-1210.041748046875,-108903.75732421875,-435615.029296875,-828.8785974121095,-65.03202026367188,-6.069692134857178,-4.157739112377167,-9.300597513370532,4.767601943340352,0.0,0.03689194098114967,302.2187805175781,13.281098753213882,-0.2288818508386612,-82.39746630191803,-3288.3591290836553,1,1789158655.040099,38.990656455,-76.93768384833334,-6.551999999999996,0,1,7.333264000000001,8.749764,51.581124,1,1,1789158655.3211544,0.5024222990283341,0.8532694787796756,0.1252458550201004,-0.06177787486169991,171.0318013219326,-13.372381808484556,120.07258041269917,0.10398130631314098,-0.09626625288762523,0.31652069583692766,0.8432738474082947,-0.8494520370101929,-12.896235295200349
2026-09-11T16:30:55.359,23.49005676799993,-1210.240234375,-108921.62109375,-435686.484375,-829.014560546875,-65.1679833984375,-5.914178848266602,-4.051212511062622,-9.062304292820816,3.1871656649821545,0.0,0.0336303748190403,275.5000305175781,12.106934934854507,0.0,0.0,2465.2469170922404,1,1789158655.040099,38.990656455,-76.93768384833334,-6.551999999999996,0,1,7.333264000000001,8.749764,51.581124,1,1,1789158655.3491545,0.5062201390357715,0.8511152838073447,0.12475921555188621,-0.06147424370437934,171.1237084147017,-13.353279051640131,119.55505725045447,0.02709728383476316,-0.15511369381004322,0.28285329456595704,-4.940688417987824,-1.680565638217926,-10.884891347026825
2026-09-11T16:30:55.391,23.52346851199991,-1210.4361572265625,-108939.25415039062,-435757.0166015625,-829.1487677001953,-65.30219055175782,-5.8633270263671875,-4.016379013061524,-8.984383976962956,1.042552522883024,0.0,0.032407764345407486,265.4844055175781,11.666795164346695,0.0915527492761612,32.95898973941803,986.4492478884209,1,1789158655.040099,38.990656455,-76.93768384833334,-6.551999999999996,0,1,7.333264000000001,8.749764,51.581124,1,1,1789158655.3811543,0.5102112873387921,0.8489668543743396,0.12343003111845127,-0.06086665642147393,171.28596726073977,-13.255765492209626,119.00450533571929,-0.013800143862593964,-0.058440430140852935,0.2849595579072638,5.753463583393097,0.0483467852973938,-9.426936667480469
2026-09-11T16:30:55.425,23.556891103999988,-1210.6265869140625,-108956.39282226562,-435825.5712890625,-829.2792120361329,-65.43263488769531,-5.734488487243652,-3.928124613761902,-8.78696450823617,2.640561189850662,0.0,0.028005603700876236,229.42190551757812,10.082017332315445,-0.015258789993822575,-5.493164397776127,-1150.4839043334293,1,1789158655.040099,38.990656455,-76.93768384833334,-6.551999999999996,0,1,7.333264000000001,8.749764,51.581124,1,1,1789158655.4211543,0.5152130082775859,0.8461063980891113,0.12145174923354717,-0.0625219307310828,171.66165679295548,-13.352858695962745,118.30142550945263,-0.0493411560855805,-0.12560261961977193,0.26733120886334544,-1.500417474746704,-2.2925986748123166,-8.090388316936492
2026-09-11T16:30:55.458,23.590297343999964,-1210.8148193359375,-108973.33374023438,-435893.3349609375,-829.4081512451172,-65.56157409667969,-5.684410095214844,-3.893820915222168,-8.710229320020947,1.0268649970711474,0.0,0.026302341371774673,215.46878051757812,9.468842893838882,0.0305175818502903,10.986329466104507,493.305857345579,1,1789158655.040099,38.990656455,-76.93768384833334,-6.551999999999996,0,1,7.333264000000001,8.749764,51.581124,1,1,1789158655.4491544,0.5185033916215385,0.843904496109441,0.12199675024300694,-0.06400177539238755,171.74722283779872,-13.564168799867078,117.84917692998002,0.06246917365323144,0.026087261796634044,0.2502114487634583,0.324207854347229,-0.5557428646659851,-12.500340828170776
2026-09-11T16:30:55.492,23.623696608000046,-1210.999755859375,-108989.97802734375,-435959.912109375,-829.534832763672,-65.68825561523438,-5.582118034362793,-3.8237508535385136,-8.553487056054289,2.097952268753091,0.0,0.02192116156220436,179.57815551757812,7.89161816239357,-0.2593994438648224,-93.38379979133606,-3124.9230299561627,1,1789158655.040099,38.990656455,-76.93768384833334,-6.551999999999996,0,1,7.333264000000001,8.749764,51.581124,1,1,1789158655.4811544,0.5222426926719869,0.8417354782429348,0.12132388041671499,-0.0634387157694839,171.84174102484465,-13.504295095156692,117.33363762419155,0.09946683766993243,-0.08546702814091031,0.23539115995307364,-6.528581212177277,-0.7601134540367126,-4.954613861217498
2026-09-11T16:30:55.526,23.657116352000003,-1211.1849365234375,-109006.64428710938,-436026.5771484375,-829.6616815185547,-65.8151043701172,-5.505715847015381,-3.7714153552055363,-8.4364158804705,1.5660053629688062,0.0,0.010726932436227798,87.87503051757812,3.8616956770420074,-0.3356933891773224,-120.84962010383606,-821.8441264102827,1,1789158655.040099,38.990656455,-76.93768384833334,-6.551999999999996,0,1,7.333264000000001,8.749764,51.581124,1,1,1789158655.5211544,0.5260784231515608,0.8396725818296799,0.11897894348815921,-0.06352526288248053,172.14345015906895,-13.406917785494485,116.78824734206859,0.11060640162078625,0.04011307673151087,0.2081914252912184,-1.5865198631668092,-0.8472945739746094,-7.924361729698181
2026-09-11T16:30:55.559,23.69053583999994,-1211.367919921875,-109023.11279296875,-436092.451171875,-829.7870251464844,-65.94044799804688,-5.479185581207275,-3.753242123126984,-8.395763518090058,0.543791457205665,0.0,0.004114154726266861,33.703155517578125,1.48109570145607,-0.3967285454273224,-142.82227635383606,-657.4803375216926,1,1789158655.040099,38.990656455,-76.93768384833334,-6.551999999999996,0,1,7.333264000000001,8.749764,51.581124,1,1,1789158655.5491543,0.527941829051558,0.8381903473174702,0.12075569819613977,-0.06428396498876496,172.0422902604082,-13.607442567165501,116.5406335478243,0.03830770815324794,0.13439733372057136,0.1630128794716444,0.10051816415786743,0.14376549137115477,-10.161454764595033
2026-09-11T16:30:55.591,23.723936384000126,-1211.5494384765625,-109039.44946289062,-436157.7978515625,-829.9113653564453,-66.06478820800781,-5.5061936378479,-3.771742641925812,-8.437148000012993,-0.5538987268807503,0.0,-0.00748443603515625,-61.3125,-2.69439697265625,-0.2136230766773224,-76.90430760383606,1973.559734524985,1,1789158655.040099,38.990656455,-76.93768384833334,-6.551999999999996,0,1,7.333264000000001,8.749764,51.581124,1,1,1789158655.5811543,0.5291823510909615,0.8366746249242355,0.12400343084219409,-0.06756301089425826,171.93802925770805,-14.140314159634846,116.37623261060133,0.005295852549326394,0.19457803165858784,0.09590270080443482,-2.713402033252716,1.3339986215019228,-11.346882636146546
2026-09-11T16:30:55.625,23.757345120000082,-1211.7301025390625,-109055.70922851562,-436222.8369140625,-830.0351202392578,-66.18854309082032,-5.429208755493164,-3.7190079975128176,-8.31918396007698,1.5784687098926586,0.0,-0.02062225341796875,-168.9375,-7.42401123046875,-0.5340576767921448,-192.26076364517212,-3452.882983704886,1,1789158655.040099,38.990656455,-76.93768384833334,-6.551999999999996,0,1,7.333264000000001,8.749764,51.581124,1,1,1789158655.6211543,0.530439464502571,0.8347138932382222,0.1277931686490877,-0.07453587713270131,172.0071076099432,-15.070379254814895,116.18912426714148,-0.03510485444291314,0.22650656139579647,0.09252810669570379,5.7527771178817755,-0.4034455876541138,-4.570781573886872
2026-09-11T16:30:55.658,23.790752383999916,-1211.9078369140625,-109071.70532226562,-436286.8212890625,-830.1568682861329,-66.31029113769532,-5.378372669219971,-3.68418527841568,-8.241287755940577,1.0423696803578586,0.0,-0.021902084350585938,-179.421875,-7.8847503662109375,0.0915527418255806,32.958987057209015,6741.640102688461,1,1789158655.040099,38.990656455,-76.93768384833334,-6.551999999999996,0,1,7.333264000000001,8.749764,51.581124,1,1,1789158655.6491544,0.5303004869366336,0.8342666921603701,0.12976873896501803,-0.07707499136550335,171.96232773367916,-15.440352416126084,116.2073267908233,-0.029235661234306615,0.28264612398374533,0.054192647807349136,-2.4548006684875485,2.9378762554550173,-5.696879211959839
2026-09-11T16:30:55.693,23.824160767999956,-1212.0902099609375,-109088.11889648438,-436352.4755859375,-830.2817938232422,-66.43521667480469,-5.457452297210693,-3.7383548235893254,-8.362461577463586,-1.6214356603893167,0.0,-0.020761489868164062,-170.078125,-7.4741363525390625,0.1068115085363388,38.45214307308197,164.42447548095492,1,1789158655.040099,38.990656455,-76.93768384833334,-6.551999999999996,0,1,7.333264000000001,8.749764,51.581124,1,1,1789158655.6811545,0.5307346328053865,0.832918238126911,0.13400670435561374,-0.08130289862139521,171.80524669493806,-16.1218679926853,116.1520392230124,-0.035225805760076355,0.22216941820459057,0.06456391782147504,2.8398097538375855,2.257490867233276,-6.995181626873016
2026-09-11T16:30:55.725,23.85758726400013,-1212.2772216796875,-109104.94995117188,-436419.7998046875,-830.409896850586,-66.56331970214845,-5.562066555023193,-3.8100155901908876,-8.52276214699106,-2.143831246960131,0.0,-0.013296127319335938,-108.921875,-4.7866058349609375,0.6866455078125,247.1923828125,6244.753854496962,1,1789158655.040099,38.990656455,-76.93768384833334,-6.551999999999996,0,1,7.333264000000001,8.749764,51.581124,1,1,1789158655.7211545,0.5324628741825109,0.8315875616368121,0.13559369650009326,-0.08099237258952918,171.66107594157677,-16.20659975567547,115.92673943112008,-0.3382245632171779,-0.05926021129051467,0.11870595108051633,-7.2409362799262995,-1.8152109449386595,-14.364290824413299
2026-09-11T16:30:55.758,23.890994271999944,-1212.4599609375,-109121.396484375,-436485.5859375,-830.5350732421875,-66.68849609375,-5.536930084228516,-3.7927971076965337,-8.484245498605336,0.515415283357626,0.0,0.012521744705736637,102.57813262939453,4.507828094065189,0.30517578125,109.86328125,-4110.787220551737,1,1789158655.040099,38.990656455,-76.93768384833334,-6.551999999999996,0,1,7.333264000000001,8.749764,51.581124,1,1,1789158655.7491543,0.5343285313299653,0.8304785202816543,0.1352550891403604,-0.08065053514508985,171.71084342044932,-16.17060379049572,115.66524232317074,-0.09988938188184027,-0.04906609219546619,0.23127549904394581,-4.799668788661957,4.292174642791748,-16.37377150905609
2026-09-11T16:30:55.792,23.924395488000073,-1212.64697265625,-109138.2275390625,-436552.91015625,-830.6631762695313,-66.81659912109376,-5.564182281494141,-3.811464862823487,-8.526004077540001,-0.5588944763831617,0.0,0.0273971576243639,224.43751525878906,9.862976744771004,0.6713867783546448,241.69924020767212,3947.0406992715943,1,1789158655.040099,38.990656455,-76.93768384833334,-6.551999999999996,0,1,7.333264000000001,8.749764,51.581124,1,1,1789158655.7811544,0.538269008953952,0.8283472616559626,0.13371192992514921,-0.0789202629398207,171.83510513547745,-15.943704518324049,115.11281810462772,0.06436320495749569,-0.08066458017112273,0.33176597232017296,-1.5115970559310914,2.6165123296546935,-12.121313799419402
2026-09-11T16:30:55.827,23.957801951999954,-1212.8355712890625,-109155.20141601562,-436620.8056640625,-830.7923663330079,-66.94578918457032,-5.591430187225342,-3.8301296782493592,-8.567756080550634,-0.5587186786945972,0.0,0.04630279913544655,379.3125305175781,16.669007688760757,0.3356934189796448,120.84963083267212,-3617.5516623198687,1,1789158655.040099,38.990656455,-76.93768384833334,-6.551999999999996,0,1,7.333264000000001,8.749764,51.581124,1,1,1789158655.8211544,0.5443736175282521,0.824966874643245,0.13148062353350792,-0.07615685074765625,172.0019285326872,-15.593046250930367,114.2573445575249,0.03528270349369137,-0.11693688535069488,0.3830502034619987,-3.18098311296463,1.3861700003623962,-12.055903442840576
2026-09-11T16:30:55.860,23.99122665599998,-1213.0252685546875,-109172.27416992188,-436689.0966796875,-830.922308959961,-67.07573181152344,-5.618884086608887,-3.8489355993270875,-8.609823727914915,-0.5626353812351912,0.0,0.054800037294626236,448.9219055175781,19.728013426065445,0.24414068460464478,87.89064645767212,-986.0666043586796,1,1789158655.040099,38.990656455,-76.93768384833334,-6.551999999999996,0,1,7.333264000000001,8.749764,51.581124,1,1,1789158655.8491545,0.5496673638091141,0.8221092012983495,0.12854765500865584,-0.07401182807838425,172.2563922536331,-15.24865171757886,113.5042456931511,0.05002515061943707,-0.10807061275056368,0.4235205490913928,-3.881374067516327,1.5833817351150512,-10.71670729675293
2026-09-11T16:30:55.892,24.024633759999915,-1213.216552734375,-109189.48974609375,-436757.958984375,-831.0533386230469,-67.20676147460938,-5.722623348236084,-3.919996993541718,-8.768783539597607,-2.1271342231511614,0.0,0.0575256384909153,471.2500305175781,20.709229856729507,0.0,0.0,-2630.896903180973,1,1789158655.040099,38.990656455,-76.93768384833334,-6.551999999999996,0,1,7.333264000000001,8.749764,51.581124,1,1,1789158655.8811543,0.5560082604255232,0.8184078615712331,0.12645014023020124,-0.07123024984335818,172.40242205863808,-14.904307100956304,112.6125722925562,-0.0049516736208331125,-0.10131217428806605,0.4798243471619543,-3.41085099275589,1.4062736331939698,-9.146662605857848
2026-09-11T16:30:55.926,24.058041440000125,-1213.4073486328125,-109206.66137695312,-436826.6455078125,-831.1840338134766,-67.33745666503907,-5.723370552062988,-3.9205088281631473,-8.76992848103781,-0.015320866981066073,0.0,0.05729103460907936,469.3281555175781,20.62477245926857,-0.0762939527630806,-27.465822994709015,-822.1409865796376,1,1789158655.040099,38.990656455,-76.93768384833334,-6.551999999999996,0,1,7.333264000000001,8.749764,51.581124,1,1,1789158655.9211543,0.5640518554735454,0.8124711099633491,0.1278531979913202,-0.07341498195304857,172.55858693656776,-15.279431647024477,111.45948928402152,-0.06251961366861408,-0.009802118145050553,0.4571198825215357,2.5289389437103273,1.3464530672073365,-6.601346556377411
2026-09-11T16:30:55.959,24.091449023999985,-1213.5963134765625,-109223.66821289062,-436894.6728515625,-831.3134747314454,-67.46689758300782,-5.698653221130371,-3.9035774564743044,-8.732054081232775,0.5068122163193117,0.0,0.056524280458688736,463.0469055175781,20.348740965127945,-0.2136230617761612,-76.90430223941803,-1479.8579641351962,1,1789158655.040099,38.990656455,-76.93768384833334,-6.551999999999996,0,1,7.333264000000001,8.749764,51.581124,1,1,1789158655.9491544,0.5694131507097554,0.809049561362611,0.12561495015408822,-0.07367737342998812,172.89539336952927,-15.204852228240926,110.67330692099786,-0.02451314934426036,-0.022203729678021464,0.4966161598953917,5.219001149578095,3.9026544983673093,-9.079879318256378
2026-09-11T16:30:55.992,24.12484812799994,-1213.7857666015625,-109240.71899414062,-436962.8759765625,-831.4432501220704,-67.59667297363282,-5.725725173950195,-3.922121744155884,-8.773536471358,-0.5552330889357089,0.0,0.053533557802438736,438.5469055175781,19.272080808877945,-0.1525879204273224,-54.93165135383606,657.8814475266114,1,1789158655.040099,38.990656455,-76.93768384833334,-6.551999999999996,0,1,7.333264000000001,8.749764,51.581124,1,1,1789158655.9811544,0.5750668929939391,0.8052687809495098,0.12467614231678739,-0.07277443608433011,173.0336674368149,-15.10567924282965,109.86122373089145,0.04908267282336013,0.05553340973873118,0.4441403924732294,-4.76632617811203,1.6193721412086486,-9.904716663360595
2026-09-11T16:30:56.028,24.15827126399995,-1213.9793701171875,-109258.14331054688,-437032.5732421875,-831.5758685302735,-67.72929138183595,-5.752251148223877,-3.940292036533356,-8.814182257814405,-0.543644150491024,0.0,0.048101428896188736,394.0469055175781,17.316514402627945,-0.3051758110523224,-109.86329197883606,-1643.5214405070487,1,1789158655.040099,38.990656455,-76.93768384833334,-6.551999999999996,0,1,7.333264000000001,8.749764,51.581124,1,1,1789158656.0211544,0.5816463998063246,0.8005449108808848,0.12441797512896968,-0.07304436131464666,173.20272661165225,-15.170074607972417,108.90464384897923,0.022055725757452342,0.06723287531362476,0.38447561386210244,1.3678315645599364,-0.31322440616607666,-9.877356109409332
2026-09-11T16:30:56.059,24.19169686400005,-1214.175048828125,-109275.75439453125,-437103.017578125,-831.7099084472657,-67.86333129882813,-5.831113815307617,-3.994312963485718,-8.935023629844563,-1.61615429348164,0.0,0.04645729437470436,380.5781555175781,16.72462597489357,-0.015258795581758022,-5.493166409432888,3122.4607955904835,1,1789158656.0399704,38.990640625,-76.937698825,-6.541999999999998,0,1,8.0656,8.994001,70.963776,1,1,1789158656.0491543,0.58615183622113,0.797457456239489,0.12430654517941196,-0.07096135010130372,173.15798383460293,-15.004940554827634,108.2684270298373,0.0005211553146455068,-0.09195895482662843,0.3913874667658504,-5.360609177913665,0.6746975311279297,-9.925212562198638
2026-09-11T16:30:56.092,24.225096639999947,-1214.367919921875,-109293.11279296875,-437172.451171875,-831.8420251464844,-67.99544799804688,-5.832825660705566,-3.995485577583313,-8.937646692876049,-0.035108441972742016,0.0,0.046476367861032486,380.7344055175781,16.731492429971695,0.0,0.0,164.4671631764808,1,1789158656.0399704,38.990640625,-76.937698825,-6.541999999999998,0,1,8.0656,8.994001,70.963776,1,1,1789158656.0811543,0.5913063995679065,0.7937808416459586,0.12478112303240829,-0.0685447926588436,173.04538611134004,-14.855777458567248,107.54116434003541,-0.06745959358345882,-0.10149333946442306,0.38627958617696384,-0.7361852276420593,2.446170816345215,-7.543569503917694
2026-09-11T16:30:56.126,24.258508639999945,-1214.564453125,-109310.80078125,-437243.203125,-831.9766503906251,-68.1300732421875,-5.861339569091797,-4.015017604827881,-8.981338593476819,-0.5845812056916428,0.0,0.04631424322724342,379.4062805175781,16.673127561807632,0.01525880303233862,5.493169091641903,164.40707205920503,1,1789158656.0399704,38.990640625,-76.937698825,-6.541999999999998,0,1,8.0656,8.994001,70.963776,1,1,1789158656.1211543,0.5973060781178778,0.7890756102203108,0.12591222440720434,-0.06878402535264641,173.07013404922515,-15.008827871020141,106.66475980193636,0.0782101236440431,0.02895989921249151,0.4042547321432534,-4.762795784053802,2.6665262454795835,-5.951655983161926
2026-09-11T16:30:56.159,24.291919808000102,-1214.7623291015625,-109328.60961914062,-437314.4384765625,-832.1121954345704,-68.26561828613282,-5.914899826049805,-4.0517063808441165,-9.06340904805859,-1.0980991749843263,0.0,0.04555511847138405,373.1875305175781,16.399842649698257,-0.1678466945886612,-60.42481005191803,-1972.932497997383,1,1789158656.0399704,38.990640625,-76.937698825,-6.541999999999998,0,1,8.0656,8.994001,70.963776,1,1,1789158656.1491544,0.6017768809293514,0.7857824226104556,0.1258528747350324,-0.06761378421825542,173.08023552044776,-14.935419627266707,106.01606697656591,0.07920845197618386,-0.035904564306176945,0.3876526366995077,-0.8810294505310059,2.583660051612854,-8.480594926872254
2026-09-11T16:30:56.194,24.325321792000068,-1214.96533203125,-109346.8798828125,-437387.51953125,-832.2512524414063,-68.40467529296876,-6.045854568481445,-4.14141037940979,-9.264071177992541,-2.685588932854,0.0,0.04488373175263405,367.6875305175781,16.158143430948257,-0.12207034230232239,-43.94532322883606,493.368502394917,1,1789158656.0399704,38.990640625,-76.937698825,-6.541999999999998,0,1,8.0656,8.994001,70.963776,1,1,1789158656.1891544,0.6081258901555455,0.7805508286807202,0.12825787251545062,-0.06688216284015192,172.92745867054487,-15.094018864380345,105.0939949111126,-0.0007414158662471911,0.024830973801048525,0.4049561799696299,-1.4720762557792664,1.8252137281036378,-10.117520971870423
2026-09-11T16:30:56.227,24.35874918400009,-1215.173583984375,-109365.62255859375,-437462.490234375,-832.3939050292969,-68.54732788085938,-6.1495361328125,-4.212432250976563,-9.422942580029881,-2.124660863962316,0.0,0.04561806097626686,373.7031555175781,16.42250195145607,-0.1678466945886612,-60.42481005191803,-492.99349536665636,1,1789158656.0399704,38.990640625,-76.937698825,-6.541999999999998,0,1,8.0656,8.994001,70.963776,1,1,1789158656.2211545,0.6134271765582743,0.7762815676592594,0.12910669910516656,-0.0665243340319514,172.92775513258658,-15.169672496559713,104.31046739466846,-0.0012571606602115155,0.03655085972819045,0.4282732551774986,-2.7740071312522887,1.2039624403572082,-8.72203465385437
2026-09-11T16:30:56.260,24.392159296000045,-1215.3824462890625,-109384.42016601562,-437537.6806640625,-832.5369757080078,-68.69039855957031,-6.280442714691162,-4.302103259563446,-9.623530913483002,-2.683948158779042,0.0,0.0455627478659153,373.2500305175781,16.402589231729507,0.0,0.0,1808.5784941995335,1,1789158656.0399704,38.990640625,-76.937698825,-6.541999999999998,0,1,8.0656,8.994001,70.963776,1,1,1789158656.2491543,0.6180656773389172,0.7726793908237726,0.12935031228068777,-0.06503748307459263,172.89040480092035,-15.093811241248774,103.63052939536581,0.020023464376430145,-0.09060265946490365,0.44126600972811997,-2.4091016787338257,2.2907354112815854,-11.280197415046693
2026-09-11T16:30:56.294,24.425558304000106,-1215.598876953125,-109403.89892578125,-437615.595703125,-832.6852307128906,-68.83865356445312,-6.463754177093506,-4.4276716113090515,-9.904419316636199,-3.7596431530355194,0.0,0.0471801795065403,386.5000305175781,16.984864622354507,0.1220703274011612,43.94531786441803,1315.7671588431197,1,1789158656.0399704,38.990640625,-76.937698825,-6.541999999999998,0,1,8.0656,8.994001,70.963776,1,1,1789158656.289122,0.6254361348379797,0.7665300661204066,0.13092982832890532,-0.06417693531274987,172.83012209785096,-15.198480881435927,102.53360934110505,-0.04425177598676503,-0.035356879986901124,0.4740884971082001,-1.9016075328636168,0.9340834279060364,-9.040162385101318
2026-09-11T16:30:56.328,24.45898057599993,-1215.8216552734375,-109423.94897460938,-437695.7958984375,-832.8378338623047,-68.99125671386719,-6.593712329864502,-4.5166929459571845,-10.103554370877728,-2.6635333064310727,0.0,0.05333137884736061,436.8906555175781,19.19929638504982,0.1525879204273224,54.93165135383606,328.71294595039797,1,1789158656.0399704,38.990640625,-76.937698825,-6.541999999999998,0,1,8.0656,8.994001,70.963776,1,1,1789158656.321122,0.6316422441049804,0.7612248495751169,0.13221335950214888,-0.06390955656645313,172.81936799327428,-15.32668000889051,101.59762358678982,-0.1256174549184139,-0.07157507995966146,0.5287232368150794,1.8684610553169252,0.7207887868881225,-10.613737470054627
2026-09-11T16:30:56.360,24.49240464000013,-1216.0450439453125,-109444.05395507812,-437776.2158203125,-832.9908551025392,-69.14427795410157,-6.69959831237793,-4.589224843978882,-10.265803605894051,-2.1700502374954103,0.0,0.06038856878876686,494.7031555175781,21.73988476395607,0.2288818657398224,82.39747166633606,821.7379045329432,1,1789158656.0399704,38.990640625,-76.937698825,-6.541999999999998,0,1,8.0656,8.994001,70.963776,1,1,1789158656.349122,0.637427417797946,0.7566730742482484,0.13135533913167036,-0.06227295262592984,172.89382433253908,-15.170929709103087,100.72541836107092,-0.05463945209585968,-0.05765154131895149,0.5379555049593538,-2.735859262123108,1.7910865855407714,-9.806355962238312
2026-09-11T16:30:56.394,24.525812575999907,-1216.27099609375,-109464.3896484375,-437857.55859375,-833.1456323242188,-69.29905517578125,-6.753360271453857,-4.626051785945893,-10.34818312890544,-1.1023411313784157,0.0,0.0699005201458931,572.6250610351562,25.164187252521515,0.3051758110523224,109.86329197883606,822.1346063607241,1,1789158656.0399704,38.990640625,-76.937698825,-6.541999999999998,0,1,8.0656,8.994001,70.963776,1,1,1789158656.389122,0.6461164326692435,0.7495457317383387,0.1311006812873348,-0.059391605750359004,172.87717208344324,-14.97787669691988,99.41414665816399,-0.02805302613315526,-0.03137595849602726,0.5823154913597426,-0.9720351640319824,1.509243459892273,-7.697828110961914
2026-09-11T16:30:56.426,24.559220959999948,-1216.5,-109485.0,-437940.0,-833.3025,-69.4559228515625,-6.859437942504883,-4.698714990615845,-10.510726088528633,-2.174999086153487,0.0,0.0755920484662056,619.2500610351562,27.213137447834015,0.0,0.0,-3288.494647891484,1,1789158656.0399704,38.990640625,-76.937698825,-6.541999999999998,0,1,8.0656,8.994001,70.963776,1,1,1789158656.421122,0.6532243586863175,0.7436209516128491,0.13029166515319276,-0.05787831660352844,172.97840773563715,-14.850537240816488,98.32166779232018,-0.026797261736345335,-0.029153456226537682,0.589324908168677,-1.571025355911255,0.07600153875350953,-8.078718403244018
2026-09-11T16:30:56.460,24.592632992000063,-1216.7301025390625,-109505.70922851562,-438022.8369140625,-833.4601202392579,-69.61354309082031,-6.912807941436768,-4.735273439884186,-10.592505010478215,-1.094170186004116,0.0,0.07455254346132278,610.7344360351562,26.838915646076202,-0.04577639698982239,-16.47950291633606,-493.2206133490908,1,1789158656.0399704,38.990640625,-76.937698825,-6.541999999999998,0,1,8.0656,8.994001,70.963776,1,1,1789158656.449122,0.659568086974547,0.7383583293631408,0.12861961728429072,-0.05704305526924723,173.19025513718793,-14.708605499189758,97.3317370693435,-0.02500201606774397,-0.024637416787002358,0.5956861096934206,-3.8396958043289184,1.987709921283722,-9.911875517978668
2026-09-11T16:30:56.494,24.626032703999954,-1216.960205078125,-109526.41845703125,-438105.673828125,-833.6177404785157,-69.77116333007812,-6.912643909454346,-4.735161077976227,-10.592253664048457,0.0033641579891357906,0.0,0.07380486279726028,604.6094360351562,26.569750607013702,-0.1068115383386612,-38.45215380191803,-657.8694716186035,1,1789158656.0399704,38.990640625,-76.937698825,-6.541999999999998,0,1,8.0656,8.994001,70.963776,1,1,1789158656.489122,0.668284592351705,0.7301940502438651,0.13000556979863273,-0.05754045911450739,173.2865959005492,-14.939137300615215,95.95076094970872,-0.12187546900213803,0.05202145821786819,0.5936323807625989,-3.6454260646247865,2.328687147407532,-12.403843390579222
2026-09-11T16:30:56.528,24.659456256000112,-1217.1966552734375,-109547.69897460938,-438190.7958984375,-833.7797088623048,-69.9331317138672,-6.991617679595947,-4.789258110523225,-10.713265279445283,-1.618530326960496,0.0,0.07299423962831497,597.9688110351562,26.27792626619339,-0.1525879055261612,-54.93164598941803,-493.0502954150976,1,1789158656.0399704,38.990640625,-76.937698825,-6.541999999999998,0,1,8.0656,8.994001,70.963776,1,1,1789158656.521122,0.6752727452637795,0.7237678219862833,0.13030309713554503,-0.05646204245362592,173.32185299245606,-14.934288919069068,94.84678277725834,-0.036158684245267324,-0.02108654442381989,0.6109474432057843,-3.0989995176124574,1.3956824510192871,-10.591966706695557
2026-09-11T16:30:56.561,24.69287916799999,-1217.430419921875,-109568.73779296875,-438274.951171875,-833.9398376464844,-70.09326049804687,-6.992645740509033,-4.789962332248688,-10.714840578580626,-0.021070029010822004,0.0,0.06941414624452591,568.6406860351562,24.989092648029327,-0.04577639698982239,-16.47950291633606,1150.4725582624933,1,1789158656.0399704,38.990640625,-76.937698825,-6.541999999999998,0,1,8.0656,8.994001,70.963776,1,1,1789158656.549122,0.6817313306295032,0.7180740497105312,0.12850996844493448,-0.055652852404223845,173.54638409332432,-14.782134689503547,93.81246394706811,-0.020859477088135427,-0.07974391899069572,0.5729730929396673,-2.993578028373718,-0.6704806715583801,-13.185041142463684
2026-09-11T16:30:56.594,24.726278688000093,-1217.658203125,-109589.23828125,-438356.953125,-834.095869140625,-70.24929199218751,-6.889971733093262,-4.719630637168884,-10.557513057374909,2.1057696361979925,0.0,0.062345512211322784,510.73443603515625,22.444384396076202,-0.09155276417732239,-32.95899510383606,-493.40506053528077,1,1789158656.0399704,38.990640625,-76.937698825,-6.541999999999998,0,1,8.0656,8.994001,70.963776,1,1,1789158656.589122,0.6900737952162561,0.7103114012431117,0.12720974231622692,-0.05543962373356014,173.81465676631183,-14.733711178080384,92.45636187451518,-0.07483570406823727,-0.08637145775929378,0.5049953111012914,-2.173153675842285,-1.5849507991409304,-12.152400880432129
2026-09-11T16:30:56.627,24.75968643200008,-1217.88232421875,-109609.4091796875,-438437.63671875,-834.2493920898438,-70.40281494140626,-6.683351516723633,-4.578095788955689,-10.2409086188164,4.236588026214799,0.0,0.049711234867572784,407.23443603515625,17.896044552326202,-0.5645752549171448,-203.24709177017212,-5097.264175228369,1,1789158656.0399704,38.990640625,-76.937698825,-6.541999999999998,0,1,8.0656,8.994001,70.963776,1,1,1789158656.621122,0.6961353829854775,0.704552397865661,0.12547973139357427,-0.05706386095249907,174.2206546190844,-14.780146038733582,91.43880866752218,-0.04574403249722018,-0.10034229482273278,0.4688053854624133,-0.5538796011352539,-1.7583323740005492,-7.559260144176483
2026-09-11T16:30:56.662,24.793108287999985,-1218.10009765625,-109629.0087890625,-438516.03515625,-834.3985668945313,-70.55198974609375,-6.503380298614502,-4.454815504550934,-9.965138476536618,3.688612757026622,0.0,0.04217148572206497,345.46881103515625,15.18173485994339,0.0,0.0,6081.262864957388,1,1789158656.0399704,38.990640625,-76.937698825,-6.541999999999998,0,1,8.0656,8.994001,70.963776,1,1,1789158656.649122,0.7007631092432262,0.7005436722259512,0.12277904904940214,-0.055632123296435396,174.4255282343615,-14.478903995187974,90.69072521218892,-0.0378572386733082,-0.10675358729700876,0.4017285425839168,-2.2034562248420717,-2.742723917236328,-12.519856061992645
2026-09-11T16:30:56.694,24.826519008000105,-1218.310791015625,-109647.97119140625,-438591.884765625,-834.5428918457031,-70.69631469726563,-6.349085807800293,-4.349123778343201,-9.728712818412662,3.163407619092134,0.0,0.0366973951458931,300.62506103515625,13.211062252521515,-0.1831054985523224,-65.91797947883606,-1972.9589628298786,1,1789158656.0399704,38.990640625,-76.937698825,-6.541999999999998,0,1,8.0656,8.994001,70.963776,1,1,1789158656.689122,0.7064640466233968,0.6950887078008618,0.12054647629623325,-0.05682240903714765,174.82825251232705,-14.437083638063518,89.72544985253381,0.07222120084874976,-0.02723656110907231,0.3542993946938961,0.8543553620910644,0.038442068634033204,-13.20504670879364
2026-09-11T16:30:56.727,24.859926079999923,-1218.5150146484375,-109666.35131835938,-438665.4052734375,-834.6827850341798,-70.8362078857422,-6.16825008392334,-4.225251307487488,-9.451617992769066,3.7079714994593855,0.0,0.036466605961322784,298.73443603515625,13.127978146076202,0.03051757998764515,10.986328795552254,2302.036774572974,1,1789158656.0399704,38.990640625,-76.937698825,-6.541999999999998,0,1,8.0656,8.994001,70.963776,1,1,1789158656.721122,0.7103183400411773,0.6914882594009534,0.1187766927515929,-0.05642641376854937,175.0211471697949,-14.286750972465049,89.08517954870796,0.06589089165176633,-0.06645131687458171,0.29356769631102503,-4.810063837833404,-1.5191481765556334,-7.862383700675965
2026-09-11T16:30:56.761,24.893334271999947,-1218.7197265625,-109684.775390625,-438739.1015625,-834.8230126953125,-70.97643554687501,-6.0650410652160645,-4.154553129673005,-9.293470673033733,2.116192873126196,0.0,0.03534317761659622,289.53131103515625,12.72354394197464,0.0,0.0,-328.8513426750008,1,1789158656.0399704,38.990640625,-76.937698825,-6.541999999999998,0,1,8.0656,8.994001,70.963776,1,1,1789158656.749122,0.7134604193317743,0.6883049262743446,0.11838659999103068,-0.056525847680166635,175.12739570111103,-14.284824334190455,88.55474921588724,0.01715327042152547,-0.09537683310080892,0.2899710963214403,1.7887329895019533,-0.29812216491699217,-8.473141872749329
2026-09-11T16:30:56.794,24.926741184000093,-1218.917236328125,-109702.55126953125,-438810.205078125,-834.9583068847656,-71.11172973632813,-5.9612531661987305,-4.0834584188461305,-9.134436334211985,2.1281437454190244,0.0,0.03387642651796341,277.51568603515625,12.195513546466827,-0.0762939602136612,-27.46582567691803,-822.1599672785704,1,1789158656.0399704,38.990640625,-76.937698825,-6.541999999999998,0,1,8.0656,8.994001,70.963776,1,1,1789158656.789122,0.7180574150211473,0.6833562364669441,0.11838043699832587,-0.05834273691700937,175.37936478200794,-14.462461425735878,87.7497085157626,-0.058153323478899864,-0.012383983707525765,0.26736297385573177,4.554208335113525,-0.16818405027389524,-14.028805322380066
2026-09-11T16:30:56.829,24.960159232000024,-1219.114501953125,-109720.30517578125,-438881.220703125,-835.0934338378906,-71.24685668945312,-5.831665515899658,-3.9946908783912662,-8.935869001412092,2.65627544897443,0.0,0.023704536259174347,194.18756103515625,8.533633053302765,-0.5187988877296448,-186.76759958267212,-4766.938329434614,1,1789158656.0399704,38.990640625,-76.937698825,-6.541999999999998,0,1,8.0656,8.994001,70.963776,1,1,1789158656.821122,0.7214442015527394,0.6797445871188291,0.11832730832614215,-0.058857526560950196,175.5007502877193,-14.521854610333303,87.16428096764399,-0.18576568973234325,-0.056068527687392636,0.29382565597446975,-3.737020177135468,2.4651957176589967,-17.974020682449343
2026-09-11T16:30:56.862,24.993586176000008,-1219.3048095703125,-109737.43286132812,-438949.7314453125,-835.2237945556641,-71.37721740722657,-5.728949546813965,-3.924330439567566,-8.778477182282485,2.1049019265336653,0.0,0.014602668583393097,119.62506103515625,5.256960690021515,-0.13732916116714478,-49.43849802017212,4108.335526052404,1,1789158656.0399704,38.990640625,-76.937698825,-6.541999999999998,0,1,8.0656,8.994001,70.963776,1,1,1789158656.849122,0.7236333400899124,0.6773131006758705,0.11737331325106738,-0.06184867096083815,175.88062295449143,-14.693743193042755,86.74393293784439,0.2379272978891466,0.09320546897840278,0.26469820515378684,-0.014611908740997314,3.0102493336486815,-12.23713033782959
2026-09-11T16:30:56.894,25.02698886400003,-1219.49267578125,-109754.3408203125,-439017.36328125,-835.3524829101564,-71.50590576171875,-5.677292346954346,-3.888945257663727,-8.69932278468084,1.0593513283665716,0.0,0.011808402836322784,96.73443603515625,4.251025021076202,0.0,0.0,1480.0754364480167,1,1789158656.0399704,38.990640625,-76.937698825,-6.541999999999998,0,1,8.0656,8.994001,70.963776,1,1,1789158656.889122,0.7270220165330611,0.6737168669605159,0.11671316477376438,-0.0626307258268646,176.07550779263218,-14.720074898434639,86.14843325058439,0.12454460102721297,0.028004505979949818,0.23822190946688324,-1.428828928565979,1.2104348294639586,-10.687385412769316
2026-09-11T16:30:56.928,25.060396544000014,-1219.680908203125,-109771.28173828125,-439085.126953125,-835.4814221191407,-71.63484497070313,-5.6520280838012695,-3.87163923740387,-8.660610319890537,0.5180252043801377,0.0,0.011350639164447784,92.98443603515625,4.086230099201202,-0.0762939527630806,-27.465822994709015,-822.1409865852331,1,1789158656.0399704,38.990640625,-76.937698825,-6.541999999999998,0,1,8.0656,8.994001,70.963776,1,1,1789158656.921122,0.7293462192287885,0.6708567833910895,0.11845112176503687,-0.06304443216841184,176.02624249792294,-14.91414289055708,85.73638134642557,0.024690474796262983,0.03476643510095145,0.2558376921401872,2.4816708899307254,0.9749771590805053,-11.332662993412018
2026-09-11T16:30:56.961,25.093803136000133,-1219.86767578125,-109788.0908203125,-439152.36328125,-835.6093579101563,-71.76278076171876,-5.575599193572998,-3.8192854475975038,-8.543498227446088,1.56716943189473,0.0,0.01156044751405716,94.70318603515625,4.161761105060577,0.1373291164636612,49.43848192691803,2302.069750824991,1,1789158656.0399704,38.990640625,-76.937698825,-6.541999999999998,0,1,8.0656,8.994001,70.963776,1,1,1789158656.949122,0.7314891515389293,0.6683502932588687,0.1188914886380973,-0.06400250472488173,176.12363569076925,-15.039675385976624,85.34681247107241,0.023385666647472023,-0.03729594078586682,0.2015411972423444,-4.234903805847168,-2.394882035999298,-11.876343678379058
2026-09-11T16:30:56.995,25.12720329600006,-1220.0526123046875,-109804.73510742188,-439218.9404296875,-835.736039428711,-71.88946228027345,-5.551220893859863,-3.8025863122940065,-8.50614332563977,0.49997171581013883,0.0,0.01139260083436966,93.32818603515625,4.101336300373077,-0.1068115308880806,-38.452151119709015,-2631.443473528742,1,1789158656.0399704,38.990640625,-76.937698825,-6.541999999999998,0,1,8.0656,8.994001,70.963776,1,1,1789158656.989122,0.7347904767242149,0.6648171594560972,0.11833574031573889,-0.06401368894270297,176.24412103708787,-15.01184608302174,84.77080656408828,-0.005133362395965722,-0.12500397168633787,0.23618877542123504,2.16266056016922,1.2470136345672607,-9.482344240894317
2026-09-11T16:30:57.029,25.160622496000087,-1220.2384033203125,-109821.45629882812,-439285.8251953125,-835.8633062744141,-72.01672912597657,-5.52683687210083,-3.785883257389069,-8.468779655934737,0.4998041516530843,0.0,0.010990150272846222,90.03131103515625,3.95645409822464,0.0915527418255806,32.958987057209015,2136.829672070637,1,1789158656.0399704,38.990640625,-76.937698825,-6.541999999999998,0,1,8.0656,8.994001,70.963776,1,1,1789158657.021122,0.7374372042592077,0.662201785811513,0.11738424092746988,-0.06241878422629315,176.2394871201747,-14.820678391736372,84.3354993462521,0.026108903879358773,-0.07326194068171399,0.21715299286850848,-0.17308737535476684,1.1497316649627685,-9.638171911964417
2026-09-11T16:30:57.061,25.194033023999964,-1220.422119140625,-109837.99072265625,-439351.962890625,-835.9891516113282,-72.14257446289064,-5.528560161590576,-3.787063710689545,-8.471420254763647,-0.03533177627364528,0.0,0.010953910648822784,89.73443603515625,3.9434078335762024,0.0,0.0,-986.4850701350992,1,1789158657.0490944,38.99062970166667,-76.93772111166666,-6.535999999999998,0,1,7.733961000000001,9.042049,52.1284,1,1,1789158657.049122,0.7394986566200052,0.6597243956921227,0.11882424273512442,-0.06153257612269334,176.09738731737806,-14.887966133755851,83.98392864811613,0.0221607945784224,-0.0316412485423304,0.20466324220831186,-1.5217959720993044,0.8931896967315673,-7.252998459625244
2026-09-11T16:30:57.095,25.227431999999908,-1220.6080322265625,-109854.72290039062,-439418.8916015625,-836.1165020751954,-72.26992492675782,-5.5551438331604,-3.8052735257148744,-8.512154450865404,-0.545220758425651,0.0,0.010814674198627472,88.59381103515625,3.89328271150589,-0.030517593026161194,-10.98633348941803,-328.94222533758057,1,1789158657.0490944,38.99062970166667,-76.93772111166666,-6.535999999999998,0,1,7.733961000000001,9.042049,52.1284,1,1,1789158657.089122,0.7430721490598355,0.6559133378007003,0.11927736000965762,-0.05826135920031856,175.85676433298394,-14.69610411432658,83.40451822078796,-0.011183895313854464,-0.1250964741366936,0.2305098231010959,-1.2002359132957459,0.4999430252456665,-9.885593695545195
2026-09-11T16:30:57.128,25.260840544000075,-1220.7935791015625,-109871.42211914062,-439485.6884765625,-836.2436016845704,-72.39702453613282,-5.5539093017578125,-3.804427871704102,-8.510262776718186,0.025312507206791197,0.0,0.011779792606830597,96.50006103515625,4.240725338459015,-0.0762939527630806,-27.465822994709015,-493.2717063398061,1,1789158657.0490944,38.99062970166667,-76.93772111166666,-6.535999999999998,0,1,7.733961000000001,9.042049,52.1284,1,1,1789158657.121122,0.7458827014352337,0.6533019798875808,0.11669305978754563,-0.05690561107716416,175.99927507469866,-14.384731573179417,82.93385509774404,0.16481109219997414,-0.17800403601579928,0.22298099630676793,-3.500483775234222,-0.49602036518096926,-7.76745532711029
2026-09-11T16:30:57.162,25.294250207999994,-1220.9803466796875,-109888.23120117188,-439552.9248046875,-836.371537475586,-72.52496032714845,-5.606420516967773,-3.8403980541229252,-8.590725783202668,-1.0766400529772107,0.0,0.01153755933046341,94.51568603515625,4.153521358966827,-0.01525880303233862,-5.493169091641903,657.673597169983,1,1789158657.0490944,38.99062970166667,-76.93772111166666,-6.535999999999998,0,1,7.733961000000001,9.042049,52.1284,1,1,1789158657.149122,0.7477966459015891,0.6513376420279099,0.11470046495770365,-0.05833743047428854,176.32106790198114,-14.331988179817404,82.57501430211839,0.1785243186658188,-0.0862161234558663,0.2252553348550418,-1.3448840031814577,3.1563684210586547,-18.006186494979858
2026-09-11T16:30:57.196,25.32765257599999,-1221.166259765625,-109904.96337890625,-439619.853515625,-836.4988879394532,-72.65231079101564,-5.58053731918335,-3.8226680636405947,-8.551064924034964,0.5308004055979479,0.0,0.01099587231874466,90.07818603515625,3.9585140347480774,-0.18310546875,-65.91796875,-1808.9974836024496,1,1789158657.0490944,38.99062970166667,-76.93772111166666,-6.535999999999998,0,1,7.733961000000001,9.042049,52.1284,1,1,1789158657.189122,0.7512805805593807,0.6473091222131774,0.11523383444164277,-0.05735462469445434,176.2716303842493,-14.323605942822345,81.96552034816713,0.12754429841261564,-0.020130802125427796,0.21764185959199212,4.380042228240967,5.076118256721497,-9.940707069454193
2026-09-11T16:30:57.229,25.361074848000044,-1221.3563232421875,-109922.06909179688,-439688.2763671875,-836.6290814208985,-72.78250427246094,-5.65911865234375,-3.876496276855469,-8.67147520771176,-1.6105491935075444,0.0,0.010028846561908722,82.15631103515625,3.61038476228714,-0.2899170219898224,-104.37012791633606,-1150.4950700621312,1,1789158657.0490944,38.99062970166667,-76.93772111166666,-6.535999999999998,0,1,7.733961000000001,9.042049,52.1284,1,1,1789158657.221122,0.7538467560657377,0.64441591526857,0.11519910959516094,-0.05632372205578611,176.24024338987775,-14.257298589107993,81.52045547362103,0.05537580650727609,0.00259478099893997,0.24351479495648123,-5.0401278506279,2.9348361939048764,-6.084634159355164
2026-09-11T16:30:57.262,25.394482656000037,-1221.5499267578125,-109939.49340820312,-439757.9736328125,-836.7616998291016,-72.91512268066407,-5.815804958343506,-3.983826396465302,-8.911565847497535,-3.2127255882773404,0.0,0.010017402470111847,82.06256103515625,3.606264889240265,-0.1068115234375,-38.4521484375,1973.1309363023922,1,1789158657.0490944,38.99062970166667,-76.93772111166666,-6.535999999999998,0,1,7.733961000000001,9.042049,52.1284,1,1,1789158657.249122,0.7558295761610592,0.6417798485599113,0.1166903659911608,-0.05677707519289981,176.21366037711329,-14.434485909043303,81.1492648436965,0.08222455545655526,0.013263455117605707,0.22491272672287527,-1.2570164177322387,3.717799142818451,-2.678588425178528
2026-09-11T16:30:57.295,25.427883520000023,-1221.7481689453125,-109957.33520507812,-439829.3408203125,-836.8974957275391,-73.05091857910156,-5.9471940994262695,-4.073827958106995,-9.112893607075408,-2.694587829875581,0.0,0.009368903934955597,76.75006103515625,3.372805416584015,0.0762939527630806,27.465822994709015,1973.540906972813,1,1789158657.0490944,38.99062970166667,-76.93772111166666,-6.535999999999998,0,1,7.733961000000001,9.042049,52.1284,1,1,1789158657.289122,0.7588914440507708,0.6377846011143152,0.12007883406527713,-0.05381126589770409,175.7644261100478,-14.530396710714093,80.62868673052269,-0.13235547302866318,-0.015625409194329636,0.23055310726654538,-0.9143720610809326,0.5205369905853272,-14.02831498987198
2026-09-11T16:30:57.330,25.461303455999996,-1221.9490966796875,-109975.41870117188,-439901.6748046875,-837.035131225586,-73.18855407714844,-5.948212146759033,-4.074525320529938,-9.114453562388004,-0.020866659437753024,0.0,0.010221488773822784,83.73443603515625,3.6797359585762024,0.0,0.0,-821.8394851124564,1,1789158657.0490944,38.99062970166667,-76.93772111166666,-6.535999999999998,0,1,7.733961000000001,9.042049,52.1284,1,1,1789158657.321122,0.7613680867713815,0.6344648994484418,0.12222789866473559,-0.05322845669346402,175.609743221829,-14.694436335214801,80.17674183957799,-0.041188199550739386,0.021870197257965344,0.22310247122270677,-1.6434965006065367,1.7754940117835998,-9.718194177284241
2026-09-11T16:30:57.363,25.494750975999978,-1222.15087890625,-109993.5791015625,-439974.31640625,-837.1733520507813,-73.32677490234376,-6.0545806884765625,-4.147387771606446,-9.277442223529082,-2.178411167002747,0.0,0.010503776371479034,86.04693603515625,3.7813594937324524,-0.0610351599752903,-21.972657591104507,-656.9293505502544,1,1789158657.0490944,38.99062970166667,-76.93772111166666,-6.535999999999998,0,1,7.733961000000001,9.042049,52.1284,1,1,1789158657.361122,0.7644341093537929,0.6308387863559769,0.12305313803767011,-0.050406778358407615,175.3660423408131,-14.579857029953132,79.65448725937286,-0.003773750908662139,-0.106864939303286,0.26751237403970246,-0.11267841035842896,0.5599597242355346,-5.589202193183899
2026-09-11T16:30:57.396,25.528171072000077,-1222.359130859375,-110012.32177734375,-440049.287109375,-837.316004638672,-73.46942749023438,-6.185477256774902,-4.237051920890808,-9.478015213159457,-2.68294110478003,0.0,0.010650642216205597,87.25006103515625,3.834231197834015,0.0,0.0,657.4684163396431,1,1789158657.0490944,38.99062970166667,-76.93772111166666,-6.535999999999998,0,1,7.733961000000001,9.042049,52.1284,1,1,1789158657.389122,0.7665655317014269,0.6280017340011791,0.12436878050484348,-0.05023459101614123,175.30385393388937,-14.700622951384405,79.25757954039327,-0.04328992503599095,-0.08439068359120543,0.3025927938730877,2.1257875555610655,3.3178839492225647,-11.1210354829216
2026-09-11T16:30:57.429,25.561577056000033,-1222.569091796875,-110031.21826171875,-440124.873046875,-837.4598278808594,-73.61325073242188,-6.341977596282959,-4.344254653453827,-9.717820896237075,-3.209087706057759,0.0,0.010940559208393097,89.62506103515625,3.938601315021515,0.0915527418255806,32.958987057209015,986.6192553182386,1,1789158657.0490944,38.99062970166667,-76.93772111166666,-6.535999999999998,0,1,7.733961000000001,9.042049,52.1284,1,1,1789158657.421122,0.7693440159739164,0.6247077352006323,0.12468785996874562,-0.047989251317743974,175.14266028080831,-14.584895028068974,78.77518767439898,0.048996453558311615,-0.09102485461096108,0.2949971209684084,-1.5922077202606202,2.498440261707306,-13.803252368659972
2026-09-11T16:30:57.462,25.594982975999983,-1222.7861328125,-110050.751953125,-440203.0078125,-837.6085009765626,-73.761923828125,-6.499389171600342,-4.452081582546234,-9.959022867184657,-3.2277790610935946,0.0,0.012899406254291534,105.67193603515625,4.643786251544952,0.0610351599752903,21.972657591104507,-328.8737285523317,1,1789158657.0490944,38.99062970166667,-76.93772111166666,-6.535999999999998,0,1,7.733961000000001,9.042049,52.1284,1,1,1789158657.449122,0.771925783077413,0.6215239799082256,0.1250040849621114,-0.047037289060360386,175.09434713568058,-14.563767921824267,78.30650285538185,0.014090217584275422,-0.04050228515470561,0.2978833719524314,2.046157556247711,2.227286384735107,-7.451092792892457
2026-09-11T16:30:57.497,25.628398911999966,-1223.0096435546875,-110070.86791992188,-440283.4716796875,-837.761605834961,-73.91502868652344,-6.6303486824035645,-4.541788847446442,-10.15969230370087,-2.6845653792326423,0.0,0.01407814770936966,115.32818603515625,5.068133175373077,0.0610351637005806,21.972658932209015,4.0133680751811635e-05,1,1789158657.0490944,38.99062970166667,-76.93772111166666,-6.535999999999998,0,1,7.733961000000001,9.042049,52.1284,1,1,1789158657.489122,0.7758648774845535,0.6166830908065333,0.1253285220091969,-0.04503797253618194,174.98208668002744,-14.478950669234951,77.59550334492151,-0.0006199409503083859,-0.012651891747706895,0.3298988190863894,0.4293351440811157,1.426769532032013,-7.596133148784637
2026-09-11T16:30:57.530,25.661819008000066,-1223.237060546875,-110091.33544921875,-440365.341796875,-837.9173864746094,-74.07080932617188,-6.787336349487305,-4.649325399398804,-10.400244719485501,-3.2177212163615656,0.0,0.015708930790424347,128.68756103515625,5.655215084552765,0.015258789993822575,5.493164397776127,-493.10135238341746,1,1789158657.0490944,38.99062970166667,-76.93772111166666,-6.535999999999998,0,1,7.733961000000001,9.042049,52.1284,1,1,1789158657.521122,0.7791902121485702,0.6123159271250558,0.1263638578175695,-0.04431697325303812,174.9212475549594,-14.548233810651176,76.97178443180772,0.0482930858697579,-0.018873990531066677,0.34391486017745504,0.3491167457580566,0.7933579980850219,-10.261776795749665
2026-09-11T16:30:57.563,25.695234496000012,-1223.4659423828125,-110111.93481445312,-440447.7392578125,-838.0741705322266,-74.22759338378907,-6.8657426834106445,-4.703033738136292,-10.52038685159334,-1.6072887739234865,0.0,0.018674857914447784,152.98443603515625,6.722948849201202,0.2136230617761612,76.90430223941803,2137.0670343571624,1,1789158657.0490944,38.99062970166667,-76.93772111166666,-6.535999999999998,0,1,7.733961000000001,9.042049,52.1284,1,1,1789158657.561122,0.7834594487329479,0.6068733933965879,0.12686432573806136,-0.04244313175771161,174.81612394510785,-14.495343710281617,76.18294890148636,-0.027899088093129357,0.022123793598280123,0.35522860798765793,-0.6565552283287048,1.0985409511184692,-5.8419195678520195
2026-09-11T16:30:57.596,25.728640512000084,-1223.699462890625,-110132.95166015625,-440531.806640625,-838.2341320800782,-74.38755493164064,-6.997043132781982,-4.7929745459556585,-10.721578708741172,-2.6923536113726705,0.0,0.021038062870502472,172.34381103515625,7.57370263338089,0.2288818508386612,82.39746630191803,164.43637165497975,1,1789158657.0490944,38.99062970166667,-76.93772111166666,-6.535999999999998,0,1,7.733961000000001,9.042049,52.1284,1,1,1789158657.589122,0.7866951016367447,0.6026617475296357,0.12762049356398025,-0.040282064839870464,174.6410747346276,-14.439037294096787,75.5884541504806,-0.19084704131659955,-0.0015770795121020761,0.3768734832391908,-5.762976034049988,-2.3758571346855164,-12.672055272502899
2026-09-11T16:30:57.629,25.762044864000018,-1223.9329833984375,-110153.96850585938,-440615.8740234375,-838.3940936279298,-74.54751647949219,-6.99856424331665,-4.794016506671906,-10.72390950848224,-0.031192364283845184,0.0,0.02890969067811966,236.82818603515625,10.407488644123077,0.19836431741714478,71.41115427017212,-328.88864396374436,1,1789158657.0490944,38.99062970166667,-76.93772111166666,-6.535999999999998,0,1,7.733961000000001,9.042049,52.1284,1,1,1789158657.621122,0.7904065421539633,0.597844838732138,0.1264581646439787,-0.042981153037524,175.065320152816,-14.554384291810782,74.83653457624432,-0.13108452426736092,0.04028464259698192,0.4145694534896147,-2.3142713716697694,-1.1816032779884338,-1.4462847658538818
2026-09-11T16:30:57.663,25.795448159999978,-1224.1636962890625,-110174.73266601562,-440698.9306640625,-838.5521319580079,-74.70555480957032,-6.947977542877197,-4.75936461687088,-10.646395438598056,1.0373793592424845,0.0,0.038251884281635284,313.35943603515625,13.770678341388702,0.12207037210464478,43.94533395767212,-822.2488077982654,1,1789158657.0490944,38.99062970166667,-76.93772111166666,-6.535999999999998,0,1,7.733961000000001,9.042049,52.1284,1,1,1789158657.661122,0.7956902788752256,0.5904675921893033,0.12721268009478057,-0.045187793713962,175.35311887649618,-14.821446952702996,73.76163939923164,-0.05790443952756547,0.0106184086362083,0.4425716905415369,1.4600140760803224,-1.024010409889221,-9.321711311244965
2026-09-11T16:30:57.698,25.828871488000004,-1224.39306640625,-110195.3759765625,-440781.50390625,-838.7092504882813,-74.86267333984375,-6.844244003295898,-4.688307142257691,-10.487444394814078,2.125984420615852,0.0,0.039342887699604034,322.29693603515625,14.163439571857452,0.0610351487994194,21.972653567790985,-657.4055219714772,1,1789158657.0490944,38.99062970166667,-76.93772111166666,-6.535999999999998,0,1,7.733961000000001,9.042049,52.1284,1,1,1789158657.689122,0.7998538858777094,0.585095633412242,0.12603694562354428,-0.044850299287104954,175.50854676677514,-14.720600738230406,72.95164109117779,-0.10742710985535338,-0.0037524578917878084,0.4716768011477943,-0.14964948146820067,-0.6836215827751159,-15.051737000751496
2026-09-11T16:30:57.731,25.862290911999935,-1224.6171875,-110215.546875,-440862.1875,-838.8627734375001,-75.0161962890625,-6.688268661499023,-4.5814640331268315,-10.24844316644333,3.197036224534612,0.0,0.0399475172162056,327.25006103515625,14.381106197834015,-0.0762939527630806,-27.465822994709015,-1479.3335924222597,1,1789158657.0490944,38.99062970166667,-76.93772111166666,-6.535999999999998,0,1,7.733961000000001,9.042049,52.1284,1,1,1789158657.721122,0.8044325520142069,0.5790271613197006,0.12437229064279724,-0.04633949756118781,175.88106907402926,-14.700233929546947,72.0238960252685,-0.023538557489946724,0.029478262000333825,0.4240434497352903,-2.3474178492164612,-2.49255627161026,-3.785563095436096
2026-09-11T16:30:57.764,25.89571382400004,-1224.8341064453125,-110235.06958007812,-440940.2783203125,-839.0113629150392,-75.16478576660157,-6.480620861053467,-4.439225289821625,-9.930264159407704,4.255725632307491,0.0,0.037374503910541534,306.17193603515625,13.454821407794952,-0.1831054836511612,-65.91797411441803,-1150.4727990064912,1,1789158657.0490944,38.99062970166667,-76.93772111166666,-6.535999999999998,0,1,7.733961000000001,9.042049,52.1284,1,1,1789158657.761122,0.8096269069891989,0.5723100466943487,0.12170601928481063,-0.046401797396877754,176.1997264223427,-14.488481433224557,70.99478706978542,-0.059738780571411514,-0.09094439493244412,0.33871657153331514,-2.5861117141532897,-3.045357141227722,-7.884448663539886
2026-09-11T16:30:57.796,25.92912307200004,-1225.04296875,-110253.8671875,-441015.46875,-839.15443359375,-75.30785644531251,-6.352141857147217,-4.3512171721458435,-9.733395606983354,2.634244197169191,0.0,0.03196335583925247,261.84381103515625,11.50680810213089,-0.12207034230232239,-43.94532322883606,657.6816959658358,1,1789158657.0490944,38.99062970166667,-76.93772111166666,-6.535999999999998,0,1,7.733961000000001,9.042049,52.1284,1,1,1789158657.789122,0.8127751295536154,0.5678898117205413,0.12123227555503575,-0.04690933688360784,176.36153610619363,-14.49809567965586,70.34732553550083,-0.022735880566954532,-0.10162615902049983,0.3189917329919012,1.0443101757240296,-0.6724420015907289,-8.093428378486633
2026-09-11T16:30:57.830,25.96253103999993,-1225.24853515625,-110272.3681640625,-441089.47265625,-839.2952465820313,-75.44866943359375,-6.171247482299805,-4.2273045253753665,-9.456210910377957,3.7090746366518546,0.0,0.021848686039447784,178.98443603515625,7.865526974201202,-0.4272461533546448,-153.80861520767212,-3288.53559663343,1,1789158657.0490944,38.99062970166667,-76.93772111166666,-6.535999999999998,0,1,7.733961000000001,9.042049,52.1284,1,1,1789158657.821122,0.8161356082681412,0.5631952187655954,0.1198933122432404,-0.04857373936304888,176.698153182057,-14.501857937176972,69.63743177981202,-0.008008094206925583,-0.05125613134086867,0.2623053587493026,0.6086987755393982,-1.7224400344085693,-12.404922122097016
2026-09-11T16:30:57.865,25.995945312000003,-1225.45166015625,-110290.6494140625,-441162.59765625,-839.4343872070314,-75.58781005859376,-6.068775177001953,-4.157110996246338,-9.299192457601857,2.1007050259504534,0.0,0.009140022099018097,74.87506103515625,3.290407955646515,-0.09155279397964478,-32.95900583267212,3616.706339576601,1,1789158657.0490944,38.99062970166667,-76.93772111166666,-6.535999999999998,0,1,7.733961000000001,9.042049,52.1284,1,1,1789158657.861122,0.819221442565169,0.5587140055492215,0.11962964063506057,-0.04902690206523674,176.84077159638343,-14.524286963758405,68.99113671565685,0.042840153687752014,0.02908311945768231,0.22206016059341574,-3.3178839492225647,-0.7832571484184265,-11.172422329769134
2026-09-11T16:30:57.898,26.02936991999991,-1225.6527099609375,-110308.74389648438,-441234.9755859375,-839.5721063232422,-75.72552917480469,-6.044713973999023,-4.1406290721893315,-9.262323443515854,0.4931074750989935,0.0,0.008396156132221222,68.78131103515625,3.02261620759964,-0.1220703199505806,-43.945315182209015,-328.68925043393773,1,1789158657.0490944,38.99062970166667,-76.93772111166666,-6.535999999999998,0,1,7.733961000000001,9.042049,52.1284,1,1,1789158657.889122,0.8207931480252573,0.5560516649354595,0.12104536593093551,-0.049529521135756226,176.8406935121522,-14.701801612522532,68.63953572831738,0.03594749940577601,0.01118494251140566,0.18114335974136148,2.1227474940109254,0.8902477016830445,-8.505699951286315
2026-09-11T16:30:57.931,26.062788383999987,-1225.856201171875,-110327.05810546875,-441308.232421875,-839.7114978027345,-75.86492065429688,-6.0456366539001465,-4.141261107921601,-9.263737267183242,-0.018912770265791516,0.0,0.004850395023822784,39.73443603515625,1.7461422085762024,0.0,0.0,1315.0010479866983,1,1789158657.0490944,38.99062970166667,-76.93772111166666,-6.535999999999998,0,1,7.733961000000001,9.042049,52.1284,1,1,1789158657.921122,0.822382742903945,0.5532691856442963,0.12314505283839675,-0.049143955393411,176.71171317893453,-14.887645163549706,68.29220923968055,-0.07187632378855568,0.014491643312234117,0.16942277568251876,-0.327149849395752,0.9375157554626465,-12.594975002231598
2026-09-11T16:30:57.964,26.096195648000048,-1226.0562744140625,-110345.06469726562,-441380.2587890625,-839.8485479736329,-76.00197082519531,-6.047173976898193,-4.1423141741752625,-9.266092909303994,-0.031522074171052364,0.0,0.004791267216205597,39.25006103515625,1.724856197834015,0.0,0.0,0.0,1,1789158657.0490944,38.99062970166667,-76.93772111166666,-6.535999999999998,0,1,7.733961000000001,9.042049,52.1284,1,1,1789158657.961122,0.8246524508231724,0.5497769620447154,0.1236394872372377,-0.04906021353328722,176.73470406703464,-14.943331189169465,67.80932394503998,-0.04903485080185548,-0.11568897493551894,0.16619688362605764,-3.942665631027222,0.33028797744750976,-14.546204184913636
2026-09-11T16:30:57.997,26.1296041600001,-1226.255615234375,-110363.00537109375,-441452.021484375,-839.9850964355469,-76.13851928710938,-5.995501518249512,-4.106918540000916,-9.186915130639118,1.0594795175041702,0.0,0.004606254398822784,37.73443603515625,1.6582515835762024,0.0,0.0,0.0,1,1789158657.0490944,38.99062970166667,-76.93772111166666,-6.535999999999998,0,1,7.733961000000001,9.042049,52.1284,1,1,1789158657.989122,0.826188972313674,0.5475095392539594,0.1235586002801357,-0.048768419597174074,176.75384985694254,-14.925796117442832,67.48964201877412,0.034517900215467454,-0.07781567923309239,0.1571258839046675,0.9101552015113831,-0.028243152465820313,-11.993337014808654
2026-09-11T16:30:58.032,26.163025408000067,-1226.454833984375,-110380.93505859375,-441523.740234375,-840.1215612792969,-76.27498413085938,-5.943134307861328,-4.07104700088501,-9.1066727829389,1.0733153685924728,0.0,0.004938133060932159,40.45318603515625,1.7777279019355774,0.1068115383386612,38.45215380191803,1150.5301597940045,1,1789158657.0490944,38.99062970166667,-76.93772111166666,-6.535999999999998,0,1,7.733961000000001,9.042049,52.1284,1,1,1789158658.021122,0.8282056168379892,0.5445978442772671,0.12328376228806702,-0.0478514179796058,176.73694734392157,-14.85229953746481,67.08034954812008,-0.051080027619342445,-0.07521758210857363,0.1436194789551842,-0.8550418276023866,0.3883433464050293,-11.431710160045624
2026-09-11T16:30:58.065,26.196443488000114,-1226.651611328125,-110398.64501953125,-441594.580078125,-840.2563537597657,-76.40977661132813,-5.892701625823975,-4.036500613689423,-9.029394715661727,1.0337633758593852,0.0,0.004171378910541534,34.17193603515625,1.5016964077949524,0.1525879055261612,54.93164598941803,493.1310292954276,1,1789158658.043942,38.990624266666664,-76.93774647833334,-6.503999999999998,0,1,8.0656,8.994001,70.946929,1,1,1789158658.061122,0.8305498945526861,0.5414152533371523,0.12208307330391432,-0.04639094011830654,176.73295675244404,-14.656629597304832,66.61897246060722,-0.001656491993067818,-0.07396687916659449,0.1577145834613652,-0.5220079881095886,0.5229886531257629,-8.124907725505828
2026-09-11T16:30:58.098,26.229866240000092,-1226.8463134765625,-110416.16821289062,-441664.6728515625,-840.3897247314454,-76.54314758300782,-5.841749668121338,-4.001598522663117,-8.951320961576396,1.0442614368298766,0.0,0.004362113773822784,35.73443603515625,1.5703609585762024,-0.0762939602136612,-27.46582567691803,-2465.3108058363623,1,1789158658.043942,38.990624266666664,-76.93774647833334,-6.503999999999998,0,1,8.0656,8.994001,70.946929,1,1,1789158658.089122,0.8321051082766688,0.5389323278633884,0.12191494160933854,-0.04785166429722229,176.93120871471038,-14.742165201899962,66.25719642460567,0.06684977554281202,0.03747972395610183,0.16740779306109133,-2.095288873558044,-0.8106177023696899,-12.173092912273406
2026-09-11T16:30:58.131,26.26328502399997,-1227.040283203125,-110433.62548828125,-441734.501953125,-840.5225939941407,-76.67601684570313,-5.8167290687561035,-3.984459412097931,-8.9129818631396,0.5128585936953435,0.0,0.004669196903705597,38.25006103515625,1.680910885334015,0.0,0.0,821.8678955230268,1,1789158658.043942,38.990624266666664,-76.93774647833334,-6.503999999999998,0,1,8.0656,8.994001,70.946929,1,1,1789158658.121122,0.833587994593256,0.5366442935264334,0.12225234697547349,-0.04688625762947482,176.85603023424764,-14.72255287450105,65.95122894720579,0.0670679416993113,-0.01337288726170575,0.16623161567817232,-2.0055580245780944,1.2732954570007324,-9.867059126739502
2026-09-11T16:30:58.164,26.296692224000026,-1227.2352294921875,-110451.17065429688,-441804.6826171875,-840.6561322021485,-76.80955505371094,-5.869760036468506,-4.020785624980927,-8.994241287090466,-1.0873767595887893,0.0,0.004362113773822784,35.73443603515625,1.5703609585762024,0.0,0.0,0.0,1,1789158658.043942,38.990624266666664,-76.93774647833334,-6.503999999999998,0,1,8.0656,8.994001,70.946929,1,1,1789158658.161122,0.8354957307973649,0.5334573727321476,0.12371947999566336,-0.04542692556947248,176.67434809469427,-14.78548686394736,65.54743213421375,0.01362334200936694,0.02955488195449638,0.16986347131864732,-1.05078256483078,1.4436369703102112,-10.227845786190034
2026-09-11T16:30:58.197,26.330100800000082,-1227.43212890625,-110468.8916015625,-441875.56640625,-840.7910083007813,-76.94443115234375,-5.89723539352417,-4.039606244564057,-9.036341814074921,-0.5633469556768524,0.0,0.004127509891986847,33.81256103515625,1.485903561115265,0.0762939527630806,27.465822994709015,822.1189372053095,1,1789158658.043942,38.990624266666664,-76.93774647833334,-6.503999999999998,0,1,8.0656,8.994001,70.946929,1,1,1789158658.189122,0.836927492384949,0.5314872641559302,0.1232109195378119,-0.04350551501743906,176.55472625113285,-14.624460506502711,65.27706064930032,0.004866501553335789,-0.009878389033362706,0.16597313241595196,-1.0038087105560303,1.4161783498573304,-9.97934527109146
2026-09-11T16:30:58.232,26.363515775999986,-1227.6343994140625,-110487.09594726562,-441948.3837890625,-840.9295635986329,-77.08298645019532,-5.976309776306152,-4.093772196769715,-9.15750759835744,-1.6210082630558798,0.0,0.004425056278705597,36.25006103515625,1.593020260334015,0.0,0.0,-821.9614760396128,1,1789158658.043942,38.990624266666664,-76.93774647833334,-6.503999999999998,0,1,8.0656,8.994001,70.946929,1,1,1789158658.221122,0.838680589890748,0.5292305305608109,0.12166588134986281,-0.04156112339904242,176.50442824716342,-14.36324281251257,64.94669527152435,0.03286350261750203,-0.013500470830026538,0.17188334086198037,-2.0234061278724673,1.4047045691680908,-7.846202727909088
2026-09-11T16:30:58.266,26.396938207999938,-1227.8359375,-110505.234375,-442020.9375,-841.0676171875001,-77.2210400390625,-6.003547191619873,-4.112429826259613,-9.199243526887098,-0.5582367402206194,0.0,0.005157478153705597,42.25006103515625,1.856692135334015,0.0,0.0,0.0,1,1789158658.043942,38.990624266666664,-76.93774647833334,-6.503999999999998,0,1,8.0656,8.994001,70.946929,1,1,1789158658.261122,0.8412168551835291,0.5257954073734293,0.1201422708094219,-0.038199828597764586,176.33180651214158,-14.022445914012076,64.46546110334556,0.005567076715086313,-0.0387813905122392,0.20442570289711545,-1.3385096805763244,1.2189666151046752,-9.396634118480682
2026-09-11T16:30:58.298,26.430346399999962,-1228.0389404296875,-110523.50463867188,-442094.0185546875,-841.206674194336,-77.36009704589844,-6.108696937561035,-4.1844574022293095,-9.360364625602418,-2.1559854531979328,0.0,0.006504066288471222,53.28131103515625,2.34146386384964,0.015258795581758022,5.493166409432888,164.42573155197599,1,1789158658.043942,38.990624266666664,-76.93774647833334,-6.503999999999998,0,1,8.0656,8.994001,70.946929,1,1,1789158658.289122,0.8431525184558443,0.523144808379465,0.11893294830558639,-0.03561311408063863,176.19933405316596,-13.757843464104464,64.09480703672628,-0.01377012419945966,-0.05448760845093618,0.2222210799504496,-1.5001232752418519,1.220241479625702,-9.389082997856141
2026-09-11T16:30:58.331,26.463755071999913,-1228.245849609375,-110542.12646484375,-442168.505859375,-841.3484069824219,-77.50182983398439,-6.186345100402832,-4.2376463937759405,-9.479345011130851,-1.592071410282633,0.0,0.007858283817768097,64.37506103515625,2.828982174396515,0.0915527492761612,32.95898973941803,822.1165848802931,1,1789158658.043942,38.990624266666664,-76.93774647833334,-6.503999999999998,0,1,8.0656,8.994001,70.946929,1,1,1789158658.321122,0.8456116280959426,0.519605443297455,0.11796934265711767,-0.03216196383357287,175.9784817258032,-13.46996221041746,63.614298604018565,-0.06261770117257616,-0.046669755132477966,0.24814777145590017,-1.7553903789520262,0.8911303001976014,-11.261368646736145
2026-09-11T16:30:58.365,26.49717974400005,-1228.4547119140625,-110560.92407226562,-442243.6962890625,-841.4914776611329,-77.64490051269532,-6.2383952140808105,-4.273300721645356,-9.559101471110752,-1.0667068885303839,0.0,0.00910378247499466,74.57818603515625,3.2773616909980774,0.1220703199505806,43.945315182209015,328.68910255112786,1,1789158658.043942,38.990624266666664,-76.93774647833334,-6.503999999999998,0,1,8.0656,8.994001,70.946929,1,1,1789158658.361122,0.8487501185721011,0.5150843319435658,0.11633312244444101,-0.027892146429081176,175.7318150891912,-13.073988842647601,62.994258646668385,-0.04140619117431347,-0.07871836352222385,0.26432103950243085,-2.8588346551513673,1.429515394077301,-9.850093621959685
2026-09-11T16:30:58.398,26.53058787200007,-1228.6669921875,-110580.029296875,-442320.1171875,-841.6368896484375,-77.79031250000001,-6.343592166900635,-4.345360634326935,-9.72029490499045,-2.156957512900401,0.0,0.01091194897890091,89.39068603515625,3.9283016324043274,0.0457763746380806,16.479494869709015,-822.12988146131,1,1789158658.043942,38.990624266666664,-76.93774647833334,-6.503999999999998,0,1,8.0656,8.994001,70.946929,1,1,1789158658.389122,0.8511969452470711,0.5112586449003803,0.11589578922489188,-0.025426845195994474,175.57423195099426,-12.902912903729993,62.481699381187994,0.011842757106482324,-0.09549115216681456,0.3074243888413836,-1.1215865789985657,1.170521763305664,-11.829467890605926
2026-09-11T16:30:58.433,26.564004544,-1228.884521484375,-110599.60693359375,-442398.427734375,-841.7858972167969,-77.93932006835938,-6.4482011795043945,-4.4170178079605105,-9.880587437277438,-2.1443539809626975,0.0,0.012104041874408722,99.15631103515625,4.35745507478714,0.0610351637005806,21.972658932209015,164.38393573457776,1,1789158658.043942,38.990624266666664,-76.93774647833334,-6.503999999999998,0,1,8.0656,8.994001,70.946929,1,1,1789158658.421122,0.8538152041024929,0.5070484156505409,0.11564726429714854,-0.0229610907902932,175.40893832193066,-12.754119154705137,61.922314847791306,-0.010373189876303097,-0.09363761250119657,0.30239696793101395,-1.9114141830253601,2.2591579977607728,-9.372411692581176
2026-09-11T16:30:58.465,26.597427359999983,-1229.1041259765625,-110619.37133789062,-442477.4853515625,-841.9363262939454,-78.08974914550782,-6.579160690307617,-4.506725072860718,-10.081256873793649,-2.684012768410974,0.0,0.013103492558002472,107.34381103515625,4.71725732088089,0.1373291164636612,49.43848192691803,821.768668287025,1,1789158658.043942,38.990624266666664,-76.93774647833334,-6.503999999999998,0,1,8.0656,8.994001,70.946929,1,1,1789158658.461122,0.8574026217043387,0.5015546979196625,0.11350064385027137,-0.020523964890266,175.38002035620502,-12.428392366018429,61.15601378801602,0.033006619616165564,-0.08659887416082865,0.3172842773846752,-2.3780145977211,1.9742748105621337,-9.922760899658204
2026-09-11T16:30:58.498,26.63083593600004,-1229.326416015625,-110639.37744140625,-442557.509765625,-842.0885949707032,-78.24201782226564,-6.657551288604736,-4.5604226326942445,-10.201374894180027,-1.6072986718570832,0.0,0.013746269047260284,112.60943603515625,4.948656857013702,0.1831054836511612,65.91797411441803,493.27131415215894,1,1789158658.043942,38.990624266666664,-76.93774647833334,-6.503999999999998,0,1,8.0656,8.994001,70.946929,1,1,1789158658.489122,0.859937470875863,0.49751339640741016,0.11250415620622983,-0.018187397150550056,175.26580644565982,-12.215548152625942,60.609587664989384,-0.005310338782117946,-0.09689718941222118,0.3260667741807106,-1.4078426972198486,1.463642536640167,-6.477978897342682
2026-09-11T16:30:58.531,26.664243967999937,-1229.5555419921875,-110659.99877929688,-442639.9951171875,-842.2455462646485,-78.39896911621095,-6.841759204864502,-4.686605055332184,-10.48363693479818,-3.7770085540604996,0.0,0.01373482495546341,112.51568603515625,4.944536983966827,0.0762939527630806,27.465822994709015,-1150.9852217522716,1,1789158658.043942,38.990624266666664,-76.93774647833334,-6.503999999999998,0,1,8.0656,8.994001,70.946929,1,1,1789158658.521122,0.8627171536089276,0.492879940338577,0.11201461747804337,-0.015530703525547137,175.09505113592397,-12.039349268495204,59.99716628205703,-0.06799942392110067,-0.05969724173521405,0.3398828005394977,-1.497671612701416,2.3740919376564027,-11.359042882347108
2026-09-11T16:30:58.567,26.697649343999956,-1229.788330078125,-110680.94970703125,-442723.798828125,-842.4050061035157,-78.55842895507813,-6.921549320220947,-4.741261284351349,-10.605899437077989,-1.6361506908089953,0.0,0.013639457523822784,111.73443603515625,4.910204708576202,0.0,0.0,-822.1976904164633,1,1789158658.043942,38.990624266666664,-76.93774647833334,-6.503999999999998,0,1,8.0656,8.994001,70.946929,1,1,1789158658.561122,0.8661525481077018,0.48711430865056815,0.11102674576965674,-0.013132990452069927,174.99337875376574,-11.836917955630875,59.225149542736006,0.00885824408557202,0.005227261109723017,0.3260299477334936,-2.0371354380989075,1.7262646279716491,-11.406114803123474
2026-09-11T16:30:58.600,26.731073312000035,-1230.0228271484375,-110702.05444335938,-442808.2177734375,-842.5656365966797,-78.71905944824219,-6.999897480010986,-4.794929773807526,-10.72595242888225,-1.6056887517379692,0.0,0.013883598148822784,113.73443603515625,4.998095333576202,0.0,0.0,0.0,1,1789158658.043942,38.990624266666664,-76.93774647833334,-6.503999999999998,0,1,8.0656,8.994001,70.946929,1,1,1789158658.589122,0.8685540430835609,0.4829758736794355,0.11050940532298538,-0.011655514658136348,174.93168774394707,-11.725638052547584,58.6749190411301,0.021112026230899007,0.016314639715942197,0.32436071483688617,-0.595459797821045,1.04009331615448,-7.1226680789756776
2026-09-11T16:30:58.632,26.76449500800004,-1230.255859375,-110723.02734375,-442892.109375,-842.725263671875,-78.87868652343751,-7.000369071960449,-4.795252814292908,-10.726675049867804,-0.00966559223631146,0.0,0.012907035648822784,105.73443603515625,4.646532833576202,0.0,0.0,0.0,1,1789158658.043942,38.990624266666664,-76.93774647833334,-6.503999999999998,0,1,8.0656,8.994001,70.946929,1,1,1789158658.621122,0.8711877436145378,0.4782032734017224,0.11040348199288408,-0.01283027075063554,175.12196545990236,-11.808149271830656,58.03035574042889,0.10260790672474662,0.07638328751598063,0.29789087686821497,-0.8702421353530884,0.6626353514289857,-8.105098292179107
2026-09-11T16:30:58.666,26.797903328000075,-1230.4871826171875,-110743.84643554688,-442975.3857421875,-842.8837200927735,-79.03714294433594,-6.949246883392334,-4.760234115123749,-10.648340450795777,1.048202937744918,0.0,0.012222297489643097,100.12506103515625,4.400027096271515,-0.1678466945886612,-60.42481005191803,-1808.6755051392795,1,1789158658.043942,38.990624266666664,-76.93774647833334,-6.503999999999998,0,1,8.0656,8.994001,70.946929,1,1,1789158658.661122,0.8737308469629724,0.4737246976562896,0.1086361787617858,-0.019429322166791146,175.95606705368056,-12.019574967993222,57.35777293591066,0.3449271511436117,0.16199744691283408,0.23680522571303944,-3.065558840560913,3.0898793329620364,-13.62496746871948
2026-09-11T16:30:58.699,26.831310304,-1230.717529296875,-110764.57763671875,-443058.310546875,-843.0415075683594,-79.19493041992187,-6.871863842010498,-4.707226731777191,-10.529766311241021,1.5867160004748397,0.0,0.012969978153705597,106.25006103515625,4.669192135334015,-0.1068115308880806,-38.452151119709015,657.726665599997,1,1789158658.043942,38.990624266666664,-76.93774647833334,-6.503999999999998,0,1,8.0656,8.994001,70.946929,1,1,1789158658.689122,0.8756927375986098,0.46966326303072564,0.11037786648004073,-0.01988404555662641,175.95972764366618,-12.239102613007942,56.84564350676601,0.2082902109268813,0.1665393172252989,0.2732470023629803,1.9479929881286622,-2.7980334241485596,4.931470166835785
2026-09-11T16:30:58.734,26.864732704000062,-1230.9476318359375,-110785.28686523438,-443141.1474609375,-843.1991278076173,-79.3525506591797,-6.846588611602783,-4.689913198947907,-10.49103704131152,0.5180218305463306,0.0,0.00966835767030716,79.20318603515625,3.4806087613105774,-0.045776382088661194,-16.47949755191803,657.4229728490318,1,1789158658.043942,38.990624266666664,-76.93774647833334,-6.503999999999998,0,1,8.0656,8.994001,70.946929,1,1,1789158658.729122,0.8780618445794383,0.4652968278641032,0.10931953712551434,-0.02356900244009526,176.4584808517958,-12.351692428445933,56.222783178031605,0.012733747689625428,-0.0566029475043533,0.28048558090270154,-2.7903842370224,-0.2944937043571472,-18.416104471740724
2026-09-11T16:30:58.766,26.89815395200003,-1231.17578125,-110805.8203125,-443223.28125,-843.3554101562501,-79.50883300781251,-6.717526912689209,-4.601505935192108,-10.293275624534948,2.6452412476004423,0.0,0.008869178593158722,72.65631103515625,3.19290429353714,0.0610351599752903,21.972657591104507,1150.5301999213063,1,1789158658.043942,38.990624266666664,-76.93774647833334,-6.503999999999998,0,1,8.0656,8.994001,70.946929,1,1,1789158658.761122,0.8803459461394099,0.46134529462980334,0.10716893873750889,-0.025813810426269193,176.86535361469655,-12.269464324887954,55.65057446935241,0.1526918749399759,-0.1279499129307791,0.27111787520847236,-1.2295577972793579,0.8227779485702514,-15.938062042369841
2026-09-11T16:30:58.799,26.93156041599991,-1231.3885498046875,-110824.96948242188,-443299.8779296875,-843.501156616211,-79.65457946777344,-6.459115982055664,-4.42449444770813,-9.897312204071504,5.298719657507183,0.0,0.00882149487733841,72.26568603515625,3.1757381558418274,0.030517585575580597,10.986330807209015,-328.86829279310973,1,1789158658.043942,38.990624266666664,-76.93774647833334,-6.503999999999998,0,1,8.0656,8.994001,70.946929,1,1,1789158658.789122,0.8820675735037985,0.45838748908160337,0.1050626129997099,-0.02827636780524378,177.27698004774663,-12.196653908867656,55.21042463006337,0.16671873707240395,-0.1758949801476893,0.2026512266466128,0.24781404958724976,-4.4537882374572755,-6.870735236320495
2026-09-11T16:30:58.832,26.96496742399995,-1231.599853515625,-110843.98681640625,-443375.947265625,-843.6458996582032,-79.79932250976563,-6.30454158782959,-4.318610987663269,-9.660457649568862,3.169498449089904,0.0,0.008483894169330597,69.50006103515625,3.054201900959015,-0.015258791856467724,-5.493165068328381,-493.2945768599687,1,1789158658.043942,38.990624266666664,-76.93774647833334,-6.503999999999998,0,1,8.0656,8.994001,70.946929,1,1,1789158658.821122,0.8842356135179478,0.45497243468322335,0.10116775289917149,-0.029875562560233875,177.7027669574906,-11.893745876672552,54.694370917278974,0.08675525566180735,-0.2626612313837842,0.20248960915787814,0.14239256034851075,-3.3184723482322696,-8.227583352699279
2026-09-11T16:30:58.867,26.998385152000083,-1231.8031005859375,-110862.27905273438,-443449.1162109375,-843.7851239013672,-79.9385467529297,-6.072667121887207,-4.159776978492737,-9.305156090042798,4.752986473823338,0.0,0.008024223148822784,65.73443603515625,2.8887203335762024,0.0,0.0,164.37877130087344,1,1789158658.043942,38.990624266666664,-76.93774647833334,-6.503999999999998,0,1,8.0656,8.994001,70.946929,1,1,1789158658.861122,0.8864237537516585,0.4513379092787468,0.09722103632628136,-0.033092152065902505,178.29774922978135,-11.667367846240081,54.14133710398125,0.09800809148111558,-0.17365327925642782,0.1865873907441822,4.691697570381165,-1.3051670700263978,-8.76900850812912
2026-09-11T16:30:58.900,27.031809472000077,-1232.00048828125,-110880.0439453125,-443520.17578125,-843.9203344726564,-80.07375732421876,-5.9156646728515625,-4.052230300903321,-9.06458102385316,3.2176175189034217,0.0,0.008853919804096222,72.53131103515625,3.18741112947464,-0.1068115308880806,-38.452151119709015,-1150.424335325751,1,1789158658.043942,38.990624266666664,-76.93774647833334,-6.503999999999998,0,1,8.0656,8.994001,70.946929,1,1,1789158658.889122,0.8880260376345193,0.4481140555360889,0.0969099728794444,-0.034813889047908025,178.53559206948714,-11.73107421795376,53.70313031790157,0.01233302009336753,-0.0881532643926548,0.2017239332150282,-0.159946464138031,-1.1883698666000366,-8.811961635837555
2026-09-11T16:30:58.933,27.065218303999927,-1232.192138671875,-110897.29248046875,-443589.169921875,-844.0516149902344,-80.20503784179688,-5.785680294036865,-3.963191001415253,-8.8654057834092,2.665142543398929,0.0,0.007066734135150909,57.89068603515625,2.5440242886543274,-0.1373291164636612,-49.43848192691803,-328.84510321277736,1,1789158658.043942,38.990624266666664,-76.93774647833334,-6.503999999999998,0,1,8.0656,8.994001,70.946929,1,1,1789158658.920122,0.8893920878799618,0.44543564159763055,0.0961493520879721,-0.0363882577776478,178.77509976783264,-11.738556172097715,53.33223242589881,0.09448479532011463,-0.11284880064374857,0.15932238076830238,2.965825208415985,-0.887894105644226,-9.866961060237886
2026-09-11T16:30:58.966,27.09862735999991,-1232.378173828125,-110914.03564453125,-443656.142578125,-844.1790490722657,-80.33247192382814,-5.578744888305664,-3.82144024848938,-8.548318379763279,4.242884112797087,0.0,0.0008373335003852844,6.85943603515625,0.3014400601387024,-0.1525879204273224,-54.93165135383606,-164.42156961636246,1,1789158658.043942,38.990624266666664,-76.93774647833334,-6.503999999999998,0,1,8.0656,8.994001,70.946929,1,1,1789158658.961122,0.8907030027094123,0.4429995457613265,0.0950497068770715,-0.03694748492493309,178.92375551521212,-11.65730520006669,52.99764588307003,-0.0015968017326496121,-0.018480942383517558,0.07464633584439587,2.100878664150238,1.2730993239974975,-7.280260947074891
2026-09-11T16:30:59.000,27.132036224000103,-1232.5660400390625,-110930.94360351562,-443723.7744140625,-844.3077374267579,-80.46116027832032,-5.630974769592285,-3.8572177171707156,-8.628350297894396,-1.070897492387889,0.0,-0.00807952880859375,-66.1875,-2.90863037109375,-0.3662109673023224,-131.83594822883606,-2301.9129556321964,1,1789158658.043942,38.990624266666664,-76.93774647833334,-6.503999999999998,0,1,8.0656,8.994001,70.946929,1,1,1789158658.989122,0.8916043074819027,0.44143599021074587,0.09380848880742898,-0.03709437766079293,179.0249045207394,-11.538695348853988,52.77882397064096,0.11441174298890949,-0.026062652654180923,0.08548168890662707,0.4367881982040406,-3.382705906791687,-4.04622385673523
2026-09-11T16:30:59.035,27.165455520000023,-1232.760009765625,-110948.40087890625,-443793.603515625,-844.4406066894531,-80.59402954101563,-5.787591934204102,-3.96450047492981,-8.868334992237395,-3.210204001884153,0.0,-0.02184295654296875,-178.9375,-7.86346435546875,-0.4119873642921448,-148.31545114517212,-493.11340718773704,1,1789158658.043942,38.990624266666664,-76.93774647833334,-6.503999999999998,0,1,8.0656,8.994001,70.946929,1,1,1789158659.0291219,0.8923231567477893,0.44000262024989817,0.09500976197997625,-0.03361879286042608,178.61938021944104,-11.486879788357008,52.634481645388064,-0.17566599294982768,-0.06356454229178309,0.06437507319640924,4.068190753097534,5.420920076408387,-5.320205779247284
2026-09-11T16:30:59.067,27.19886643199993,-1232.95654296875,-110966.0888671875,-443864.35546875,-844.5752319335938,-80.72865478515625,-5.81496524810791,-3.983251194953919,-8.910279158361476,-0.5612154503343232,0.0,-0.033046722412109375,-270.71875,-11.896820068359375,-0.13732916116714478,-49.43849802017212,2959.420955802434,1,1789158659.0446374,38.990622945,-76.93777388,-6.379000000000001,0,1,8.0656,8.994001,70.946929,1,1,1789158659.061122,0.8925400204234619,0.43924910614943086,0.09610125017772657,-0.03459890755053226,178.6740744814736,-11.650632798407074,52.54199563454519,0.11655640357376011,-0.01999728443765023,-0.005794493116621174,5.090337899456024,-0.5998727903938293,-19.364897874889373
2026-09-11T16:30:59.100,27.232274208000035,-1233.148681640625,-110983.38134765625,-443933.525390625,-844.7068469238282,-80.86026977539063,-5.76457405090332,-3.9487332248687745,-8.833064658349969,1.033231607067684,0.0,-0.048770904541015625,-399.53125,-17.557525634765625,-0.6561279892921448,-236.20607614517212,-5590.542097876263,1,1789158659.0446374,38.990622945,-76.93777388,-6.379000000000001,0,1,8.0656,8.994001,70.946929,1,1,1789158659.089122,0.8925010734403863,0.4392145245852204,0.096984043784326,-0.03356382803520851,178.52060117001727,-11.689051112375543,52.55656366703431,-0.025512175808101913,0.07594276641277728,-0.0802401160970377,-1.648792091693878,-0.23800739942550658,-6.1699520157623295
2026-09-11T16:30:59.133,27.26567907200001,-1233.3468017578125,-111001.21215820312,-444004.8486328125,-844.8425592041016,-80.99598205566407,-5.89702844619751,-4.039464485645294,-9.036024708404819,-2.7161092700926375,0.0,-0.06437873840332031,-527.390625,-23.176345825195312,-0.045776426792144775,-16.47951364517212,6577.681696298927,1,1789158659.0446374,38.990622945,-76.93777388,-6.379000000000001,0,1,8.0656,8.994001,70.946929,1,1,1789158659.129122,0.891660401554897,0.4402019158143718,0.10111596036736797,-0.030652311027084312,177.98718627348356,-11.964676236902521,52.76093766039068,-0.09242530680276131,0.09764558659547636,-0.12624559891620662,3.1415603793144227,1.4360858496856688,-8.860014221630097
2026-09-11T16:30:59.167,27.299086592000094,-1233.54736328125,-111019.2626953125,-444077.05078125,-844.9799438476563,-81.13336669921875,-6.001420497894287,-4.110973041057587,-9.195984791198958,-2.1404927816286903,0.0,-0.06468772888183594,-529.921875,-23.287582397460938,0.0457763709127903,16.479493528604507,986.5744950147518,1,1789158659.0446374,38.990622945,-76.93777388,-6.379000000000001,0,1,8.0656,8.994001,70.946929,1,1,1789158659.161122,0.8905768787528505,0.44196106170169974,0.10371976206693806,-0.02802595095825774,177.5521772048366,-12.09384961148987,53.04642332167204,-0.08080979156488866,0.05381181696456397,-0.15453302276790473,1.711946918735504,1.3669489660453795,-13.028134739875794
2026-09-11T16:30:59.201,27.332513408000068,-1233.75244140625,-111037.7197265625,-444150.87890625,-845.1204223632814,-81.27384521484376,-6.079710960388184,-4.1646020078659065,-9.315949373357869,-1.6043695818459496,0.0,-0.06403541564941406,-524.578125,-23.052749633789062,0.045776382088661194,16.47949755191803,0.00012036185326003004,1,1789158659.0446374,38.990622945,-76.93777388,-6.379000000000001,0,1,8.0656,8.994001,70.946929,1,1,1789158659.189122,0.8895830779967463,0.44348445183180496,0.1064851489283757,-0.02498802479148358,177.06806527930627,-12.217209975106153,53.3091718628135,-0.10823240477222357,0.05599470026003328,-0.17053193242216114,0.4633642201423645,1.1486529334449769,-7.301051045417786
2026-09-11T16:30:59.234,27.365929823999977,-1233.9581298828125,-111056.23168945312,-444224.9267578125,-845.2613189697266,-81.41474182128907,-6.132275581359863,-4.200608773231506,-9.396494213563667,-1.077517270723998,0.0,-0.063812255859375,-522.75,-22.972412109375,0.0,0.0,-493.15574572577947,1,1789158659.0446374,38.990622945,-76.93777388,-6.379000000000001,0,1,8.0656,8.994001,70.946929,1,1,1789158659.229122,0.8883799947910485,0.44552726337960297,0.10835694683456663,-0.023349828976445535,176.76896245252254,-12.317585658919475,53.6167570514022,-0.017277188798417067,0.04907097911737177,-0.16348673636356084,0.6945069644546508,-0.49788362871170044,-8.472063141231537
2026-09-11T16:30:59.267,27.399339392,-1234.16064453125,-111074.4580078125,-444297.83203125,-845.4000415039063,-81.55346435546876,-6.133277416229248,-4.201295030117035,-9.398029326496578,-0.02054072909677575,0.0,-0.06350898742675781,-520.265625,-22.863235473632812,0.0457763709127903,16.479493528604507,493.25670803622415,1,1789158659.0446374,38.990622945,-76.93777388,-6.379000000000001,0,1,8.0656,8.994001,70.946929,1,1,1789158659.261122,0.8876282542949187,0.446744309197569,0.10954531634941742,-0.023139318115450155,176.66572178343526,-12.424078462788597,53.79535714981133,-0.04642226744454518,0.05693752712196062,-0.1335520707638305,0.027262487449645996,1.0683364686203003,-9.976207143039703
2026-09-11T16:30:59.300,27.432749280000053,-1234.367431640625,-111093.06884765625,-444372.275390625,-845.5416906738282,-81.69511352539062,-6.185810089111328,-4.23727991104126,-9.478525212601234,-1.0770727792972588,0.0,-0.061767578125,-506.0,-22.236328125,0.0762939527630806,27.465822994709015,328.83466912812503,1,1789158659.0446374,38.990622945,-76.93777388,-6.379000000000001,0,1,8.0656,8.994001,70.946929,1,1,1789158659.289122,0.8871589092976191,0.4478803543368872,0.10896482855106672,-0.02188433210677841,176.5512134911997,-12.294779486362097,53.945232254741605,0.06207368204472953,0.01827988045368781,-0.10811092985628476,-1.0453889072418212,0.6092871745491028,-9.29287975976944
2026-09-11T16:30:59.335,27.466165344000046,-1234.5775146484375,-111111.97631835938,-444447.9052734375,-845.6855975341798,-81.83902038574219,-6.264672756195068,-4.291300837993622,-9.59936658463139,-1.6166154982337768,0.0,-0.05717658996582031,-468.390625,-20.583572387695312,0.1220703274011612,43.94531786441803,493.1608602889961,1,1789158659.0446374,38.990622945,-76.93777388,-6.379000000000001,0,1,8.0656,8.994001,70.946929,1,1,1789158659.333122,0.8866252499344719,0.44888550469342453,0.10982336940690708,-0.018338412877859683,176.12369553980605,-12.193155873677881,54.11904378262804,-0.05944032926932048,-0.03870424695930105,-0.05387168175790737,-0.06472389106750488,1.7802992703628542,-9.238550917873383
2026-09-11T16:30:59.368,27.49957731199993,-1234.7921142578125,-111131.29028320312,-444525.1611328125,-845.8325982666016,-81.98602111816408,-6.421665191650391,-4.398840656280518,-9.839926306998285,-3.218601738373373,0.0,-0.05354118347167969,-438.609375,-19.274826049804688,0.0762939602136612,27.46582567691803,-493.22123699981233,1,1789158659.0446374,38.990622945,-76.93777388,-6.379000000000001,0,1,8.0656,8.994001,70.946929,1,1,1789158659.361122,0.8864785540377421,0.44922994626515106,0.11011545093711242,-0.014927024977527239,175.75048093295422,-12.042741110603083,54.196386601586816,-0.07098027175058179,-0.07332791412743937,-0.04970191564196773,-1.1759154208946228,1.5370943463516233,-10.261972928752899
2026-09-11T16:30:59.401,27.533002432000103,-1235.007568359375,-111150.68115234375,-444602.724609375,-845.980184326172,-82.13360717773438,-6.422863006591797,-4.399661159515381,-9.841761720462099,-0.02454750304140471,0.0,-0.053070068359375,-434.75,-19.105224609375,-0.0610351599752903,-21.972657591104507,-1479.0816986674822,1,1789158659.0446374,38.990622945,-76.93777388,-6.379000000000001,0,1,8.0656,8.994001,70.946929,1,1,1789158659.389122,0.8867324393543938,0.44886068594574163,0.10965925795958599,-0.014300795526032875,175.71575550018918,-11.965049003984962,54.145907034807564,-0.06375076892297088,-0.046797862299574354,-0.047669828793870724,-0.10993254831314087,0.870634401359558,-8.96641637588501
2026-09-11T16:30:59.434,27.566412096000022,-1235.2208251953125,-111169.87426757812,-444679.4970703125,-846.1262652587891,-82.27968811035157,-6.424565315246582,-4.400827240943909,-9.844370170329062,-0.03490251887987587,0.0,-0.05641746520996094,-462.171875,-20.310287475585938,-0.0762939602136612,-27.46582567691803,-164.4185372779225,1,1789158659.0446374,38.990622945,-76.93777388,-6.379000000000001,0,1,8.0656,8.994001,70.946929,1,1,1789158659.429122,0.8865882877391114,0.4487615076927045,0.11100158749351147,-0.015904868157955554,175.80960308162167,-12.186846284976287,54.141567255030886,-0.0394587527949382,0.03588327128930261,-0.06758176663109842,0.08237586135864257,0.05187717935562134,-13.751669388809203
2026-09-11T16:30:59.469,27.599831168000037,-1235.43408203125,-111189.0673828125,-444756.26953125,-846.2723461914063,-82.42576904296875,-6.34836483001709,-4.348629908561707,-9.727608063174888,1.5619025083095843,0.0,-0.05825996398925781,-477.265625,-20.973587036132812,0.0,0.0,821.8608127989186,1,1789158659.0446374,38.990622945,-76.93777388,-6.379000000000001,0,1,8.0656,8.994001,70.946929,1,1,1789158659.461122,0.8860428064312068,0.44919805630574433,0.11328249145776013,-0.01778562654996604,175.87312371538073,-12.516737874948857,54.22014791819087,-0.00044715335436094726,0.08762320789882412,-0.10659458780215209,0.7220636514091492,0.9103513345146179,-10.592653172206878
2026-09-11T16:30:59.502,27.63325551999992,-1235.645263671875,-111208.07373046875,-444832.294921875,-846.4170056152344,-82.57042846679688,-6.322761535644531,-4.331091651916505,-9.68837610038587,0.5247149337483975,0.0,-0.05895233154296875,-482.9375,-21.22283935546875,-0.0457763709127903,-16.479493528604507,-493.03853455893193,1,1789158659.0446374,38.990622945,-76.93777388,-6.379000000000001,0,1,8.0656,8.994001,70.946929,1,1,1789158659.489122,0.8856600753186294,0.4499112649667392,0.11321131549032616,-0.01921672936734864,176.01473300873036,-12.581324481706332,54.30021742527376,0.0002707005669843205,0.1214206361990683,-0.11497688060070525,-0.6427278516006469,-0.281254726638794,-9.457925681991577
2026-09-11T16:30:59.534,27.666661792000014,-1235.8546142578125,-111226.91528320312,-444907.6611328125,-846.5604107666016,-82.71383361816407,-6.296713352203369,-4.313248646259308,-9.648462433471956,0.5341214265736357,0.0,-0.05923271179199219,-485.234375,-21.323776245117188,-0.0305175818502903,-10.986329466104507,164.43511154087224,1,1789158659.0446374,38.990622945,-76.93777388,-6.379000000000001,0,1,8.0656,8.994001,70.946929,1,1,1789158659.5291219,0.8845279242889298,0.4507320753888955,0.11829892596447933,-0.021361448555443717,175.94441046652696,-13.210776787488065,54.47420777852001,0.008343546489158893,0.19727840507727346,-0.1211811770256947,-0.6878384423446655,-0.3282285809135437,-10.312673310089112
2026-09-11T16:30:59.567,27.700069184000085,-1236.0599365234375,-111245.39428710938,-444981.5771484375,-846.7010565185548,-82.85447937011719,-6.1675286293029785,-4.224757111072541,-9.450512506873068,2.648860922354451,0.0,-0.059070587158203125,-483.90625,-21.265411376953125,0.0457763709127903,16.479493528604507,822.1480741343079,1,1789158659.0446374,38.990622945,-76.93777388,-6.379000000000001,0,1,8.0656,8.994001,70.946929,1,1,1789158659.561122,0.883780630623219,0.45162284542846803,0.11974258850921451,-0.025106073357502368,176.23828613492753,-13.552091399462922,54.58231052969614,0.05705341698429304,0.175381853347603,-0.11451367021722594,0.7046078141212463,-1.541311205921173,-10.502530057220458
2026-09-11T16:30:59.601,27.733478463999973,-1236.2611083984375,-111263.49975585938,-445053.9990234375,-846.8388592529298,-82.99228210449219,-6.038504123687744,-4.136375324726105,-9.252808081438127,2.6454262512312368,0.0,-0.05904579162597656,-483.703125,-21.256484985351562,0.015258791856467724,5.493165068328381,-328.8406233331955,1,1789158659.0446374,38.990622945,-76.93777388,-6.379000000000001,0,1,8.0656,8.994001,70.946929,1,1,1789158659.589122,0.8832376374392641,0.45224460764502183,0.12080723558898632,-0.027779533762365045,176.44617436502296,-13.799753727811309,54.65785011610528,0.02780833097202565,0.1811944978884449,-0.10553028602428594,-0.7284379740142822,-1.027344670944214,-8.439603129196167
2026-09-11T16:30:59.636,27.76689792000002,-1236.46484375,-111281.8359375,-445127.34375,-846.97841796875,-83.1318408203125,-6.038986682891846,-4.136705877780915,-9.25354750756288,-0.00989103637143064,0.0,-0.05935478210449219,-486.234375,-21.367721557617188,-0.015258789993822575,-5.493164397776127,-328.74052366648584,1,1789158659.0446374,38.990622945,-76.93777388,-6.379000000000001,0,1,8.0656,8.994001,70.946929,1,1,1789158659.629122,0.882509936217307,0.45250602764858816,0.1250575575186511,-0.027840882293655007,176.21182804896512,-14.236529069624844,54.7661064993768,-0.07759157895713631,0.15618864209634656,-0.085447480453288,-0.5834956846237183,1.1506142634773255,-11.176835322341919
2026-09-11T16:30:59.669,27.800304895999943,-1236.6654052734375,-111299.88647460938,-445199.5458984375,-847.1158026123047,-83.26922546386719,-6.040274143218994,-4.137587788105011,-9.25552028477319,-0.02639898696902979,0.0,-0.05602073669433594,-458.921875,-20.167465209960938,0.0915527492761612,32.95898973941803,1151.0216949083283,1,1789158659.0446374,38.990622945,-76.93777388,-6.379000000000001,0,1,8.0656,8.994001,70.946929,1,1,1789158659.661122,0.8821666060953466,0.4523908009391914,0.12793996207479144,-0.02749560728762991,176.01685940950142,-14.513389463947103,54.80651719816852,-0.043303189538306114,0.11263848846888325,-0.07197580755591937,-1.0603930819892884,0.7607018530464172,-8.604845184421539
2026-09-11T16:30:59.701,27.833715552000058,-1236.865234375,-111317.87109375,-445271.484375,-847.2526855468751,-83.40610839843751,-6.016128063201904,-4.121047723293305,-9.218521213522953,0.49505357846459175,0.0,-0.0524444580078125,-429.625,-18.8800048828125,0.0762939602136612,27.46582567691803,-164.41353508536784,1,1789158659.0446374,38.990622945,-76.93777388,-6.379000000000001,0,1,8.0656,8.994001,70.946929,1,1,1789158659.689122,0.882167975501242,0.4519857020253402,0.1293373383776989,-0.02757609591789215,175.95375269566742,-14.66236396351699,54.7781667701929,-0.06835965987871231,0.09742270804999667,-0.0414892688467084,0.44649678186416625,-0.06943108314514161,-8.14167709728241
2026-09-11T16:30:59.735,27.86711910400004,-1237.063232421875,-111335.69091796875,-445342.763671875,-847.3883142089844,-83.54173706054688,-5.940011978149414,-4.068908205032349,-9.101888432874786,1.560897423752572,0.0,-0.0511322021484375,-418.875,-18.4075927734375,0.0762939527630806,27.465822994709015,-8.029711974624907e-05,1,1789158659.0446374,38.990622945,-76.93777388,-6.379000000000001,0,1,8.0656,8.994001,70.946929,1,1,1789158659.729122,0.8822471555569392,0.4511554625908958,0.13147932957842748,-0.028493700701947962,175.94305694003694,-14.93391102559102,54.69970040743154,-0.06606210845138696,0.103231338333559,-0.04082394933584816,-0.808362172832489,-0.48944990957260137,-8.676531797103882
2026-09-11T16:30:59.768,27.90051894399994,-1237.2579345703125,-111353.21411132812,-445412.8564453125,-847.5216851806641,-83.67510803222658,-5.863016605377197,-4.0161663746833804,-8.983908318457802,1.579104281611033,0.0,-0.04786491394042969,-392.109375,-17.231369018554688,0.1678466945886612,60.42481005191803,986.800746869024,1,1789158659.0446374,38.990622945,-76.93777388,-6.379000000000001,0,1,8.0656,8.994001,70.946929,1,1,1789158659.761122,0.8823285832467564,0.4506369085195506,0.13248606808068494,-0.029497281743138152,175.9998048364271,-15.092469786775524,54.64019900547026,-0.056640821149121584,0.14853275533247345,-0.02127189839038169,0.316264467716217,-0.13709696926116943,-9.488914696502686
2026-09-11T16:30:59.803,27.933937887999946,-1237.4547119140625,-111370.92407226562,-445483.6962890625,-847.6564776611328,-83.80990051269532,-5.837990760803223,-3.9990236711502076,-8.94556118278052,0.5129636511904889,0.0,-0.039676666259765625,-325.03125,-14.283599853515625,0.3509521782398224,126.34278416633606,1972.473280855584,1,1789158659.0446374,38.990622945,-76.93777388,-6.379000000000001,0,1,8.0656,8.994001,70.946929,1,1,1789158659.789122,0.8823771709549917,0.4502073637032847,0.13385311256378354,-0.028411302359992115,175.8178258171422,-15.176883734971215,54.620664537000295,-0.030187912874194724,0.11904384682370243,-0.001244419756671957,-1.1103089313125611,1.2889860972595215,-9.071837865123749
2026-09-11T16:30:59.836,27.967356192000125,-1237.65283203125,-111388.7548828125,-445555.01953125,-847.7921899414063,-83.94561279296876,-5.91581392288208,-4.052332537174225,-9.064809719877909,-1.5951996254427452,0.0,-0.025371551513671875,-207.84375,-9.133758544921875,0.4425049126148224,159.30176854133606,986.2554477577163,1,1789158659.0446374,38.990622945,-76.93777388,-6.379000000000001,0,1,8.0656,8.994001,70.946929,1,1,1789158659.829122,0.8828382630268703,0.449186001016329,0.1346784171093549,-0.026272833718033576,175.56722697144008,-15.1532264559039,54.523672564547574,-0.014540512531289958,0.07276050758761601,0.06381586970407027,-0.8594548201751708,1.2078851004219056,-9.159803517074584
2026-09-11T16:30:59.868,28.000767872000097,-1237.852294921875,-111406.70654296875,-445626.826171875,-847.9288220214844,-84.08224487304688,-5.968112945556641,-4.088157367706299,-9.144947583451804,-1.0722247588898295,0.0,-0.008661270141601562,-70.953125,-3.1180572509765625,0.7629395127296448,274.6582245826721,3452.578740172085,1,1789158659.0446374,38.990622945,-76.93777388,-6.379000000000001,0,1,8.0656,8.994001,70.946929,1,1,1789158659.861122,0.8839555375858181,0.4473771616942026,0.1336703147325686,-0.02466839526808569,175.48834688594602,-14.974515279053943,54.28194421336818,-0.010486985343533128,-0.0007801621756414653,0.14573150188302253,-2.1216687624931336,1.0498018998146057,-9.519217245502473
2026-09-11T16:30:59.902,28.034175360000063,-1238.05224609375,-111424.7021484375,-445698.80859375,-848.0657885742188,-84.21921142578125,-6.021678924560547,-4.124850063323975,-9.227026805932288,-1.098337463077529,0.0,0.0115089425817132,94.28125762939453,4.143219329416752,0.061035215854644775,21.97267770767212,-7563.739808130914,1,1789158659.0446374,38.990622945,-76.93777388,-6.379000000000001,0,1,8.0656,8.994001,70.946929,1,1,1789158659.889122,0.8854559532834804,0.44486426647706423,0.13233785323360756,-0.023457020445630597,175.47955962065265,-14.787158473173314,53.93795065210192,-0.03245718996763775,-0.015447385610626214,0.1989371659983689,-2.6498549402046203,0.25899363077163695,-9.39594765296936
2026-09-11T16:30:59.935,28.067581248000124,-1238.2547607421875,-111442.92846679688,-445771.7138671875,-848.2045111083985,-84.35793395996095,-6.074195861816406,-4.160824165344239,-9.307498580315483,-1.0768790825197603,0.0,0.016614915803074837,136.10939025878906,5.981369689106941,0.2593994438648224,93.38379979133606,2137.680701184569,1,1789158659.0446374,38.990622945,-76.93777388,-6.379000000000001,0,1,8.0656,8.994001,70.946929,1,1,1789158659.929122,0.8883736808001308,0.43971710332524255,0.13030707925275298,-0.021474110028166786,175.47132585700496,-14.501646542342993,53.24441418757259,-0.021036628007212857,-0.02423040600543728,0.29820172000799516,-2.2207159291267398,1.1754250883865356,-10.899797455272674
2026-09-11T16:30:59.970,28.100989759999948,-1238.45947265625,-111461.3525390625,-445845.41015625,-848.3447387695313,-84.49816162109376,-6.075150489807129,-4.161478085517883,-9.308961358084016,-0.019573460010672814,0.0,0.0215835589915514,176.81251525878906,7.770081236958504,0.1525879204273224,54.93165135383606,-1150.9686045790697,1,1789158659.0446374,38.990622945,-76.93777388,-6.379000000000001,0,1,8.0656,8.994001,70.946929,1,1,1789158659.961122,0.8910925184781034,0.43472150808521165,0.12862492452586066,-0.020663076033999892,175.56034829870376,-14.311812290932847,52.568740696602,-0.010667103322338943,-0.02407664249833658,0.3225197415418825,-1.083929042377472,0.2968473003959656,-9.204619908313752
2026-09-11T16:31:00.003,28.134410880000132,-1238.6641845703125,-111479.77661132812,-445919.1064453125,-848.4849664306641,-84.63838928222657,-6.128669261932373,-4.198138444423676,-9.390968245400124,-1.0969219136160029,0.0,0.02275085635483265,186.37501525878906,8.190308287739754,0.0457763709127903,16.479493528604507,-1150.5346865999452,1,1789158659.0446374,38.990622945,-76.93777388,-6.379000000000001,0,1,8.0656,8.994001,70.946929,1,1,1789158659.989122,0.8933606234893601,0.42984751256333126,0.12911655401132288,-0.021606198695280153,175.7127763821166,-14.434320650580336,51.93295762657874,-0.027519304447895392,0.05458028543421707,0.34477129324140865,2.6437748171043394,1.3704793601036074,-9.444686704273224
2026-09-11T16:31:00.035,28.167816608000066,-1238.8685302734375,-111498.16772460938,-445992.6708984375,-848.6249432373047,-84.77836608886719,-6.1565842628479,-4.217260220050812,-9.433742439268984,-0.5724100856946945,0.0,0.02310180850327015,189.25001525878906,8.316651061177254,0.0,0.0,-493.3134080669323,1,1789158659.0446374,38.990622945,-76.93777388,-6.379000000000001,0,1,8.0656,8.994001,70.946929,1,1,1789158660.0291219,0.8965416142117705,0.4234756597828945,0.12826130869491345,-0.02074936745694609,175.77229629529933,-14.33298940895842,51.09862234667223,0.022144912082229254,0.035983627721292294,0.3462946166125493,1.2570164177322387,1.8906240846824645,-11.913020549983978
2026-09-11T16:31:00.069,28.201219263999974,-1239.072265625,-111516.50390625,-446066.015625,-848.7645019531251,-84.9179248046875,-6.0799336433410645,-4.16475454568863,-9.31629059074943,1.571901179425002,0.0,0.023160936310887337,189.73439025878906,8.337937071919441,-0.0457763709127903,-16.479493528604507,-493.3587774771615,1,1789158660.0428839,38.990623425,-76.93779941833333,-6.399999999999999,0,1,11.826721000000001,12.475024,99.361024,1,1,1789158660.061122,0.8989813126296224,0.41866786875235984,0.12698920788054352,-0.020580483447917332,175.89873945954966,-14.214612634423279,50.45566159718061,0.05593396280206387,0.07888731139381691,0.3194725712008257,-0.9039770119094849,0.9656608414268494,-6.663814917907715
2026-09-11T16:31:00.102,28.234628832,-1239.278076171875,-111535.02685546875,-446140.107421875,-848.9054821777345,-85.05890502929688,-6.159256935119629,-4.219091000556946,-9.437837778625942,-1.6263740635100852,0.0,0.022672655060887337,185.73439025878906,8.162155821919441,-0.015258789993822575,-5.493164397776127,328.83780870259363,1,1789158660.0428839,38.990623425,-76.93779941833333,-6.399999999999999,0,1,11.826721000000001,12.475024,99.361024,1,1,1789158660.089122,0.9008907544198175,0.41426360682827906,0.12789090700921965,-0.020625919685588988,175.928157333366,-14.33084285532906,49.901626267094656,0.06421205944427298,0.07001859533273291,0.32051592902766785,-0.3954041345214844,1.756469110469818,-10.970797602443696
2026-09-11T16:31:00.137,28.268047616000104,-1239.48583984375,-111553.7255859375,-446214.90234375,-849.0478002929689,-85.20122314453126,-6.185513019561768,-4.237076418399811,-9.478070012526409,-0.538182892675214,0.0,0.022214891389012337,181.98439025878906,7.997360900044441,0.0457763709127903,16.479493528604507,657.49423815994,1,1789158660.0428839,38.990623425,-76.93779941833333,-6.399999999999999,0,1,11.826721000000001,12.475024,99.361024,1,1,1789158660.129122,0.9035870323420807,0.4083465818609314,0.12760261013909618,-0.022385663970832068,176.22555966369438,-14.411385063683136,49.11543791945522,0.08525113091243862,0.07344677104950018,0.33082681064967473,-2.2567063352203367,2.7126175012397766,-13.816589412879944
2026-09-11T16:31:00.170,28.301458176000097,-1239.6910400390625,-111572.19360351562,-446288.7744140625,-849.1883624267579,-85.34178527832032,-6.185942649841309,-4.237370715141297,-9.478728335588073,-0.008808494724000622,0.0,0.02363586612045765,193.62501525878906,8.508911803364754,0.0915527492761612,32.95898973941803,493.2421429277744,1,1789158660.0428839,38.990623425,-76.93779941833333,-6.399999999999999,0,1,11.826721000000001,12.475024,99.361024,1,1,1789158660.161122,0.905916565631627,0.4034734660155916,0.12652657042046472,-0.02270165882040441,176.39213916771084,-14.333412861339113,48.46788097684233,0.16340924374477228,0.08755636178847273,0.331138526454081,0.20064406230926513,1.5877947276878357,-9.169414034233093
2026-09-11T16:31:00.203,28.334878176000075,-1239.90234375,-111591.2109375,-446364.84375,-849.3331054687501,-85.4865283203125,-6.316812992095947,-4.3270168995857246,-9.679261139016015,-2.6824112640480613,0.0,0.029699327424168587,243.29689025878906,10.691757872700691,0.3051758110523224,109.86329197883606,2301.146087356915,1,1789158660.0428839,38.990623425,-76.93779941833333,-6.399999999999999,0,1,11.826721000000001,12.475024,99.361024,1,1,1789158660.189122,0.9080005607458641,0.39907420085395934,0.12559666192068333,-0.022366099623125885,176.47308919242735,-14.237104650219758,47.89241568944093,0.041381582031860355,0.04329865168225093,0.3548896650469206,-0.8735763964080812,1.1483587339401244,-7.910534352970123
2026-09-11T16:31:00.236,28.368332704000068,-1240.1143798828125,-111610.29418945312,-446441.1767578125,-849.4783502197266,-85.63177307128908,-6.369329929351807,-4.362991001605988,-9.759732913399212,-1.0753133931607506,0.0,0.04535103216767311,371.5156555175781,16.32637158036232,0.3814697861671448,137.32912302017212,820.9899431652977,1,1789158660.0428839,38.990623425,-76.93779941833333,-6.399999999999999,0,1,11.826721000000001,12.475024,99.361024,1,1,1789158660.229122,0.9113671158956154,0.39175215565606186,0.12411598078963265,-0.02313983395713513,176.7444649568484,-14.144050723165286,46.92499983888138,-0.0349969930951399,0.017514379043763097,0.4137051664440271,-1.9647623599052428,0.6921533684158325,-7.380484911727906
2026-09-11T16:31:00.269,28.401734944000054,-1240.3248291015625,-111629.23461914062,-446516.9384765625,-849.6225079345704,-85.77593078613282,-6.317990303039551,-4.327823357582092,-9.681065134176109,1.0528528632783292,0.0,0.05853653326630592,479.5312805175781,21.073151975870132,0.4119873642921448,148.31545114517212,328.9099211611069,1,1789158660.0428839,38.990623425,-76.93779941833333,-6.399999999999999,0,1,11.826721000000001,12.475024,99.361024,1,1,1789158660.261122,0.9145232855610598,0.38457656848569294,0.12291708162905689,-0.025286640389130994,177.14547768597112,-14.138718706412355,45.96965775306334,0.05259479887714832,-0.011415325972668913,0.5257750266426107,-5.7767053442764285,0.5840840836334229,-9.74526053173065
2026-09-11T16:31:00.304,28.435152192000032,-1240.5394287109375,-111648.54858398438,-446594.1943359375,-849.7695086669922,-85.92293151855469,-6.3712544441223145,-4.364309294223785,-9.76268184999951,-1.091829484035223,0.0,0.08003044873476028,655.6094360351562,28.810961544513702,0.4882813096046448,175.78127145767212,821.9055115645116,1,1789158660.0428839,38.990623425,-76.93779941833333,-6.399999999999999,0,1,11.826721000000001,12.475024,99.361024,1,1,1789158660.301122,0.9195578005993691,0.3739119885964109,0.11805366465438663,-0.025818760667346966,177.59343827710438,-13.67547288772171,44.544048528133786,-0.02287253984738569,-0.10524597188913606,0.6048024879753626,-2.0609655979919435,0.8122848328971863,-8.156877405033113
2026-09-11T16:31:00.336,28.468563487999972,-1240.7525634765625,-111667.73071289062,-446670.9228515625,-849.9155059814453,-86.06892883300782,-6.39826774597168,-4.382813405990601,-9.80407436916293,-0.553828015736012,0.0,0.07926560193300247,649.3438110351562,28.53561669588089,0.0762939602136612,27.46582567691803,-4439.080895904774,1,1789158660.0428839,38.990623425,-76.93779941833333,-6.399999999999999,0,1,11.826721000000001,12.475024,99.361024,1,1,1789158660.329122,0.9234988450584413,0.36552643120444944,0.11328569180635757,-0.026583139367256047,178.0150731176788,-13.218904812016634,43.417936491752016,0.009400517884166659,-0.2163199472165316,0.6284094623719875,-3.4453704013252255,-0.908782270488739,-8.3199619972229
2026-09-11T16:31:00.369,28.501966144000107,-1240.9576416015625,-111686.18774414062,-446744.7509765625,-850.0559844970704,-86.20940734863282,-6.165377140045166,-4.223283340930939,-9.447215776957172,4.775969463596486,0.0,0.07992935925722122,654.7813110351562,28.77456933259964,0.0610351599752903,21.972657591104507,-164.45303289029926,1,1789158660.0428839,38.990623425,-76.93779941833333,-6.399999999999999,0,1,11.826721000000001,12.475024,99.361024,1,1,1789158660.361122,0.9280452411800302,0.3560003321166199,0.10603725105428981,-0.027420708320633737,178.55599043245186,-12.49405397442614,42.131938813387066,-0.004802971568563195,-0.36105224810278735,0.6063722371046063,-2.5233491531181333,-1.799422238178253,-7.332530392436981
2026-09-11T16:31:00.403,28.535373215999925,-1241.1566162109375,-111704.09545898438,-446816.3818359375,-850.1922821044923,-86.34570495605469,-5.958455562591553,-4.081542060375214,-9.130149562399806,4.242852548002317,0.0,0.07917023450136185,648.5625610351562,28.501284420490265,0.0,0.0,-657.7247353860932,1,1789158660.0428839,38.990623425,-76.93779941833333,-6.399999999999999,0,1,11.826721000000001,12.475024,99.361024,1,1,1789158660.401122,0.9328964811851668,0.34476917925045714,0.09963798011165485,-0.03017683466782816,179.27380105417103,-11.929732021092788,40.64132934094966,0.07570487803573045,-0.1855044139433197,0.524050466808715,-0.37265270614624024,-2.936111058425903,-6.559864426193237
2026-09-11T16:31:00.437,28.568789632000062,-1241.34765625,-111721.2890625,-446885.15625,-850.32314453125,-86.4765673828125,-5.6980109214782715,-3.903137481212616,-8.731069884602299,5.338830446744181,0.0,0.0661621168255806,542.0000610351562,23.818362057209015,-0.5645752549171448,-203.24709177017212,-6082.252859473087,1,1789158660.0428839,38.990623425,-76.93779941833333,-6.399999999999999,0,1,11.826721000000001,12.475024,99.361024,1,1,1789158660.429122,0.9355694460184186,0.3376341662326479,0.0981709195849001,-0.03279408509211864,179.71138324212802,-11.878455698260478,39.717659675897785,0.01837831702350029,-0.1379232478754503,0.45095398334009007,-0.13572403823852539,-1.5131661199569701,-11.848688924922943
2026-09-11T16:31:00.471,28.60220012800005,-1241.53515625,-111738.1640625,-446952.65625,-850.45158203125,-86.60500488281251,-5.620860576629639,-3.8502894949913027,-8.612852306261852,1.5817779604748414,0.0,0.03633881360292435,297.68756103515625,13.081972897052765,-0.7781983613967896,-280.15141010284424,-2301.801156519809,1,1789158660.0428839,38.990623425,-76.93779941833333,-6.399999999999999,0,1,11.826721000000001,12.475024,99.361024,1,1,1789158660.461122,0.9378056650584343,0.33117647757482893,0.09879100060651788,-0.03290917022046363,179.7827395735165,-11.951932020964898,38.92304770375075,-0.001432740782962145,0.06463198566230281,0.33574846460737356,-0.17750036792755128,1.0803986483192445,-9.186183406009674
2026-09-11T16:31:00.504,28.63562479999996,-1241.7213134765625,-111754.91821289062,-447019.6728515625,-850.5790997314454,-86.73252258300782,-5.5955119132995605,-3.8329256606101993,-8.57401051496554,0.5194915414921667,0.0,0.021245963871479034,174.04693603515625,7.648546993732452,-0.6408692598342896,-230.71293354034424,1479.1013225988584,1,1789158660.0428839,38.990623425,-76.93779941833333,-6.399999999999999,0,1,11.826721000000001,12.475024,99.361024,1,1,1789158660.501122,0.9397004261307107,0.3250155605908768,0.10110491897419593,-0.0332534188134094,179.81094777350444,-12.218033868117397,38.17831908201855,0.027117529654086297,0.1517431139585918,0.2290859834973189,-0.2932188398361206,-0.0995374991416931,-1.6659537294769287
2026-09-11T16:31:00.536,28.669032832000084,-1241.9085693359375,-111771.77124023438,-447087.0849609375,-850.7073699951172,-86.8607928466797,-5.622313499450684,-3.8512847471237186,-8.615078621876599,-0.5495410957894984,0.0,0.004343040287494659,35.57818603515625,1.5634945034980774,-0.07629406452178955,-27.46586322784424,6083.778604849884,1,1789158660.0428839,38.990623425,-76.93779941833333,-6.399999999999999,0,1,11.826721000000001,12.475024,99.361024,1,1,1789158660.5291219,0.9403912821315894,0.32224558087192223,0.10369466875395313,-0.032702259423939554,179.68754637402296,-12.480271875758078,37.8644487517712,-0.27942983123817017,0.0810433166188055,0.13918773891852018,-2.7370360601425174,0.1936813406944275,-19.621439843120577
2026-09-11T16:31:00.571,28.702441376000024,-1242.09716796875,-111788.7451171875,-447154.98046875,-850.8365600585938,-86.98998291015626,-5.649041175842285,-3.8695932054519657,-8.65603347676262,-0.5480172475723599,0.0,0.004495628178119659,36.82818603515625,1.6184261441230774,0.1068115308880806,38.452151119709015,1973.0885113602048,1,1789158660.0428839,38.990623425,-76.93779941833333,-6.399999999999999,0,1,11.826721000000001,12.475024,99.361024,1,1,1789158660.561122,0.941049409449637,0.3195940277854994,0.10595096026541777,-0.03255856872110726,179.62148240482537,-12.722026954653687,37.558661489294394,-0.013898056833630846,0.15555124785351823,0.17203535903982906,-2.523251086616516,2.697907525997162,-13.582112407512664
2026-09-11T16:31:00.603,28.73586307200003,-1242.282470703125,-111805.42236328125,-447221.689453125,-850.9634924316407,-87.11691528320313,-5.624809741973877,-3.852994673252106,-8.61890361768992,0.4966394344517233,0.0,0.004484184086322784,36.73443603515625,1.6143062710762024,0.0,0.0,-1150.5146572963681,1,1789158660.0428839,38.990623425,-76.93779941833333,-6.399999999999999,0,1,11.826721000000001,12.475024,99.361024,1,1,1789158660.601122,0.9422478810405664,0.3151497940742505,0.1085112380184548,-0.03278489275904813,179.6111973317812,-13.011891302889216,37.031002693329164,-0.14596205987721098,-0.018869278142086294,0.18306583991243322,1.508556994380951,2.6438728836059573,-16.449380781803132
2026-09-11T16:31:00.636,28.769268096000133,-1242.4710693359375,-111822.39624023438,-447289.5849609375,-851.0926824951173,-87.2461053466797,-5.677772045135498,-3.8892738509178164,-8.700057826856236,-1.0860395629591009,0.0,0.010002143681049347,81.93756103515625,3.600771725177765,0.2288818657398224,82.39747166633606,2466.619142859502,1,1789158660.0428839,38.990623425,-76.93779941833333,-6.399999999999999,0,1,11.826721000000001,12.475024,99.361024,1,1,1789158660.633122,0.9437596439948375,0.3115548320007548,0.10641249018915235,-0.030458216550914338,179.4821963000157,-12.69930886054171,36.595899070110356,0.0011674507366590072,-0.07941300456451758,0.23745431366185615,-0.6777375926780701,1.1384540172767639,-10.083786095314025
2026-09-11T16:31:00.670,28.802672576000077,-1242.6630859375,-111839.677734375,-447358.7109375,-851.2242138671876,-87.37763671875001,-5.731634616851807,-3.926169712543488,-8.78259151875332,-1.1045183647742074,0.0,0.017650611698627472,144.59381103515625,6.35422021150589,0.4119873344898224,148.31544041633606,1973.3271929426587,1,1789158660.0428839,38.990623425,-76.93779941833333,-6.399999999999999,0,1,11.826721000000001,12.475024,99.361024,1,1,1789158660.661122,0.9454256196641391,0.30730225544118167,0.10471365867890929,-0.02776276588378934,179.3040427810512,-12.419110313802951,36.08831433842444,-0.05950333565531748,-0.12916588382064356,0.2619636232817621,-0.4751322003364563,0.5193601925659179,-9.345051138629914
2026-09-11T16:31:00.704,28.836079744000017,-1242.8565673828125,-111857.09106445312,-447428.3642578125,-851.3567486572266,-87.51017150878907,-5.78469181060791,-3.9625138902664188,-8.863891128906618,-1.0879155552184594,0.0,0.022665031254291534,185.67193603515625,8.159411251544952,0.0915527418255806,32.958987057209015,-3453.044968054019,1,1789158660.0428839,38.990623425,-76.93779941833333,-6.399999999999999,0,1,11.826721000000001,12.475024,99.361024,1,1,1789158660.701122,0.9478780916719786,0.30067085239719205,0.10258152012059593,-0.024519249107226256,179.10912304355602,-12.076294513687069,35.29272186422227,-0.013483366603356993,-0.07008596504185989,0.31207062984311773,-1.4011741751098634,1.0270504714393616,-9.492445090560913
2026-09-11T16:31:00.738,28.869499840000117,-1243.052001953125,-111874.68017578125,-447498.720703125,-851.4906213378907,-87.64404418945313,-5.811748027801514,-3.981047399044037,-8.90534940731038,-0.5545618054946043,0.0,0.025083549320697784,205.48443603515625,9.030077755451202,0.030517593026161194,10.98633348941803,-657.4682959535879,1,1789158660.0428839,38.990623425,-76.93779941833333,-6.399999999999999,0,1,11.826721000000001,12.475024,99.361024,1,1,1789158660.729122,0.9494624428687863,0.29564492281685567,0.10281970356667466,-0.023307890353123046,179.03109018334092,-12.065432552205635,34.69363002600154,-0.035741376021115476,-0.024025678884178343,0.3160293856524913,0.2104507124710083,0.5955578643226623,-9.374667222118378
2026-09-11T16:31:00.770,28.902907872000014,-1243.245849609375,-111892.12646484375,-447568.505859375,-851.6234069824219,-87.77682983398438,-5.837256908416748,-3.9985209822654726,-8.944436699770643,-0.5230353952453425,0.0,0.024173744022846222,198.03131103515625,8.70254784822464,0.1525879055261612,54.93164598941803,1315.4115902467654,1,1789158660.0428839,38.990623425,-76.93779941833333,-6.399999999999999,0,1,11.826721000000001,12.475024,99.361024,1,1,1789158660.761122,0.9513164684768258,0.2901921043665535,0.10142570275830469,-0.02232366878619731,179.04018383140428,-11.884073859574483,34.02778540134459,0.01313342808833213,-0.0017585937543094865,0.3134503126168192,-1.9542692442321778,-0.05560370641708374,-8.05076945028305
2026-09-11T16:31:00.804,28.936317407999923,-1243.4437255859375,-111909.93530273438,-447639.7412109375,-851.7589520263673,-87.9123748779297,-5.915541648864746,-4.052146029472351,-9.06439251403084,-1.6050820701917534,0.0,0.023771293461322784,194.73443603515625,8.557665646076202,0.0,0.0,-1644.19062837535,1,1789158660.0428839,38.990623425,-76.93779941833333,-6.399999999999999,0,1,11.826721000000001,12.475024,99.361024,1,1,1789158660.801122,0.9532106150188624,0.2830158411332584,0.10400466867319895,-0.021784994312010735,178.98372715701967,-12.157967699208962,33.18138316043122,-0.07264775931793718,-0.018118437497878337,0.3289041559456778,0.9763500901031493,-0.05599597242355347,-11.98284389913559
2026-09-11T16:31:00.838,28.969724192000058,-1243.6407470703125,-111927.66723632812,-447710.6689453125,-851.8939117431642,-88.04733459472656,-5.915966510772705,-4.052437059879304,-9.065043530510243,-0.008711715768604123,0.0,0.023574836552143097,193.12506103515625,8.486941158771515,-0.1068115308880806,-38.452151119709015,-1151.0282198835205,1,1789158660.0428839,38.990623425,-76.93779941833333,-6.399999999999999,0,1,11.826721000000001,12.475024,99.361024,1,1,1789158660.829122,0.954474856620945,0.2785856582358917,0.10356293073704519,-0.025347553744995303,179.45388463946406,-12.228992543765798,32.60072582186463,0.3346211564435104,0.07812983849845137,0.3257452845324933,0.010885381679534912,2.3682079475593567,-11.71708367975235
2026-09-11T16:31:00.872,29.00314015999993,-1243.8394775390625,-111945.55297851562,-447782.2119140625,-852.0300421142579,-88.18346496582032,-5.942709922790527,-4.070756297111512,-9.106022497117724,-0.5482180624627795,0.0,0.021001823246479034,172.04693603515625,7.560656368732452,-0.1983642876148224,-71.41114354133606,-986.3246344308591,1,1789158660.0428839,38.990623425,-76.93779941833333,-6.399999999999999,0,1,11.826721000000001,12.475024,99.361024,1,1,1789158660.861122,0.956190523219523,0.273011700504108,0.10278334269620415,-0.02449243061079897,179.45597767275828,-12.11850541009376,31.927976069123503,0.23414307500497247,0.006306223653305911,0.32629069992374155,-1.4466770318603517,1.6829192342567445,-7.414513987789154
2026-09-11T16:31:00.905,29.03655817599997,-1244.037109375,-111963.33984375,-447853.359375,-852.165419921875,-88.31884277343751,-5.89116907119751,-4.035450813770295,-9.027046380123233,1.056480532571807,0.0,0.022344596683979034,183.04693603515625,8.044054806232452,-0.1220703199505806,-43.945315182209015,821.8868636334655,1,1789158660.0428839,38.990623425,-76.93779941833333,-6.399999999999999,0,1,11.826721000000001,12.475024,99.361024,1,1,1789158660.901122,0.958145432575281,0.266640355005415,0.10109313108094772,-0.025306717803073205,179.68280037758532,-11.959453200287513,31.135717105362943,0.20796296169213235,-0.007579266809710575,0.34239624919529477,-2.5007938577461246,2.168838749771118,-10.857824992580413
2026-09-11T16:31:00.937,29.06996617599998,-1244.231689453125,-111980.85205078125,-447923.408203125,-852.2987072753907,-88.45213012695314,-5.866307735443115,-4.018420798778534,-8.988951321533934,0.5097585905099518,0.0,0.019836433231830597,162.50006103515625,7.141115963459015,-0.1220703199505806,-43.945315182209015,0.0,1,1789158660.0428839,38.990623425,-76.93779941833333,-6.399999999999999,0,1,11.826721000000001,12.475024,99.361024,1,1,1789158660.928122,0.9592755120598752,0.26281977553799035,0.10024865608388252,-0.02581597377207081,179.81466461731614,-11.882309795551901,30.66281470936256,0.044130475603751426,-0.034549141609078154,0.2480875575967064,-2.8428498153877255,1.7776514748191832,-7.501891240730286
2026-09-11T16:31:00.971,29.10337164800012,-1244.427734375,-111998.49609375,-447993.984375,-852.432998046875,-88.58642089843751,-5.86776065826416,-4.01941605091095,-8.99117763714868,-0.02979308696526514,0.0,0.013675697147846222,112.03131103515625,4.92325097322464,-0.4272461235523224,-153.80860447883606,-3288.7812300980268,1,1789158660.0428839,38.990623425,-76.93779941833333,-6.399999999999999,0,1,11.826721000000001,12.475024,99.361024,1,1,1789158660.961122,0.9607626975183111,0.2578626898372494,0.0986512986790198,-0.02664195030735327,-179.98149632703752,-11.730053731228647,30.04562251078588,0.08782985488226025,-0.06070935816844556,0.23883958148916404,-4.536556364822387,-1.0372493876075746,-11.374341256599426
2026-09-11T16:31:01.005,29.136779711999907,-1244.620361328125,-112015.83251953125,-448063.330078125,-852.5649475097657,-88.71837036132813,-5.7918925285339355,-3.967446382045746,-8.874924798778055,1.555602529543047,0.0,0.00902748852968216,73.95318603515625,3.2498958706855774,-0.0915527492761612,-32.95898973941803,3617.37856884465,1,1789158660.0428839,38.990623425,-76.93779941833333,-6.399999999999999,0,1,11.826721000000001,12.475024,99.361024,1,1,1789158661.001122,0.9620950186157695,0.2525035117685984,0.0989959779523366,-0.02854729494204346,-179.71101178787097,-11.823859394927078,29.381509154446785,0.054562134009996335,-0.18634740797203297,0.2472848806737142,2.6612306543922424,-1.6601678058815001,-10.480072828350067
2026-09-11T16:31:01.039,29.17019907200006,-1244.812744140625,-112033.14697265625,-448132.587890625,-852.6967297363282,-88.85015258789063,-5.715548515319824,-3.91515073299408,-8.757942763497843,1.5648309558120586,0.0,0.009159095585346222,75.03131103515625,3.29727441072464,-0.0915527418255806,-32.958987057209015,8.02591376639267e-05,1,1789158660.0428839,38.990623425,-76.93779941833333,-6.399999999999999,0,1,11.826721000000001,12.475024,99.361024,1,1,1789158661.0291219,0.963190017647404,0.2490863298390419,0.09644415178441802,-0.030323518567172383,-179.39353749281454,-11.589268105005946,28.93716709337034,0.09559325392805622,-0.19238711984855936,0.16843352306248838,-1.3560635843658446,-2.316232701702118,-9.645232700080872
2026-09-11T16:31:01.072,29.203621600000133,-1244.9990234375,-112049.912109375,-448199.6484375,-852.8243310546876,-88.97775390625,-5.612053871154785,-3.844256901741028,-8.59935777948511,2.121139108714195,0.0,0.007762916386127472,63.59381103515625,2.79464989900589,-0.0915527194738388,-32.95897901058197,0.00024075459057615225,1,1789158661.0410755,38.99062880666666,-76.937824145,-6.332999999999998,0,1,9.102288999999999,9.585216,94.711824,1,1,1789158661.061122,0.9641611127843397,0.24574226493240459,0.09481063900025802,-0.03185954413858656,-179.1325831215999,-11.448317694373463,28.510892995801008,0.11909777749758907,-0.23535346084123054,0.17644266446696516,1.558276710700989,1.0598046829795837,-8.741353754673003
2026-09-11T16:31:01.105,29.237031807999983,-1245.1826171875,-112066.435546875,-448265.7421875,-852.9500927734375,-89.103515625,-5.533583164215088,-3.7905044674873354,-8.479117008516758,1.6088626043254162,0.0,0.006042487919330597,49.50006103515625,2.175295650959015,-0.015258795581758022,-5.493166409432888,822.0784677926056,1,1789158661.0410755,38.99062880666666,-76.937824145,-6.332999999999998,0,1,9.102288999999999,9.585216,94.711824,1,1,1789158661.101122,0.9653084379186249,0.24234723121356533,0.09075848122854088,-0.03478990214576444,-178.64680061100833,-11.074331508084747,28.055243272671348,0.16179237072572475,-0.20120871201983948,0.14234713393048032,1.456091416015625,-2.498440261707306,-3.923444596710205
2026-09-11T16:31:01.138,29.270438111999965,-1245.3658447265625,-112082.92602539062,-448331.7041015625,-853.0756036376954,-89.22902648925782,-5.507996082305908,-3.7729773163795475,-8.439909888107426,0.5246659764515526,0.0,0.00020218640565872192,1.65631103515625,0.07278710603713989,-0.09155276417732239,-32.95899510383606,-822.1750210504596,1,1789158661.0410755,38.99062880666666,-76.937824145,-6.332999999999998,0,1,9.102288999999999,9.585216,94.711824,1,1,1789158661.129122,0.9660080823571865,0.2401682528069278,0.0894263112914689,-0.03391946363166787,-178.6824865631219,-10.898272459328107,27.797841622150546,0.009432108343627756,-0.1585162131868062,0.12460464035348157,-2.219048798599243,0.7984574561691284,-12.528289781131745
2026-09-11T16:31:01.171,29.303844543999958,-1245.542724609375,-112098.84521484375,-448395.380859375,-853.1967663574219,-89.35018920898438,-5.353017330169678,-3.6668168711662297,-8.202435735429102,3.1778444705900246,0.0,-0.01190185546875,-97.5,-4.28466796875,-0.10681158304214478,-38.45216989517212,-164.43464514071104,1,1789158661.0410755,38.99062880666666,-76.937824145,-6.332999999999998,0,1,9.102288999999999,9.585216,94.711824,1,1,1789158661.161122,0.9662662610714728,0.23913027092210917,0.08934807229274387,-0.03410495889523459,-178.64754635758334,-10.893212320869129,27.67143584811848,-0.14978764706465736,-0.07488666768239549,0.0615614279092692,-2.4268517155265807,1.0197935503196716,-5.99353037935257
2026-09-11T16:31:01.206,29.337266720000116,-1245.72412109375,-112115.1708984375,-448460.68359375,-853.3210229492188,-89.47444580078125,-5.405258655548096,-3.7026021790504458,-8.282485189357645,-1.0707055065489033,0.0,-0.025554656982421875,-209.34375,-9.199676513671875,-0.24414068460464478,-87.89064645767212,-1479.2117832862186,1,1789158661.0410755,38.99062880666666,-76.937824145,-6.332999999999998,0,1,9.102288999999999,9.585216,94.711824,1,1,1789158661.201122,0.9667359780299212,0.2370782183816301,0.08914256865737048,-0.03562400320976916,-178.44708296832985,-10.908785308883594,27.409794304597423,-0.01966235575419252,-0.052094936579377145,0.056453896386232987,3.1910839626312257,-1.1163890544128419,-8.151777946949005
2026-09-11T16:31:01.238,29.370673312000008,-1245.9033203125,-112131.298828125,-448525.1953125,-853.4437744140625,-89.59719726562501,-5.406286716461182,-3.70330640077591,-8.284060488492988,-0.021080322274906187,0.0,-0.027500152587890625,-225.28125,-9.900054931640625,-0.0762939602136612,-27.46582567691803,1808.7693824305502,1,1789158661.0410755,38.99062880666666,-76.937824145,-6.332999999999998,0,1,9.102288999999999,9.585216,94.711824,1,1,1789158661.229122,0.9670199679491897,0.23602574220437061,0.08867287866370056,-0.036074245576542124,-178.37140616847861,-10.866763464160647,27.277708276825607,0.12367856865237338,-0.09693994997889505,0.027326969164325615,2.515307699985504,-1.3781285472297666,-11.930182187767029
2026-09-11T16:31:01.272,29.404079264000075,-1246.0848388671875,-112147.63549804688,-448590.5419921875,-853.5681146240235,-89.72153747558595,-5.433258533477783,-3.721782095432282,-8.325389440390742,-0.5530659523289515,0.0,-0.028821945190429688,-236.109375,-10.375900268554688,-0.1983642727136612,-71.41113817691803,-1315.4934934921946,1,1789158661.0410755,38.99062880666666,-76.937824145,-6.332999999999998,0,1,9.102288999999999,9.585216,94.711824,1,1,1789158661.2610972,0.9671620892668576,0.23593001059369692,0.0879611130356268,-0.03460297356815866,-178.5169047789142,-10.747027572258101,27.278529521302474,-0.1394320850137994,-0.016637176561710747,0.01232376984833196,1.1138393253707886,2.012814945697784,-1.7622550340652465
2026-09-11T16:31:01.305,29.43748784000013,-1246.2691650390625,-112164.22485351562,-448656.8994140625,-853.6943780517579,-89.84780090332032,-5.512566089630127,-3.7761077713966373,-8.446912516545797,-1.626099716559729,0.0,-0.030530929565429688,-250.109375,-10.991134643554688,0.030517585575580597,10.986330807209015,2466.3568116159286,1,1789158661.0410755,38.99062880666666,-76.937824145,-6.332999999999998,0,1,9.102288999999999,9.585216,94.711824,1,1,1789158661.3010972,0.967297062534223,0.2354092280456884,0.08795040350236015,-0.03440370165213106,-178.53324676448455,-10.73963075717433,27.21824301690206,0.0691274302166646,-0.0943715234516602,0.018438356349768897,1.9142581115722657,0.6446891816329957,-9.976109076538085
2026-09-11T16:31:01.339,29.470891231999985,-1246.4588623046875,-112181.29760742188,-448725.1904296875,-853.824320678711,-89.97774353027344,-5.643833160400391,-3.866025714874268,-8.648053227617805,-2.6918806173343643,0.0,-0.029935836791992188,-245.234375,-10.776901245117188,0.0762939527630806,27.465822994709015,493.347866814595,1,1789158661.0410755,38.99062880666666,-76.937824145,-6.332999999999998,0,1,9.102288999999999,9.585216,94.711824,1,1,1789158661.329097,0.9675267423787024,0.23520601250506237,0.08675706882912823,-0.03230085868367225,-178.7356520590016,-10.548879429873821,27.210419631447333,0.01893298265978409,-0.1341343126022958,0.04236140987392997,0.3929524719810486,1.8895453531646726,-10.191070848083495
2026-09-11T16:31:01.373,29.504310847999932,-1246.6580810546875,-112199.22729492188,-448796.9091796875,-853.960785522461,-90.11420837402345,-5.87937068939209,-4.027368922233582,-9.008967703636314,-4.827799558186802,0.0,-0.028697967529296875,-235.09375,-10.331268310546875,0.1678466945886612,60.42481005191803,986.2168092314946,1,1789158661.0410755,38.99062880666666,-76.937824145,-6.332999999999998,0,1,9.102288999999999,9.585216,94.711824,1,1,1789158661.3730972,0.9680031774907487,0.23434638982609884,0.08505527719771899,-0.028587020902980022,-179.0986275207982,-10.257135089225713,27.137191201012318,0.00631285590446349,-0.061157035121582104,0.03248476616981926,0.2758610690498352,1.3064419345474243,-11.053173463802338
2026-09-11T16:31:01.405,29.537735231999932,-1246.85595703125,-112217.0361328125,-448868.14453125,-854.0963305664063,-90.24975341796876,-5.9318718910217285,-4.063332245349884,-9.089415366298049,-1.0759606853578045,0.0,-0.028596878051757812,-234.265625,-10.294876098632812,0.0,0.0,-1807.806242649623,1,1789158661.0410755,38.99062880666666,-76.937824145,-6.332999999999998,0,1,9.102288999999999,9.585216,94.711824,1,1,1789158661.401097,0.9683255590935488,0.23353592117389033,0.08446362379480267,-0.02593224600914557,-179.37309621909117,-10.118744108874669,27.063242809215595,-0.018121230024681526,-0.02627331389489664,0.04691043603632799,-0.44335865381240847,1.7642163640975952,-8.678296994132996
2026-09-11T16:31:01.439,29.571138496000003,-1247.0576171875,-112235.185546875,-448940.7421875,-854.2344677734376,-90.38789062500001,-6.062344074249268,-4.152705690860748,-9.289338070107247,-2.6755901911463735,0.0,-0.028718948364257812,-235.265625,-10.338821411132812,0.0,0.0,0.0,1,1789158661.0410755,38.99062880666666,-76.937824145,-6.332999999999998,0,1,9.102288999999999,9.585216,94.711824,1,1,1789158661.4290972,0.9686602227979734,0.23266451127385404,0.08372107658006067,-0.023566486775814452,-179.61034418308355,-9.971641327250454,26.97828392647522,-0.029477738401558227,-0.014308558273699912,0.042720424101065205,-2.3553612358474734,0.7175525923347473,-7.92249846616745
2026-09-11T16:31:01.472,29.60454281600005,-1247.2642822265625,-112253.78540039062,-449015.1416015625,-854.3760333251954,-90.52945617675782,-6.167689323425293,-4.224867186546326,-9.450758738695242,-2.160244414060215,0.0,-0.029706954956054688,-243.359375,-10.694503784179688,-0.030517593026161194,-10.98633348941803,-328.889601386982,1,1789158661.0410755,38.99062880666666,-76.937824145,-6.332999999999998,0,1,9.102288999999999,9.585216,94.711824,1,1,1789158661.4610972,0.9688744902064694,0.23149837991690375,0.08513805349858154,-0.0210293644572499,-179.92254881906115,-10.061939692868272,26.869266626930358,-0.11023883528031625,0.08998184584996925,0.03643549346463362,-1.299969545440674,2.7442929812622068,-14.987307309188843
2026-09-11T16:31:01.505,29.637948320000078,-1247.4755859375,-112272.802734375,-449091.2109375,-854.5207763671875,-90.67419921875,-6.324422359466553,-4.332229316234589,-9.69092098298717,-3.2139053997858706,0.0,-0.028757095336914062,-235.578125,-10.352554321289062,-0.0457763709127903,-16.479493528604507,-164.43877150249384,1,1789158661.0410755,38.99062880666666,-76.937824145,-6.332999999999998,0,1,9.102288999999999,9.585216,94.711824,1,1,1789158661.5010972,0.9689286663060919,0.2303858203053244,0.08837621135204668,-0.01700760652176136,179.54790207388675,-10.317173556007958,26.790946427191255,-0.08280854262427256,0.17899206690535327,0.03614786320390496,-0.45208657245635986,2.2745544385147096,-7.278888016052246
2026-09-11T16:31:01.540,29.67136937600003,-1247.692138671875,-112292.29248046875,-449169.169921875,-854.6691149902344,-90.82253784179689,-6.428861618041992,-4.403770208358765,-9.850953400945686,-2.140593406871372,0.0,-0.029085159301757812,-238.265625,-10.470657348632812,0.0,0.0,493.08715824623283,1,1789158661.0410755,38.99062880666666,-76.937824145,-6.332999999999998,0,1,9.102288999999999,9.585216,94.711824,1,1,1789158661.529097,0.9689699536044801,0.22981267824131782,0.08979907729149234,-0.014815115554078112,179.2680996787693,-10.41837772457532,26.751597794036464,-0.05078454337697981,0.1559017099673187,0.010814409111207264,-1.1723850268363953,1.6611484708976747,-11.752485686836243
2026-09-11T16:31:01.574,29.70478934400012,-1247.9105224609375,-112311.94702148438,-449247.7880859375,-854.8187078857422,-90.9721307373047,-6.533513069152832,-4.4754564523696905,-10.011310961814795,-2.1450123474305633,0.0,-0.028963088989257812,-237.265625,-10.426712036132812,0.0,0.0,0.0,1,1789158661.0410755,38.99062880666666,-76.937824145,-6.332999999999998,0,1,9.102288999999999,9.585216,94.711824,1,1,1789158661.569097,0.9689783162816193,0.22858310420406136,0.09318876046860254,-0.012109581776380308,178.8840802636106,-10.727129919138797,26.65171599633591,-0.06308597301088624,0.21876986588755604,0.028244837817949432,-1.1553214555549622,1.2213202111434935,-8.763909050045013
2026-09-11T16:31:01.606,29.738196000000016,-1248.13232421875,-112331.9091796875,-449327.63671875,-854.9706420898439,-91.12406494140626,-6.612561225891113,-4.529604439735413,-10.132436559894883,-1.6208742163803915,0.0,-0.028778076171875,-235.75,-10.360107421875,0.0,0.0,0.0,1,1789158661.0410755,38.99062880666666,-76.937824145,-6.332999999999998,0,1,9.102288999999999,9.585216,94.711824,1,1,1789158661.601097,0.9690886157427844,0.22717224820889398,0.09573022329746685,-0.009785133053158894,178.56836008328017,-10.952081589044607,26.523194911696173,-0.13079549774323065,0.2602746681646072,0.034710584564887625,-0.493470636138916,0.34254629014968874,-8.58572221660614
2026-09-11T16:31:01.639,29.771602783999924,-1248.356689453125,-112352.10205078125,-449408.408203125,-855.1243322753907,-91.27775512695314,-6.718659400939941,-4.60228168964386,-10.295010937821793,-2.1755236873039556,0.0,-0.0289764404296875,-237.375,-10.4315185546875,-0.0457763709127903,-16.479493528604507,-493.29781425982,1,1789158661.0410755,38.99062880666666,-76.937824145,-6.332999999999998,0,1,9.102288999999999,9.585216,94.711824,1,1,1789158661.6290972,0.9690061018667974,0.2262845999081863,0.09887672758512484,-0.00677105097920947,178.15228322723186,-11.226537363752307,26.470204929229997,-0.14853694412267823,0.2508273754564871,0.027221551277505158,-1.0776527862739562,1.830705452194214,-9.315925387649536
2026-09-11T16:31:01.672,29.805008384000075,-1248.5810546875,-112372.294921875,-449489.1796875,-855.2780224609376,-91.4314453125,-6.693613529205322,-4.585125267505646,-10.256633114499017,0.5135792243856284,0.0,-0.02852630615234375,-233.6875,-10.26947021484375,-0.0457763709127903,-16.479493528604507,0.0,1,1789158661.0410755,38.99062880666666,-76.937824145,-6.332999999999998,0,1,9.102288999999999,9.585216,94.711824,1,1,1789158661.661097,0.969281452262415,0.22453541260968554,0.10023739817308445,-0.0054569947546399605,177.987267688941,-11.347969944145522,26.285188537001368,-0.1026789416253028,0.15778666555947254,0.02154294802321641,-0.016279039268493653,0.33126864246368404,-9.704857133064271
2026-09-11T16:31:01.707,29.838482784000007,-1248.8056640625,-112392.509765625,-449570.0390625,-855.4318798828126,-91.585302734375,-6.667861461639404,-4.567485101222992,-10.217173186343475,0.5269748309959085,0.0,-0.028070449829101562,-229.953125,-10.105361938476562,0.015258789993822575,5.493164397776127,656.4018451839427,1,1789158661.0410755,38.99062880666666,-76.937824145,-6.332999999999998,0,1,9.102288999999999,9.585216,94.711824,1,1,1789158661.701097,0.9697513770774079,0.2227421104472189,0.09967698611613342,-0.005719906362346298,178.053359945048,-11.295663058654382,26.064307689302414,-0.14677869943421915,0.00928637335108623,0.05449650963012134,0.2643872883605957,-1.1986668492698669,-13.094623827972413
2026-09-11T16:31:01.740,29.871909952000124,-1249.0220947265625,-112411.98852539062,-449647.9541015625,-855.5801348876954,-91.73355773925782,-6.485350131988525,-4.44246484041214,-9.937510827693574,3.740079351335301,0.0,-0.027557373046875,-225.75,-9.920654296875,0.0,0.0,-164.33232985088563,1,1789158661.0410755,38.99062880666666,-76.937824145,-6.332999999999998,0,1,9.102288999999999,9.585216,94.711824,1,1,1789158661.7290971,0.9701388875608526,0.22138065684258773,0.09883017973677562,-0.007330701967211051,178.27441023370523,-11.244942802290643,25.878876581483816,0.018033090897455813,-0.030474146871521793,0.05310181702485268,-0.3197948617744446,-1.5063995313453673,-8.182865027961732
2026-09-11T16:31:01.773,29.905316800000037,-1249.2313232421875,-112430.81909179688,-449723.2763671875,-855.7234564208985,-91.87687927246094,-6.33021354675293,-4.336196279525757,-9.699794827142432,3.1810412310272054,0.0,-0.027557373046875,-225.75,-9.920654296875,0.0,0.0,0.0,1,1789158661.0410755,38.99062880666666,-76.937824145,-6.332999999999998,0,1,9.102288999999999,9.585216,94.711824,1,1,1789158661.7610972,0.9705270950413049,0.2195554351757944,0.09888169469895534,-0.009745723621981794,178.56809787774742,-11.315661396060253,25.635977317336202,0.009808052264507334,0.022130774915288098,0.03886691164558693,0.3172451327323913,-2.091072013988495,-7.8747400798797615
2026-09-11T16:31:01.806,29.93873356800009,-1249.433837890625,-112449.04541015625,-449796.181640625,-855.8621789550782,-92.01560180664063,-6.123614311218262,-4.194675803184509,-9.383222537545867,4.235013881085937,0.0,-0.029451370239257812,-241.265625,-10.602493286132812,-0.1983642727136612,-71.41113817691803,-2136.985185904488,1,1789158661.0410755,38.99062880666666,-76.937824145,-6.332999999999998,0,1,9.102288999999999,9.585216,94.711824,1,1,1789158661.8010972,0.9706054234173024,0.21801897761634428,0.10114921012577867,-0.012715137552302986,178.86372139268315,-11.647867139154123,25.43539775744536,-0.0176370756901783,0.042566311528114104,-0.01039099223467344,-0.06678328760147095,-0.8609258176994324,-9.007996572570802
2026-09-11T16:31:01.840,29.97213836800006,-1249.6358642578125,-112467.22778320312,-449868.9111328125,-856.0005670166016,-92.15398986816408,-6.046962261199951,-4.142169148921967,-9.265768497051635,1.5718296251612773,0.0,-0.03274726867675781,-268.265625,-11.789016723632812,0.0,0.0,2137.750807577944,1,1789158661.0410755,38.99062880666666,-76.937824145,-6.332999999999998,0,1,9.102288999999999,9.585216,94.711824,1,1,1789158661.829097,0.9704489822865162,0.21738631522395221,0.10376534230352241,-0.014307916307066149,178.98406538157954,-11.982834395862765,25.35894744719326,-0.03442993562116694,0.07988424346255606,-0.033571059096260535,-0.4441431858253479,-0.09747810260772705,-12.57997082748413
2026-09-11T16:31:01.875,30.005555936000064,-1249.8365478515625,-112485.28930664062,-449941.1572265625,-856.1380352783203,-92.29145812988283,-5.9441351890563965,-4.071732604503632,-9.108206434555358,2.107769913667146,0.0,-0.0322265625,-264.0,-11.6015625,0.1678466945886612,60.42481005191803,1808.1749710783886,1,1789158661.0410755,38.99062880666666,-76.937824145,-6.332999999999998,0,1,9.102288999999999,9.585216,94.711824,1,1,1789158661.8690972,0.9704709947292591,0.21654671288699878,0.10500786058775861,-0.016337647989223474,179.19298797996026,-12.174507381556088,25.24341017515676,-0.019016234865104217,0.05708675277300613,-0.012706869619144716,-0.4413973237800598,-3.2588479152488707,-2.1177461024284363
2026-09-11T16:31:01.907,30.038977824000085,-1250.0343017578125,-112503.08715820312,-450012.3486328125,-856.2734967041016,-92.42691955566407,-5.92054557800293,-4.055573720932007,-9.07206004145491,0.48348206934373683,0.0,-0.027418136596679688,-224.609375,-9.870529174804688,0.2746582329273224,98.87696385383606,1150.5081281432733,1,1789158661.0410755,38.99062880666666,-76.937824145,-6.332999999999998,0,1,9.102288999999999,9.585216,94.711824,1,1,1789158661.901097,0.9707782374600443,0.21514776023885712,0.1051497047747088,-0.015639518022134313,179.12776513681953,-12.174144614592056,25.085300083520526,-0.05310635488090786,0.07182117138419265,0.03858381924091345,-0.503473419303894,1.0255794739151,-13.363326042404173
2026-09-11T16:31:01.940,30.072382816000072,-1250.2308349609375,-112520.77514648438,-450083.1005859375,-856.4081219482423,-92.5615447998047,-5.921626091003418,-4.056313872337341,-9.073715712995117,-0.022156910120927378,0.0,-0.014730453491210938,-120.671875,-5.3029632568359375,0.5798340439796448,208.74025583267212,3288.828567265596,1,1789158661.0410755,38.99062880666666,-76.937824145,-6.332999999999998,0,1,9.102288999999999,9.585216,94.711824,1,1,1789158661.9290972,0.9712241385551557,0.21309169223052843,0.10517053370247227,-0.015961272845937412,179.19000933721182,-12.186280707980032,24.836290277018083,-0.04000905510809201,0.06599177168253159,0.08682384710141071,-0.686563577823639,0.6762665951538085,-12.729228042945861
2026-09-11T16:31:01.973,30.10579068800007,-1250.42626953125,-112538.3642578125,-450153.45703125,-856.5419946289063,-92.69541748046876,-5.8712568283081055,-4.021810927391052,-8.996534823262007,1.0327788895470846,0.0,0.009086609818041325,74.43750762939453,3.271179534494877,0.4425049424171448,159.30177927017212,-1479.8451263972465,1,1789158661.0410755,38.99062880666666,-76.937824145,-6.332999999999998,0,1,9.102288999999999,9.585216,94.711824,1,1,1789158661.9690971,0.9722391455031225,0.20923266847455335,0.10346642775543675,-0.016353370353071137,179.32644246447947,-12.007020426748031,24.361267926820275,-0.00552815587276684,0.017555568814110162,0.18700853869268844,-3.631500621395111,1.0797121828079224,-13.537099883270264
2026-09-11T16:31:02.007,30.13920044800011,-1250.6201171875,-112555.810546875,-450223.2421875,-856.6747802734376,-92.828203125,-5.819382667541504,-3.9862771272659305,-8.917047976167515,1.0635754379881417,0.0,0.016370775178074837,134.10939025878906,5.893479064106941,0.5493164658546448,197.75392770767212,1150.92561088297,1,1789158661.0410755,38.99062880666666,-76.937824145,-6.332999999999998,0,1,9.102288999999999,9.585216,94.711824,1,1,1789158662.0010972,0.973391843953385,0.2041952750264083,0.10230001531283872,-0.018636379715794377,179.6780659235669,-11.932952598510273,23.728734955333838,0.05432040590859512,-0.039016311829557636,0.27253979495007213,-0.2451662540435791,0.004314926071166993,-8.468042414665222
2026-09-11T16:31:02.041,30.172619520000126,-1250.8134765625,-112573.212890625,-450292.8515625,-856.8072314453126,-92.960654296875,-5.767788410186768,-3.950935060977936,-8.837990025451708,1.0575418218668253,0.0,0.02938270755112171,240.70314025878906,10.577774718403816,0.4882813096046448,175.78127145767212,-657.488521823408,1,1789158661.0410755,38.99062880666666,-76.937824145,-6.332999999999998,0,1,9.102288999999999,9.585216,94.711824,1,1,1789158662.029097,0.9746306588035812,0.19959456878250606,0.09929811983026068,-0.0199241168134998,179.95312029234648,-11.625359899455788,23.151925184933127,0.08148296505738287,-0.07327817224375752,0.31000974506236284,-0.7112763362312317,-0.28625611822128294,-8.24013586490631
2026-09-11T16:31:02.074,30.20602624000003,-1251.0042724609375,-112590.38452148438,-450361.5380859375,-856.9379266357422,-93.0913494873047,-5.742386817932129,-3.9335349702835085,-8.799067131092306,0.5208560042553743,0.0,0.03410721197724342,279.4062805175781,12.278596311807632,0.1678466945886612,60.42481005191803,-3453.0915159013007,1,1789158662.0440311,38.99063684833333,-76.93784760333334,-6.34,0,1,11.826721000000001,12.475024,99.34108900000001,1,1,1789158662.069097,0.9766128322543076,0.19185478618027793,0.09442898363367853,-0.022411692168374343,-179.55959955543054,-11.130289131103389,22.185443080788644,0.06635724362789922,-0.08250276093932316,0.32985431319046354,-0.5781020270347595,0.2594839632797241,-9.173140561294556
2026-09-11T16:31:02.107,30.239438016000122,-1251.195068359375,-112607.55615234375,-450430.224609375,-857.0686218261719,-93.22204467773439,-5.691259860992432,-3.898513004779816,-8.720725225438018,1.0481922751904722,0.0,0.03598404303193092,294.7812805175781,12.954255491495132,-0.0762939527630806,-27.465822994709015,-2630.5286209982023,1,1789158662.0440311,38.99063684833333,-76.93784760333334,-6.34,0,1,11.826721000000001,12.475024,99.34108900000001,1,1,1789158662.101097,0.9779754838699517,0.18507763495760582,0.09315402426511937,-0.02515054176447453,-179.14114840492417,-11.041170770608318,21.349484616744423,0.0835342505272518,-0.09142278968041577,0.3577329809313446,0.6646947479629517,-0.4086431122398376,-10.683070486698151
2026-09-11T16:31:02.141,30.272845248000067,-1251.384765625,-112624.62890625,-450498.515625,-857.1985644531251,-93.35198730468751,-5.665921688079834,-3.8811563563346865,-8.681899508622678,0.5195476370253631,0.0,0.029371265321969986,240.60940551757812,10.573655515909195,-0.5798340439796448,-208.74025583267212,-5426.203309458909,1,1789158662.0440311,38.99063684833333,-76.93784760333334,-6.34,0,1,11.826721000000001,12.475024,99.34108900000001,1,1,1789158662.1290972,0.9788461417751618,0.1802743930538085,0.09326321321180797,-0.025755523725398643,-179.01942642248062,-11.061748343323885,20.775538872444177,0.0014643312424232424,-0.07908907145534744,0.299550161388086,-0.5633920517921448,0.8731841304016112,-9.892066084651947
2026-09-11T16:31:02.175,30.306265023999913,-1251.5762939453125,-112641.86645507812,-450567.4658203125,-857.3297613525391,-93.48318420410158,-5.666860580444336,-3.8817994976043706,-8.683338174669753,-0.019244332148937362,0.0,0.0055656470358371735,45.593780517578125,2.0036329329013824,-0.4272461533546448,-153.80861520767212,1643.6866789667617,1,1789158662.0440311,38.99063684833333,-76.93784760333334,-6.34,0,1,11.826721000000001,12.475024,99.34108900000001,1,1,1789158662.1690972,0.9799048614120749,0.17472140144734682,0.09261593251042254,-0.02609949237978725,-178.90346358321304,-10.98954582889112,20.11420764976914,0.0341969341660257,-0.13508499344585712,0.23704049609620825,-1.1087398672866822,1.7778476078224184,-8.344674755630493
2026-09-11T16:31:02.208,30.33968559999994,-1251.766845703125,-112659.01611328125,-450636.064453125,-857.4602893066407,-93.61371215820313,-5.694149017333984,-3.9004920768737796,-8.725152283629598,-0.559313498049661,0.0,0.0021171607077121735,17.343780517578125,0.7621778547763824,-0.2288818508386612,-82.39746630191803,2136.742015029865,1,1789158662.0440311,38.99063684833333,-76.93784760333334,-6.34,0,1,11.826721000000001,12.475024,99.34108900000001,1,1,1789158662.201097,0.9804801518449622,0.1716975340785471,0.0924012276954586,-0.025310901797411203,-178.95513513697782,-10.946176789796903,19.76524601867677,-0.132787616551457,-0.09406155297650601,0.170761966817574,8.01301384716034,0.07678607076644897,-11.317756885166169
2026-09-11T16:31:02.240,30.37309327999992,-1251.9560546875,-112676.044921875,-450704.1796875,-857.5898974609376,-93.7433203125,-5.669309139251709,-3.883476760387421,-8.68709010466047,0.5093234994578436,0.0,-0.011938095092773438,-97.796875,-4.2977142333984375,-0.13732916116714478,-49.43849802017212,986.568605834455,1,1789158662.0440311,38.99063684833333,-76.93784760333334,-6.34,0,1,11.826721000000001,12.475024,99.34108900000001,1,1,1789158662.2290971,0.980667458126269,0.17025320505301347,0.09284188506562624,-0.026183336662854606,-178.8476284495348,-11.011710606856337,19.58676851540392,0.019296360210049306,-0.05945027764605685,0.09940959087046702,2.213164808502197,2.8237268475723263,-19.55367589050293
2026-09-11T16:31:02.274,30.40650015999995,-1252.146728515625,-112693.20556640625,-450772.822265625,-857.7205090332031,-93.87393188476564,-5.696964740753174,-3.9024208474159243,-8.729466820454366,-0.5670714244636614,0.0,-0.019105911254882812,-156.515625,-6.8781280517578125,-0.3967285454273224,-142.82227635383606,-2795.3456992565993,1,1789158662.0440311,38.99063684833333,-76.93784760333334,-6.34,0,1,11.826721000000001,12.475024,99.34108900000001,1,1,1789158662.273097,0.9810297828456486,0.16792866322052943,0.09337945505556192,-0.0257061590345875,-178.88633623572647,-11.060747658828179,19.319196456728452,-0.1513507639427435,-0.03556300337156166,0.042206599169278075,-0.6388051915359497,-1.345472402191162,-8.97024096944809
2026-09-11T16:31:02.307,30.439908672,-1252.335693359375,-112710.21240234375,-450840.849609375,-857.849949951172,-94.00337280273438,-5.646506309509277,-3.8678568220138554,-8.652149297632988,1.0345873950332258,0.0,-0.023351669311523438,-191.296875,-8.406600952148438,-0.030517607927322388,-10.98633885383606,3946.178072815668,1,1789158662.0440311,38.99063684833333,-76.93784760333334,-6.34,0,1,11.826721000000001,12.475024,99.34108900000001,1,1,1789158662.3010972,0.9813798035180912,0.16654879497674024,0.09207260432485191,-0.026034893343891627,-178.8077236260334,-10.917102771169363,19.149721205835906,-0.04236472599950876,-0.07252698253369917,0.06283272573642186,-0.6112485045814514,0.4768973973655701,-11.313343892593384
2026-09-11T16:31:02.342,30.473327487999995,-1252.5269775390625,-112727.42797851562,-450909.7119140625,-857.9809796142579,-94.13440246582032,-5.647444725036621,-3.868499636650086,-8.653587233021836,-0.01923511102938597,0.0,-0.022989273071289062,-188.328125,-8.276138305664062,-0.045776382088661194,-16.47949755191803,-164.3732290839676,1,1789158662.0440311,38.99063684833333,-76.93784760333334,-6.34,0,1,11.826721000000001,12.475024,99.34108900000001,1,1,1789158662.329097,0.9817143245840704,0.16478938530711815,0.09157893899912413,-0.026357946208672347,-178.74150103377684,-10.865009841966296,18.93784627150375,0.01715309588860027,-0.019047825324565316,0.04437377450147943,-0.2682118819236755,0.3819690237998962,-9.396045719470978
2026-09-11T16:31:02.376,30.506746464000116,-1252.7149658203125,-112744.34692382812,-450977.3876953125,-858.1097515869142,-94.26317443847657,-5.620924472808838,-3.850333263874054,-8.612950214464142,0.5435945367077079,0.0,-0.021820068359375,-178.75,-7.855224609375,0.0,0.0,493.1179684218456,1,1789158662.0440311,38.99063684833333,-76.93784760333334,-6.34,0,1,11.826721000000001,12.475024,99.34108900000001,1,1,1789158662.3730972,0.9822272901330227,0.16244966804455052,0.0901851043304364,-0.02657635842365976,-178.66414826789165,-10.707730035622545,18.656975497106753,0.10672182230462246,-0.01548857538097328,0.06655725836017776,-0.07394214221954346,1.2850634371948242,-10.790159106464387
2026-09-11T16:31:02.408,30.54016969600002,-1252.902099609375,-112761.18896484375,-451044.755859375,-858.2379382324219,-94.39136108398438,-5.648171424865723,-3.86899742603302,-8.654700756158322,-0.5584188315187268,0.0,-0.022022247314453125,-180.40625,-7.928009033203125,-0.015258791856467724,-5.493165068328381,-164.35170208386967,1,1789158662.0440311,38.99063684833333,-76.93784760333334,-6.34,0,1,11.826721000000001,12.475024,99.34108900000001,1,1,1789158662.401097,0.9826004181266718,0.16048545388020524,0.08990334274729411,-0.025655922377044886,-178.74276908225207,-10.656056015113196,18.43486603045293,0.009069079859212934,-0.01033863235711361,0.07841188370557366,0.16504592222213746,0.053544309883117674,-9.32690883583069
2026-09-11T16:31:02.441,30.573574272000087,-1253.0919189453125,-112778.27270507812,-451113.0908203125,-858.3679644775391,-94.52138732910157,-5.7272772789001465,-3.9231849360466007,-8.77591476388376,-1.622158293925746,0.0,-0.020908355712890625,-171.28125,-7.527008056640625,0.0762939527630806,27.465822994709015,986.6608713420575,1,1789158662.0440311,38.99063684833333,-76.93784760333334,-6.34,0,1,11.826721000000001,12.475024,99.34108900000001,1,1,1789158662.4290972,0.9828937978231577,0.15886032287587928,0.09012166293702009,-0.02369105075777321,-178.9541768291521,-10.642895039345944,18.264668124597847,0.00864304498880112,0.0279788496399455,0.0906450709657271,-0.187895417098999,1.4938470191383362,-11.947147692546844
2026-09-11T16:31:02.475,30.60698223999998,-1253.282958984375,-112795.46630859375,-451181.865234375,-858.498826904297,-94.65224975585939,-5.728305339813232,-3.9238891577720647,-8.777490063019105,-0.021079454023252755,0.0,-0.018758773803710938,-153.671875,-6.7531585693359375,0.030517585575580597,10.986330807209015,-493.28029132311104,1,1789158662.0440311,38.99063684833333,-76.93784760333334,-6.34,0,1,11.826721000000001,12.475024,99.34108900000001,1,1,1789158662.4690971,0.9834657239755548,0.15563502039185656,0.08992144272233288,-0.022069080896103453,-179.10124658001178,-10.587608079972954,17.901870881615725,-0.05113116576642588,-0.01564513141487717,0.10716007447979825,-1.8050120287704468,0.2860599852180481,-7.4522695909118655
2026-09-11T16:31:02.508,30.64039100800005,-1253.4749755859375,-112812.74780273438,-451250.9912109375,-858.6303582763672,-94.7837811279297,-5.755361080169678,-3.9424223399162295,-8.81894761076464,-0.5547400653662171,0.0,-0.016937255859375,-138.75,-6.097412109375,0.0,0.0,-328.8457331675717,1,1789158662.0440311,38.99063684833333,-76.93784760333334,-6.34,0,1,11.826721000000001,12.475024,99.34108900000001,1,1,1789158662.5010972,0.9841099989653939,0.15292804464097393,0.08775075430445489,-0.020983999085498577,-179.15773376925048,-10.31913973798276,17.589868920659704,-0.03736069250111582,0.005564109655357922,0.11455538358634862,-1.2275964672470094,-0.03804980262756348,-9.724568499889374
2026-09-11T16:31:02.543,30.673808192000024,-1253.6688232421875,-112830.19409179688,-451320.7763671875,-858.7631439208985,-94.91656677246094,-5.756745338439941,-3.94337055683136,-8.821068711594837,-0.028375129248809534,0.0,-0.016305923461914062,-133.578125,-5.8701324462890625,0.0,0.0,0.0,1,1789158662.0440311,38.99063684833333,-76.93784760333334,-6.34,0,1,11.826721000000001,12.475024,99.34108900000001,1,1,1789158662.529097,0.9846266167019313,0.15051886594195393,0.08617831492298313,-0.02068319885055039,-179.1392795246678,-10.132977794282688,17.306610303557395,0.03645992807416154,-0.04238497181883189,0.11494860626682295,-0.8762241919517517,-1.5472932625198366,-9.833030050678254
2026-09-11T16:31:02.576,30.70722713600003,-1253.859619140625,-112847.36572265625,-451389.462890625,-858.8938391113282,-95.04726196289063,-5.680014610290527,-3.8908100080490113,-8.703494112493305,1.5727770686692388,0.0,-0.015987396240234375,-130.96875,-5.755462646484375,0.1373291164636612,49.43848192691803,1479.3550007717565,1,1789158662.0440311,38.99063684833333,-76.93784760333334,-6.34,0,1,11.826721000000001,12.475024,99.34108900000001,1,1,1789158662.569097,0.9851577097819465,0.14703497748117356,0.0858486876543937,-0.021794611313788514,-178.97000006703436,-10.111139650174216,16.88636857946402,0.15115581066529568,-0.08402032472393221,0.11501318344914672,1.8195258710098268,-1.5580805776977538,-0.5047482838249207
2026-09-11T16:31:02.608,30.740640832000054,-1254.0457763671875,-112864.11987304688,-451456.4794921875,-859.0213568115236,-95.17477966308594,-5.630073547363281,-3.8566003799438477,-8.62696935384718,1.0238205347034315,0.0,-0.016790390014648438,-137.546875,-6.0445404052734375,0.0457763671875,16.4794921875,-986.391620352124,1,1789158662.0440311,38.99063684833333,-76.93784760333334,-6.34,0,1,11.826721000000001,12.475024,99.34108900000001,1,1,1789158662.601097,0.985577598614484,0.14474484291395323,0.08542173271886772,-0.019719410194744724,-179.1771703871611,-10.025593112174274,16.63762769720309,0.07323209555150488,-0.08084836334135773,0.09830305212470261,3.322198875293732,-5.414741886806488,10.337288001995088
2026-09-11T16:31:02.642,30.774045888000046,-1254.23291015625,-112880.9619140625,-451523.84765625,-859.1495434570313,-95.30296630859375,-5.605435371398926,-3.8397232294082646,-8.58921624330767,0.5052274283146544,0.0,-0.017698287963867188,-144.984375,-6.3713836669921875,-0.1220703274011612,-43.94531786441803,-1808.8522303908699,1,1789158662.0440311,38.99063684833333,-76.93784760333334,-6.34,0,1,11.826721000000001,12.475024,99.34108900000001,1,1,1789158662.6290972,0.9859100477251808,0.14287698778070407,0.08466841342234017,-0.019970075758202584,-179.11677592027928,-9.942362435832148,16.414845022941833,-0.1128376305365358,-0.07531619321131129,0.07012261695615178,-3.15578002204895,0.6419433195877076,-8.850109504966737
2026-09-11T16:31:02.676,30.80745215999991,-1254.4205322265625,-112897.84790039062,-451591.3916015625,-859.2780645751953,-95.43148742675783,-5.631791591644287,-3.857777240276337,-8.629601915435606,-0.5404377617515989,0.0,-0.018217086791992188,-149.234375,-6.5581512451171875,-0.015258789993822575,-5.493164397776127,1151.045931338781,1,1789158662.0440311,38.99063684833333,-76.93784760333334,-6.34,0,1,11.826721000000001,12.475024,99.34108900000001,1,1,1789158662.6730971,0.9863136082745013,0.14008060137097067,0.08461659207287674,-0.02007295688365669,-179.07565763070102,-9.935571154478033,16.0863298179685,-0.054498778558148935,-0.11861152876798343,0.061616580313632215,-0.10179302867889405,-1.7426417337417601,-5.181343612957001
2026-09-11T16:31:02.710,30.840876607999917,-1254.6075439453125,-112914.67895507812,-451658.7158203125,-859.4061676025391,-95.55959045410157,-5.579440116882324,-3.8219164800643926,-8.549383679456845,1.0728901255733203,0.0,-0.018436431884765625,-151.03125,-6.637115478515625,-0.030517585575580597,-10.986330807209015,-164.34576300054474,1,1789158662.0440311,38.99063684833333,-76.93784760333334,-6.34,0,1,11.826721000000001,12.475024,99.34108900000001,1,1,1789158662.701097,0.986655083738793,0.13797103853427148,0.08367202592070144,-0.02178830733433255,-178.84228984813547,-9.853128961198061,15.821123416466206,-0.00790459618228232,-0.11059191538799469,0.07134522009717381,-1.0181264197921753,0.061978029022216795,-13.502678541202545
2026-09-11T16:31:02.743,30.87430172800009,-1254.7933349609375,-112931.40014648438,-451725.6005859375,-859.5334344482422,-95.6868572998047,-5.554351329803467,-3.804730660915375,-8.510940096893725,0.514158786832412,0.0,-0.017911911010742188,-146.734375,-6.4482879638671875,-0.0457763709127903,-16.479493528604507,-164.34234855003706,1,1789158662.0440311,38.99063684833333,-76.93784760333334,-6.34,0,1,11.826721000000001,12.475024,99.34108900000001,1,1,1789158662.7410972,0.9872788404298086,0.13430443772150633,0.08225755300406098,-0.021828976651846417,-178.77885413545198,-9.688163292354167,15.389861889710314,0.00911376028806399,-0.12520311375399043,0.09781139287441583,0.12454445705413818,0.4639526191520691,-10.775449131221771
2026-09-11T16:31:02.776,30.90771913599997,-1254.9783935546875,-112948.05541992188,-451792.2216796875,-859.660199584961,-95.81362243652345,-5.555336952209473,-3.8054058122634893,-8.51245036744695,-0.020203582160433275,0.0,-0.017976760864257812,-147.265625,-6.4716339111328125,0.0,0.0,493.14098593957175,1,1789158662.0440311,38.99063684833333,-76.93784760333334,-6.34,0,1,11.826721000000001,12.475024,99.34108900000001,1,1,1789158662.773097,0.9878082770759418,0.1312842341708263,0.0807723324252561,-0.02179651148745762,-178.73033068694514,-9.514559902831213,15.035341449281681,0.024027598746355534,-0.11789559470881537,0.11206200621694952,-0.20211505983352662,1.1310009631538391,-9.71054499015808
2026-09-11T16:31:02.808,30.94113055999992,-1255.1641845703125,-112964.77661132812,-451859.1064453125,-859.7874664306642,-95.94088928222656,-5.607896327972412,-3.841408984661103,-8.592987170412265,-1.0775707254400937,0.0,-0.018098831176757812,-148.265625,-6.5155792236328125,0.0,0.0,0.0,1,1789158662.0440311,38.99063684833333,-76.93784760333334,-6.34,0,1,11.826721000000001,12.475024,99.34108900000001,1,1,1789158662.8010972,0.9883032059183461,0.12866306175078962,0.07920245806276624,-0.020725837721246015,-178.80465861054287,-9.316347731825163,14.73736310009833,-3.6302848441482055e-05,-0.1028347995275059,0.10807253261274088,-1.3989186455726623,1.061667946510315,-8.49295130607605
2026-09-11T16:31:02.843,30.974532832000023,-1255.3546142578125,-112981.91528320312,-451927.6611328125,-859.9179107666016,-96.07133361816408,-5.686721324920654,-3.8954041075706485,-8.713770820442564,-1.6165104849568048,0.0,-0.018098831176757812,-148.265625,-6.5155792236328125,-0.0762939527630806,-27.465822994709015,-822.2740954454921,1,1789158662.0440311,38.99063684833333,-76.93784760333334,-6.34,0,1,11.826721000000001,12.475024,99.34108900000001,1,1,1789158662.841097,0.9888813987066329,0.12548295733377163,0.07753598404896986,-0.01886207539858249,-178.96443289998527,-9.095558446071161,14.38128982292359,-9.37241808320955e-05,-0.06496272555555574,0.100031800748803,-0.7013716195678711,1.576222880496979,-10.395245304450988
2026-09-11T16:31:02.876,31.007959552000102,-1255.5460205078125,-112999.14184570312,-451996.5673828125,-860.0490240478516,-96.20244689941407,-5.714207172393799,-3.9142319130897527,-8.75588742190799,-0.5632561471499282,0.0,-0.018098831176757812,-148.265625,-6.5155792236328125,0.0,0.0,821.6726916264498,1,1789158662.0440311,38.99063684833333,-76.93784760333334,-6.34,0,1,11.826721000000001,12.475024,99.34108900000001,1,1,1789158662.8730972,0.9890725096821039,0.12271578526383102,0.07948784323863742,-0.018923250658800225,-178.95924015218176,-9.316200163209217,14.060465834325148,-0.009711710089797248,-0.005973738430800992,0.08323876628488917,-0.3141070046806336,0.02559535692214966,-9.61022295900345
2026-09-11T16:31:02.909,31.041382655999996,-1255.7359619140625,-113016.23657226562,-452064.9462890625,-860.1791339111329,-96.33255676269532,-5.689615726470947,-3.8973867726325992,-8.71820591587463,0.5039968896128523,0.0,-0.018106460571289062,-148.328125,-6.5183258056640625,-0.015258791856467724,-5.493165068328381,-164.35233149936644,1,1789158662.0440311,38.99063684833333,-76.93784760333334,-6.34,0,1,11.826721000000001,12.475024,99.34108900000001,1,1,1789158662.901097,0.9893021955018385,0.12023830978863705,0.08038706219784997,-0.019021962717160765,-178.93676852410226,-9.417572342565336,13.771731887414612,0.00951989840500307,0.01164693116440856,0.08015564216124117,0.10659828725814818,-0.5937926672935486,-6.143474060325623
2026-09-11T16:31:02.942,31.074790752000126,-1255.9259033203125,-113033.33129882812,-452133.3251953125,-860.3092437744141,-96.46266662597657,-5.768059253692627,-3.9511205887794496,-8.8384050393241,-1.6084070204611776,0.0,-0.017913818359375,-146.75,-6.448974609375,0.0,0.0,164.4261638947331,1,1789158662.0440311,38.99063684833333,-76.93784760333334,-6.34,0,1,11.826721000000001,12.475024,99.34108900000001,1,1,1789158662.9290972,0.9894824882715132,0.11813575839637909,0.08143968256950326,-0.018328286747693375,-179.01060913327308,-9.526091825365528,13.534357271952558,0.01648201679120845,0.008081747101359744,0.07982961465696864,-0.5817304875946044,0.4681694787216186,-5.518398179016113
2026-09-11T16:31:02.977,31.108313696000096,-1256.1240234375,-113051.162109375,-452204.6484375,-860.4449560546876,-96.59837890625,-5.8723931312561035,-4.022589294910431,-8.998275981814663,-2.1319340607748196,0.0,-0.017820358276367188,-145.984375,-6.4153289794921875,0.0915527418255806,32.958987057209015,983.1769864018847,1,1789158662.0440311,38.99063684833333,-76.93784760333334,-6.34,0,1,11.826721000000001,12.475024,99.34108900000001,1,1,1789158662.9690971,0.9899006221934015,0.11523164575611328,0.0807877665460365,-0.017081064778206253,-179.1172207466145,-9.432193791309148,13.206696824596962,0.06748315552836075,-0.02335529791848732,0.10358668736926506,-0.5499569410705566,0.20966618045806884,-10.415447003784179
2026-09-11T16:31:03.010,31.141736320000064,-1256.320556640625,-113068.85009765625,-452275.400390625,-860.5795812988282,-96.73300415039063,-5.872128486633301,-4.022408013343811,-8.99787046649921,0.005423917841411913,0.0,-0.0097198486328125,-79.625,-3.4991455078125,0.5187988877296448,186.76759958267212,4601.931090916454,1,1789158662.0440311,38.99063684833333,-76.93784760333334,-6.34,0,1,11.826721000000001,12.475024,99.34108900000001,1,1,1789158663.0010972,0.9902357910439537,0.11271467627742511,0.07996036600871588,-0.018298080636584245,-178.94233374530282,-9.351115096658498,12.901107515921485,0.20817309933407246,-0.005343325504980639,0.15446495492707696,-0.4228627549743652,-2.316428834705353,-18.052081617736818
2026-09-11T16:31:03.043,31.1751432640001,-1256.517333984375,-113086.56005859375,-452346.240234375,-860.7143737792969,-96.86779663085939,-5.95020055770874,-4.075887382030487,-9.117500407190592,-1.6008458806235115,0.0,0.008934021927416325,73.18750762939453,3.216247893869877,0.19836431741714478,71.41115427017212,-3453.0678805095026,1,1789158663.040387,38.99064595833333,-76.93786854833333,-6.3629999999999995,0,1,9.102288999999999,9.585216,94.69236099999999,1,1,1789158663.0410972,0.9908482400778885,0.10887279654440765,0.07777366143804597,-0.01782517583843799,-178.9329101368093,-9.09112660397883,12.45598833588579,0.008780227868007874,0.0774093665832281,0.1632823583081523,-0.9372215559577942,3.3793716457366947,-7.183861575984955
2026-09-11T16:31:03.076,31.20859590400005,-1256.7222900390625,-113105.00610351562,-452420.0244140625,-860.8547686767579,-97.00819152832032,-6.1332573890686035,-4.201281311511994,-9.397998638851085,-3.748401605424643,0.0,0.009996415115892887,81.89063262939453,3.5987094417214394,0.1525879204273224,54.93165135383606,-492.62189520350233,1,1789158663.040387,38.99064595833333,-76.93786854833333,-6.3629999999999995,0,1,9.102288999999999,9.585216,94.69236099999999,1,1,1789158663.0730972,0.9914795402115669,0.10413465419978189,0.07645435005187294,-0.016704116100456266,-179.00236482911703,-8.921714544391847,11.913703823092078,-0.0012468632176247491,-0.03449329107301433,0.2769430861199286,-2.9878901712799073,1.7471527928161623,-12.66666161491394
2026-09-11T16:31:03.109,31.242003551999915,-1256.9283447265625,-113123.55102539062,-452494.2041015625,-860.9959161376954,-97.14933898925781,-6.186362266540527,-4.237658152580262,-9.47937131482699,-1.0888776446762822,0.0,0.016254426911473274,133.15626525878906,5.851593688130379,0.06103518605232239,21.97266697883606,-986.5700325605821,1,1789158663.040387,38.99064595833333,-76.93786854833333,-6.3629999999999995,0,1,9.102288999999999,9.585216,94.69236099999999,1,1,1789158663.101097,0.991975706291313,0.0990605285208328,0.07662451541151473,-0.017317432112596925,-178.88770495003112,-8.942910987528325,11.318527218595873,0.014145544521563642,-0.04287156961428792,0.32903924442978216,0.3123418076515198,1.773238482246399,-8.84157771932602
2026-09-11T16:31:03.144,31.275420575999988,-1257.1407470703125,-113142.66723632812,-452570.6689453125,-861.1414117431641,-97.29483459472657,-6.290743350982666,-4.309159195423127,-9.63931459248193,-2.139659200134294,0.0,0.016057970002293587,131.54689025878906,5.780869200825691,-0.1068115383386612,-38.45215380191803,-1808.2047276448664,1,1789158663.040387,38.99064595833333,-76.93786854833333,-6.3629999999999995,0,1,9.102288999999999,9.585216,94.69236099999999,1,1,1789158663.141097,0.9927284628878567,0.09119226381712468,0.07688772997621576,-0.01620021516295398,-178.94767979620116,-8.952288746404355,10.414566661523638,-0.05386016258484421,0.0854747075896191,0.33043149357409807,-3.168528667259216,0.6518480362510681,-17.100738485546113
2026-09-11T16:31:03.178,31.30884160000005,-1257.35302734375,-113161.7724609375,-452647.08984375,-861.2868237304688,-97.44024658203126,-6.344738960266113,-4.346146187782288,-9.722052138024075,-1.1066983572702955,0.0,0.014005662873387337,114.73439025878906,5.042038634419441,-0.0762939602136612,-27.46582567691803,328.7250601591172,1,1789158663.040387,38.99064595833333,-76.93786854833333,-6.3629999999999995,0,1,9.102288999999999,9.585216,94.69236099999999,1,1,1789158663.1730971,0.9930963348325074,0.08496023930703503,0.07909574389285008,-0.016890552897061397,-178.83279082004938,-9.205122272818977,9.685626153724495,0.0562320650383045,0.17088501252983962,0.33164903526028927,-0.3484302802467346,1.1637551746940613,-7.660072507839202
2026-09-11T16:31:03.210,31.342261248000113,-1257.567626953125,-113181.08642578125,-452724.345703125,-861.4338244628907,-97.58724731445314,-6.397356033325195,-4.3821888828277595,-9.802677350634742,-1.0784881709527352,0.0,0.013116838410496712,107.45314025878906,4.722061827778816,-0.1373291164636612,-49.43848192691803,-657.4771897644974,1,1789158663.040387,38.99064595833333,-76.93786854833333,-6.3629999999999995,0,1,9.102288999999999,9.585216,94.69236099999999,1,1,1789158663.201097,0.9934172823388675,0.07978924078736356,0.08055196481584961,-0.016345065596106684,-178.86057632268154,-9.360846849188619,9.09075562866687,-0.031897637409448364,0.17363320797002987,0.28855947402242726,-1.0209703483390808,-0.1441577573776245,-7.356948951339722
2026-09-11T16:31:03.243,31.37566668799991,-1257.7791748046875,-113200.12573242188,-452800.5029296875,-861.578734741211,-97.73215759277345,-6.451155185699463,-4.419041302204133,-9.88511386498776,-1.1031861689771947,0.0,0.008378984406590462,68.64064025878906,3.0164343863725662,-0.1525879055261612,-54.93164598941803,-164.43920698345616,1,1789158663.040387,38.99064595833333,-76.93786854833333,-6.3629999999999995,0,1,9.102288999999999,9.585216,94.69236099999999,1,1,1789158663.2410972,0.9934970045528615,0.07392773492424838,0.08456052001840955,-0.018652356625306135,-178.57172278669688,-9.833120633812538,8.388390279290704,-0.09598612754268016,0.2701293207201428,0.23593046669193987,-4.113301343841552,3.2730675579833983,-21.558351316566466
2026-09-11T16:31:03.277,31.409076224000046,-1257.9903564453125,-113219.13208007812,-452876.5283203125,-861.7233941650392,-97.87681701660156,-6.347872734069824,-4.34829282283783,-9.726854023885615,2.1176133474591183,0.0,0.007186891511082649,58.87501525878906,2.5872809439897537,-0.0915527492761612,-32.95898973941803,657.6761871194739,1,1789158663.040387,38.99064595833333,-76.93786854833333,-6.3629999999999995,0,1,9.102288999999999,9.585216,94.69236099999999,1,1,1789158663.273097,0.9933891428362351,0.06977058140567255,0.08876134444671285,-0.02077259245777156,-178.31754307426402,-10.325946064888518,7.883100898236038,-0.0003488913174736665,0.25374783489384917,0.23611756598775366,2.0941120755386353,1.872285648880005,-10.559604761161804
2026-09-11T16:31:03.311,31.442498304000082,-1258.201416015625,-113238.12744140625,-452952.509765625,-861.8679699707031,-98.02139282226564,-6.269721984863281,-4.294759559631348,-9.607103524586936,1.6017334410791493,0.0,0.006097795441746712,49.95314025878906,2.1952063590288162,-0.1068115383386612,-38.45215380191803,-164.35733690105388,1,1789158663.040387,38.99064595833333,-76.93786854833333,-6.3629999999999995,0,1,9.102288999999999,9.585216,94.69236099999999,1,1,1789158663.3010972,0.9934972561278971,0.0662806597260371,0.08972808494631387,-0.02278040790872878,-178.05543980223038,-10.446015412420158,7.455832087643212,0.05781787119666656,0.15271421515440142,0.19620467852144655,-0.22780848325729372,-1.2458368365478514,-7.795992679080963
2026-09-11T16:31:03.344,31.475914848000002,-1258.4093017578125,-113256.83715820312,-453027.3486328125,-862.0103717041017,-98.16379455566407,-6.243678092956543,-4.276919493675233,-9.567196433597056,0.5338692701483028,0.0,0.007457735016942024,61.09376525878906,2.6847846060991287,0.1373291164636612,49.43848192691803,2630.1533674172692,1,1789158663.040387,38.99064595833333,-76.93786854833333,-6.3629999999999995,0,1,9.102288999999999,9.585216,94.69236099999999,1,1,1789158663.341097,0.9936739444054374,0.06103196555917508,0.09112334534895584,-0.024160449543381295,-177.84898454591647,-10.605336939064442,6.829774023295641,0.04266195557112339,0.009817127976617705,0.2532704873434287,2.1988470992660525,-0.9016234158706664,-10.900974253292084
2026-09-11T16:31:03.377,31.509321536000016,-1258.6124267578125,-113275.11840820312,-453100.4736328125,-862.1495123291016,-98.30293518066406,-6.114844799041748,-4.188668687343598,-9.369785002110758,2.641710735634691,0.0,0.022573472931981087,184.92189025878906,8.126450255513191,0.4577637314796448,164.79494333267212,3453.094823578646,1,1789158663.040387,38.99064595833333,-76.93786854833333,-6.3629999999999995,0,1,9.102288999999999,9.585216,94.69236099999999,1,1,1789158663.3730972,0.9941595644291821,0.0559468991590601,0.0882264865797755,-0.027070131035031558,-177.43979962520194,-10.279570675807431,6.211589151844018,0.04685825069169336,-0.08500940281103742,0.2949304493909822,-0.7635457815933228,-0.9214328491973877,-9.331517961406707
2026-09-11T16:31:03.410,31.54273606400011,-1258.81494140625,-113293.3447265625,-453173.37890625,-862.2882348632813,-98.44165771484376,-6.089564800262451,-4.171351888179779,-9.331048425598995,0.5182416212424162,0.0,0.04001808539032936,327.8281555175781,14.40651074051857,0.5340576767921448,192.26076364517212,821.972416082693,1,1789158663.040387,38.99064595833333,-76.93786854833333,-6.3629999999999995,0,1,9.102288999999999,9.585216,94.69236099999999,1,1,1789158663.401097,0.9947464877207749,0.05049306894870686,0.08480346907589865,-0.027170697230960116,-177.35338346694795,-9.872704005262356,5.583022317258426,0.021965666768049435,-0.09924692618418114,0.3800149013598554,-4.328851514396668,0.3817728907966614,-9.331616027908325
2026-09-11T16:31:03.445,31.576142079999954,-1259.0152587890625,-113311.37329101562,-453245.4931640625,-862.4254522705079,-98.57887512207031,-6.012149810791016,-4.118322620391846,-9.212425331943097,1.587416703272241,0.0,0.045225147157907486,370.4844055175781,16.281052976846695,0.01525880303233862,5.493169091641903,-5590.837128090947,1,1789158663.040387,38.99064595833333,-76.93786854833333,-6.3629999999999995,0,1,9.102288999999999,9.585216,94.69236099999999,1,1,1789158663.441097,0.9955342715011072,0.041018108855395405,0.07973785198485724,-0.02951108221546029,-176.96712038683702,-9.27565588278896,4.472652369150995,0.019225325309493137,-0.12677373554786012,0.4191282534958239,-1.842963764896393,-1.1778767509269714,-8.626910147285463
2026-09-11T16:31:03.477,31.60956115199997,-1259.21630859375,-113329.4677734375,-453317.87109375,-862.5631713867189,-98.71659423828126,-5.987485408782959,-4.101427505016328,-9.174632035201151,0.5055530978092732,0.0,0.04493141546845436,368.0781555175781,16.17530956864357,-0.0305175818502903,-10.986329466104507,-493.11658198465057,1,1789158663.040387,38.99064595833333,-76.93786854833333,-6.3629999999999995,0,1,9.102288999999999,9.585216,94.69236099999999,1,1,1789158663.4690971,0.9958993173699103,0.03385156377945981,0.07780383595121049,-0.03138764730126507,-176.6766952485379,-9.038297379737113,3.6308363300547724,0.016375726239761995,-0.1147138594824297,0.41201062627326585,-0.23771319992065432,-0.41854782890319825,-9.177945819873809
2026-09-11T16:31:03.510,31.642970048000052,-1259.410888671875,-113346.97998046875,-453387.919921875,-862.6964587402344,-98.84988159179689,-5.859483242034912,-4.013746020793915,-8.978494141002843,2.624495111188209,0.0,0.04233551397919655,346.8125305175781,15.240785032510757,-0.1678467094898224,-60.42481541633606,-1479.8000493673662,1,1789158663.040387,38.99064595833333,-76.93786854833333,-6.3629999999999995,0,1,9.102288999999999,9.585216,94.69236099999999,1,1,1789158663.5010972,0.9960560910603551,0.026366695891041757,0.07729201632511858,-0.034684362784290684,-176.22588563041032,-8.963393280924608,2.7367333867786363,0.06169267666901917,-0.08715196900078565,0.35936940163801445,1.6009356389045717,-2.5823851870918273,-9.446549967803955
2026-09-11T16:31:03.544,31.676373695999928,-1259.603515625,-113364.31640625,-453457.265625,-862.828408203125,-98.9818310546875,-5.78263521194458,-3.9611051201820375,-8.860739799977704,1.575902746073526,0.0,0.03398895636200905,278.4375305175781,12.236024290323257,-0.3051758110523224,-109.86329197883606,-1480.032257634968,1,1789158663.040387,38.99064595833333,-76.93786854833333,-6.3629999999999995,0,1,9.102288999999999,9.585216,94.69236099999999,1,1,1789158663.5410972,0.9963837090391147,0.01896957968125145,0.07467635713426767,-0.03582040051882555,-176.02421706690677,-8.636871579159726,1.881032645935547,0.003952996222841957,-0.03909904043610217,0.286061558796973,-3.6963225789642333,-0.6955856959724427,-8.44136832622528
2026-09-11T16:31:03.579,31.709778143999984,-1259.7977294921875,-113381.79565429688,-453527.1826171875,-862.9614447021485,-99.11486755371095,-5.7839131355285645,-3.9619804978370667,-8.862697964023493,-0.026205421955415885,0.0,0.0184478797018528,151.12503051757812,6.6412366926670074,-0.5798340439796448,-208.74025583267212,-2959.9939461257122,1,1789158663.040387,38.99064595833333,-76.93786854833333,-6.3629999999999995,0,1,9.102288999999999,9.585216,94.69236099999999,1,1,1789158663.5730972,0.9963943502249595,0.013730487556422222,0.07479995008435388,-0.03761302990483203,-175.7713985877562,-8.632338439292853,1.2596973212523077,0.04116236867780986,-0.10617117092561826,0.24114114717376894,-0.027164420948028564,-1.281827242641449,-7.950937751636505
2026-09-11T16:31:03.611,31.743199775999983,-1259.986572265625,-113398.79150390625,-453595.166015625,-863.0908020019532,-99.24422485351563,-5.654607772827148,-3.873406324386597,-8.664563180893415,2.650204916697994,0.0,0.006956104189157486,56.984405517578125,2.504197508096695,0.0762939527630806,27.465822994709015,7067.460943480678,1,1789158663.040387,38.99064595833333,-76.93786854833333,-6.3629999999999995,0,1,9.102288999999999,9.585216,94.69236099999999,1,1,1789158663.601097,0.9964378652188897,0.009544039346839542,0.0743403789830122,-0.038652297779434686,-175.61474314375107,-8.562544223622018,0.7690953762933137,-0.024120101196711236,-0.0955408940504964,0.20776277242692862,0.07325567670822143,-1.128745433616638,-8.745374481239319
2026-09-11T16:31:03.644,31.776606368000103,-1260.1707763671875,-113415.36987304688,-453661.4794921875,-863.2169818115235,-99.37040466308595,-5.576805591583252,-3.820111830234528,-8.545346792757972,1.5953286750075633,0.0,0.006792072206735611,55.640655517578125,2.44514599442482,-0.030517585575580597,-10.986330807209015,-1151.0349155574017,1,1789158663.040387,38.99064595833333,-76.93786854833333,-6.3629999999999995,0,1,9.102288999999999,9.585216,94.69236099999999,1,1,1789158663.641097,0.9965971166919342,0.004877897867929608,0.07274987987187047,-0.03844278986158382,-175.59940444681266,-8.359266289887316,0.23912583060254672,-0.011480950352543899,-0.03485003637212197,0.16262471824600083,-0.6450814476394654,0.5697663743972778,-8.377036701164245
2026-09-11T16:31:03.677,31.81001328000002,-1260.356689453125,-113432.10205078125,-453728.408203125,-863.3443322753907,-99.49775512695314,-5.551377296447754,-3.802693448066712,-8.50638298153791,0.5214005463258232,0.0,0.004819873720407486,39.484405517578125,1.735154539346695,0.030517593026161194,10.98633348941803,657.728086231994,1,1789158663.040387,38.99064595833333,-76.93786854833333,-6.3629999999999995,0,1,9.102288999999999,9.585216,94.69236099999999,1,1,1789158663.6730971,0.9966924870647761,0.0017500589941333922,0.07158947728379061,-0.03841835842903566,-175.57679460046882,-8.212210039193465,-0.11648273890902741,-0.012402484197596904,-0.0576787684552826,0.15706217938696973,0.21525597105026245,2.747725308818817,-6.092185279979705
2026-09-11T16:31:03.712,31.84343519999993,-1260.54443359375,-113448.9990234375,-453795.99609375,-863.4729370117188,-99.62635986328125,-5.60474157333374,-3.839247977733612,-8.58815313558878,-1.0937291953005406,0.0,0.004262927919626236,34.921905517578125,1.534654051065445,-0.1525879055261612,-54.93164598941803,-1972.2978057219361,1,1789158663.040387,38.99064595833333,-76.93786854833333,-6.3629999999999995,0,1,9.102288999999999,9.585216,94.69236099999999,1,1,1789158663.701097,0.9969258085201269,-0.00098036079626639,0.06944232032078837,-0.03627306642214485,-175.80430717380096,-7.9544942471905165,-0.40453441711933896,0.05603309750357715,-0.07229502827610912,0.14783218017072292,-0.9942962598991394,0.9129991300582886,-7.474922952785492
2026-09-11T16:31:03.745,31.87685788800013,-1260.7314453125,-113465.830078125,-453863.3203125,-863.6010400390626,-99.754462890625,-5.605808258056641,-3.8399786567687992,-8.589787618040432,-0.021861767526977504,0.0,0.0044937171041965485,36.812530517578125,1.6177381575107574,0.015258789993822575,5.493164397776127,1807.8979879425438,1,1789158663.040387,38.99064595833333,-76.93786854833333,-6.3629999999999995,0,1,9.102288999999999,9.585216,94.69236099999999,1,1,1789158663.7410972,0.9971858618165967,-0.005724396050012859,0.0653174202037021,-0.03634862997262487,-175.76393931399383,-7.460986194184267,-0.9341344935266317,0.04983752772484768,-0.06558545903266731,0.16126563035747285,-0.7960057936286927,-0.5824169531059264,-9.91060065345764
2026-09-11T16:31:03.778,31.910263071999907,-1260.9169921875,-113482.529296875,-453930.1171875,-863.7281396484376,-99.8815625,-5.606634616851807,-3.8405447125434877,-8.59105384874616,-0.01694514763613615,0.0,0.0044250525534152985,36.250030517578125,1.5930189192295074,0.0,0.0,-164.44047719698344,1,1789158663.040387,38.99064595833333,-76.93786854833333,-6.3629999999999995,0,1,9.102288999999999,9.585216,94.69236099999999,1,1,1789158663.773097,0.9973530437172532,-0.009118392204046746,0.0629026722422135,-0.035313098650965734,-175.86247240053072,-7.170843083592839,-1.3070012497409764,0.026922925442488928,-0.0640185024302268,0.16914910805580605,-2.1257875555610655,0.7583482570075989,-10.662574587860108
2026-09-11T16:31:03.811,31.943672544000037,-1261.1064453125,-113499.580078125,-453998.3203125,-863.8579150390626,-100.01133789062501,-5.686201572418213,-3.895048077106476,-8.71297440297618,-1.631374616239837,0.0,0.0046691931784152985,38.250030517578125,1.6809095442295074,0.0,0.0,0.0,1,1789158663.040387,38.99064595833333,-76.93786854833333,-6.3629999999999995,0,1,9.102288999999999,9.585216,94.69236099999999,1,1,1789158663.8010972,0.9975159726958841,-0.01234517063608064,0.06073378688113421,-0.03347966710747239,-176.0553663644531,-6.9116803601662715,-1.6564091652409283,-0.024570396143725772,-0.06633664874272567,0.19540252519722998,-0.7480512743377685,1.657814209842682,-9.911385185470582
2026-09-11T16:31:03.845,31.977079424000067,-1261.298828125,-113516.89453125,-454067.578125,-863.9896972656251,-100.14312011718751,-5.766241073608398,-3.9498751354217534,-8.835619039508208,-1.64119062645865,0.0,0.0047912634909152985,39.250030517578125,1.7248548567295074,0.0,0.0,0.0,1,1789158663.040387,38.99064595833333,-76.93786854833333,-6.3629999999999995,0,1,9.102288999999999,9.585216,94.69236099999999,1,1,1789158663.841097,0.9976392446965031,-0.017470001192771045,0.05913269383485774,-0.030233442072449646,-176.39824008740774,-6.714947554024583,-2.2178175263025808,-0.03598432585299309,-0.027961047281575155,0.20783485452503597,-0.43904372774124145,0.8520998325538635,-10.191561180591583
2026-09-11T16:31:03.879,32.01049849600008,-1261.4937744140625,-113534.43969726562,-454137.7587890625,-864.1232354736329,-100.27665832519531,-5.819510459899902,-3.9863646650314335,-8.917243792572094,-1.0918774049041087,0.0,0.0055809058248996735,45.718780517578125,2.0091260969638824,0.015258789993822575,5.493164397776127,164.37214048833064,1,1789158663.040387,38.99064595833333,-76.93786854833333,-6.3629999999999995,0,1,9.102288999999999,9.585216,94.69236099999999,1,1,1789158663.8730972,0.9977094124915311,-0.021755645738474553,0.05727715376105029,-0.028669631342920585,-176.5552924580559,-6.490845208722468,-2.693728266695923,-0.04146081997990089,-0.03683412666578913,0.22772951360266894,-0.15200307750701905,0.9705641665077209,-10.83811362575531
2026-09-11T16:31:03.911,32.04390627199996,-1261.689453125,-113552.05078125,-454208.203125,-864.2572753906251,-100.41069824218751,-5.898653984069824,-4.04057797908783,-9.038515522297391,-1.6227753100534867,0.0,0.006715778261423111,55.015655517578125,2.41768017411232,0.0457763709127903,16.479493528604507,328.855447631984,1,1789158663.040387,38.99064595833333,-76.93786854833333,-6.3629999999999995,0,1,9.102288999999999,9.585216,94.69236099999999,1,1,1789158663.901097,0.9977477782864654,-0.025969236673845004,0.05562305539325268,-0.027037850870938355,-176.7216180613626,-6.2917537659729925,-3.162132161332746,0.0022855086554865746,-0.009362469706473182,0.24053115460019694,-2.045274957733154,1.5477835950279235,-9.703288069038392
2026-09-11T16:31:03.945,32.077313887999935,-1261.88818359375,-113569.9365234375,-454279.74609375,-864.3934057617188,-100.54682861328126,-5.950895309448242,-4.076363286972046,-9.118564976225933,-1.0711721508125727,0.0,0.009447101503610611,77.39065551757812,3.40095654129982,0.1220703274011612,43.94531786441803,822.1426017298757,1,1789158663.040387,38.99064595833333,-76.93786854833333,-6.3629999999999995,0,1,9.102288999999999,9.585216,94.69236099999999,1,1,1789158663.941097,0.9976640216607714,-0.032489191171523955,0.05492247062316762,-0.024381849013623728,-176.98910705207007,-6.200270703386627,-3.893494627805162,0.03465141790324502,0.028241347159445446,0.26526997501674016,0.03638267210006714,0.6387071250343322,-9.859802205619811
2026-09-11T16:31:03.980,32.11074700800009,-1262.0897216796875,-113588.07495117188,-454352.2998046875,-864.531459350586,-100.68488220214844,-6.02897834777832,-4.12985016822815,-9.238211722056517,-1.5998172248314593,0.0,0.012405399233102798,101.62503051757812,4.4659437239170074,0.1220703274011612,43.94531786441803,0.0,1,1789158663.040387,38.99064595833333,-76.93786854833333,-6.3629999999999995,0,1,9.102288999999999,9.585216,94.69236099999999,1,1,1789158663.9690971,0.9975744252365992,-0.03720101381914692,0.05423224266283847,-0.022808212127545482,-177.14410374325453,-6.113849523200416,-4.4238561335845175,0.00028867745827986207,-0.012304396693634824,0.28893000742262565,-2.1016631961631775,1.2969294838905334,-10.637959895954133
2026-09-11T16:31:04.013,32.14416867199998,-1262.2958984375,-113606.630859375,-454426.5234375,-864.6726904296876,-100.82611328125,-6.15986967086792,-4.219510724544525,-9.438776674446405,-2.682707728635967,0.0,0.014236453920602798,116.62503051757812,5.1251234114170074,0.0915527492761612,32.95898973941803,-328.71876532050095,1,1789158663.040387,38.99064595833333,-76.93786854833333,-6.3629999999999995,0,1,9.102288999999999,9.585216,94.69236099999999,1,1,1789158664.0010972,0.9975069403439059,-0.042441090601506415,0.05202176811226622,-0.02173461379385168,-177.24721001317937,-5.850853123601081,-5.013309062055615,0.07988790865398525,-0.01227123543784693,0.2992021427352383,-1.6944910814476013,0.9616401148605346,-8.027527689399719
2026-09-11T16:31:04.045,32.17756809599996,-1262.503662109375,-113625.32958984375,-454501.318359375,-864.815008544922,-100.96843139648438,-6.2384772300720215,-4.273356902599335,-9.559227144325632,-1.6121888226228263,0.0,0.014457706362009048,118.43753051757812,5.2047742903232574,0.2288818508386612,82.39746630191803,1480.219436195307,1,1789158664.042602,38.99065990166667,-76.93788693,-6.262999999999998,0,1,23.736383999999997,33.767721,711.8224,1,1,1789158664.0410972,0.9972703956442363,-0.049166013703891995,0.05034223887596297,-0.02236336408084718,-177.14574040832798,-5.636138970049015,-5.785388361962108,0.17247361121500485,-0.05274070840261505,0.30572024935973635,-0.6285082088661194,-1.4369684482002258,1.3804821432685852
2026-09-11T16:31:04.078,32.21097756800009,-1262.7164306640625,-113644.47875976562,-454577.9150390625,-864.9607550048829,-101.11417785644532,-6.395554065704346,-4.3809545350074774,-9.799916193198534,-3.220572668964127,0.0,0.014554981142282486,119.23440551757812,5.239793211221695,0.2593994438648224,93.38379979133606,328.8388840558501,1,1789158664.042602,38.99065990166667,-76.93788693,-6.262999999999998,0,1,23.736383999999997,33.767721,711.8224,1,1,1789158664.0730972,0.9970209640705905,-0.054977846739479454,0.04859935715966954,-0.02376417588109711,-176.96381957314742,-5.410810288226867,-6.455931581987398,0.16033170467473068,-0.017944428171454502,0.31040122241358514,-0.5722180369377136,-0.005001391582489014,-4.409364112224579
2026-09-11T16:31:04.114,32.244385728,-1262.9349365234375,-113664.14428710938,-454656.5771484375,-865.1104315185547,-101.2638543701172,-6.552588939666748,-4.488523423671722,-10.040540944147542,-3.2198387658745915,0.0,0.013599399477243423,111.40628051757812,4.8957838118076324,0.0,0.0,-2795.239240700265,1,1789158664.042602,38.99065990166667,-76.93788693,-6.262999999999998,0,1,23.736383999999997,33.767721,711.8224,1,1,1789158664.1090972,0.9967344748932884,-0.061035466621688114,0.047836474221616083,-0.02251066652762912,-177.08051061810934,-5.3139276009219945,-7.143823729434534,-0.06346139333299022,-0.018058223638684527,0.30474461030787153,-0.8598470861816405,3.0998821161270143,-10.182048729934694
2026-09-11T16:31:04.147,32.27779436800006,-1263.1639404296875,-113684.75463867188,-454739.0185546875,-865.267299194336,-101.42072204589844,-6.762300491333008,-4.6321758365631105,-10.361882239985471,-4.299858147207538,0.0,0.013395313173532486,109.73440551757812,4.822312742471695,0.0,0.0,0.0,1,1789158664.042602,38.99065990166667,-76.93788693,-6.262999999999998,0,1,23.736383999999997,33.767721,711.8224,1,1,1789158664.141097,0.9964168840348337,-0.06686026549970944,0.04752038659152287,-0.02061336861877138,-177.26966844802897,-5.275442401954922,-7.803472847624312,-0.027840095964411952,0.026466521843092415,0.32322398189506224,0.19015094663619997,2.5058933158302303,-13.310762397537232
2026-09-11T16:31:04.180,32.311211103999995,-1263.39306640625,-113705.3759765625,-454821.50390625,-865.4242504882814,-101.57767333984376,-6.8418779373168945,-4.686686387062073,-10.483818868696465,-1.6312350344171136,0.0,0.012914661318063736,105.79690551757812,4.649278074502945,-0.0610351599752903,-21.972657591104507,-657.534523753214,1,1789158664.042602,38.99065990166667,-76.93788693,-6.262999999999998,0,1,23.736383999999997,33.767721,711.8224,1,1,1789158664.1690972,0.9960679729936437,-0.07209453609542564,0.04793656703748333,-0.01878979995051074,-177.44743699662072,-5.323954366673491,-8.398297342502149,0.032129417134113214,0.06671590878918404,0.332904625124174,0.9906677993392944,0.6182112261962891,-7.960057936286926
2026-09-11T16:31:04.214,32.34461817600004,-1263.626708984375,-113726.40380859375,-454905.615234375,-865.584295654297,-101.73771850585938,-6.973304271697998,-4.776713426113129,-10.68520361961597,-2.6948497327432146,0.0,0.012174610048532486,99.73440551757812,4.382859617471695,0.0,0.0,657.7247353816167,1,1789158664.042602,38.99065990166667,-76.93788693,-6.262999999999998,0,1,23.736383999999997,33.767721,711.8224,1,1,1789158664.2090971,0.9955446181445303,-0.07919792749661926,0.047842513783141014,-0.01815751741322979,-177.48281069010994,-5.300693453097061,-9.213411713093977,0.070913949239006,0.1500169833283694,0.30942471069709426,-1.3374309490585328,0.7371658926582336,-9.778308942775727
2026-09-11T16:31:04.247,32.378019488000064,-1263.8614501953125,-113747.53051757812,-454990.1220703125,-865.7450933837891,-101.89851623535156,-7.025179386138916,-4.812247879505158,-10.764691928026915,-1.0638640000729274,0.0,0.011989597231149673,98.21878051757812,4.3162550032138824,-0.0610351599752903,-21.972657591104507,-657.838158904925,1,1789158664.042602,38.99065990166667,-76.93788693,-6.262999999999998,0,1,23.736383999999997,33.767721,711.8224,1,1,1789158664.2410972,0.9950555583699981,-0.08476704088681133,0.048555969266965156,-0.017924909617908286,-177.47254998243537,-5.370337562209232,-9.8568975438804,0.03371871395097925,0.20056817618435757,0.30343037738111983,-2.108135585269928,1.3962708500289918,-12.013244514636993
2026-09-11T16:31:04.280,32.411424447999934,-1264.09814453125,-113768.8330078125,-455075.33203125,-865.9072290039063,-102.06065185546876,-7.103993892669678,-4.86623581647873,-10.885459503576245,-1.616165293231329,0.0,0.013164523988962173,107.84378051757812,4.7392286360263824,0.1220703199505806,43.945315182209015,1973.298958405239,1,1789158664.042602,38.99065990166667,-76.93788693,-6.262999999999998,0,1,23.736383999999997,33.767721,711.8224,1,1,1789158664.269097,0.9945182401109404,-0.08979876414357968,0.050428812948305105,-0.01807171462669082,-177.40844936310745,-5.569846108670352,-10.445002926852814,0.08370127853666766,0.19654641398898703,0.3223329913119191,-1.3059516020393374,0.09836070112228394,-7.404118938617706
2026-09-11T16:31:04.314,32.44484291200001,-1264.3372802734375,-113790.35522460938,-455161.4208984375,-866.0710369873048,-102.22445983886719,-7.183089256286621,-4.920416140556336,-11.00665743682071,-1.6212691306661755,0.0,0.020420078188180923,167.28128051757812,7.3512281477451324,0.015258817933499813,5.493174456059933,-1150.6256160085252,1,1789158664.042602,38.99065990166667,-76.93788693,-6.262999999999998,0,1,23.736383999999997,33.767721,711.8224,1,1,1789158664.3130972,0.9936038320891813,-0.09893705718902612,0.051589457536151365,-0.017361205130829623,-177.42485482414867,-5.686404405589117,-11.500759282362882,0.035367177429487896,0.1643958783709247,0.3822061622357343,-0.41099670827865603,1.0536264933776855,-8.42763901599884
2026-09-11T16:31:04.347,32.478348864000054,-1264.5819091796875,-113812.37182617188,-455249.4873046875,-866.238607788086,-102.39203063964844,-7.261898994445801,-4.974400811195374,-11.127417705787778,-1.611196441723897,0.0,0.024898532778024673,203.96878051757812,8.963471800088882,0.06103518605232239,21.97266697883606,491.8377643099287,1,1789158664.042602,38.99065990166667,-76.93788693,-6.262999999999998,0,1,23.736383999999997,33.767721,711.8224,1,1,1789158664.341097,0.9929694708872706,-0.10519655518377136,0.05130611836002791,-0.017691717897034557,-177.35474273219612,-5.633720218279191,-12.225051207131203,0.05862351517938714,0.13925755208859997,0.4081653168652719,-2.9003167853355407,1.0655906065750123,-9.824596331539155
2026-09-11T16:31:04.380,32.511752544000046,-1264.829345703125,-113834.64111328125,-455338.564453125,-866.4081018066407,-102.56152465820313,-7.393002510070801,-5.0642067193984985,-11.328307801088254,-2.688503428458944,0.0,0.02411079779267311,197.51565551757812,8.67988720536232,-0.01525880303233862,-5.493169091641903,-822.2398271832446,1,1789158664.042602,38.99065990166667,-76.93788693,-6.262999999999998,0,1,23.736383999999997,33.767721,711.8224,1,1,1789158664.3690972,0.9923351760966952,-0.11161584623237018,0.050490239000166325,-0.016233820150492302,-177.49571669013145,-5.542413721341362,-12.95631823459041,-0.1390594572184986,-0.0327175930920353,0.43335338503127846,2.4786308283805845,2.453721936969757,-2.5062855818367007
2026-09-11T16:31:04.415,32.545162079999955,-1265.0811767578125,-113857.30590820312,-455429.2236328125,-866.5806060791016,-102.73402893066407,-7.472920894622803,-5.11895081281662,-11.450766850430867,-1.6385768847035742,0.0,0.0220336951315403,180.50003051757812,7.9321302473545074,-0.2899170219898224,-104.37012791633606,-2959.5430126585916,1,1789158664.042602,38.99065990166667,-76.93788693,-6.262999999999998,0,1,23.736383999999997,33.767721,711.8224,1,1,1789158664.4090972,0.991393951173957,-0.12119818881285793,0.047125418325348896,-0.015107201985596456,-177.61895153780353,-5.150822973269026,-14.046795660296507,-0.2100116291681233,-0.21723205628362383,0.37432076467522385,0.5294610422325134,0.8481771724891662,-9.531181358699799
2026-09-11T16:31:04.448,32.57857132799995,-1265.3280029296875,-113879.52026367188,-455518.0810546875,-866.749682006836,-102.90310485839845,-7.31874942779541,-5.013343358039856,-11.21452970212923,3.161024599439346,0.0,0.021183017641305923,173.53128051757812,7.6258863508701324,-0.1678466945886612,-60.42481005191803,1315.3638736322503,1,1789158664.042602,38.99065990166667,-76.93788693,-6.262999999999998,0,1,23.736383999999997,33.767721,711.8224,1,1,1789158664.441097,0.9907043523777491,-0.12770788164912295,0.04344716084616611,-0.017547859096932326,-177.36231334676899,-4.680803175047947,-14.79836642467785,0.0033538246906323036,-0.1790779371045514,0.3514094785184439,-0.7859049439620972,-2.63955795753479,-10.08064796726227
2026-09-11T16:31:04.481,32.611986688000115,-1265.5628662109375,-113900.65795898438,-455602.6318359375,-866.9105633544923,-103.0639862060547,-7.033638954162598,-4.81804268360138,-10.7776545356151,5.8446377485541054,0.0,0.009675983339548111,79.26565551757812,3.48335400223732,-0.7171631455421448,-258.1787323951721,-5918.054521701722,1,1789158664.042602,38.99065990166667,-76.93788693,-6.262999999999998,0,1,23.736383999999997,33.767721,711.8224,1,1,1789158664.4690971,0.990112795616082,-0.13264592238059886,0.04071770480783908,-0.02058591140290242,-177.03573371657134,-4.310930786775608,-15.372614237056988,0.01763969368405629,-0.2081249282467174,0.28179946476360285,-1.2466213685607912,-2.226501852722168,-9.454885620441438
2026-09-11T16:31:04.515,32.64540499200007,-1265.792236328125,-113921.30126953125,-455685.205078125,-867.0676818847656,-103.22110473632813,-6.826064586639404,-4.6758542418479925,-10.459588049946285,4.254807238380306,0.0,0.001237872987985611,10.140655517578125,0.44563427567481995,-0.3967285454273224,-142.82227635383606,3451.8943882221884,1,1789158664.042602,38.99065990166667,-76.93788693,-6.262999999999998,0,1,23.736383999999997,33.767721,711.8224,1,1,1789158664.509097,0.9893993208155201,-0.13756525245944962,0.03999193701414043,-0.02377877750037761,-176.66292653370033,-4.162975829980523,-15.95253874729852,-0.04510035506908467,-0.1703567013652609,0.16511408135812036,0.8981910883140565,-0.6957818289756775,-7.876799476413726
2026-09-11T16:31:04.547,32.67880662400012,-1266.015380859375,-113941.38427734375,-455765.537109375,-867.220535888672,-103.37395874023439,-6.775148868560791,-4.6409769749641425,-10.381569825886134,1.0441785264803127,0.0,-0.01611328125,-132.0,-5.80078125,-0.3204346299171448,-115.35646677017212,822.2894493186068,1,1789158664.042602,38.99065990166667,-76.93788693,-6.262999999999998,0,1,23.736383999999997,33.767721,711.8224,1,1,1789158664.5410972,0.9890830954825862,-0.1401829133835162,0.039877155013396705,-0.02175301206574527,-176.88412747713258,-4.173954959402909,-16.247198502710138,-0.03710692162787584,-0.09381895221047878,0.07229241028223113,0.4273738140487671,1.3682238305664063,-14.206796022815706
2026-09-11T16:31:04.581,32.71221062399991,-1266.2415771484375,-113961.74194335938,-455846.9677734375,-867.3754803466798,-103.52890319824219,-6.802120208740234,-4.659452342987061,-10.422898047125662,-0.5530884930856732,0.0,-0.029783248901367188,-243.984375,-10.721969604492188,-0.3051758408546448,-109.86330270767212,164.4462957290841,1,1789158664.042602,38.99065990166667,-76.93788693,-6.262999999999998,0,1,23.736383999999997,33.767721,711.8224,1,1,1789158664.569097,0.9889426486571005,-0.14117432245149572,0.040938248290209804,-0.0196547239708186,-177.10087388097136,-4.325451110537079,-16.357993489152587,-0.08991639600301947,-0.05729619228324545,0.005689075229800717,0.5369140963554382,0.42756994705200196,-4.282662192134857
2026-09-11T16:31:04.615,32.74562665600001,-1266.468994140625,-113982.20947265625,-455928.837890625,-867.5312609863282,-103.68468383789063,-6.80293083190918,-4.660007619857788,-10.42414016610993,-0.016617079811444987,0.0,-0.0384521484375,-315.0,-13.8427734375,-0.24414068460464478,-87.89064645767212,657.5483363773164,1,1789158664.042602,38.99065990166667,-76.93788693,-6.262999999999998,0,1,23.736383999999997,33.767721,711.8224,1,1,1789158664.6090972,0.9887034281615517,-0.14234874436195027,0.04289909735350107,-0.019027179676099876,-177.1342665445938,-4.554767078497707,-16.4997296467182,-0.0523876282949366,0.03171507596968976,-0.05242218581412608,0.4692482102394104,-0.1793636314582825,-8.921109652137757
2026-09-11T16:31:04.648,32.779035552000096,-1266.6949462890625,-114002.54516601562,-456010.1806640625,-867.6860382080079,-103.83946105957033,-6.726491451263428,-4.607646644115448,-10.307011999184509,1.5672764446395016,0.0,-0.04688835144042969,-384.109375,-16.879806518554688,-0.22888189554214478,-82.39748239517212,164.4221964858224,1,1789158664.042602,38.99065990166667,-76.93788693,-6.262999999999998,0,1,23.736383999999997,33.767721,711.8224,1,1,1789158664.641097,0.9884851869046019,-0.14244134584104737,0.0472345216291244,-0.019400985326349277,-177.0185530284236,-5.040175338981584,-16.531074109036442,-0.0017748253163530337,0.1280158863765045,-0.08056457280498346,1.6250599983024596,-0.42796221305847165,-12.05198078277588
2026-09-11T16:31:04.681,32.812442879999935,-1266.9205322265625,-114022.84790039062,-456091.3916015625,-867.8405645751953,-103.99398742675783,-6.805582046508789,-4.661823701858521,-10.428202625846716,-1.6217117915965436,0.0,-0.05032539367675781,-412.265625,-18.117141723632812,0.0,0.0,2466.449348944297,1,1789158664.042602,38.99065990166667,-76.93788693,-6.262999999999998,0,1,23.736383999999997,33.767721,711.8224,1,1,1789158664.6730971,0.9884816314644133,-0.14213188246522057,0.0492612101280794,-0.01661100301191682,-177.30352815312764,-5.316981333712598,-16.48996343440764,-0.01217349699973525,0.1635549787373138,-0.09373657266978465,-1.647615293674469,1.8178587404823303,-8.087838587894439
2026-09-11T16:31:04.715,32.84584880000011,-1267.149658203125,-114043.46923828125,-456173.876953125,-867.9975158691407,-104.15093872070314,-6.859169006347656,-4.698530769348145,-10.510313997289146,-1.0988192359147522,0.0,-0.046039581298828125,-377.15625,-16.574249267578125,0.4730224907398224,170.28809666633606,5097.542491433591,1,1789158664.042602,38.99065990166667,-76.93788693,-6.262999999999998,0,1,23.736383999999997,33.767721,711.8224,1,1,1789158664.713097,0.9885042817540461,-0.14212294710593334,0.049888276517721486,-0.013096286723078233,-177.69300909868852,-5.445966208433171,-16.473088247599975,-0.0014737560203840119,0.1667875030449325,-0.034621398240110714,-1.7834373984146117,-0.2882174482536316,-6.348138849201202
2026-09-11T16:31:04.748,32.879255104000094,-1267.3782958984375,-114064.04663085938,-456256.1865234375,-868.1541326904297,-104.3075555419922,-6.86059045791626,-4.699504463672638,-10.512492089460972,-0.029147023402937705,0.0,-0.033077239990234375,-270.96875,-11.907806396484375,0.4577637016773224,164.79493260383606,-164.43495402852636,1,1789158664.042602,38.99065990166667,-76.93788693,-6.262999999999998,0,1,23.736383999999997,33.767721,711.8224,1,1,1789158664.7410972,0.9882809470065986,-0.1429658155087605,0.05172663696251136,-0.013634529995721428,-177.59613294556732,-5.6437239537154715,-16.58124348720358,0.04980768259463857,0.17349026550429156,0.0223759936751933,0.3071442830657959,-1.9985953029632568,-3.3995733450698853
2026-09-11T16:31:04.782,32.91267155200012,-1267.606689453125,-114084.60205078125,-456338.408203125,-868.3105822753907,-104.46400512695314,-6.782057285308838,-4.645709240436554,-10.392155602265008,1.609842651021526,0.0,-0.024456024169921875,-200.34375,-8.804168701171875,0.045776426792144775,16.47951364517212,-4438.395695393812,1,1789158664.042602,38.99065990166667,-76.93788693,-6.262999999999998,0,1,23.736383999999997,33.767721,711.8224,1,1,1789158664.773097,0.9878281261961094,-0.14440661064672616,0.05633256052678567,-0.012998712317163269,-177.58167089658662,-6.1735022055594815,-16.76428587417588,-0.19711626398976317,0.2105359260754224,0.07934563485539062,2.889921736164093,-3.2347235558509824,-1.2659404693794252
2026-09-11T16:31:04.815,32.94608934400003,-1267.833740234375,-114105.03662109375,-456420.146484375,-868.466112060547,-104.61953491210939,-6.782534122467041,-4.6460358738899235,-10.392886260491048,-0.009774238027755625,0.0,-0.022428512573242188,-183.734375,-8.074264526367188,0.2288818508386612,82.39746630191803,1972.5406351480353,1,1789158664.042602,38.99065990166667,-76.93788693,-6.262999999999998,0,1,23.736383999999997,33.767721,711.8224,1,1,1789158664.809097,0.9873589013666829,-0.1466922085879739,0.05871573198786019,-0.012500345942768507,-177.58268214368553,-6.446740954532221,-17.037429593515313,-0.11192988479257354,0.19810970539999834,0.09838735152757394,-2.0123246131896972,-0.22447422220230104,-16.720828858280182
2026-09-11T16:31:04.848,32.97949455999992,-1268.0595703125,-114125.361328125,-456501.4453125,-868.6208056640626,-104.77422851562501,-6.783991813659668,-4.647034392356873,-10.395119882688054,-0.029891094461196095,0.0,-0.018825531005859375,-154.21875,-6.777191162109375,0.1373291313648224,49.43848729133606,-986.6416972334094,1,1789158664.042602,38.99065990166667,-76.93788693,-6.262999999999998,0,1,23.736383999999997,33.767721,711.8224,1,1,1789158664.841097,0.9868776796707853,-0.14925498454703715,0.06039296060495698,-0.012169028919302704,-177.57393220034348,-6.6364078673695515,-17.341108257514545,-0.04252843788334583,0.1092696539466838,0.1383498063446377,-2.0239945268821717,2.0416464971733093,-14.143837328777312
2026-09-11T16:31:04.881,33.01290038399998,-1268.2886962890625,-114145.98266601562,-456583.9306640625,-868.7777569580079,-104.93117980957032,-6.83660888671875,-4.683077087402344,-10.475745095298718,-1.0789344709895736,0.0,-0.011112213134765625,-91.03125,-4.000396728515625,0.4882812798023224,175.78126072883606,3782.0582853244,1,1789158664.042602,38.99065990166667,-76.93788693,-6.262999999999998,0,1,23.736383999999997,33.767721,711.8224,1,1,1789158664.8690972,0.9864915543036844,-0.1522469552608408,0.059095147688240014,-0.012768767403680452,-177.50893401844633,-6.471311893623981,-17.687527193322083,-0.006350205950456169,0.048425556359984266,0.1797495398007188,-2.9606276838302614,1.4568759480285645,-11.677955145606994
2026-09-11T16:31:04.915,33.04630867200012,-1268.5145263671875,-114166.30737304688,-456665.2294921875,-868.9324505615235,-105.08587341308595,-6.784839630126953,-4.647615146636963,-10.396418993013954,1.0614713560068045,0.0,0.004987717140465975,40.859378814697266,1.795578170567751,0.2593994736671448,93.38381052017212,-2466.377511122501,1,1789158664.042602,38.99065990166667,-76.93788693,-6.262999999999998,0,1,23.736383999999997,33.767721,711.8224,1,1,1789158664.9090972,0.9858668969679346,-0.15658986032781066,0.05770256793549834,-0.014713624943631183,-177.28512918367915,-6.267246800404647,-18.198986189513015,0.05178269717619536,-0.1280488730993672,0.2171170390859174,0.8179726899909973,0.29890669692993166,-9.301215412406922
2026-09-11T16:31:04.949,33.07972304000009,-1268.7421875,-114186.796875,-456747.1875,-869.0883984375,-105.24182128906251,-6.786006450653076,-4.6484144186973575,-10.398206913693075,-0.02392001130756741,0.0,0.005661011207848787,46.375003814697266,2.0379640348255634,0.015258795581758022,5.493166409432888,-2630.3248982840564,1,1789158664.042602,38.99065990166667,-76.93788693,-6.262999999999998,0,1,23.736383999999997,33.767721,711.8224,1,1,1789158664.941097,0.9853179933526074,-0.1607322403949134,0.05514012835636251,-0.016527707586554946,-177.10151921893004,-5.931999005210266,-18.680007014194832,-0.012918578057411628,-0.1325965029983636,0.22817876135213225,-0.6052664479827881,-4.0657390905570985,-9.548048796977996
2026-09-11T16:31:04.982,33.11313129600012,-1268.9676513671875,-114207.08862304688,-456828.3544921875,-869.2428411865235,-105.39626403808595,-6.787373065948486,-4.649350550174714,-10.400300980168907,-0.028020962164428773,0.0,0.0046405796892941,38.015628814697266,1.670608688145876,0.2288818508386612,82.39746630191803,2301.954938695894,1,1789158664.042602,38.99065990166667,-76.93788693,-6.262999999999998,0,1,23.736383999999997,33.767721,711.8224,1,1,1789158664.973097,0.9848158372083068,-0.16442048524621686,0.05269061530677679,-0.018093365460673874,-176.9493122518792,-5.614298696012173,-19.106473924178196,-0.150943404095328,-0.3431069472667069,0.25258335121691855,1.2578009497451783,-1.591325121746063,-8.606904580955506
2026-09-11T16:31:05.015,33.14653779200012,-1269.193115234375,-114227.38037109375,-456909.521484375,-869.397283935547,-105.55070678710938,-6.73631477355957,-4.614375619888306,-10.32206428929917,1.046949979022352,0.0,0.004722595680505037,38.687503814697266,1.7001344449818134,0.2136230617761612,76.90430223941803,-164.43400895743042,1,1789158664.042602,38.99065990166667,-76.93788693,-6.262999999999998,0,1,23.736383999999997,33.767721,711.8224,1,1,1789158665.009097,0.9843013693359226,-0.1684581193514632,0.04935006724894068,-0.01836429172390956,-176.9619831962748,-5.219036043204981,-19.5620663842086,-0.11334220522328736,-0.18560808650088817,0.22648561744477258,2.997500688438415,0.3674551815605164,-11.460541711521149
2026-09-11T16:31:05.049,33.17994572800012,-1269.4178466796875,-114247.60620117188,-456990.4248046875,-869.551224975586,-105.70464782714845,-6.736537933349609,-4.614528484344483,-10.322406237348957,-0.004575692918496326,0.0,0.0036048893816769123,29.531253814697266,1.2977601774036884,0.1678466945886612,60.42481005191803,-493.28076381307716,1,1789158665.0403545,38.99067921166667,-76.93790203166667,-6.097000000000001,0,1,11.0224,10.543009,71.944324,1,1,1789158665.0410972,0.9837965602681539,-0.17227876390656452,0.04567224616586793,-0.01945254331800998,-176.89309508773815,-4.770333911855307,-19.994859955865238,0.05411864584706457,-0.04683346701631504,0.17718338220151153,-1.6375144440078735,0.03912853414535522,-10.680520757656097
2026-09-11T16:31:05.082,33.21336278400008,-1269.6395263671875,-114267.55737304688,-457070.2294921875,-869.7030755615235,-105.85649841308594,-6.632251739501953,-4.543092441558838,-10.162608360680997,2.137712035007686,0.0,0.002149582374840975,17.609378814697266,0.7738496549427509,-0.04577639698982239,-16.47950291633606,-2301.3491364512024,1,1789158665.0403545,38.99067921166667,-76.93790203166667,-6.097000000000001,0,1,11.0224,10.543009,71.944324,1,1,1789158665.069097,0.9832081767480523,-0.17542319855022054,0.04575560668256306,-0.020852027318500242,-176.71785676525698,-4.7414052209662785,-20.36835428752841,-0.009355662922390403,-0.019629718097180227,0.19751803878357227,-2.3359440685272217,-0.3703971766090393,-7.298403249874115
2026-09-11T16:31:05.116,33.24677843199993,-1269.8609619140625,-114287.48657226562,-457149.9462890625,-869.8547589111329,-106.00818176269532,-6.659456729888916,-4.5617278599739075,-10.204294604451285,-0.557685381865274,0.0,0.0033531193621456623,27.468753814697266,1.2071229703724384,0.0915527492761612,32.95898973941803,1479.5012401370348,1,1789158665.0403545,38.99067921166667,-76.93790203166667,-6.097000000000001,0,1,11.0224,10.543009,71.944324,1,1,1789158665.1090972,0.9822385639961131,-0.18041125116086132,0.04627082675685292,-0.02276388465670618,-176.46686845085208,-4.742873837139486,-20.961796365660685,0.009656906751284626,0.21291725330684347,0.24335247933604578,7.532291856231689,4.926272642250061,-7.533762853755951
2026-09-11T16:31:05.149,33.280201728000065,-1270.0811767578125,-114307.30590820312,-457229.2236328125,-870.0056060791017,-106.15902893066406,-6.556651592254639,-4.491306340694428,-10.046766152233408,2.1069591484690875,0.0,0.0026321415789425373,21.562503814697266,0.9475709684193134,-0.1525879055261612,-54.93164598941803,-2629.6220375296048,1,1789158665.0403545,38.99067921166667,-76.93790203166667,-6.097000000000001,0,1,11.0224,10.543009,71.944324,1,1,1789158665.141097,0.9814579593767264,-0.18445409952608718,0.04664201105597462,-0.02326976469040927,-176.3821880543571,-4.759298529972946,-21.438283353628535,0.08366951354428137,0.06702727552773984,0.23809676935951524,-1.9810413991737366,2.050178282814026,-9.398595448513031
2026-09-11T16:31:05.182,33.31360672000005,-1270.30224609375,-114327.2021484375,-457308.80859375,-870.1570385742189,-106.31046142578126,-6.635371685028076,-4.545229604244232,-10.167389057453981,-1.6142277043450661,0.0,0.0033836369402706623,27.718753814697266,1.2181092984974384,-0.0915527492761612,-32.95898973941803,657.7656492181926,1,1789158665.0403545,38.99067921166667,-76.93790203166667,-6.097000000000001,0,1,11.0224,10.543009,71.944324,1,1,1789158665.1690972,0.9806610051477583,-0.1879927429006952,0.04885214312506475,-0.02400395199440245,-176.23323720467084,-4.978944415877602,-21.867722663357007,0.10020336661427404,0.10053201211242459,0.18857409903172734,0.2941995048522949,3.539220043373108,-13.40971149766922
2026-09-11T16:31:05.216,33.34702835200005,-1270.525146484375,-114347.26318359375,-457389.052734375,-870.3097253417969,-106.46314819335939,-6.688588619232178,-4.581683204174042,-10.248933438113003,-1.0907187276136043,0.0,0.0036277775652706623,29.718753814697266,1.3059999234974384,0.1525879055261612,54.93164598941803,2629.752961460324,1,1789158665.0403545,38.99067921166667,-76.93790203166667,-6.097000000000001,0,1,11.0224,10.543009,71.944324,1,1,1789158665.2090971,0.9794854328058696,-0.1938913332693579,0.05094690131668786,-0.020465850833932295,-176.5543044823877,-5.271034470832849,-22.552801587061566,-0.1298587795336853,0.17164719781418553,0.20856911454134996,-1.231224927806854,0.5817304875946044,-18.0992516050148
2026-09-11T16:31:05.249,33.38045011200006,-1270.746337890625,-114367.17041015625,-457468.681640625,-870.4612414550782,-106.61466430664063,-6.63765811920166,-4.546795811653138,-10.170892563647845,1.0438526433345667,0.0,0.0035362248308956623,28.968753814697266,1.2730409391224384,0.1831054836511612,65.91797411441803,328.71782111404826,1,1789158665.0403545,38.99067921166667,-76.93790203166667,-6.097000000000001,0,1,11.0224,10.543009,71.944324,1,1,1789158665.2410972,0.9786048520195447,-0.19801034767684625,0.052058059767228326,-0.020356920935425092,-176.51847283669542,-5.383797509196665,-23.041258340374686,-0.11157034696666271,0.0048212975257091355,0.24505818961401984,-5.18516820652008,1.299086946926117,-15.958950207214354
2026-09-11T16:31:05.283,33.41385782399993,-1270.9649658203125,-114386.84692382812,-457547.3876953125,-870.6110015869141,-106.76442443847657,-6.613974571228027,-4.530572581291199,-10.134602230876867,0.48561333269399426,0.0,0.00518226670101285,42.453128814697266,1.865616012364626,0.09155276417732239,32.95899510383606,-986.5679819889854,1,1789158665.0403545,38.99067921166667,-76.93790203166667,-6.097000000000001,0,1,11.0224,10.543009,71.944324,1,1,1789158665.269097,0.9779223696097749,-0.2013929260780943,0.05173707968354881,-0.020784680135239056,-176.4593216715646,-5.325740853472763,-23.43828640462507,-0.009417098512060604,0.00600829594999048,0.2514682603578194,-1.7807896028709411,1.3401768111038208,-8.974261696014405
2026-09-11T16:31:05.316,33.44726431999993,-1271.1868896484375,-114406.82006835938,-457627.2802734375,-870.7630194091797,-106.9164422607422,-6.640616416931152,-4.548822245597839,-10.175425567282199,-0.546290886258801,0.0,0.004669189918786287,38.250003814697266,1.6809083707630634,-0.0457763709127903,-16.479493528604507,-1479.9064419220692,1,1789158665.0403545,38.99067921166667,-76.93790203166667,-6.097000000000001,0,1,11.0224,10.543009,71.944324,1,1,1789158665.309097,0.9770496659807175,-0.20600524520042693,0.05110642808173018,-0.01799783780366755,-176.7629121264431,-5.304669622786638,-23.962191743182167,-0.24594865659838733,-0.017794853454558588,0.23061052859893597,-1.6148610821342468,3.6843584657669064,-3.239528814430237
2026-09-11T16:31:05.349,33.480672096000035,-1271.405517578125,-114426.49658203125,-457705.986328125,-870.9127795410157,-107.06620239257813,-6.5889787673950195,-4.513450455665589,-10.096301126667823,1.0587891253862864,0.0,0.006381988991051912,52.281253814697266,2.2975160367786884,0.0915527492761612,32.95898973941803,1479.8495795670171,1,1789158665.0403545,38.99067921166667,-76.93790203166667,-6.097000000000001,0,1,11.0224,10.543009,71.944324,1,1,1789158665.341097,0.9759865607046921,-0.21084292924960757,0.05147423223787057,-0.018598277468433757,-176.66006836739913,-5.315139414392003,-24.53568507212542,-0.09173398188604635,-0.01705780091144138,0.2698872435528912,-2.146283454399109,0.9659550409317017,-8.349087748203278
2026-09-11T16:31:05.383,33.514075104000085,-1271.624267578125,-114446.18408203125,-457784.736328125,-871.0626232910157,-107.21604614257814,-6.5380682945251465,-4.478576781749726,-10.018290939848159,1.0440279484952482,0.0,0.015674592927098274,128.40626525878906,5.642853453755379,0.12207037210464478,43.94533395767212,328.9028406734376,1,1789158665.0403545,38.99067921166667,-76.93790203166667,-6.097000000000001,0,1,11.0224,10.543009,71.944324,1,1,1789158665.3730972,0.9749135610565054,-0.21607245475228834,0.049316932924337,-0.02059327298853286,-176.4625612029323,-5.006008729010834,-25.147884686923902,-0.009655859553733428,-0.061690233208066374,0.2952369292076324,-5.008158171100616,-0.315578002204895,-12.894666231174467
2026-09-11T16:31:05.417,33.547492191999936,-1271.8436279296875,-114465.92651367188,-457863.7060546875,-871.2128851318361,-107.36630798339844,-6.56508207321167,-4.497081220149994,-10.059684189669804,-0.5537417982186442,0.0,0.02323913760483265,190.37501525878906,8.366089537739754,0.09155279397964478,32.95900583267212,-328.7637787304803,1,1789158665.0403545,38.99067921166667,-76.93790203166667,-6.097000000000001,0,1,11.0224,10.543009,71.944324,1,1,1789158665.4090972,0.9734884992507745,-0.22272713313546955,0.04857248292953141,-0.018801060975109373,-176.64859970624886,-4.944716460704085,-25.918853392432624,0.0002624975194999472,-0.029754896686774928,0.3386151679037742,0.2857657857131958,0.737263959159851,-8.607787179470062
2026-09-11T16:31:05.450,33.58089788799998,-1272.0633544921875,-114485.70190429688,-457942.8076171875,-871.3633978271486,-107.51682067871094,-6.591438293457031,-4.515135231018067,-10.10006986179774,-0.5404470802838063,0.0,0.024555208161473274,201.15626525878906,8.839874938130379,0.0762939527630806,27.465822994709015,-164.4385088685372,1,1789158665.0403545,38.99067921166667,-76.93790203166667,-6.097000000000001,0,1,11.0224,10.543009,71.944324,1,1,1789158665.441097,0.9720890643880693,-0.22955959268117782,0.04473798693264378,-0.018540680418857067,-176.74605889774108,-4.500410236402307,-26.70193251276643,-0.0031344368036566165,-0.08630007379288722,0.3835933499252194,-1.2580951492500303,1.0287176019668578,-10.363569824428557
2026-09-11T16:31:05.483,33.61430092799992,-1272.2852783203125,-114505.67504882812,-458022.7001953125,-871.5154156494141,-107.66883850097658,-6.618758678436279,-4.533849694728851,-10.141932924858729,-0.5602622908219915,0.0,0.024625780060887337,201.73439025878906,8.865280821919441,-0.015258789993822575,-5.493164397776127,-986.7062217254813,1,1789158665.0403545,38.99067921166667,-76.93790203166667,-6.097000000000001,0,1,11.0224,10.543009,71.944324,1,1,1789158665.4810972,0.9701957649562779,-0.23762227981371228,0.04411091762989,-0.01760842817759931,-176.83016467181238,-4.429026965169289,-27.6467765472562,-0.024009447322134794,-0.05920488435322645,0.3504114992521536,0.9897852008247376,0.029616083488464357,-8.801762719669343
2026-09-11T16:31:05.517,33.64770582400001,-1272.5059814453125,-114525.53833007812,-458102.1533203125,-871.6665972900391,-107.82002014160157,-6.594125270843506,-4.516975810527802,-10.104187120901479,0.5051320680957295,0.0,0.020175935700535774,165.28126525878906,7.263336852192879,-0.2136230617761612,-76.90430223941803,-2137.7446540005267,1,1789158665.0403545,38.99067921166667,-76.93790203166667,-6.097000000000001,0,1,11.0224,10.543009,71.944324,1,1,1789158665.509097,0.9689398593976715,-0.24263904933555222,0.04472909607855845,-0.016767485558519996,-176.8834422350267,-4.504805840191578,-28.240071387717485,-0.049638385657195125,-0.03177022837405278,0.308796043100526,-0.3748101691818237,0.6201725562286378,-9.336519352989196
2026-09-11T16:31:05.550,33.68112486399991,-1272.72412109375,-114545.1708984375,-458180.68359375,-871.8160229492188,-107.96944580078126,-6.543894290924072,-4.48256758928299,-10.027218122053922,1.0295993315462078,0.0,0.009218217805027962,75.51564025878906,3.3185584098100662,-0.2746582329273224,-98.87696385383606,-657.489311915739,1,1789158665.0403545,38.99067921166667,-76.93790203166667,-6.097000000000001,0,1,11.0224,10.543009,71.944324,1,1,1789158665.5410972,0.9678735419699636,-0.24724939527486614,0.04242061676920023,-0.017001016547577942,-176.90259471231047,-4.227025321155782,-28.774530148125844,0.021329145189847104,-0.037423524354187616,0.23656227588116183,-4.93509862739563,-1.290653227787018,-8.806371845245362
2026-09-11T16:31:05.584,33.71454262399993,-1272.9398193359375,-114564.58374023438,-458258.3349609375,-871.9637762451173,-108.1171990966797,-6.440803050994873,-4.411950089931488,-9.869251274900419,2.1131727366364172,0.0,0.007902147248387337,64.73439025878906,2.8447730094194412,0.0,0.0,2958.8148294133434,1,1789158665.0403545,38.99067921166667,-76.93790203166667,-6.097000000000001,0,1,11.0224,10.543009,71.944324,1,1,1789158665.5810971,0.9668141585853671,-0.25173411403757623,0.04044121446183083,-0.016273498746044123,-177.0218437394291,-4.01427944934402,-29.29306054834802,-0.13445475505296198,-0.0088645272708792,0.2012999927397188,-4.0423011966705324,0.7565830599784851,-7.63496748342514
2026-09-11T16:31:05.617,33.74794732800001,-1273.1539306640625,-114583.85375976562,-458335.4150390625,-872.1104425048828,-108.26386535644532,-6.414633274078369,-4.394023792743683,-9.829151290138865,0.5366399051990964,0.0,0.0015220660716295242,12.468765258789062,0.5479437857866287,-0.1373291313648224,-49.43848729133606,-1479.9857915586458,1,1789158665.0403545,38.99067921166667,-76.93790203166667,-6.097000000000001,0,1,11.0224,10.543009,71.944324,1,1,1789158665.6130972,0.9660530268605446,-0.25460753708699563,0.040900043659470205,-0.01561210366117979,-177.06973746348424,-4.0756365344711405,-29.633902428105596,-0.1156729179064006,0.039918996118689105,0.14865440478133743,-5.673441318073273,3.0164275232505795,-12.900648287773132
2026-09-11T16:31:05.650,33.78135760000009,-1273.3662109375,-114602.958984375,-458411.8359375,-872.2558544921876,-108.40927734375,-6.3631439208984375,-4.35875358581543,-9.750254084232788,1.055669553608107,0.0,0.0009155292063951492,7.5000152587890625,0.3295905143022537,0.03051757998764515,10.986328795552254,1808.5700136394726,1,1789158665.0403545,38.99067921166667,-76.93790203166667,-6.097000000000001,0,1,11.0224,10.543009,71.944324,1,1,1789158665.641097,0.9653721952099252,-0.25719092739120414,0.04063760683007178,-0.01606040143791099,-177.01697085078874,-4.025454665066074,-29.940908605093114,-0.0351196897415551,-0.05070164023751008,0.155936092953583,-1.9914364483451843,0.1344491737174988,-12.324801790275574
2026-09-11T16:31:05.684,33.81477564800002,-1273.578857421875,-114622.09716796875,-458488.388671875,-872.4015173339844,-108.55494018554688,-6.337879657745361,-4.341447565555573,-9.711541619442484,0.5178644862767994,0.0,0.0019207019358873367,15.734390258789062,0.6914526969194412,0.03051757998764515,10.986328795552254,0.0,1,1789158665.0403545,38.99067921166667,-76.93790203166667,-6.097000000000001,0,1,11.0224,10.543009,71.944324,1,1,1789158665.681097,0.964291612256439,-0.26134382863118427,0.0389974909802592,-0.01789652104506359,-176.8461156347734,-3.7759816109965283,-30.432221192601848,0.037085977676851914,-0.10814601097424985,0.16819685641591794,-1.3355676855278016,-0.5223021876144409,-12.141711631755829
2026-09-11T16:31:05.718,33.848190912000064,-1273.789794921875,-114641.08154296875,-458564.326171875,-872.5460095214844,-108.69943237304689,-6.28708553314209,-4.306653590202332,-9.633709713229974,1.0412599269961667,0.0,0.0037975329905748367,31.109390258789062,1.3671118766069412,-0.0915527418255806,-32.958987057209015,-1315.1269986287457,1,1789158665.0403545,38.99067921166667,-76.93790203166667,-6.097000000000001,0,1,11.0224,10.543009,71.944324,1,1,1789158665.7090971,0.9634158168887037,-0.26450332621688066,0.0387608669741935,-0.019119345707609935,-176.70571538682128,-3.7022446782126712,-30.810779993006314,0.06379771827984952,-0.11617365286879776,0.17299912985278035,-3.3817252417755124,-0.8238566800880432,-11.292946060256957
2026-09-11T16:31:05.750,33.88160003200005,-1273.9970703125,-114659.736328125,-458638.9453125,-872.6879931640626,-108.84141601562501,-6.261534690856934,-4.289151263237,-9.59455812284582,0.5238787183062298,0.0,0.004442216828465462,36.39064025878906,1.5991980582475662,-0.1983642727136612,-71.41113817691803,-1150.9477388127366,1,1789158665.0403545,38.99067921166667,-76.93790203166667,-6.097000000000001,0,1,11.0224,10.543009,71.944324,1,1,1789158665.7410972,0.962241015006447,-0.26907996367188863,0.03616649457584283,-0.019498380953130844,-176.72735050025273,-3.3886439962574553,-31.342944135179213,0.03341851731963623,-0.12290975111686987,0.2135490624960654,-1.006260373096466,0.6177208936882019,-10.06799738855362
2026-09-11T16:31:05.784,33.91500531199995,-1274.2042236328125,-114678.38012695312,-458713.5205078125,-872.8298931884766,-108.98331604003907,-6.21090030670166,-4.254466710090638,-9.516970987139032,1.0382955373063405,0.0,0.005041124299168587,41.29689025878906,1.8148047477006912,0.015258789993822575,5.493164397776127,2302.1600948990963,1,1789158665.0403545,38.99067921166667,-76.93790203166667,-6.097000000000001,0,1,11.0224,10.543009,71.944324,1,1,1789158665.7810972,0.9606230291916384,-0.2750052625135277,0.03346012082429604,-0.021352322847171663,-176.58838816283253,-3.0117713818759655,-32.040220485358844,-0.005344198169606637,-0.10753113147877225,0.20806279452534643,-1.5273857626914977,0.7062749446487426,-11.157418155021666
2026-09-11T16:31:05.817,33.948416480000105,-1274.4114990234375,-114697.03491210938,-458788.1396484375,-872.9718768310547,-109.1252996826172,-6.212612628936768,-4.255639650821686,-9.519594780828742,-0.035106247439257776,0.0,0.004302980378270149,35.25001525878906,1.5490729361772537,0.0,0.0,-164.4110256112662,1,1789158665.0403545,38.99067921166667,-76.93790203166667,-6.097000000000001,0,1,11.0224,10.543009,71.944324,1,1,1789158665.809097,0.9594008010708949,-0.279183567609391,0.03331292361120366,-0.022290975794969,-176.47670958825674,-2.9505665550754294,-32.540532568509136,0.013513909865266896,-0.05821982052340085,0.19144935444146277,-0.719317789363861,-0.06129156351089478,-11.058763254394531
2026-09-11T16:31:05.851,33.981834687999935,-1274.618408203125,-114715.65673828125,-458862.626953125,-873.1136096191407,-109.26703247070313,-6.162242889404297,-4.221136379241944,-9.44241316043741,1.0324692329378435,0.0,0.004117967560887337,33.73439025878906,1.4824683219194412,0.0,0.0,0.0,1,1789158665.0403545,38.99067921166667,-76.93790203166667,-6.097000000000001,0,1,11.0224,10.543009,71.944324,1,1,1789158665.841097,0.9580619148538154,-0.28379674647611375,0.031696034704127136,-0.023919351585019035,-176.33664883597086,-2.70290287253471,-33.08710031827049,-0.0020045106459154875,-0.028778734036134502,0.1741123008497023,-1.5282683612060548,-0.33293577299118043,-9.824988597545625
2026-09-11T16:31:05.884,34.01525760000004,-1274.8223876953125,-114734.01489257812,-458936.0595703125,-873.2533355712891,-109.40675842285157,-6.085395336151123,-4.16849580526352,-9.324659550070498,1.574984668548868,0.0,0.004117967560887337,33.73439025878906,1.4824683219194412,0.0,0.0,0.0,1,1789158665.0403545,38.99067921166667,-76.93790203166667,-6.097000000000001,0,1,11.0224,10.543009,71.944324,1,1,1789158665.881097,0.9565501477297911,-0.28875466044205367,0.031331430917642324,-0.02551278871002044,-176.1599596623645,-2.59101300934813,-33.681949126731475,0.015203388581197406,0.007714006227964538,0.16266765334559988,-1.9922209803581237,-0.05432884189605713,-9.643565569553376
2026-09-11T16:31:05.916,34.04870908800012,-1275.02294921875,-114752.0654296875,-459008.26171875,-873.3907202148438,-109.54414306640626,-6.033812046051025,-4.133161251544952,-9.245618404493888,1.0562924351371317,0.0,0.0038738269358873367,31.734390258789062,1.3945776969194412,0.0,0.0,0.0,1,1789158665.0403545,38.99067921166667,-76.93790203166667,-6.097000000000001,0,1,11.0224,10.543009,71.944324,1,1,1789158665.9090972,0.9555219328654585,-0.2919879827650688,0.031714347137423216,-0.026740492132553147,-176.00363163168493,-2.578705234818821,-34.07414730607615,0.013052793876889993,-0.00506005856738196,0.17943799852923784,0.33293577299118043,-0.16534012172698975,-12.620080026645661
2026-09-11T16:31:05.950,34.08211654399997,-1275.2222900390625,-114770.00610351562,-459080.0244140625,-873.5272686767579,-109.68069152832032,-5.981518268585205,-4.097340013980866,-9.165488578160481,1.0722527798658799,0.0,0.004117967560887337,33.73439025878906,1.4824683219194412,0.0,0.0,0.0,1,1789158665.0403545,38.99067921166667,-76.93790203166667,-6.097000000000001,0,1,11.0224,10.543009,71.944324,1,1,1789158665.941097,0.9542459870305902,-0.2959724019352991,0.03149220307578135,-0.028691020792195744,-175.7868805829468,-2.4713095753779384,-34.554894753849716,0.050076463299445706,0.007126877467593645,0.1863985461191164,-3.0638917100334164,0.6880345753479004,-10.011903349628447
2026-09-11T16:31:05.985,34.11553251200007,-1275.422607421875,-114788.03466796875,-459152.138671875,-873.6644860839845,-109.81790893554688,-5.981788635253906,-4.097525215148926,-9.165902861374645,-0.0055422954696251435,0.0,0.004180910065770149,34.25001525878906,1.5051276236772537,0.0,0.0,0.0,1,1789158665.0403545,38.99067921166667,-76.93790203166667,-6.097000000000001,0,1,11.0224,10.543009,71.944324,1,1,1789158665.9810972,0.9524681923303698,-0.30160796359941244,0.031710399434840754,-0.028834518550094654,-175.7490662399345,-2.465215481308344,-35.233262756322446,0.010604096936341949,-0.0001546361717266976,0.20826909244293215,-0.6278217433547973,0.6838177157783508,-8.724094050388336
2026-09-11T16:31:06.018,34.14895279999996,-1275.62548828125,-114806.2939453125,-459225.17578125,-873.8034594726563,-109.95688232421875,-6.034580707550049,-4.133687784671784,-9.246796225554267,-1.082054395311558,0.0,0.004180910065770149,34.25001525878906,1.5051276236772537,0.0,0.0,0.0,1,1789158665.0403545,38.99067921166667,-76.93790203166667,-6.097000000000001,0,1,11.0224,10.543009,71.944324,1,1,1789158666.009097,0.951511620578332,-0.3049169973604215,0.029846034079314986,-0.027576708919617686,-175.94369228292268,-2.291323578649138,-35.617823169392665,0.029499031418432558,-0.05815088001794707,0.1981577019544282,-0.5295591087341308,1.281140777130127,-7.316251353168488
2026-09-11T16:31:06.051,34.18236051200006,-1275.8284912109375,-114824.56420898438,-459298.2568359375,-873.9425164794923,-110.0959393310547,-6.08698034286499,-4.169581534862519,-9.327088258013855,-1.0744150988439232,0.0,0.004302980378270149,35.25001525878906,1.5490729361772537,0.0,0.0,0.0,1,1789158666.0373387,38.990699146666664,-76.93791249833333,-6.102,0,1,23.532201,15.856324000000003,89.151364,1,1,1789158666.0400972,0.9502548500881755,-0.3091503013614886,0.02824462267609767,-0.025378186339544726,-176.2305072646122,-2.17706624175718,-36.114595879614285,-0.006159615996138388,-0.05839714597540347,0.199630410777261,-0.298318297920227,0.378732829246521,-10.658357728290559
2026-09-11T16:31:06.085,34.215766752000036,-1276.035400390625,-114843.18603515625,-459372.744140625,-874.0842492675782,-110.23767211914064,-6.192108631134033,-4.241594412326813,-9.488176477109002,-2.155671439358171,0.0,0.004117967560887337,33.73439025878906,1.4824683219194412,0.0,0.0,0.0,1,1789158666.0373387,38.990699146666664,-76.93791249833333,-6.102,0,1,23.532201,15.856324000000003,89.151364,1,1,1789158666.0810971,0.9488692847806035,-0.31388443785268355,0.024294293252754878,-0.023096047047058303,-176.6112142972498,-1.8111483473211056,-36.66184568704856,0.0063772585538620806,-0.07983903943492941,0.20379790796517308,-1.728029825000763,1.7360712781333922,-10.952753366146087
2026-09-11T16:31:06.118,34.24917152000012,-1276.2452392578125,-114862.07153320312,-459448.2861328125,-874.2279888916016,-110.38141174316407,-6.219541072845459,-4.26038563489914,-9.530211244853112,-0.5625311504118449,0.0,0.004325868561863899,35.43751525878906,1.5573126822710037,0.2136230617761612,76.90430223941803,2302.1953704102607,1,1789158666.0373387,38.990699146666664,-76.93791249833333,-6.102,0,1,23.532201,15.856324000000003,89.151364,1,1,1789158666.1090972,0.9475573145655909,-0.31811124632763027,0.02153785406560919,-0.021828683317510308,-176.84193642222104,-1.5430932964073014,-37.15811080236305,-0.045860271425403006,-0.0526656592447793,0.2099479246504255,-0.2721345419883728,0.1407254298210144,-6.7292252744865415
2026-09-11T16:31:06.152,34.282594496,-1276.4537353515625,-114880.83618164062,-459523.3447265625,-874.3708087158204,-110.52423156738283,-6.246925354003906,-4.279143867492676,-9.57217221611639,-0.5612376526136366,0.0,0.005916597321629524,48.46876525878906,2.1299750357866287,0.1678467094898224,60.42481541633606,-493.0586319763821,1,1789158666.0373387,38.990699146666664,-76.93791249833333,-6.102,0,1,23.532201,15.856324000000003,89.151364,1,1,1789158666.141097,0.9462723897247967,-0.3220118213590249,0.019808952316075493,-0.022012649947368082,-176.87972525805108,-1.3358381771781134,-37.62275659958524,0.015646004079503166,-0.04794210015718184,0.23494243580238588,1.7717674847221374,-2.1972780352401733,-4.607458445491791
2026-09-11T16:31:06.185,34.31601385599993,-1276.6671142578125,-114900.04028320312,-459600.1611328125,-874.5169732666017,-110.67039611816408,-6.403923988342285,-4.386687932014466,-9.812741437040222,-3.218016877702923,0.0,0.010061265900731087,82.42189025878906,3.6220557242631912,0.1220703274011612,43.94531786441803,-493.1123023287959,1,1789158666.0373387,38.990699146666664,-76.93791249833333,-6.102,0,1,23.532201,15.856324000000003,89.151364,1,1,1789158666.181097,0.9443370329565165,-0.3278268559011535,0.017019340663785174,-0.021620887590878934,-177.01916044403703,-1.029555833214276,-38.31570505685868,-0.00795346540133816,-0.10288890473431772,0.2719090329584014,-0.3077326820755005,1.2190646816062927,-7.3757777196502685
2026-09-11T16:31:06.218,34.34942908800008,-1276.8861083984375,-114919.74975585938,-459678.9990234375,-874.6669842529298,-110.82040710449219,-6.5087504386901855,-4.458494050502777,-9.973367149478284,-2.148903783998393,0.0,0.0186538714915514,152.81251525878906,6.715393736958504,0.2593994438648224,93.38379979133606,1479.5193379681723,1,1789158666.0373387,38.990699146666664,-76.93791249833333,-6.102,0,1,23.532201,15.856324000000003,89.151364,1,1,1789158666.2090971,0.942721213121976,-0.33253221462327975,0.014415184846409478,-0.022164002648678394,-177.05484878640888,-0.712692580437073,-38.87753712913398,0.05895442960556526,-0.10540933470712273,0.32605542954057265,-2.4081210137176514,2.7607681535339355,-11.759742607955932
2026-09-11T16:31:06.251,34.38283900800002,-1277.1085205078125,-114939.76684570312,-459759.0673828125,-874.8193365478517,-110.97275939941407,-6.6654887199401855,-4.565859773159027,-10.213537431010698,-3.213588139583777,0.0,0.025653840973973274,210.15626525878906,9.235382750630379,0.10681155323982239,38.45215916633606,-1644.1715701533738,1,1789158666.0373387,38.990699146666664,-76.93791249833333,-6.102,0,1,23.532201,15.856324000000003,89.151364,1,1,1789158666.2410972,0.9405403457161017,-0.33873600406902393,0.010222799335995675,-0.023179128571241932,-177.1037378447212,-0.2020654251860315,-39.61811984744414,0.06545717733264574,-0.1769189648198344,0.3856257858391667,-2.286714684715271,1.9272028897857667,-10.129583151569365
2026-09-11T16:31:06.286,34.41624950400001,-1277.3358154296875,-114960.22338867188,-459840.8935546875,-874.975033569336,-111.12845642089844,-6.796220302581787,-4.655410907268524,-10.413857612894862,-2.6803293824051577,0.0,0.028135301545262337,230.48439025878906,10.128708556294441,0.030517593026161194,10.98633348941803,-822.0717728024197,1,1789158666.0373387,38.990699146666664,-76.93791249833333,-6.102,0,1,23.532201,15.856324000000003,89.151364,1,1,1789158666.281102,0.937150338327019,-0.3480695931619711,0.008453586801402674,-0.022920265264714655,-177.20031135952271,0.0063673573216322535,-40.751122566923286,0.1522970814631748,-0.025268353311598307,0.4217863899466112,-0.6353728639793396,2.0270345884323118,-9.614145619068145
2026-09-11T16:31:06.319,34.449654592000115,-1277.5684814453125,-114981.16333007812,-459924.6533203125,-875.1344097900392,-111.28783264160157,-6.9271016120910645,-4.74506460428238,-10.614407221462004,-2.6838335828830653,0.0,0.02800941653549671,229.45314025878906,10.083389952778816,0.0,0.0,-328.8820400467825,1,1789158666.0373387,38.990699146666664,-76.93791249833333,-6.102,0,1,23.532201,15.856324000000003,89.151364,1,1,1789158666.309102,0.9346684671325423,-0.35473841606914563,0.006914399579592837,-0.022532283313306565,-177.30459991604374,0.17537064993483814,-41.56278237105191,0.08155085836528544,0.007045021525675111,0.4165332979639587,-1.0577452864456176,-0.10659828725814818,-5.839271772308349
2026-09-11T16:31:06.352,34.48306320000006,-1277.8048095703125,-115002.43286132812,-460009.7314453125,-875.2962945556641,-111.44971740722657,-7.084306716918945,-4.852750101089478,-10.855292817397709,-3.2232859509523557,0.0,0.02546692080795765,208.62501525878906,9.168091490864754,-0.1678466945886612,-60.42481005191803,-1808.6599133976852,1,1789158666.0373387,38.990699146666664,-76.93791249833333,-6.102,0,1,23.532201,15.856324000000003,89.151364,1,1,1789158666.3411021,0.9321004448922323,-0.3615178677986313,0.0050431816926314495,-0.021636964030316407,-177.4791519506713,0.35768809513235533,-42.389985554749806,0.03052982287466041,0.062445786241254714,0.39607978445983716,-1.2765316515541076,0.49945269273757936,-7.799130807132721
2026-09-11T16:31:06.386,34.51648284800012,-1278.0439453125,-115023.955078125,-460095.8203125,-875.4601025390625,-111.61352539062501,-7.111797332763672,-4.871581172943116,-10.897416725445398,-0.5634730758864607,0.0,0.016592027619481087,135.92189025878906,5.973129943013191,-0.3204346001148224,-115.35645604133606,-1643.6931349281356,1,1789158666.0373387,38.990699146666664,-76.93791249833333,-6.102,0,1,23.532201,15.856324000000003,89.151364,1,1,1789158666.381102,0.9288020805229319,-0.3699991382234363,0.006962136741908802,-0.019464366986231794,-177.6324890818163,0.08426515334583268,-43.43914158065519,-0.03709836951454107,0.1728350689030929,0.32856818006466887,-0.4078585802268982,0.123367659034729,-8.558165529651642
2026-09-11T16:31:06.419,34.54988713600005,-1278.2779541015625,-115045.01586914062,-460180.0634765625,-875.6203985595704,-111.77382141113281,-7.036168098449707,-4.81977514743805,-10.78152994684602,1.5508795010142435,0.0,0.00872802920639515,71.50001525878906,3.1420905143022537,-0.04577639698982239,-16.47950291633606,2960.0078027470845,1,1789158666.0373387,38.990699146666664,-76.93791249833333,-6.102,0,1,23.532201,15.856324000000003,89.151364,1,1,1789158666.409102,0.9268423767179278,-0.3747974392913023,0.00992265518301553,-0.01978962189290484,-177.47117630671158,-0.20393188949328211,-44.03944512116988,0.015766606330815978,0.24978733375522366,0.27669455123444464,1.1543407905387877,-1.8224678660583498,-8.231702145767212
2026-09-11T16:31:06.452,34.58329676800008,-1278.5106201171875,-115065.95581054688,-460263.8232421875,-875.7797747802736,-111.93319763183595,-6.933265686035156,-4.749286994934082,-10.62385244035003,2.1098152923056657,0.0,0.008874895051121712,72.70314025878906,3.1949622184038162,0.015258789993822575,5.493164397776127,657.6746285051129,1,1789158666.0373387,38.990699146666664,-76.93791249833333,-6.102,0,1,23.532201,15.856324000000003,89.151364,1,1,1789158666.441102,0.9250414167974117,-0.3790897242629165,0.015757930210194514,-0.01846742546197765,-177.35664406417442,-0.8681704911594744,-44.58848953108506,0.007051130178057092,0.22337404445431708,0.2775998535174541,0.5098477419090272,-1.3330179564857483,-2.1855100550460818
2026-09-11T16:31:06.486,34.616716,-1278.744873046875,-115087.03857421875,-460348.154296875,-875.9402380371095,-112.09366088867188,-6.959897041320801,-4.767529473304749,-10.66465970227439,-0.545867671965444,0.0,0.010076524689793587,82.54689025878906,3.6275488883256912,0.1678466945886612,60.42481005191803,1643.7135854672576,1,1789158666.0373387,38.990699146666664,-76.93791249833333,-6.102,0,1,23.532201,15.856324000000003,89.151364,1,1,1789158666.481102,0.9225887185650213,-0.3848594936500345,0.02017634542847807,-0.017496902844263737,-177.25858234368943,-1.3615468525469887,-45.319665387429104,0.06159441463213189,0.09921917544907445,0.30196622067162177,0.2765475345611572,0.2290833477783203,-13.846401629371643
2026-09-11T16:31:06.519,34.65013520000002,-1278.9775390625,-115107.978515625,-460431.9140625,-876.0996142578126,-112.25303710937501,-6.960240840911865,-4.767764976024628,-10.665186506855365,-0.0070469287080140285,0.0,0.017171861603856087,140.67189025878906,6.181870177388191,0.1678467094898224,60.42481541633606,0.00016051904383650788,1,1789158666.0373387,38.990699146666664,-76.93791249833333,-6.102,0,1,23.532201,15.856324000000003,89.151364,1,1,1789158666.509102,0.9207914983960147,-0.38921721123523156,0.018289159215505665,-0.017846165276640593,-177.2997200708438,-1.1338964866261234,-45.85414344306841,-0.08028584372343996,0.005967629778419012,0.3256377722505704,-1.8896434196662903,-2.333982738494873,-9.98434666267395
2026-09-11T16:31:06.552,34.68354361599995,-1279.20263671875,-115128.2373046875,-460512.94921875,-876.2538061523438,-112.40722900390625,-6.779113292694092,-4.6436926054954535,-10.387644518377435,3.713805842499,0.0,0.022388460114598274,183.40626525878906,8.059845641255379,0.07629397511482239,27.46583104133606,-986.5473530702495,1,1789158666.0373387,38.990699146666664,-76.93791249833333,-6.102,0,1,23.532201,15.856324000000003,89.151364,1,1,1789158666.5411022,0.9182469764746081,-0.3951581241203737,0.016521712414088546,-0.019989501139702995,-177.14702459252243,-0.8333390488665817,-46.58900969209673,-0.048938508627145404,-0.08009822082885057,0.3537902821510893,-0.6993122230339051,-2.4548006684875485,-12.044527728652954
2026-09-11T16:31:06.586,34.71695065600011,-1279.427001953125,-115148.43017578125,-460593.720703125,-876.4074963378907,-112.56091918945313,-6.676556587219238,-4.573441262245178,-10.230496739095322,2.1028903862762487,0.0,0.02233314700424671,182.95314025878906,8.039932921528816,-0.015258789993822575,-5.493164397776127,-986.5883190775896,1,1789158666.0373387,38.990699146666664,-76.93791249833333,-6.102,0,1,23.532201,15.856324000000003,89.151364,1,1,1789158666.5811021,0.9154000539725542,-0.4017088978530002,0.014738428318583328,-0.021342007953116058,-177.0814357703963,-0.5636028728956104,-47.40138104458901,-0.047429846021721504,-0.0610959485977623,0.3351583687872743,-1.5999549738883971,-1.77510174577713,-6.826605310592651
2026-09-11T16:31:06.620,34.750370431999954,-1279.6455078125,-115168.095703125,-460672.3828125,-876.5571728515625,-112.71059570312501,-6.521016597747803,-4.466896369457245,-9.992162601684951,3.1880792016207344,0.0,0.021154405549168587,173.29689025878906,7.615585997700691,-0.1525879055261612,-54.93164598941803,-1479.3181615540955,1,1789158666.0373387,38.990699146666664,-76.93791249833333,-6.102,0,1,23.532201,15.856324000000003,89.151364,1,1,1789158666.609102,0.9134266993628932,-0.40611984612251234,0.01348807861142465,-0.023160466571504237,-176.9465671293392,-0.3339728027918622,-47.949846044705374,0.09730123313405788,-0.025047918227071423,0.3339874273921113,3.6560172467994687,-0.18259982601165772,-8.773911833209992
2026-09-11T16:31:06.653,34.78379859200004,-1279.860107421875,-115187.40966796875,-460749.638671875,-876.7041735839845,-112.85759643554688,-6.392925262451172,-4.379153804779053,-9.795888074398372,2.624809881189081,0.0,0.015630723908543587,128.04689025878906,5.627060607075691,-0.2899170219898224,-104.37012791633606,-1478.9471489544253,1,1789158666.0373387,38.990699146666664,-76.93791249833333,-6.102,0,1,23.532201,15.856324000000003,89.151364,1,1,1789158666.641102,0.9114456250757077,-0.41043933383158315,0.012162786641470712,-0.025661106666565625,-176.7460501942271,-0.06341396728898628,-48.48748343910566,0.1085566869472441,-0.023114442481712103,0.2766692439602907,-0.23379053985595702,-0.6403742555618286,-4.366312918014526
2026-09-11T16:31:06.686,34.81720489600002,-1280.068115234375,-115206.13037109375,-460824.521484375,-876.846658935547,-113.00008178710938,-6.264415264129639,-4.291124455928803,-9.59897202918933,2.6351118893696652,0.0,0.012014390900731087,98.42189025878906,4.325180724263191,0.0305175818502903,10.986329466104507,3453.1343959063256,1,1789158666.0373387,38.990699146666664,-76.93791249833333,-6.102,0,1,23.532201,15.856324000000003,89.151364,1,1,1789158666.681102,0.9092539605695988,-0.4152520972490954,0.011677410659064765,-0.026202461697821738,-176.71242485227856,0.030125581631091268,-49.091058882764244,0.08743157074695514,-0.014665129039882355,0.25087188135241295,2.5449237834739686,-0.8486675049972535,-10.845468613376617
2026-09-11T16:31:06.719,34.85060886399992,-1280.2750244140625,-115224.75219726562,-460899.0087890625,-876.9883917236328,-113.14181457519533,-6.187011241912842,-4.238102700710297,-9.48036574067263,1.5872891274072825,0.0,0.01174926944077015,96.25001525878906,4.229736998677254,0.030517585575580597,10.986330807209015,4.014805987870098e-05,1,1789158666.0373387,38.990699146666664,-76.93791249833333,-6.102,0,1,23.532201,15.856324000000003,89.151364,1,1,1789158666.7091022,0.9077672639881293,-0.4184878586151786,0.01115566893430776,-0.026496370955589165,-176.70699136162247,0.11019801193526285,-49.496979989518366,0.011636110123046195,-0.05693229113420463,0.22712405888515208,-1.620058606719971,-1.3096781291007995,-5.884186230049133
2026-09-11T16:31:06.754,34.88403257599998,-1280.481689453125,-115243.35205078125,-460973.408203125,-877.1299572753907,-113.28338012695313,-6.136536598205566,-4.203527569770813,-9.403023375471564,1.0344491640971651,0.0,0.010583879426121712,86.70314025878906,3.8101965934038162,-0.0305175818502903,-10.986329466104507,-657.3973672725336,1,1789158666.0373387,38.990699146666664,-76.93791249833333,-6.102,0,1,23.532201,15.856324000000003,89.151364,1,1,1789158666.753102,0.9055855195769286,-0.42302299068520577,0.012218038760157535,-0.028585584009843585,-176.4390363990737,0.11778648439221652,-50.07338735236267,0.06774949277221508,0.007319212751163421,0.21039507800478643,-0.24438172203063965,-1.1885659996032716,-9.134698492660522
2026-09-11T16:31:06.787,34.91745270399997,-1280.6810302734375,-115261.29272460938,-461045.1708984375,-877.2665057373048,-113.4199285888672,-6.03290319442749,-4.132538688182831,-9.244225769915056,2.124135538559449,0.0,0.009244920685887337,75.73439025878906,3.3281714469194412,0.0,0.0,328.7339134699956,1,1789158666.0373387,38.990699146666664,-76.93791249833333,-6.102,0,1,23.532201,15.856324000000003,89.151364,1,1,1789158666.781102,0.9042076214482319,-0.42593345514015046,0.01239439686856773,-0.028907577442064375,-176.3974215067149,0.12669209863993117,-50.442245573831784,0.06732450509935446,0.04371997416368236,0.20922954713030464,1.4700168592453005,-0.41903816141128536,-9.679163709640504
2026-09-11T16:31:06.820,34.95085980800013,-1280.8802490234375,-115279.22241210938,-461116.8896484375,-877.4029705810548,-113.5563934326172,-6.033205032348633,-4.132745447158814,-9.24468827657214,-0.006189072120165756,0.0,0.009000780060887337,73.73439025878906,3.2402808219194412,0.0,0.0,0.0,1,1789158666.0373387,38.990699146666664,-76.93791249833333,-6.102,0,1,23.532201,15.856324000000003,89.151364,1,1,1789158666.809102,0.9029732852907946,-0.4286761224774391,0.010826024116161783,-0.027546783309370475,-176.61585003707495,0.23296960074698317,-50.7840960227738,0.022420674104044358,0.050721013392207207,0.20097187084034385,-1.8409043683624267,1.709593322696686,-12.028346755886078
2026-09-11T16:31:06.853,34.98426995199998,-1281.0838623046875,-115297.54760742188,-461190.1904296875,-877.542445678711,-113.69586853027344,-6.085822105407715,-4.168788142204285,-9.325313489182804,-1.0787949625610243,0.0,0.008955003693699837,73.35939025878906,3.2238013297319412,-0.015258789993822575,-5.493164397776127,-164.41606470782142,1,1789158666.0373387,38.990699146666664,-76.93791249833333,-6.102,0,1,23.532201,15.856324000000003,89.151364,1,1,1789158666.849102,0.901153776251175,-0.4326450165062974,0.008021565864752566,-0.025996455942883863,-176.9162088262899,0.46049947314740997,-51.27904150148168,0.01139787268014897,-0.03386165641671758,0.20870472662422995,-2.0287017189598084,1.8006971026992797,-11.400721145534515
2026-09-11T16:31:06.887,35.01767552000001,-1281.2879638671875,-115315.91674804688,-461263.6669921875,-877.6822552490235,-113.83567810058595,-6.1131062507629395,-4.187477781772614,-9.367121022218615,-0.5594767784912303,0.0,0.00906372256577015,74.25001525878906,3.2629401236772537,0.0,0.0,164.43858693767524,1,1789158666.0373387,38.990699146666664,-76.93791249833333,-6.102,0,1,23.532201,15.856324000000003,89.151364,1,1,1789158666.881102,0.8996726824560288,-0.435806144738593,0.0077142670445915764,-0.02454707180953819,-177.08273132974102,0.4305760380206339,-51.68061605158811,0.06007475645242042,0.010477909631422758,0.21062965025625446,-0.6456698466491699,1.6375144440078735,-9.779976073303223
2026-09-11T16:31:06.920,35.051095296000085,-1281.4954833984375,-115334.59350585938,-461338.3740234375,-877.8244061279297,-113.9778289794922,-6.16545295715332,-4.223335275650025,-9.447331951615114,-1.0729423763143189,0.0,0.00942993350327015,77.25001525878906,3.3947760611772537,0.0,0.0,0.0,1,1789158666.0373387,38.990699146666664,-76.93791249833333,-6.102,0,1,23.532201,15.856324000000003,89.151364,1,1,1789158666.909102,0.8982670498391749,-0.4386697561341135,0.005834785080770044,-0.02551680837259644,-177.0786828092934,0.6820945122099665,-52.03985478360542,0.1082495089988931,-0.08417688075783612,0.2307939627033206,-0.07354987621307373,-0.6035012509536742,-1.9054321264266967
2026-09-11T16:31:06.954,35.084519711999974,-1281.7047119140625,-115353.42407226562,-461413.6962890625,-877.9677276611329,-114.12115051269532,-6.218255996704102,-4.25950535774231,-9.528242120933934,-1.0821455217768197,0.0,0.009210588410496712,75.45314025878906,3.3158118277788162,0.0,0.0,0.0,1,1789158666.0373387,38.990699146666664,-76.93791249833333,-6.102,0,1,23.532201,15.856324000000003,89.151364,1,1,1789158666.9491022,0.8962422749923462,-0.4429110358498367,0.002630687544313138,-0.023930698318526403,-177.4075200666839,0.9444418818848243,-52.574571592543315,-0.048008771734608026,-0.10822751785031798,0.2442563853556536,-0.9889026023101807,1.6138804171180725,-8.728114776954651
2026-09-11T16:31:06.987,35.11793766400001,-1281.918701171875,-115372.68310546875,-461490.732421875,-878.1143103027345,-114.26773315429688,-6.349910736083984,-4.34968885421753,-9.729976857143713,-2.698654198651136,0.0,0.00894165225327015,73.25001525878906,3.2189948111772537,0.0,0.0,0.0,1,1789158666.0373387,38.990699146666664,-76.93791249833333,-6.102,0,1,23.532201,15.856324000000003,89.151364,1,1,1789158666.981102,0.8945319169752682,-0.4464506567766139,-0.001304955229654359,-0.02219814560116614,-177.79023193489152,1.269514877339719,-53.02203311515284,-0.03627509770637534,-0.10060199981542955,0.22641056828693681,-2.2256192542076114,2.294167738838196,-10.77515493171692
2026-09-11T16:31:07.020,35.151346015999934,-1282.131591796875,-115391.84326171875,-461567.373046875,-878.2601403808594,-114.41356323242188,-6.403397560119629,-4.386327328681946,-9.811934790358674,-1.096686076119514,0.0,0.00840759463608265,68.87501525878906,3.0267340689897537,-0.1220703199505806,-43.945315182209015,-1315.3990709361842,1,1789158666.0373387,38.990699146666664,-76.93791249833333,-6.102,0,1,23.532201,15.856324000000003,89.151364,1,1,1789158667.013102,0.892786109626997,-0.4499429384288193,-0.0017064982922372675,-0.021940886005582583,-177.84223725277752,1.3059623546613364,-53.469436903678734,0.1048953352424104,-0.03317242589510503,0.23088437075857388,2.1200016319656374,1.6677189265060424,-14.078426972198486
2026-09-11T16:31:07.054,35.184757248000096,-1282.3460693359375,-115411.14624023438,-461644.5849609375,-878.4070574951172,-114.5604803466797,-6.430840969085693,-4.4051260638237,-9.853986363241981,-0.5626471703187331,0.0,0.008020402863621712,65.70314025878906,2.8873450309038162,-0.030517585575580597,-10.986330807209015,986.4642038593466,1,1789158667.0386121,38.99072068666667,-76.93791534,-6.103999999999999,0,1,21.874328999999996,59.413264000000005,183.792249,1,1,1789158667.049102,0.8909077800381976,-0.4536136222037871,-0.003970966174291196,-0.02241072614203492,-177.91724862582225,1.5705107174171442,-53.93809884434305,0.05862962383176912,-0.06941855113589726,0.21733363444608989,-0.6579281593513489,2.1822738604927063,-16.015436512145996
2026-09-11T16:31:07.088,35.21817606400009,-1282.56396484375,-115430.7568359375,-461723.02734375,-878.5563159179688,-114.70973876953126,-6.4564080238342285,-4.422639496326447,-9.89316279600582,-0.5240590361654278,0.0,0.008089067414402962,66.26564025878906,2.9120642691850662,-0.0457763709127903,-16.479493528604507,-164.3733494746338,1,1789158667.0386121,38.99072068666667,-76.93791534,-6.103999999999999,0,1,21.874328999999996,59.413264000000005,183.792249,1,1,1789158667.0811021,0.8892006787385442,-0.4569539011517478,-0.005091441744481456,-0.022121536431130073,-178.01128059416553,1.6773828420718602,-54.36750232028866,0.021516419018586093,-0.025084046542587706,0.2366645521753287,-2.4526432054519653,1.7376403421592712,-14.793527901992798
2026-09-11T16:31:07.121,35.25159331200007,-1282.778564453125,-115450.07080078125,-461800.283203125,-878.7033166503907,-114.85673950195313,-6.509019374847412,-4.458678271770478,-9.973779240717773,-1.0784483343468332,0.0,0.008052827790379524,65.96876525878906,2.8990180045366287,-0.0610351599752903,-21.972657591104507,-164.3811023129023,1,1789158667.0386121,38.99072068666667,-76.93791534,-6.103999999999999,0,1,21.874328999999996,59.413264000000005,183.792249,1,1,1789158667.113102,0.887315765150229,-0.4606324425643798,-0.007118805016563603,-0.02092387125206602,-178.2470810871931,1.828600612406731,-54.842404749906805,0.007759210255591191,0.022764678499612438,0.2557752093529658,-1.279767846107483,1.6836056997680664,-11.126233007507324
2026-09-11T16:31:07.154,35.285019680000005,-1282.99951171875,-115469.9560546875,-461879.82421875,-878.8546655273439,-115.00808837890627,-6.587372779846191,-4.512350354194641,-10.093840269762518,-1.6056809529609932,0.0,0.010938646271824837,89.60939025878906,3.9379126578569412,0.1373291164636612,49.43848192691803,2136.371487268906,1,1789158667.0386121,38.99072068666667,-76.93791534,-6.103999999999999,0,1,21.874328999999996,59.413264000000005,183.792249,1,1,1789158667.149102,0.8848670602226466,-0.4653017669996446,-0.010574087659936886,-0.019817669643520948,-178.55317607226868,2.129355914225404,-55.44782049956888,-0.01758681020772086,-0.016513781783594746,0.2983872485074821,-1.5512159225845337,0.9264342407798767,-7.888959722614288
2026-09-11T16:31:07.187,35.318427552,-1283.2218017578125,-115489.96215820312,-461959.8486328125,-879.0069342041016,-115.16035705566406,-6.6659650802612305,-4.5661860799789435,-10.214267358578512,-1.6114682726366287,0.0,0.0125656146556139,102.93751525878906,4.523621276021004,-0.0457763709127903,-16.479493528604507,-1973.1270359131697,1,1789158667.0386121,38.99072068666667,-76.93791534,-6.103999999999999,0,1,21.874328999999996,59.413264000000005,183.792249,1,1,1789158667.181102,0.8824905612706028,-0.4697485470807514,-0.013344656298625253,-0.019199789897061118,-178.7755824682705,2.3836885513003603,-56.027151852593576,-0.04084873301122649,0.04079061354713508,0.3165528098951643,-1.5073801963615419,0.3480380142402649,-9.526081900615692
2026-09-11T16:31:07.221,35.351833440000064,-1283.444091796875,-115509.96826171875,-462039.873046875,-879.1592028808594,-115.31262573242188,-6.666765213012695,-4.566734170913697,-10.215493403081808,-0.016407015875532848,0.0,0.0125350970774889,102.68751525878906,4.512634947896004,-0.0305175818502903,-10.986329466104507,164.437001719276,1,1789158667.0386121,38.99072068666667,-76.93791534,-6.103999999999999,0,1,21.874328999999996,59.413264000000005,183.792249,1,1,1789158667.2091022,0.8803768979888762,-0.4738487785527513,-0.011396148934897238,-0.016552351524876965,-178.94820534076112,2.048900322027512,-56.56248756460375,-0.03562618429048386,0.07066105103039204,0.32246476367044474,-0.014513842239379883,0.8458235764503478,-7.096092057037354
2026-09-11T16:31:07.254,35.38525513600007,-1283.66845703125,-115530.1611328125,-462120.64453125,-879.3128930664063,-115.46631591796876,-6.720024585723877,-4.603216841220856,-10.297102812322949,-1.0915864445405201,0.0,0.012165071442723274,99.65626525878906,4.379425719380379,-0.0762939527630806,-27.465822994709015,-493.07771600226687,1,1789158667.0386121,38.99072068666667,-76.93791534,-6.103999999999999,0,1,21.874328999999996,59.413264000000005,183.792249,1,1,1789158667.249102,0.8772837218607815,-0.4795674139226142,-0.01256212802600652,-0.015184195768258465,-179.16329675300292,2.097768731565491,-57.31115158993011,-0.025646740693430675,0.056031701240175556,0.3288537159302952,1.9023920648765564,0.0858081889152527,-9.659942675323487
2026-09-11T16:31:07.287,35.41866611199998,-1283.8895263671875,-115550.05737304688,-462200.2294921875,-879.4643255615235,-115.61774841308595,-6.643765926361084,-4.550979659557343,-10.180251564865197,1.5634736819316004,0.0,0.011564256623387337,94.73439025878906,4.163132384419441,0.0,0.0,822.0598822009853,1,1789158667.0386121,38.99072068666667,-76.93791534,-6.103999999999999,0,1,21.874328999999996,59.413264000000005,183.792249,1,1,1789158667.281102,0.8750127487926653,-0.48375482142916726,-0.010890249883148757,-0.01467530755456422,-179.13169945963747,1.9058209176884304,-57.857984327405276,-0.035096302329578374,0.025314604536776156,0.2926262657124993,2.8024464167213443,2.6086670095252993,-12.332549043903352
2026-09-11T16:31:07.321,35.452074880000055,-1284.1121826171875,-115570.09643554688,-462280.3857421875,-879.6168450927735,-115.77026794433594,-6.619487285614014,-4.5343487906456,-10.143049370628122,0.4977995271093749,0.0,0.010889055207371712,89.20314025878906,3.9200598746538162,-0.015258789993822575,-5.493164397776127,-164.42283647706716,1,1789158667.0386121,38.99072068666667,-76.93791534,-6.103999999999999,0,1,21.874328999999996,59.413264000000005,183.792249,1,1,1789158667.313102,0.8728391690573658,-0.4876644276570862,-0.011484641869626836,-0.014258119029527698,-179.2152132247232,1.945843364247914,-58.371775838029826,-0.004540997647838847,-0.0004932300466135975,0.2891671976679717,2.366246617527008,-0.5372082958602905,-5.7705271546745305
2026-09-11T16:31:07.355,35.485488512000074,-1284.3291015625,-115589.619140625,-462358.4765625,-879.7654345703126,-115.918857421875,-6.516336441040039,-4.463690462112427,-9.984991191196363,2.1146557349147543,0.0,0.010099412873387337,82.73439025878906,3.6357886344194412,0.0,0.0,164.39890155529557,1,1789158667.0386121,38.99072068666667,-76.93791534,-6.103999999999999,0,1,21.874328999999996,59.413264000000005,183.792249,1,1,1789158667.349102,0.8706167128840601,-0.49166028691074615,-0.010541346271104007,-0.013622831592202752,-179.2344056952541,1.8194785914372449,-58.89697531679126,0.05699023606537084,0.010144377211366642,0.24339558896857003,3.4301700935745236,-0.9227077137184142,-8.622104888706208
2026-09-11T16:31:07.388,35.51890867199995,-1284.546142578125,-115609.15283203125,-462436.611328125,-879.9141076660156,-116.06753051757813,-6.489810943603516,-4.445520496368409,-9.944346135398183,0.5436827873979314,0.0,0.008733751252293587,71.54689025878906,3.1441504508256912,-0.01525880303233862,-5.493169091641903,-164.36692977119168,1,1789158667.0386121,38.99072068666667,-76.93791534,-6.103999999999999,0,1,21.874328999999996,59.413264000000005,183.792249,1,1,1789158667.381102,0.8686525990287277,-0.4951267113572529,-0.010084592041941,-0.013802278961666777,-179.1978741816187,1.7872172985871468,-59.35324411583866,-0.07374295342356361,-0.003172659514275292,0.23810619413747602,2.518936160545349,-3.125967805557251,-7.108154236736297
2026-09-11T16:31:07.421,35.552331072000015,-1284.761474609375,-115628.53271484375,-462514.130859375,-880.061610107422,-116.21503295898438,-6.438345432281494,-4.410266621112823,-9.865485462403406,1.0547978378428458,0.0,0.008710863068699837,71.35939025878906,3.1359107047319412,0.015258795581758022,5.493166409432888,328.7117472429879,1,1789158667.0386121,38.99072068666667,-76.93791534,-6.103999999999999,0,1,21.874328999999996,59.413264000000005,183.792249,1,1,1789158667.4131021,0.8666179483679474,-0.4986293777937981,-0.011991447883237511,-0.014081205387427494,-179.28636090397092,1.9958215478033028,-59.817570354846055,0.010562034501368885,-0.05245412533943758,0.22841315907067508,-0.5764348965072632,-2.225128921699524,-4.931764366340637
2026-09-11T16:31:07.455,35.58574393599997,-1284.9769287109375,-115647.92358398438,-462591.6943359375,-880.2091961669922,-116.3626190185547,-6.414226531982422,-4.393745174407959,-9.828528038672053,0.49446365043373275,0.0,0.008382799103856087,68.67189025878906,3.0178076773881912,-0.0610351599752903,-21.972657591104507,-822.0134616587601,1,1789158667.0386121,38.99072068666667,-76.93791534,-6.103999999999999,0,1,21.874328999999996,59.413264000000005,183.792249,1,1,1789158667.453102,0.8641308524844831,-0.5028642490697028,-0.012464914098696897,-0.015812738805033776,-179.15184175348665,2.1459969426063044,-60.37699009133505,0.020119108419439435,-0.1259499401409188,0.2207801361200031,2.1436356588554384,-0.6897997723770142,-7.634084884910584
2026-09-11T16:31:07.488,35.61914988800004,-1285.18603515625,-115666.7431640625,-462666.97265625,-880.3524340820313,-116.50585693359376,-6.3115153312683105,-4.323388001918793,-9.671143526124704,2.106126850958372,0.0,0.008014680817723274,65.65626525878906,2.8852850943803787,0.0762939527630806,27.465822994709015,1479.9303006157454,1,1789158667.0386121,38.99072068666667,-76.93791534,-6.103999999999999,0,1,21.874328999999996,59.413264000000005,183.792249,1,1,1789158667.481102,0.8624822821965094,-0.5056027554445709,-0.01317007414073685,-0.01779650895781857,-179.00328282835667,2.333376093811417,-60.738911515285515,0.018872245201814686,-0.06669479030523491,0.21493799551480247,1.8596350701713562,-0.8982891548156738,-9.940609002952575
2026-09-11T16:31:07.521,35.65255520000005,-1285.3936767578125,-115685.43090820312,-462741.7236328125,-880.4946685791016,-116.64809143066407,-6.234297275543213,-4.270493633747101,-9.55282219431616,1.5834118888537903,0.0,0.0081100482493639,66.43751525878906,2.9196173697710037,0.0457763746380806,16.479494869709015,-328.8796741367228,1,1789158667.0386121,38.99072068666667,-76.93791534,-6.103999999999999,0,1,21.874328999999996,59.413264000000005,183.792249,1,1,1789158667.513102,0.8605791767674121,-0.5088172728774003,-0.012991119807334498,-0.018430793311191327,-178.9389498457601,2.3564138049815773,-61.165565392500966,-0.02862758852291179,-0.09069132219090495,0.2149736002315432,0.42266662197113036,-0.7705085032081604,-8.688593976802826
2026-09-11T16:31:07.555,35.685978944,-1285.6036376953125,-115704.32739257812,-462817.3095703125,-880.6384918212891,-116.79191467285158,-6.261295318603516,-4.288987293243409,-9.594191332416347,-0.5533090337317388,0.0,0.0084762591868639,69.43751525878906,3.0514533072710037,0.01525880303233862,5.493169091641903,-328.6982385361899,1,1789158667.0386121,38.99072068666667,-76.93791534,-6.103999999999999,0,1,21.874328999999996,59.413264000000005,183.792249,1,1,1789158667.549102,0.8584067657084417,-0.5123504510600586,-0.015961451326650458,-0.019495434236607333,-179.01827165192216,2.715680682841973,-61.639480213259105,-0.012366006816230225,-0.08237238484419918,0.22606167696946314,-0.56319591878891,-0.4996488257408142,-6.386188651828766
2026-09-11T16:31:07.589,35.71939532800002,-1285.812255859375,-115723.10302734375,-462892.412109375,-880.7813952636719,-116.93481811523438,-6.262588977813721,-4.289873449802399,-9.596173608183594,-0.026518625084917185,0.0,0.008062364533543587,66.04689025878906,2.9024512320756912,0.015258789993822575,5.493164397776127,-0.00014046599943486364,1,1789158667.0386121,38.99072068666667,-76.93791534,-6.103999999999999,0,1,21.874328999999996,59.413264000000005,183.792249,1,1,1789158667.5811021,0.8565630007570901,-0.5152458516209445,-0.02012734609625443,-0.020406569053580726,-179.18408530451478,3.1820945241270238,-62.033433571858666,-0.01796903731390762,-0.08944149191355182,0.20549122640545797,-2.221990793647766,0.16857631628036499,-7.845123996391297
2026-09-11T16:31:07.621,35.752802784000096,-1286.0206298828125,-115741.85668945312,-462967.4267578125,-880.9241314697266,-117.07755432128907,-6.237722873687744,-4.2728401684761055,-9.558071243012037,0.5098646639317306,0.0,0.007902147248387337,64.73439025878906,2.8447730094194412,0.0,0.0,-164.4292938008638,1,1789158667.0386121,38.99072068666667,-76.93791534,-6.103999999999999,0,1,21.874328999999996,59.413264000000005,183.792249,1,1,1789158667.609102,0.8550789027429363,-0.517758820590499,-0.02031549632282134,-0.018792402556052707,-179.3630146917006,3.1071011110548246,-62.37337247265418,-0.03824906509038093,-0.06589193884931752,0.1945839657780446,0.38844141290664674,0.027850886459350587,-9.574036419906616
2026-09-11T16:31:07.655,35.786210656000094,-1286.22802734375,-115760.5224609375,-463042.08984375,-881.0661987304688,-117.21962158203127,-6.1870832443237305,-4.2381520223617555,-9.48047607006476,1.0383225281260695,0.0,0.005880357697606087,48.17189025878906,2.1169287711381912,-0.1525879055261612,-54.93164598941803,-1644.2725232370801,1,1789158667.0386121,38.99072068666667,-76.93791534,-6.103999999999999,0,1,21.874328999999996,59.413264000000005,183.792249,1,1,1789158667.649102,0.8530735063047051,-0.5210769842558328,-0.02093295983448103,-0.017498014527672856,-179.53873289810798,3.092627829148743,-62.82264474373768,0.009381319262394721,-0.05560479370513774,0.18098837450378438,0.623408750782013,0.24683338457107545,-10.434766104602813
2026-09-11T16:31:07.688,35.81961609600012,-1286.4293212890625,-115778.63891601562,-463114.5556640625,-881.2040850830078,-117.35750793457032,-6.056145191192627,-4.148459455966949,-9.27983951316872,2.6849688671887377,0.0,0.0035572070628404617,29.140640258789062,1.2805945426225662,-0.1678466945886612,-60.42481005191803,-164.4392069823369,1,1789158667.0386121,38.99072068666667,-76.93791534,-6.103999999999999,0,1,21.874328999999996,59.413264000000005,183.792249,1,1,1789158667.681102,0.8516685402791134,-0.5233917000490171,-0.01998633916459989,-0.017954722650085377,-179.44564941040198,3.0288150705556567,-63.130835831604465,0.0502637371281847,-0.015755087157752812,0.17715615506518043,0.33166090847015384,0.9480088711357118,-9.95914357175827
2026-09-11T16:31:07.722,35.85303699199994,-1286.6334228515625,-115797.00805664062,-463188.0322265625,-881.3438946533204,-117.49731750488282,-6.031346797943115,-4.131472556591034,-9.24184090146526,0.5082718122220358,0.0,0.0007667560130357742,6.2812652587890625,0.2760321646928787,-0.1373291164636612,-49.43848192691803,328.72631915845477,1,1789158667.0386121,38.99072068666667,-76.93791534,-6.103999999999999,0,1,21.874328999999996,59.413264000000005,183.792249,1,1,1789158667.713102,0.8505036553345362,-0.525256954395282,-0.020832037827453707,-0.017739513013064527,-179.52427672128505,3.09955477982203,-63.38470938793347,0.02792910775626366,0.011045839770021713,0.14427973701121363,-0.693624365940094,0.036480738601684576,-8.98818713924408
2026-09-11T16:31:07.756,35.88645919999999,-1286.8359375,-115815.234375,-463260.9375,-881.4826171875001,-117.63604003906251,-6.057915210723877,-4.149671919345856,-9.282551716503784,-0.5445290375428243,0.0,-0.0018711090087890625,-15.328125,-0.6735992431640625,-0.045776382088661194,-16.47949755191803,986.1402446826196,1,1789158667.0386121,38.99072068666667,-76.93791534,-6.103999999999999,0,1,21.874328999999996,59.413264000000005,183.792249,1,1,1789158667.749102,0.8493090268715093,-0.5272315788708919,-0.021107585270427782,-0.015984647632272315,-179.7191662787752,3.021400358865976,-63.654718579207085,-0.017178403162754187,0.01894816702427644,0.12156776745501144,-0.03540200708389282,-0.8060085767936707,-8.094016777496337
2026-09-11T16:31:07.789,35.91987711999991,-1287.0389404296875,-115833.50463867188,-463334.0185546875,-881.621674194336,-117.77509704589845,-6.058630466461182,-4.15016186952591,-9.283647703842844,-0.014661300884522025,0.0,-0.0047931671142578125,-39.265625,-1.7255401611328125,0.0,0.0,493.1335508600644,1,1789158667.0386121,38.99072068666667,-76.93791534,-6.103999999999999,0,1,21.874328999999996,59.413264000000005,183.792249,1,1,1789158667.781102,0.8483942133847971,-0.5288376446074291,-0.018771412328612992,-0.014340098341602825,-179.74314147122715,2.694942750318354,-63.86779429772573,-0.02812598089588862,0.03500571974139987,0.10581110950093182,1.6462423626518248,-1.3814628082847595,-8.60670844795227
2026-09-11T16:31:07.822,35.95328105599992,-1287.241943359375,-115851.77490234375,-463407.099609375,-881.7607312011719,-117.91415405273439,-6.059314727783203,-4.150630588531494,-9.284696198397212,-0.014031849587556147,0.0,-0.0059337615966796875,-48.609375,-2.1361541748046875,-0.015258789993822575,-5.493164397776127,-164.4466208345607,1,1789158667.0386121,38.99072068666667,-76.93791534,-6.103999999999999,0,1,21.874328999999996,59.413264000000005,183.792249,1,1,1789158667.809102,0.8475156465024177,-0.5302641604604981,-0.019217945565986327,-0.012954521717719214,-179.90953918945098,2.6545265896813897,-64.06377112824923,-0.03332287327662693,0.06805562352301489,0.09478272302343006,-0.824052813091278,0.4115851072883606,-10.469775845680237
2026-09-11T16:31:07.855,35.98668870400002,-1287.4403076171875,-115869.62768554688,-463478.5107421875,-881.8966107177735,-118.05003356933595,-5.956541061401367,-4.080230627059937,-9.127215969622254,2.1073007435710944,0.0,-0.008211135864257812,-67.265625,-2.9560089111328125,0.0,0.0,164.42834879488726,1,1789158667.0386121,38.99072068666667,-76.93791534,-6.103999999999999,0,1,21.874328999999996,59.413264000000005,183.792249,1,1,1789158667.849102,0.8463842209812191,-0.532147677573863,-0.015797346857354205,-0.014249335388968458,-179.58092303043637,2.4017833476695167,-64.30888026258033,0.04929350859700105,0.10414676352623004,0.08973837241931605,-0.09865490062713622,0.24379332302093507,-11.057586456375121
2026-09-11T16:31:07.889,36.02009376000001,-1287.635986328125,-115887.23876953125,-463548.955078125,-882.0306506347657,-118.18407348632813,-5.803188323974609,-3.975184001922608,-8.892233361494728,3.1446325112388043,0.0,-0.011415481567382812,-93.515625,-4.1095733642578125,0.2746582329273224,98.87696385383606,2959.940071762154,1,1789158667.0386121,38.99072068666667,-76.93791534,-6.103999999999999,0,1,21.874328999999996,59.413264000000005,183.792249,1,1,1789158667.881102,0.8454109469416142,-0.5337396002452632,-0.015604924610770184,-0.012603818834066405,-179.73319681117042,2.2832373247990385,-64.52618807177367,-0.3086620018139728,-0.052713132200433534,0.11433355223842015,6.1639699591636665,-3.5244120016288756,3.739766039180756
2026-09-11T16:31:07.923,36.05351363199998,-1287.8345947265625,-115905.11352539062,-463620.4541015625,-882.1666973876954,-118.32012023925782,-5.88180685043335,-4.0290376925468445,-9.012700636513154,-1.611427195899755,0.0,-0.009908676147460938,-81.171875,-3.5671234130859375,0.2441406399011612,87.89063036441803,-328.7365519960299,1,1789158667.0386121,38.99072068666667,-76.93791534,-6.103999999999999,0,1,21.874328999999996,59.413264000000005,183.792249,1,1,1789158667.9131021,0.8444991745570718,-0.5351492476522111,-0.016001119161726213,-0.013430975216603748,-179.6812223163622,2.3727816795914562,-64.71731214302648,-0.10998454080830068,-0.04008497693055377,0.11642777280788813,-5.33256215845108,0.09424190805435181,-20.889341642532347
2026-09-11T16:31:07.956,36.08691865600008,-1288.02685546875,-115922.4169921875,-463689.66796875,-882.2983959960939,-118.45181884765626,-5.805690288543701,-3.9768978476524355,-8.896067125206763,1.5608384204198655,0.0,-0.00917816162109375,-75.1875,-3.30413818359375,0.030517585575580597,10.986330807209015,-2302.177647199746,1,1789158667.0386121,38.99072068666667,-76.93791534,-6.103999999999999,0,1,21.874328999999996,59.413264000000005,183.792249,1,1,1789158667.953102,0.8432849662018377,-0.5369387973847314,-0.017188123666306596,-0.016485206878769018,-179.46394906164727,2.676231401034605,-64.95915556260489,0.06578337936984348,-0.09881216466750938,0.09719808417526501,-2.8061729437828067,-2.6779019596672056,-9.450472627868653
2026-09-11T16:31:07.989,36.12032508800007,-1288.216796875,-115939.51171875,-463758.046875,-882.428505859375,-118.5819287109375,-5.701199054718018,-3.905321352481842,-8.735955065501606,2.142596227295671,0.0,-0.007968902587890625,-65.28125,-2.868804931640625,-0.030517593026161194,-10.98633348941803,-657.7375367902799,1,1789158667.0386121,38.99072068666667,-76.93791534,-6.103999999999999,0,1,21.874328999999996,59.413264000000005,183.792249,1,1,1789158667.981102,0.8424562241301663,-0.5382166272010817,-0.016139089192367968,-0.018163216363728828,-179.2410805589683,2.6792355765097313,-65.12850300664182,0.08582848582899835,-0.06943268830283843,0.10324722082975216,4.243043325481414,1.3347831535148622,-14.807061079216004
2026-09-11T16:31:08.022,36.15372924799999,-1288.4044189453125,-115956.39770507812,-463825.5908203125,-882.5570269775392,-118.71044982910158,-5.650622367858887,-3.8706763219833378,-8.65845633944017,1.037147184619798,0.0,-0.0065021514892578125,-53.265625,-2.3407745361328125,-0.0762939527630806,-27.465822994709015,-493.3364438839756,1,1789158667.0386121,38.99072068666667,-76.93791534,-6.103999999999999,0,1,21.874328999999996,59.413264000000005,183.792249,1,1,1789158668.009102,0.8415841264995415,-0.5395962758451356,-0.014181684845280065,-0.01925868461273857,-179.0185943249967,2.559336229992436,-65.31141183256234,0.09796061852546133,-0.07018789227017637,0.13006612464882222,-0.08786758544921874,0.2029976583480835,-9.348189266681672
2026-09-11T16:31:08.057,36.187152063999974,-1288.5902099609375,-115973.11889648438,-463892.4755859375,-882.6842938232422,-118.8377166748047,-5.573611259460449,-3.817923712730408,-8.540452113301725,1.578341252064316,0.0,-0.00676727294921875,-55.4375,-2.43621826171875,-0.0457763746380806,-16.479494869709015,328.7074352144745,1,1789158668.0408103,38.99074163833333,-76.93791153833334,-5.812000000000001,0,1,7.458360999999999,8.958048999999999,51.940849,1,1,1789158668.053102,0.8404211199454852,-0.5414349682163786,-0.01168331952311483,-0.02010015888062166,-178.78799969704627,2.3729341204168533,-65.55760473557777,0.0889789796617733,-0.08053804380035313,0.12550086692438064,0.5540757341384888,-1.7348944801139832,-11.594304419727326
2026-09-11T16:31:08.090,36.220570784000074,-1288.7740478515625,-115989.66430664062,-463958.6572265625,-882.8102227783204,-118.96364562988282,-5.496524810791016,-3.765119495391846,-8.422332443163569,1.5800789898118281,0.0,-0.007228851318359375,-59.21875,-2.602386474609375,-0.1068115308880806,-38.452151119709015,-657.4954471605867,1,1789158668.0408103,38.99074163833333,-76.93791153833334,-5.812000000000001,0,1,7.458360999999999,8.958048999999999,51.940849,1,1,1789158668.0811021,0.8396583366280682,-0.5426193828423299,-0.011401766764409807,-0.02020105961193413,-178.76411813621172,2.3538082944449066,-65.7187948653998,0.06673929620116077,-0.06341322224563517,0.10242866141056682,-1.0068487721061705,1.2106309624671936,-10.1382130037117
2026-09-11T16:31:08.123,36.25397788800001,-1288.9571533203125,-116006.14379882812,-464024.5751953125,-882.9356500244141,-119.08907287597657,-5.4714884757995605,-3.7479696059226995,-8.383969233005313,0.5133605555626825,0.0,-0.01149749755859375,-94.1875,-4.13909912109375,-0.0915527492761612,-32.95898973941803,164.43093601593753,1,1789158668.0408103,38.99074163833333,-76.93791153833334,-5.812000000000001,0,1,7.458360999999999,8.958048999999999,51.940849,1,1,1789158668.113102,0.8390640956547205,-0.5435641397375535,-0.010503240189650364,-0.019978771734475397,-178.73218713563486,2.2549000223067925,-65.84715267340609,0.037708711153963494,0.02323434660132411,0.07215610006765037,-0.7537391314315796,-0.05119071384429932,-10.245693889484405
2026-09-11T16:31:08.156,36.28738492799994,-1289.1397705078125,-116022.57934570312,-464090.3173828125,-883.0607427978516,-119.21416564941407,-5.446684837341309,-3.7309791135787966,-8.345962584061365,0.5085901757216106,0.0,-0.015180587768554688,-124.359375,-5.4650115966796875,-0.2288818657398224,-82.39747166633606,-1479.8821424173748,1,1789158668.0408103,38.99074163833333,-76.93791153833334,-5.812000000000001,0,1,7.458360999999999,8.958048999999999,51.940849,1,1,1789158668.149102,0.8384976641719352,-0.544519797452318,-0.00963840691859137,-0.018081993052946128,-178.86320188494412,2.054813265516256,-65.97894419369365,0.05235411797329831,0.02934771137228465,0.05421795508150305,-1.63153238740921,-0.20005566329956057,-12.363832257919313
2026-09-11T16:31:08.190,36.32080262399995,-1289.322265625,-116039.00390625,-464156.015625,-883.1857519531251,-119.3391748046875,-5.44850492477417,-3.732225873470307,-8.348751506510162,-0.037308373728388744,0.0,-0.0170745849609375,-139.875,-6.1468505859375,0.1678466796875,60.4248046875,4273.85168486098,1,1789158668.0408103,38.99074163833333,-76.93791153833334,-5.812000000000001,0,1,7.458360999999999,8.958048999999999,51.940849,1,1,1789158668.181102,0.838000087929256,-0.5453435904649513,-0.009497054833899716,-0.01631033165930866,-179.02664367769887,1.9316080882708666,-66.09316659352483,-0.19642092481576864,-0.0362588661443318,0.08343895555009292,-0.5606461897468566,4.2244106901741025,-19.208972137317655
2026-09-11T16:31:08.223,36.35421728000006,-1289.4986572265625,-116054.87915039062,-464219.5166015625,-883.3065802001954,-119.46000305175782,-5.294781684875488,-3.62692545413971,-8.113201176941002,3.1513243569009877,0.0,-0.019344329833984375,-158.46875,-6.963958740234375,-0.030517593026161194,-10.98633348941803,-2137.1202557552792,1,1789158668.0408103,38.99074163833333,-76.93791153833334,-5.812000000000001,0,1,7.458360999999999,8.958048999999999,51.940849,1,1,1789158668.221102,0.8375553286705255,-0.5460105376823472,-0.011644116826816363,-0.015426558228123343,-179.24744116081342,2.0832356701987687,-66.18776567566026,-0.08418997072722607,-0.074668326992971,0.10933527832655877,-2.3011304604530336,0.7426576167488099,-8.381645826740264
2026-09-11T16:31:08.257,36.38763628800007,-1289.6820068359375,-116071.38061523438,-464285.5224609375,-883.4321746826173,-119.5855975341797,-5.400387763977051,-3.6992656183242802,-8.275021515578642,-2.1646412779382658,0.0,-0.018541336059570312,-151.890625,-6.6748809814453125,0.0762939527630806,27.465822994709015,1150.6073574690101,1,1789158668.0408103,38.99074163833333,-76.93791153833334,-5.812000000000001,0,1,7.458360999999999,8.958048999999999,51.940849,1,1,1789158668.253102,0.8368979640826799,-0.5470367651845546,-0.010074699233885816,-0.015845367967662886,-179.11139149493835,1.9598398443026097,-66.32592400455388,-0.08825239909416807,0.012734969420101825,0.11419183150315819,2.336042135028839,-0.39599253353118896,-8.070775016613007
2026-09-11T16:31:08.290,36.42104217600013,-1289.861572265625,-116087.54150390625,-464350.166015625,-883.5551770019532,-119.70859985351564,-5.479891777038574,-3.7537258672714238,-8.396845622922825,-1.6302589815018178,0.0,-0.013822555541992188,-113.234375,-4.9761199951171875,0.4577637016773224,164.79493260383606,4110.925283856414,1,1789158668.0408103,38.99074163833333,-76.93791153833334,-5.812000000000001,0,1,7.458360999999999,8.958048999999999,51.940849,1,1,1789158668.281102,0.836242799521477,-0.5480496879335535,-0.011322447645695163,-0.014536917958359305,-179.31761972207124,1.9983397398916725,-66.46748040947797,-0.04139083227689592,-0.046624900170701714,0.13070421702335136,-3.1765701203918457,1.3592017124176026,-12.393938673915864
2026-09-11T16:31:08.323,36.45444752000003,-1290.0404052734375,-116103.63647460938,-464414.5458984375,-883.6776776123047,-119.8311004638672,-5.323403358459473,-3.646531300544739,-8.157058206300857,3.2089047407204636,0.0,0.006679535377770662,54.718753814697266,2.4046327359974384,0.5187988877296448,186.76759958267212,657.7590393590981,1,1789158668.0408103,38.99074163833333,-76.93791153833334,-5.812000000000001,0,1,7.458360999999999,8.958048999999999,51.940849,1,1,1789158668.3211021,0.8347787147375233,-0.550280761353581,-0.010446899198135998,-0.015048036497697016,-179.21880571420326,1.9486033308319055,-66.77194265508943,-0.07219257744901705,-0.01117569226637009,0.14541367742623437,-2.863934113235474,3.121849012489319,-2.071654846668243
2026-09-11T16:31:08.357,36.48785552000004,-1290.2166748046875,-116119.50073242188,-464478.0029296875,-883.798422241211,-119.95184509277345,-5.322772026062012,-3.6460988378524783,-8.156090814809579,0.012944884227142689,0.0,0.007974625565111637,65.32813262939453,2.8708652034401894,-0.1373291164636612,-49.43848192691803,-7070.344872770886,1,1789158668.0408103,38.99074163833333,-76.93791153833334,-5.812000000000001,0,1,7.458360999999999,8.958048999999999,51.940849,1,1,1789158668.353102,0.8331069988151235,-0.5527224450813767,-0.013211957255462672,-0.01600223153194255,-179.30856257281104,2.2754429745110687,-67.11060905885118,-0.06369003146500148,-0.08800979832814086,0.2114511767351682,-3.0467300722503663,2.2128706089973447,-12.765218449039459
2026-09-11T16:31:08.390,36.52127244799999,-1290.3968505859375,-116135.71655273438,-464542.8662109375,-883.9218426513672,-120.0752655029297,-5.3754801750183105,-3.682203919887543,-8.236855583141416,-1.0804428831733737,0.0,0.010679245926439762,87.48438262939453,3.8445285335183144,0.3051758110523224,109.86329197883606,4767.098097885765,1,1789158668.0408103,38.99074163833333,-76.93791153833334,-5.812000000000001,0,1,7.458360999999999,8.958048999999999,51.940849,1,1,1789158668.381102,0.831387390293803,-0.5553013332013595,-0.014499628372884652,-0.01500657796769826,-179.49254760169956,2.336938423703098,-67.46925919932191,0.028293357971154877,-0.06926845282022574,0.23873922505717438,-0.8987794873237609,1.16571650472641,-9.885103363037109
2026-09-11T16:31:08.424,36.55469257599998,-1290.580322265625,-116152.22900390625,-464608.916015625,-884.0475207519532,-120.20094360351564,-5.454602241516113,-3.736402535438538,-8.358094433246542,-1.621735726177145,0.0,0.011993409134447575,98.25000762939453,4.317627288401127,0.030517585575580597,10.986330807209015,-2958.6051008440204,1,1789158668.0408103,38.99074163833333,-76.93791153833334,-5.812000000000001,0,1,7.458360999999999,8.958048999999999,51.940849,1,1,1789158668.421102,0.8285442016239819,-0.5595146197451883,-0.01668485929537202,-0.013398198273254414,-179.7974951934234,2.443905370949773,-68.05787262868479,0.07087066507355655,-0.05437712910928493,0.28023983854402074,-1.9524059807014464,0.1711260453224182,-10.476934700298308
2026-09-11T16:31:08.457,36.58810083200001,-1290.7647705078125,-116168.82934570312,-464675.3173828125,-884.1738677978516,-120.32729064941407,-5.4813456535339355,-3.754721772670746,-8.399073399854021,-0.5483446137443324,0.0,0.01279831025749445,104.84375762939453,4.607391692698002,0.0915527418255806,32.958987057209015,657.7013852498152,1,1789158668.0408103,38.99074163833333,-76.93791153833334,-5.812000000000001,0,1,7.458360999999999,8.958048999999999,51.940849,1,1,1789158668.4491022,0.8266271874844588,-0.5623283502781599,-0.0179042260977822,-0.012399922290719425,-179.9791177707544,2.495785239703712,-68.45197782021776,-0.01372474563890781,-0.028373643116746616,0.24833783781144236,-0.2538941726875305,-0.009414384155273438,-9.191380930595399
2026-09-11T16:31:08.490,36.621509695999976,-1290.947021484375,-116185.23193359375,-464740.927734375,-884.2987097167969,-120.45213256835939,-5.482834815979004,-3.755741848945618,-8.401355245493946,-0.03053310267816351,0.0,0.013639451004564762,111.73438262939453,4.910202361643314,0.0,0.0,-986.5342041334366,1,1789158668.0408103,38.99074163833333,-76.93791153833334,-5.812000000000001,0,1,7.458360999999999,8.958048999999999,51.940849,1,1,1789158668.481102,0.8243526592334931,-0.5656365315765542,-0.017911460758107192,-0.013311158260085873,-179.90345081701918,2.555624619364611,-68.91043610271105,0.022504798973990485,-0.013355608502111009,0.26074451079924404,-0.14484422288894652,0.12817291761398317,-10.020042869262696
2026-09-11T16:31:08.524,36.65491510400011,-1291.130615234375,-116201.75537109375,-464807.021484375,-884.4244714355469,-120.57789428710939,-5.484415531158447,-3.7568246388435367,-8.40377737751327,-0.03241361093133478,0.0,0.013458252884447575,110.25000762939453,4.844971038401127,0.0,0.0,0.0,1,1789158668.0408103,38.99074163833333,-76.93791153833334,-5.812000000000001,0,1,7.458360999999999,8.958048999999999,51.940849,1,1,1789158668.521102,0.8212996809567394,-0.5699908958006039,-0.019876469883621642,-0.0134958775094029,179.97186428770462,2.7532124306885684,-69.5228118571354,-0.00013735741213195373,-0.008217010118389304,0.268085191100207,-0.21711923458099366,-2.175997604389191,-6.310971645088196
2026-09-11T16:31:08.558,36.68839734400012,-1291.319091796875,-116218.71826171875,-464874.873046875,-884.5535778808594,-120.70700073242189,-5.538230895996094,-3.7936881637573245,-8.486238734245974,-1.1009874164265754,0.0,0.015266419388353825,125.06250762939453,5.495910979807377,0.1068115308880806,38.452151119709015,1148.4342481176625,1,1789158668.0408103,38.99074163833333,-76.93791153833334,-5.812000000000001,0,1,7.458360999999999,8.958048999999999,51.940849,1,1,1789158668.553102,0.8188261826561377,-0.5735535851948541,-0.019560031992540913,-0.013318132577708235,179.9640363262645,2.7116673895239782,-70.02012951635788,0.02630787141408613,-0.042520234835861453,0.2980270125498706,0.5900661402320861,-3.1026279781723023,-10.133407745132446
2026-09-11T16:31:08.590,36.721802528000126,-1291.501220703125,-116235.10986328125,-464940.439453125,-884.6783361816407,-120.83175903320314,-5.540212631225586,-3.795045652389527,-8.489275349833399,-0.040637064959803536,0.0,0.018589021638035774,152.28126525878906,6.692047789692879,0.030517593026161194,10.98633348941803,-822.202255502876,1,1789158668.0408103,38.99074163833333,-76.93791153833334,-5.812000000000001,0,1,7.458360999999999,8.958048999999999,51.940849,1,1,1789158668.5811021,0.8166505722136926,-0.5766403583621288,-0.020003910181911357,-0.012945408007398521,179.88950155903183,2.7284304395249466,-70.45477926888756,-0.012509996479519756,-0.05487158088637493,0.25453951624255383,-3.893828513221741,0.8276812736511231,-7.966432258892059
2026-09-11T16:31:08.624,36.75520963200006,-1291.6881103515625,-116251.92993164062,-465007.7197265625,-884.8063555908204,-120.95977844238283,-5.593789100646973,-3.8317455339431765,-8.571370646794856,-1.0985651900183186,0.0,0.02132606692612171,174.70314025878906,7.677384093403816,-0.015258795581758022,-5.493166409432888,-493.2932797432329,1,1789158668.0408103,38.99074163833333,-76.93791153833334,-5.812000000000001,0,1,7.458360999999999,8.958048999999999,51.940849,1,1,1789158668.621102,0.81337326351389,-0.5811844871749613,-0.02209921969750273,-0.012655060517548465,179.70736456407752,2.9038287458504013,-71.10176258596296,0.00266546683364574,-0.00857864233940253,0.3049311860049097,-1.3110510601234437,-3.056732855415344,-16.192642680568696
2026-09-11T16:31:08.657,36.78862012800005,-1291.8697509765625,-116268.27758789062,-465073.1103515625,-884.9307794189453,-121.08420227050782,-5.516555309295654,-3.7788403868675235,-8.453025203264852,1.583488825657436,0.0,0.02595710940659046,212.64064025878906,9.344559386372566,0.1068115383386612,38.45215380191803,1315.3148103927315,1,1789158668.0408103,38.99074163833333,-76.93791153833334,-5.812000000000001,0,1,7.458360999999999,8.958048999999999,51.940849,1,1,1789158668.649102,0.8112404065172912,-0.5841046846295759,-0.023163271541360355,-0.013197843723313583,179.67603363860044,3.038088787817388,-71.51744402188959,0.010111914087279548,-0.07778513597118249,0.3146294570594666,-1.0840271088790894,0.05187717935562134,-8.343694090614319
2026-09-11T16:31:08.691,36.82203948799997,-1292.0531005859375,-116284.77905273438,-465139.1162109375,-885.0563739013672,-121.20979675292969,-5.490792751312256,-3.7611930346488958,-8.413549200628337,0.5280577551056405,0.0,0.028881074860692024,236.59376525878906,10.397186949849129,0.015258789993822575,5.493164397776127,-986.2244341069244,1,1789158668.0408103,38.99074163833333,-76.93791153833334,-5.812000000000001,0,1,7.458360999999999,8.958048999999999,51.940849,1,1,1789158668.681102,0.8083938477848394,-0.5878540492843256,-0.027326212178141462,-0.013426903278068085,179.4019368568013,3.437907262000182,-72.06632081791736,-0.0010330603842554436,-0.0793536633699498,0.3148505902756943,-2.787148042469025,0.9450668760871886,-9.231882395763396
2026-09-11T16:31:08.725,36.85545635199992,-1292.2364501953125,-116301.28051757812,-465205.1220703125,-885.1819683837891,-121.33539123535157,-5.439489841461182,-3.7260505414009097,-8.33493768208864,1.0516394730529668,0.0,0.0325012244284153,266.2500305175781,11.700440794229507,0.0,0.0,-164.38300128297436,1,1789158668.0408103,38.99074163833333,-76.93791153833334,-5.812000000000001,0,1,7.458360999999999,8.958048999999999,51.940849,1,1,1789158668.721102,0.804811527463865,-0.5926873337435438,-0.028746254327643612,-0.013182660709452248,179.26197183716113,3.5487067976043987,-72.7609524850006,-0.014368423067043319,-0.11705242614717691,0.33802350128734815,0.03775560312271118,-0.2182960326004028,-9.477833181819916
2026-09-11T16:31:08.757,36.88886223999998,-1292.4176025390625,-116317.58422851562,-465270.3369140625,-885.3060577392579,-121.45948059082032,-5.466763496398926,-3.7447329950332646,-8.376729140643478,-0.5592563093165094,0.0,0.035367969423532486,289.7344055175781,12.732468992471695,0.0,0.0,0.0,1,1789158668.0408103,38.99074163833333,-76.93791153833334,-5.812000000000001,0,1,7.458360999999999,8.958048999999999,51.940849,1,1,1789158668.748102,0.8022018202963116,-0.5960521116508057,-0.031312693196494545,-0.0146162565208021,179.20301892417498,3.8797284299294894,-73.25317922062139,0.014797774063033923,-0.08544556059111079,0.35321048377357683,0.017651970291137693,0.15072821298599243,-10.201760096759795
2026-09-11T16:31:08.791,36.92226879999998,-1292.59765625,-116333.7890625,-465335.15625,-885.4293945312501,-121.58281738281251,-5.415376663208008,-3.709533014297486,-8.297989026256,1.0536846875516528,0.0,0.03637123480439186,297.9531555175781,13.09364452958107,-0.0305175818502903,-10.986329466104507,-328.86742801723653,1,1789158668.0408103,38.99074163833333,-76.93791153833334,-5.812000000000001,0,1,7.458360999999999,8.958048999999999,51.940849,1,1,1789158668.781102,0.7989230898717422,-0.6002203805246219,-0.0341375813453047,-0.01708849942384429,179.21421887071955,4.3046890282961945,-73.86364255359612,0.016188626943948205,-0.09921934998199965,0.34544673566193046,-2.311231310119629,-0.2737036060142517,-11.838588075256348
2026-09-11T16:31:08.825,36.95567871999992,-1292.7783203125,-116350.048828125,-465400.1953125,-885.5531494140625,-121.70657226562501,-5.416087627410889,-3.710020024776459,-8.299078437671024,-0.014576822661480335,0.0,0.036466602236032486,298.7344055175781,13.127976804971695,0.0,0.0,328.8343541715822,1,1789158668.0408103,38.99074163833333,-76.93791153833334,-5.812000000000001,0,1,7.458360999999999,8.958048999999999,51.940849,1,1,1789158668.8211021,0.7950804349175308,-0.6049894495717916,-0.03857543635466273,-0.018622664369484516,179.01888980427296,4.811288968234442,-74.57739461249975,0.019395145845712183,-0.12157195624521622,0.3486804817000256,-1.5081647283744812,0.1995653307914734,-10.811341470813751
2026-09-11T16:31:08.858,36.98908908800013,-1292.9564208984375,-116366.07788085938,-465464.3115234375,-885.6751483154297,-121.82857116699219,-5.313282489776611,-3.639598505496979,-8.141549985453146,2.107774427358878,0.0,0.03633308783173561,297.6406555175781,13.07991161942482,-0.0457763746380806,-16.479494869709015,-493.2449373083278,1,1789158668.0408103,38.99074163833333,-76.93791153833334,-5.812000000000001,0,1,7.458360999999999,8.958048999999999,51.940849,1,1,1789158668.853102,0.7923068177169154,-0.6084952874531298,-0.039251967615874996,-0.021039838043812844,179.17002979349525,5.037313397985203,-75.08536610302407,0.045813322068524356,-0.10701835374453632,0.3241134016818786,-0.3103804776191711,-1.1044249412155152,-10.166848422183989
2026-09-11T16:31:08.891,37.022510464000106,-1293.13427734375,-116382.0849609375,-465528.33984375,-885.7969799804688,-121.95040283203126,-5.211255073547363,-3.569709725379944,-7.985213236801942,2.0911401169443127,0.0,0.036344531923532486,297.7344055175781,13.084031492471695,0.0,0.0,493.08247720619465,1,1789158668.0408103,38.99074163833333,-76.93791153833334,-5.812000000000001,0,1,7.458360999999999,8.958048999999999,51.940849,1,1,1789158668.881102,0.7894287688598729,-0.6120851082880695,-0.04093496763580943,-0.021871614778583584,179.10358836384873,5.244444406791662,-75.61761363400139,-0.026060209193228132,-0.1616248191175333,0.32667170529945183,1.6368279784965516,-2.078323368778229,-5.420233610897064
2026-09-11T16:31:08.925,37.05592816000012,-1293.3089599609375,-116397.80639648438,-465591.2255859375,-885.9166375732423,-122.0700604248047,-5.239110946655273,-3.5887909984588626,-8.027896829050775,-0.5709930774075489,0.0,0.0364074744284153,298.2500305175781,13.106690794229507,0.0,0.0,0.0,1,1789158668.0408103,38.99074163833333,-76.93791153833334,-5.812000000000001,0,1,7.458360999999999,8.958048999999999,51.940849,1,1,1789158668.921102,0.7858561869267954,-0.6164428152852105,-0.04367066166563353,-0.02282941658928424,178.96607791584566,5.55399599070277,-76.2729817236612,-0.0005806710421385134,-0.1654378399343653,0.30242506773197103,-0.6357651299858094,0.5893796747207641,-9.645624966087341
2026-09-11T16:31:08.958,37.089335295999945,-1293.4818115234375,-116413.36303710938,-465653.4521484375,-886.0350408935548,-122.1884637451172,-5.214669227600098,-3.572048420906067,-7.990444749700392,0.5011677012026456,0.0,0.036222461611032486,296.7344055175781,13.040086179971695,0.0,0.0,0.0,1,1789158668.0408103,38.99074163833333,-76.93791153833334,-5.812000000000001,0,1,7.458360999999999,8.958048999999999,51.940849,1,1,1789158668.9491022,0.7835884148794395,-0.6192075331492555,-0.044250218957494036,-0.024761766499079036,179.07894970733187,5.739934194818679,-76.67919401815124,0.08338223234940309,-0.15930143681727843,0.29007476887900874,0.08571012241363525,-0.8688692043304443,-9.375844020137787
2026-09-11T16:31:08.991,37.12274012800003,-1293.65234375,-116428.7109375,-465714.84375,-886.1518554687501,-122.30527832031251,-5.1380391120910645,-3.5195567917823793,-7.873024319484555,1.5713783300436952,0.0,0.03603554144501686,295.2031555175781,12.97279492020607,-0.015258789993822575,-5.493164397776127,-164.44220997015466,1,1789158668.0408103,38.99074163833333,-76.93791153833334,-5.812000000000001,0,1,7.458360999999999,8.958048999999999,51.940849,1,1,1789158668.981102,0.781163632706704,-0.6221049800448396,-0.04633421741763128,-0.024938184299801675,178.92342724418012,5.936002408869944,-77.12221842832814,0.020994216506389392,-0.17688370916894414,0.279658120304331,0.025399223918914794,-0.3711817086219788,-8.411948375740051
2026-09-11T16:31:09.025,37.156159904000106,-1293.8245849609375,-116444.21264648438,-465776.8505859375,-886.2698406982422,-122.4232635498047,-5.138029098510742,-3.5195499324798587,-7.873008975661809,0.00020524681316326916,0.0,0.03494644537568092,286.2812805175781,12.580720335245132,-0.0457763709127903,-16.479493528604507,-328.73736588791775,1,1789158668.0408103,38.99074163833333,-76.93791153833334,-5.812000000000001,0,1,7.458360999999999,8.958048999999999,51.940849,1,1,1789158669.021102,0.778044740615811,-0.6254431154942671,-0.05194844412745071,-0.02772453847473939,178.7401406820909,6.63342672346809,-77.66219738273816,0.05091753746598177,-0.15646161159135846,0.2540913156906417,-1.8107979523658753,-0.4394359937477112,-9.3798647467041
2026-09-11T16:31:09.058,37.18958636799994,-1293.9954833984375,-116459.59350585938,-465838.3740234375,-886.3869061279297,-122.5403289794922,-5.1117682456970215,-3.50156124830246,-7.83276943517908,0.5381569578370479,0.0,0.034513477236032486,282.7344055175781,12.424851804971695,0.0,0.0,493.0073826740348,1,1789158669.0381923,38.99075947666667,-76.93790468666667,-5.663,0,1,8.543929,9.326915999999999,61.685316,1,1,1789158669.049102,0.7759959603609933,-0.6279893965978038,-0.05246522850678593,-0.026589228305399205,178.57932459651343,6.593307499407169,-78.04617605628547,-0.029173702045860814,-0.1423759318631382,0.2592023378721819,-0.022555295372009277,0.36588611753463746,-7.436775083656311
2026-09-11T16:31:09.092,37.2229921600001,-1294.1651611328125,-116474.86450195312,-465899.4580078125,-886.5031353759766,-122.65655822753907,-5.113146781921387,-3.5025055456161502,-7.834881768110564,-0.02826747270908738,0.0,0.03456306830048561,283.1406555175781,12.44270458817482,0.015258789993822575,5.493164397776127,164.43748430657416,1,1789158669.0381923,38.99075947666667,-76.93790468666667,-5.663,0,1,8.543929,9.326915999999999,61.685316,1,1,1789158669.0811021,0.7734628861494957,-0.6307546349266762,-0.05626997074376627,-0.02715593232248594,178.32715823631028,6.967304231230819,-78.49594421490788,-0.002856929452589518,-0.11680371672876771,0.26426693429561904,-1.0234220108795165,0.3064578175544739,-10.98442884616852
2026-09-11T16:31:09.125,37.25639964800007,-1294.3349609375,-116490.146484375,-465960.5859375,-886.6194482421876,-122.77287109375001,-5.061802387237549,-3.4673346352577212,-7.756206682305201,1.052785242591859,0.0,0.034391406923532486,281.7344055175781,12.380906492471695,0.0,0.0,-164.42913629967293,1,1789158669.0381923,38.99075947666667,-76.93790468666667,-5.663,0,1,8.543929,9.326915999999999,61.685316,1,1,1789158669.121102,0.7706090506882366,-0.6341009642315227,-0.05778311716509079,-0.027180315095913534,178.18731013972123,7.095671791152237,-79.01138025475417,0.04756894876310545,-0.06787777447223667,0.266732211864061,-0.9197657186698913,0.056094038925170904,-10.071331649608613
2026-09-11T16:31:09.158,37.28980896000007,-1294.5054931640625,-116505.49438476562,-466021.9775390625,-886.7362628173829,-122.88968566894532,-5.088975429534912,-3.485948169231415,-7.797843971974345,-0.5571361054574251,0.0,0.03457832708954811,283.2656555175781,12.44819775223732,0.0305175818502903,10.986329466104507,328.8403384692084,1,1789158669.0381923,38.99075947666667,-76.93790468666667,-5.663,0,1,8.543929,9.326915999999999,61.685316,1,1,1789158669.149102,0.7683750824598986,-0.6368441075294698,-0.05736126472062708,-0.027184566750036363,178.19356795494699,7.052259560687852,-79.41651259966372,0.06456042716297104,-0.010109121560476357,0.28370274631290265,-0.8452351774406434,-0.28380445568084717,-10.639430893478394
2026-09-11T16:31:09.192,37.32322582400002,-1294.6739501953125,-116520.65551757812,-466082.6220703125,-886.8516558837891,-123.00507873535157,-5.038139343261719,-3.4511254501342776,-7.719947767837943,1.0420702282893344,0.0,0.03463364019989967,283.7187805175781,12.468110471963882,0.0457763709127903,16.479493528604507,164.3829912498328,1,1789158669.0381923,38.99075947666667,-76.93790468666667,-5.663,0,1,8.543929,9.326915999999999,61.685316,1,1,1789158669.181102,0.7657739970130178,-0.639799023278647,-0.058326539213097335,-0.029075937367841004,178.26096304892602,7.2694322354707905,-79.86753638486286,0.05962393790663029,-0.015274598014678774,0.27786461996498163,-1.897782939300537,-0.5352469658279418,-10.817813859920502
2026-09-11T16:31:09.226,37.356645311999955,-1294.8404541015625,-116535.64086914062,-466142.5634765625,-886.9657110595704,-123.11913391113282,-4.987431049346924,-3.416390268802643,-7.642247380106118,1.0393690451421997,0.0,0.03441238775849342,281.9062805175781,12.388459593057632,0.0915527418255806,32.958987057209015,493.1102932706846,1,1789158669.0381923,38.99075947666667,-76.93790468666667,-5.663,0,1,8.543929,9.326915999999999,61.685316,1,1,1789158669.221102,0.7626715813419841,-0.6438998246004396,-0.05408012869725021,-0.028291598981488576,178.47120677923687,6.830046061097747,-80.43795269594663,0.013312673402511948,0.07294341809322502,0.27728429798869353,-0.3772618317222595,-1.5019865387725828,-9.658471677799225
2026-09-11T16:31:09.259,37.39005462399996,-1295.0028076171875,-116550.25268554688,-466201.0107421875,-887.0769232177735,-123.23034606933595,-4.910647869110107,-3.363793790340424,-7.524592408599723,1.5743059438701903,0.0,0.03361893072724342,275.4062805175781,12.102815061807632,-0.1678467094898224,-60.42481541633606,-2795.1429372007283,1,1789158669.0381923,38.99075947666667,-76.93790468666667,-5.663,0,1,8.543929,9.326915999999999,61.685316,1,1,1789158669.249102,0.7605460743635891,-0.6466645328106075,-0.05073096911167944,-0.028653438676055517,178.72950885532157,6.55891495504544,-80.81939956127256,-0.01525749378800923,0.1409018267769038,0.24034300810683196,1.040779781665802,1.592403853263855,-20.096081710948944
2026-09-11T16:31:09.292,37.423462367999946,-1295.1580810546875,-116564.22729492188,-466256.9091796875,-887.183285522461,-123.33670837402344,-4.6777777671813965,-3.2042777705192567,-7.1677652346976855,4.774821664738203,0.0,0.0362854041159153,297.2500305175781,13.062745481729507,0.0,0.0,1808.7068500153414,1,1789158669.0381923,38.99075947666667,-76.93790468666667,-5.663,0,1,8.543929,9.326915999999999,61.685316,1,1,1789158669.281102,0.7585197543301365,-0.649038503931253,-0.05124425652429175,-0.02776380519494765,178.59269187694238,6.533211514143586,-81.18519236204898,0.05294473739217319,0.13913520450803515,0.1580564934618309,-1.8997442693328859,-1.8433560309028625,-2.4976557296943667
2026-09-11T16:31:09.326,37.45686668799999,-1295.3043212890625,-116577.38891601562,-466309.5556640625,-887.2834600830079,-123.43688293457032,-4.4199724197387695,-3.0276811075210572,-6.772729750181313,5.286641458289254,0.0,0.0371398963034153,304.2500305175781,13.370362669229507,0.0,0.0,0.0,1,1789158669.0381923,38.99075947666667,-76.93790468666667,-5.663,0,1,8.543929,9.326915999999999,61.685316,1,1,1789158669.3211021,0.7569883383645385,-0.6511676979231766,-0.046557813189603475,-0.027958089929887246,178.94503969330367,6.136544111642865,-81.46133621667602,0.10644448948648057,0.2149338067245977,0.09382174473728198,-4.02866995294571,-3.3511284932708745,-5.422489140434265
2026-09-11T16:31:09.359,37.49028614400004,-1295.4473876953125,-116590.26489257812,-466361.0595703125,-887.3814605712892,-123.53488342285158,-4.212854862213135,-2.8858055806159975,-6.455363235093044,4.245297317372867,0.0,0.0369567908346653,302.7500305175781,13.304444700479507,0.0915527492761612,32.95898973941803,986.2216111289111,1,1789158669.0381923,38.99075947666667,-76.93790468666667,-5.663,0,1,8.543929,9.326915999999999,61.685316,1,1,1789158669.349102,0.7557982640609703,-0.6526141633195531,-0.04533631262393577,-0.028431613299430697,179.0667105569098,6.064038625219071,-81.6691205892439,-0.11158413506775347,0.015995069929902034,0.25880230840762475,0.3016525589752197,-1.3835222048187257,-15.982584234104156
2026-09-11T16:31:09.393,37.52370473600013,-1295.5830078125,-116602.470703125,-466409.8828125,-887.4743603515626,-123.627783203125,-4.057999134063721,-2.779729406833649,-6.218077592237039,3.1741664574637216,0.0,0.03680038824677467,301.4687805175781,13.248139768838882,0.1220703199505806,43.945315182209015,328.7489024900177,1,1789158669.0381923,38.99075947666667,-76.93790468666667,-5.663,0,1,8.543929,9.326915999999999,61.685316,1,1,1789158669.381102,0.7535414685729379,-0.6553796940044347,-0.04215372287414403,-0.0295935039399422,179.38636583529257,5.872731412179216,-82.0605808814827,0.08013120755171325,0.011839615513828733,0.2204108244502811,-0.37294690565109256,-2.5139347689628604,-3.028097436943054
2026-09-11T16:31:09.426,37.557120480000094,-1295.71875,-116614.6875,-466458.75,-887.5673437500001,-123.72076660156252,-4.005483150482178,-2.743755958080292,-6.137607279170296,1.076541906515453,0.0,0.03766823187470436,308.5781555175781,13.56056347489357,0.1373291164636612,49.43848192691803,164.3885811644479,1,1789158669.0381923,38.99075947666667,-76.93790468666667,-5.663,0,1,8.543929,9.326915999999999,61.685316,1,1,1789158669.421102,0.7509868989313733,-0.6583719875381787,-0.04245193970027775,-0.027619494458648804,179.16990486030122,5.746627940677432,-82.52218120185037,-0.028108876669219074,0.13842590270002467,0.21159935518866252,-3.775462245769501,-2.3188804972457886,-9.279836915054322
2026-09-11T16:31:09.459,37.590527776000044,-1295.8492431640625,-116626.43188476562,-466505.7275390625,-887.6567315673828,-123.81015441894532,-3.926886558532715,-2.68991729259491,-6.017173614430268,1.6115840529404803,0.0,0.03751755133271217,307.3437805175781,13.506318479776382,0.015258795581758022,5.493166409432888,-1315.4406605536267,1,1789158669.0381923,38.99075947666667,-76.93790468666667,-5.663,0,1,8.543929,9.326915999999999,61.685316,1,1,1789158669.4491022,0.7493694757495498,-0.6604055259642619,-0.04012336687412098,-0.026458373370187672,179.23210422180185,5.45597984569197,-82.81485733049706,0.010196038957225673,0.10617082185976787,0.24668745447075652,1.4851191004943847,-0.3422520906448364,-10.983742380657198
2026-09-11T16:31:09.493,37.62393116800013,-1295.9769287109375,-116637.92358398438,-466551.6943359375,-887.7441961669923,-123.89761901855469,-3.849179983139038,-2.6366882884502414,-5.898103723269145,1.593520925795137,0.0,0.0371093787252903,304.0000305175781,13.359376341104507,0.0610351599752903,21.972657591104507,493.3478366996727,1,1789158669.0381923,38.99075947666667,-76.93790468666667,-5.663,0,1,8.543929,9.326915999999999,61.685316,1,1,1789158669.481102,0.7473768283919283,-0.6625733666869041,-0.041671004608981654,-0.026228562958761532,179.078019338593,5.5690095209551265,-83.16086410522624,0.05208778072944397,0.07905940085806354,0.22092814004057224,-2.4878490795326234,-1.2355398538780211,-12.392761875896454
2026-09-11T16:31:09.527,37.657351999999946,-1296.103271484375,-116649.29443359375,-466597.177734375,-887.830740966797,-123.98416381835939,-3.772066831588745,-2.5838657796382907,-5.779943136270329,1.5805264456682488,0.0,0.03692818060517311,302.5156555175781,13.29414501786232,0.0,0.0,-657.4539374490449,1,1789158669.0381923,38.99075947666667,-76.93790468666667,-5.663,0,1,8.543929,9.326915999999999,61.685316,1,1,1789158669.521102,0.7455111994804899,-0.6650129799540107,-0.03775261164424145,-0.02335654631761101,179.11498191413182,5.011448951144194,-83.50610793136052,0.016588307342654905,0.1163469640635208,0.23492847316836993,1.2519169596481323,-1.0197935503196716,-8.395865469474792
2026-09-11T16:31:09.560,37.69076319999999,-1296.2264404296875,-116660.37963867188,-466641.5185546875,-887.915111694336,-124.06853454589844,-3.721426486968994,-2.549177143573761,-5.702346867335716,1.0382337678527516,0.0,0.037656787782907486,308.4844055175781,13.556443601846695,0.0610351637005806,21.972658932209015,657.643512719651,1,1789158669.0381923,38.99075947666667,-76.93790468666667,-5.663,0,1,8.543929,9.326915999999999,61.685316,1,1,1789158669.549102,0.743701641548377,-0.6669807651563476,-0.03925371514335813,-0.022442662880024458,178.9080980709177,5.067181190633625,-83.8223137371238,0.006518804756198821,0.06907594300373078,0.22541869767302844,-3.496070782661438,-0.5096516089057923,-10.224707658138275
2026-09-11T16:31:09.593,37.724167136000005,-1296.345703125,-116671.11328125,-466684.453125,-887.9968066406251,-124.1502294921875,-3.6443288326263428,-2.496365250349045,-5.584210026729246,1.5810080951147503,0.0,0.037443164736032486,306.7344055175781,13.479539304971695,0.0,0.0,-657.7865234863411,1,1789158669.0381923,38.99075947666667,-76.93790468666667,-5.663,0,1,8.543929,9.326915999999999,61.685316,1,1,1789158669.5811021,0.7419282740944376,-0.6691122182309378,-0.03757207058834085,-0.020484506951051376,178.85670640766696,4.770480732224989,-84.13942411887949,0.008229227423153263,0.07905294313983116,0.2338900022634333,0.4005035926055908,-0.3317589749717712,-8.800487855148315
2026-09-11T16:31:09.626,37.75757260799992,-1296.4638671875,-116681.748046875,-466726.9921875,-888.0777490234376,-124.23117187500002,-3.5409657955169678,-2.425561569929123,-5.4258267043869015,2.1195234247881958,0.0,0.0377502478659153,309.2500305175781,13.590089231729507,0.015258789993822575,5.493164397776127,164.43905949870796,1,1789158669.0381923,38.99075947666667,-76.93790468666667,-5.663,0,1,8.543929,9.326915999999999,61.685316,1,1,1789158669.621102,0.7396480401864836,-0.6717684082725358,-0.0362009658535836,-0.018370420968101986,178.7664399967282,4.487022037996816,-84.54148898337884,0.01873506232260793,0.04964274898032512,0.22497433684547066,1.6952756134605407,-0.5793768915557861,-8.668000011463166
2026-09-11T16:31:09.659,37.790983648000065,-1296.5804443359375,-116692.23999023438,-466768.9599609375,-888.1576043701173,-124.3110272216797,-3.4896416664123535,-2.390404541492462,-5.347182671556146,1.052257829642743,0.0,0.0380401648581028,311.6250305175781,13.694459348917007,0.015258789993822575,5.493164397776127,0.0,1,1789158669.0381923,38.99075947666667,-76.93790468666667,-5.663,0,1,8.543929,9.326915999999999,61.685316,1,1,1789158669.649102,0.7381717929648867,-0.6734509967450604,-0.035359021685231605,-0.01777353762063902,178.77105167728652,4.366800251331094,-84.79668155924671,0.013261360722503316,0.02020637488203915,0.210532959015694,-1.9389708699798585,-0.20309572484970093,-9.796255112571718
2026-09-11T16:31:09.693,37.824403776000054,-1296.6959228515625,-116702.63305664062,-466810.5322265625,-888.2367071533204,-124.39013000488282,-3.3868985176086426,-2.32002548456192,-5.1897492049076535,2.105888311695441,0.0,0.039571765810251236,324.1719055175781,14.245835691690445,0.0457763746380806,16.479494869709015,328.7339435664806,1,1789158669.0381923,38.99075947666667,-76.93790468666667,-5.663,0,1,8.543929,9.326915999999999,61.685316,1,1,1789158669.6891022,0.7360283790608311,-0.6756731262177504,-0.037130727063871556,-0.018691196642428833,178.6972864010406,4.583784348635438,-85.15592563317696,0.02093365358134519,-0.027947084647559205,0.20902778706877406,-0.6292927408790588,-1.4327515886306763,-10.65796546228409
2026-09-11T16:31:09.727,37.85781097600011,-1296.8062744140625,-116712.56469726562,-466850.2587890625,-888.3122979736329,-124.46572082519532,-3.3109185695648193,-2.2679792201519016,-5.073325027183024,1.5579355471255083,0.0,0.0404357947409153,331.2500305175781,14.556886106729507,0.0,0.0,-493.29171165740837,1,1789158669.0381923,38.99075947666667,-76.93790468666667,-5.663,0,1,8.543929,9.326915999999999,61.685316,1,1,1789158669.721102,0.7343861501393638,-0.6775729672822995,-0.03507291401443285,-0.018486405661453438,178.82898827119146,4.3912006411979485,-85.43654769973573,0.03214303070227877,-0.010754369784938659,0.20980794924441556,0.23535960388183594,-0.6794047232055663,-8.49863916316986
2026-09-11T16:31:09.760,37.891217088000076,-1296.9166259765625,-116722.49633789062,-466889.9853515625,-888.3878887939454,-124.54131164550782,-3.312687635421753,-2.269191030263901,-5.076035769201634,-0.036275101753851714,0.0,0.040250781923532486,329.7344055175781,14.490281492471695,0.0,0.0,0.0,1,1789158669.0381923,38.99075947666667,-76.93790468666667,-5.663,0,1,8.543929,9.326915999999999,61.685316,1,1,1789158669.749102,0.732621032112213,-0.6795216652662397,-0.03488196323461548,-0.017319883993010418,178.73423839728144,4.281054528320072,-85.74047095129332,-0.016693725229475362,0.0024766222085799536,0.21429396902081657,1.6513418207359316,1.1483587339401244,-12.56820284729004
2026-09-11T16:31:09.794,37.92462393599999,-1297.019775390625,-116731.77978515625,-466927.119140625,-888.4585461425781,-124.61196899414064,-3.106458902359009,-2.127924348115921,-4.760031201046704,4.2286743768327595,0.0,0.040578845888376236,332.4219055175781,14.608384519815445,-0.03051757998764515,-10.986328795552254,-328.8645727840229,1,1789158669.0381923,38.99075947666667,-76.93790468666667,-5.663,0,1,8.543929,9.326915999999999,61.685316,1,1,1789158669.789102,0.7305140037042286,-0.6817814681413152,-0.03497250431087171,-0.017327551278725987,178.71452490059787,4.285307574738514,-86.0955791046342,0.01844306873874928,-0.02517428006491581,0.19497614126096774,1.290653227787018,-0.2742920050239563,-9.543439671401977
2026-09-11T16:31:09.827,37.958041568,-1297.125244140625,-116741.27197265625,-466965.087890625,-888.5307922363282,-124.68421508789064,-3.1088430881500244,-2.129557515382767,-4.763684492176907,-0.04887142412859264,0.0,0.039999011904001236,327.6719055175781,14.399644285440445,-0.0610351637005806,-21.972658932209015,-328.7584870362321,1,1789158669.0381923,38.99075947666667,-76.93790468666667,-5.663,0,1,8.543929,9.326915999999999,61.685316,1,1,1789158669.8211021,0.7287395702492196,-0.6835988410886816,-0.03672799108006712,-0.01680231788821359,178.52154701987286,4.387549867853848,-86.39534466911013,-0.007558322858686644,0.0013540264336972007,0.20793416375947443,-0.9699757674980163,-0.2913555763053894,-9.536575016288758
2026-09-11T16:31:09.860,37.99146249599994,-1297.22802734375,-116750.5224609375,-467002.08984375,-888.6011987304688,-124.75462158203126,-3.084003210067749,-2.112542198896408,-4.725622313207779,0.5091216044745539,0.0,0.04013824835419655,328.8125305175781,14.449769407510757,0.1068115308880806,38.452151119709015,1807.9931847501089,1,1789158669.0381923,38.99075947666667,-76.93790468666667,-5.663,0,1,8.543929,9.326915999999999,61.685316,1,1,1789158669.849102,0.7269292357634445,-0.6855616326734859,-0.036676615804171295,-0.015295746192715143,178.388168958954,4.260713585481431,-86.70487968277415,0.009019512508456297,0.05854724429107498,0.22310299482148235,1.8252137281036378,-2.0635153270339965,-14.257398337650299
2026-09-11T16:31:09.894,38.02486851200001,-1297.3243408203125,-116759.19067382812,-467036.7626953125,-888.6671734619141,-124.82059631347657,-2.877356767654419,-1.9709893858432772,-4.408977688446839,4.2373449456776555,0.0,0.0404357947409153,331.2500305175781,14.556886106729507,0.015258795581758022,5.493166409432888,-986.6182399662782,1,1789158669.0381923,38.99075947666667,-76.93790468666667,-5.663,0,1,8.543929,9.326915999999999,61.685316,1,1,1789158669.889102,0.7248352271346558,-0.6877732126345316,-0.035952363975047544,-0.01700967406016578,178.57509445693557,4.330909860420985,-87.04808070687731,0.040227046731666105,0.05834496063076884,0.16882133522228152,-1.024206542892456,-2.0567487384223937,-5.351390926761627
2026-09-11T16:31:09.927,38.05837331199996,-1297.4219970703125,-116767.97973632812,-467071.9189453125,-888.7340679931641,-124.88749084472657,-2.904374599456787,-1.9894966006278993,-4.4503771488634065,-0.5523750264037375,0.0,0.04055405035614967,332.2187805175781,14.599458128213882,0.045776382088661194,16.47949755191803,327.90320021318837,1,1789158669.0381923,38.99075947666667,-76.93790468666667,-5.663,0,1,8.543929,9.326915999999999,61.685316,1,1,1789158669.921102,0.7232006967583028,-0.6895790920779182,-0.03537245266102559,-0.014498881682499699,178.40217511930786,4.080559977908476,-87.33036838711824,0.006649180851322797,0.06008994081691277,0.19533306109300058,2.6915332033920287,-0.8647504112625122,-9.707995261116029
2026-09-11T16:31:09.961,38.091792864000126,-1297.514892578125,-116776.34033203125,-467105.361328125,-888.7977014160157,-124.95112426757814,-2.8008580207824707,-1.9185877442359927,-4.291758554572277,2.121777586711787,0.0,0.04052925482392311,332.0156555175781,14.59053173661232,0.0457763746380806,16.479494869709015,-8.025867656391835e-05,1,1789158669.0381923,38.99075947666667,-76.93790468666667,-5.663,0,1,8.543929,9.326915999999999,61.685316,1,1,1789158669.9491022,0.7219180260922813,-0.6909765177763799,-0.034883903979644346,-0.012997258472126396,178.3089000517077,3.9179724302919716,-87.54876418717313,-0.019912985034778903,0.12747640510471303,0.17050487981875523,-0.6976450925064086,-0.09443804105758667,-9.254633824138642
2026-09-11T16:31:09.994,38.12521308800001,-1297.6075439453125,-116784.67895507812,-467138.7158203125,-888.8611676025391,-125.01459045410157,-2.7488036155700684,-1.882930476665497,-4.21199551866834,1.0669368215670942,0.0,0.0404510535299778,331.3750305175781,14.562379270792007,0.015258791856467724,5.493165068328381,-328.73297921100306,1,1789158669.0381923,38.99075947666667,-76.93790468666667,-5.663,0,1,8.543929,9.326915999999999,61.685316,1,1,1789158669.9891021,0.7201473974607937,-0.6929112978710192,-0.03432109048348405,-0.00914997055567879,178.02572347267764,3.5610892176461846,-87.85294952700964,-0.010511943551836647,0.10688256712873115,0.1762445695968638,0.7520720009040832,-0.054917240905761715,-8.751748803844452
2026-09-11T16:31:10.027,38.15861900799996,-1297.6993408203125,-116792.94067382812,-467171.7626953125,-888.9240484619141,-125.07747131347658,-2.748962640762329,-1.8830394089221956,-4.212239193186725,-0.0032608668373349525,0.0,0.0404357947409153,331.2500305175781,14.556886106729507,0.0457763746380806,16.479494869709015,328.8737385887602,1,1789158669.0381923,38.99075947666667,-76.93790468666667,-5.663,0,1,8.543929,9.326915999999999,61.685316,1,1,1789158670.021102,0.7188708679515677,-0.694203761654315,-0.035262702950965105,-0.007896473652890276,177.84072087744474,3.5352255570640834,-88.06649854259821,0.06920021044647277,0.11812754896640541,0.16329457561291627,-1.412647955799103,-0.3617673244667053,-13.056279825839995
2026-09-11T16:31:10.061,38.192027199999984,-1297.7884521484375,-116800.96069335938,-467203.8427734375,-888.9850897216797,-125.1385125732422,-2.670366048812866,-1.8292007434368136,-4.091805528446697,1.6115408306244947,0.0,0.040319446474313736,330.2969055175781,14.515000730752945,0.030517585575580597,10.986330807209015,-164.42566130175447,1,1789158670.0396035,38.990770405,-76.937895195,-5.812999999999999,0,1,8.0656,9.326915999999999,52.678564,1,1,1789158670.049102,0.7176972733189966,-0.6954775587231427,-0.03427780652269668,-0.006827969168632178,177.82547634791032,3.3651723375757254,-88.26228017729953,-0.005136678521544512,0.12212260762422043,0.1718013103871366,-1.130314497642517,-1.331546958961487,-7.640753407020569
2026-09-11T16:31:10.096,38.22545411200008,-1297.875732421875,-116808.81591796875,-467235.263671875,-889.0448767089845,-125.19829956054689,-2.593416690826416,-1.7764904332160951,-3.973895922548526,1.5768824299584732,0.0,0.040205005556344986,329.3594055175781,14.473802000284195,0.0610351599752903,21.972657591104507,328.6671165994675,1,1789158670.0396035,38.990770405,-76.937895195,-5.812999999999999,0,1,8.0656,9.326915999999999,52.678564,1,1,1789158670.089102,0.7163204065523401,-0.6969963229864313,-0.03274758495906483,-0.002965902802413054,177.62412995912553,2.9262199655645063,-88.49399544146124,-0.016071166285288985,0.07023449256120462,0.16722034469942712,0.7622709170722961,-0.5118090719413757,-9.234628257808685
2026-09-11T16:31:10.128,38.25891254399994,-1297.9605712890625,-116816.45141601562,-467265.8056640625,-889.1029913330079,-125.25641418457032,-2.516447067260742,-1.7237662410736085,-3.8559552636757486,1.5758118056071873,0.0,0.04055977240204811,332.2656555175781,14.60151806473732,0.0610351637005806,21.972658932209015,4.008270642963341e-05,1,1789158670.0396035,38.990770405,-76.937895195,-5.812999999999999,0,1,8.0656,9.326915999999999,52.678564,1,1,1789158670.121102,0.7153104578180384,-0.6980270857272491,-0.03282905909918205,-0.003374819392814414,177.64689314304786,2.9622146123102326,-88.65960702870433,0.03703885378704806,0.015973078781326904,0.16166182009767557,-0.351470341796875,-0.8787739209938049,-11.198606085700987
2026-09-11T16:31:10.162,38.292325983999945,-1298.0421142578125,-116823.79028320312,-467295.1611328125,-889.1588482666016,-125.31227111816408,-2.465667963027954,-1.6889825546741486,-3.7781463731973575,1.0410088395404928,0.0,0.040548328310251236,332.1719055175781,14.597398191690445,0.0457763746380806,16.479494869709015,-164.3998361886522,1,1789158670.0396035,38.990770405,-76.937895195,-5.812999999999999,0,1,8.0656,9.326915999999999,52.678564,1,1,1789158670.149102,0.7145242454364535,-0.6988523060249711,-0.03244638995792092,-0.0027908467792748894,177.62644098881927,2.881372584043288,-88.78913038486792,0.015388568014834004,-0.03858818256404343,0.15835843542242592,0.4707192077636719,-0.7623689835739136,-8.71252220319748
2026-09-11T16:31:10.195,38.32572796799991,-1298.1209716796875,-116830.88745117188,-467323.5498046875,-889.212865600586,-125.36628845214845,-2.3889307975769043,-1.6364175963401795,-3.6605619102097746,1.5737076676051154,0.0,0.04003334417939186,327.9531555175781,14.41200390458107,0.0610351599752903,21.972657591104507,164.45618084845387,1,1789158670.0396035,38.990770405,-76.937895195,-5.812999999999999,0,1,8.0656,9.326915999999999,52.678564,1,1,1789158670.1891022,0.7133994186287177,-0.6999487940140868,-0.03362205251369406,-0.0015851950037086826,177.42872122601077,2.8769421574135565,-88.97406117638057,0.007454126702342583,-0.03424615245093193,0.1454995476254325,0.7873759414863587,-0.9440862110710143,-9.331517961406707
2026-09-11T16:31:10.228,38.35912982400009,-1298.197265625,-116837.75390625,-467351.015625,-889.2651269531251,-125.41854980468752,-2.285456657409668,-1.5655378103256228,-3.502008344500763,2.122031362992818,0.0,0.039762500673532486,325.7344055175781,14.314500242471695,0.0,0.0,-657.8274450073847,1,1789158670.0396035,38.990770405,-76.937895195,-5.812999999999999,0,1,8.0656,9.326915999999999,52.678564,1,1,1789158670.221102,0.712772045291457,-0.7006526030107985,-0.032275519865478886,-0.00048183258348121746,177.44435682219688,2.675847343432509,-89.0771541189742,-0.0037168531750471244,0.003900636345282127,0.13341523695047414,0.2662505518913269,-0.5211253895950317,-11.214492858963013
2026-09-11T16:31:10.261,38.39253164799993,-1298.271728515625,-116844.45556640625,-467377.822265625,-889.3161340332032,-125.46955688476564,-2.208104372024536,-1.5125514948368073,-3.3834813324015873,1.5863300006931218,0.0,0.040250781923532486,329.7344055175781,14.490281492471695,0.0,0.0,0.0,1,1789158670.0396035,38.990770405,-76.937895195,-5.812999999999999,0,1,8.0656,9.326915999999999,52.678564,1,1,1789158670.249102,0.7123583694139687,-0.7010566351832519,-0.03263659527033894,2.098972816438836e-05,177.37266224083172,2.663406529056296,-89.14482779575007,0.01644204875133778,0.018035185292558202,0.13242738059384535,-0.6714613365745544,-0.07953193281173705,-8.544534285926819
2026-09-11T16:31:10.296,38.42593635200001,-1298.34619140625,-116851.1572265625,-467404.62890625,-889.3671411132813,-125.52056396484376,-2.2088258266448975,-1.513045691251755,-3.3845868182975867,-0.01479421625608467,0.0,0.03992844000458717,327.0937805175781,14.374238401651382,-0.0457763709127903,-16.479493528604507,-493.3285302742564,1,1789158670.0396035,38.990770405,-76.937895195,-5.812999999999999,0,1,8.0656,9.326915999999999,52.678564,1,1,1789158670.289102,0.7115527184580736,-0.701880526686161,-0.0324371422697382,0.00207048667117867,177.21857639819478,2.479102702877627,-89.27605190823124,0.005025850114042872,0.05557163244934985,0.11683356185897681,-1.0707881311607361,-0.21859023210525513,-10.001508300457001
2026-09-11T16:31:10.328,38.45934336000005,-1298.419189453125,-116857.72705078125,-467430.908203125,-889.4171447753907,-125.57056762695314,-2.209625482559204,-1.513593455553055,-3.385812132142657,-0.016396688422364667,0.0,0.03766632452607155,308.5625305175781,13.559876829385757,0.0,0.0,493.2945066072574,1,1789158670.0396035,38.990770405,-76.937895195,-5.812999999999999,0,1,8.0656,9.326915999999999,52.678564,1,1,1789158670.3211021,0.7109570867750434,-0.7025209042011352,-0.03138292862108434,0.004417206801436095,177.11035560081535,2.201700744435678,-89.37162011666352,-0.0037681658550557575,0.09025638614130796,0.11023429742426105,0.19652526924133298,-0.5150452664947509,-9.636112515430451
2026-09-11T16:31:10.362,38.49275270399994,-1298.4893798828125,-116864.04418945312,-467456.1767578125,-889.4652252197267,-125.61864807128907,-2.13261342048645,-1.4608401930332184,-3.2678064446877615,1.5789972565760804,0.0,0.037443164736032486,306.7344055175781,13.479539304971695,0.0,0.0,0.0,1,1789158670.0396035,38.990770405,-76.937895195,-5.812999999999999,0,1,8.0656,9.326915999999999,52.678564,1,1,1789158670.349102,0.7104634016146927,-0.703025259308803,-0.030879679808701606,0.006609471596293269,176.97098996674188,1.981941904689878,-89.44940148782041,-0.02759697159960914,0.09835104867913247,0.11350312458032125,-0.06158576301574707,0.06845041812896728,-9.445275103282928
2026-09-11T16:31:10.395,38.52615747200002,-1298.559326171875,-116870.33935546875,-467481.357421875,-889.5131384277345,-125.66656127929689,-2.0816922187805176,-1.4259591698646545,-3.1897798180580104,1.0441929477994902,0.0,0.037321094423532486,305.7344055175781,13.435593992471695,0.0,0.0,0.0,1,1789158670.0396035,38.990770405,-76.937895195,-5.812999999999999,0,1,8.0656,9.326915999999999,52.678564,1,1,1789158670.389102,0.709641799046046,-0.7037858511439149,-0.031711527549635674,0.00940062746816321,176.67453700531274,1.8209139249563817,-89.57810285040289,-0.002183232361319707,0.0810098062971672,0.11614555306784065,0.503473419303894,0.1457268214035034,-10.48154382587433
2026-09-11T16:31:10.428,38.55955900799995,-1298.629150390625,-116876.62353515625,-467506.494140625,-889.5609680175781,-125.71439086914063,-2.082878589630127,-1.426771833896637,-3.191597695724399,-0.024330139547603047,0.0,0.037321094423532486,305.7344055175781,13.435593992471695,0.0,0.0,0.0,1,1789158670.0396035,38.990770405,-76.937895195,-5.812999999999999,0,1,8.0656,9.326915999999999,52.678564,1,1,1789158670.421102,0.708905817060762,-0.7045376784017074,-0.030622939041604836,0.011892764783686066,176.55828922004847,1.527672585622293,-89.691764249702,0.0006263986685407649,0.06529451264635985,0.11666915184343896,0.5308339732551575,-0.17750036792755128,-8.965043444862365
2026-09-11T16:31:10.462,38.59295900799998,-1298.6978759765625,-116882.80883789062,-467531.2353515625,-889.6080450439454,-125.76146789550782,-2.032212018966675,-1.3920652329921723,-3.1139612405873542,1.039119787557931,0.0,0.037321094423532486,305.7344055175781,13.435593992471695,0.0,0.0,0.0,1,1789158670.0396035,38.990770405,-76.937895195,-5.812999999999999,0,1,8.0656,9.326915999999999,52.678564,1,1,1789158670.4491022,0.7082940029955932,-0.7051169455304971,-0.030809289455892272,0.013434512623965809,176.41676219209168,1.4152502499656177,-89.78669320539537,-0.0049387581843683545,0.04949614132315759,0.11491143075375547,-0.4913131731033325,0.15376827453613282,-9.682694103698731
2026-09-11T16:31:10.496,38.626400672000045,-1298.76611328125,-116888.9501953125,-467555.80078125,-889.6547875976563,-125.80821044921876,-1.9813480377197266,-1.3572234058380128,-3.036022292944728,1.041868824293293,0.0,0.037321094423532486,305.7344055175781,13.435593992471695,0.0,0.0,0.0,1,1789158670.0396035,38.990770405,-76.937895195,-5.812999999999999,0,1,8.0656,9.326915999999999,52.678564,1,1,1789158670.4891021,0.7074302894360752,-0.7059089498958144,-0.03153105972304139,0.01551555084814669,176.1878438033614,1.3011225660789296,-89.919954694957,-0.029684734450844755,-0.004800004508834805,0.10921066181796639,0.2568361677360535,-0.1906412791442871,-10.098986403064727
2026-09-11T16:31:10.529,38.65981926399991,-1298.833984375,-116895.05859375,-467580.234375,-889.7012792968751,-125.85470214843751,-1.9828003644943237,-1.358218249678612,-3.038247695236691,-0.029769172818628297,0.0,0.037321094423532486,305.7344055175781,13.435593992471695,0.0,0.0,0.0,1,1789158670.0396035,38.990770405,-76.937895195,-5.812999999999999,0,1,8.0656,9.326915999999999,52.678564,1,1,1789158670.521102,0.7069212499067533,-0.7063633745524198,-0.032711606240357724,0.015591033909507937,176.085035615463,1.3880222293609243,-90.00220837950104,-0.004744503038621386,-0.02463514785897476,0.10805542838607134,-0.1823056265068054,0.24918698060989378,-10.070252918090821
2026-09-11T16:31:10.562,38.693227680000064,-1298.8997802734375,-116900.98022460938,-467603.9208984375,-889.7463494873048,-125.8997723388672,-1.9326831102371216,-1.3238879305124285,-2.9614529583760447,1.027594937934875,0.0,0.037321094423532486,305.7344055175781,13.435593992471695,0.0,0.0,0.0,1,1789158670.0396035,38.990770405,-76.937895195,-5.812999999999999,0,1,8.0656,9.326915999999999,52.678564,1,1,1789158670.549102,0.7065225068712794,-0.7067102387658851,-0.03357759856446195,0.016097533426974394,175.97296190591368,1.4150101038189142,-90.06497223644135,0.002490410309670709,-0.056500322144336035,0.10657661091085655,-0.03599040609359741,-0.02971414999008179,-8.740176956653595
2026-09-11T16:31:10.595,38.72663200000011,-1298.9658203125,-116906.923828125,-467627.6953125,-889.7915869140626,-125.94500976562502,-1.9866570234298706,-1.3608600610494614,-3.0441572589689065,-1.1068068602199663,0.0,0.037321094423532486,305.7344055175781,13.435593992471695,0.0,0.0,0.0,1,1789158670.0396035,38.990770405,-76.937895195,-5.812999999999999,0,1,8.0656,9.326915999999999,52.678564,1,1,1789158670.589102,0.7059252677699008,-0.7072738651002538,-0.03412010079970286,0.01640167038932554,175.90309887796883,1.4309124165599114,-90.16053592511696,-0.0007038912873293131,-0.06369195132717867,0.09735847993352328,0.08531785640716552,-0.16730145175933836,-10.506354650783539
2026-09-11T16:31:10.629,38.76003519999995,-1299.031494140625,-116912.83447265625,-467651.337890625,-889.8365734863282,-125.98999633789063,-1.9621813297271729,-1.3440942108631135,-3.0066531202199176,0.5019234739913792,0.0,0.037321094423532486,305.7344055175781,13.435593992471695,0.0,0.0,0.0,1,1789158670.0396035,38.990770405,-76.937895195,-5.812999999999999,0,1,8.0656,9.326915999999999,52.678564,1,1,1789158670.621102,0.7055607832868236,-0.7075720260153342,-0.03538773978317242,0.01653834820281278,175.7882785515215,1.520364802880297,-90.21900069329288,-0.008834856673595296,-0.053326266366659145,0.08941915169912627,-0.2640930888557434,-0.025889556427001952,-10.055641009349824
2026-09-11T16:31:10.662,38.79343955200011,-1299.0950927734375,-116918.55834960938,-467674.2333984375,-889.8801385498048,-126.0335614013672,-1.9369865655899048,-1.326835797429085,-2.9680471488660602,0.5166516456881172,0.0,0.037321094423532486,305.7344055175781,13.435593992471695,0.0,0.0,0.0,1,1789158670.0396035,38.990770405,-76.937895195,-5.812999999999999,0,1,8.0656,9.326915999999999,52.678564,1,1,1789158670.649102,0.7051159590115854,-0.7079560045451888,-0.036757600562673264,0.016082872145854528,175.71270008427993,1.6655254818763952,-90.29265717321542,-0.010617535971582305,-0.07397979460305926,0.10152876964823854,0.6659696124839782,-0.22172836015701294,-8.846284911403657
2026-09-11T16:31:10.696,38.82686031999992,-1299.15771484375,-116924.1943359375,-467696.77734375,-889.9230346679689,-126.07645751953126,-1.9122830629348755,-1.3099138981103897,-2.93019393814958,0.5063288587141151,0.0,0.037199024111032486,304.7344055175781,13.391648679971695,0.0,0.0,0.0,1,1789158670.0396035,38.990770405,-76.937895195,-5.812999999999999,0,1,8.0656,9.326915999999999,52.678564,1,1,1789158670.6891022,0.7048437209383076,-0.7082263257164023,-0.03664594531766436,0.016366896708312463,175.69821034303743,1.6317978199836423,-90.33559950417707,-0.009052848297169387,-0.05719566131833058,0.08827247038056601,-0.04236472869873047,-0.09433997455596924,-10.312281044082642
2026-09-11T16:31:10.729,38.860278207999954,-1299.216796875,-116929.51171875,-467718.046875,-889.9635058593751,-126.11692871093751,-1.8614741563796997,-1.2751097971200944,-2.852339381532062,1.0414811669206367,0.0,0.037199024111032486,304.7344055175781,13.391648679971695,0.0,0.0,0.0,1,1789158670.0396035,38.990770405,-76.937895195,-5.812999999999999,0,1,8.0656,9.326915999999999,52.678564,1,1,1789158670.721102,0.7046362448396994,-0.7084280741329858,-0.036632836687094876,0.016597033309981767,175.68022053721336,1.6107988524718064,-90.36825062735326,-0.0038100537571036214,-0.04097404765151968,0.08548430690050507,0.027752819957733155,-0.06501809057235718,-9.706818463096619
2026-09-11T16:31:10.763,38.893681600000036,-1299.2767333984375,-116934.90600585938,-467739.6240234375,-890.0045623779298,-126.1579852294922,-1.7578614950180054,-1.2041351240873337,-2.6935735596083847,2.124774425081933,0.0,0.037199024111032486,304.7344055175781,13.391648679971695,0.0,0.0,0.0,1,1789158670.0396035,38.990770405,-76.937895195,-5.812999999999999,0,1,8.0656,9.326915999999999,52.678564,1,1,1789158670.749102,0.7043257658247823,-0.7087290088215565,-0.0368255658094123,0.016501071267185686,175.67156654462963,1.6322804027860904,-90.41876862408019,0.011447440030905608,-0.018741520040840308,0.09127094603549227,-0.6456698466491699,-0.08855405096054077,-9.32877209936142
2026-09-11T16:31:10.795,38.927088480000066,-1299.335693359375,-116940.21240234375,-467760.849609375,-890.0449499511719,-126.19837280273438,-1.732539176940918,-1.186789336204529,-2.6547721371790614,0.519228011798449,0.0,0.03627396002411842,297.1562805175781,13.058625608682632,-0.1220703199505806,-43.945315182209015,-1315.4570310717472,1,1789158670.0396035,38.990770405,-76.937895195,-5.812999999999999,0,1,8.0656,9.326915999999999,52.678564,1,1,1789158670.789102,0.7037930962831136,-0.7092105602709751,-0.03671785151092566,0.018640230813466042,175.50661060642767,1.4465193649658274,-90.49609586529918,-0.005791176991042385,0.00296409266866197,0.08591313429772007,0.1843650230407715,0.15298374252319336,-10.01827767223358
2026-09-11T16:31:10.829,38.96049334400004,-1299.3939208984375,-116945.45288085938,-467781.8115234375,-890.0848358154298,-126.2382586669922,-1.7325074672698975,-1.1867676150798798,-2.6547235484070297,0.0006502383799308314,0.0,0.03451156988739967,282.7187805175781,12.424165159463882,-0.0915527418255806,-32.958987057209015,328.88408481494633,1,1789158670.0396035,38.990770405,-76.937895195,-5.812999999999999,0,1,8.0656,9.326915999999999,52.678564,1,1,1789158670.8211021,0.7035120609632844,-0.7094142148899848,-0.03827770283492602,0.018359445985636356,175.40150842053794,1.5935292853118366,-90.54266128082702,-0.008783020394811063,0.030288094773259194,0.07922311274190061,-0.4471832473754883,0.03530394058227539,-9.438214315166473
2026-09-11T16:31:10.863,38.993911616000105,-1299.451904296875,-116950.67138671875,-467802.685546875,-890.1245544433594,-126.27797729492188,-1.6806648969650269,-1.1512554544210434,-2.575285107420012,1.0626569997027338,0.0,0.02605629339814186,213.45315551757812,9.38026562333107,-0.3204346001148224,-115.35645604133606,-2465.641221185003,1,1789158670.0396035,38.990770405,-76.937895195,-5.812999999999999,0,1,8.0656,9.326915999999999,52.678564,1,1,1789158670.861102,0.7033166350228922,-0.7096189973229342,-0.03725020787688197,0.019975273504971167,175.3546293604282,1.37796538670703,-90.56702321965413,0.01075157725813547,0.05872177721627442,0.07770956321457112,0.4301196760940552,0.024810824909210206,-9.36770450050354
2026-09-11T16:31:10.896,39.027333120000094,-1299.5087890625,-116955.791015625,-467823.1640625,-890.1635205078126,-126.316943359375,-1.7064383029937744,-1.1689102375507356,-2.61477773253117,-0.5282462192514757,0.0,0.017080310732126236,139.92190551757812,6.148911863565445,-0.2288818657398224,-82.39747166633606,986.1610170209829,1,1789158670.0396035,38.990770405,-76.937895195,-5.812999999999999,0,1,8.0656,9.326915999999999,52.678564,1,1,1789158670.889102,0.7032761284914888,-0.7096411517426571,-0.03616748641021683,0.02245074106003944,175.2432854705889,1.089116270871691,-90.56145450774555,-0.011236953323115093,0.09837024730090439,0.059387271260059854,0.16749758476257326,0.02971414999008179,-10.268347251358032
2026-09-11T16:31:10.928,39.06074310400004,-1299.5635986328125,-116960.72387695312,-467842.8955078125,-890.2010650634767,-126.35448791503907,-1.655045747756958,-1.1337063372135163,-2.5360288502449784,1.053694019646251,0.0,0.013029102236032486,106.73440551757812,4.690476804971695,0.0,0.0,2466.25295200593,1,1789158670.0396035,38.990770405,-76.937895195,-5.812999999999999,0,1,8.0656,9.326915999999999,52.678564,1,1,1789158670.921102,0.7033349568390017,-0.7095614732319133,-0.03566648635660309,0.023882126040420386,175.1687945853719,0.9327763986132966,-90.54434239051666,-0.007063696548671451,0.10798770961109395,0.06200474153927575,-0.0036284605598449707,-0.03147934701919556,-8.788229542446137
2026-09-11T16:31:10.962,39.09414595199996,-1299.6190185546875,-116965.71166992188,-467862.8466796875,-890.239027709961,-126.39245056152345,-1.6295474767684937,-1.1162400215864183,-2.4969578149302456,0.5228989943353959,0.0,0.011466983705759048,93.93753051757812,4.1281141340732574,-0.1525879055261612,-54.93164598941803,-1644.5198322473618,1,1789158670.0396035,38.990770405,-76.937895195,-5.812999999999999,0,1,8.0656,9.326915999999999,52.678564,1,1,1789158670.9491022,0.70355942477472,-0.7093422443690968,-0.034450773572081726,0.02551196512153992,175.13665227923747,0.7037762381887367,-90.4988925591946,-0.001229933523880404,0.10204591070560445,0.04895439112333855,0.16279039268493653,0.008531785640716553,-10.540874059352875
2026-09-11T16:31:10.997,39.12756499200009,-1299.6749267578125,-116970.74340820312,-467882.9736328125,-890.2773248291016,-126.43074768066407,-1.6555804014205933,-1.1340725749731064,-2.536848100780926,-0.5336045974576399,0.0,0.009000781923532486,73.73440551757812,3.240281492471695,0.0,0.0,1643.7230389984456,1,1789158670.0396035,38.990770405,-76.937895195,-5.812999999999999,0,1,8.0656,9.326915999999999,52.678564,1,1,1789158670.9891021,0.7036617808046884,-0.7091929641397305,-0.03296801276700674,0.028610277588170543,175.00741863266418,0.33324822796391196,-90.46314042145474,-0.01580849423286384,0.06592370384170382,0.03958441650108179,0.1025775606918335,0.150630146484375,-10.531067409191133
2026-09-11T16:31:11.030,39.1609853760001,-1299.728271484375,-116975.54443359375,-467902.177734375,-890.3138659667969,-126.46728881835938,-1.630178451538086,-1.116672239303589,-2.497924658427854,0.5206503812018486,0.0,0.009000781923532486,73.73440551757812,3.240281492471695,0.0,0.0,0.0,1,1789158670.0396035,38.990770405,-76.937895195,-5.812999999999999,0,1,8.0656,9.326915999999999,52.678564,1,1,1789158671.021102,0.7036825078274485,-0.70923853452397,-0.03174217566306055,0.028356015378392684,175.12779030374472,0.2549939876213245,-90.46145424762949,0.007996924099712819,0.03161925739375527,0.05114722279554423,0.20584158689498902,-0.3147934701919555,-8.805783446235656
2026-09-11T16:31:11.063,39.19440368000005,-1299.779541015625,-116980.15869140625,-467920.634765625,-890.3489855957032,-126.50240844726564,-1.6052048206329346,-1.0995653021335603,-2.4596575298263224,0.5119032123848515,0.0,0.008878711611032486,72.73440551757812,3.196336179971695,0.0,0.0,0.0,1,1789158671.0406506,38.99077513333334,-76.9378889,-5.707000000000001,0,1,8.874441000000001,9.529569,72.48819599999999,1,1,1789158671.049102,0.7039674242534542,-0.7089580824576494,-0.03168832872352135,0.028357586826810915,175.13214913906424,0.25247017407964334,-90.41548376411293,4.4505895925855404e-05,0.01614673904190034,0.04226384596874348,0.2621317588233948,0.1215043955039978,-9.988563522243501
2026-09-11T16:31:11.096,39.2278245760001,-1299.8316650390625,-116984.84985351562,-467939.3994140625,-890.3846905517579,-126.53811340332032,-1.5274935960769653,-1.0463331133127214,-2.340580514747495,1.592781618444804,0.0,0.008756641298532486,71.73440551757812,3.152390867471695,0.0,0.0,0.0,1,1789158671.0406506,38.99077513333334,-76.9378889,-5.707000000000001,0,1,8.874441000000001,9.529569,72.48819599999999,1,1,1789158671.089102,0.7040231510817105,-0.7088907014738602,-0.03162824773730244,0.028723336330328426,175.10750879475572,0.21833326913147824,-90.40409882844847,0.006873979258979666,-0.009995500626171525,0.044343929371270324,0.1543566735458374,-0.3106746771240234,-10.435158370609283
2026-09-11T16:31:11.129,39.26123078399996,-1299.8819580078125,-116989.37622070312,-467957.5048828125,-890.4191412353516,-126.57256408691407,-1.502694845199585,-1.0293459689617157,-2.3025813550503638,0.5085026217605042,0.0,0.008634570986032486,70.73440551757812,3.108445554971695,0.0,0.0,0.0,1,1789158671.0406506,38.99077513333334,-76.9378889,-5.707000000000001,0,1,8.874441000000001,9.529569,72.48819599999999,1,1,1789158671.121102,0.7039518551247409,-0.7089716748070286,-0.03018203651432268,0.029999910993214154,175.1220542658364,-0.0025653091189081563,-90.40700869226785,-0.002780658564277366,-0.03327836738070108,0.046738695637931746,0.7927695990753173,0.09306511003494262,-9.548048796977996
2026-09-11T16:31:11.162,39.29463676799992,-1299.9320068359375,-116993.88061523438,-467975.5224609375,-890.4534246826173,-126.60684753417969,-1.4780770540237427,-1.0124827820062638,-2.2648594801500153,0.5047953970005602,0.0,0.008634570986032486,70.73440551757812,3.108445554971695,0.0,0.0,0.0,1,1789158671.0406506,38.99077513333334,-76.9378889,-5.707000000000001,0,1,8.874441000000001,9.529569,72.48819599999999,1,1,1789158671.149102,0.704113157131744,-0.7088187680050084,-0.031197712021383092,0.02876315077423108,175.13935748374846,0.1809241474619897,-90.38931178031028,0.010393610228551432,-0.05359522160439147,0.04129012677905585,-0.20388025686264039,-0.09179024551391601,-9.855095013542174
2026-09-11T16:31:11.197,39.32804192000003,-1299.9818115234375,-116998.36303710938,-467993.4521484375,-890.4875408935548,-126.64096374511719,-1.5045499801635742,-1.0306167364120484,-2.3054239808787744,-0.5428490313626688,0.0,0.008634570986032486,70.73440551757812,3.108445554971695,0.0,0.0,0.0,1,1789158671.0406506,38.99077513333334,-76.9378889,-5.707000000000001,0,1,8.874441000000001,9.529569,72.48819599999999,1,1,1789158671.1891022,0.7044089170741985,-0.708599542251236,-0.03199161707996792,0.025909509920147768,175.30548353903853,0.47850707942361137,-90.35946281332016,0.02302647788741159,-0.06838269822483863,0.039266941110144025,0.10904994979858398,-0.11983726497650146,-10.057798472385405
2026-09-11T16:31:11.230,39.3614602560001,-1300.0281982421875,-117002.53784179688,-468010.1513671875,-890.5193157958985,-126.67273864746095,-1.4009373188018799,-0.9596420633792878,-2.1466581589550975,2.1238242691861235,0.0,0.008634570986032486,70.73440551757812,3.108445554971695,0.0,0.0,0.0,1,1789158671.0406506,38.99077513333334,-76.9378889,-5.707000000000001,0,1,8.874441000000001,9.529569,72.48819599999999,1,1,1789158671.221102,0.7046090625061653,-0.7083723845362184,-0.033022931336406214,0.025379516674000215,175.26455981456476,0.6062130272524546,-90.33026736272717,0.00820234935267255,-0.07442450449646741,0.04127302255238631,0.24281265800476076,0.06982334915161133,-9.559326444664002
2026-09-11T16:31:11.263,39.39488092800002,-1300.075439453125,-117006.78955078125,-468027.158203125,-890.5516760253907,-126.70509887695313,-1.3756150007247925,-0.9422962754964829,-2.1078567365257737,0.5190137374510716,0.0,0.008634570986032486,70.73440551757812,3.108445554971695,0.0,0.0,0.0,1,1789158671.0406506,38.99077513333334,-76.9378889,-5.707000000000001,0,1,8.874441000000001,9.529569,72.48819599999999,1,1,1789158671.249102,0.7048769402548531,-0.70809817161632,-0.03374630954646633,0.024630571300213632,175.26650707697277,0.7272327907726218,-90.29129744591121,0.0005831145030913055,-0.07413041651750635,0.03378608366010623,0.128369050617218,-0.005393657588958741,-9.939628337936401
2026-09-11T16:31:11.296,39.42835945599995,-1300.1221923828125,-117010.99731445312,-468043.9892578125,-890.5837017822266,-126.73712463378907,-1.3765896558761597,-0.9429639142751695,-2.1093502019398005,-0.019942297901745707,0.0,0.006792072206735611,55.640655517578125,2.44514599442482,-0.1373291164636612,-49.43848192691803,-1476.7220926504876,1,1789158671.0406506,38.99077513333334,-76.9378889,-5.707000000000001,0,1,8.874441000000001,9.529569,72.48819599999999,1,1,1789158671.289103,0.7051238583120375,-0.7078963932234094,-0.033902010537128796,0.023101830706119673,175.37770895342567,0.8653611844750942,-90.25976945855106,0.005350655887839016,-0.05627552373667916,0.027694535504795625,0.7023522845840454,-0.017750036792755126,-9.512548723392486
2026-09-11T16:31:11.329,39.461765216,-1300.1673583984375,-117015.06225585938,-468060.2490234375,-890.6146405029298,-126.7680633544922,-1.3771299123764038,-0.9433339899778367,-2.1101780377099044,-0.011078200366244238,0.0,0.0034523047506809235,28.281280517578125,1.2428297102451324,-0.1373291164636612,-49.43848192691803,0.0,1,1789158671.0406506,38.99077513333334,-76.9378889,-5.707000000000001,0,1,8.874441000000001,9.529569,72.48819599999999,1,1,1789158671.321103,0.7055053147224458,-0.7075650316605858,-0.03355251455637515,0.02209537590721383,175.4879850917794,0.9210764311017208,-90.20331731026354,0.0030555479214664726,-0.03376705957125949,0.020346350288049094,-0.1019891616821289,-0.12640772058486938,-9.663375002880096
2026-09-11T16:31:11.362,39.4951728640001,-1300.209716796875,-117018.87451171875,-468075.498046875,-890.6436560058595,-126.79707885742188,-1.2731529474258423,-0.872109768986702,-1.9508539929015325,2.131973522677687,0.0,-0.0020751953125,-17.0,-0.7470703125,-0.2441406548023224,-87.89063572883606,-1150.998531887395,1,1789158671.0406506,38.99077513333334,-76.9378889,-5.707000000000001,0,1,8.874441000000001,9.529569,72.48819599999999,1,1,1789158671.3491032,0.7059677086360556,-0.7071778601365021,-0.032390323079414515,0.021446106097062993,175.63551533321018,0.8824254981403763,-90.13175694732755,0.007060031357242262,-0.026025302608188243,0.01096660182198117,0.23486927137374877,-0.26605441888809206,-9.598258845806122
2026-09-11T16:31:11.398,39.52859257599994,-1300.2525634765625,-117022.73071289062,-468090.9228515625,-890.6730059814454,-126.82642883300782,-1.248354196548462,-0.8551226246356964,-1.912854833204401,0.5082971496309281,0.0,-0.01296234130859375,-106.1875,-4.66644287109375,-0.4730224907398224,-170.28809666633606,-2465.534740032849,1,1789158671.0406506,38.99077513333334,-76.9378889,-5.707000000000001,0,1,8.874441000000001,9.529569,72.48819599999999,1,1,1789158671.3891032,0.7066957212376815,-0.70647780631944,-0.031482411522239385,0.021888913339159877,175.67419711288935,0.7774650238480251,-90.01169320367427,0.001193630675438922,0.009525308925684253,-0.0003324852225049198,0.5847705491447449,-0.13925443229675294,-10.116638373355865
2026-09-11T16:31:11.430,39.56201289599994,-1300.294677734375,-117026.52099609375,-468106.083984375,-890.701854248047,-126.85527709960938,-1.2749273777008057,-0.873325253725052,-1.9535729548251857,-0.5446575343788742,0.0,-0.025053024291992188,-205.234375,-9.019088745117188,-0.2441406548023224,-87.89063572883606,2465.4898857188787,1,1789158671.0406506,38.99077513333334,-76.9378889,-5.707000000000001,0,1,8.874441000000001,9.529569,72.48819599999999,1,1,1789158671.4211032,0.7073792670767688,-0.7058728430822936,-0.029145824238564804,0.02255266809731913,175.8104501599456,0.5383402537281544,-89.89754480202163,0.003348414169951121,0.02324743657071407,-0.019453614375654,0.31312633966445924,-0.30282935699462893,-9.433212923583984
2026-09-11T16:31:11.463,39.595420672000046,-1300.3326416015625,-117029.93774414062,-468119.7509765625,-890.7278594970704,-126.88128234863282,-1.1713848114013672,-0.8023985958099366,-1.7949145396607364,2.123058353686737,0.0,-0.0378570556640625,-310.125,-13.6285400390625,-0.4272461235523224,-153.80860447883606,-1973.132505132799,1,1789158671.0406506,38.99077513333334,-76.9378889,-5.707000000000001,0,1,8.874441000000001,9.529569,72.48819599999999,1,1,1789158671.4611032,0.7086626219778177,-0.7045874626515691,-0.02908437633261969,0.022536520119374605,175.81771614529242,0.5422623268892475,-89.6893719387552,-0.004779409623661271,0.04537821148600217,-0.027035499179242566,0.14356935836791992,-0.23594800289154055,-9.33141989490509
2026-09-11T16:31:11.496,39.62883119999992,-1300.371337890625,-117033.42041015625,-468133.681640625,-890.7543664550782,-126.90778930664064,-1.1208126544952393,-0.767756668329239,-1.7174227548524474,1.0368566303658986,0.0,-0.05542564392089844,-454.046875,-19.953231811523438,-0.6256104111671448,-225.21974802017212,-2137.3844658066973,1,1789158671.0406506,38.99077513333334,-76.9378889,-5.707000000000001,0,1,8.874441000000001,9.529569,72.48819599999999,1,1,1789158671.489103,0.7096527875849549,-0.7035816188297944,-0.028794469246245843,0.02316690006400328,175.79059300636172,0.47375787957626375,-89.52513564046802,-0.006496813607623692,0.0458927345494901,-0.04317700223338693,0.15837740011215212,-0.07001948215484619,-9.595218784255982
