timestamp,time_s,drive_pos_turns,drive_encoder_count,drive_wheel_angle_deg,drive_distance_m,drive_distance_since_start_m,drive_velocity_turns_s,drive_velocity_mps,drive_velocity_mph,drive_acceleration_mps2,drive_iq_A,steer_pos_turns,steer_encoder_count,steer_angle_deg,steer_velocity_turns_s,steer_velocity_deg_s,steer_acceleration_deg_s2,gps_received,gps_ros_stamp_s,gps_latitude_deg,gps_longitude_deg,gps_altitude_m,gps_status,gps_service,gps_cov_x_m2,gps_cov_y_m2,gps_cov_z_m2,gps_covariance_type,imu_received,imu_ros_stamp_s,imu_qx,imu_qy,imu_qz,imu_qw,imu_roll_deg,imu_pitch_deg,imu_yaw_deg,imu_gyro_x_rad_s,imu_gyro_y_rad_s,imu_gyro_z_rad_s,imu_accel_x_mps2,imu_accel_y_mps2,imu_accel_z_mps2
2026-09-11T17:39:59.764,8.384000011574244e-06,-231.26101684570312,-20813.49151611328,-83253.96606445312,-158.41379653930665,0.0,0.0,0.0,0.0,0.0,0.0,-0.3795490264892578,-3109.265625,-136.6376495361328,0.0,0.0,0.0,1,1789162799.069151,38.991384366666665,-76.93669365166667,-10.235000000000003,0,1,17.098225,6.9484960000000004,72.62448400000001,1,1,1789162799.7615492,-0.909114574216159,0.41486480391677755,-0.009468488104067092,-0.03616950582865009,176.67653690182064,-2.706902670259217,-48.979621279178424,0.0006660176425610361,-0.006444628262989062,0.002018473279931442,0.4258047500228882,0.6157595636558533,-9.683086369705201
2026-09-11T17:39:59.797,0.033428064000020186,-231.26101684570312,-20813.49151611328,-83253.96606445312,-158.41379653930665,0.0,0.0,0.0,0.0,0.0,0.0,-0.3795490264892578,-3109.265625,-136.6376495361328,0.0,0.0,0.0,1,1789162799.069151,38.991384366666665,-76.93669365166667,-10.235000000000003,0,1,17.098225,6.9484960000000004,72.62448400000001,1,1,1789162799.7895494,-0.90905207144797,0.41500131065422724,-0.009278635574675672,-0.0362236176175301,176.66228459466438,-2.690178531764409,-48.996988088621876,-0.00022235494670407756,-0.011716569801563133,-0.0012032299863248908,0.4347288016700745,0.630469538898468,-9.673181653041839
2026-09-11T17:39:59.831,0.06684912000002896,-231.26101684570312,-20813.49151611328,-83253.96606445312,-158.41379653930665,0.0,0.0,0.0,0.0,0.0,0.0,-0.3795490264892578,-3109.265625,-136.6376495361328,0.0,0.0,0.0,1,1789162799.069151,38.991384366666665,-76.93669365166667,-10.235000000000003,0,1,17.098225,6.9484960000000004,72.62448400000001,1,1,1789162799.8215492,-0.9089623570895479,0.4151812995613831,-0.009084031348855999,-0.036460969037968326,176.62879618531923,-2.6818435388871,-49.019494702211766,-0.0015868533559132445,-0.013555274168539161,-0.004114439178651432,0.41864589540481567,0.6672444770050049,-9.688578093795776
2026-09-11T17:39:59.865,0.10026323200003162,-231.26101684570312,-20813.49151611328,-83253.96606445312,-158.41379653930665,0.0,0.0,0.0,0.0,0.0,0.0,-0.3795490264892578,-3109.265625,-136.6376495361328,0.0,0.0,0.0,1,1789162799.069151,38.991384366666665,-76.93669365166667,-10.235000000000003,0,1,17.098225,6.9484960000000004,72.62448400000001,1,1,1789162799.8615491,-0.9088328729674593,0.41547237618838,-0.008949836691975969,-0.0364062365712558,176.62899444283116,-2.6663265700717984,-49.05648640281101,-0.0005792747787369179,-0.009426174224170976,7.62708883121522e-05,0.4317868066215515,0.6129156351089478,-9.697306012439729
2026-09-11T17:39:59.898,0.13368688000002749,-231.26101684570312,-20813.49151611328,-83253.96606445312,-158.41379653930665,0.0,0.0,0.0,0.0,0.0,0.0,-0.3795490264892578,-3109.265625,-136.6376495361328,0.0,0.0,0.0,1,1789162799.069151,38.991384366666665,-76.93669365166667,-10.235000000000003,0,1,17.098225,6.9484960000000004,72.62448400000001,1,1,1789162799.8895493,-0.9087696303110683,0.41562517259078463,-0.008759476003813734,-0.036287001988363536,176.6328441057426,-2.641369931584278,-49.07626039728587,2.8623399732707005e-05,-0.012007516187870588,-0.003374419575805837,0.39050080944061283,0.6265468788337708,-9.680732773666382
2026-09-11T17:39:59.931,0.1671089600000073,-231.26101684570312,-20813.49151611328,-83253.96606445312,-158.41379653930665,0.0,0.0,0.0,0.0,0.0,0.0,-0.3795490264892578,-3109.265625,-136.6376495361328,0.0,0.0,0.0,1,1789162799.069151,38.991384366666665,-76.93669365166667,-10.235000000000003,0,1,17.098225,6.9484960000000004,72.62448400000001,1,1,1789162799.9215493,-0.9087010153139384,0.41579800578567755,-0.008489186090918132,-0.03608901317000441,176.64116315060951,-2.6044022956803623,-49.09883259952214,0.00024172810140121463,-0.011867540781860643,-0.0005496041814530144,0.40491658517837525,0.6133079011154174,-9.669553192481995
2026-09-11T17:39:59.965,0.20052681600003552,-231.26101684570312,-20813.49151611328,-83253.96606445312,-158.41379653930665,0.0,0.0,0.0,0.0,0.0,0.0,-0.3795490264892578,-3109.265625,-136.6376495361328,0.0,0.0,0.0,1,1789162799.069151,38.991384366666665,-76.93669365166667,-10.235000000000003,0,1,17.098225,6.9484960000000004,72.62448400000001,1,1,1789162799.9615493,-0.9085780004826286,0.4160618270963715,-0.008522459749796407,-0.03613780225789286,176.63840958863867,-2.6111710951447495,-49.13195002753257,-0.0004506440128649359,-0.009126850257453948,-0.001824043601259274,0.41962656042099,0.6340979994583129,-9.682105704689025
2026-09-11T17:39:59.999,0.23394288000002916,-231.26101684570312,-20813.49151611328,-83253.96606445312,-158.41379653930665,0.0,0.0,0.0,0.0,0.0,0.0,-0.3795490264892578,-3109.265625,-136.6376495361328,0.0,0.0,0.0,1,1789162799.069151,38.991384366666665,-76.93669365166667,-10.235000000000003,0,1,17.098225,6.9484960000000004,72.62448400000001,1,1,1789162799.9895492,-0.9085202006376707,0.4161890886598715,-0.008201266357780486,-0.03619981690397177,176.6170197720148,-2.58112936028019,-49.14837742957214,-0.0005592034923389831,-0.011187211439433253,-0.004412541414892064,0.37981156076431277,0.647042777671814,-9.68347863571167
2026-09-11T17:40:00.032,0.26736080000000584,-231.26101684570312,-20813.49151611328,-83253.96606445312,-158.41379653930665,0.0,0.0,0.0,0.0,0.0,0.0,-0.3796710968017578,-3110.265625,-136.6815948486328,-0.015258789993822575,-5.493164397776127,-164.37780681083566,1,1789162799.069151,38.991384366666665,-76.93669365166667,-10.235000000000003,0,1,17.098225,6.9484960000000004,72.62448400000001,1,1,1789162800.0295494,-0.9084110774816199,0.41642015145721406,-0.008157237487259453,-0.03629092511372263,176.60607270526404,-2.5817502129654306,-49.177412577414486,-8.901179185171081e-05,-0.0035075881977330043,0.0008784242125287461,0.4278641465568543,0.637039994506836,-9.673868118553163
2026-09-11T17:40:00.065,0.3007804480000118,-231.26101684570312,-20813.49151611328,-83253.96606445312,-158.41379653930665,0.0,0.0,0.0,0.0,0.0,0.0,-0.3799152374267578,-3112.265625,-136.7694854736328,0.0,0.0,164.36930747370968,1,1789162799.069151,38.991384366666665,-76.93669365166667,-10.235000000000003,0,1,17.098225,6.9484960000000004,72.62448400000001,1,1,1789162800.0615492,-0.9083189984043006,0.41659955043624186,-0.0079238601810367,-0.0365872129843306,176.56455264450025,-2.5722537799003464,-49.19986185036787,-0.0001270599695451872,-0.0011639600781550184,-0.0007967428035354115,0.3946196025085449,0.6795027897071839,-9.66974932548523
2026-09-11T17:40:00.098,0.3342112640000323,-231.26101684570312,-20813.49151611328,-83253.96606445312,-158.41379653930665,0.0,0.0,0.0,0.0,0.0,0.0,-0.3800373077392578,-3113.265625,-136.8134307861328,0.0,0.0,0.0,1,1789162800.075038,38.9913843,-76.93669355333333,-10.225000000000001,0,1,20.430399999999995,15.984004000000002,169.96336900000003,1,1,1789162800.0895493,-0.9082375158449245,0.41675461763006094,-0.008038477858700311,-0.03681828852047938,176.54634410760775,-2.5958182497494207,-49.21880035432008,0.0013624040141067737,-0.002017077016529847,-0.005473352534254217,0.42394148649215696,0.6592030238723755,-9.683380569210053
2026-09-11T17:40:00.132,0.36763174399999343,-231.26101684570312,-20813.49151611328,-83253.96606445312,-158.41379653930665,0.0,0.0,0.0,0.0,0.0,0.0,-0.3800373077392578,-3113.265625,-136.8134307861328,0.0,0.0,0.0,1,1789162800.075038,38.9913843,-76.93669355333333,-10.225000000000001,0,1,20.430399999999995,15.984004000000002,169.96336900000003,1,1,1789162800.1295493,-0.9081325741110063,0.4169714511037961,-0.007994811800521634,-0.03696105771195066,176.5299878931741,-2.5989172359169705,-49.24595377286863,-0.0014465288840529002,0.004109726789671048,-0.0028886944449758147,0.3865781493759155,0.6493963737106323,-9.690245224323272
2026-09-11T17:40:00.165,0.4010492159999899,-231.26101684570312,-20813.49151611328,-83253.96606445312,-158.41379653930665,0.0,0.0,0.0,0.0,0.0,0.0,-0.3800373077392578,-3113.265625,-136.8134307861328,0.0,0.0,0.0,1,1789162800.075038,38.9913843,-76.93669355333333,-10.225000000000001,0,1,20.430399999999995,15.984004000000002,169.96336900000003,1,1,1789162800.1615493,-0.908088326702634,0.4170706991214331,-0.008005261767028652,-0.036926123880126394,176.53441405018327,-2.598714679171669,-49.258520582684,-0.00032218777991815326,0.004594928321725472,-0.004854284248571828,0.4173710308837891,0.6363535289955139,-9.688087761287688
2026-09-11T17:40:00.199,0.43446627200000876,-231.3018341064453,-20817.165069580078,-83268.66027832031,-158.44175636291504,-0.02795982360839844,-0.7016115188598633,-0.48060389041900636,-1.0750802845808112,-14.381993746508815,0.0,-0.3800373077392578,-3113.265625,-136.8134307861328,0.0,0.0,0.0,1,1789162800.075038,38.9913843,-76.93669355333333,-10.225000000000001,0,1,20.430399999999995,15.984004000000002,169.96336900000003,1,1,1789162800.1895492,-0.9080360454437305,0.41717011658722747,-0.008125436833659289,-0.03706226217829921,176.5262287918063,-2.618120090211056,-49.27060842134447,0.0016427038919770629,0.0024724334183751674,-0.002326698425833641,0.4270796145439148,0.6444930486297608,-9.68200763818741
2026-09-11T17:40:00.232,0.4678863999999976,-231.30165100097656,-20817.14859008789,-83268.59436035156,-158.44163093566897,-0.02783439636230469,-0.12387625128030777,-0.08485523212701084,-0.189815748315611,11.841626049191904,0.0,-0.3800373077392578,-3113.265625,-136.8134307861328,0.0,0.0,0.0,1,1789162800.075038,38.9913843,-76.93669355333333,-10.225000000000001,0,1,20.430399999999995,15.984004000000002,169.96336900000003,1,1,1789162800.2295492,-0.9079431871231283,0.41738354311702464,-0.008289166351356526,-0.03689765050751386,176.55182532447665,-2.6281122244022366,-49.29757798270225,-0.0019936896045531227,-0.0042959534208588425,-0.008123809536332805,0.42354922048568727,0.6207609552383422,-9.662786603870392
2026-09-11T17:40:00.265,0.5013055680000207,-231.30174255371094,-20817.156829833984,-83268.62731933594,-158.441693649292,-0.027897109985351564,-0.01883346401154995,-0.012900922847911717,-0.028858542519487523,2.1530849983772606,0.0,-0.3800373077392578,-3113.265625,-136.8134307861328,0.0,0.0,0.0,1,1789162800.075038,38.9913843,-76.93669355333333,-10.225000000000001,0,1,20.430399999999995,15.984004000000002,169.96336900000003,1,1,1789162800.2615492,-0.907846433112651,0.4176121734231328,-0.008550721788399732,-0.03663074733528607,176.59280907787561,-2.643440631391272,-49.326518182925376,0.0009007644269542736,-0.011012853047159021,-0.004216366406967901,0.4182536293983459,0.6252720143127442,-9.677692712116242
2026-09-11T17:40:00.299,0.5347223360000157,-231.30165100097656,-20817.14859008789,-83268.59436035156,-158.44163093566897,-0.02783439636230469,0.0,0.0,0.0,0.3860613584148422,0.0,-0.3800373077392578,-3113.265625,-136.8134307861328,0.0,0.0,0.0,1,1789162800.075038,38.9913843,-76.93669355333333,-10.225000000000001,0,1,20.430399999999995,15.984004000000002,169.96336900000003,1,1,1789162800.2895494,-0.9077824947718142,0.41775332632315965,-0.008269393645124022,-0.03667039215141874,176.57564921013233,-2.6165750823662073,-49.34469463611757,0.0028977701570861857,-0.010032152540463406,-0.005126381078957744,0.3855974843597412,0.6744033316230774,-9.688480027294158
2026-09-11T17:40:00.333,0.5681379520000291,-231.30165100097656,-20817.14859008789,-83268.59436035156,-158.44163093566897,-0.02783439636230469,0.0,0.0,0.0,0.0,0.0,-0.3800373077392578,-3113.265625,-136.8134307861328,0.0,0.0,0.0,1,1789162800.075038,38.9913843,-76.93669355333333,-10.225000000000001,0,1,20.430399999999995,15.984004000000002,169.96336900000003,1,1,1789162800.3295493,-0.9076545386916036,0.41798943384194065,-0.00822395995573861,-0.03715424702066216,176.52370697212638,-2.635916469444844,-49.3736503205973,0.0010464994194958,-0.014018484552018455,-0.005899212871740834,0.46483521766662594,0.703627149105072,-9.670337724494933
2026-09-11T17:40:00.366,0.6015518400000133,-231.30165100097656,-20817.14859008789,-83268.59436035156,-158.44163093566897,-0.02783439636230469,0.0,0.0,0.0,0.0,0.0,-0.3800373077392578,-3113.265625,-136.8134307861328,0.0,0.0,0.0,1,1789162800.075038,38.9913843,-76.93669355333333,-10.225000000000001,0,1,20.430399999999995,15.984004000000002,169.96336900000003,1,1,1789162800.3615491,-0.9076142659825808,0.4180127867464211,-0.007892277736065946,-0.03793898066011998,176.4260996252301,-2.6390740202863565,-49.375668349755856,0.0009182177194742167,-0.01633802712791892,-0.012102462099179081,0.4427702548027039,0.7506010033798217,-9.674358451061249
2026-09-11T17:40:00.399,0.6349702400000297,-231.30165100097656,-20817.14859008789,-83268.59436035156,-158.44163093566897,-0.02783439636230469,0.0,0.0,0.0,0.0,0.0,-0.3800373077392578,-3113.265625,-136.8134307861328,0.0,0.0,0.0,1,1789162800.075038,38.9913843,-76.93669355333333,-10.225000000000001,0,1,20.430399999999995,15.984004000000002,169.96336900000003,1,1,1789162800.3895493,-0.9075894456270481,0.41799638569389913,-0.007751767013384016,-0.038734091462106705,176.33642632873602,-2.6624768016050893,-49.37233419598157,0.003728372348110287,-0.009262462340333906,-0.014703875349276628,0.4642468186569214,0.7707046362113952,-9.684753500232697
2026-09-11T17:40:00.433,0.668388096000001,-231.30165100097656,-20817.14859008789,-83268.59436035156,-158.44163093566897,-0.02783439636230469,0.0,0.0,0.0,0.0,0.0,-0.3800373077392578,-3113.265625,-136.8134307861328,0.0,0.0,0.0,1,1789162800.075038,38.9913843,-76.93669355333333,-10.225000000000001,0,1,20.430399999999995,15.984004000000002,169.96336900000003,1,1,1789162800.4295492,-0.9075270744808194,0.4180151575135732,-0.0077502232253906555,-0.039973381307374226,176.2071689813503,-2.7217728514175437,-49.37231060136353,0.0019156733869889761,-0.010035468666042196,-0.017796598783810583,0.46081449110031125,0.8237586135864259,-9.703778401546478
2026-09-11T17:40:00.466,0.7018022080000037,-231.30165100097656,-20817.14859008789,-83268.59436035156,-158.44163093566897,-0.02783439636230469,0.0,0.0,0.0,0.0,0.0,-0.3800373077392578,-3113.265625,-136.8134307861328,0.0,0.0,0.0,1,1789162800.075038,38.9913843,-76.93669355333333,-10.225000000000001,0,1,20.430399999999995,15.984004000000002,169.96336900000003,1,1,1789162800.4615493,-0.9075425535768419,0.4178835019818321,-0.0072993594021676525,-0.04106837677512174,176.0710368175586,-2.726735654900189,-49.354445059890246,0.0017992599258809543,-0.011490898729280266,-0.0243166252704858,0.4495368434143066,0.8419009163856506,-9.663865335388184
2026-09-11T17:40:00.500,0.7352323200000228,-231.30165100097656,-20817.14859008789,-83268.59436035156,-158.44163093566897,-0.02783439636230469,0.0,0.0,0.0,0.0,0.0,-0.3800373077392578,-3113.265625,-136.8134307861328,0.0,0.0,0.0,1,1789162800.075038,38.9913843,-76.93669355333333,-10.225000000000001,0,1,20.430399999999995,15.984004000000002,169.96336900000003,1,1,1789162800.4895492,-0.9075474081541349,0.4178020624341499,-0.007293333980237968,-0.041784516964247766,175.99580419401462,-2.7600543629404513,-49.34276965602892,0.00467224640758882,-0.0037632789331501736,-0.02992960414489956,0.45326337047576903,0.844254512424469,-9.686322564258575
2026-09-11T17:40:00.533,0.7686584960000005,-231.30165100097656,-20817.14859008789,-83268.59436035156,-158.44163093566897,-0.02783439636230469,0.0,0.0,0.0,0.0,0.0,-0.37829017639160156,-3098.953125,-136.18446350097656,0.0915527418255806,32.958987057209015,986.0232608489539,1,1789162800.075038,38.9913843,-76.93669355333333,-10.225000000000001,0,1,20.430399999999995,15.984004000000002,169.96336900000003,1,1,1789162800.5295494,-0.9075967817818494,0.4176158445254341,-0.0069455044880507725,-0.04262450079408466,175.89101112547826,-2.7632300258713016,-49.31835808796149,0.002290570110317358,-0.0030272735875841645,-0.03214687042663315,0.43080614160537717,0.8461177759552001,-9.652587687702178
2026-09-11T17:40:00.566,0.8020779199999879,-231.3029327392578,-20817.263946533203,-83269.05578613281,-158.4425089263916,-0.02871238708496094,-0.026260698214173317,-0.017988578276708724,-0.04023930358963114,-0.5382671549550193,0.0,-0.3756904602050781,-3077.65625,-135.24856567382812,0.0610351637005806,21.972658932209015,-328.7407983154986,1,1789162800.075038,38.9913843,-76.93669355333333,-10.225000000000001,0,1,20.430399999999995,15.984004000000002,169.96336900000003,1,1,1789162800.5615492,-0.9076388333771771,0.4174399934124923,-0.007731285546438618,-0.0433108216187909,175.85633607656493,-2.8771000387080155,-49.29305876112112,0.001991944275301128,0.01091494007612214,-0.04278971367236938,0.5006294907569885,0.8261122096252441,-9.668474460964202
2026-09-11T17:40:00.599,0.8354956800000082,-231.30381774902344,-20817.34359741211,-83269.37438964844,-158.44311515808107,-0.029318618774414065,-0.026260698214173317,-0.017988578276708724,-0.04023930358963114,0.0,0.0,-0.373382568359375,-3058.75,-134.417724609375,0.0610351637005806,21.972658932209015,0.0,1,1789162800.075038,38.9913843,-76.93669355333333,-10.225000000000001,0,1,20.430399999999995,15.984004000000002,169.96336900000003,1,1,1789162800.5895493,-0.9077248585883143,0.41718544333317925,-0.008273025868526166,-0.04385708625412747,175.82433469516528,-2.9584836394759537,-49.25863484789309,0.0014440854231001082,0.028999518186511784,-0.049042006651788664,0.46973854274749755,0.8400376528549194,-9.705053266067505
2026-09-11T17:40:00.634,0.8689114880000375,-231.3046875,-20817.421875,-83269.6875,-158.44371093750001,-0.02991439819335938,-0.026260698214173317,-0.017988578276708724,-0.04023930358963114,0.0,0.0,-0.3716773986816406,-3044.78125,-133.80386352539062,0.030517585575580597,10.986330807209015,-328.77637209880925,1,1789162800.075038,38.9913843,-76.93669355333333,-10.225000000000001,0,1,20.430399999999995,15.984004000000002,169.96336900000003,1,1,1789162800.6295493,-0.9078846660495978,0.4167142044176644,-0.00894092381684064,-0.04488613226670945,175.74715426449904,-3.075052732201512,-49.19553497449554,-0.0010862929264412707,0.03817244513621838,-0.05390170142104168,0.4896460425758362,0.8922090317153931,-9.657392946281433
2026-09-11T17:40:00.667,0.9023457600000029,-231.3385009765625,-20820.465087890625,-83281.8603515625,-158.4668731689453,-0.05307662963867188,-0.8510111570358276,-0.582942642569542,-1.3040055533499046,-16.89745373529945,0.0,-0.3704338073730469,-3034.59375,-133.35617065429688,0.015258795581758022,5.493166409432888,-164.29741307906482,1,1789162800.075038,38.9913843,-76.93669355333333,-10.225000000000001,0,1,20.430399999999995,15.984004000000002,169.96336900000003,1,1,1789162800.6615493,-0.9081167971607553,0.4162212025219951,-0.010235947036707146,-0.044486162723906666,175.84881387366497,-3.1886110508264824,-49.13164349008423,0.001507266342022303,0.04948025882696444,-0.06012170580929906,0.40923151124954227,0.5186737270545959,-9.74006300714493
2026-09-11T17:40:00.700,0.9357711680000307,-231.34295654296875,-20820.866088867188,-83283.46435546875,-158.46992523193362,-0.05612869262695313,-0.20018687844276428,-0.13712801173329353,-0.30674662610346587,13.337597280364616,0.0,-0.36915016174316406,-3024.078125,-132.89405822753906,0.0457763746380806,16.479494869709015,328.68195536362606,1,1789162800.075038,38.9913843,-76.93669355333333,-10.225000000000001,0,1,20.430399999999995,15.984004000000002,169.96336900000003,1,1,1789162800.6895492,-0.9084558880024761,0.41565581660311307,-0.010690516836583985,-0.042706609879484256,176.05430977129933,-3.148625554378046,-49.06358889640042,0.00020525072003453314,0.0463835211351509,-0.05950473191871907,0.1866205525779724,0.44463351833343506,-9.683674768714905
2026-09-11T17:40:00.733,0.9692075520000003,-231.34323120117188,-20820.89080810547,-83283.56323242188,-158.47011337280276,-0.05631683349609375,-0.043989092111587524,-0.030132528096437457,-0.06740454567026982,3.199971732498146,0.0,-0.36716270446777344,-3007.796875,-132.17857360839844,0.0610351637005806,21.972658932209015,164.28702525084623,1,1789162800.075038,38.9913843,-76.93669355333333,-10.225000000000001,0,1,20.430399999999995,15.984004000000002,169.96336900000003,1,1,1789162800.7295492,-0.908839206228202,0.4150496302792765,-0.011316967221250205,-0.04021228519296778,176.34252116411542,-3.0926543985881527,-48.991794522744094,0.0009583602922700864,0.02192482606355277,-0.04473837378222105,0.42384341999053954,0.40128812461853025,-9.648959227142335
2026-09-11T17:40:00.767,1.0026226560000282,-231.34466552734375,-20821.019897460938,-83284.07958984375,-158.47109588623047,-0.057299346923828126,-0.043989092111587524,-0.030132528096437457,-0.06740454567026982,0.0,0.0,-0.36473655700683594,-2987.921875,-131.30516052246094,0.0762939527630806,27.465822994709015,164.39164943180828,1,1789162800.075038,38.9913843,-76.93669355333333,-10.225000000000001,0,1,20.430399999999995,15.984004000000002,169.96336900000003,1,1,1789162800.7615492,-0.9091140148615436,0.4145789573848191,-0.011617016307839293,-0.03874327048849889,176.50863274230542,-3.0522531516074625,-48.93532154633679,0.0017481217787975204,0.008302880317587424,-0.044072530672585215,0.39530606801986695,0.4962164981842041,-9.677300446109772
2026-09-11T17:40:00.801,1.0360477440000295,-231.3461456298828,-20821.153106689453,-83284.61242675781,-158.47210975646973,-0.05831321716308594,-0.043989092111587524,-0.030132528096437457,-0.06740454567026982,0.0,0.0,-0.36252593994140625,-2969.8125,-130.50933837890625,0.0457763746380806,16.479494869709015,-328.6850920182937,1,1789162800.075038,38.9913843,-76.93669355333333,-10.225000000000001,0,1,20.430399999999995,15.984004000000002,169.96336900000003,1,1,1789162800.7895494,-0.9093593564057204,0.4141519416497061,-0.010934401751089002,-0.037738163753659855,176.57992237870988,-2.931687121750607,-48.88459446943787,-0.001314581992602129,-0.0012002629265965004,-0.04544313773417636,0.3491167457580566,0.5649611158180237,-9.659452342815399
2026-09-11T17:40:00.834,1.0694740480000178,-231.3476104736328,-20821.284942626953,-83285.13977050781,-158.47311317443848,-0.059316635131835944,-0.043989092111587524,-0.030132528096437457,-0.06740454567026982,0.0,0.0,-0.3610706329345703,-2957.890625,-129.9854278564453,0.030517585575580597,10.986330807209015,-164.3365674680016,1,1789162800.075038,38.9913843,-76.93669355333333,-10.225000000000001,0,1,20.430399999999995,15.984004000000002,169.96336900000003,1,1,1789162800.8295493,-0.9095928455636261,0.41361415600939905,-0.010667879810677062,-0.038083875701443594,176.52945682225655,-2.918242102319496,-48.816484134286625,0.001335176877775662,0.002117258915594321,-0.0413983371926795,0.5058270153427125,0.7340277646064758,-9.661021406841277
2026-09-11T17:40:00.867,1.1028915200000142,-231.3726043701172,-20823.534393310547,-83294.13757324219,-158.4902339935303,-0.07643745422363282,-0.7804746031761169,-0.5346251031756402,-1.1959222959369173,-15.096670839710926,0.0,-0.360687255859375,-2954.75,-129.847412109375,0.0,0.0,-328.76008116981984,1,1789162800.075038,38.9913843,-76.93669355333333,-10.225000000000001,0,1,20.430399999999995,15.984004000000002,169.96336900000003,1,1,1789162800.8615491,-0.9098411273192082,0.4131494445133994,-0.011829739179328044,-0.03683363690611086,176.71354218243647,-2.978542380314468,-48.759148542947685,0.002307499804061703,0.014065433908897102,-0.042090883839870856,0.45228270545959476,0.16867438278198243,-9.7686003591156
2026-09-11T17:40:00.900,1.1363159040000141,-231.38546752929688,-20824.69207763672,-83298.76831054688,-158.49904525756838,-0.08524871826171876,-0.31551021337509155,-0.21612449616193774,-0.48345672906661036,9.528989584780476,0.0,-0.360687255859375,-2954.75,-129.847412109375,0.0,0.0,0.0,1,1789162800.075038,38.9913843,-76.93669355333333,-10.225000000000001,0,1,20.430399999999995,15.984004000000002,169.96336900000003,1,1,1789162800.8895493,-0.9101076378784139,0.4127756996380658,-0.011233009657050435,-0.034556168157422504,176.92227158426476,-2.807148696296754,-48.71752979442846,0.0027330110756979206,0.01200995964882338,-0.02839703052872334,0.041874396190643315,0.1378815012741089,-9.813710949859619
2026-09-11T17:40:00.934,1.1697335680000265,-231.3851318359375,-20824.661865234375,-83298.6474609375,-158.4988153076172,-0.08501876831054689,-0.057196613401174545,-0.03917968017980457,-0.0876424485052893,5.294948682890218,0.0,-0.360687255859375,-2954.75,-129.847412109375,0.0,0.0,0.0,1,1789162800.075038,38.9913843,-76.93669355333333,-10.225000000000001,0,1,20.430399999999995,15.984004000000002,169.96336900000003,1,1,1789162800.9295492,-0.910305280666709,0.41260258669683103,-0.01077459924281891,-0.031421480750353024,177.22779580239646,-2.6104689915155315,-48.70234633528112,0.003485073450382277,0.011423005421377688,-0.005622752718224932,0.3265614503860474,0.07325567670822143,-9.717703844776153
2026-09-11T17:40:00.968,1.203149824000036,-231.38497924804688,-20824.64813232422,-83298.59252929688,-158.49871078491213,-0.08491424560546876,0.0,0.0,0.0,1.1724736661041082,0.0,-0.360687255859375,-2954.75,-129.847412109375,0.0,0.0,0.0,1,1789162800.075038,38.9913843,-76.93669355333333,-10.225000000000001,0,1,20.430399999999995,15.984004000000002,169.96336900000003,1,1,1789162800.9615493,-0.9103734121886891,0.4125765840017209,-0.010710354763106921,-0.029767448903837295,177.39756713964712,-2.525473090504221,-48.70220824599179,0.004564035993965172,0.014818194415282256,0.002300518487053726,0.320579393787384,0.3617673244667053,-9.712212120685576
2026-09-11T17:40:01.001,1.2365732160000107,-231.38497924804688,-20824.64813232422,-83298.59252929688,-158.49871078491213,-0.08491424560546876,0.0,0.0,0.0,0.0,0.0,-0.360687255859375,-2954.75,-129.847412109375,0.0,0.0,0.0,1,1789162800.075038,38.9913843,-76.93669355333333,-10.225000000000001,0,1,20.430399999999995,15.984004000000002,169.96336900000003,1,1,1789162800.9895492,-0.9103467760557353,0.41262436468445485,-0.010288442406758767,-0.03006707412638632,177.34646792209665,-2.495729016608809,-48.70802063562977,0.0006602580560294549,0.008951095601778118,0.008006697943523986,0.44257412179946903,0.5827111526107788,-9.680340507659912
2026-09-11T17:40:01.034,1.2699934400000075,-231.38497924804688,-20824.64813232422,-83298.59252929688,-158.49871078491213,-0.08491424560546876,0.0,0.0,0.0,0.0,0.0,-0.3614826202392578,-2961.265625,-130.1337432861328,-0.0305175818502903,-10.986329466104507,-328.73296917775195,1,1789162800.075038,38.9913843,-76.93669355333333,-10.225000000000001,0,1,20.430399999999995,15.984004000000002,169.96336900000003,1,1,1789162801.0295494,-0.9101997671351747,0.41273038207417767,-0.010068472886309715,-0.0329945673363732,177.0304071623421,-2.611549937065017,-48.716158611500795,0.003669031153542479,0.004090179102048712,0.0013023646878381689,0.5815343545913696,0.926728440284729,-9.654941283740998
2026-09-11T17:40:01.067,1.3034103040000105,-231.38497924804688,-20824.64813232422,-83298.59252929688,-158.49871078491213,-0.08491424560546876,0.0,0.0,0.0,0.0,0.0,-0.36234283447265625,-2968.3125,-130.44342041015625,-0.015258791856467724,-5.493165068328381,164.38300128269475,1,1789162800.075038,38.9913843,-76.93669355333333,-10.225000000000001,0,1,20.430399999999995,15.984004000000002,169.96336900000003,1,1,1789162801.0615492,-0.9101417187412939,0.41266997546971274,-0.010032706034904637,-0.03528296985923323,176.7893254259253,-2.715852107991567,-48.70417509404697,0.001755975760431495,-0.0017214182412420072,-0.0073743651555264415,0.5301475077438355,0.7981632566642761,-9.637289313449859
2026-09-11T17:40:01.101,1.3368304319999993,-231.38497924804688,-20824.64813232422,-83298.59252929688,-158.49871078491213,-0.08491424560546876,0.0,0.0,0.0,0.0,0.0,-0.3624591827392578,-2969.265625,-130.4853057861328,0.0,0.0,164.36696676715948,1,1789162801.0734162,38.99138408333334,-76.93669351,-10.214000000000002,0,1,17.089956000000004,6.9484960000000004,72.62448400000001,1,1,1789162801.0895493,-0.9101103668467517,0.4127124621784463,-0.00930432970449811,-0.03579068551209156,176.70200481501703,-2.663979195697486,-48.70951942352323,-0.0013194689145077131,-0.017644231540111473,-0.004499109745790983,0.3387216965866089,0.630665671901703,-9.704661000061035
2026-09-11T17:40:01.136,1.3702501760000132,-231.38497924804688,-20824.64813232422,-83298.59252929688,-158.49871078491213,-0.08491424560546876,0.0,0.0,0.0,0.0,0.0,-0.3624591827392578,-2969.265625,-130.4853057861328,0.0,0.0,0.0,1,1789162801.0734162,38.99138408333334,-76.93669351,-10.214000000000002,0,1,17.089956000000004,6.9484960000000004,72.62448400000001,1,1,1789162801.1295493,-0.9100659461740258,0.41301905396410377,-0.008089246421663974,-0.03361247936855271,176.87317089283542,-2.4351553530456997,-48.753870244691676,0.00041102503884466466,-0.024831497399824123,0.007414856794172709,0.21378497352600098,0.4024649226379395,-9.753792317371369
2026-09-11T17:40:01.168,1.4036712640000246,-231.38497924804688,-20824.64813232422,-83298.59252929688,-158.49871078491213,-0.08491424560546876,0.0,0.0,0.0,0.0,0.0,-0.36049842834472656,-2953.203125,-129.77943420410156,0.1220703199505806,43.945315182209015,1314.8978029139564,1,1789162801.0734162,38.99138408333334,-76.93669351,-10.214000000000002,0,1,17.089956000000004,6.9484960000000004,72.62448400000001,1,1,1789162801.1615493,-0.9099349234986766,0.413428595431915,-0.0073648813042494704,-0.03226437664090558,176.98085808258713,-2.2970964756773498,-48.80876707225661,-0.000787667091425041,-0.01525452672828084,0.018119310162504332,0.32342332233428955,0.4832717199707031,-9.710348857154846
2026-09-11T17:40:01.201,1.4370900160000133,-231.38497924804688,-20824.64813232422,-83298.59252929688,-158.49871078491213,-0.08491424560546876,0.0,0.0,0.0,0.0,0.0,-0.3569450378417969,-2924.09375,-128.50021362304688,0.0915527492761612,32.95898973941803,-328.74732852964434,1,1789162801.0734162,38.99138408333334,-76.93669351,-10.214000000000002,0,1,17.089956000000004,6.9484960000000004,72.62448400000001,1,1,1789162801.1895492,-0.9097328729047937,0.4138333810078098,-0.00739962213127654,-0.03276092661006097,176.93165955739195,-2.325614690998694,-48.85885310661669,-0.0014812609361675875,0.0005593780252641827,0.016695121492876958,0.42962934358596805,0.6969586269950866,-9.711525655174254
2026-09-11T17:40:01.235,1.4705100799999968,-231.38497924804688,-20824.64813232422,-83298.59252929688,-158.49871078491213,-0.08491424560546876,0.0,0.0,0.0,0.0,0.0,-0.3554859161376953,-2912.140625,-127.97492980957031,0.045776382088661194,16.47949755191803,-493.1017543086727,1,1789162801.0734162,38.99138408333334,-76.93669351,-10.214000000000002,0,1,17.089956000000004,6.9484960000000004,72.62448400000001,1,1,1789162801.2295492,-0.9094305172969062,0.41425348079602065,-0.008063622950024335,-0.035569169829819,176.6708925708916,-2.529623349512576,-48.905829091201035,0.001387536755335492,0.04672804912949458,0.013313895132988343,0.5692760418891907,0.8488636380004883,-9.6937756183815
2026-09-11T17:40:01.268,1.5039450240000178,-231.38497924804688,-20824.64813232422,-83298.59252929688,-158.49871078491213,-0.08491424560546876,0.0,0.0,0.0,0.0,0.0,-0.355194091796875,-2909.75,-127.869873046875,0.0,0.0,-492.8824630873519,1,1789162801.0734162,38.99138408333334,-76.93669351,-10.214000000000002,0,1,17.089956000000004,6.9484960000000004,72.62448400000001,1,1,1789162801.2615492,-0.909253725009031,0.41436414319208226,-0.00976527457650387,-0.0382708741256109,176.4695771204462,-2.835830884066001,-48.91189191262333,0.002456899988032418,0.07290397365212993,0.0006026621907136419,0.6792085902023316,0.8883844381523133,-9.638073845462799
2026-09-11T17:40:01.302,1.5373688000000243,-231.38497924804688,-20824.64813232422,-83298.59252929688,-158.49871078491213,-0.08491424560546876,0.0,0.0,0.0,0.0,0.0,-0.355194091796875,-2909.75,-127.869873046875,0.0,0.0,0.0,1,1789162801.0734162,38.99138408333334,-76.93669351,-10.214000000000002,0,1,17.089956000000004,6.9484960000000004,72.62448400000001,1,1,1789162801.3015492,-0.9091467968627827,0.41433313734480004,-0.011583234131883283,-0.04057070050175976,176.3152348578586,-3.134570639858021,-48.90030152143908,0.0035489525010052696,0.06855147156350648,-0.007141189167459999,0.5422096874427795,0.689309439868927,-9.637485446453095
2026-09-11T17:40:01.335,1.5707875200000103,-231.38497924804688,-20824.64813232422,-83298.59252929688,-158.49871078491213,-0.08491424560546876,0.0,0.0,0.0,0.0,0.0,-0.355194091796875,-2909.75,-127.869873046875,0.0,0.0,0.0,1,1789162801.0734162,38.99138408333334,-76.93669351,-10.214000000000002,0,1,17.089956000000004,6.9484960000000004,72.62448400000001,1,1,1789162801.3295493,-0.9091635405555475,0.4142781707398369,-0.012479592303301831,-0.04049090699032779,176.3658137688642,-3.224071872846148,-48.892312120636475,0.0016777850099421489,0.05031976219717371,-0.008567995830965363,0.5065134808540345,0.5558409311676026,-9.664159534893036
2026-09-11T17:40:01.368,1.6042033280000396,-231.38497924804688,-20824.64813232422,-83298.59252929688,-158.49871078491213,-0.08491424560546876,0.0,0.0,0.0,0.0,0.0,-0.355194091796875,-2909.75,-127.869873046875,0.0,0.0,0.0,1,1789162801.0734162,38.99138408333334,-76.93669351,-10.214000000000002,0,1,17.089956000000004,6.9484960000000004,72.62448400000001,1,1,1789162801.3615491,-0.9092385110065955,0.4142329605203593,-0.012822406944451551,-0.0391403934727086,176.52303322157874,-3.195537131359388,-48.88932409375017,0.0009998991284675513,0.013862103051039762,-0.007094239810581352,0.4363959321975708,0.42266662197113036,-9.639054510478973
2026-09-11T17:40:01.402,1.6376187200000345,-231.38497924804688,-20824.64813232422,-83298.59252929688,-158.49871078491213,-0.08491424560546876,0.0,0.0,0.0,0.0,0.0,-0.355194091796875,-2909.75,-127.869873046875,0.0,0.0,0.0,1,1789162801.0734162,38.99138408333334,-76.93669351,-10.214000000000002,0,1,17.089956000000004,6.9484960000000004,72.62448400000001,1,1,1789162801.4015493,-0.9092807738374227,0.41432326331051933,-0.012968067063594687,-0.037101712170380344,176.7432905176974,-3.1142658511970347,-48.90519991564834,0.0027274260220915385,-0.026100875364799603,-0.0035725144459071933,0.5023946877861023,0.4245298855018616,-9.615812749595642
2026-09-11T17:40:01.436,1.671038144000022,-231.38497924804688,-20824.64813232422,-83298.59252929688,-158.49871078491213,-0.08491424560546876,0.0,0.0,0.0,0.0,0.0,-0.355194091796875,-2909.75,-127.869873046875,0.0,0.0,0.0,1,1789162801.0734162,38.99138408333334,-76.93669351,-10.214000000000002,0,1,17.089956000000004,6.9484960000000004,72.62448400000001,1,1,1789162801.4295492,-0.9093082361286438,0.4142946350749988,-0.012383751000337721,-0.03694766254920591,176.73161616696092,-3.045887532062658,-48.90254115803569,0.0017845991601642018,-0.04463609748805418,-0.0036266196527190175,0.5094554759025574,0.6559668293190003,-9.64297717054367
2026-09-11T17:40:01.469,1.7044534720000115,-231.38497924804688,-20824.64813232422,-83298.59252929688,-158.49871078491213,-0.08491424560546876,0.0,0.0,0.0,0.0,0.0,-0.355194091796875,-2909.75,-127.869873046875,0.0,0.0,0.0,1,1789162801.0734162,38.99138408333334,-76.93669351,-10.214000000000002,0,1,17.089956000000004,6.9484960000000004,72.62448400000001,1,1,1789162801.4615493,-0.9093022448767598,0.41425468420214084,-0.011195971826165451,-0.03790955411947541,176.57473010784938,-2.9674984022653215,-48.8968275817389,-0.003057293250718467,-0.04059147147948252,-0.00454605910266963,0.6020302534294129,0.7369697596549988,-9.518726912994385
2026-09-11T17:40:01.502,1.7378771840000127,-231.38497924804688,-20824.64813232422,-83298.59252929688,-158.49871078491213,-0.08491424560546876,0.0,0.0,0.0,0.0,0.0,-0.355194091796875,-2909.75,-127.869873046875,-0.03051757998764515,-10.986328795552254,-328.6986435124822,1,1789162801.0734162,38.99138408333334,-76.93669351,-10.214000000000002,0,1,17.089956000000004,6.9484960000000004,72.62448400000001,1,1,1789162801.5015492,-0.9092564484931742,0.41403384443635816,-0.01152833532050472,-0.04117989824619825,176.2479278671618,-3.156541033110529,-48.86128537812641,0.000774402589109884,-0.0013728759896187396,-0.021156008528049268,0.8780874554824829,1.4527571549606322,-9.564229769744873
2026-09-11T17:40:01.535,1.7712958079999908,-231.38497924804688,-20824.64813232422,-83298.59252929688,-158.49871078491213,-0.08491424560546876,0.0,0.0,0.0,0.0,0.0,-0.3555011749267578,-2912.265625,-127.98042297363281,0.0,0.0,328.74868802376363,1,1789162801.0734162,38.99138408333334,-76.93669351,-10.214000000000002,0,1,17.089956000000004,6.9484960000000004,72.62448400000001,1,1,1789162801.5295494,-0.9093703943584093,0.4134942990860325,-0.011324709632851624,-0.044042041727347866,175.93713731722457,-3.268719597888981,-48.78698675941082,-0.007364242245864874,0.007579092276785377,-0.051351251785102366,0.8428815814018249,1.8882704886436463,-9.394868921451568
2026-09-11T17:40:01.569,1.804712832000007,-231.38497924804688,-20824.64813232422,-83298.59252929688,-158.49871078491213,-0.08491424560546876,0.0,0.0,0.0,0.0,0.0,-0.3555011749267578,-2912.265625,-127.98042297363281,0.0,0.0,0.0,1,1789162801.0734162,38.99138408333334,-76.93669351,-10.214000000000002,0,1,17.089956000000004,6.9484960000000004,72.62448400000001,1,1,1789162801.5615492,-0.909687960556293,0.4124520954148896,-0.011475996361090248,-0.04711034827210846,175.61940975631248,-3.4249278481350984,-48.648004192830435,0.0062292546332929615,-0.025302038166161795,-0.08413324752653625,1.3737155546569826,2.1409878633117674,-9.638662244472505
2026-09-11T17:40:01.603,1.8381357760000014,-231.38632202148438,-20824.768981933594,-83299.07592773438,-158.4996305847168,-0.08583404541015625,-0.02583135850727558,-0.017694480577483775,-0.03958142577282515,-0.5294111906325998,0.0,-0.3555011749267578,-2912.265625,-127.98042297363281,0.0,0.0,0.0,1,1789162801.0734162,38.99138408333334,-76.93669351,-10.214000000000002,0,1,17.089956000000004,6.9484960000000004,72.62448400000001,1,1,1789162801.6015491,-0.9105348576895395,0.4102168270413406,-0.010771021719309593,-0.05032308451940304,175.24133461618163,-3.491561477221792,-48.36018971178905,0.026145032194875056,-0.0670038881157631,-0.13950469071068236,1.5991704418754578,2.326235484867096,-9.682105704689025
2026-09-11T17:40:01.636,1.8715551040000378,-231.4252166748047,-20828.269500732422,-83313.07800292969,-158.52627342224122,-0.11247688293457032,-0.9114797711372375,-0.6243636432290077,-1.3966616929782727,-18.15324241860472,0.0,-0.3555469512939453,-2912.640625,-127.99690246582031,-0.015258789993822575,-5.493164397776127,-164.37088135854063,1,1789162801.0734162,38.99138408333334,-76.93669351,-10.214000000000002,0,1,17.089956000000004,6.9484960000000004,72.62448400000001,1,1,1789162801.6295493,-0.9114032547028734,0.40806549790671875,-0.009495155197487481,-0.05231155477451,174.96509174155182,-3.4398651151466892,-48.08801128377994,0.01605161859766665,-0.10236652768919582,-0.1909179016842305,1.2617236098098754,3.2794418805885313,-9.831853252658844
2026-09-11T17:40:01.669,1.9049673920000032,-231.45626831054688,-20831.06414794922,-83324.25659179688,-158.5475437927246,-0.13374725341796875,-0.9372532367706299,-0.6420184671878815,-1.436154409421709,-0.528393145626304,0.0,-0.35533714294433594,-2910.921875,-127.92137145996094,0.015258789993822575,5.493164397776127,328.81102891138795,1,1789162801.0734162,38.99138408333334,-76.93669351,-10.214000000000002,0,1,17.089956000000004,6.9484960000000004,72.62448400000001,1,1,1789162801.6615493,-0.9128090487363743,0.40462250245643394,-0.00827448716065319,-0.05469738488370919,174.64507506233414,-3.403631240607312,-47.65350203555417,0.010648951898118203,-0.07517970846380534,-0.26440237184557375,1.0534303603744506,2.8514796675300595,-10.665810782413482
2026-09-11T17:40:01.702,1.9383942400000365,-231.49974060058594,-20834.976654052734,-83339.90661621094,-158.5773223114014,-0.16352577209472657,-1.2775722742080688,-0.8751370078325272,-1.9576257333404756,-6.97399110572477,0.0,-0.355072021484375,-2908.75,-127.825927734375,0.0,0.0,-164.33390302820837,1,1789162801.0734162,38.99138408333334,-76.93669351,-10.214000000000002,0,1,17.089956000000004,6.9484960000000004,72.62448400000001,1,1,1789162801.7015493,-0.9151398597202048,0.39888437573563007,-0.008668434163726235,-0.057750759254141505,174.31986977984766,-3.5510251124735257,-46.92591473278315,0.041987211282302386,-0.0022396064961591237,-0.36058362719862685,1.2119058269882201,3.26002471326828,-10.705037383060455
2026-09-11T17:40:01.736,1.9718135360000133,-231.5484619140625,-20839.361572265625,-83357.4462890625,-158.61069641113284,-0.19689987182617188,-1.4857333898544312,-1.0177273720502855,-2.276591293956434,-4.26670759964115,0.0,-0.3553791046142578,-2911.265625,-127.93647766113281,-0.015258789993822575,-5.493164397776127,-164.37103874898904,1,1789162801.0734162,38.99138408333334,-76.93669351,-10.214000000000002,0,1,17.089956000000004,6.9484960000000004,72.62448400000001,1,1,1789162801.7295492,-0.9172027714172384,0.3939505720480532,-0.009095446568621442,-0.058815777978924275,174.2074849579411,-3.6135048263649714,-46.30543361526417,0.026519056253577443,0.07478718391503182,-0.37978818309002127,4.016607773246765,2.2802422956085207,-7.943190498008728
2026-09-11T17:40:01.770,2.005226912000012,-231.6044158935547,-20844.397430419922,-83377.58972167969,-158.64902488708498,-0.23522834777832033,-1.5902889966964722,-1.0893479627370835,-2.436801992522106,-2.14347064740782,0.0,-0.3571453094482422,-2925.734375,-128.5723114013672,-0.1525879055261612,-54.93164598941803,-1479.6015102348222,1,1789162801.0734162,38.99138408333334,-76.93669351,-10.214000000000002,0,1,17.089956000000004,6.9484960000000004,72.62448400000001,1,1,1789162801.7615492,-0.9194708614685604,0.3879683966908886,-0.011923393070404114,-0.06254351107071957,173.91374334679722,-4.040192341356864,-45.5395032468214,-0.009283929890133437,0.19327461977319846,-0.43915869918926204,1.5270915631866455,1.7590188395118713,-8.745766747245789
2026-09-11T17:40:01.803,2.038651296000012,-231.6614990234375,-20849.534912109375,-83398.1396484375,-158.6881268310547,-0.2743302917480469,-1.6691981554031372,-1.1434007364511491,-2.5577146037293037,-1.617165890448896,0.0,-0.3595600128173828,-2945.515625,-129.4416046142578,-0.0762939602136612,-27.46582567691803,821.7300373433977,1,1789162801.0734162,38.99138408333334,-76.93669351,-10.214000000000002,0,1,17.089956000000004,6.9484960000000004,72.62448400000001,1,1,1789162801.8015492,-0.9227286891936479,0.38018862253966496,-0.014416838142894921,-0.06181045387574928,174.06577107452458,-4.221068707040972,-44.56702656180888,0.08551659549166697,0.14076586562817345,-0.47008226834317235,-0.05452497489929199,1.4239256034851073,-9.611399757022857
2026-09-11T17:40:01.836,2.0720687360000056,-231.71800231933594,-20854.620208740234,-83418.48083496094,-158.72683158874514,-0.3130350494384766,-1.6443676948547363,-1.1263918709754945,-2.519666855260141,0.5089817016401545,0.0,-0.360076904296875,-2949.75,-129.627685546875,0.0,0.0,821.9009498310799,1,1789162801.0734162,38.99138408333334,-76.93669351,-10.214000000000002,0,1,17.089956000000004,6.9484960000000004,72.62448400000001,1,1,1789162801.8295493,-0.9251329894135508,0.3743888905460928,-0.013253259285493596,-0.06153260641906765,174.01962029832868,-4.048237613532607,-43.85348368947152,0.08745129296750268,0.1098223997207904,-0.435052463058095,-3.1667634702301024,0.3964828660392761,-7.956919808235169
2026-09-11T17:40:01.869,2.105483616000015,-231.7781982421875,-20860.037841796875,-83440.1513671875,-158.76806579589845,-0.3542692565917969,-1.7758829593658447,-1.2164798271656037,-2.7211878739388027,-2.696043085897178,0.0,-0.359344482421875,-2943.75,-129.364013671875,0.0,0.0,0.0,1,1789162801.0734162,38.99138408333334,-76.93669351,-10.214000000000002,0,1,17.089956000000004,6.9484960000000004,72.62448400000001,1,1,1789162801.8615491,-0.9275812640882937,0.3681206157074874,-0.014489595126300865,-0.06221143332683684,173.97155105853147,-4.1681146630706305,-43.07279649401327,0.029731334741873006,0.060694173803953214,-0.4445964470067756,4.033279078521728,1.8730701808929444,-8.914244997024536
2026-09-11T17:40:01.904,2.1389072960000135,-231.8425750732422,-20865.831756591797,-83463.32702636719,-158.81216392517092,-0.39836738586425785,-1.8293473720550537,-1.253102949857712,-2.803111466217141,-1.0957238308920487,0.0,-0.3577919006347656,-2931.03125,-128.80508422851562,0.0762939527630806,27.465822994709015,821.7474256189096,1,1789162801.0734162,38.99138408333334,-76.93669351,-10.214000000000002,0,1,17.089956000000004,6.9484960000000004,72.62448400000001,1,1,1789162801.9015493,-0.9307404612392263,0.35982803874952146,-0.018653828708592234,-0.06243405333930805,174.08095715671635,-4.568723463112981,-42.03708307673594,0.02258578225128302,0.0841850838053205,-0.4797168348800314,1.5440570679664611,-0.0657045560836792,-11.127507872028351
2026-09-11T17:40:01.937,2.172324032000006,-231.9087371826172,-20871.786346435547,-83487.14538574219,-158.8574849700928,-0.44368843078613285,-1.9603753089904785,-1.342857086658478,-3.0038857521887894,-2.685903757948902,0.0,-0.3553733825683594,-2911.21875,-127.93441772460938,0.0610351637005806,21.972658932209015,-164.3836209048439,1,1789162801.0734162,38.99138408333334,-76.93669351,-10.214000000000002,0,1,17.089956000000004,6.9484960000000004,72.62448400000001,1,1,1789162801.9295492,-0.933129179021494,0.35356003223656424,-0.01953870295248569,-0.06231755732124735,174.09851079704947,-4.61904590173599,-41.26489440677977,0.05336466361020303,0.07540520500316301,-0.5113526729016806,-1.3669489660453795,-0.3195006622695923,-12.147889821357726
2026-09-11T17:40:01.970,2.2057395520000114,-231.9749298095703,-20877.743682861328,-83510.97473144531,-158.90282691955568,-0.48903038024902346,-1.9352850914001465,-1.3256702876091004,-2.9654399776509908,0.514335825070945,0.0,-0.3541145324707031,-2900.90625,-127.48123168945312,0.0457763746380806,16.479494869709015,-164.3896028701364,1,1789162801.0734162,38.99138408333334,-76.93669351,-10.214000000000002,0,1,17.089956000000004,6.9484960000000004,72.62448400000001,1,1,1789162801.9615493,-0.9360721332585736,0.3458774117802193,-0.019687301344343933,-0.06123877466717228,174.18322620283126,-4.54371468869931,-40.327446787957214,0.10110413104122833,0.04167060855599062,-0.5141465959682732,-3.9518838821792603,-0.8585722216606141,-9.910110320949554
2026-09-11T17:40:02.003,2.2391623359999926,-232.04209899902344,-20883.78890991211,-83535.15563964844,-158.94883781433106,-0.5350412750244141,-1.9618802070617676,-1.3438879418373109,-3.006191709550173,-0.5450669288417344,0.0,-0.3545360565185547,-2904.359375,-127.63298034667969,-0.0457763709127903,-16.479493528604507,-986.1233701636596,1,1789162801.0734162,38.99138408333334,-76.93669351,-10.214000000000002,0,1,17.089956000000004,6.9484960000000004,72.62448400000001,1,1,1789162802.0015492,-0.9395617038294827,0.3365740814627096,-0.019557334810942278,-0.059659056644112564,174.30484085826745,-4.410976031968062,-39.19803012460875,0.06905779157951003,-0.010958049708646398,-0.4840684643040289,-1.2219086101531982,-1.386562266368866,-8.766851045093537
2026-09-11T17:40:02.036,2.2725861760000043,-232.11517333984375,-20890.365600585938,-83561.46240234375,-158.99889373779297,-0.5850971984863281,-2.1718757152557373,-1.4877348649501803,-3.3279681123617095,-4.303722226794372,0.0,-0.35453224182128906,-2904.328125,-127.63160705566406,0.0457763709127903,16.479493528604507,986.0921742444144,1,1789162801.0734162,38.99138408333334,-76.93669351,-10.214000000000002,0,1,17.089956000000004,6.9484960000000004,72.62448400000001,1,1,1789162802.0295494,-0.9417953474790792,0.3300266683238818,-0.020046064972069483,-0.06084469525714316,174.1638384884949,-4.468978476642455,-38.395342308239925,0.07807520969286394,-0.018768572644246223,-0.5602936249897789,0.4018765236282349,1.259958412780762,-9.417424216823578
2026-09-11T17:40:02.070,2.306000480000023,-232.18898010253906,-20897.008209228516,-83588.03283691406,-159.04945137023927,-0.6356548309326172,-2.2243921756744385,-1.5237086403369904,-3.4084391560866782,-1.0765980756860942,0.0,-0.354339599609375,-2902.75,-127.562255859375,0.0,0.0,-493.1867959480874,1,1789162801.0734162,38.99138408333334,-76.93669351,-10.214000000000002,0,1,17.089956000000004,6.9484960000000004,72.62448400000001,1,1,1789162802.0615492,-0.9445820778925991,0.32205466623634393,-0.021943344973465142,-0.059699076130812136,174.3204897191973,-4.5832380977209395,-37.42608867909832,0.07130472845852755,-0.025806961918763756,-0.5703556226604514,1.9719212145233156,1.2737857895088196,-8.509524544849397
2026-09-11T17:40:02.104,2.3394274880000125,-232.2659454345703,-20903.935089111328,-83615.74035644531,-159.10217262268068,-0.6883760833740235,-2.2767388820648193,-1.5595661342144014,-3.4886500854831777,-1.072710243089124,0.0,-0.35417938232421875,-2901.4375,-127.50457763671875,0.015258789993822575,5.493164397776127,164.33311643620112,1,1789162802.0702615,38.99138215666667,-76.93669234833334,-10.193000000000001,0,1,18.113536000000003,7.300803999999999,72.67562500000001,1,1,1789162802.1015491,-0.9482281322999576,0.3115981693609139,-0.02108152696956632,-0.05766766153133682,174.46206479269853,-4.353997194959194,-36.17149791650491,0.06376734955086483,-0.061047952043332465,-0.5824423767963625,-0.4140367698287964,-0.4817026559448242,-11.131136332588195
2026-09-11T17:40:02.137,2.372844576000034,-232.34307861328125,-20910.877075195312,-83643.50830078125,-159.15500885009766,-0.7412123107910157,-2.3027400970458984,-1.5773769664764405,-3.5284917825618263,-0.532985766504481,0.0,-0.354095458984375,-2900.75,-127.474365234375,0.0,0.0,-164.3818993974756,1,1789162802.0702615,38.99138215666667,-76.93669234833334,-10.193000000000001,0,1,18.113536000000003,7.300803999999999,72.67562500000001,1,1,1789162802.1295493,-0.9507144169577628,0.3039708692417973,-0.021594507305581826,-0.05724932571896677,174.4908917723089,-4.350905998255507,-35.25172425475353,0.16484407892283684,-0.04347318460745036,-0.5862901296653091,1.906412791442871,0.010591182174682617,-7.391076093902588
2026-09-11T17:40:02.170,2.4062608319999867,-232.4206085205078,-20917.854766845703,-83671.41906738281,-159.20811683654787,-0.794320297241211,-2.3285715579986572,-1.5950715172290804,-3.5680733653120047,-0.5295192481367413,0.0,-0.3546466827392578,-2905.265625,-127.67280578613281,0.0,0.0,0.0,1,1789162802.0702615,38.99138215666667,-76.93669234833334,-10.193000000000001,0,1,18.113536000000003,7.300803999999999,72.67562500000001,1,1,1789162802.1615493,-0.9533607002202549,0.2956022137628242,-0.022946745306808042,-0.05653453257865486,174.57680887238658,-4.426290089455754,-34.243754891685846,-0.13012075345440965,-0.0796276800625129,-0.5738159124354553,3.8805895355033875,0.22113996114730836,-16.65443783668518
2026-09-11T17:40:02.204,2.4396841920000156,-232.4997100830078,-20924.973907470703,-83699.89562988281,-159.26230140686036,-0.848504867553711,-2.355102300643921,-1.613245075941086,-3.6087264583506715,-0.5437382331396318,0.0,-0.3553657531738281,-2911.15625,-127.93167114257812,-0.0915527492761612,-32.95898973941803,-986.1064159734256,1,1789162802.0702615,38.99138215666667,-76.93669234833334,-10.193000000000001,0,1,18.113536000000003,7.300803999999999,72.67562500000001,1,1,1789162802.2015493,-0.9568253767728995,0.28435638498070576,-0.024456672921067048,-0.0550319528431927,174.7395550365586,-4.479299064769539,-32.89668896176742,0.003603581306592692,-0.12245561644550094,-0.593593110854429,2.1630528261756896,0.027850886459350587,-11.666579431419372
2026-09-11T17:40:02.238,2.4731080960000327,-232.57424926757812,-20931.68243408203,-83726.72973632812,-159.31336074829102,-0.8995642089843751,-2.2263357639312744,-1.525039998292923,-3.4114173190160195,2.638981898946272,0.0,-0.35543251037597656,-2911.703125,-127.95570373535156,0.0305175818502903,10.986329466104507,1314.787141726476,1,1789162802.0702615,38.99138215666667,-76.93669234833334,-10.193000000000001,0,1,18.113536000000003,7.300803999999999,72.67562500000001,1,1,1789162802.2295492,-0.9592484680439642,0.2768356147703408,-0.022220592381818033,-0.05206403964577141,174.9625849235753,-4.0976480036433935,-32.0155702657802,0.04128960318028026,-0.11012591247771221,-0.6023030019535816,-1.6858612293052675,0.4214898239517212,-10.230297448730468
2026-09-11T17:40:02.271,2.506528096000011,-232.64744567871094,-20938.270111083984,-83753.08044433594,-159.363500289917,-0.9497037506103516,-2.1744027137756348,-1.48946585893631,-3.3318402356306107,1.0644565935558434,0.0,-0.354827880859375,-2906.75,-127.738037109375,0.0,0.0,-328.7351725347594,1,1789162802.0702615,38.99138215666667,-76.93669234833334,-10.193000000000001,0,1,18.113536000000003,7.300803999999999,72.67562500000001,1,1,1789162802.2615492,-0.961709366403457,0.26849996632153217,-0.020835883169621424,-0.05087955021164318,175.01635680490278,-3.864575944779523,-31.030197914417467,0.025824938810059296,-0.10489498617656,-0.5686469453227488,1.380187943763733,0.30655588405609135,-9.445569302787781
2026-09-11T17:40:02.304,2.539957216000005,-232.72320556640625,-20945.088500976562,-83780.35400390625,-159.4153958129883,-1.0015992736816408,-2.2532317638397217,-1.5434637582302095,-3.4526300962558336,-1.6152952663399318,0.0,-0.3546466827392578,-2905.265625,-127.67280578613281,0.0,0.0,0.0,1,1789162802.0702615,38.99138215666667,-76.93669234833334,-10.193000000000001,0,1,18.113536000000003,7.300803999999999,72.67562500000001,1,1,1789162802.3015492,-0.9644763757822878,0.25840788788983027,-0.020689178690332752,-0.0508197001102886,174.9785806105223,-3.7941987011424576,-29.831045388286306,-0.029180159764093196,0.014702653618800233,-0.5869242077825587,-0.4212936909484863,1.1799361474609376,-11.247835469512939
2026-09-11T17:40:02.337,2.5733776960000228,-232.80271911621094,-20952.244720458984,-83808.97888183594,-159.4698625946045,-1.0560660552978516,-2.3850913047790527,-1.6337875437736513,-3.654678650173697,-2.702647763987628,0.0,-0.3545246124267578,-2904.265625,-127.62886047363281,0.0,0.0,0.0,1,1789162802.0702615,38.99138215666667,-76.93669234833334,-10.193000000000001,0,1,18.113536000000003,7.300803999999999,72.67562500000001,1,1,1789162802.3295493,-0.9665731317107482,0.25037173328828793,-0.020739416943395365,-0.05118840503417857,174.9076408372009,-3.7684578165415803,-28.876687037948262,-0.02261126405836214,0.04307699486724764,-0.6214161025921715,2.3390821965789796,1.6777217096710206,-9.066738407039642
2026-09-11T17:40:02.371,2.6067940160000376,-232.88478088378906,-20959.630279541016,-83838.52111816406,-159.52607490539552,-1.1122783660888673,-2.489572525024414,-1.7053571796417237,-3.8147753660561063,-2.1417569579187856,0.0,-0.3545246124267578,-2904.265625,-127.62886047363281,0.0,0.0,0.0,1,1789162802.0702615,38.99138215666667,-76.93669234833334,-10.193000000000001,0,1,18.113536000000003,7.300803999999999,72.67562500000001,1,1,1789162802.3615491,-0.9687997128427197,0.24128042346796755,-0.02153472068275391,-0.05241306566208327,174.75762280290283,-3.8427377128929097,-27.794113369521856,0.018233629228509962,0.0962805645874916,-0.6397520081148483,0.34372308816909786,2.0702819156455994,-10.141743397769929
2026-09-11T17:40:02.405,2.6402236160000143,-232.9720458984375,-20967.484130859375,-83869.9365234375,-159.5858514404297,-1.172054901123047,-2.567882776260376,-1.7589997017383576,-3.9347702705313967,-1.6046414583683684,0.0,-0.35478973388671875,-2906.4375,-127.72430419921875,-0.0457763746380806,-16.479494869709015,-492.96117422046564,1,1789162802.0702615,38.99138215666667,-76.93669234833334,-10.193000000000001,0,1,18.113536000000003,7.300803999999999,72.67562500000001,1,1,1789162802.4015493,-0.9715190528124228,0.22879151399312395,-0.027270558913766882,-0.05533073073544075,174.53003871025905,-4.4912091466714745,-26.2885989794637,0.06292732258187995,0.27484572395780704,-0.6814009745881142,2.079696299800873,2.1601108311271666,-12.039134071063994
2026-09-11T17:40:02.438,2.673639680000008,-233.0629119873047,-20975.662078857422,-83902.64831542969,-159.6480947113037,-1.2342981719970705,-2.699100971221924,-1.848884165287018,-4.135836089135236,-2.689857894355168,0.0,-0.3531494140625,-2893.0,-127.1337890625,0.0762939527630806,27.465822994709015,1315.0955739259534,1,1789162802.0702615,38.99138215666667,-76.93669234833334,-10.193000000000001,0,1,18.113536000000003,7.300803999999999,72.67562500000001,1,1,1789162802.4295492,-0.9735098303842357,0.21960708111699567,-0.030519712156545437,-0.055855950787819804,174.50920920656958,-4.815947726305186,-25.193251467482998,-0.04973560049653121,0.2557441424922803,-0.7028285563477737,4.578430761013031,4.3566043343544,-8.099214302082062
2026-09-11T17:40:02.471,2.7070562879999898,-233.1544189453125,-20983.897705078125,-83935.5908203125,-159.71077697753907,-1.296980438232422,-2.725457191467285,-1.8669381761550905,-4.1762217612631725,-0.5402706004176812,0.0,-0.342376708984375,-2804.75,-123.255615234375,0.4272461533546448,153.80861520767212,3780.8383248542727,1,1789162802.0702615,38.99138215666667,-76.93669234833334,-10.193000000000001,0,1,18.113536000000003,7.300803999999999,72.67562500000001,1,1,1789162802.4615493,-0.975451721845423,0.20914200436347052,-0.03684443551767406,-0.05827562038291709,174.33354583402394,-5.52359714780143,-23.92904270677058,0.05615963387434674,0.30189309137596315,-0.6724161941317726,5.316479252185822,1.0471541042709351,-8.521782857551575
2026-09-11T17:40:02.504,2.740482560000032,-233.24462890625,-20992.0166015625,-83968.06640625,-159.77257080078127,-1.3587742614746094,-2.726256847381592,-1.8674859404563906,-4.177447075108242,-0.0163872387952628,0.0,-0.3151378631591797,-2581.609375,-113.44963073730469,0.6866456270217896,247.19242572784424,2793.7249634076315,1,1789162802.0702615,38.99138215666667,-76.93669234833334,-10.193000000000001,0,1,18.113536000000003,7.300803999999999,72.67562500000001,1,1,1789162802.5015492,-0.9778754028058375,0.196926690735909,-0.040024322784951216,-0.05811736959576114,174.3527126233666,-5.806394141482466,-22.485493293992477,0.03455280680050734,0.18192945603645974,-0.595347690351459,5.208213834400176,0.6249778148078918,-8.187376087036132
2026-09-11T17:40:02.538,2.7739020800000276,-233.3350372314453,-21000.153350830078,-84000.61340332031,-159.83450050354006,-1.4207039642333985,-2.726898193359375,-1.867925262451172,-4.178429810422267,-0.013145670398061424,0.0,-0.29866981506347656,-2446.703125,-107.52113342285156,1.0681153535842896,384.52152729034424,4109.248174794821,1,1789162802.0702615,38.99138215666667,-76.93669234833334,-10.193000000000001,0,1,18.113536000000003,7.300803999999999,72.67562500000001,1,1,1789162802.5295494,-0.9791461890727086,0.18940893081027552,-0.04157393293387791,-0.06056901397669642,174.06341674626225,-5.990210593900487,-21.58558749828656,0.019769518970264972,0.15961385075338544,-0.56791285983936,-0.7858068774604798,1.380874409275055,-5.599793375358582
2026-09-11T17:40:02.572,2.807318176000024,-233.42425537109375,-21008.182983398438,-84032.73193359375,-159.89561492919924,-1.4818183898925783,-2.7278096675872803,-1.868549622297287,-4.1798264636213425,-0.01868440424983083,0.0,-0.27101707458496094,-2220.171875,-97.56614685058594,0.5493165254592896,197.75394916534424,-5589.150154614733,1,1789162802.0702615,38.99138215666667,-76.93669234833334,-10.193000000000001,0,1,18.113536000000003,7.300803999999999,72.67562500000001,1,1,1789162802.5695493,-0.9812599715139957,0.17905133452644173,-0.03891399694297161,-0.059625403567397865,174.05483680576998,-5.6079799915098585,-20.390637946364105,0.028054247863631657,0.02035141174287988,-0.4767256896079636,-2.6181794601821897,2.2117918774795533,-11.795634947547912
2026-09-11T17:40:02.606,2.8407376000000113,-233.5189971923828,-21016.709747314453,-84066.83898925781,-159.96051307678223,-1.546716537475586,-2.8065173625946045,-1.9224643933773042,-4.300430371728038,-1.613276490942437,0.0,-0.23923492431640625,-1959.8125,-86.12457275390625,0.7324219942092896,263.67191791534424,1972.4447898929914,1,1789162802.0702615,38.99138215666667,-76.93669234833334,-10.193000000000001,0,1,18.113536000000003,7.300803999999999,72.67562500000001,1,1,1789162802.6015491,-0.9824715964676154,0.17152668358134435,-0.03986486852775129,-0.06114696403931599,173.8573915791078,-5.699373767264023,-19.500502175117067,0.10771159852342846,0.042803850839310535,-0.5058061910717678,-4.0702501496315,2.4325395726203918,-7.584463235092163
2026-09-11T17:40:02.639,2.8741511040000205,-233.6103973388672,-21024.935760498047,-84099.74304199219,-160.02312217712404,-1.609325637817383,-2.8339500427246094,-1.9412557792663576,-4.34246550480126,-0.5623889637270071,0.0,-0.2266826629638672,-1856.984375,-81.60575866699219,0.6713868379592896,241.69926166534424,-657.5980851931588,1,1789162802.0702615,38.99138215666667,-76.93669234833334,-10.193000000000001,0,1,18.113536000000003,7.300803999999999,72.67562500000001,1,1,1789162802.6295493,-0.9833966189378847,0.1654958343856715,-0.0402959048364766,-0.06259759353151408,173.66556534709935,-5.737615417201957,-18.787837075075057,-0.03193725638346864,-0.038064583788445135,-0.42821723010850954,-5.449849694385528,-0.723632715435028,-9.278071718025208
2026-09-11T17:40:02.672,2.907567744000005,-233.71055603027344,-21033.95004272461,-84135.80017089844,-160.09173088073732,-1.6779343414306642,-2.9392518997192383,-2.0133875513076784,-4.503819683490686,-2.1585584918577805,0.0,-0.19966506958007812,-1635.65625,-71.87942504882812,0.44250500202178955,159.30180072784424,-2465.7613972421623,1,1789162802.0702615,38.99138215666667,-76.93669234833334,-10.193000000000001,0,1,18.113536000000003,7.300803999999999,72.67562500000001,1,1,1789162802.6695492,-0.9845306394195562,0.15752100911827846,-0.042686608687553876,-0.06375268754519056,173.5291550681472,-5.977466371377346,-17.841906754583395,0.028296325030883265,0.005546830895763178,-0.3846766757919322,-0.9979247204589844,0.006276256103515626,-11.529188262653351
2026-09-11T17:40:02.705,2.9409915200000114,-233.8138427734375,-21043.245849609375,-84172.9833984375,-160.1624822998047,-1.748685760498047,-3.0969536304473877,-2.1214132368564607,-4.745466259968813,-3.232001242132587,0.0,-0.18932151794433594,-1550.921875,-68.15574645996094,0.7324219942092896,263.67191791534424,3122.6309435379126,1,1789162802.0702615,38.99138215666667,-76.93669234833334,-10.193000000000001,0,1,18.113536000000003,7.300803999999999,72.67562500000001,1,1,1789162802.7015493,-0.9854548109928446,0.1516283285844681,-0.04267726105940577,-0.06376767872680429,173.49174739191065,-5.937929233912872,-17.156674011336655,0.046133066387489714,-0.0032416000197290685,-0.3933043618833158,-1.2002359132957459,2.619748524208069,-9.57433061941147
2026-09-11T17:40:02.738,2.9744059839999863,-233.91912841796875,-21052.721557617188,-84210.88623046875,-160.23460296630861,-1.8208064270019533,-3.149867534637451,-2.1576592612266543,-4.826546307325188,-1.0847405593643766,0.0,-0.1683025360107422,-1378.734375,-60.58891296386719,-0.0457763709127903,-16.479493528604507,-8384.136026966013,1,1789162802.0702615,38.99138215666667,-76.93669234833334,-10.193000000000001,0,1,18.113536000000003,7.300803999999999,72.67562500000001,1,1,1789162802.7295492,-0.9861328371945385,0.14713067626711773,-0.04395659397423079,-0.06294767155356049,173.57886079000536,-6.039677550121055,-16.632724604905142,0.007343472827766141,0.011817973431104006,-0.38356193399868344,1.5253263661575318,1.2813369101333618,-9.503036272735596
2026-09-11T17:40:02.772,3.0078209600000037,-234.02935791015625,-21062.642211914062,-84250.56884765625,-160.31011016845704,-1.8963136291503908,-3.255535125732422,-2.230041561126709,-4.988460900873986,-2.166163456170588,0.0,-0.16089630126953125,-1318.0625,-57.92266845703125,0.4119873642921448,148.31545114517212,4931.769056895067,1,1789162802.0702615,38.99138215666667,-76.93669234833334,-10.193000000000001,0,1,18.113536000000003,7.300803999999999,72.67562500000001,1,1,1789162802.7695494,-0.9870427777202021,0.1405373480610777,-0.04487223155655041,-0.06310540060472213,173.53471331152636,-6.10316254413433,-15.861834971855735,-0.021661804945277224,-0.1100985108084559,-0.32639925940321557,0.5421116209411622,-0.33156284196853636,-7.296147720336914
2026-09-11T17:40:02.806,3.0412680960000102,-234.141845703125,-21072.76611328125,-84291.064453125,-160.38716430664064,-1.9733677673339844,-3.3606624603271484,-2.3020537853240968,-5.14954765865268,-2.153016156521549,0.0,-0.14447593688964844,-1183.546875,-52.01133728027344,0.5340576767921448,192.26076364517212,1313.8737050607663,1,1789162802.0702615,38.99138215666667,-76.93669234833334,-10.193000000000001,0,1,18.113536000000003,7.300803999999999,72.67562500000001,1,1,1789162802.8015492,-0.9878001454039242,0.1358041532349718,-0.042213575826791125,-0.06345170383870108,173.4269018914302,-5.775516768132138,-15.324127863118752,0.0070785318473134025,-0.1484838861134176,-0.3279032096196591,-1.2191627481079101,1.9719212145233156,-11.491726859035492
2026-09-11T17:40:02.839,3.0746859520000385,-234.25660705566406,-21083.094635009766,-84332.37854003906,-160.4657758331299,-2.0519792938232424,-3.439269781112671,-2.3558998000621796,-5.2699977632027935,-1.6112947143598122,0.0,-0.13297080993652344,-1089.296875,-47.86949157714844,0.061035215854644775,21.97267770767212,-5095.721459131196,1,1789162802.0702615,38.99138215666667,-76.93669234833334,-10.193000000000001,0,1,18.113536000000003,7.300803999999999,72.67562500000001,1,1,1789162802.8295493,-0.9883668410177536,0.13226953304891687,-0.041567474798901126,-0.06251322454049789,173.50432516041684,-5.66460451294544,-14.92308628572731,0.07153947524292077,-0.13764137720125322,-0.3095725400847382,2.479219227390289,1.7127314507484437,-10.219117867546082
2026-09-11T17:40:02.872,3.108104351999998,-234.3734893798828,-21093.614044189453,-84374.45617675781,-160.54584022521973,-2.1320436859130862,-3.491144895553589,-2.3914342534542086,-5.349486071613739,-1.0633200090989394,0.0,-0.1298503875732422,-1063.734375,-46.74613952636719,0.04577639698982239,16.47950291633606,-164.37575680890495,1,1789162802.0702615,38.99138215666667,-76.93669234833334,-10.193000000000001,0,1,18.113536000000003,7.300803999999999,72.67562500000001,1,1,1789162802.8695493,-0.9889244515123272,0.12701213598513178,-0.04113492871349856,-0.06484029729475806,173.20237509338554,-5.614207614397946,-14.303696155926918,-0.04172733175668043,-0.1432747764279153,-0.30363178837679994,4.088098252925873,1.0161650897598267,-11.735127916049958
2026-09-11T17:40:02.906,3.141532799999993,-234.4911651611328,-21104.204864501953,-84416.81945800781,-160.626448135376,-2.2126515960693363,-3.4906625747680664,-2.3911038637161255,-5.348747010818099,0.009883490196228356,0.0,-0.13210296630859375,-1082.1875,-47.55706787109375,-0.1525879055261612,-54.93164598941803,-2136.2388378235364,1,1789162802.0702615,38.99138215666667,-76.93669234833334,-10.193000000000001,0,1,18.113536000000003,7.300803999999999,72.67562500000001,1,1,1789162802.9015493,-0.9896485025482326,0.12275792296497226,-0.03821002664287439,-0.06376776315127902,173.26231047175392,-5.237535790739741,-13.83340056414313,0.012692208853427964,-0.18451393959281293,-0.2817228448094403,5.561743572731018,-1.095304756565094,-12.350593280200957
2026-09-11T17:40:02.940,3.1749504640000055,-234.6049346923828,-21114.444122314453,-84457.77648925781,-160.70438026428224,-2.290583724975586,-3.4139456748962402,-2.3385527873039247,-5.231193600805123,1.5725538569117639,0.0,-0.1354084014892578,-1109.265625,-48.74702453613281,-0.1525879055261612,-54.93164598941803,0.0,1,1789162802.0702615,38.99138215666667,-76.93669234833334,-10.193000000000001,0,1,18.113536000000003,7.300803999999999,72.67562500000001,1,1,1789162802.9295492,-0.990123297092318,0.11846928032517523,-0.03868514163714736,-0.0642210712366734,173.19398518865336,-5.268466793452809,-13.332622504505839,-0.09219544694027365,-0.014742098059895303,-0.32967611507383493,8.706638213100433,3.741727369213104,-7.476590083312988
2026-09-11T17:40:02.973,3.208366176000027,-234.71836853027344,-21124.65316772461,-84498.61267089844,-160.78208244323733,-2.3682859039306643,-3.3633100986480713,-2.303867417573929,-5.15360463845277,1.03799583052348,0.0,-0.13748550415039062,-1126.28125,-49.494781494140625,-0.01525880303233862,-5.493169091641903,1479.497934915902,1,1789162802.0702615,38.99138215666667,-76.93669234833334,-10.193000000000001,0,1,18.113536000000003,7.300803999999999,72.67562500000001,1,1,1789162802.9695492,-0.9907137049319467,0.11258025374218739,-0.037703395403352484,-0.06626081272078574,172.91752850738467,-5.1420834239459685,-12.64761942825294,-0.006832091356931804,-0.14774473917519798,-0.36279461029505333,-2.9353265264129638,1.036464855594635,-0.34784188123703
2026-09-11T17:40:03.006,3.241792320000002,-234.83221435546875,-21134.899291992188,-84539.59716796875,-160.86006683349612,-2.4462702941894534,-3.3905670642852783,-2.322538439035416,-5.195370523969697,-0.5585753912117608,0.0,-0.138519287109375,-1134.75,-49.866943359375,0.0,0.0,164.3375045487152,1,1789162802.0702615,38.99138215666667,-76.93669234833334,-10.193000000000001,0,1,18.113536000000003,7.300803999999999,72.67562500000001,1,1,1789162803.0015492,-0.9914104126374724,0.10757632749278702,-0.03604968760829143,-0.0650626428951815,173.00996098996328,-4.9035394173727,-12.086017242829962,-0.053243014161339024,-0.1570042344558035,-0.3463422641011287,6.268312716884614,1.2956546193695067,-5.910468052482605
2026-09-11T17:40:03.039,3.275207488000035,-234.94293212890625,-21144.863891601562,-84579.45556640625,-160.9359085083008,-2.5221119689941407,-3.3389148712158203,-2.2871566867828372,-5.116223798279426,1.0588530410065098,0.0,-0.1387195587158203,-1136.390625,-49.93904113769531,-0.01525880303233862,-5.493169091641903,-164.39148507756857,1,1789162802.0702615,38.99138215666667,-76.93669234833334,-10.193000000000001,0,1,18.113536000000003,7.300803999999999,72.67562500000001,1,1,1789162803.0295494,-0.9919935651487027,0.10340648368407715,-0.03423326498304395,-0.06390578537395518,173.10187556213663,-4.653802924735548,-11.621522110404849,-0.06500408985882801,-0.10903281276718815,-0.3405413132662752,4.306002019519806,2.149519648952484,-14.738708727588655
2026-09-11T17:40:03.073,3.3086234880000234,-235.05101013183594,-21154.590911865234,-84618.36364746094,-161.00994194030764,-2.596145401000977,-3.2876439094543457,-2.252036077976227,-5.037661233840875,1.0510117550461546,0.0,-0.13857650756835938,-1135.21875,-49.887542724609375,-0.03051757998764515,-10.986328795552254,-164.38711108188494,1,1789162802.0702615,38.99138215666667,-76.93669234833334,-10.193000000000001,0,1,18.113536000000003,7.300803999999999,72.67562500000001,1,1,1789162803.0695493,-0.9927797229316444,0.09784654971163186,-0.032696084603091945,-0.06120000405983596,173.36985862891018,-4.410194959739649,-11.001997078074412,-0.0859668904386815,-0.061530884647359285,-0.31778693220924953,2.7448813802719116,1.435889716682434,-11.264800974292754
2026-09-11T17:40:03.107,3.3420504640000104,-235.16006469726562,-21164.405822753906,-84657.62329101562,-161.08464431762695,-2.670847778320313,-3.2099857330322266,-2.1988402271270755,-4.918665504489694,1.5914048237319571,0.0,-0.1381397247314453,-1131.640625,-49.73030090332031,-0.0915527418255806,-32.958987057209015,-657.3331150764371,1,1789162803.0724263,38.991375195,-76.93668467333333,-10.066000000000003,0,1,17.089956000000004,6.9484960000000004,72.64152899999999,1,1,1789162803.1015491,-0.9933263044015354,0.09249495694276119,-0.031065697163788156,-0.061501694154494226,173.2955453409463,-4.191712544509276,-10.394036150236145,-0.019482412308311905,-0.04707292618968867,-0.36434847692810385,-1.775788211288452,4.666004146957397,-8.272595876941681
2026-09-11T17:40:03.140,3.375465408000025,-235.2672882080078,-21174.055938720703,-84696.22375488281,-161.15809242248537,-2.744295883178711,-3.1855528354644775,-2.1821036922931674,-4.881226942316493,0.5008697555770494,0.0,-0.13811302185058594,-1131.421875,-49.72068786621094,-0.01525880303233862,-5.493169091641903,821.9621126869183,1,1789162803.0724263,38.991375195,-76.93668467333333,-10.066000000000003,0,1,17.089956000000004,6.9484960000000004,72.64152899999999,1,1,1789162803.1295493,-0.9938153031647937,0.08868118298804664,-0.031245089981090723,-0.059080752630473736,173.55871880368088,-4.162325275466965,-9.964027712086118,-0.02315493412035837,-0.06241489391349442,-0.3028957830312339,-0.3785366962432862,-1.8569872746276856,-6.549175177516938
2026-09-11T17:40:03.173,3.4088779840000143,-235.37185668945312,-21183.46710205078,-84733.86840820312,-161.2297218322754,-2.81592529296875,-3.161003351211548,-2.1652872955799105,-4.843609734207024,0.5032954272445878,0.0,-0.1360931396484375,-1114.875,-48.9935302734375,0.1068115383386612,38.45215380191803,1315.2330096779747,1,1789162803.0724263,38.991375195,-76.93668467333333,-10.066000000000003,0,1,17.089956000000004,6.9484960000000004,72.64152899999999,1,1,1789162803.1695492,-0.9943790995025699,0.08274157794971866,-0.032334499402699474,-0.05760657861065724,173.71271735989734,-4.234483561517317,-9.280494879834093,0.015461173711716967,0.023149872665527586,-0.27653066481768235,2.0569448714256287,0.04481639123916626,-9.23521665681839
2026-09-11T17:40:03.207,3.4423003840000206,-235.47703552246094,-21192.933197021484,-84771.73278808594,-161.30176933288575,-2.887972793579102,-3.1357970237731934,-2.1480209612846375,-4.8049860443911845,0.5166096478789606,0.0,-0.13190650939941406,-1080.578125,-47.48634338378906,0.2136230617761612,76.90430223941803,1150.490342928478,1,1789162803.0724263,38.991375195,-76.93668467333333,-10.066000000000003,0,1,17.089956000000004,6.9484960000000004,72.64152899999999,1,1,1789162803.2015493,-0.9945583083082029,0.0789753195773183,-0.03541185574487837,-0.05798853977718369,173.678805225328,-4.565438315186123,-8.828136363570257,0.02743692490720126,0.05682547698398258,-0.25836824502265376,4.631288605384827,-3.2105991964530944,-14.603376955356598
2026-09-11T17:40:03.240,3.4757159680000314,-235.57443237304688,-21201.69891357422,-84806.79565429688,-161.36848617553713,-2.954689636230469,-2.9042091369628906,-1.9893832588195803,-4.45012361045897,4.747416728224952,0.0,-0.12376594543457031,-1013.890625,-44.55574035644531,0.5950928330421448,214.23341989517212,4109.732682083601,1,1789162803.0724263,38.991375195,-76.93668467333333,-10.066000000000003,0,1,17.089956000000004,6.9484960000000004,72.64152899999999,1,1,1789162803.2295492,-0.9950178735189605,0.07540028956036714,-0.03582458738852174,-0.05450529011445799,174.0654431391772,-4.5604952818038615,-8.430416621716205,-0.001503252084742716,-0.006834883883734994,-0.2672519709153049,0.23938033044815066,-0.5518202046012879,-4.851840167522431
2026-09-11T17:40:03.273,3.5091258560000256,-235.66787719726562,-21210.108947753906,-84840.43579101562,-161.43249588012696,-3.0186993408203127,-2.800624370574951,-1.9184276938438416,-4.291400532041516,2.1237893696546064,0.0,-0.10744857788085938,-880.21875,-38.681488037109375,0.5035400986671448,181.27443552017212,-986.5038869632157,1,1789162803.0724263,38.991375195,-76.93668467333333,-10.066000000000003,0,1,17.089956000000004,6.9484960000000004,72.64152899999999,1,1,1789162803.2695494,-0.9954963132056741,0.0714306251953877,-0.033972477943658846,-0.05225540087372905,174.29148118770493,-4.307210847027633,-7.993462298754487,0.06750497214401067,-0.033530218391763865,-0.2600144395731348,-1.2169072185707093,0.5890854752159118,-8.055672775363922
2026-09-11T17:40:03.306,3.542550463999987,-235.76634216308594,-21218.970794677734,-84875.88317871094,-161.49994438171387,-3.0861478424072266,-2.9320809841156006,-2.0084754741191864,-4.492831679758376,-2.694056435170405,0.0,-0.10639190673828125,-871.5625,-38.30108642578125,0.030517585575580597,10.986330807209015,-5094.692650192298,1,1789162803.0724263,38.991375195,-76.93668467333333,-10.066000000000003,0,1,17.089956000000004,6.9484960000000004,72.64152899999999,1,1,1789162803.3015492,-0.9956276578075547,0.06870061851566513,-0.037239591695308064,-0.051176213562302064,174.4272996480612,-4.656694884252264,-7.667806907464949,0.0378593330684106,0.02353052897538755,-0.19673072075799763,1.6299633233833313,1.9352443429183959,-11.927044059715271
2026-09-11T17:40:03.340,3.575965856000039,-235.86692810058594,-21228.023529052734,-84912.09411621094,-161.56884574890137,-3.155049209594727,-3.037203550338745,-2.0804844319820406,-4.6539111309548105,-2.154963732364497,0.0,-0.105072021484375,-860.75,-37.825927734375,0.0,0.0,-328.7805454202665,1,1789162803.0724263,38.991375195,-76.93668467333333,-10.066000000000003,0,1,17.089956000000004,6.9484960000000004,72.64152899999999,1,1,1789162803.3295493,-0.9958287824635413,0.066422993302588,-0.037922786125357134,-0.04974820871544418,174.58537911199787,-4.7114717618021835,-7.409176304361983,0.02061565459163182,0.048790155640725884,-0.20042034679671367,2.0400774331474305,3.4900887260627744,-8.83275173418045
2026-09-11T17:40:03.374,3.6093827519999877,-235.96954345703125,-21237.258911132812,-84949.03564453125,-161.6391372680664,-3.225340728759766,-3.0634169578552246,-2.098440616130829,-4.694077970944047,-0.5373384813722986,0.0,-0.10296821594238281,-843.515625,-37.06855773925781,0.0762939602136612,27.46582567691803,821.9143297139303,1,1789162803.0724263,38.991375195,-76.93668467333333,-10.066000000000003,0,1,17.089956000000004,6.9484960000000004,72.64152899999999,1,1,1789162803.3695493,-0.9960601135919093,0.06292019669402374,-0.03855230907553053,-0.04918351781037373,174.63786181589575,-4.760458124500222,-7.005988461808446,0.035929697047405666,0.06988752110590815,-0.19287668470374375,0.40903537824630737,3.549124760036469,-9.970813485450744
2026-09-11T17:40:03.407,3.6427984320000064,-236.07754516601562,-21246.979064941406,-84987.91625976562,-161.71311843872073,-3.2993218994140627,-3.2196621894836426,-2.2054685997962955,-4.933492751870734,-3.2029269991036085,0.0,-0.10318756103515625,-845.3125,-37.14752197265625,-0.061035171151161194,-21.97266161441803,-1479.4996627723385,1,1789162803.0724263,38.991375195,-76.93668467333333,-10.066000000000003,0,1,17.089956000000004,6.9484960000000004,72.64152899999999,1,1,1789162803.4015493,-0.996094637507209,0.06029029692625631,-0.041960928294082565,-0.0489880977649129,174.6691474748263,-5.134907849880633,-6.688184352729418,-0.03194563396387821,0.05757945922084413,-0.2148969802773806,1.925045426750183,1.0379358531188965,-12.413061641731261
2026-09-11T17:40:03.440,3.6762278080000215,-236.18988037109375,-21257.089233398438,-85028.35693359375,-161.79006805419922,-3.3762715148925784,-3.349921703338623,-2.294696366786957,-5.133089582111118,-2.6691424629230647,0.0,-0.10368919372558594,-849.421875,-37.32810974121094,-0.015258791856467724,-5.493165068328381,492.9645275485318,1,1789162803.0724263,38.991375195,-76.93668467333333,-10.066000000000003,0,1,17.089956000000004,6.9484960000000004,72.64152899999999,1,1,1789162803.4295492,-0.9961849304478554,0.05769655229984355,-0.04245528791625964,-0.04984215815211477,174.5606196104934,-5.183056730510295,-6.383072273892643,0.04057733431254137,0.0781485135214477,-0.23381093884831797,1.0676500031089782,6.059921400947571,-7.974473712024688
2026-09-11T17:40:03.474,3.709643136000011,-236.31007385253906,-21267.906646728516,-85071.62658691406,-161.87240058898928,-3.4586040496826174,-3.584296703338623,-2.455243241786957,-5.49222271337454,-4.804587732912576,0.0,-0.10374832153320312,-849.90625,-37.349395751953125,-0.1831054836511612,-65.91797411441803,-1808.2961521762852,1,1789162803.0724263,38.991375195,-76.93668467333333,-10.066000000000003,0,1,17.089956000000004,6.9484960000000004,72.64152899999999,1,1,1789162803.4695492,-0.9964856310987358,0.05326433290085224,-0.04320682212262425,-0.04808813134698957,174.74332783712615,-5.23452848788616,-5.878885906631795,0.09750264412973803,0.11036380085475904,-0.25680076482143765,-2.8545197290802005,2.55669176366806,-6.898095790271759
2026-09-11T17:40:03.507,3.7430598720000035,-236.4356689453125,-21279.210205078125,-85116.8408203125,-161.95843322753908,-3.5446366882324223,-3.7407636642456055,-2.5624231100082397,-5.731977250376335,-3.207370947937799,0.0,-0.10520172119140625,-861.8125,-37.87261962890625,-0.1525879055261612,-54.93164598941803,328.7672418096878,1,1789162803.0724263,38.991375195,-76.93668467333333,-10.066000000000003,0,1,17.089956000000004,6.9484960000000004,72.64152899999999,1,1,1789162803.5015492,-0.996576230727283,0.04937755172768809,-0.04354458418458766,-0.050015426849845494,174.50309456249977,-5.263156304465217,-5.420207990923109,-0.04483715941788392,0.009099099522347238,-0.2855903198989345,-1.7710810192108155,2.6886892748451237,-12.210750448894501
2026-09-11T17:40:03.541,3.7764835199999993,-236.56675720214844,-21291.00814819336,-85164.03259277344,-162.0482286834717,-3.6344321441650393,-3.8970136642456055,-2.66945436000824,-5.971399337885283,-3.2022611655081334,0.0,-0.10586738586425781,-867.265625,-38.11225891113281,0.0,0.0,1643.496424729725,1,1789162803.0724263,38.991375195,-76.93668467333333,-10.066000000000003,0,1,17.089956000000004,6.9484960000000004,72.64152899999999,1,1,1789162803.5295494,-0.9965860657260278,0.04549266225991271,-0.045825054970521494,-0.05144604570004851,174.32831201873935,-5.509918100175909,-4.954159005871816,0.018839258478951994,0.04348889257071831,-0.28604340737275225,2.412632072792053,3.4082031972122193,-9.976501342544555
2026-09-11T17:40:03.574,3.809899392000034,-236.7004852294922,-21303.043670654297,-85212.17468261719,-162.13983238220217,-3.726035842895508,-4.0018815994262695,-2.7412888956069947,-6.1320886175890115,-2.149713034532819,0.0,-0.1060333251953125,-868.625,-38.1719970703125,0.015258791856467724,5.493165068328381,164.38790130398792,1,1789162803.0724263,38.991375195,-76.93668467333333,-10.066000000000003,0,1,17.089956000000004,6.9484960000000004,72.64152899999999,1,1,1789162803.5695493,-0.9969308466516494,0.03971322251683514,-0.04591498888545617,-0.04943238561310188,174.52853260251698,-5.47862367046454,-4.3004088175448665,-0.007815933456281007,-0.06187017665394699,-0.29418798632718385,2.8183331899833677,4.902932814865112,-9.953161515159607
2026-09-11T17:40:03.607,3.843314784000029,-236.83824157714844,-21315.44174194336,-85261.76696777344,-162.2341954803467,-3.820398941040039,-4.106522560119629,-2.812967953681946,-6.292430103977145,-2.1450910429230365,0.0,-0.10725975036621094,-878.671875,-38.61351013183594,-0.1525879055261612,-54.93164598941803,-1808.2927489749534,1,1789162803.0724263,38.991375195,-76.93668467333333,-10.066000000000003,0,1,17.089956000000004,6.9484960000000004,72.64152899999999,1,1,1789162803.6015491,-0.9970511264353835,0.035402629979871904,-0.047894713081834996,-0.0483921638620309,174.63116633723436,-5.677752786472008,-3.800706426580488,-0.0350270127582742,0.02246046761098983,-0.3141219153129866,5.022083614330291,3.37113405960083,-9.106945672702789
2026-09-11T17:40:03.641,3.8767360319999966,-236.97647094726562,-21327.882385253906,-85311.52954101562,-162.32888259887696,-3.9150860595703127,-4.1591291427612305,-2.849003462791443,-6.373039242106836,-1.0782215286973116,0.0,-0.10935592651367188,-895.84375,-39.368133544921875,-0.1373291164636612,-49.43848192691803,164.36142846925674,1,1789162803.0724263,38.991375195,-76.93668467333333,-10.066000000000003,0,1,17.089956000000004,6.9484960000000004,72.64152899999999,1,1,1789162803.6295493,-0.9972547463446784,0.031321473674395195,-0.04804844615366815,-0.04683249942180692,174.7879438686765,-5.668162215129025,-3.339676609309195,-0.021967935696077027,0.00047996554429844063,-0.30978773918150915,8.359776996879578,3.9624750643539426,-8.669078742980957
2026-09-11T17:40:03.675,3.910154048000038,-237.1154327392578,-21340.388946533203,-85361.55578613281,-162.4240714263916,-4.010274887084961,-4.15980863571167,-2.849468915462494,-6.374080430078943,-0.013928195828574859,0.0,-0.11348915100097656,-929.703125,-40.85609436035156,-0.1983642876148224,-71.41114354133606,-657.5094588018262,1,1789162803.0724263,38.991375195,-76.93668467333333,-10.066000000000003,0,1,17.089956000000004,6.9484960000000004,72.64152899999999,1,1,1789162803.6695492,-0.9973787955018015,0.02521312545482019,-0.050734221212657235,-0.045009725461506146,174.96893371667483,-5.939147407960065,-2.6350322170418488,0.030614645876307335,0.06131359115548599,-0.33493845730152305,3.5760930479812623,1.6374163775062562,-10.435256437110901
2026-09-11T17:40:03.708,3.9435695679999867,-237.2514190673828,-21352.627716064453,-85410.51086425781,-162.51722206115724,-4.103425521850586,-4.109645843505859,-2.8151074028015137,-6.29721591535771,1.0283099787473977,0.0,-0.11735153198242188,-961.34375,-42.246551513671875,-0.015258817933499813,-5.493174456059933,1972.6752444785377,1,1789162803.0724263,38.991375195,-76.93668467333333,-10.066000000000003,0,1,17.089956000000004,6.9484960000000004,72.64152899999999,1,1,1789162803.7015493,-0.9976024705943065,0.019856453028716473,-0.04925429800674874,-0.04437393452373289,175.00806389546028,-5.741165012389232,-2.0300800757942006,-0.046010195208149314,-0.016431925841676215,-0.3599345392498102,2.3416319256210327,-0.7521700674057007,-4.194892673187256
2026-09-11T17:40:03.741,3.9769908800000167,-237.38507080078125,-21364.656372070312,-85458.62548828125,-162.60877349853516,-4.194976959228516,-3.982269525527954,-2.727854624986649,-6.102037010081079,2.6106927763573924,0.0,-0.12100410461425781,-991.265625,-43.56147766113281,0.0,0.0,164.36142471172315,1,1789162803.0724263,38.991375195,-76.93668467333333,-10.066000000000003,0,1,17.089956000000004,6.9484960000000004,72.64152899999999,1,1,1789162803.7295492,-0.9978692183556244,0.015290383810343667,-0.04785670807153815,-0.04162886875502458,175.29636190972863,-5.55392320036916,-1.5274745333045598,0.15323327607394455,-0.03628277715508412,-0.3277312946883376,2.9779854546165465,-3.868233156299591,-15.159315953025818
2026-09-11T17:40:03.774,4.010457952000024,-237.51663208007812,-21376.49688720703,-85505.98754882812,-162.69889297485352,-4.285096435546875,-3.958005666732788,-2.71123388171196,-6.064857466249009,0.4966297402618666,0.0,-0.11992645263671875,-982.4375,-43.17352294921875,0.030517593026161194,10.98633348941803,328.272921198948,1,1789162803.0724263,38.991375195,-76.93668467333333,-10.066000000000003,0,1,17.089956000000004,6.9484960000000004,72.64152899999999,1,1,1789162803.7695494,-0.998175921908291,0.008295498983780064,-0.04242742913363909,-0.0421417474276256,175.19690167048316,-4.898983691729473,-0.746723374766501,-0.08645313916828712,-0.27203731465842296,-0.32098751699155675,-6.9586028217697145,-1.7983435066604614,-8.96984870344162
2026-09-11T17:40:03.807,4.043861375999995,-237.64759826660156,-21388.28384399414,-85553.13537597656,-162.78860481262208,-4.37480827331543,-3.985294818878174,-2.7299269509315494,-6.106672671196193,-0.5596153621738209,0.0,-0.11896324157714844,-974.546875,-42.82676696777344,0.030517585575580597,10.986330807209015,-8.029742744022015e-05,1,1789162803.0724263,38.991375195,-76.93668467333333,-10.066000000000003,0,1,17.089956000000004,6.9484960000000004,72.64152899999999,1,1,1789162803.8015492,-0.9980868523490948,0.0029345316958474476,-0.0455085405913565,-0.04174920867330647,175.21491930265606,-5.226200910002492,-0.11840380590464224,-0.014143799192311648,-0.05896996303590801,-0.3436424142812187,6.556628231639862,3.3789793797302243,-6.392268774929047
2026-09-11T17:40:03.840,4.077267552000023,-237.78025817871094,-21400.223236083984,-85600.89294433594,-162.879476852417,-4.465680313110352,-3.9606246948242188,-2.7130279159545903,-6.068870606555537,0.505865591348883,0.0,-0.11934089660644531,-977.640625,-42.96272277832031,-0.0457763709127903,-16.479493528604507,-822.1780408446143,1,1789162803.0724263,38.991375195,-76.93668467333333,-10.066000000000003,0,1,17.089956000000004,6.9484960000000004,72.64152899999999,1,1,1789162803.8295493,-0.9980249729933734,-0.001868251713511791,-0.045114627373969804,-0.0436730273054061,174.96886201660163,-5.157156088293642,0.44123242352143005,-0.013179853846435179,0.021999351622612927,-0.3733992308301709,0.5863396131706238,2.500009325733185,-8.451861441898346
2026-09-11T17:40:03.874,4.110668799999985,-237.91143798828125,-21412.029418945312,-85648.11767578125,-162.96933502197268,-4.555538482666016,-3.935084819793701,-2.6955331015586856,-6.029735821310582,0.5237772671226175,0.0,-0.11898612976074219,-974.734375,-42.83500671386719,0.030517585575580597,10.986330807209015,822.2993444989004,1,1789162803.0724263,38.991375195,-76.93668467333333,-10.066000000000003,0,1,17.089956000000004,6.9484960000000004,72.64152899999999,1,1,1789162803.8695493,-0.9980064338870909,-0.008446806830842257,-0.0452459709125034,-0.04318114739697116,174.99138611184404,-5.139563458248474,1.1947789263250665,0.024176300798625452,0.008974133947904443,-0.35448352692998153,-1.051469030342102,3.4936191201210023,-11.613427387542725
2026-09-11T17:40:03.909,4.144089055999984,-238.0458984375,-21424.130859375,-85696.5234375,-163.0614404296875,-4.64764389038086,-3.96087384223938,-2.7131985819339755,-6.0692523754786425,-0.5285860280450908,0.0,-0.11712265014648438,-959.46875,-42.164154052734375,0.015258789993822575,5.493164397776127,-164.36637736805434,1,1789162803.0724263,38.991375195,-76.93668467333333,-10.066000000000003,0,1,17.089956000000004,6.9484960000000004,72.64152899999999,1,1,1789162803.9015493,-0.9979560659266877,-0.013546219483347877,-0.04519918998268172,-0.043095517664217126,174.97517506068016,-5.108729372329248,1.7796753004196464,-0.095353271155907,-0.04273019794487637,-0.3342535901030404,-2.934443927898407,-0.4283544790649414,-11.318639483680725
2026-09-11T17:40:03.942,4.177507584000011,-238.17623901367188,-21435.86151123047,-85743.44604492188,-163.15072372436524,-4.736927185058594,-3.9083101749420166,-2.6771924698352816,-5.9887089965892955,1.0774296252266047,0.0,-0.11190605163574219,-916.734375,-40.28617858886719,0.1831054985523224,65.91797947883606,1808.1231788848133,1,1789162803.0724263,38.991375195,-76.93668467333333,-10.066000000000003,0,1,17.089956000000004,6.9484960000000004,72.64152899999999,1,1,1789162803.9415493,-0.9979202075027528,-0.01929188462300804,-0.04447735466475515,-0.042483497588840256,175.0183531952418,-4.998549814648251,2.432595631811694,0.02535300178032003,0.019969359169618322,-0.28959550146641116,-4.486640515499115,-0.032558078536987306,-8.667705811958312
2026-09-11T17:40:03.974,4.210909568000034,-238.3055419921875,-21447.498779296875,-85789.9951171875,-163.23929626464846,-4.825499725341797,-3.9091577529907227,-2.6777730607986454,-5.990007741586083,-0.017381930467466732,0.0,-0.10383796691894531,-850.640625,-37.38166809082031,0.1373291313648224,49.43848729133606,-493.36866299585574,1,1789162803.0724263,38.991375195,-76.93668467333333,-10.066000000000003,0,1,17.089956000000004,6.9484960000000004,72.64152899999999,1,1,1789162803.9695492,-0.997882834835628,-0.022727120391980278,-0.04540363698710591,-0.040642781492438565,175.20982810222034,-5.09271390253176,2.8225610575228077,0.0562338103675565,0.03658070485839955,-0.2491192217175602,0.08149326284408569,-0.7038232821083069,-12.030406152420044
2026-09-11T17:40:04.007,4.244316416000004,-238.43197631835938,-21458.877868652344,-85835.51147460938,-163.3259037780762,-4.912107238769532,-3.832319498062134,-2.625138856172562,-5.872268379054579,1.5755513548039803,0.0,-0.09763145446777344,-799.796875,-35.14732360839844,0.3662109673023224,131.83594822883606,2466.48414533373,1,1789162803.0724263,38.991375195,-76.93668467333333,-10.066000000000003,0,1,17.089956000000004,6.9484960000000004,72.64152899999999,1,1,1789162804.0015492,-0.9979333858690321,-0.02512794875685847,-0.045014827141437244,-0.03835634102295138,175.4618551749925,-5.0437253952477725,3.084783292768543,0.004741012380117397,-0.045626746371486164,-0.21868137769447993,-0.4663062151908875,0.9719370975303651,-11.666383298416138
2026-09-11T17:40:04.042,4.277719967999985,-238.55691528320312,-21470.12237548828,-85880.48950195312,-163.41148696899415,-4.9976904296875,-3.7548890113830566,-2.572098972797394,-5.753621539006334,1.5878515965965834,0.0,-0.08924102783203125,-731.0625,-32.12677001953125,0.3051758110523224,109.86329197883606,-657.7940049612724,1,1789162803.0724263,38.991375195,-76.93668467333333,-10.066000000000003,0,1,17.089956000000004,6.9484960000000004,72.64152899999999,1,1,1789162804.0415492,-0.997964715941199,-0.028817235190490537,-0.04390796547606216,-0.03616743369567149,175.69916786750719,-4.907808580571921,3.492425550776361,0.06955067256027324,-0.02134886741039464,-0.1821116684103679,0.7114724692344666,-2.865699310264587,-9.971205751457214
2026-09-11T17:40:04.076,4.311136704000035,-238.68157958984375,-21481.342163085938,-85925.36865234375,-163.49688201904297,-5.0830854797363285,-3.7040364742279053,-2.5372649848461153,-5.675700127161132,1.0424114417167365,0.0,-0.08484268188476562,-695.03125,-30.543365478515625,0.1373291313648224,49.43848729133606,-1808.219829950207,1,1789162804.0698495,38.99136700333333,-76.93667309833333,-10.014000000000003,0,1,23.892543999999997,19.642624000000005,185.368225,1,1,1789162804.0695493,-0.9978782941423341,-0.030926548800301993,-0.043667751556846,-0.037088895007232704,175.5839047869696,-4.86775240086026,3.7381178711017395,-0.046345123891607026,-0.06520916604593734,-0.16046923661978785,-2.7242874149322507,-2.0198757338142395,-11.65559598323822
2026-09-11T17:40:04.108,4.344555552000031,-238.80128479003906,-21492.115631103516,-85968.46252441406,-163.57888008117678,-5.165083541870118,-3.626981258392334,-2.484482161998749,-5.55762831513678,1.5794327454785904,0.0,-0.08541297912597656,-699.703125,-30.748672485351562,-0.015258789993822575,-5.493164397776127,-1643.7326531757692,1,1789162804.0698495,38.99136700333333,-76.93667309833333,-10.014000000000003,0,1,23.892543999999997,19.642624000000005,185.368225,1,1,1789162804.1015491,-0.997882564237361,-0.0332736944979073,-0.04302309451123352,-0.035668790058066786,175.73847725635093,-4.789218371834002,3.9978511538366863,0.04043142478707464,-0.08846410753243499,-0.1897291579306972,-2.751353769378662,0.7409904862213135,-10.204604025306702
2026-09-11T17:40:04.141,4.377960352000002,-238.92002868652344,-21502.80258178711,-86011.21032714844,-163.66021965026857,-5.246423110961914,-3.5751545429229736,-2.4489808619022373,-5.478214168535779,1.0627604445032544,0.0,-0.0898284912109375,-735.875,-32.3382568359375,-0.1831054836511612,-65.91797411441803,-1808.8660826196863,1,1789162804.0698495,38.99136700333333,-76.93667309833333,-10.014000000000003,0,1,23.892543999999997,19.642624000000005,185.368225,1,1,1789162804.1295493,-0.9978118747233007,-0.035527328393862516,-0.043758693968812094,-0.03456079137564249,175.85156538987798,-4.868559972402007,4.254771093997577,0.10454626939201153,-0.0077490873459296235,-0.18974783295369352,-3.1068448377418516,-1.355671318359375,-6.082967028827667
2026-09-11T17:40:04.175,4.411362496000038,-239.04144287109375,-21513.729858398438,-86054.91943359375,-163.74338836669924,-5.329591827392578,-3.601611852645874,-2.467104119062424,-5.518754740207635,-0.5425776608880937,0.0,-0.09923553466796875,-812.9375,-35.72479248046875,-0.4425049126148224,-159.30176854133606,-2795.7425255941203,1,1789162804.0698495,38.99136700333333,-76.93667309833333,-10.014000000000003,0,1,23.892543999999997,19.642624000000005,185.368225,1,1,1789162804.1695492,-0.9975733759587133,-0.038818282968516526,-0.046495872858539546,-0.0343312436831868,175.84814579817848,-5.169402029577321,4.644325043350274,-0.011701385437070784,0.006465397681087794,-0.23809310416808607,1.4337322536468506,1.0369551881027221,-8.786464345417023
2026-09-11T17:40:04.209,4.4447698559999935,-239.16307067871094,-21524.676361083984,-86098.70544433594,-163.826703414917,-5.412906875610352,-3.603052854537964,-2.4680912053585056,-5.520962789366729,-0.029546970969361163,0.0,-0.10429573059082031,-854.390625,-37.54646301269531,-0.015258789993822575,-5.493164397776127,4604.033486745568,1,1789162804.0698495,38.99136700333333,-76.93667309833333,-10.014000000000003,0,1,23.892543999999997,19.642624000000005,185.368225,1,1,1789162804.2015493,-0.9973095891733996,-0.042700950459406195,-0.049427876763571715,-0.03327306976059141,175.93350554513168,-5.494385260997847,5.098583560010728,0.032825454439808555,0.061437160466527196,-0.26842814829822387,2.957881821784973,2.0205621993255614,-8.24856958404541
2026-09-11T17:40:04.243,4.478187680000019,-239.2863311767578,-21535.769805908203,-86143.07922363281,-163.9111368560791,-5.497340316772461,-3.6303205490112305,-2.486769576072693,-5.562745114693741,-0.5589343792753539,0.0,-0.11226844787597656,-919.703125,-40.41664123535156,-0.3051758110523224,-109.86329197883606,-3123.1874218075977,1,1789162804.0698495,38.99136700333333,-76.93667309833333,-10.014000000000003,0,1,23.892543999999997,19.642624000000005,185.368225,1,1,1789162804.2415493,-0.996823691855954,-0.048234496687620934,-0.053958201724836695,-0.03323361476848098,175.87952901791118,-5.990733349662814,5.756260191871078,0.02809910282540791,0.040350266976856904,-0.3075765815521575,2.384192787322998,-0.6083065095329285,-8.614455701580049
2026-09-11T17:40:04.275,4.511595935999992,-239.41058349609375,-21546.952514648438,-86187.81005859375,-163.99624969482423,-5.5824531555175785,-3.683647394180298,-2.523298465013504,-5.644457912073867,-1.0934090346063245,0.0,-0.11924362182617188,-976.84375,-42.927703857421875,-0.1678467094898224,-60.42481541633606,1479.828116814602,1,1789162804.0698495,38.99136700333333,-76.93667309833333,-10.014000000000003,0,1,23.892543999999997,19.642624000000005,185.368225,1,1,1789162804.2695494,-0.996581628802284,-0.05229588988552073,-0.05438100051828171,-0.033658636595957414,175.80343118368629,-6.019664972719321,6.228466069027295,-0.02435484798110447,0.04295534541838364,-0.33671415528250204,-1.316640850715637,1.5965226463317872,-9.22943073322296
2026-09-11T17:40:04.308,4.545012671999984,-239.53570556640625,-21558.213500976562,-86232.85400390625,-164.0819583129883,-5.668161773681641,-3.710655689239502,-2.541799147129059,-5.685842759325912,-0.5536352238458859,0.0,-0.12014961242675781,-984.265625,-43.25386047363281,0.0,0.0,1808.2201510150426,1,1789162804.0698495,38.99136700333333,-76.93667309833333,-10.014000000000003,0,1,23.892543999999997,19.642624000000005,185.368225,1,1,1789162804.3015492,-0.9962454696534276,-0.05736034177631074,-0.05639562409953001,-0.03200451481823488,175.9482707031551,-6.240162109662936,6.811456231357172,0.042933354269808516,0.0739276092584246,-0.31680151931357353,-0.7500126043701173,-3.001031082496643,-9.693873684883117
2026-09-11T17:40:04.341,4.578416032000007,-239.664306640625,-21569.78759765625,-86279.150390625,-164.17005004882813,-5.756253509521485,-3.815751314163208,-2.613789650201798,-5.846880928332577,-2.1551874743346318,0.0,-0.11865997314453125,-972.0625,-42.71759033203125,0.061035171151161194,21.97266161441803,657.7979465060763,1,1789162804.0698495,38.99136700333333,-76.93667309833333,-10.014000000000003,0,1,23.892543999999997,19.642624000000005,185.368225,1,1,1789162804.3295493,-0.9957040015377775,-0.06176692646947427,-0.06015087941937732,-0.033767733433672655,175.68842711704664,-6.639011146850584,7.349603472572221,0.01138530630953461,0.1476127922837472,-0.35308935792348844,2.8046038797569275,2.123532026023865,-7.444228137779236
2026-09-11T17:40:04.375,4.611825696000039,-239.79354858398438,-21581.419372558594,-86325.67749023438,-164.25858078002932,-5.844784240722657,-3.842494249343872,-2.6321085608005528,-5.887859164281831,-0.5483117279699988,0.0,-0.11552238464355469,-946.359375,-41.58805847167969,0.061035171151161194,21.97266161441803,0.0,1,1789162804.0698495,38.99136700333333,-76.93667309833333,-10.014000000000003,0,1,23.892543999999997,19.642624000000005,185.368225,1,1,1789162804.3695493,-0.9950247368152133,-0.0679939730810512,-0.06454309805671568,-0.03371618667212995,175.61472755780366,-7.114867135917866,8.091099880736142,0.05911971228572912,0.1723638300050544,-0.30176934753199675,0.11552233890533448,1.618293409690857,-8.640737524013518
2026-09-11T17:40:04.409,4.645235520000028,-239.92510986328125,-21593.259887695312,-86373.03955078125,-164.34870025634766,-5.934903717041016,-3.946673631668091,-2.7034714376926425,-6.047493373507157,-2.1359848196779905,0.0,-0.11194610595703125,-917.0625,-40.30059814453125,0.2593994438648224,93.38379979133606,2137.42934344526,1,1789162804.0698495,38.99136700333333,-76.93667309833333,-10.014000000000003,0,1,23.892543999999997,19.642624000000005,185.368225,1,1,1789162804.4015493,-0.9943872340293854,-0.07265345117688748,-0.06874882031013382,-0.03448339509736211,175.45397291002425,-7.568719760370809,8.658471829606093,-0.018993894650678692,0.23845700531712688,-0.3020808888034778,5.548112329006194,2.5635564187812805,-5.943320330524444
2026-09-11T17:40:04.443,4.678653183999984,-240.0598907470703,-21605.390167236328,-86421.56066894531,-164.44102516174317,-6.027228622436524,-3.999194860458374,-2.7394484794139866,-6.127971723814387,-1.0765875712135953,0.0,-0.10720252990722656,-878.203125,-38.59291076660156,0.09155276417732239,32.95899510383606,-1808.1696161521186,1,1789162804.0698495,38.99136700333333,-76.93667309833333,-10.014000000000003,0,1,23.892543999999997,19.642624000000005,185.368225,1,1,1789162804.4415493,-0.9938359542611288,-0.07863047119995598,-0.06991130151615779,-0.03492499015119442,175.34592184482108,-7.670063811816792,9.359579295211372,0.06582195114631255,0.25671559275394035,-0.30253624520532313,-2.1474602524185182,0.5514279385948181,-9.821262070484162
2026-09-11T17:40:04.476,4.712063680000028,-240.1961212158203,-21617.650909423828,-86470.60363769531,-164.53434303283692,-6.120546493530274,-4.052236080169678,-2.7757817149162296,-6.2092468569171135,-1.087479680103958,0.0,-0.10487937927246094,-859.171875,-37.75657653808594,0.2593994438648224,93.38379979133606,1808.5575469283503,1,1789162804.0698495,38.99136700333333,-76.93667309833333,-10.014000000000003,0,1,23.892543999999997,19.642624000000005,185.368225,1,1,1789162804.4695492,-0.993309714250535,-0.08265935427022812,-0.07197208121217569,-0.03637667182600816,175.1259481543973,-7.872399971563733,9.849516103801035,0.014124426037614511,0.2226279161990895,-0.2583094274268616,-0.24526432054519653,0.6236048837852477,-7.329588397388458
2026-09-11T17:40:04.508,4.745471103999989,-240.33316040039062,-21629.984436035156,-86519.93774414062,-164.6282148742676,-6.214418334960938,-4.130558013916016,-2.829432239532471,-6.3292596625189415,-1.6059461698185449,0.0,-0.09754180908203125,-799.0625,-35.11505126953125,0.1983642876148224,71.41114354133606,-657.7177650699955,1,1789162804.0698495,38.99136700333333,-76.93667309833333,-10.014000000000003,0,1,23.892543999999997,19.642624000000005,185.368225,1,1,1789162804.5015492,-0.9929744630588303,-0.08643866493281052,-0.07280320172762515,-0.03506803011102466,175.23726047323152,-7.9622703571932725,10.281797535395421,0.012666028914648048,0.17878454725729115,-0.24314653048431042,-1.4940431521415711,0.35598140087127683,-7.520229676532746
2026-09-11T17:40:04.542,4.778880319999985,-240.47198486328125,-21642.478637695312,-86569.91455078125,-164.72330963134766,-6.3095130920410165,-4.157328128814697,-2.847769768238068,-6.370279545987081,-0.5488763551230712,0.0,-0.08748817443847656,-716.703125,-31.495742797851562,0.13732916116714478,49.43849802017212,-657.6821653392561,1,1789162804.0698495,38.99136700333333,-76.93667309833333,-10.014000000000003,0,1,23.892543999999997,19.642624000000005,185.368225,1,1,1789162804.5415492,-0.9925647216275403,-0.09034959064384195,-0.07419050962801306,-0.03388204734175846,175.32622893372647,-8.114704382575798,10.733896326084167,-0.06440526739246875,0.17709506854136065,-0.19402458775278042,1.305265136528015,-0.9575213217926026,-9.159018985061646
2026-09-11T17:40:04.577,4.812286975999996,-240.61505126953125,-21655.354614257812,-86621.41845703125,-164.82131011962892,-6.4075135803222665,-4.26249885559082,-2.919811716079712,-6.5314327936643455,-2.1565147927892134,0.0,-0.07496452331542969,-614.109375,-26.987228393554688,0.4730225205421448,170.28810739517212,3617.5308709426085,1,1789162804.0698495,38.99136700333333,-76.93667309833333,-10.014000000000003,0,1,23.892543999999997,19.642624000000005,185.368225,1,1,1789162804.5695493,-0.9921675130761203,-0.09284002789248405,-0.07536384481882326,-0.036119885262746496,175.03454629594827,-8.212240000324725,11.048219945939353,-0.05023598639307798,0.11147505198950383,-0.16310520738907489,0.6169363616752623,2.2379756334114074,-12.280769931049345
2026-09-11T17:40:04.610,4.845706624000002,-240.75962829589844,-21668.36654663086,-86673.46618652344,-164.92034538269044,-6.50654884338379,-4.315577030181885,-2.9561702656745914,-6.61276455277959,-1.0879393342165897,0.0,-0.06362533569335938,-521.21875,-22.905120849609375,0.2746582627296448,98.87697458267212,-2136.800866738251,1,1789162804.0698495,38.99136700333333,-76.93667309833333,-10.014000000000003,0,1,23.892543999999997,19.642624000000005,185.368225,1,1,1789162804.6015491,-0.9919168978625621,-0.09513180480040721,-0.07598594663635323,-0.03573434431896194,175.05228963701228,-8.276164828737805,11.31480798218819,-0.02679062948518776,0.05255203831047447,-0.1537162086779714,-1.3773440152168273,1.3882293968963622,-12.204179993286132
2026-09-11T17:40:04.643,4.879124671999989,-240.90823364257812,-21681.74102783203,-86726.96411132812,-165.02214004516603,-6.608343505859375,-4.420440196990967,-3.0280015349388125,-6.773446525901059,-2.1494753153819306,0.0,-0.04584693908691406,-375.578125,-16.504898071289062,0.7171631455421448,258.1787323951721,4766.937847852774,1,1789162804.0698495,38.99136700333333,-76.93667309833333,-10.014000000000003,0,1,23.892543999999997,19.642624000000005,185.368225,1,1,1789162804.6415493,-0.9916319143826867,-0.09667261021149426,-0.07750088422870519,-0.03625142419813602,174.96117630108006,-8.43548350334462,11.507992773455051,-0.07370804683852372,0.022082080229157457,-0.08850459917108126,2.5144251014709473,0.43492493467330934,-10.979623587589264
2026-09-11T17:40:04.676,4.912534528000037,-241.06069946289062,-21695.462951660156,-86781.85180664062,-165.12657913208008,-6.712782592773438,-4.57826042175293,-3.136108388900757,-7.015274670948357,-3.235777309599534,0.0,-0.03224754333496094,-264.171875,-11.609115600585938,-0.3509521782398224,-126.34278416633606,-11509.224001472825,1,1789162804.0698495,38.99136700333333,-76.93667309833333,-10.014000000000003,0,1,23.892543999999997,19.642624000000005,185.368225,1,1,1789162804.6695492,-0.9914343634578993,-0.0972359152361951,-0.07874196262979026,-0.03745374566339328,174.80255656628515,-8.560362238930283,11.592108802987607,-0.011663337259377305,-0.03434005116468923,-0.04147443354806646,0.7076478756713868,3.9988577364540103,-15.356821887283326
2026-09-11T17:40:04.709,4.945936896000035,-241.2155303955078,-21709.397735595703,-86837.59094238281,-165.23263832092286,-6.818841781616212,-4.657075881958008,-3.1900969791412357,-7.136043707814138,-1.6163102640053248,0.0,-0.025667190551757812,-210.265625,-9.240188598632812,0.24414068460464478,87.89064645767212,6413.719848366006,1,1789162804.0698495,38.99136700333333,-76.93667309833333,-10.014000000000003,0,1,23.892543999999997,19.642624000000005,185.368225,1,1,1789162804.7015493,-0.9915824590870059,-0.09721848462034498,-0.07623382947818119,-0.038745274836828825,174.6855576118083,-8.259154472438448,11.583171309153796,0.10932585354859801,-0.11213548457845848,-0.005957157802907046,-0.39305053848266597,1.168266233768463,-8.780874554824829
2026-09-11T17:40:04.743,4.979338719999987,-241.37344360351562,-21723.609924316406,-86894.43969726562,-165.3408088684082,-6.927012329101563,-4.7367072105407715,-3.2446444392204286,-7.258062900904672,-1.63306830427197,0.0,-0.020397186279296875,-167.09375,-7.342987060546875,0.2746582627296448,98.87697458267212,328.9140175403503,1,1789162804.0698495,38.99136700333333,-76.93667309833333,-10.014000000000003,0,1,23.892543999999997,19.642624000000005,185.368225,1,1,1789162804.741527,-0.9920528734678442,-0.09602190887500514,-0.07195295860899906,-0.03786371624135208,174.84953494267762,-7.7870006173487365,11.407773589646869,0.09171094353992003,-0.11490165690994429,0.06351008801912086,-3.8499927869987487,-1.1620880441665649,-10.58421945306778
2026-09-11T17:40:04.777,5.012747423999997,-241.53463745117188,-21738.11737060547,-86952.46948242188,-165.45122665405276,-7.037430114746094,-4.763540744781494,-3.2630254101753238,-7.299179961916876,-0.5501850941266606,0.0,-0.015758514404296875,-129.09375,-5.673065185546875,0.13732916116714478,49.43849802017212,-1479.808272792781,1,1789162804.0698495,38.99136700333333,-76.93667309833333,-10.014000000000003,0,1,23.892543999999997,19.642624000000005,185.368225,1,1,1789162804.769527,-0.9922787969816077,-0.09519594909527412,-0.06943659977031126,-0.03871794091788412,174.78840650244643,-7.494403454839599,11.301557744718451,-0.04124230475755121,-0.12746104620729548,0.07281216933347504,3.497247580680847,3.073796426696777,-11.516145417938233
2026-09-11T17:40:04.810,5.046171232000006,-241.6971893310547,-21752.747039794922,-87010.98815917969,-165.56257469177248,-7.1487781524658205,-4.841831207275391,-3.3166543769836427,-7.4191445440757855,-1.604513968255932,0.0,-0.016038894653320312,-131.390625,-5.7740020751953125,-0.0762939602136612,-27.46582567691803,-2300.884558009345,1,1789162804.0698495,38.99136700333333,-76.93667309833333,-10.014000000000003,0,1,23.892543999999997,19.642624000000005,185.368225,1,1,1789162804.801527,-0.9926493785514108,-0.09378557765123506,-0.06648662257571109,-0.03782863603934337,174.93629730391638,-7.174995279292116,11.112252695801917,-0.02523292312778282,-0.1356768345952084,0.053034098249875296,-1.2943797548484801,-1.0706900646591186,-5.714629248752594
2026-09-11T17:40:04.843,5.079577599999993,-241.85845947265625,-21767.261352539062,-87069.04541015625,-165.67304473876953,-7.259248199462891,-4.841614246368408,-3.31650575876236,-7.418812094582937,0.004448799141616566,0.0,-0.016267776489257812,-133.265625,-5.8563995361328125,-0.015258789993822575,-5.493164397776127,657.738706558891,1,1789162804.0698495,38.99136700333333,-76.93667309833333,-10.014000000000003,0,1,23.892543999999997,19.642624000000005,185.368225,1,1,1789162804.841527,-0.9928169185489363,-0.09220286186793117,-0.06526926796946596,-0.03940965827164746,174.78044512584898,-7.026794727893518,10.932362433479202,-0.04837284741657404,-0.13439000333771298,0.04049390757429604,3.963161529865265,1.0281292029571534,-4.510470675392151
2026-09-11T17:40:04.876,5.112980768,-242.0176544189453,-21781.588897705078,-87126.35559082031,-165.78209327697755,-7.368296737670899,-4.789914131164551,-3.2810911798477176,-7.339591937740949,1.0602161721497565,0.0,-0.016521453857421875,-135.34375,-5.947723388671875,-0.015258795581758022,-5.493166409432888,-6.022353212632507e-05,1,1789162804.0698495,38.99136700333333,-76.93667309833333,-10.014000000000003,0,1,23.892543999999997,19.642624000000005,185.368225,1,1,1789162804.869527,-0.9930414163367662,-0.09127722704800946,-0.0629299063622124,-0.03971196479070996,174.77930829705988,-6.761366946602211,10.81199291569075,-0.13326548770065302,-0.25599669163504385,0.0633732542057645,4.625894947795868,1.5626897032737732,-12.838964458255768
2026-09-11T17:40:04.910,5.146387135999987,-242.17803955078125,-21796.023559570312,-87184.09423828125,-165.89195709228517,-7.478160552978516,-4.790931224822998,-3.2817878890037537,-7.341150431737093,-0.02085557927268277,0.0,-0.022951126098632812,-188.015625,-8.262405395507812,-0.2899170219898224,-104.37012791633606,-2959.8237529725193,1,1789162804.0698495,38.99136700333333,-76.93667309833333,-10.014000000000003,0,1,23.892543999999997,19.642624000000005,185.368225,1,1,1789162804.9015272,-0.9932615982381263,-0.09049839258958009,-0.060552123975943464,-0.039684741225654754,174.81485755347902,-6.494358781944081,10.706335523144993,0.005765520651038069,-0.15628149361255264,0.02169583886569111,-2.0710664476585388,0.10650022075653076,-6.820721320495606
2026-09-11T17:40:04.943,5.179793312000015,-242.3385467529297,-21810.469207763672,-87241.87683105469,-166.00190452575686,-7.588107986450196,-4.817415237426758,-3.299929437637329,-7.3817319202696074,-0.5430597214586947,0.0,-0.03457832336425781,-283.265625,-12.448196411132812,-0.030517637729644775,-10.98634958267212,2795.4046082252944,1,1789162804.0698495,38.99136700333333,-76.93667309833333,-10.014000000000003,0,1,23.892543999999997,19.642624000000005,185.368225,1,1,1789162804.9415271,-0.9935585680042089,-0.09059721592804727,-0.0559742698668451,-0.038734965139861216,174.97502172181316,-5.9815881488209826,10.682872762235903,-0.010438988789103284,-0.10399073109110175,-0.06553990593919026,-8.551693140544891,-1.1003061481475829,-15.172260731239318
2026-09-11T17:40:04.978,5.213201567999988,-242.49961853027344,-21824.96566772461,-87299.86267089844,-166.11223869323732,-7.698442153930665,-4.818221092224121,-3.300481448173523,-7.382966732671616,-0.01652317727074629,0.0,-0.035732269287109375,-292.71875,-12.863616943359375,-0.1373291164636612,-49.43848192691803,-1150.9769424742533,1,1789162804.0698495,38.99136700333333,-76.93667309833333,-10.014000000000003,0,1,23.892543999999997,19.642624000000005,185.368225,1,1,1789162804.969527,-0.9934959607094535,-0.09139231219451822,-0.055695481245661926,-0.038874602178723794,174.95739962937236,-5.944253948618024,10.773744731302628,0.05708762543763213,0.01156088643228524,-0.08734901667333582,-2.8909024011802673,0.775215695285797,-4.026806689414978
2026-09-11T17:40:05.011,5.246629216000031,-242.66139221191406,-21839.525299072266,-87358.10119628906,-166.22305366516113,-7.809257125854493,-4.818963050842285,-3.3009896898269657,-7.384103636871336,-0.015204230146311665,0.0,-0.039714813232421875,-325.34375,-14.297332763671875,-0.1373291164636612,-49.43848192691803,0.0,1,1789162804.0698495,38.99136700333333,-76.93667309833333,-10.014000000000003,0,1,23.892543999999997,19.642624000000005,185.368225,1,1,1789162805.001527,-0.9933480556787478,-0.09254976838021972,-0.05671753314300624,-0.03843568766382141,174.98902931480677,-6.059781507917854,10.911112747073672,-0.03895906503009223,0.09986878699666674,-0.08705684855655196,7.2351503563308714,1.8819942325401307,-6.6700911740112305
2026-09-11T17:40:05.043,5.280034944000022,-242.8209228515625,-21853.883056640625,-87415.5322265625,-166.33233215332032,-7.918535614013672,-4.79429817199707,-3.2840942478179933,-7.346309609471165,0.5057648200026332,0.0,-0.043483734130859375,-356.21875,-15.654144287109375,-0.07629397511482239,-27.46583104133606,657.7509966430857,1,1789162804.0698495,38.99136700333333,-76.93667309833333,-10.014000000000003,0,1,23.892543999999997,19.642624000000005,185.368225,1,1,1789162805.041527,-0.993120473193019,-0.09412256071585767,-0.060200741286228314,-0.03505053548453526,175.32676640119985,-6.4868447938153615,11.092996206902459,-0.022978830398832143,0.10903857235371973,-0.09793059886232704,1.1826820095062256,-2.3476139822196957,-11.800734405632019
2026-09-11T17:40:05.077,5.313445855999987,-242.9790496826172,-21868.114471435547,-87472.45788574219,-166.44064903259277,-8.026852493286134,-4.717800617218018,-3.231693422794342,-7.229092302242168,1.568374578452263,0.0,-0.0418548583984375,-342.875,-15.0677490234375,0.0762939602136612,27.46582567691803,1644.1232348973651,1,1789162805.0689833,38.99135939333333,-76.936657615,-9.947000000000003,0,1,28.729600000000005,6.964320999999999,73.63356099999999,1,1,1789162805.0695271,-0.9927837352565306,-0.0956500411258019,-0.06259520245385496,-0.03624038179274496,175.15179567460652,-6.7394309743345735,11.29202079886687,-0.017043663744500226,0.1579301316239865,-0.09077544706085108,-0.19142581115722657,-0.9666415064430237,-11.729047792949675
2026-09-11T17:40:05.110,5.346850816000028,-243.13766479492188,-21882.38983154297,-87529.55932617188,-166.5493003845215,-8.135503845214844,-4.7455830574035645,-3.250724394321442,-7.271663373124191,-0.5697049637861112,0.0,-0.0374755859375,-307.0,-13.4912109375,0.1678467094898224,60.42481541633606,986.6495795647518,1,1789162805.0689833,38.99135939333333,-76.936657615,-9.947000000000003,0,1,28.729600000000005,6.964320999999999,73.63356099999999,1,1,1789162805.101527,-0.9925267865183837,-0.09663574417943854,-0.06513885505064095,-0.036180665459169654,175.12118002463117,-7.025520379607448,11.4216362127664,-0.1478341000329001,0.0952317962399682,-0.09463768616258933,2.3800739942550657,-0.48709631353378297,-10.297374935836793
2026-09-11T17:40:05.144,5.3802582079999866,-243.29208374023438,-21896.287536621094,-87585.15014648438,-166.65507736206055,-8.241280822753907,-4.615806579589844,-3.1618275070190434,-7.072806699666786,2.6609945278730494,0.0,-0.03604316711425781,-295.265625,-12.975540161132812,0.1068115383386612,38.45215380191803,-657.7185556551526,1,1789162805.0689833,38.99135939333333,-76.936657615,-9.947000000000003,0,1,28.729600000000005,6.964320999999999,73.63356099999999,1,1,1789162805.141527,-0.992427134840152,-0.09776663756829133,-0.06566061267118026,-0.03491060806119562,175.2524892697965,-7.094173361932885,11.546866918668858,0.10791475484836059,0.015677245473113867,-0.029422935063045608,-6.48837394651413,-3.0255477079010014,-0.3218542583084107
2026-09-11T17:40:05.178,5.413677440000015,-243.44557189941406,-21910.101470947266,-87640.40588378906,-166.76021675109865,-8.346420211791992,-4.5656962394714355,-3.127501924037934,-6.9960225573504164,1.0271206406263433,0.0,-0.031940460205078125,-261.65625,-11.498565673828125,0.030517593026161194,10.98633348941803,-821.8567174876032,1,1789162805.0689833,38.99135939333333,-76.936657615,-9.947000000000003,0,1,28.729600000000005,6.964320999999999,73.63356099999999,1,1,1789162805.169527,-0.9922882309858957,-0.0977194777953415,-0.06785029845887205,-0.03480384038190756,175.23824072901346,-7.345489751975915,11.554413718937434,-0.0013966124674458624,0.050541069946326594,-0.03127664926158878,-0.4277660800552368,-2.943073780040741,-12.052667248287202
2026-09-11T17:40:05.211,5.447098464000021,-243.5930938720703,-21923.378448486328,-87693.51379394531,-166.86126930236819,-8.447472763061525,-4.409684658050537,-3.020633990764618,-6.7569657989544885,3.1976259396868327,0.0,-0.028673171997070312,-234.890625,-10.322341918945312,0.07629397511482239,27.46583104133606,493.08775074979775,1,1789162805.0689833,38.99135939333333,-76.936657615,-9.947000000000003,0,1,28.729600000000005,6.964320999999999,73.63356099999999,1,1,1789162805.201527,-0.9922519544700764,-0.0973556485489905,-0.06958188573840732,-0.033411041932361364,175.3796421021863,-7.5609049953538845,11.512842603380024,0.01330255049285038,-0.05166767997848894,-0.009918880672008974,2.64681487865448,2.2372891679000855,-15.325636739768983
2026-09-11T17:40:05.244,5.480505856000036,-243.73800659179688,-21936.42059326172,-87745.68237304688,-166.96053451538089,-8.546737976074219,-4.383693695068359,-3.0028301811218263,-6.7171398110277,0.5329302461797579,0.0,-0.028539657592773438,-233.796875,-10.274276733398438,-0.1220703274011612,-43.94531786441803,-2137.5852657316636,1,1789162805.0689833,38.99135939333333,-76.936657615,-9.947000000000003,0,1,28.729600000000005,6.964320999999999,73.63356099999999,1,1,1789162805.241527,-0.9923737029721345,-0.09695816008545541,-0.0689778743320386,-0.03218076591460893,175.5312928492166,-7.507922483274048,11.453900771608918,0.012214861303007515,0.05333569114461992,0.029073869212646743,2.3840947208213805,-1.7379345416641234,-6.3176401671981814
2026-09-11T17:40:05.277,5.513905152000007,-243.8831787109375,-21949.486083984375,-87797.9443359375,-167.0599774169922,-8.646180877685547,-4.357645034790039,-2.984986848831177,-6.67722541345556,0.5342427663943886,0.0,-0.028232574462890625,-231.28125,-10.163726806640625,-0.01525880303233862,-5.493169091641903,1151.2862059370982,1,1789162805.0689833,38.99135939333333,-76.936657615,-9.947000000000003,0,1,28.729600000000005,6.964320999999999,73.63356099999999,1,1,1789162805.269527,-0.9922884301403126,-0.09690588602962023,-0.0702173106306836,-0.032286993515690546,175.50441385883994,-7.648422470348114,11.456179436896399,0.018221760989596398,0.05092504238176535,0.0029614746747839782,2.444895951824188,1.0542148923873902,-12.380209363689422
2026-09-11T17:40:05.310,5.5473111680000216,-244.0283203125,-21962.548828125,-87850.1953125,-167.1593994140625,-8.74560287475586,-4.358673095703125,-2.985691070556641,-6.678800712590904,-0.021080685750246683,0.0,-0.028337478637695312,-232.140625,-10.201492309570312,-0.1525879055261612,-54.93164598941803,-1479.9273549337356,1,1789162805.0689833,38.99135939333333,-76.936657615,-9.947000000000003,0,1,28.729600000000005,6.964320999999999,73.63356099999999,1,1,1789162805.301527,-0.9921919762583856,-0.09656427954709788,-0.07279072877399165,-0.030527560802987533,175.67790852764898,-7.9638924203214545,11.41852071199336,0.03135902880228292,0.0840917086903388,-0.014472968289237777,1.5589631762123108,-0.6599875558853149,-16.664930952358244
2026-09-11T17:40:05.345,5.58072947200003,-244.1729278564453,-21975.563507080078,-87902.25402832031,-167.25845558166506,-8.8446590423584,-4.386375904083252,-3.0046674942970277,-6.721249763549178,-0.5678452066383101,0.0,-0.030183792114257812,-247.265625,-10.866165161132812,-0.1220703274011612,-43.94531786441803,328.7518159209164,1,1789162805.0689833,38.99135939333333,-76.936657615,-9.947000000000003,0,1,28.729600000000005,6.964320999999999,73.63356099999999,1,1,1789162805.341527,-0.9921546963504796,-0.09655083690571609,-0.07214828168494362,-0.033190659113724534,175.3798619401137,-7.860135033785833,11.433970782637342,-0.11534427240825006,-0.03675663404700058,-0.004124911154163398,-1.2716283264732362,0.6428259181022644,-14.994073897800446
2026-09-11T17:40:05.379,5.614143839999997,-244.3192138671875,-21988.729248046875,-87954.9169921875,-167.35866149902344,-8.944864959716798,-4.386122226715088,-3.0044937252998354,-6.720861053372924,0.0052004274685823445,0.0,-0.03263092041015625,-267.3125,-11.74713134765625,-0.1220703274011612,-43.94531786441803,0.0,1,1789162805.0689833,38.99135939333333,-76.936657615,-9.947000000000003,0,1,28.729600000000005,6.964320999999999,73.63356099999999,1,1,1789162805.369527,-0.9921882950665214,-0.09634809965164902,-0.07249392643120996,-0.03200096025265453,175.51395820740396,-7.9141283081427165,11.403298894797835,0.013557543096566753,0.02652813196568781,-0.025595253480496842,-0.8882863716506958,0.30076996046066284,-8.485498251953125
2026-09-11T17:40:05.411,5.647550720000027,-244.46885681152344,-22002.19711303711,-88008.78845214844,-167.46116691589356,-9.047370376586915,-4.49082088470459,-3.076212306022644,-6.881290949406408,-2.146820676541635,0.0,-0.03276824951171875,-268.4375,-11.79656982421875,0.0,0.0,1315.4571113608677,1,1789162805.0689833,38.99135939333333,-76.936657615,-9.947000000000003,0,1,28.729600000000005,6.964320999999999,73.63356099999999,1,1,1789162805.4015272,-0.9919050925984426,-0.09630965904145934,-0.07556164517427517,-0.03375166116133449,175.27561083141944,-8.244564710158125,11.432259656224428,-0.06825947797964783,0.03295321254105454,-0.03039037106742606,2.2731815074920654,2.8752117609214785,-7.637615278968811
2026-09-11T17:40:05.444,5.680955264000033,-244.62367248535156,-22016.13052368164,-88064.52209472656,-167.56721565246582,-9.153419113159181,-4.647580623626709,-3.183592727184296,-7.121494110558993,-3.214545337353802,0.0,-0.0323944091796875,-265.375,-11.6619873046875,0.0610351637005806,21.972658932209015,657.7745510372641,1,1789162805.0689833,38.99135939333333,-76.936657615,-9.947000000000003,0,1,28.729600000000005,6.964320999999999,73.63356099999999,1,1,1789162805.4415271,-0.9916789958771045,-0.09711872576968443,-0.07669554266127167,-0.035475568733198896,175.05661051940723,-8.350252678972016,11.547779819225424,0.04846918959128413,0.04825329236281243,-0.05038887723555269,-5.090926298465728,2.4383254962158203,-13.501501743183136
2026-09-11T17:40:05.479,5.7143555200000264,-244.7798614501953,-22030.187530517578,-88120.75012207031,-167.6742050933838,-9.260408554077149,-4.7003679275512695,-3.2197520303726197,-7.2023801681563535,-1.0826055700989634,0.0,-0.03286933898925781,-269.265625,-11.832962036132812,0.0915527418255806,32.958987057209015,328.9294586545168,1,1789162805.0689833,38.99135939333333,-76.936657615,-9.947000000000003,0,1,28.729600000000005,6.964320999999999,73.63356099999999,1,1,1789162805.469527,-0.9916432312854941,-0.09791031433434272,-0.07565561342860944,-0.036517124056459044,174.94319276925788,-8.215457104713535,11.64109010283031,-0.009664586199993401,-0.039387194295606436,-0.051462254725529205,-2.373993871154785,-1.5869121291732786,-7.149342167415618
2026-09-11T17:40:05.512,5.7477797120000105,-244.94570922851562,-22045.113830566406,-88180.45532226562,-167.7878108215332,-9.374014282226563,-4.936153888702393,-3.381265413761139,-7.563675317110628,-4.832230002406537,0.0,-0.03265190124511719,-267.484375,-11.754684448242188,-0.015258791856467724,-5.493165068328381,-1150.4287710397236,1,1789162805.0689833,38.99135939333333,-76.936657615,-9.947000000000003,0,1,28.729600000000005,6.964320999999999,73.63356099999999,1,1,1789162805.509527,-0.9914415379459675,-0.09810611060681054,-0.0779330347918864,-0.0366784675942959,174.89439534011478,-8.472536584922652,11.680814761169408,0.022344228682807006,0.021069440197150346,-0.026016750494853472,3.5909010897254943,-0.10777508527755737,-11.83084082162857
2026-09-11T17:40:05.544,5.781266624000011,-245.11416625976562,-22060.274963378906,-88241.09985351562,-167.90320388793947,-9.489407348632813,-5.041875839233398,-3.4536849498748783,-7.725673205697196,-2.1626221048312115,0.0,-0.03286933898925781,-269.265625,-11.832962036132812,0.03051757998764515,10.986328795552254,492.1174536451812,1,1789162805.0689833,38.99135939333333,-76.936657615,-9.947000000000003,0,1,28.729600000000005,6.964320999999999,73.63356099999999,1,1,1789162805.541527,-0.99155202891694,-0.0986988832481014,-0.07557951736375935,-0.0370248693628794,174.8792388243816,-8.196786518440005,11.736129707584006,0.11457772380077415,-0.05555313195927871,-0.03047484500322259,-2.8029367492294313,1.5600419077301024,-9.321417111740113
2026-09-11T17:40:05.578,5.814673856000013,-245.28492736816406,-22075.643463134766,-88302.57385253906,-168.02017524719238,-9.606378707885742,-5.09448766708374,-3.4897240519523622,-7.806290381067373,-1.0787814470077008,0.0,-0.03274726867675781,-268.265625,-11.789016723632812,0.0,0.0,-328.8607926436901,1,1789162805.0689833,38.99135939333333,-76.936657615,-9.947000000000003,0,1,28.729600000000005,6.964320999999999,73.63356099999999,1,1,1789162805.5695271,-0.99179509498325,-0.09898550486878303,-0.07204212536639236,-0.036800700614682186,174.94721702973715,-7.794275297672848,11.743425375047346,0.01703039924218507,-0.08096303147321376,-0.040267363837387174,-2.8544216625785825,-0.4666004146957397,-8.634559334411621
2026-09-11T17:40:05.611,5.848078880000003,-245.45884704589844,-22091.29623413086,-88365.18493652344,-168.13931022644044,-9.72551368713379,-5.1990966796875,-3.561381225585938,-7.966582913354362,-2.1451016958885507,0.0,-0.03299140930175781,-270.265625,-11.876907348632812,-0.0457763709127903,-16.479493528604507,-493.32380448550487,1,1789162805.0689833,38.99135939333333,-76.936657615,-9.947000000000003,0,1,28.729600000000005,6.964320999999999,73.63356099999999,1,1,1789162805.601527,-0.9919230175714562,-0.09926249250039164,-0.07021218807978903,-0.036137701083415755,175.04416874898607,-7.591881227781722,11.75823222753104,0.0033060026691276593,-0.11349055820970688,-0.038252904814735325,-1.136002354736328,2.0794021002960204,-10.797612160587311
2026-09-11T17:40:05.646,5.881502624000007,-245.63417053222656,-22107.07534790039,-88428.30139160156,-168.25940681457521,-9.845610275268555,-5.224907398223877,-3.579061567783356,-8.006132712471707,-0.5289755150534993,0.0,-0.03274726867675781,-268.265625,-11.789016723632812,0.0,0.0,493.04750325405286,1,1789162805.0689833,38.99135939333333,-76.936657615,-9.947000000000003,0,1,28.729600000000005,6.964320999999999,73.63356099999999,1,1,1789162805.641527,-0.9921431488548512,-0.09910774888819511,-0.06860827125573385,-0.0335041998262094,175.3676805351422,-7.4405500125930955,11.71036799868039,0.08923589212766689,-0.16215574827598997,-0.006269048140238432,0.46650234819412234,-0.2330060078430176,-14.674867435035706
2026-09-11T17:40:05.679,5.914918495999984,-245.8108673095703,-22122.978057861328,-88491.91223144531,-168.38044410705567,-9.966647567749025,-5.303721904754639,-3.6330495047569276,-8.126900288021035,-1.6156375321765462,0.0,-0.03311347961425781,-271.265625,-11.920852661132812,0.0,0.0,0.0,1,1789162805.0689833,38.99135939333333,-76.936657615,-9.947000000000003,0,1,28.729600000000005,6.964320999999999,73.63356099999999,1,1,1789162805.669527,-0.9923758247620584,-0.09902636521696022,-0.06580612119351674,-0.03245852481560892,175.5229714330523,-7.133422084577263,11.67623850336042,0.09743283095965824,-0.16409254014692806,-0.0176063578953432,-2.3231954233169554,0.47003274225234987,-10.296296204319
2026-09-11T17:40:05.712,5.948340191999989,-245.9886932373047,-22138.982391357422,-88555.92956542969,-168.50225486755372,-10.088458328247071,-5.331265926361084,-3.651917159557343,-8.169106029790038,-0.5645331344170162,0.0,-0.033203125,-272.0,-11.953125,0.0762939527630806,27.465822994709015,821.7962067126995,1,1789162805.0689833,38.99135939333333,-76.936657615,-9.947000000000003,0,1,28.729600000000005,6.964320999999999,73.63356099999999,1,1,1789162805.709527,-0.9925543746644548,-0.09899588077249025,-0.06333467430628394,-0.03200543633586408,175.60557259950176,-6.8568646350692175,11.654910280624945,0.017653830850997445,-0.15847729234448674,-0.0533423233957775,-0.7395194886970521,0.7638399810981751,-6.109543050765991
2026-09-11T17:40:05.745,5.981745407999995,-246.16696166992188,-22155.02655029297,-88620.10620117188,-168.6243687438965,-10.210572204589845,-5.332162380218506,-3.652531230449677,-8.170479667254995,-0.018382485308096594,0.0,-0.03520393371582031,-288.390625,-12.673416137695312,-0.1373291164636612,-49.43848192691803,-2302.16457578404,1,1789162805.0689833,38.99135939333333,-76.936657615,-9.947000000000003,0,1,28.729600000000005,6.964320999999999,73.63356099999999,1,1,1789162805.741527,-0.9928203614781765,-0.09951737971869984,-0.05962533780136222,-0.029134859881936884,175.97653186643635,-6.464965105816796,11.675408244854832,0.34310293300942724,-0.2905873720803195,-0.06673318754877879,1.515617782497406,-2.148637050437927,-10.344544923114777
2026-09-11T17:40:05.780,6.015151520000018,-246.34503173828125,-22171.052856445312,-88684.21142578125,-168.74634674072266,-10.332550201416016,-5.281472682952881,-3.6178087878227236,-8.092807775193986,1.0394038859394794,0.0,-0.038333892822265625,-314.03125,-13.800201416015625,-0.0762939602136612,-27.46582567691803,657.7435964408239,1,1789162805.0689833,38.99135939333333,-76.936657615,-9.947000000000003,0,1,28.729600000000005,6.964320999999999,73.63356099999999,1,1,1789162805.769527,-0.99274187538997,-0.10000215706406168,-0.058165474466022896,-0.03286206034141052,175.56428512451183,-6.252719138160192,11.746774492028353,-0.6311082649943465,-0.33495399073186577,-0.041247366212381995,9.530691026191711,2.6185717261886596,-9.653960618724824
2026-09-11T17:40:05.813,6.048570272000006,-246.51730346679688,-22186.55731201172,-88746.22924804688,-168.86435287475587,-10.45055633544922,-5.205230236053467,-3.565582711696625,-7.975981370115921,1.5627775724873305,0.0,-0.044403076171875,-363.75,-15.985107421875,-0.18310552835464478,-65.91799020767212,-1150.6164123294348,1,1789162805.0689833,38.99135939333333,-76.936657615,-9.947000000000003,0,1,28.729600000000005,6.964320999999999,73.63356099999999,1,1,1789162805.8095272,-0.9928408364435506,-0.10136752435541715,-0.05543085644044531,-0.030316969677117334,175.88109590712128,-5.965045998233676,11.873916888178,-0.03804102184354321,-0.31692281969658714,-0.11487477883946358,2.2704356454467773,2.6065095464897157,-19.380490448646544
2026-09-11T17:40:05.845,6.081990399999995,-246.69146728515625,-22202.232055664062,-88808.92822265625,-168.98365509033204,-10.56985855102539,-5.232557773590088,-3.5843020749092105,-8.0178553930503,-0.5601224271969133,0.0,-0.04926109313964844,-403.546875,-17.733993530273438,-0.3051758110523224,-109.86329197883606,-1314.9351723362226,1,1789162805.0689833,38.99135939333333,-76.936657615,-9.947000000000003,0,1,28.729600000000005,6.964320999999999,73.63356099999999,1,1,1789162805.841527,-0.9927874511680349,-0.10400342372404667,-0.05180152840927408,-0.029546003306985928,175.9993434102145,-5.549751359314748,12.154855089296754,0.12066368690247838,-0.09630290480191712,-0.17904058705855871,-0.19544653772354126,-0.02755668695449829,-3.198438950252533
2026-09-11T17:40:05.878,6.115395712000009,-246.864501953125,-22217.80517578125,-88871.220703125,-169.10218383789064,-10.688387298583985,-5.235174655914307,-3.5860946393013005,-8.021865245394812,-0.05366105821999936,0.0,-0.05882072448730469,-481.859375,-21.175460815429688,-0.19836431741714478,-71.41115427017212,1151.078538306973,1,1789162805.0689833,38.99135939333333,-76.936657615,-9.947000000000003,0,1,28.729600000000005,6.964320999999999,73.63356099999999,1,1,1789162805.869527,-0.9926575851257023,-0.10613661736202844,-0.049981645789558896,-0.02945797398875905,176.02083481982405,-5.334847874692959,12.39140893044909,-0.048103543112991316,-0.14255325731514085,-0.20426565620470755,3.736725977630615,-3.086250872402191,-11.320993079719543
2026-09-11T17:40:05.912,6.14880387200003,-247.035400390625,-22233.18603515625,-88932.744140625,-169.21924926757814,-10.805452728271485,-5.157754898071289,-3.5330621051788333,-7.903234845156652,1.5874125998687907,0.0,-0.06908798217773438,-565.96875,-24.871673583984375,-0.24414068460464478,-87.89064645767212,-493.2774563905721,1,1789162805.0689833,38.99135939333333,-76.936657615,-9.947000000000003,0,1,28.729600000000005,6.964320999999999,73.63356099999999,1,1,1789162805.909527,-0.9923458537456014,-0.11012290859286869,-0.048089985656863905,-0.02846058390973221,176.1384694399014,-5.116174338108458,12.837257202820682,0.14633416407373617,-0.0562659244257932,-0.2156460755923366,4.857626091117859,-0.7875720744895935,-14.522472091522216
2026-09-11T17:40:05.945,6.182211584000015,-247.20504760742188,-22248.45428466797,-88993.81713867188,-169.335457611084,-10.921661071777345,-5.055366516113281,-3.462926063537598,-7.746344988228333,2.0993967393297583,0.0,-0.07497978210449219,-614.234375,-26.992721557617188,-0.3051758408546448,-109.86330270767212,-657.7120950399134,1,1789162805.0689833,38.99135939333333,-76.936657615,-9.947000000000003,0,1,28.729600000000005,6.964320999999999,73.63356099999999,1,1,1789162805.9415271,-0.9917910420892955,-0.11384249843976812,-0.04865267419491733,-0.03198955570344691,175.70855464826369,-5.1189102199268515,13.287969620369884,-0.10365527880886842,0.11651137407905866,-0.2552409640689304,0.18122689498901368,2.9536649622154236,-3.6252243652915954
2026-09-11T17:40:05.980,6.2156208960000185,-247.37269592285156,-22263.54263305664,-89054.17053222656,-169.45029670715334,-11.03650016784668,-4.9778361320495605,-3.409817750453949,-7.6275450752817315,1.5896260624475984,0.0,-0.08438491821289062,-691.28125,-30.378570556640625,-0.3509522080421448,-126.34279489517212,-493.26044749135565,1,1789162805.0689833,38.99135939333333,-76.936657615,-9.947000000000003,0,1,28.729600000000005,6.964320999999999,73.63356099999999,1,1,1789162805.969527,-0.9914210655397936,-0.11695893337957451,-0.04918493707012597,-0.03139618881425323,175.75274598785884,-5.1740680610095,13.648277562347412,0.009394234698859479,-0.038774060129380825,-0.2686302574256048,1.1352178227233887,1.8038352307510375,-7.003517279510498
2026-09-11T17:40:06.014,6.249042207999992,-247.5406494140625,-22278.658447265625,-89114.6337890625,-169.56534484863283,-11.151548309326174,-5.003200531005859,-3.427192363739014,-7.666410978299504,-0.5198662842762938,0.0,-0.1011962890625,-829.0,-36.4306640625,-0.7019043564796448,-252.68556833267212,-3780.3056156982,1,1789162805.0689833,38.99135939333333,-76.936657615,-9.947000000000003,0,1,28.729600000000005,6.964320999999999,73.63356099999999,1,1,1789162806.009527,-0.9907310587925904,-0.12231960484782953,-0.049589500649801437,-0.03210552660971187,175.63793461198875,-5.186932541388936,14.274370722631351,-0.12016923512538838,0.06484369410056973,-0.35623897909163743,0.17534290489196777,1.5748499494743349,-8.84501004688263
2026-09-11T17:40:06.046,6.282450111999992,-247.7059326171875,-22293.533935546875,-89174.1357421875,-169.67856384277346,-11.264767303466797,-4.977846145629883,-3.40982460975647,-7.627560419104479,0.5198696087771125,0.0,-0.106903076171875,-875.75,-38.485107421875,0.0,0.0,7563.646265646225,1,1789162805.0689833,38.99135939333333,-76.936657615,-9.947000000000003,0,1,28.729600000000005,6.964320999999999,73.63356099999999,1,1,1789162806.041527,-0.9899110011557618,-0.12775446071310942,-0.05249207329193074,-0.03161629010833818,175.62072523120983,-5.500055542987995,14.917948468367614,0.014106623679244168,0.1794449798462458,-0.3557466217096498,5.196936186714172,0.9381041544723511,-10.683266619701387
2026-09-11T17:40:06.079,6.3158558080000375,-247.87179565429688,-22308.46160888672,-89233.84643554688,-169.79218002319337,-11.37838348388672,-4.97930383682251,-3.4108231282234196,-7.629794041301485,-0.029890664961690183,0.0,-0.11683082580566406,-957.078125,-42.05909729003906,-0.2899170517921448,-104.37013864517212,-3124.3216320064294,1,1789162806.0693145,38.991351828333336,-76.93663893833333,-9.839000000000002,0,1,42.159049,17.707264000000002,183.412849,1,1,1789162806.0695271,-0.9889927174855068,-0.13277941085043288,-0.056528791354221834,-0.032673055609710705,175.40766817230656,-5.919813395375095,15.530872790509981,-0.09436000427859703,0.11164661785497487,-0.38447927905353163,7.710086423664093,3.258651782245636,-5.630095924358368
2026-09-11T17:40:06.113,6.349260672000014,-248.03445434570312,-22323.10089111328,-89292.40356445312,-169.90360122680664,-11.489804687500001,-4.9025468826293945,-3.3582446146011353,-7.512179255997521,1.5739777782756832,0.0,-0.12463569641113281,-1021.015625,-44.86885070800781,-0.24414068460464478,-87.89064645767212,493.32612722241953,1,1789162806.0693145,38.991351828333336,-76.93663893833333,-9.839000000000002,0,1,42.159049,17.707264000000002,183.412849,1,1,1789162806.109527,-0.9875597005742844,-0.14108445879660922,-0.06057704477341303,-0.033932800270791624,175.1453358874391,-6.319472690937234,16.528872356244058,-0.11067691292256682,0.1777225144074526,-0.42372649794312817,4.146349754886628,2.893746329727173,-9.063600278987884
2026-09-11T17:40:06.147,6.382682111999998,-248.20022583007812,-22338.02032470703,-89352.08129882812,-170.01715469360352,-11.603358154296876,-4.8787760734558105,-3.3419616103172305,-7.475755212771176,0.48720235525198113,0.0,-0.13396835327148438,-1097.46875,-48.228607177734375,-0.18310552835464478,-65.91799020767212,657.4419369725157,1,1789162806.0693145,38.991351828333336,-76.93663893833333,-9.839000000000002,0,1,42.159049,17.707264000000002,183.412849,1,1,1789162806.141527,-0.9862909793165132,-0.14774244972599865,-0.06496273067435923,-0.034381918084434915,174.97279686703507,-6.775823868195537,17.336465913670853,0.02792596616361007,0.09037541759629399,-0.4455007020922338,2.610628339557648,1.5152255164909363,-7.848164057941436
2026-09-11T17:40:06.180,6.416098143999989,-248.3641815185547,-22352.776336669922,-89411.10534667969,-170.12946434020998,-11.71566780090332,-4.906033992767334,-3.360633285045624,-7.517522559604555,-0.558763970790982,0.0,-0.1332530975341797,-1091.609375,-47.97111511230469,0.0762939527630806,27.465822994709015,2794.5811520172806,1,1789162806.0693145,38.991351828333336,-76.93663893833333,-9.839000000000002,0,1,42.159049,17.707264000000002,183.412849,1,1,1789162806.169527,-0.9853969788768934,-0.15342572607808205,-0.06560181999876034,-0.033907842906252116,174.975802482818,-6.827641709360786,17.999623640723335,0.06766466977056816,-0.013793686144361586,-0.4291471415339721,1.5097337924003602,0.8007129857063293,-10.408778481674194
2026-09-11T17:40:06.213,6.449502655999993,-248.52615356445312,-22367.35382080078,-89469.41528320312,-170.2404151916504,-11.82661865234375,-4.881591796875,-3.343890380859375,-7.480069749595946,0.5012168471806058,0.0,-0.1331920623779297,-1091.109375,-47.94914245605469,0.0610351599752903,21.972657591104507,-164.44381536254215,1,1789162806.0693145,38.991351828333336,-76.93663893833333,-9.839000000000002,0,1,42.159049,17.707264000000002,183.412849,1,1,1789162806.209527,-0.9841185845076398,-0.1619050375513077,-0.06494519613361362,-0.032855622674907874,175.049667523399,-6.72987441980976,18.97622045853622,0.16085739784543138,0.01801808106588866,-0.4230006155072237,2.0516492803382875,-2.4456804838371276,-11.492413324546813
2026-09-11T17:40:06.246,6.482909759999984,-248.6907196044922,-22382.164764404297,-89528.65905761719,-170.35314292907717,-11.939346389770508,-4.910036563873291,-3.363375046253205,-7.523655704753939,-0.5832491614308966,0.0,-0.1310749053955078,-1073.765625,-47.18696594238281,0.2136230617761612,76.90430223941803,1644.3102834752724,1,1789162806.0693145,38.991351828333336,-76.93663893833333,-9.839000000000002,0,1,42.159049,17.707264000000002,183.412849,1,1,1789162806.241527,-0.9831591729457272,-0.16840354283871375,-0.062131754743212246,-0.03432102073908381,174.89631608183487,-6.3505524251127285,19.722845942068744,-0.013662611917536812,-0.03455542479438534,-0.45506283746513515,-2.307897049064636,-0.388049146900177,-9.496661950130463
2026-09-11T17:40:06.280,6.516310720000035,-248.85366821289062,-22396.830139160156,-89587.32055664062,-170.4647627258301,-12.05096618652344,-4.884853363037109,-3.3461245536804203,-7.485067451862063,0.516466968996042,0.0,-0.13085556030273438,-1071.96875,-47.108001708984375,-0.2441406399011612,-87.89063036441803,-4933.838207152813,1,1789162806.0693145,38.991351828333336,-76.93663893833333,-9.839000000000002,0,1,42.159049,17.707264000000002,183.412849,1,1,1789162806.269527,-0.9822688643856557,-0.1738348274825899,-0.061262017605058096,-0.034297172063741596,174.88224545296177,-6.224673399080554,20.350218483842088,-0.02177385508325526,-0.04450572139293021,-0.4130936030741283,3.685437197284698,4.943532346534729,-9.702797736530304
2026-09-11T17:40:06.314,6.549719168000024,-249.01739501953125,-22411.565551757812,-89646.26220703125,-170.5769155883789,-12.163119049072266,-4.860876560211182,-3.3297004437446596,-7.448327764282069,0.49161547210353,0.0,-0.13285446166992188,-1088.34375,-47.827606201171875,0.1220702975988388,43.94530713558197,3946.1856324497426,1,1789162806.0693145,38.991351828333336,-76.93663893833333,-9.839000000000002,0,1,42.159049,17.707264000000002,183.412849,1,1,1789162806.3095272,-0.9806074057116925,-0.18196873143584702,-0.06406173767381503,-0.03453390231677098,174.74258461176487,-6.492355457282793,21.323688070304595,-0.15166649400442925,-0.009023526765735883,-0.4457553456300998,5.014336360702514,3.831164018688202,-8.658585627307891
2026-09-11T17:40:06.347,6.583142463999991,-249.1793975830078,-22426.145782470703,-89704.58312988281,-170.68788734436038,-12.274090805053712,-4.809701919555664,-3.29464581489563,-7.369912792805177,1.0488082578410076,0.0,-0.1332111358642578,-1091.265625,-47.95600891113281,0.0,0.0,-1314.8106977727662,1,1789162806.0693145,38.991351828333336,-76.93663893833333,-9.839000000000002,0,1,42.159049,17.707264000000002,183.412849,1,1,1789162806.341527,-0.9793250683604853,-0.18860118941569778,-0.0642727376717145,-0.0349430540150347,174.64770303942905,-6.471397642234302,22.10426092047132,0.07102669750868484,0.03827943381936563,-0.4310041718580941,0.3249923863601685,2.605626947975159,-13.186512139987945
2026-09-11T17:40:06.380,6.61655334400001,-249.34072875976562,-22440.665588378906,-89762.66235351562,-170.79839920043946,-12.384602661132813,-4.861089706420898,-3.3298464488983157,-7.448654368509109,-1.0535679994859484,0.0,-0.1333942413330078,-1092.765625,-48.02192687988281,0.0610351599752903,21.972657591104507,657.6497713047878,1,1789162806.0693145,38.991351828333336,-76.93663893833333,-9.839000000000002,0,1,42.159049,17.707264000000002,183.412849,1,1,1789162806.369527,-0.9780212093989056,-0.19431721644574795,-0.06745179595914595,-0.03414071734108735,174.62599687704562,-6.815368944095103,22.79506350260998,0.011419514762873699,0.10077827806988097,-0.42582298744062375,5.4412198422431945,0.981939880695343,-6.962035149326324
2026-09-11T17:40:06.413,6.649960000000021,-249.5034637451172,-22455.311737060547,-89821.24694824219,-170.9098726654053,-12.496076126098634,-4.9136433601379395,-3.365845701694489,-7.529182403575709,-1.0776071928947735,0.0,-0.133392333984375,-1092.75,-48.021240234375,0.0,0.0,-657.7329257707582,1,1789162806.0693145,38.991351828333336,-76.93663893833333,-9.839000000000002,0,1,42.159049,17.707264000000002,183.412849,1,1,1789162806.409527,-0.9762324607138863,-0.20214193481403173,-0.07185130686351152,-0.030760535433499575,174.8453379599031,-7.345437116013943,23.728158454697066,0.08306370976091412,0.12899012916496772,-0.4298571414736834,1.1362965542411805,1.2985966144180299,-14.70673904806137
2026-09-11T17:40:06.446,6.6833685120000155,-249.6641387939453,-22469.772491455078,-89879.08996582031,-171.01993507385257,-12.606138534545899,-4.836907386779785,-3.313281559944153,-7.4115997672336915,1.5733757238378379,0.0,-0.13288497924804688,-1088.59375,-47.838592529296875,0.015258789993822575,5.493164397776127,164.42409640324905,1,1789162806.0693145,38.991351828333336,-76.93663893833333,-9.839000000000002,0,1,42.159049,17.707264000000002,183.412849,1,1,1789162806.4415271,-0.9748209788496695,-0.20874061753395057,-0.07174179587975875,-0.03169429775313307,174.69324270223981,-7.275418180875476,24.51032075284262,0.01574042639203606,0.13596970084369306,-0.42246270503175903,-0.15043401348114013,2.4954002001571656,-8.923855514183044
2026-09-11T17:40:06.481,6.71676902400003,-249.82638549804688,-22484.37469482422,-89937.49877929688,-171.1310740661621,-12.71727752685547,-4.864297866821289,-3.332044038772583,-7.453570237053909,-0.5617422519876927,0.0,-0.13274192810058594,-1087.421875,-47.78709411621094,0.0,0.0,-164.46347881654575,1,1789162806.0693145,38.991351828333336,-76.93663893833333,-9.839000000000002,0,1,42.159049,17.707264000000002,183.412849,1,1,1789162806.469527,-0.9735167584071189,-0.2143088768136407,-0.07379524623944728,-0.02985109800041372,174.80591065075143,-7.5208578452532,25.17163611115234,0.03149638621441487,0.15897034785817513,-0.41128264944225895,3.438407679710388,-1.735580945625305,-9.090078234424592
2026-09-11T17:40:06.515,6.750192672000026,-249.9908905029297,-22499.180145263672,-89996.72058105469,-171.24375999450686,-12.829963455200197,-4.891168117523193,-3.350450160503388,-7.4947435587495175,-0.5506915861131307,0.0,-0.13100624084472656,-1073.203125,-47.16224670410156,0.0915527492761612,32.95898973941803,986.0979190369079,1,1789162806.0693145,38.991351828333336,-76.93663893833333,-9.839000000000002,0,1,42.159049,17.707264000000002,183.412849,1,1,1789162806.509527,-0.9714520051754271,-0.22249115396794944,-0.07676857185894169,-0.02975356149086647,174.67354221419006,-7.811484508791993,26.16380025758381,0.05082520954855127,0.22031395867679543,-0.4122589866258246,-0.342154024143219,-0.42884481157302856,-12.5674183152771
2026-09-11T17:40:06.547,6.783612128000016,-250.15460205078125,-22513.914184570312,-90055.65673828125,-171.35590240478518,-12.942105865478517,-4.892455577850342,-3.3513320708274845,-7.496716335959826,-0.026389128658974626,0.0,-0.12917137145996094,-1058.171875,-46.50169372558594,0.1068115383386612,38.45215380191803,164.37024176879572,1,1789162806.0693145,38.991351828333336,-76.93663893833333,-9.839000000000002,0,1,42.159049,17.707264000000002,183.412849,1,1,1789162806.541527,-0.969713281286776,-0.2287442110938632,-0.08080308674877063,-0.028339004198287974,174.66995990195232,-8.26472089337808,26.930933899440554,0.0843969667765126,0.23267909282839966,-0.39285720852895484,0.8746551279258729,2.071654846668243,-12.498869830646514
2026-09-11T17:40:06.580,6.817016480000007,-250.31790161132812,-22528.61114501953,-90114.44458007812,-171.46776260375978,-13.053966064453126,-4.920370578765869,-3.3704538464546205,-7.539490529828688,-0.5724336645459015,0.0,-0.12269210815429688,-1005.09375,-44.169158935546875,0.2899170219898224,104.37012791633606,1973.3349149965832,1,1789162806.0693145,38.991351828333336,-76.93663893833333,-9.839000000000002,0,1,42.159049,17.707264000000002,183.412849,1,1,1789162806.5695271,-0.9680237679982079,-0.23401957666876042,-0.08636166934311681,-0.02657977416375657,174.66373464603817,-8.902872794617641,27.596706894285983,0.11418781724587862,0.24683476025962486,-0.38136788059600135,4.173318042831421,0.30861528059005733,-11.621370774173736
2026-09-11T17:40:06.614,6.85042304000001,-250.48104858398438,-22543.294372558594,-90173.17749023438,-171.5795182800293,-13.165721740722658,-4.869476318359375,-3.3355912780761723,-7.4615051853887095,1.0435845049129584,0.0,-0.10982513427734375,-899.6875,-39.53704833984375,0.2746582627296448,98.87697458267212,-164.4333727765874,1,1789162806.0693145,38.991351828333336,-76.93663893833333,-9.839000000000002,0,1,42.159049,17.707264000000002,183.412849,1,1,1789162806.609527,-0.96568270101705,-0.2414469695458695,-0.09215166091592812,-0.0258525287731522,174.5054834091638,-9.525962185742717,28.53358488069976,0.04886328493638444,0.24030391273158727,-0.40016315677780306,-0.2084893824386597,3.2380578169059753,-9.797922243099213
2026-09-11T17:40:06.648,6.883845248,-250.64874267578125,-22558.386840820312,-90233.54736328125,-171.69438873291017,-13.280592193603516,-4.949626445770264,-3.390494115352631,-7.584319334629177,-1.642705271790373,0.0,-0.10772323608398438,-882.46875,-38.780364990234375,-0.0305175818502903,-10.986329466104507,-3287.1348310921935,1,1789162806.0693145,38.991351828333336,-76.93663893833333,-9.839000000000002,0,1,42.159049,17.707264000000002,183.412849,1,1,1789162806.641527,-0.9636472715330202,-0.24714260509661193,-0.09780903915447459,-0.027163590939056376,174.1296620686921,-10.083329135047753,29.287105139537182,-0.007221997911827336,0.2574671315298491,-0.37111721283318827,1.5574921786880491,3.1894168321037295,-6.356082235832215
2026-09-11T17:40:06.681,6.917255936000004,-250.81736755371094,-22573.563079833984,-90294.25231933594,-171.809896774292,-13.396100234985353,-5.028457164764404,-3.4444931578636173,-7.7051117525581905,-1.616220609135036,0.0,-0.104278564453125,-854.25,-37.540283203125,0.1831054985523224,65.91797947883606,2301.787647860838,1,1789162806.0693145,38.991351828333336,-76.93663893833333,-9.839000000000002,0,1,42.159049,17.707264000000002,183.412849,1,1,1789162806.669527,-0.9621719111838235,-0.2517091061121662,-0.10057725070617035,-0.02742181375239495,173.96630641714628,-10.35464914667135,29.867855618808303,-0.05069902224363208,0.22841019201094673,-0.32657641032229295,-0.17396997386932372,-0.33372030500411987,-13.359501448841096
2026-09-11T17:40:06.714,6.950660544000016,-250.98480224609375,-22588.632202148438,-90354.52880859375,-171.92458953857422,-13.51079299926758,-5.055455207824707,-3.4629868173599245,-7.746480890658376,-0.5536259996315632,0.0,-0.09976387023925781,-817.265625,-35.91499328613281,0.07629397511482239,27.46583104133606,-1151.10311839271,1,1789162806.0693145,38.991351828333336,-76.93663893833333,-9.839000000000002,0,1,42.159049,17.707264000000002,183.412849,1,1,1789162806.709527,-0.9605448655222257,-0.25807564911070924,-0.1002648745384462,-0.026409763133448325,174.0206772935911,-10.310725308216742,30.617676383534832,0.010426422418488925,0.15804898854604732,-0.30540731182485376,-2.042038763179779,0.13719503576278688,-7.4350098866271965
2026-09-11T17:40:06.747,6.984066400000017,-251.15818786621094,-22604.236907958984,-90416.94763183594,-172.04335868835452,-13.629562149047853,-5.159624099731445,-3.5343425083160405,-7.90609902540273,-2.13602342523755,0.0,-0.09663772583007812,-791.65625,-34.789581298828125,0.015258817933499813,5.493174456059933,-657.748646981985,1,1789162806.0693145,38.991351828333336,-76.93663893833333,-9.839000000000002,0,1,42.159049,17.707264000000002,183.412849,1,1,1789162806.741527,-0.9588430128167017,-0.26236289136607677,-0.10557273775365393,-0.02530191790795236,173.9250771920715,-10.904863512876135,31.186304435130715,0.0633420128121538,0.16922066655513782,-0.27897168230952163,4.337089100532531,0.9996899174880982,-8.458137698001861
2026-09-11T17:40:06.782,7.017466495999997,-251.3321533203125,-22619.893798828125,-90479.5751953125,-172.16252502441407,-13.748728485107423,-5.211976051330566,-3.570203595161438,-7.986317992039715,-1.0736821488602706,0.0,-0.09339523315429688,-765.09375,-33.622283935546875,0.0610351599752903,21.972657591104507,493.39628050932913,1,1789162806.0693145,38.991351828333336,-76.93663893833333,-9.839000000000002,0,1,42.159049,17.707264000000002,183.412849,1,1,1789162806.781527,-0.956739188935659,-0.26820691365125066,-0.10989239391457034,-0.025275236579164116,173.71638411288478,-11.345144725381498,31.944794789685428,0.031174722033272317,0.1768803930433653,-0.3039466457738597,0.7021561515808106,1.81864327249527,-6.6525372702217105
2026-09-11T17:40:06.815,7.050885343999994,-251.51385498046875,-22636.246948242188,-90544.98779296875,-172.2869906616211,-13.873194122314453,-5.369398593902588,-3.678038036823273,-8.227536768126496,-3.226755202987415,0.0,-0.09134101867675781,-748.265625,-32.88276672363281,0.0,0.0,-657.4929689708853,1,1789162806.0693145,38.991351828333336,-76.93663893833333,-9.839000000000002,0,1,42.159049,17.707264000000002,183.412849,1,1,1789162806.8095272,-0.9554009774712101,-0.27243053405606255,-0.11089436123318716,-0.026325216194139654,173.5145839102172,-11.393935198163215,32.47844148437247,0.041689283578986956,0.13510454113347944,-0.29823575392840906,3.42154024143219,1.7345022141075135,-2.486672281513214
2026-09-11T17:40:06.848,7.084306271999992,-251.7005615234375,-22653.050537109375,-90612.2021484375,-172.4148846435547,-14.001088104248048,-5.578653335571289,-3.8213775348663335,-8.548178093383878,-4.288914360578751,0.0,-0.08965110778808594,-734.421875,-32.27439880371094,0.0762939527630806,27.465822994709015,821.8150912718673,1,1789162806.0693145,38.991351828333336,-76.93663893833333,-9.839000000000002,0,1,42.159049,17.707264000000002,183.412849,1,1,1789162806.841527,-0.9537547824676884,-0.2768747921970179,-0.11371249845730212,-0.027597682157538193,173.2212771089402,-11.632028409164285,33.06727155799189,-0.09834790708647888,0.08532565647149878,-0.28115369294036496,3.1026279781723023,3.3898647614097595,-8.120592799434661
2026-09-11T17:40:06.881,7.1177097280000226,-251.88986206054688,-22670.08758544922,-90680.35034179688,-172.5445555114746,-14.13075897216797,-5.708923816680908,-3.9106128144264223,-8.747791728763461,-2.6714385349829493,0.0,-0.08179283142089844,-670.046875,-29.445419311523438,0.3204346001148224,115.35645604133606,2631.1838226124523,1,1789162806.0693145,38.991351828333336,-76.93663893833333,-9.839000000000002,0,1,42.159049,17.707264000000002,183.412849,1,1,1789162806.869527,-0.9525004473136811,-0.2808795455221321,-0.11399151455605591,-0.029249160393662238,172.97841032174063,-11.57923867492253,33.57298064750318,-0.03026296203203048,0.05384637448375346,-0.27168144202394134,5.113579660339355,2.1589340331077578,-8.936898358898162
2026-09-11T17:40:06.914,7.151113632000033,-252.08412170410156,-22687.57095336914,-90750.28381347656,-172.6776233673096,-14.26382682800293,-5.761975288391113,-3.9469530725479127,-8.829082571018048,-1.0879045192286148,0.0,-0.0683441162109375,-559.875,-24.6038818359375,0.4119873642921448,148.31545114517212,986.6809311817416,1,1789162806.0693145,38.991351828333336,-76.93663893833333,-9.839000000000002,0,1,42.159049,17.707264000000002,183.412849,1,1,1789162806.909527,-0.9514276858199763,-0.2851722405819515,-0.1123124335426708,-0.02912162647307004,173.00044387224995,-11.367715716340385,34.06770804140658,-0.012908804213600461,-0.10324931522485455,-0.2708419386537321,-0.8159132934570312,3.4089877292251587,-6.27988456407547
2026-09-11T17:40:06.947,7.184519968000018,-252.278076171875,-22705.02685546875,-90820.107421875,-172.8104821777344,-14.396685638427735,-5.815950393676758,-3.9839260196685795,-8.911788698256476,-1.1067645108007023,0.0,-0.05503654479980469,-450.859375,-19.813156127929688,0.3662109971046448,131.83595895767212,-493.30438954776787,1,1789162806.0693145,38.991351828333336,-76.93663893833333,-9.839000000000002,0,1,42.159049,17.707264000000002,183.412849,1,1,1789162806.9415271,-0.9509375185525496,-0.2879785291471063,-0.1088070241565621,-0.030777167731646172,172.9097781069066,-10.906744757441336,34.37419418377968,-0.08735460172694219,-0.23748311159451405,-0.1765224260137813,1.1654223052215575,0.01618097276687622,-12.57232164035797
2026-09-11T17:40:06.982,7.217919104000032,-252.4727783203125,-22722.550048828125,-90890.2001953125,-172.94385314941408,-14.530056610107422,-5.8175835609436035,-3.985044739246369,-8.914291202680666,-0.03349546460689386,0.0,-0.031124114990234375,-254.96875,-11.204681396484375,0.3356934189796448,120.84963083267212,-328.9404889095144,1,1789162806.0693145,38.991351828333336,-76.93663893833333,-9.839000000000002,0,1,42.159049,17.707264000000002,183.412849,1,1,1789162806.981527,-0.9506833649465122,-0.28948609131683145,-0.105882654100413,-0.03446456308634241,172.58981717793947,-10.449436490887612,34.549857759478805,-0.11917492105052721,-0.23617673264939626,-0.03861802769425253,0.16926278179168702,5.257345151710511,-8.436759200649261
2026-09-11T17:40:07.017,7.251340319999997,-252.6735382080078,-22740.618438720703,-90962.47375488281,-173.08137367248537,-14.667577133178712,-5.949565887451172,-4.075452632904053,-9.116527901091734,-2.705104854885544,0.0,-0.03169059753417969,-259.609375,-11.408615112304688,0.1373291164636612,49.43848192691803,-2136.7010974654095,1,1789162806.0693145,38.991351828333336,-76.93663893833333,-9.839000000000002,0,1,42.159049,17.707264000000002,183.412849,1,1,1789162807.009527,-0.9510338213400995,-0.2895132636011475,-0.10226605074221544,-0.03547387393351599,172.60838831236566,-10.019109925291698,34.51136301998621,-0.08042320113557191,-0.15268384642541674,-0.004270820679630125,1.3559655178642274,0.1760293704032898,-10.010922684612273
2026-09-11T17:40:07.049,7.28475980799999,-252.8745880126953,-22758.712921142578,-91034.85168457031,-173.21909278869632,-14.805296249389649,-5.97712516784668,-4.094330739974976,-9.15875702392397,-0.5648831924333148,0.0,-0.030687332153320312,-251.390625,-11.047439575195312,-0.015258791856467724,-5.493165068328381,-1643.7010344161577,1,1789162806.0693145,38.991351828333336,-76.93663893833333,-9.839000000000002,0,1,42.159049,17.707264000000002,183.412849,1,1,1789162807.041527,-0.951108144104937,-0.28915271577708773,-0.10147292354045283,-0.0385648928969153,172.29871348258368,-9.829751513453454,34.483529441456945,-0.13954727674443101,-0.09666104636442635,-0.002461961442863201,3.483126004447937,0.16073099615097045,-7.350672695236206
2026-09-11T17:40:07.083,7.318165695999994,-253.07266235351562,-22776.539611816406,-91106.15844726562,-173.35477371215822,-14.940977172851564,-5.924778938293457,-4.058473572731018,-9.078546825185697,1.073378658395572,0.0,-0.03225517272949219,-264.234375,-11.611862182617188,-0.0762939602136612,-27.46582567691803,-657.7481373519184,1,1789162807.070359,38.99134811166667,-76.93661792,-9.880000000000003,0,1,51.681721,8.439024999999999,97.23932100000002,1,1,1789162807.081527,-0.9515637284901696,-0.2888208255522844,-0.09874096745020287,-0.03686763751831435,172.5879565809352,-9.591377615683255,34.391136624182344,-0.05834792769049724,-0.0868604990157026,-0.013465040646211053,1.1370810862541199,-1.739405539188385,-12.28027959854126
2026-09-11T17:40:07.116,7.3515739840000265,-253.26904296875,-22794.2138671875,-91176.85546875,-173.48929443359376,-15.07549789428711,-5.925955772399902,-4.0592797040939335,-9.080350089687565,-0.02412968191947739,0.0,-0.03323554992675781,-272.265625,-11.964797973632812,0.0,0.0,822.1261046627536,1,1789162807.070359,38.99134811166667,-76.93661792,-9.880000000000003,0,1,51.681721,8.439024999999999,97.23932100000002,1,1,1789162807.109527,-0.9513031989331463,-0.28966870109605247,-0.0986918119648188,-0.037070116751763825,172.55878042550393,-9.572504899556106,34.49457048800823,0.04354579030433332,0.006304303791128717,-0.0926448692226622,2.0100690836524966,1.7044938646125793,-11.307950235004425
2026-09-11T17:40:07.149,7.384980031999987,-253.46920776367188,-22812.22869873047,-91248.91479492188,-173.62640731811524,-15.212610778808594,-5.952932357788086,-4.077758665084839,-9.121686348167579,-0.5531621397097688,0.0,-0.03604698181152344,-295.296875,-12.976913452148438,-0.0762939602136612,-27.46582567691803,-822.181231283339,1,1789162807.070359,38.99134811166667,-76.93661792,-9.880000000000003,0,1,51.681721,8.439024999999999,97.23932100000002,1,1,1789162807.141527,-0.9508476309428924,-0.2910746428714436,-0.09909940298374839,-0.03665574083026819,172.57571746693165,-9.620281131703415,34.666550250397094,0.049611682119639615,0.056441504548543825,-0.10543359478372545,1.8779735059738158,0.3872646148872375,-5.7937689155578616
2026-09-11T17:40:07.184,7.418388224000012,-253.6707000732422,-22830.363006591797,-91321.45202636719,-173.76442955017092,-15.350633010864259,-5.980174541473389,-4.096419560909272,-9.1634295832795,-0.5585724550559136,0.0,-0.03769493103027344,-308.796875,-13.570175170898438,-0.03051757998764515,-10.986328795552254,493.27712440570645,1,1789162807.070359,38.99134811166667,-76.93661792,-9.880000000000003,0,1,51.681721,8.439024999999999,97.23932100000002,1,1,1789162807.1815271,-0.9502704655134904,-0.2928972335405477,-0.09887495243298436,-0.037696110388778646,172.4505075671456,-9.545670446015068,34.89247680856028,0.00928916587788942,-0.04814979433816916,-0.12305950036669099,-0.30263322399139403,2.4993228602218625,-9.607967429466248
2026-09-11T17:40:07.216,7.4518079680000255,-253.87017822265625,-22848.316040039062,-91393.26416015625,-173.90107208251953,-15.487275543212892,-5.955599308013916,-4.079585525989533,-9.125772919625824,0.5037152564583479,0.0,-0.038143157958984375,-312.46875,-13.731536865234375,0.015258789993822575,5.493164397776127,493.10650594216173,1,1789162807.070359,38.99134811166667,-76.93661792,-9.880000000000003,0,1,51.681721,8.439024999999999,97.23932100000002,1,1,1789162807.209527,-0.9501718505001076,-0.29425678971151226,-0.0957558917350543,-0.03764578892652696,172.55590324785922,-9.196103053791635,35.013769314429545,0.009778556200148631,-0.04367913345918569,-0.10218536251283881,0.38638201637268066,1.1649319727134706,-7.7230312018775935
2026-09-11T17:40:07.250,7.4852149120000036,-254.0665283203125,-22865.987548828125,-91463.9501953125,-174.03557189941407,-15.621775360107423,-5.904917240142822,-4.044868309497834,-9.048112718096432,1.039221560994078,0.0,-0.03668975830078125,-300.5625,-13.20831298828125,0.0,0.0,-164.43181387018646,1,1789162807.070359,38.99134811166667,-76.93661792,-9.880000000000003,0,1,51.681721,8.439024999999999,97.23932100000002,1,1,1789162807.241527,-0.949854909367686,-0.2957558213381257,-0.09424911374120175,-0.037699467552126734,172.59040849428158,-9.018089574351285,35.175123112255186,0.02601221263879829,-0.05864411006456067,-0.07734199687410112,2.064299859046936,0.5015120892715453,-11.9778425075531
2026-09-11T17:40:07.283,7.518615520000026,-254.2589111328125,-22883.302001953125,-91533.2080078125,-174.16735412597657,-15.753557586669922,-5.828774452209473,-3.992710499763489,-8.931439020587609,1.5615826434749338,0.0,-0.03548431396484375,-290.6875,-12.77435302734375,0.01525880303233862,5.493169091641903,164.46314664805658,1,1789162807.070359,38.99134811166667,-76.93661792,-9.880000000000003,0,1,51.681721,8.439024999999999,97.23932100000002,1,1,1789162807.281527,-0.9497822135189665,-0.2965613011825029,-0.09313627314312369,-0.03592737325442105,172.81864510035527,-8.952118778115445,35.24394568672336,-0.09798679846424124,-0.1332438456179283,-0.061289156545958075,-0.8160113599586487,-0.8736744629096985,-10.971091801948548
2026-09-11T17:40:07.317,7.552023615999985,-254.44961547851562,-22900.465393066406,-91601.86157226562,-174.29798660278323,-15.884190063476563,-5.726249694824219,-3.9224810409545903,-8.774340195406644,2.1021688517951933,0.0,-0.033084869384765625,-271.03125,-11.910552978515625,0.061035171151161194,21.97266161441803,493.278411400519,1,1789162807.070359,38.99134811166667,-76.93661792,-9.880000000000003,0,1,51.681721,8.439024999999999,97.23932100000002,1,1,1789162807.3095272,-0.9499155839800284,-0.29706693505567894,-0.08993783931808311,-0.036370378982097426,172.88156129782223,-8.583919546233872,35.26695862594244,-0.023650084029149164,-0.07678000085495894,-0.04688722315727647,-2.8960999257659914,1.5246399006462097,-6.020498667297363
2026-09-11T17:40:07.350,7.585446176000005,-254.63763427734375,-22917.387084960938,-91669.54833984375,-174.4267794799805,-16.01298294067383,-5.623788356781006,-3.8522950243949894,-8.61733854776974,2.099959325663859,0.0,-0.03128814697265625,-256.3125,-11.26373291015625,-0.030517566949129105,-10.986324101686478,-986.1298989689973,1,1789162807.070359,38.99134811166667,-76.93661792,-9.880000000000003,0,1,51.681721,8.439024999999999,97.23932100000002,1,1,1789162807.341527,-0.9502051685495387,-0.29690644578427594,-0.08756915512098999,-0.03589349780792391,173.02143918139168,-8.343261447763366,35.214086379250396,-0.009359677179669991,-0.04256107554035812,-0.000685739863108572,0.5781020270347595,-0.5261267811775208,-12.788950542430879
2026-09-11T17:40:07.384,7.618859296000039,-254.82192993164062,-22933.973693847656,-91735.89477539062,-174.55302200317385,-16.139225463867188,-5.546342372894287,-3.799244525432587,-8.498667961329149,1.5877146151675725,0.0,-0.030031204223632812,-246.015625,-10.811233520507812,-0.0762939527630806,-27.465822994709015,-493.2044326601537,1,1789162807.070359,38.99134811166667,-76.93661792,-9.880000000000003,0,1,51.681721,8.439024999999999,97.23932100000002,1,1,1789162807.381527,-0.9506998772771855,-0.29625620136384456,-0.08521863869073067,-0.033760777809582386,173.3467457038203,-8.165389658023107,35.09148205360006,-0.041620168540607974,-0.04171162379341248,0.022309322097767117,-2.9734743955421448,-1.847769023475647,-7.419711512374878
2026-09-11T17:40:07.417,7.652266144000009,-255.0033721923828,-22950.303497314453,-91801.21398925781,-174.67730995178223,-16.263513412475586,-5.441977500915527,-3.7277545881271363,-8.338749526053892,2.1399785249274275,0.0,-0.028491973876953125,-233.40625,-10.257110595703125,-0.015258791856467724,-5.493165068328381,657.7291556030764,1,1789162807.070359,38.99134811166667,-76.93661792,-9.880000000000003,0,1,51.681721,8.439024999999999,97.23932100000002,1,1,1789162807.409527,-0.9509735282075436,-0.2959123988306801,-0.0842010123061869,-0.0315498081354252,173.62967078214663,-8.133143968908994,35.02228590164252,0.05563917669140203,-0.014273651688660027,0.019720475218283927,1.5404286074066162,-1.0791237837982177,-11.225574373645783
2026-09-11T17:40:07.450,7.685672383999986,-255.18357849121094,-22966.522064208984,-91866.08825683594,-174.8007512664795,-16.386954727172853,-5.41619348526001,-3.710092537403107,-8.299240643797205,0.5287051378437638,0.0,-0.026620864868164062,-218.078125,-9.583511352539062,0.0762939527630806,27.465822994709015,986.6117247274904,1,1789162807.070359,38.99134811166667,-76.93661792,-9.880000000000003,0,1,51.681721,8.439024999999999,97.23932100000002,1,1,1789162807.4415271,-0.951434014013054,-0.29503991683698333,-0.08269879287895196,-0.02976027735417949,173.88787834072622,-8.036501807674744,34.887115048999625,0.04323913595475792,0.02272453592681657,0.053803788450004796,-0.041482130184173585,-2.1949244392013547,-10.642569021530152
2026-09-11T17:40:07.483,7.719073024000011,-255.3614501953125,-22982.530517578125,-91930.1220703125,-174.92259338378906,-16.508796844482422,-5.365616798400879,-3.6754475069046024,-8.22174191773577,1.0372564866565026,0.0,-0.027132034301757812,-222.265625,-9.767532348632812,0.0,0.0,-822.3142728608967,1,1789162807.070359,38.99134811166667,-76.93661792,-9.880000000000003,0,1,51.681721,8.439024999999999,97.23932100000002,1,1,1789162807.481527,-0.9516522232751597,-0.29457318027505136,-0.08191006864799147,-0.029587633433057363,173.9389297615226,-7.959226026277827,34.82069421305889,0.03460185055248838,0.06436023789776729,0.02353035444246235,7.385094037303925,2.4308724420928955,-9.956888042221069
2026-09-11T17:40:07.517,7.752481856000031,-255.53932189941406,-22998.538970947266,-91994.15588378906,-175.04443550109863,-16.630638961791995,-5.314235210418701,-3.6402511191368108,-8.143009840588777,1.0535054852492305,0.0,-0.028352737426757812,-232.265625,-10.206985473632812,0.0,0.0,0.0,1,1789162807.070359,38.99134811166667,-76.93661792,-9.880000000000003,0,1,51.681721,8.439024999999999,97.23932100000002,1,1,1789162807.509527,-0.9519610826605366,-0.2942293114384901,-0.08023976002554531,-0.027582427399596397,174.2219338567966,-7.847630344963142,34.74701287273164,0.0778415101060219,-0.006995279641993273,-5.637413483941684e-05,-4.893518430709839,-0.0019613300323486327,-3.757712208976746
2026-09-11T17:40:07.551,7.785903904000008,-255.7188720703125,-23014.698486328125,-92058.7939453125,-175.16742736816408,-16.753630828857425,-5.315220832824707,-3.6409262704849246,-8.144520111142002,-0.02020077728672587,0.0,-0.030307769775390625,-248.28125,-10.910797119140625,-0.01525880303233862,-5.493169091641903,-164.35764473935455,1,1789162807.070359,38.99134811166667,-76.93661792,-9.880000000000003,0,1,51.681721,8.439024999999999,97.23932100000002,1,1,1789162807.541527,-0.9519301070138895,-0.29397761116231014,-0.08159482845308264,-0.02735908378470678,174.20055970405633,-8.004983437791765,34.7298841470664,-0.04110843800392324,0.02281476944914468,0.006708522045890604,-0.13641050374984742,-1.3826396063041688,-7.512678555908203
2026-09-11T17:40:07.585,7.81932144000001,-255.900146484375,-23031.01318359375,-92124.052734375,-175.29160034179688,-16.877803802490234,-5.368681907653809,-3.677547106742859,-8.226438588812757,-1.0958568656268566,0.0,-0.030731201171875,-251.75,-11.063232421875,0.030517585575580597,10.986330807209015,493.1392876736949,1,1789162807.070359,38.99134811166667,-76.93661792,-9.880000000000003,0,1,51.681721,8.439024999999999,97.23932100000002,1,1,1789162807.581527,-0.9517407802621894,-0.294146658273349,-0.08302404333381598,-0.02782514763743198,174.0970142522206,-8.144226498330799,34.769369570185205,0.0581421533716871,0.09973945809909394,0.00045727626402251436,6.875246295394898,2.222677259159088,-7.292028927268982
2026-09-11T17:40:07.617,7.852728511999999,-256.0789794921875,-23047.108154296875,-92188.4326171875,-175.41410095214846,-17.0003044128418,-5.396395206451416,-3.69653071641922,-8.268903714252005,-0.5682512276552522,0.0,-0.03157997131347656,-258.703125,-11.368789672851562,0.015258795581758022,5.493166409432888,-164.43118384568396,1,1789162807.070359,38.99134811166667,-76.93661792,-9.880000000000003,0,1,51.681721,8.439024999999999,97.23932100000002,1,1,1789162807.609527,-0.9516522315519378,-0.2940929603486824,-0.08456648916336564,-0.026755742676064544,174.16041272746241,-8.349927904603872,34.7724961697979,-0.004493001093409003,0.04190779880133664,-0.012937602146258366,2.1185306344413757,-3.2212884451293946,-9.484697836933135
2026-09-11T17:40:07.650,7.886135424000031,-256.2591857910156,-23063.326721191406,-92253.30688476562,-175.53754226684572,-17.123745727539063,-5.398435592651367,-3.6979283809661867,-8.272030200801233,-0.04183758579557763,0.0,-0.03256416320800781,-266.765625,-11.723098754882812,0.0457763746380806,16.479494869709015,328.8639327174429,1,1789162807.070359,38.99134811166667,-76.93661792,-9.880000000000003,0,1,51.681721,8.439024999999999,97.23932100000002,1,1,1789162807.641527,-0.9516066405817852,-0.2943185551911508,-0.08484370298608472,-0.024958680543081167,174.34657444179314,-8.440603644072134,34.78971876934915,-0.06184731284074586,-0.0071089005762981035,-0.014929895487409892,0.3031235564994812,-4.3714123760986325,-9.868824323768616
2026-09-11T17:40:07.684,7.919538751999994,-256.43829345703125,-23079.446411132812,-92317.78564453125,-175.6602310180664,-17.246434478759767,-5.399751663208008,-3.698829889297486,-8.274046817505104,-0.026988578242865265,0.0,-0.03286933898925781,-269.265625,-11.832962036132812,0.0,0.0,-493.34889235369747,1,1789162807.070359,38.99134811166667,-76.93661792,-9.880000000000003,0,1,51.681721,8.439024999999999,97.23932100000002,1,1,1789162807.6815271,-0.9512431588342687,-0.29520868932209016,-0.08486465713532906,-0.028040550797703297,173.9984276853454,-8.331385412801382,34.91991491333052,-0.05735134468760847,0.07359076071278972,-0.05362751019555337,1.7195961058616638,4.372393041114807,-13.205340908298492
2026-09-11T17:40:07.717,7.952947231999985,-256.6189270019531,-23095.70343017578,-92382.81372070312,-175.78396499633791,-17.37016845703125,-5.427295207977295,-3.717697217464447,-8.31625182861588,-0.5647466800933835,0.0,-0.03313446044921875,-271.4375,-11.92840576171875,0.0,0.0,0.0,1,1789162807.070359,38.99134811166667,-76.93661792,-9.880000000000003,0,1,51.681721,8.439024999999999,97.23932100000002,1,1,1789162807.709527,-0.9512053269410805,-0.2954985179254982,-0.08418615596252728,-0.028315067490630896,173.98993752873514,-8.245941417584257,34.949161483545566,-0.029032853975224874,-0.027594702671581546,-0.040098066899943725,-2.828630172653198,-2.475394633827209,-7.150911231441498
2026-09-11T17:40:07.751,7.986365760000012,-256.7983093261719,-23111.84783935547,-92447.39135742188,-175.90684188842775,-17.493045349121097,-5.348916530609131,-3.664007823467255,-8.196152074685154,1.606575669555186,0.0,-0.03372383117675781,-276.265625,-12.140579223632812,-0.0610351637005806,-21.972658932209015,-657.4993049421947,1,1789162807.070359,38.99134811166667,-76.93661792,-9.880000000000003,0,1,51.681721,8.439024999999999,97.23932100000002,1,1,1789162807.741527,-0.9509943403463386,-0.2956718597622665,-0.0860256786988541,-0.028062405070784172,173.95033873665452,-8.454579796086254,34.98935696386903,-0.17650165659568257,-0.003244392546532259,-0.04142381899975861,6.392562974433899,1.5526869201087952,-9.593159387722016
2026-09-11T17:40:07.785,8.019775040000013,-256.97802734375,-23128.0224609375,-92512.08984375,-176.02994873046876,-17.61615219116211,-5.3744354248046875,-3.681488265991211,-8.235254710968162,-0.5232211686081139,0.0,-0.033538818359375,-274.75,-12.073974609375,0.0,0.0,657.6813068766676,1,1789162807.070359,38.99134811166667,-76.93661792,-9.880000000000003,0,1,51.681721,8.439024999999999,97.23932100000002,1,1,1789162807.781527,-0.9506998973609946,-0.2964302442032761,-0.08715868126270501,-0.026498674682456834,174.07505350695075,-8.627707828772257,35.082514755645676,-0.004048291200000847,-0.014771245058403609,-0.04831472795248263,3.946097958583832,0.6468466446685791,-10.565390684757231
2026-09-11T17:40:07.818,8.05318176000003,-257.15606689453125,-23144.046020507812,-92576.18408203125,-176.15190582275392,-17.738109283447265,-5.349600791931152,-3.6644765424728396,-8.197200569239522,0.5092305834982672,0.0,-0.03387260437011719,-277.484375,-12.194137573242188,-0.0457763746380806,-16.479494869709015,-493.29879945415064,1,1789162807.070359,38.99134811166667,-76.93661792,-9.880000000000003,0,1,51.681721,8.439024999999999,97.23932100000002,1,1,1789162807.8095272,-0.9507979651418649,-0.29702642490049225,-0.0841707740668829,-0.025957911817078228,174.23668390370725,-8.31634203272749,35.11664860191046,-0.013943784460033097,-0.032039532677635506,-0.05627726906593116,0.4558130995178223,0.36578805103302003,-11.148886369380952
2026-09-11T17:40:07.851,8.086585952000007,-257.3363037109375,-23160.267333984375,-92641.0693359375,-176.2753680419922,-17.86157150268555,-5.376561641693115,-3.682944724559784,-8.238512715998077,-0.5528701932666684,0.0,-0.03390693664550781,-277.765625,-12.206497192382812,-0.1220703274011612,-43.94531786441803,-822.2268329294528,1,1789162807.070359,38.99134811166667,-76.93661792,-9.880000000000003,0,1,51.681721,8.439024999999999,97.23932100000002,1,1,1789162807.841527,-0.9505755240068484,-0.2975446347091298,-0.08475459777995842,-0.02626826355269231,174.17697180594607,-8.366195381954673,35.18808608130064,-0.05309221771396671,-0.023496844120824062,-0.06073972689743026,0.16445752321243287,3.678082209663391,-12.918594457569121
2026-09-11T17:40:07.885,8.119996928000035,-257.5163269042969,-23176.46942138672,-92705.87768554688,-176.39868392944337,-17.98488739013672,-5.403161525726318,-3.7011656451225283,-8.279271754479518,-0.545357326967318,0.0,-0.03323936462402344,-272.296875,-11.966171264648438,-0.015258795581758022,-5.493166409432888,1150.883813000662,1,1789162807.070359,38.99134811166667,-76.93661792,-9.880000000000003,0,1,51.681721,8.439024999999999,97.23932100000002,1,1,1789162807.881527,-0.9507332983836186,-0.29781128635053816,-0.08235749443602411,-0.025137147353329784,174.38533464565583,-8.142049372421361,35.18560905407468,-0.05439004454574969,-0.09039025289493594,-0.03492665632628453,-5.227631001720429,3.528040462188721,-16.11644500881195
2026-09-11T17:40:07.918,8.153406271999984,-257.69708251953125,-23192.737426757812,-92770.94970703125,-176.5225015258789,-18.108704986572267,-5.404661178588867,-3.7021929073333744,-8.281569674600417,-0.030747751612470977,0.0,-0.03274726867675781,-268.265625,-11.789016723632812,0.0,0.0,164.42006192762236,1,1789162807.070359,38.99134811166667,-76.93661792,-9.880000000000003,0,1,51.681721,8.439024999999999,97.23932100000002,1,1,1789162807.909527,-0.9506921026162561,-0.29821674663044556,-0.08137808934998848,-0.025077970930282963,174.42357576829366,-8.03474983392464,35.22354496675429,0.12324625059665438,-0.011503465099894626,-0.017285391845901443,2.972101464519501,2.005459958076477,-9.578253279476165
2026-09-11T17:40:07.951,8.186813440000037,-257.8770751953125,-23208.936767578125,-92835.7470703125,-176.6457965087891,-18.231999969482423,-5.405684471130371,-3.7028938627243044,-8.283137667153499,-0.020982185348035157,0.0,-0.03274726867675781,-268.265625,-11.789016723632812,0.0,0.0,0.0,1,1789162807.070359,38.99134811166667,-76.93661792,-9.880000000000003,0,1,51.681721,8.439024999999999,97.23932100000002,1,1,1789162807.9415271,-0.9505400898488601,-0.2984855275285514,-0.08160429666957944,-0.02684522697215682,174.2188062705548,-7.996377273259319,35.27074457021811,-0.05719304332445258,-0.0170820609880441,-0.05171375667074159,0.8812255835342406,1.44177370677948,-3.703873699588776
2026-09-11T17:40:07.985,8.220215295999992,-258.056396484375,-23225.07568359375,-92900.302734375,-176.7686315917969,-18.354835052490238,-5.407566547393799,-3.7041830849647526,-8.28602157517168,-0.03859732346759053,0.0,-0.03299140930175781,-270.265625,-11.876907348632812,0.0,0.0,0.0,1,1789162807.070359,38.99134811166667,-76.93661792,-9.880000000000003,0,1,51.681721,8.439024999999999,97.23932100000002,1,1,1789162807.981527,-0.9504302900159926,-0.29903044196727785,-0.08076616444343641,-0.027200832304664118,174.20533537067604,-7.889178448630983,35.32981222049155,0.08831208935458629,0.023821649894620208,-0.0440437327399273,0.7853165449523926,0.43119840761184697,-13.223581277599335
2026-09-11T17:40:08.018,8.253620992000037,-258.2356872558594,-23241.211853027344,-92964.84741210938,-176.8914457702637,-18.477649230957034,-5.382753372192383,-3.6871860599517827,-8.248000313063212,0.5088061931997108,0.0,-0.0330352783203125,-270.625,-11.8927001953125,0.015258795581758022,5.493166409432888,164.4380170802441,1,1789162807.070359,38.99134811166667,-76.93661792,-9.880000000000003,0,1,51.681721,8.439024999999999,97.23932100000002,1,1,1789162808.009527,-0.9505108503602917,-0.2995660442140229,-0.07783497383265008,-0.027037480463017814,174.32448230344892,-7.571709672054139,35.36173356797261,-0.06022956715707232,-0.040486402658512465,-0.04434462750297113,-1.4407930417633057,1.1672855687522887,-5.411113426246644
2026-09-11T17:40:08.052,8.287036864000015,-258.4148254394531,-23257.33428955078,-93029.33715820312,-177.0141554260254,-18.60035888671875,-5.305588245391846,-3.6343279480934148,-8.129760084317759,1.5818265002452476,0.0,-0.03314781188964844,-271.546875,-11.933212280273438,0.0915527418255806,32.958987057209015,821.9393660531861,1,1789162807.070359,38.99134811166667,-76.93661792,-9.880000000000003,0,1,51.681721,8.439024999999999,97.23932100000002,1,1,1789162808.049527,-0.9503471322897311,-0.3002133237513586,-0.0775676781197974,-0.026373162532193482,174.40192967165635,-7.561903429177776,35.432754304807005,0.012207879985999537,-0.0362897584720921,-0.025924597110348176,-0.9884122698020935,0.010591182174682617,-10.3390531990242
2026-09-11T17:40:08.085,8.320445568000025,-258.59344482421875,-23273.410034179688,-93093.64013671875,-177.13650970458986,-18.722713165283203,-5.358534812927246,-3.670596346855164,-8.210890181762617,-1.0855972970917502,0.0,-0.03327369689941406,-272.578125,-11.978530883789062,-0.015258789993822575,-5.493164397776127,-1150.96208027027,1,1789162808.069848,38.991346326666665,-76.936594,-9.750000000000004,0,1,56.8516,23.299929,256.928841,1,1,1789162808.081527,-0.9503728987228455,-0.3005068029458742,-0.07638072257814521,-0.025553864185798456,174.53235648060607,-7.4593132853622395,35.45047552521303,-0.011832634196820757,-0.06964177874722734,-0.048850194966994484,0.4742496018218994,0.7231423829269409,-13.313802459087372
2026-09-11T17:40:08.118,8.35386233600002,-258.7727355957031,-23289.54620361328,-93158.18481445312,-177.25932388305665,-18.84552734375,-5.358333110809326,-3.670458180904389,-8.210581113333001,0.004134629380528772,0.0,-0.03452301025390625,-282.8125,-12.42828369140625,-0.0915527418255806,-32.958987057209015,-821.9173876850376,1,1789162808.069848,38.991346326666665,-76.936594,-9.750000000000004,0,1,56.8516,23.299929,256.928841,1,1,1789162808.109527,-0.9502359163027314,-0.30130081082453336,-0.0750495390334543,-0.025240670665684965,174.60853363036017,-7.3204984436948095,35.530709107996024,-0.037332243634308315,-0.049984309914940406,-0.07426655219916191,1.7025325345802307,-0.17367577436447143,-8.08215073080063
2026-09-11T17:40:08.152,8.387269312,-258.95220947265625,-23305.698852539062,-93222.79541015625,-177.38226348876955,-18.968466949462893,-5.3590850830078125,-3.670973281860352,-8.211733361355467,-0.01541896387040498,0.0,-0.03555488586425781,-291.265625,-12.799758911132812,-0.015258789993822575,-5.493164397776127,822.1583018902636,1,1789162808.069848,38.991346326666665,-76.936594,-9.750000000000004,0,1,56.8516,23.299929,256.928841,1,1,1789162808.149527,-0.9496566676215361,-0.30270536575399826,-0.07595022819646455,-0.027445182138265082,174.32318196831338,-7.333103737486088,35.723686478068544,-0.006422986180264332,-0.06360782645723255,-0.10472115138306136,-4.487130848007203,-0.9882161367988587,-9.819594939956666
2026-09-11T17:40:08.185,8.420674624000014,-259.1322326660156,-23321.900939941406,-93287.60375976562,-177.5055793762207,-19.091782836914064,-5.385813236236572,-3.6892820668220523,-8.252688946899713,-0.5480800467210991,0.0,-0.03664398193359375,-300.1875,-13.19183349609375,-0.0915527418255806,-32.958987057209015,-822.1992555980852,1,1789162808.069848,38.991346326666665,-76.936594,-9.750000000000004,0,1,56.8516,23.299929,256.928841,1,1,1789162808.1815271,-0.9492719967211092,-0.3036710443205297,-0.07747431942640981,-0.02577407441231839,174.4435380039542,-7.552507369524204,35.8458645882789,0.03829269832168079,0.06527461589288713,-0.090121646723054,5.308633932056427,-1.2646656048583984,-10.300709196891786
2026-09-11T17:40:08.218,8.454083328000024,-259.3104248046875,-23337.938232421875,-93351.7529296875,-177.62764099121094,-19.213844451904297,-5.3606767654418945,-3.672063584327698,-8.21417229851399,0.5153891181875627,0.0,-0.038890838623046875,-318.59375,-14.000701904296875,-0.1220703274011612,-43.94531786441803,-328.84636312757726,1,1789162808.069848,38.991346326666665,-76.936594,-9.750000000000004,0,1,56.8516,23.299929,256.928841,1,1,1789162808.209527,-0.9487551027947262,-0.3049421493698908,-0.07901440404920837,-0.02511502361910261,174.4493278423221,-7.736264100268623,36.01175020824127,-0.10988017011903141,-0.02255698431862511,-0.1063715347237472,-0.27066354446411134,-2.367815681552887,-13.427363467960358
2026-09-11T17:40:08.253,8.487499679999985,-259.49188232421875,-23354.269409179688,-93417.07763671875,-177.75193939208987,-19.338142852783204,-5.413781642913818,-3.708440425395966,-8.295544974489893,-1.0885940233186127,0.0,-0.04542732238769531,-372.140625,-16.353836059570312,-0.1831054985523224,-65.91797947883606,-657.5422001313584,1,1789162808.069848,38.991346326666665,-76.936594,-9.750000000000004,0,1,56.8516,23.299929,256.928841,1,1,1789162808.249527,-0.9479970641949205,-0.3069688806331617,-0.08003303985274297,-0.02581443651457902,174.31854433403495,-7.810302334873001,36.27287200054358,0.04348138765493473,-0.06243513973281755,-0.11177071076479167,1.9874157217788697,-0.5009236902618408,-10.041813632621764
2026-09-11T17:40:08.286,8.52091587199999,-259.67315673828125,-23370.584106445312,-93482.33642578125,-177.87611236572266,-19.462315826416017,-5.441468715667725,-3.7274060702323917,-8.337969913726708,-0.56755853079918,0.0,-0.054317474365234375,-444.96875,-19.554290771484375,-0.3051758110523224,-109.86329197883606,-1315.0903759469193,1,1789162808.069848,38.991346326666665,-76.936594,-9.750000000000004,0,1,56.8516,23.299929,256.928841,1,1,1789162808.281527,-0.947159512457955,-0.3094172448330826,-0.08033901097554402,-0.026371762849397434,174.2259318832138,-7.8088128243712,36.57668404960588,-0.06388847540095323,-0.07982664759724026,-0.20081531480643997,0.9144701275825501,3.3511284932708745,-10.099378669071196
2026-09-11T17:40:08.318,8.554321600000037,-259.8552551269531,-23386.97296142578,-93547.89184570312,-178.0008497619629,-19.58705322265625,-5.468212604522705,-3.7457256340980534,-8.378949610992414,-0.5483958878440071,0.0,-0.06699752807617188,-548.84375,-24.119110107421875,-0.3509521782398224,-126.34278416633606,-493.3133679193088,1,1789162808.069848,38.991346326666665,-76.936594,-9.750000000000004,0,1,56.8516,23.299929,256.928841,1,1,1789162808.3095272,-0.9463610058934468,-0.3118745902117405,-0.08035072115722415,-0.026054713855963925,174.23991583090236,-7.8066158858854955,36.87276284018353,0.024174555469373457,-0.03776299089370051,-0.22255478690343095,1.8869956241226198,0.4770935303688049,-11.939106239414214
2026-09-11T17:40:08.352,8.587726847999988,-260.04376220703125,-23403.938598632812,-93615.75439453125,-178.12997711181643,-19.716180572509767,-5.573918342590332,-3.8181340646743775,-8.540922657199296,-2.16757650104647,0.0,-0.0720367431640625,-590.125,-25.9332275390625,-0.09155276417732239,-32.95899510383606,2795.4825859288917,1,1789162808.069848,38.991346326666665,-76.936594,-9.750000000000004,0,1,56.8516,23.299929,256.928841,1,1,1789162808.3495271,-0.9448103819348284,-0.3165077864787427,-0.07983371542429664,-0.02797751182723431,174.0113306913105,-7.651382079974098,37.44212393983547,0.02826805069700096,-0.04725810562332526,-0.28342803148863877,0.034813608074188235,3.137343519744873,-7.625553099269867
2026-09-11T17:40:08.386,8.621134751999989,-260.2388000488281,-23421.49200439453,-93685.96801757812,-178.2635780334473,-19.849781494140625,-5.757119655609131,-3.943626964092255,-8.821642278302278,-3.7563835018765377,0.0,-0.07533645629882812,-617.15625,-27.121124267578125,-0.030517607927322388,-10.98633885383606,657.7083150741695,1,1789162808.069848,38.991346326666665,-76.936594,-9.750000000000004,0,1,56.8516,23.299929,256.928841,1,1,1789162808.381527,-0.9433014647678445,-0.32062615516179793,-0.08034631167435549,-0.030425078361920033,173.69132116438237,-7.589309073141126,37.9644274161197,-0.03810647169049299,-0.1276142861156206,-0.2866825469448326,4.790254404506683,4.435351735153199,-10.212743544940947
2026-09-11T17:40:08.419,8.654558272000031,-260.4330749511719,-23438.97674560547,-93755.90698242188,-178.39665634155276,-19.982859802246097,-5.835758209228516,-3.9974943733215333,-8.942140240966198,-1.6116617648054565,0.0,-0.07488441467285156,-613.453125,-26.958389282226562,-0.061035171151161194,-21.97266161441803,-328.7003511469805,1,1789162808.069848,38.991346326666665,-76.936594,-9.750000000000004,0,1,56.8516,23.299929,256.928841,1,1,1789162808.409527,-0.9423338254436476,-0.3239757792789546,-0.07914597525249327,-0.027974460971873026,173.97802340586915,-7.529564812985752,38.34271816125437,0.13750593965129845,-0.12079057233909836,-0.2551816228743625,0.3079288150787353,-1.2446600385284425,-15.058307456359863
2026-09-11T17:40:08.453,8.687978560000033,-260.6292724609375,-23456.634521484375,-93826.5380859375,-178.5310516357422,-20.11725509643555,-5.861372470855713,-4.015040142536163,-8.981389008894414,-0.5250035312271644,0.0,-0.074432373046875,-609.75,-26.795654296875,0.015258789993822575,5.493164397776127,821.830919356304,1,1789162808.069848,38.991346326666665,-76.936594,-9.750000000000004,0,1,56.8516,23.299929,256.928841,1,1,1789162808.449527,-0.9407235160042419,-0.3292550893081035,-0.07654996770277675,-0.027757072000367818,174.06192288922517,-7.223861187908541,38.95546220229504,0.09424585974551661,0.035014271854734644,-0.3171785104320043,0.5103380744171143,3.5554990826416013,-6.336076669502258
2026-09-11T17:40:08.486,8.721383008000032,-260.8300476074219,-23474.70428466797,-93898.81713867188,-178.668582611084,-20.254786071777346,-5.940674304962158,-4.0693618988990785,-9.102903317150757,-1.6261833263317838,0.0,-0.07367515563964844,-603.546875,-26.523056030273438,0.015258791856467724,5.493165068328381,2.0073741488653466e-05,1,1789162808.069848,38.991346326666665,-76.936594,-9.750000000000004,0,1,56.8516,23.299929,256.928841,1,1,1789162808.481527,-0.9394782979095374,-0.3328100560166654,-0.0765681229732947,-0.02748302959153449,174.0636612380347,-7.213958029819723,39.387910093243235,0.223147326184483,-0.1419293021075529,-0.23312991137418979,4.339933029079437,0.7456976782989502,-11.308832833518982
2026-09-11T17:40:08.520,8.75480300800001,-261.030517578125,-23492.74658203125,-93970.986328125,-178.80590454101565,-20.392108001708987,-6.0195417404174805,-4.123386092185974,-9.223751995763175,-1.6165228392259443,0.0,-0.07385444641113281,-605.015625,-26.587600708007812,0.0915527418255806,32.958987057209015,821.837881175898,1,1789162808.069848,38.991346326666665,-76.936594,-9.750000000000004,0,1,56.8516,23.299929,256.928841,1,1,1789162808.509527,-0.9384918641155374,-0.3362689494379892,-0.07356934500002764,-0.027272075628412298,174.1803770668647,-6.877499095997735,39.77599451472578,-0.07392342046821983,-0.08501812945729738,-0.2524733954740429,4.691795636882782,1.681055970726013,-3.127634936084747
2026-09-11T17:40:08.553,8.788218560000018,-261.2308654785156,-23510.777893066406,-94043.11157226562,-178.9431428527832,-20.529346313476562,-5.994266510009766,-4.10607255935669,-9.185022725833674,0.518127991100676,0.0,-0.0750274658203125,-614.625,-27.0098876953125,-0.0610351599752903,-21.972657591104507,-1643.8945748464719,1,1789162808.069848,38.991346326666665,-76.936594,-9.750000000000004,0,1,56.8516,23.299929,256.928841,1,1,1789162808.549527,-0.9364481779554666,-0.34096784335726715,-0.07798239834428812,-0.026916265503479746,174.00478319774666,-7.3365764475460775,40.39860397835367,-0.05006703852148493,0.20145550157607148,-0.28531735040392264,0.2897865122795105,-4.043085728683471,-3.56471733379364
2026-09-11T17:40:08.586,8.821638431999986,-261.4320983886719,-23528.88885498047,-94115.55541992188,-179.08098739624026,-20.667190856933594,-5.968844413757324,-4.088658423423768,-9.146068413170552,0.5210712935387408,0.0,-0.07718086242675781,-632.265625,-27.785110473632812,0.0,0.0,657.4728230893814,1,1789162808.069848,38.991346326666665,-76.936594,-9.750000000000004,0,1,56.8516,23.299929,256.928841,1,1,1789162808.581527,-0.9348332444141616,-0.3453680564145252,-0.07876031385166958,-0.024587063845286722,174.18971399817266,-7.485330459564177,40.9332488786919,-0.12408156517665887,0.06400925218519124,-0.29386562401434047,-0.05687857093811035,-3.7178972093200686,-9.456748883972168
2026-09-11T17:40:08.619,8.855043744,-261.62738037109375,-23546.464233398438,-94185.85693359375,-179.21475555419923,-20.80095901489258,-5.917515754699707,-4.0534982919693,-9.067417439086649,1.0525311499696168,0.0,-0.07512092590332031,-615.390625,-27.043533325195312,0.061035171151161194,21.97266161441803,657.7595088592241,1,1789162808.069848,38.991346326666665,-76.936594,-9.750000000000004,0,1,56.8516,23.299929,256.928841,1,1,1789162808.609527,-0.9333280260941518,-0.3489573646123976,-0.0803188850497909,-0.026008269729507417,173.94261660080173,-7.572242942260943,41.40126330083669,-0.03153268906285635,-0.040093179978038136,-0.26711723149705097,-0.6341960659599305,-1.1656184382247925,-9.48528623594284
2026-09-11T17:40:08.653,8.88848473600001,-261.8242492675781,-23564.18243408203,-94256.72973632812,-179.34961074829104,-20.935814208984375,-5.893311977386475,-4.036918704509735,-9.030329958191057,0.4957863528557944,0.0,-0.06701469421386719,-548.984375,-24.125289916992188,0.2441406548023224,87.89063572883606,1971.1728083424875,1,1789162808.069848,38.991346326666665,-76.936594,-9.750000000000004,0,1,56.8516,23.299929,256.928841,1,1,1789162808.649527,-0.9320793194619326,-0.3531970904367142,-0.07595478237684919,-0.0266613685414958,174.02222330369776,-7.0513204160303955,41.875498669305095,-0.07482854821830408,-0.2358896259874432,-0.2094225805455752,0.22496455471038818,-2.713892365760803,-6.692548402881623
2026-09-11T17:40:08.687,8.921891296000013,-262.0164489746094,-23581.480407714844,-94325.92163085938,-179.48126754760744,-21.06747100830078,-5.790389537811279,-3.966416833400727,-8.872621764049576,2.1104199626959996,0.0,-0.05737876892089844,-470.046875,-20.656356811523438,0.3051758110523224,109.86329197883606,657.7347757445834,1,1789162808.069848,38.991346326666665,-76.936594,-9.750000000000004,0,1,56.8516,23.299929,256.928841,1,1,1789162808.6815271,-0.931565136304298,-0.35564945031619605,-0.07092089391088982,-0.02588613758409161,174.3000128910429,-6.529922259060106,42.11676741750115,0.04531241257320198,-0.22481673361401558,-0.1606748364056728,-2.873348497390747,-3.088506401939392,-4.262754692306519
2026-09-11T17:40:08.720,8.955307231999996,-262.20501708984375,-23598.451538085938,-94393.80615234375,-179.61043670654297,-21.19664016723633,-5.661546230316162,-3.8781591677665714,-8.67519498874053,2.6411849015451834,0.0,-0.04394721984863281,-360.015625,-15.820999145507812,0.5035400986671448,181.27443552017212,2137.038553741912,1,1789162808.069848,38.991346326666665,-76.936594,-9.750000000000004,0,1,56.8516,23.299929,256.928841,1,1,1789162808.709527,-0.9313611696205163,-0.3570083296889983,-0.06667539585416471,-0.02580340759407199,174.47893813838184,-6.071743766241263,42.23858277853564,-0.08301414241015749,-0.2949508697432305,-0.12012664909163971,3.072129296169281,-0.7248095134544373,-8.581309224033356
2026-09-11T17:40:08.754,8.988727584000003,-262.39215087890625,-23615.293579101562,-94461.17431640625,-179.7386233520508,-21.324826812744142,-5.6353068351745605,-3.860185182094574,-8.634988327877975,0.5378155703444838,0.0,-0.042171478271484375,-345.46875,-15.181732177734375,-0.045776382088661194,-16.47949755191803,-5917.170862594342,1,1789162808.069848,38.991346326666665,-76.936594,-9.750000000000004,0,1,56.8516,23.299929,256.928841,1,1,1789162808.749527,-0.930672100087774,-0.3594010191221666,-0.06362159193503007,-0.025152387795448226,174.66274309237758,-5.758870077846297,42.49913858448764,0.06599613500566158,-0.07238857792401603,-0.12147474140588015,8.778226759281159,0.6676367430114746,-10.82252105199814
2026-09-11T17:40:08.787,9.022146399999997,-262.57867431640625,-23632.080688476562,-94528.32275390625,-179.8663919067383,-21.45259536743164,-5.583712577819824,-3.82484311580658,-8.555930377162168,1.0575499230134475,0.0,-0.049251556396484375,-403.46875,-17.730560302734375,-0.3662109673023224,-131.83594822883606,-3451.841342222862,1,1789162808.069848,38.991346326666665,-76.936594,-9.750000000000004,0,1,56.8516,23.299929,256.928841,1,1,1789162808.781527,-0.929888895416031,-0.36157685191551836,-0.06337048727864099,-0.02351603033857856,174.83523414013231,-5.78808020799424,42.7572955652023,0.0746081131337772,-0.05005377401916978,-0.18277681338830298,0.4817026559448242,-0.8987794873237609,-6.477488564834594
2026-09-11T17:40:08.820,9.055551616000002,-262.7641906738281,-23648.77716064453,-94595.10864257812,-179.9934706115723,-21.579674072265625,-5.584873676300049,-3.8256384682655336,-8.557709529942576,-0.023809229641070042,0.0,-0.06159782409667969,-504.609375,-22.175216674804688,-0.4425049126148224,-159.30176854133606,-822.201548180243,1,1789162808.069848,38.991346326666665,-76.936594,-9.750000000000004,0,1,56.8516,23.299929,256.928841,1,1,1789162808.8095272,-0.9290548443437857,-0.36346859067711695,-0.06498087062184016,-0.022916505967581706,174.81862230676037,-5.974321008502193,43.003827955323395,-0.18426383391100212,-0.029890857835505286,-0.16560504247670635,3.8959859762573243,1.1210962464904786,-7.644479934082031
2026-09-11T17:40:08.854,9.088961471999994,-262.9494934082031,-23665.45440673828,-94661.81762695312,-180.12040298461915,-21.706606445312502,-5.5593180656433105,-3.808132874965668,-8.518550632976163,0.5239649431553963,0.0,-0.07145500183105469,-585.359375,-25.723800659179688,-0.045776426792144775,-16.47951364517212,4274.853950169673,1,1789162808.069848,38.991346326666665,-76.936594,-9.750000000000004,0,1,56.8516,23.299929,256.928841,1,1,1789162808.8495271,-0.9274103711025025,-0.36748092328475684,-0.06596922866692334,-0.022712011412299435,174.77185731263046,-6.065690657574891,43.50850578497201,-0.13229892436089857,-0.036859433939943044,-0.23383327906274348,-4.171945111808777,-5.511435457401276,1.3538080548286437
2026-09-11T17:40:08.888,9.122372288000008,-263.13336181640625,-23682.002563476562,-94728.01025390625,-180.2463528442383,-21.832556304931643,-5.560086727142334,-3.808659408092499,-8.51972845403654,-0.0157593614843381,0.0,-0.07587242126464844,-621.546875,-27.314071655273438,-0.2899170517921448,-104.37013864517212,-2630.603963697347,1,1789162808.069848,38.991346326666665,-76.936594,-9.750000000000004,0,1,56.8516,23.299929,256.928841,1,1,1789162808.881527,-0.9259792496809763,-0.37107718080067315,-0.06706139287139451,-0.019155276960389673,175.0799867467041,-6.31409026542091,43.94746703686982,-0.0032059953029883836,-0.04613411358504091,-0.27842172906221824,-0.5439748844718933,-1.02597173992157,-8.868153741264344
2026-09-11T17:40:08.920,9.155794944000036,-263.3197021484375,-23698.773193359375,-94795.0927734375,-180.3739959716797,-21.96019943237305,-5.5613112449646,-3.809498202800751,-8.521604784361012,-0.025096590416132672,0.0,-0.0806732177734375,-660.875,-29.0423583984375,-0.09155279397964478,-32.95900583267212,2136.6085571548024,1,1789162808.069848,38.991346326666665,-76.936594,-9.750000000000004,0,1,56.8516,23.299929,256.928841,1,1,1789162808.909527,-0.9243645115832018,-0.374913712594767,-0.06766541882476686,-0.02028173881169951,174.90712613498138,-6.308814319841909,44.434895842517385,-0.18458706888847148,0.08013714167117005,-0.30336649833049684,2.9007090513420106,1.6679150595092775,-6.6179197951507565
2026-09-11T17:40:08.955,9.189215072000025,-263.50946044921875,-23715.851440429688,-94863.40576171875,-180.50398040771486,-22.090183868408204,-5.615031719207764,-3.8462967276573186,-8.603920740106734,-1.1010886869308203,0.0,-0.08170127868652344,-669.296875,-29.412460327148438,0.0915527418255806,32.958987057209015,1972.4039623637334,1,1789162808.069848,38.991346326666665,-76.936594,-9.750000000000004,0,1,56.8516,23.299929,256.928841,1,1,1789162808.949527,-0.9221642460973531,-0.37983280634746586,-0.0699492983836834,-0.021148004575832328,174.67901198144872,-6.485056440920566,45.074486963541055,-0.049019666437363135,0.0006122615015996108,-0.3044102052231894,0.5180853280448914,0.3573543318939209,-8.55365447057724
2026-09-11T17:40:08.987,9.222621791999984,-263.6964111328125,-23732.677001953125,-94930.7080078125,-180.63204162597657,-22.218245086669924,-5.668518543243408,-3.8829352021217347,-8.685878673321694,-1.0967396519161592,0.0,-0.08097648620605469,-663.359375,-29.151535034179688,0.0610351599752903,21.972657591104507,-328.8658529217425,1,1789162808.069848,38.991346326666665,-76.936594,-9.750000000000004,0,1,56.8516,23.299929,256.928841,1,1,1789162808.981527,-0.9202940458068813,-0.3840601278001214,-0.07127082145458426,-0.02184393498765514,174.51542598733695,-6.569103180485531,45.61882120348289,0.053716347454479875,0.016584293085375318,-0.3017173367202874,1.7749056127738954,0.07335374320983887,-13.197789787673951
2026-09-11T17:40:09.020,9.256026176000034,-263.8846740722656,-23749.620666503906,-94998.48266601562,-180.76100173950198,-22.347205200195315,-5.66949462890625,-3.8836038208007815,-8.6873743307104,-0.02001589608854227,0.0,-0.0790863037109375,-647.875,-28.4710693359375,0.0915527418255806,32.958987057209015,328.8888508193394,1,1789162808.069848,38.991346326666665,-76.936594,-9.750000000000004,0,1,56.8516,23.299929,256.928841,1,1,1789162809.009527,-0.9189452549945539,-0.38754002224961326,-0.07008454009225173,-0.020988251900073196,174.63563212558046,-6.461764093111554,46.03554452370213,0.046432913952982345,-0.07551411354848746,-0.2858219250906742,3.5196067430496214,0.9495779351615906,-10.636096632423401
2026-09-11T17:40:09.054,9.289434496000013,-264.07318115234375,-23766.586303710938,-95066.34521484375,-180.89012908935547,-22.47633255004883,-5.670656204223633,-3.884399499893189,-8.689154214149035,-0.0238167945113019,0.0,-0.07383918762207031,-604.890625,-26.582107543945312,0.1373291313648224,49.43848729133606,493.2753348308987,1,1789162808.069848,38.991346326666665,-76.936594,-9.750000000000004,0,1,56.8516,23.299929,256.928841,1,1,1789162809.049527,-0.9171358904665942,-0.3921463963424579,-0.0675887631862519,-0.022687471093624213,174.5393356782628,-6.095302073951936,46.59185010679199,-0.03646865472042152,-0.11438277052332638,-0.27580286251960073,-9.681125039672851,2.0559642064094543,-9.304843872966766
2026-09-11T17:40:09.087,9.32284272000004,-264.26275634765625,-23783.648071289062,-95134.59228515625,-181.01998809814455,-22.606191558837892,-5.69626522064209,-3.901941676139832,-8.728394944836765,-0.5250855671534354,0.0,-0.071624755859375,-586.75,-25.784912109375,0.015258789993822575,5.493164397776127,-1315.4043415634521,1,1789162809.0696132,38.99134752166667,-76.9365704,-9.849000000000004,0,1,56.82144400000001,23.319240999999998,256.96090000000004,1,1,1789162809.081527,-0.9157891876313897,-0.39546673528437576,-0.0661622662094168,-0.023638520067702732,174.48352719089277,-5.8822789359408,46.996070587026736,-0.051684784205158485,-0.077562431958628,-0.23403399192672283,-7.7290132584762565,0.8079699068260193,-7.765101731071472
2026-09-11T17:40:09.121,9.35626169599999,-264.4533996582031,-23800.80596923828,-95203.22387695312,-181.15057876586914,-22.7367822265625,-5.696694850921631,-3.9022359728813174,-8.729053267898427,-0.008806276454605834,0.0,-0.06936454772949219,-568.234375,-24.971237182617188,0.045776382088661194,16.47949755191803,328.745355757107,1,1789162809.0696132,38.99134752166667,-76.9365704,-9.849000000000004,0,1,56.82144400000001,23.319240999999998,256.96090000000004,1,1,1789162809.109527,-0.9147177462488849,-0.39804723550955345,-0.06568243682708008,-0.023144340410115084,174.54153933113597,-5.83918615684259,47.31195112569545,-0.014379593174256081,-0.09448427172133902,-0.22850007646742443,4.803003049716949,0.2259452197265625,-4.934412161884308
2026-09-11T17:40:09.154,9.389681824000036,-264.6455078125,-23818.095703125,-95272.3828125,-181.2821728515625,-22.86837631225586,-5.723629474639893,-3.9206861901283268,-8.770325228454551,-0.5520690180176488,0.0,-0.06880950927734375,-563.6875,-24.77142333984375,0.0305175818502903,10.986329466104507,-164.36705705633486,1,1789162809.0696132,38.99134752166667,-76.9365704,-9.849000000000004,0,1,56.82144400000001,23.319240999999998,256.96090000000004,1,1,1789162809.149527,-0.9132931951133553,-0.4016439251359864,-0.06408759395615704,-0.021690492431190617,174.7468740833764,-5.718314808353672,47.73997045896127,0.09192317557696256,-0.13851090023459678,-0.231952163194944,-5.667066995468139,-1.0002783164978026,-8.913950797519684
2026-09-11T17:40:09.187,9.423086880000028,-264.83624267578125,-23835.261840820312,-95341.04736328125,-181.41282623291016,-22.999029693603518,-5.75046968460083,-3.939071733951569,-8.811452518681918,-0.5503820686080135,0.0,-0.06831932067871094,-559.671875,-24.594955444335938,0.0915527418255806,32.958987057209015,657.764429166338,1,1789162809.0696132,38.99134752166667,-76.9365704,-9.849000000000004,0,1,56.82144400000001,23.319240999999998,256.96090000000004,1,1,1789162809.1815271,-0.9120199343003448,-0.4044877398384793,-0.06531865530776346,-0.01851434654367073,175.00401973206849,-5.97912870618069,48.096377656382415,0.20203058756460363,0.06194470221300715,-0.16589057834233265,7.243486008968353,0.10777508527755737,-13.87631191236496
2026-09-11T17:40:09.221,9.456491583999991,-265.0264587402344,-23852.381286621094,-95409.52514648438,-181.54312423706057,-23.129327697753908,-5.7255072593688965,-3.9219724726676946,-8.773202560548699,0.5118818380756599,0.0,-0.06793594360351562,-556.53125,-24.456939697265625,0.0,0.0,-986.6570605518708,1,1789162809.0696132,38.99134752166667,-76.9365704,-9.849000000000004,0,1,56.82144400000001,23.319240999999998,256.96090000000004,1,1,1789162809.209527,-0.911001304917962,-0.40720073325039563,-0.06314970931358897,-0.016622258923492787,175.28845067025128,-5.826805950820061,48.407436712394926,0.08241217835114464,0.032838195343348114,-0.21436029153239236,-0.41374257032394407,-0.45797056255340574,-8.31388187412262
2026-09-11T17:40:09.255,9.489908224000033,-265.2186279296875,-23869.676513671875,-95478.7060546875,-181.67476013183594,-23.260963592529297,-5.752754211425781,-3.9406366348266606,-8.814953102242878,-0.558528989118684,0.0,-0.06821250915527344,-558.796875,-24.556503295898438,-0.0762939527630806,-27.465822994709015,-821.9205460116598,1,1789162809.0696132,38.99134752166667,-76.9365704,-9.849000000000004,0,1,56.82144400000001,23.319240999999998,256.96090000000004,1,1,1789162809.249527,-0.9093449378230384,-0.41109230973542515,-0.061903538076489434,-0.016212615631679812,175.36655601324665,-5.696189624752829,48.88373102863372,-0.043828533643156406,-0.08206904662020256,-0.20817658999257646,0.02814508596420288,-0.4423779887962341,-10.254912140636444
2026-09-11T17:40:09.288,9.52332614400001,-265.4110412597656,-23886.993713378906,-95547.97485351562,-181.80656326293948,-23.392766723632814,-5.702056884765625,-3.9059089660644535,-8.737269519650253,1.0391930066931563,0.0,-0.069183349609375,-566.75,-24.906005859375,0.0,0.0,821.8890641526518,1,1789162809.0696132,38.99134752166667,-76.9365704,-9.849000000000004,0,1,56.82144400000001,23.319240999999998,256.96090000000004,1,1,1789162809.281527,-0.9079287339369425,-0.41420319483241586,-0.06237181948309739,-0.014521832413589605,175.50099807078888,-5.809909025338971,49.273997952597675,0.01156978761147041,0.12129409982829872,-0.21897825820024416,4.390731476917267,0.9736042280578613,-8.026645090885163
2026-09-11T17:40:09.321,9.556734624,-265.6000671386719,-23904.00604248047,-95616.02416992188,-181.93604598999025,-23.522249450683596,-5.651660442352295,-3.8713874030113224,-8.66004698239826,1.033317380890717,0.0,-0.06938362121582031,-568.390625,-24.978103637695312,-0.015258791856467724,-5.493165068328381,-164.42427396666332,1,1789162809.0696132,38.99134752166667,-76.9365704,-9.849000000000004,0,1,56.82144400000001,23.319240999999998,256.96090000000004,1,1,1789162809.3095272,-0.9065543140404307,-0.41715782738422374,-0.061846933442721935,-0.017708178068051934,175.17536479594574,-5.587225162095591,49.655325796836536,-0.1474932372299856,-0.1708218316109174,-0.29288474897471967,-4.385533952331543,-2.2327781088256837,-5.773861415729523
2026-09-11T17:40:09.355,9.590139743999998,-265.78790283203125,-23920.911254882812,-95683.64501953125,-182.0647134399414,-23.65091690063477,-5.600295543670654,-3.8362024474143985,-8.581340478289178,1.0532803234033112,0.0,-0.07047653198242188,-577.34375,-25.371551513671875,-0.0762939527630806,-27.465822994709015,-657.7631790091518,1,1789162809.0696132,38.99134752166667,-76.9365704,-9.849000000000004,0,1,56.82144400000001,23.319240999999998,256.96090000000004,1,1,1789162809.3495271,-0.9047502194160104,-0.4213272208971904,-0.06032266157639499,-0.016479984771561915,175.35279087465463,-5.466684620420412,50.16322300115159,0.15350973622746047,0.00887395204883997,-0.2233735208555415,6.2113360794448855,-4.164197858181,-14.568759480285644
2026-09-11T17:40:09.388,9.62354822399999,-265.97467041015625,-23937.720336914062,-95750.88134765625,-182.19264923095704,-23.778852691650393,-5.574650764465332,-3.8186357736587526,-8.542044948234494,0.5258148157488886,0.0,-0.0760040283203125,-622.625,-27.3614501953125,-0.2288818657398224,-82.39747166633606,-1644.2426794526768,1,1789162809.0696132,38.99134752166667,-76.9365704,-9.849000000000004,0,1,56.82144400000001,23.319240999999998,256.96090000000004,1,1,1789162809.381527,-0.90295884014166,-0.42511953635390826,-0.06063589507544318,-0.01618644644962045,175.34479913338657,-5.493975330162838,50.64627194958342,0.013289285990535223,-0.07539316223132425,-0.2654614376356839,1.7636279650878905,2.247880350074768,-2.6622113194084167
2026-09-11T17:40:09.422,9.65696748800002,-266.1625671386719,-23954.63104248047,-95818.52416992188,-182.32135848999025,-23.907561950683597,-5.60073184967041,-3.8365013170242315,-8.582009030566006,-0.5345881754147028,0.0,-0.0892486572265625,-731.125,-32.1295166015625,-0.5340576767921448,-192.26076364517212,-3287.4240431726453,1,1789162809.0696132,38.99134752166667,-76.9365704,-9.849000000000004,0,1,56.82144400000001,23.319240999999998,256.96090000000004,1,1,1789162809.4215271,-0.9004014696333132,-0.43086363106913034,-0.058594669996876576,-0.014155901668606438,175.6230652602997,-5.3545716053566705,51.34923024801521,0.10329207579152841,0.09824056933748122,-0.36006404268030817,4.140073498783112,-0.8964258912849427,-11.591362424678804
2026-09-11T17:40:09.455,9.690387776000023,-266.3507080078125,-23971.563720703125,-95886.2548828125,-182.45023498535159,-24.036438446044922,-5.626838207244873,-3.8543841719627383,-8.622011837783496,-0.5350897915214172,0.0,-0.10857200622558594,-889.421875,-39.08592224121094,-0.15258795022964478,-54.93166208267212,4109.1537440518605,1,1789162809.0696132,38.99134752166667,-76.9365704,-9.849000000000004,0,1,56.82144400000001,23.319240999999998,256.96090000000004,1,1,1789162809.449527,-0.8981000892809413,-0.4352853356076252,-0.061472945251772534,-0.01280559411330222,175.58972769271094,-5.697108939163878,51.93603246987535,0.008240222997440828,0.06651833751785828,-0.38301407514648245,1.6215296042442322,1.476783447856903,-11.276765087490082
2026-09-11T17:40:09.488,9.723792032000006,-266.53753662109375,-23988.378295898438,-95953.51318359375,-182.57821258544922,-24.16441604614258,-5.627538204193115,-3.8548636698722842,-8.623084444059323,-0.014354395725687717,0.0,-0.10757827758789062,-881.28125,-38.728179931640625,-0.1678466945886612,-60.42481005191803,-164.44455368946728,1,1789162809.0696132,38.99134752166667,-76.9365704,-9.849000000000004,0,1,56.82144400000001,23.319240999999998,256.96090000000004,1,1,1789162809.481527,-0.8951365848837349,-0.44141137539372644,-0.06100122449929803,-0.012858564666745568,175.5698118262547,-5.615781585475337,52.715215417692676,0.024049066296155067,0.02832250496966318,-0.4358994713440878,-2.1588359666061403,-0.7856107444572449,-13.739705275611877
2026-09-11T17:40:09.522,9.757195808000006,-266.72467041015625,-24005.220336914062,-96020.88134765625,-182.70639923095703,-24.29260269165039,-5.602687358856201,-3.837840840816498,-8.585005459950997,0.5096079274326969,0.0,-0.109375,-896.0,-39.375,0.0457763634622097,16.479490846395493,2302.2636991193235,1,1789162809.0696132,38.99134752166667,-76.9365704,-9.849000000000004,0,1,56.82144400000001,23.319240999999998,256.96090000000004,1,1,1789162809.521527,-0.8910955045996265,-0.4491276007829478,-0.06418698560193868,-0.0106409950956893,175.58126039783093,-6.017668325055872,53.730168741927976,0.09598926913533375,0.017675472933722174,-0.43448994344017716,1.2556434867095947,0.6008534554100037,-8.859916155128479
2026-09-11T17:40:09.554,9.790596896000011,-266.91351318359375,-24022.216186523438,-96088.86474609375,-182.83575653076173,-24.42195999145508,-5.6294732093811035,-3.8561891484260564,-8.626049455140596,-0.5493326328039229,0.0,-0.11087226867675781,-908.265625,-39.91401672363281,-0.015258789993822575,-5.493164397776127,-657.8425003451468,1,1789162809.0696132,38.99134752166667,-76.9365704,-9.849000000000004,0,1,56.82144400000001,23.319240999999998,256.96090000000004,1,1,1789162809.549527,-0.8882139896088925,-0.4543947183169558,-0.06691525279086588,-0.011121941046558873,175.35107705348938,-6.24399122968805,54.440685009770064,-0.09778940172584069,0.06974318237676821,-0.43350069082014675,0.3577465979003906,1.329781761932373,-6.603405952911377
2026-09-11T17:40:09.589,9.824005887999988,-267.1013488769531,-24039.12139892578,-96156.48559570312,-182.9644239807129,-24.550627441406252,-5.6305012702941895,-3.85689337015152,-8.627624754275939,-0.02107880792883752,0.0,-0.11455726623535156,-938.453125,-41.24061584472656,-0.04577639698982239,-16.47950291633606,-328.8437591462657,1,1789162809.0696132,38.99134752166667,-76.9365704,-9.849000000000004,0,1,56.82144400000001,23.319240999999998,256.96090000000004,1,1,1789162809.581527,-0.8853159897478774,-0.4603367958179342,-0.06466113557049111,-0.01116110476380048,175.4270601402068,-5.981960837975992,55.18512177960478,0.042344829246036025,0.028119174111805843,-0.47546817988190165,-0.65635909532547,0.38844141290664674,-10.601184957847597
2026-09-11T17:40:09.622,9.857428223999989,-267.29248046875,-24056.3232421875,-96225.29296875,-183.09534912109376,-24.681552581787113,-5.683590412139893,-3.8932594323158267,-8.708973318530383,-1.0880766133254607,0.0,-0.11936759948730469,-977.859375,-42.97233581542969,-0.2136230766773224,-76.90430760383606,-1807.9168579807886,1,1789162809.0696132,38.99134752166667,-76.9365704,-9.849000000000004,0,1,56.82144400000001,23.319240999999998,256.96090000000004,1,1,1789162809.621527,-0.8808070728513491,-0.4688322346821219,-0.06523775778172779,-0.01092113078480067,175.36233363916853,-6.008926229059218,56.29412385433888,-0.013156291901533257,0.056380068958873625,-0.5182346806752195,-0.8030665817451478,-0.6770511271667481,-10.240888630905152
2026-09-11T17:40:09.654,9.890837471999987,-267.482666015625,-24073.43994140625,-96293.759765625,-183.22562622070313,-24.811829681396485,-5.68505859375,-3.8942651367187504,-8.711223015208361,-0.030102575278669764,0.0,-0.12189483642578125,-998.5625,-43.88214111328125,-0.015258789993822575,-5.493164397776127,2137.46634482955,1,1789162809.0696132,38.99134752166667,-76.9365704,-9.849000000000004,0,1,56.82144400000001,23.319240999999998,256.96090000000004,1,1,1789162809.649527,-0.8774477351683571,-0.4750412111293495,-0.06544317295815547,-0.011769064952260067,175.2229571621686,-5.950219280771953,57.109737392648086,0.12283522555780972,0.06708679125523284,-0.4922435865203703,3.043101611690521,0.8225818155670166,-10.4054442206192
2026-09-11T17:40:09.687,9.924241856000037,-267.67059326171875,-24090.353393554688,-96361.41357421875,-183.35435638427737,-24.940559844970704,-5.609149932861328,-3.84226770401001,-8.594908070888524,1.5566050464712053,0.0,-0.12159538269042969,-996.109375,-43.77433776855469,-0.2288818508386612,-82.39746630191803,-2302.221825255806,1,1789162809.0696132,38.99134752166667,-76.9365704,-9.849000000000004,0,1,56.82144400000001,23.319240999999998,256.96090000000004,1,1,1789162809.6815271,-0.873687294088972,-0.48194194101817195,-0.06564955399855799,-0.009623600932990625,175.38019060780556,-6.0524211232648115,58.0082346087089,0.46262150938967217,0.0586655776143602,-0.47088407260153853,1.3760691506958007,0.8977988223075868,-13.446094169769285
2026-09-11T17:40:09.721,9.957648832000018,-267.8599548339844,-24107.395935058594,-96429.58374023438,-183.4840690612793,-25.070272521972658,-5.636249542236328,-3.860830936431885,-8.636432839190856,-0.5556693434893871,0.0,-0.1214447021484375,-994.875,-43.7200927734375,-0.3509521782398224,-126.34278416633606,-1315.4533311977555,1,1789162809.0696132,38.99134752166667,-76.9365704,-9.849000000000004,0,1,56.82144400000001,23.319240999999998,256.96090000000004,1,1,1789162809.709527,-0.8700877007678591,-0.48820650882663197,-0.06664199473924,-0.01267447233564371,174.974608598914,-5.946123160782616,58.85476334571849,-0.1391821538649138,0.045039443078190064,-0.579580211356017,4.575881031970978,0.010591182174682617,11.672561488018035
2026-09-11T17:40:09.754,9.99105619200003,-268.04949951171875,-24124.454956054688,-96497.81982421875,-183.61390716552737,-25.200110626220706,-5.662744522094727,-3.878979997634888,-8.677031132862572,-0.543265352395297,0.0,-0.12476158142089844,-1022.046875,-44.91416931152344,-0.030517585575580597,-10.986330807209015,3453.025122580297,1,1789162809.0696132,38.99134752166667,-76.9365704,-9.849000000000004,0,1,56.82144400000001,23.319240999999998,256.96090000000004,1,1,1789162809.7495308,-0.8652741199448312,-0.496366696369503,-0.06920262368062662,-0.01148028591287412,174.88865287596067,-6.220878483126774,59.95963320821282,0.0018779742751458986,0.17819043717991226,-0.4993353828699989,0.27566493604660036,-0.8658291427803039,-7.018227254753112
2026-09-11T17:40:09.789,10.024460191999992,-268.24072265625,-24141.6650390625,-96566.66015625,-183.74489501953127,-25.33109848022461,-5.74134635925293,-3.932822256088257,-8.797472834843084,-1.611850630266748,0.0,-0.1264972686767578,-1036.265625,-45.53901672363281,0.0,0.0,328.892671752532,1,1789162809.0696132,38.99134752166667,-76.9365704,-9.849000000000004,0,1,56.82144400000001,23.319240999999998,256.96090000000004,1,1,1789162809.7815309,-0.8610029979317164,-0.5033600126510793,-0.07196952305359915,-0.011087063089011823,174.7136792398368,-6.475040726921019,60.92209981720973,-0.055882126523279646,0.06310901135701256,-0.5321035905103421,0.8398415198516845,2.3553612358474734,-17.169777302684786
2026-09-11T17:40:09.821,10.057884032000004,-268.43048095703125,-24158.743286132812,-96634.97314453125,-183.87487945556643,-25.461082916259766,-5.664531707763672,-3.8802042198181157,-8.67976963989377,1.5742666393245925,0.0,-0.125091552734375,-1024.75,-45.032958984375,0.0,0.0,0.0,1,1789162809.0696132,38.99134752166667,-76.9365704,-9.849000000000004,0,1,56.82144400000001,23.319240999999998,256.96090000000004,1,1,1789162809.809531,-0.8573995529339701,-0.509468269507469,-0.07202974154009897,-0.010945561993788254,174.6781358234952,-6.4515907227643225,61.73786385573496,-0.011110940551121102,0.13120617371622492,-0.5214855309399842,-1.9127871140480042,0.3031235564994812,-9.307197469005585
2026-09-11T17:40:09.854,10.091291392000016,-268.6177673339844,-24175.599060058594,-96702.39624023438,-184.0031706237793,-25.58937408447266,-5.639681339263916,-3.8631817173957828,-8.64169138644367,0.5095434785127172,0.0,-0.12178230285644531,-997.640625,-43.84162902832031,0.12207034230232239,43.94532322883606,1315.4383713295426,1,1789162809.0696132,38.99134752166667,-76.9365704,-9.849000000000004,0,1,56.82144400000001,23.319240999999998,256.96090000000004,1,1,1789162809.849531,-0.852499464599052,-0.5175668020056615,-0.07296311468231642,-0.006756642347882043,174.97140740421517,-6.742534661052911,62.821699583653725,0.05137952611898467,0.1468525268615785,-0.47058352690434513,3.352991756801605,-1.041466247177124,-7.739506374149322
2026-09-11T17:40:09.888,10.124692256000003,-268.8050537109375,-24192.454833984375,-96769.8193359375,-184.1314617919922,-25.71766525268555,-5.6406354904174805,-3.863835310935974,-8.643153433553977,-0.019568162673627796,0.0,-0.119476318359375,-978.75,-43.011474609375,0.0,0.0,-1315.6942056604814,1,1789162809.0696132,38.99134752166667,-76.9365704,-9.849000000000004,0,1,56.82144400000001,23.319240999999998,256.96090000000004,1,1,1789162809.8815308,-0.848287664730775,-0.5239067083350969,-0.07672678065350792,-0.006542167656102154,174.7099102437997,-7.083620760751493,63.7270336917848,-0.10136854842290546,0.13429959528245966,-0.46130535660074323,1.503555602798462,0.9798804841613769,0.12071986349105834
2026-09-11T17:40:09.923,10.158109888000013,-268.99578857421875,-24209.620971679688,-96838.48388671875,-184.26211517333985,-25.848318634033205,-5.694259166717529,-3.900567529201508,-8.725321065679813,-1.0991867486458409,0.0,-0.11556816101074219,-946.734375,-41.60453796386719,0.1068115383386612,38.45215380191803,1150.6546544622574,1,1789162809.0696132,38.99134752166667,-76.9365704,-9.849000000000004,0,1,56.82144400000001,23.319240999999998,256.96090000000004,1,1,1789162809.921531,-0.8431747040930574,-0.5309335491800157,-0.08435722489057831,-0.007059981689605028,174.1216910602559,-7.744683915071985,64.79416245778809,-0.141396453086919,0.13834107969837775,-0.42393646105214305,0.9592865188217163,0.751091335887909,-5.011688565158844
2026-09-11T17:40:09.955,10.19153299200002,-269.1873474121094,-24226.861267089844,-96907.44506835938,-184.39333297729493,-25.979536437988283,-5.722158432006836,-3.919678525924683,-8.768071147827216,-0.5717900026033089,0.0,-0.10708427429199219,-877.234375,-38.55033874511719,0.12207034230232239,43.94532322883606,164.35246190529654,1,1789162809.0696132,38.99134752166667,-76.9365704,-9.849000000000004,0,1,56.82144400000001,23.319240999999998,256.96090000000004,1,1,1789162809.9495308,-0.8398813658735164,-0.5360099661454993,-0.08495885422530804,-0.008637160404910778,173.8841624658562,-7.669087680401847,65.50211790918586,-0.03209538321369932,0.07300258475486762,-0.4096950979546449,-0.718631323852539,-0.5971269283485413,-13.62545780122757
2026-09-11T17:40:09.988,10.224987648000024,-269.3766174316406,-24243.895568847656,-96975.58227539062,-184.52298294067384,-26.10918640136719,-5.723939418792725,-3.9208985018730167,-8.770800156301478,-0.03646655187049103,0.0,-0.10256004333496094,-840.171875,-36.92161560058594,0.1525879204273224,54.93165135383606,328.394592519464,1,1789162809.0696132,38.99134752166667,-76.9365704,-9.849000000000004,0,1,56.82144400000001,23.319240999999998,256.96090000000004,1,1,1789162809.981531,-0.8364448984635038,-0.5409608717433972,-0.08717635091199744,-0.011025013318401052,173.46636787937763,-7.695492655916706,66.22449167824793,-0.13042129915160308,0.005033355029826447,-0.3590034060938712,1.369302562084198,1.4838442359733581,-12.45248437538147
2026-09-11T17:40:10.021,10.25839513599999,-269.5693664550781,-24261.24298095703,-97044.97192382812,-184.65501602172853,-26.241219482421876,-5.750677585601807,-3.9392141461372376,-8.811771085668472,-0.5482496697818011,0.0,-0.09144020080566406,-749.078125,-32.91847229003906,0.24414068460464478,87.89064645767212,986.5750787329304,1,1789162809.0696132,38.99134752166667,-76.9365704,-9.849000000000004,0,1,56.82144400000001,23.319240999999998,256.96090000000004,1,1,1789162810.0095308,-0.8338879047322849,-0.54478885922393,-0.08778933710426405,-0.011361931943233497,173.35911598162824,-7.702719693496048,66.76168873155939,0.012286419802339283,0.09807720651949456,-0.338797031211832,1.3705774266052246,1.2111212949752808,-11.523304272556304
2026-09-11T17:40:10.056,10.291818016000036,-269.763427734375,-24278.70849609375,-97114.833984375,-184.7879479980469,-26.374151458740236,-5.7784647941589355,-3.958248383998871,-8.854349463132754,-0.5694972384668017,0.0,-0.08172225952148438,-669.46875,-29.420013427734375,0.21362310647964478,76.90431833267212,-328.70680578648154,1,1789162809.0696132,38.99134752166667,-76.9365704,-9.849000000000004,0,1,56.82144400000001,23.319240999999998,256.96090000000004,1,1,1789162810.0495307,-0.8304627791844518,-0.5492989442357307,-0.09214713546133417,-0.010542659864499506,173.11080818939413,-8.132766597273807,67.45461155107792,-0.11848045454115866,0.020249833580413813,-0.28456005204148227,3.2773824840545656,1.8301170531845095,-20.988388809165954
2026-09-11T17:40:10.090,10.325239424000017,-269.9542236328125,-24295.880126953125,-97183.5205078125,-184.91864318847658,-26.504846649169924,-5.726398944854736,-3.9225832772254945,-8.774568891431393,1.0671335801710347,0.0,-0.07829093933105469,-641.359375,-28.184738159179688,-0.09155268967151642,-32.95896828174591,-3287.2129927763754,1,1789162809.0696132,38.99134752166667,-76.9365704,-9.849000000000004,0,1,56.82144400000001,23.319240999999998,256.96090000000004,1,1,1789162810.0815308,-0.8280969609451525,-0.5523497118994619,-0.09509537140618576,-0.011049406097307098,172.83803110363613,-8.35407880075782,67.93117599509775,0.10234209307966789,0.13178998635101702,-0.20806174732779523,6.391288109912873,3.9137360130500793,-8.374290839118958
2026-09-11T17:40:10.122,10.358659872000032,-270.1444091796875,-24312.996826171875,-97251.9873046875,-185.04892028808595,-26.6351237487793,-5.675441265106201,-3.887677266597748,-8.696486369447351,1.0444507095695,0.0,-0.07852363586425781,-643.265625,-28.268508911132812,-0.015258789993822575,-5.493164397776127,821.8263227338305,1,1789162810.0947933,38.991353536666665,-76.93654811166667,-9.913000000000004,0,1,51.581124,8.439024999999999,97.180164,1,1,1789162810.1215308,-0.8252838967738505,-0.5569711959488023,-0.09279052291428572,-0.00891602301605142,173.14772533710223,-8.234512874461046,68.5234333507307,0.07274916294747805,0.028472777818259895,-0.30520659896087443,-4.390731476917267,-2.9348361939048764,-10.006705825042724
2026-09-11T17:40:10.155,10.392071264000037,-270.33544921875,-24330.1904296875,-97320.76171875,-185.17978271484375,-26.765986175537112,-5.728492736816406,-3.9240175247192384,-8.777777211701936,-1.0876607033159535,0.0,-0.07831764221191406,-641.578125,-28.194351196289062,0.1220703199505806,43.945315182209015,1479.689310160372,1,1789162810.0947933,38.991353536666665,-76.93654811166667,-9.913000000000004,0,1,51.581124,8.439024999999999,97.180164,1,1,1789162810.149531,-0.82299545344643,-0.5597083001760406,-0.0965449326801771,-0.009174872987254348,172.84468344206238,-8.548212116994597,68.9736525517822,-0.05536254200496093,0.030069928616759903,-0.26702839423812447,2.662505518913269,2.164719956703186,-7.219753915576935
2026-09-11T17:40:10.188,10.425471904000005,-270.52655029296875,-24347.389526367188,-97389.55810546875,-185.31068695068362,-26.896890411376955,-5.755776882171631,-3.9427071642875675,-8.819584744737748,-0.5595593248616506,0.0,-0.07760429382324219,-635.734375,-27.937545776367188,0.045776382088661194,16.47949755191803,-822.3141122540554,1,1789162810.0947933,38.991353536666665,-76.93654811166667,-9.913000000000004,0,1,51.581124,8.439024999999999,97.180164,1,1,1789162810.181531,-0.8204401408998536,-0.5630865623107801,-0.09849112576355479,-0.010535496717475728,172.5496129620594,-8.612285580793332,69.48716221949698,-0.05531245105542869,0.043955419079776396,-0.19723983330080438,9.34632600315094,1.7345022141075135,-10.40279642507553
2026-09-11T17:40:10.222,10.458882335999988,-270.7204895019531,-24364.84405517578,-97459.37622070312,-185.4435353088379,-27.029738769531253,-5.8088812828063965,-3.979083678722382,-8.900956690055425,-1.088777135082649,0.0,-0.07818412780761719,-640.484375,-28.146286010742188,-0.1068115308880806,-38.452151119709015,-1644.1466147955223,1,1789162810.0947933,38.991353536666665,-76.93654811166667,-9.913000000000004,0,1,51.581124,8.439024999999999,97.180164,1,1,1789162810.221531,-0.8175820700115632,-0.5674959001460734,-0.09729858576151562,-0.006399009440069704,172.97429134913702,-8.733359883727154,70.0673407052103,0.2672221257850958,-0.045894479878742095,-0.23631147206765024,2.913163497047424,0.4639526191520691,-13.027742473869324
2026-09-11T17:40:10.257,10.492301279999992,-270.9188537597656,-24382.696838378906,-97530.78735351562,-185.57941482543947,-27.165618286132815,-5.861715793609619,-4.01527531862259,-8.981915082817164,-1.0829677891737883,0.0,-0.07791328430175781,-638.265625,-28.048782348632812,0.0,0.0,1150.6094004557347,1,1789162810.0947933,38.991353536666665,-76.93654811166667,-9.913000000000004,0,1,51.581124,8.439024999999999,97.180164,1,1,1789162810.2495308,-0.8155554351837558,-0.5703910108943739,-0.09741458555385064,-0.005815956886049457,172.99025411687552,-8.757876193717324,70.4745300438944,0.07363160141728638,0.038906181553756795,-0.27558504542895185,0.8673001403045655,-0.85719929063797,-4.841248985347748
2026-09-11T17:40:10.290,10.525718272000006,-271.11798095703125,-24400.618286132812,-97602.47314453125,-185.71581695556642,-27.30202041625977,-5.967867374420166,-4.087989151477814,-9.144571294465393,-2.175953863686911,0.0,-0.078094482421875,-639.75,-28.114013671875,0.0,0.0,0.0,1,1789162810.0947933,38.991353536666665,-76.93654811166667,-9.913000000000004,0,1,51.581124,8.439024999999999,97.180164,1,1,1789162810.2815309,-0.8129280029744961,-0.5740892727365217,-0.09754420416871487,-0.007395751607614229,172.79361533625845,-8.632790529259323,71.0040700304248,-0.17804766924709914,-0.12445681096583765,-0.2795806276855424,3.2351158218574527,5.768173558635712,-7.920046803627014
2026-09-11T17:40:10.323,10.559138080000025,-271.3194274902344,-24418.748474121094,-97674.99389648438,-185.85380783081055,-27.440011291503907,-6.021178722381592,-4.124507424831391,-9.226260345453174,-1.0927134396928964,0.0,-0.07794761657714844,-638.546875,-28.061141967773438,-0.0457763709127903,-16.479493528604507,-493.1055716596289,1,1789162810.0947933,38.991353536666665,-76.93654811166667,-9.913000000000004,0,1,51.581124,8.439024999999999,97.180164,1,1,1789162810.3215308,-0.8097132394198487,-0.5787740991840616,-0.09652029533848532,-0.008297265191892595,172.73072320805994,-8.435910788831508,71.65036234346391,-0.17034064433614257,-0.076827299277688,-0.2563598946523839,3.717799142818451,0.6833273832702638,-8.121083131942749
2026-09-11T17:40:10.356,10.592543904000024,-271.52056884765625,-24436.851196289062,-97747.40478515625,-185.99158966064454,-27.577793121337894,-6.074336051940918,-4.160920195579529,-9.307713393833941,-1.090012650133689,0.0,-0.077239990234375,-632.75,-27.806396484375,0.0,0.0,493.31199040637307,1,1789162810.0947933,38.991353536666665,-76.93654811166667,-9.913000000000004,0,1,51.581124,8.439024999999999,97.180164,1,1,1789162810.349531,-0.8077356538898417,-0.5817559473803529,-0.09518541672486444,-0.007928906964507555,172.82677348746088,-8.310870203802326,72.04701474201892,0.049802970205658194,0.002406634505574981,-0.2997358644204982,-6.283120758628845,0.400307459602356,-1.1075630692672729
2026-09-11T17:40:10.389,10.625946048000003,-271.7236022949219,-24455.12420654297,-97820.49682617188,-186.1306675720215,-27.716871032714845,-6.1010637283325195,-4.179228653907776,-9.348668248719962,-0.5481222501243729,0.0,-0.07416152954101562,-607.53125,-26.698150634765625,0.1373291164636612,49.43848192691803,1480.0990597175278,1,1789162810.0947933,38.991353536666665,-76.93654811166667,-9.913000000000004,0,1,51.581124,8.439024999999999,97.180164,1,1,1789162810.3815308,-0.8056150319605677,-0.5843741605355972,-0.09717814574616043,-0.006904257152460184,172.75575008057083,-8.54041557029273,72.45412087656916,-0.07727061290769455,0.12437984194582469,-0.21349548088802917,2.7524325008964534,-1.267509533405304,-10.3261084208107
2026-09-11T17:40:10.424,10.659355744000038,-271.9292907714844,-24473.636169433594,-97894.54467773438,-186.2715641784668,-27.85776763916016,-6.126640319824219,-4.19674861907959,-9.38785929464832,-0.5243976231269867,0.0,-0.06827735900878906,-559.328125,-24.579849243164062,0.1678467094898224,60.42481541633606,328.83667931029544,1,1789162810.0947933,38.991353536666665,-76.93654811166667,-9.913000000000004,0,1,51.581124,8.439024999999999,97.180164,1,1,1789162810.421531,-0.8033419832076892,-0.5874718291993155,-0.0974855859648309,-0.003881809145281624,172.9810238818314,-8.74676727337004,72.8923482389382,-0.10070410157667121,0.005234940558431792,-0.1939954407542721,4.781820685367584,-0.35058774328231807,-5.6821692367172245
2026-09-11T17:40:10.457,10.69278003200003,-272.13336181640625,-24492.002563476562,-97968.01025390625,-186.4113528442383,-27.997556304931642,-6.102027893066406,-4.179889106750489,-9.350145639653016,0.5044090192468766,0.0,-0.06259918212890625,-512.8125,-22.53570556640625,0.12207034230232239,43.94532322883606,-493.0394384916728,1,1789162810.0947933,38.991353536666665,-76.93654811166667,-9.913000000000004,0,1,51.581124,8.439024999999999,97.180164,1,1,1789162810.4495308,-0.8020679306001035,-0.5895289469445801,-0.09559375219556028,-0.0021189522070365063,173.25483107534683,-8.67601454996355,73.1448694424536,0.01001557191256946,0.11944858867723991,-0.1740889134377256,-0.3393100955963135,-0.9972382549476624,-4.851055635509491
2026-09-11T17:40:10.490,10.726196351999988,-272.335693359375,-24510.21240234375,-98040.849609375,-186.5499499511719,-28.136153411865237,-6.076949119567871,-4.162710146903992,-9.311717400912642,0.514088919621265,0.0,-0.06043052673339844,-495.046875,-21.754989624023438,-0.03051757998764515,-10.986328795552254,-1643.8570143108934,1,1789162810.0947933,38.991353536666665,-76.93654811166667,-9.913000000000004,0,1,51.581124,8.439024999999999,97.180164,1,1,1789162810.481531,-0.8004852430949324,-0.5919176159020652,-0.09408386104606296,-0.002266861867780478,173.32204479610698,-8.50767507895729,73.45930363711261,-0.03784694123072144,-0.10210053951119187,-0.16348586369893486,-7.415690785808564,0.7655071116256714,-10.770741939144134
2026-09-11T17:40:10.523,10.759623551999994,-272.5360412597656,-24528.243713378906,-98112.97485351562,-186.68718826293946,-28.273391723632816,-5.973517417907715,-4.091859431266785,-9.153228863785747,2.1195528084073665,0.0,-0.060497283935546875,-495.59375,-21.779022216796875,-0.0457763709127903,-16.479493528604507,-164.33218256543603,1,1789162810.0947933,38.991353536666665,-76.93654811166667,-9.913000000000004,0,1,51.581124,8.439024999999999,97.180164,1,1,1789162810.5215309,-0.7986620269362533,-0.594331456387556,-0.09438039141059447,-0.0011951550129116557,173.3739127615408,-8.588415901719637,73.80831139151303,-0.07674579240161987,0.018656697039193388,-0.15098721185955308,1.0496057668113707,0.25742456674575803,-14.540418261318207
2026-09-11T17:40:10.556,10.793032992000008,-272.7320861816406,-24545.887756347656,-98183.55102539062,-186.82147903442385,-28.40768249511719,-5.896134376525879,-4.038852047920227,-9.034654724230991,1.586598977610396,0.0,-0.0580291748046875,-475.375,-20.8905029296875,0.2136230766773224,76.90430760383606,2795.132188160036,1,1789162810.0947933,38.991353536666665,-76.93654811166667,-9.913000000000004,0,1,51.581124,8.439024999999999,97.180164,1,1,1789162810.5495307,-0.7975526637564564,-0.5960891803127613,-0.09266804302748173,0.0002673022601541871,173.61099896358434,-8.518802326848851,74.02505176289911,0.1479245080881534,-0.01759431512350444,-0.1519570913248863,3.96257313085556,-0.08806371845245362,-13.68194410615921
2026-09-11T17:40:10.589,10.826439200000038,-272.9296875,-24563.671875,-98254.6875,-186.95683593750002,-28.54303939819336,-5.923991680145264,-4.057934300899506,-9.077340508454503,-0.571218768058346,0.0,-0.04783439636230469,-391.859375,-17.220382690429688,0.4730224907398224,170.28809666633606,2795.4022516537616,1,1789162810.0947933,38.991353536666665,-76.93654811166667,-9.913000000000004,0,1,51.581124,8.439024999999999,97.180164,1,1,1789162810.5815308,-0.7964746723487875,-0.5978128285721824,-0.09081768282136714,-0.0002584344700050115,173.6760722589683,-8.3001607629507,74.24117264897046,0.07628554907786896,-0.00468463824527798,-0.10717787683816858,-2.4374428977012634,-0.3831458218193054,-8.78234555234909
2026-09-11T17:40:10.624,10.859857888000022,-273.1271667480469,-24581.44500732422,-98325.78002929688,-187.09210922241212,-28.67831268310547,-5.899453639984131,-4.04112574338913,-9.03974083614246,0.5029688032751064,0.0,-0.03400611877441406,-278.578125,-12.242202758789062,0.045776426792144775,16.47951364517212,-4602.472216181571,1,1789162810.0947933,38.991353536666665,-76.93654811166667,-9.913000000000004,0,1,51.581124,8.439024999999999,97.180164,1,1,1789162810.6215308,-0.7956748408510796,-0.5990366558292916,-0.08974846221079671,0.0013587274432845672,173.8875713796281,-8.305375732357325,74.39391944622736,0.00043057272646700114,-0.014512936329108448,-0.08495861372980437,2.1799202644538878,-0.044620258235931395,-11.438574815158843
2026-09-11T17:40:10.657,10.893279424000013,-273.322509765625,-24599.02587890625,-98396.103515625,-187.22591918945315,-28.812122650146488,-5.8490681648254395,-4.006611692905427,-8.962535104029667,1.0326889369690184,0.0,-0.0350341796875,-287.0,-12.6123046875,0.1068115383386612,38.45215380191803,657.4395670130601,1,1789162810.0947933,38.991353536666665,-76.93654811166667,-9.913000000000004,0,1,51.581124,8.439024999999999,97.180164,1,1,1789162810.649531,-0.7954701798835341,-0.5994709548466092,-0.08865342151296815,0.0015290733783801724,173.9766248052679,-8.214277816590906,74.43669546576373,0.106865811967912,-0.06601411189695712,-0.04714762628167402,1.2037663073539733,1.0120462966918946,-7.5695571268463135
2026-09-11T17:40:10.690,10.926685120000002,-273.5147399902344,-24616.326599121094,-98465.30639648438,-187.35759689331056,-28.94380035400391,-5.824005126953125,-3.989443511962891,-8.924130977010751,0.5139297484639104,0.0,-0.034473419189453125,-282.40625,-12.410430908203125,0.015258789993822575,5.493164397776127,-986.6278314977575,1,1789162810.0947933,38.991353536666665,-76.93654811166667,-9.913000000000004,0,1,51.581124,8.439024999999999,97.180164,1,1,1789162810.681531,-0.7952679843822987,-0.6000081912992772,-0.086827222007738,-0.00019211638395098466,173.94360870974947,-7.924684879694982,74.48702578139726,-0.0051223668216781575,-0.15682272021359608,-0.044407633888968116,-4.093884176521302,-0.6357651299858094,-2.9039452458953856
2026-09-11T17:40:10.723,10.960092064000037,-273.70794677734375,-24633.715209960938,-98534.86083984375,-187.4899435424805,-29.07614700317383,-5.771451473236084,-3.953444259166718,-8.843602941944152,1.0775979028831615,0.0,-0.03141593933105469,-257.359375,-11.309738159179688,0.1983642727136612,71.41113817691803,1973.1817965472426,1,1789162810.0947933,38.991353536666665,-76.93654811166667,-9.913000000000004,0,1,51.581124,8.439024999999999,97.180164,1,1,1789162810.721531,-0.7954514598786476,-0.6005484175929483,-0.08121667278199665,-0.0015572943703508742,174.21202197104657,-7.315756671935269,74.47434209889724,-0.017249438063310356,-0.159067388164586,-0.03929120118674675,-8.984362545681,-3.3870208328628544,-7.849046656455993
2026-09-11T17:40:10.757,10.99349907200002,-273.89837646484375,-24650.853881835938,-98603.41552734375,-187.62038787841797,-29.20659133911133,-5.693760871887207,-3.9002261972427372,-8.724557527833602,1.5930208992079569,0.0,-0.028448104858398438,-233.046875,-10.241317749023438,0.1831054836511612,65.91797411441803,-164.43148882123012,1,1789162810.0947933,38.991353536666665,-76.93654811166667,-9.913000000000004,0,1,51.581124,8.439024999999999,97.180164,1,1,1789162810.7495308,-0.7952837120269481,-0.600803872697016,-0.08098468183483208,-7.242249141458347e-05,174.3619176016198,-7.395896510277267,74.5037580578631,0.10713459267271912,-0.0070425780647223185,-0.03839846527435165,-8.869232472782135,-0.3961886665344238,-6.661461321868896
2026-09-11T17:40:10.791,11.026907935999986,-274.0874938964844,-24667.874450683594,-98671.49780273438,-187.7499333190918,-29.336136779785157,-5.642638683319092,-3.865207498073578,-8.646222928761574,1.048185869749845,0.0,-0.026950836181640625,-220.78125,-9.702301025390625,0.0762939602136612,27.46582567691803,-1150.9564778239314,1,1789162810.0947933,38.991353536666665,-76.93654811166667,-9.913000000000004,0,1,51.581124,8.439024999999999,97.180164,1,1,1789162810.7815309,-0.7957830107625239,-0.6003075824168106,-0.07974678766042619,-0.000810020036601861,174.3867340002165,-7.235606244003101,74.41413904050542,-0.02073625684294463,-0.12679415590010845,0.05137289386782709,-1.9227898972129822,0.35500073585510256,-5.67275485256195
2026-09-11T17:40:10.825,11.060328448000007,-274.275390625,-24684.78515625,-98739.140625,-187.878642578125,-29.46484603881836,-5.565277099609375,-3.8122148132324223,-8.527681668826991,1.585633542691484,0.0,-0.025714874267578125,-210.65625,-9.257354736328125,0.1220703274011612,43.94531786441803,493.0951443080776,1,1789162810.0947933,38.991353536666665,-76.93654811166667,-9.913000000000004,0,1,51.581124,8.439024999999999,97.180164,1,1,1789162810.8215308,-0.7962610493688844,-0.5996553867089907,-0.07988554454693608,-0.00024129088900564803,174.43492516310215,-7.292231024483024,74.32089772719031,0.07723431005925308,-0.019574042094041604,0.025905747554426636,-1.8063849597930908,-1.7045919311141968,-11.492021058540344
2026-09-11T17:40:10.857,11.093736063999984,-274.45782470703125,-24701.204223632812,-98804.81689453125,-188.0036099243164,-29.58981338500977,-5.514382839202881,-3.7773522448539736,-8.449696324387011,1.0435515176680952,0.0,-0.022539138793945312,-184.640625,-8.114089965820312,0.2288818657398224,82.39747166633606,1150.9996343930907,1,1789162810.0947933,38.991353536666665,-76.93654811166667,-9.913000000000004,0,1,51.581124,8.439024999999999,97.180164,1,1,1789162810.849531,-0.7964718965633436,-0.5993139203244982,-0.08034499225274472,0.00015846128276322778,174.44218115661604,-7.364144834891993,74.27799882649718,-0.11413685363172038,0.015557864952277452,6.649704450098395e-05,-3.4497833938980103,-1.2611352108001708,-7.641537939033508
2026-09-11T17:40:10.890,11.127139199999988,-274.6393127441406,-24717.538146972656,-98870.15258789062,-188.12792922973634,-29.71413269042969,-5.437901496887207,-3.724962525367737,-8.332503859537699,1.568407214407364,0.0,-0.0207061767578125,-169.625,-7.4542236328125,0.061035171151161194,21.97266161441803,-1808.9562025526825,1,1789162810.0947933,38.991353536666665,-76.93654811166667,-9.913000000000004,0,1,51.581124,8.439024999999999,97.180164,1,1,1789162810.8815308,-0.7969342532940883,-0.5988367256304167,-0.07930541219667295,0.0010117110017229518,174.59822566654276,-7.3317418453301135,74.19061011009518,0.08202506432305232,0.06784583494692517,0.03161943192668047,-2.2781828990745545,1.1707178963088989,-12.741584422149659
2026-09-11T17:40:10.924,11.16054486400003,-274.8209228515625,-24733.883056640625,-98935.5322265625,-188.25233215332034,-29.838535614013676,-5.413522720336914,-3.7082630634307865,-8.295148227073152,0.4998991170158802,0.0,-0.020435333251953125,-167.40625,-7.356719970703125,-0.0762939527630806,-27.465822994709015,-1479.9431799668448,1,1789162810.0947933,38.991353536666665,-76.93654811166667,-9.913000000000004,0,1,51.581124,8.439024999999999,97.180164,1,1,1789162810.921531,-0.797686247830511,-0.5979911594096814,-0.07811433321941211,0.0011722779671205683,174.70469828458184,-7.239864432629543,74.04988268298969,-0.1097897620637781,0.015104428412609327,0.057437563952656985,12.537409965782166,-1.697335009994507,-9.488816630001068
2026-09-11T17:40:10.957,11.193952160000038,-274.99969482421875,-24749.972534179688,-98999.89013671875,-188.37479095458986,-29.960994415283206,-5.3887410163879395,-3.691287596225739,-8.257175188407603,0.5081365221849704,0.0,-0.016748428344726562,-137.203125,-6.0294342041015625,0.1220703199505806,43.945315182209015,2137.591087195527,1,1789162810.0947933,38.991353536666665,-76.93654811166667,-9.913000000000004,0,1,51.581124,8.439024999999999,97.180164,1,1,1789162810.9495308,-0.797716074821559,-0.5976679154079723,-0.08025868978870293,0.0008182765879028734,174.52403185779644,-7.413278088520935,74.03787423603387,-0.11324202332422288,0.11127207019749688,0.04011010967178249,-6.023048396339416,0.71745452583313,-12.859558423595429
2026-09-11T17:40:10.992,11.227372607999996,-275.18072509765625,-24766.265258789062,-99065.06103515625,-188.49879669189454,-30.08500015258789,-5.389902591705322,-3.692083275318146,-8.258955071846238,-0.02380815159652684,0.0,-0.011669158935546875,-95.59375,-4.200897216796875,0.3356933891773224,120.84962010383606,2301.1153208276146,1,1789162810.0947933,38.991353536666665,-76.93654811166667,-9.913000000000004,0,1,51.581124,8.439024999999999,97.180164,1,1,1789162810.9895308,-0.7983400465506765,-0.596671019124531,-0.0814435689117801,0.0019519460210201862,174.55394402263778,-7.606489895439599,73.91041760783975,-0.062348920467769034,0.013652314474950045,0.1020315990057381,-8.172764178295136,-0.5505453400802612,-12.12641325750351
2026-09-11T17:40:11.026,11.260795072000008,-275.3619689941406,-24782.577209472656,-99130.30883789062,-188.62294876098633,-30.20915222167969,-5.365306854248047,-3.6752351951599125,-8.221266989888843,0.5040944963910357,0.0,-0.0054836273193359375,-44.921875,-1.9741058349609375,0.1525879204273224,54.93165135383606,-1972.265382647346,1,1789162810.0947933,38.991353536666665,-76.93654811166667,-9.913000000000004,0,1,51.581124,8.439024999999999,97.180164,1,1,1789162811.0215309,-0.7989208546099018,-0.5958525245477863,-0.08172815780254557,0.002396931708674434,174.5826184902369,-7.668716870211118,73.79610559580848,0.06951559144230815,-0.015342142256730956,0.047844536251995355,-7.886508060073853,-0.30331968950271604,-11.241559213409424
2026-09-11T17:40:11.059,11.294201952000037,-275.5399169921875,-24798.592529296875,-99194.3701171875,-188.74484313964845,-30.3310466003418,-5.390857696533203,-3.6927375221252445,-8.260418580272997,-0.523913845450894,0.0,-0.0034732818603515625,-28.453125,-1.2503814697265625,0.03051757998764515,10.986328795552254,-1315.4572518668288,1,1789162810.0947933,38.991353536666665,-76.93654811166667,-9.913000000000004,0,1,51.581124,8.439024999999999,97.180164,1,1,1789162811.0495307,-0.799897903007046,-0.5946507058478859,-0.08095528284457926,0.0003535238265155679,174.46044075695903,-7.465684161315194,73.61653106471614,-0.09757682062294779,-0.15328615955028,0.07238194567285842,-4.387985614871979,-1.8026584327316286,-2.7963662936210634
2026-09-11T17:40:11.092,11.32761056000004,-275.7204895019531,-24814.84405517578,-99259.37622070312,-188.8685353088379,-30.454738769531254,-5.417425155639648,-3.7109362316131596,-8.301127933995069,-0.544731150963067,0.0,-0.003631591796875,-29.75,-1.307373046875,0.0,0.0,-328.847247857546,1,1789162811.0815673,38.99136406,-76.93652798666666,-10.069000000000003,0,1,51.5524,8.439024999999999,97.140736,1,1,1789162811.089531,-0.8010363251132722,-0.5934688721714823,-0.07830169514669287,0.002085221735743213,174.81678913992775,-7.3494154408078,73.40085636487386,0.054971064653738605,-0.058746211825802336,0.03612063606757385,-1.027148537940979,1.1687565662765502,-9.238550917873383
2026-09-11T17:40:11.126,11.361017951999997,-275.9034118652344,-24831.307067871094,-99325.22827148438,-188.99383712768557,-30.58004058837891,-5.41836404800415,-3.7115793728828432,-8.302566600042143,-0.01925146595353753,0.0,-0.0060482025146484375,-49.546875,-2.1773529052734375,-0.2136230617761612,-76.90430223941803,-2302.014543353584,1,1789162811.0815673,38.99136406,-76.93652798666666,-10.069000000000003,0,1,51.5524,8.439024999999999,97.140736,1,1,1789162811.1215308,-0.8016981489557397,-0.5927538021739528,-0.07687281505213824,0.003684871127090648,175.07062758739394,-7.332431105771397,73.27247094014143,0.002003114382513892,-0.1345383563241325,0.039925628369846686,2.7643966140937803,0.7033329496002197,-13.413045758724213
2026-09-11T17:40:11.159,11.394439455999986,-276.0874938964844,-24847.874450683594,-99391.49780273438,-189.1199333190918,-30.706136779785158,-5.5494513511657715,-3.801374175548554,-8.503431852962933,-2.686737337306552,0.0,-0.025447845458984375,-208.46875,-9.161224365234375,-0.8392334580421448,-302.1240448951721,-6738.767431167317,1,1789162811.0815673,38.99136406,-76.93652798666666,-10.069000000000003,0,1,51.5524,8.439024999999999,97.140736,1,1,1789162811.149531,-0.8017458956301364,-0.5927458681180962,-0.07642735064719007,0.003835979953831648,175.11572143466717,-7.301937600438173,73.26427484861557,0.04687099159523292,-0.0634367841905371,0.0014055136466310336,4.743868949241638,1.8092288883399963,-10.924314080677032
2026-09-11T17:40:11.193,11.427850239999998,-276.2727966308594,-24864.551696777344,-99458.20678710938,-189.2468656921387,-30.833069152832035,-5.575822830200195,-3.819438638687134,-8.543840906154102,-0.5406776188961626,0.0,-0.03644371032714844,-298.546875,-13.119735717773438,0.12207034230232239,43.94532322883606,10358.013991048187,1,1789162811.0815673,38.99136406,-76.93652798666666,-10.069000000000003,0,1,51.5524,8.439024999999999,97.140736,1,1,1789162811.1895308,-0.8012733925603645,-0.5937877080821566,-0.07323077628161488,0.0037896583666204766,175.3251324160075,-6.999244182255371,73.3670193058362,0.07095112475207348,-0.035797575623029695,-0.06852389536132497,1.0747107912254334,4.0771148047447205,-15.428214300460816
2026-09-11T17:40:11.226,11.461301792000029,-276.45855712890625,-24881.270141601562,-99525.08056640625,-189.3741116333008,-30.960315093994144,-5.57677698135376,-3.8200922322273256,-8.54530295326441,-0.019538511701664873,0.0,-0.04010963439941406,-328.578125,-14.439468383789062,-0.2899170219898224,-104.37012791633606,-4433.739012917399,1,1789162811.0815673,38.99136406,-76.93652798666666,-10.069000000000003,0,1,51.5524,8.439024999999999,97.140736,1,1,1789162811.221531,-0.8001344715879946,-0.5956201969913885,-0.07073066011109724,0.004310688203595273,175.53177360369673,-6.795336360015663,73.59341599394094,-0.005973040299100194,-0.06464542469754317,-0.18037611300218476,-3.1600949481201175,-2.6993785235214234,-8.043806728668212
2026-09-11T17:40:11.259,11.494709919999991,-276.6454162597656,-24898.087463378906,-99592.34985351562,-189.50211013793947,-31.088313598632816,-5.578176975250244,-3.8210512280464175,-8.547448165816064,-0.028705464104212916,0.0,-0.046527862548828125,-381.15625,-16.750030517578125,-0.1831054985523224,-65.91797947883606,1150.9818340477923,1,1789162811.0815673,38.99136406,-76.93652798666666,-10.069000000000003,0,1,51.5524,8.439024999999999,97.140736,1,1,1789162811.2495308,-0.7988460376189709,-0.5971712466054259,-0.0722828191427858,0.0025892981602871727,175.25176200074262,-6.810053344225835,73.84201876491295,-0.22377250312254737,-0.13607442059881272,-0.20367451318705707,-3.8788243384742738,2.0110497486686705,2.763612082080841
2026-09-11T17:40:11.293,11.528110592000019,-276.83319091796875,-24914.987182617188,-99659.94873046875,-189.6307357788086,-31.216939239501954,-5.632177829742432,-3.858041813373566,-8.630193748598698,-1.1074802724663124,0.0,-0.051807403564453125,-424.40625,-18.650665283203125,-0.030517607927322388,-10.98633885383606,1644.6268094532581,1,1789162811.0815673,38.99136406,-76.93652798666666,-10.069000000000003,0,1,51.5524,8.439024999999999,97.140736,1,1,1789162811.2895308,-0.7965945201821629,-0.5998939255642616,-0.07449566368661649,0.0038528663018789627,175.18833089706735,-7.083072553286052,74.26281195522095,-0.016187405213471808,-0.009657430350060224,-0.22398997114734587,0.6999986885452271,0.532991436290741,-12.236443872318269
2026-09-11T17:40:11.326,11.561532704000001,-277.0238037109375,-24932.142333984375,-99728.5693359375,-189.76130554199221,-31.34750900268555,-5.660078048706055,-3.8771534633636477,-8.672945292062552,-0.571826519822921,0.0,-0.05727386474609375,-469.1875,-20.61859130859375,-0.1373291313648224,-49.43848729133606,-1150.5002567617564,1,1789162811.0815673,38.99136406,-76.93652798666666,-10.069000000000003,0,1,51.5524,8.439024999999999,97.140736,1,1,1789162811.3215308,-0.7948376882056627,-0.6020996298122424,-0.07525751775049871,0.0067372998947369716,175.3783763100576,-7.3394814566397235,74.58535727322719,0.1426026501329723,0.1386981740633358,-0.15388341122031243,3.8535231810569766,0.7744311632728577,-14.18022000087738
2026-09-11T17:40:11.359,11.594939616000033,-277.2125549316406,-24949.129943847656,-99796.51977539062,-189.89060012817384,-31.476803588867188,-5.687500476837158,-3.8959378266334537,-8.714964715983916,-0.5622897222523235,0.0,-0.06450653076171875,-528.4375,-23.22235107421875,-0.2288818657398224,-82.39747166633606,-986.5917680439372,1,1789162811.0815673,38.99136406,-76.93652798666666,-10.069000000000003,0,1,51.5524,8.439024999999999,97.140736,1,1,1789162811.349531,-0.7930447699196054,-0.6046881362723757,-0.07333735169925974,0.007340544962063692,175.54588272934086,-7.1921374636245385,74.9303272157559,0.07472138500223165,-0.06047897470718231,-0.22704255200908396,7.655267249259949,-2.4799056929016112,-3.9428617640304564
2026-09-11T17:40:11.393,11.628339264000033,-277.4021301269531,-24966.19171142578,-99864.76684570312,-190.0204591369629,-31.606662597656253,-5.6617326736450195,-3.8782868814468388,-8.675480676106913,0.528476982350686,0.0,-0.0679473876953125,-556.625,-24.4610595703125,0.030517585575580597,10.986330807209015,2795.9516960641668,1,1789162811.0815673,38.99136406,-76.93652798666666,-10.069000000000003,0,1,51.5524,8.439024999999999,97.140736,1,1,1789162811.389531,-0.7898999043535428,-0.6086805418327161,-0.0739424954951049,0.009932092249437136,175.70169034254494,-7.406337387117657,75.51253519645729,0.027782500099096136,0.0252695750420747,-0.2517084176628938,-0.7249075799560547,-2.3030917904853823,-7.204945873832703
2026-09-11T17:40:11.426,11.66174976000002,-277.5897216796875,-24983.074951171875,-99932.2998046875,-190.14895935058595,-31.7351628112793,-5.688295364379883,-3.89648232460022,-8.716182723246725,-0.5446026049235476,0.0,-0.07146263122558594,-585.421875,-25.726547241210938,-0.030517593026161194,-10.98633348941803,-657.657530634539,1,1789162811.0815673,38.99136406,-76.93652798666666,-10.069000000000003,0,1,51.5524,8.439024999999999,97.140736,1,1,1789162811.421531,-0.7873294874918597,-0.6122045152470428,-0.07239993706319096,0.008726898084957045,175.67036836344914,-7.162883106860863,76.00631436607412,-0.1096386165505554,-0.03653846789050129,-0.24582683261659813,-6.101011265125274,0.1577890011024475,1.346158867702484
2026-09-11T17:40:11.460,11.695173248000003,-277.780029296875,-25000.20263671875,-100000.810546875,-190.2793200683594,-31.865523529052737,-5.689212799072266,-3.8971107673645022,-8.717588509673627,-0.018802429126569573,0.0,-0.07486534118652344,-613.296875,-26.951522827148438,-0.015258817933499813,-5.493174456059933,164.3502627063026,1,1789162811.0815673,38.99136406,-76.93652798666666,-10.069000000000003,0,1,51.5524,8.439024999999999,97.140736,1,1,1789162811.4495308,-0.7846211365903888,-0.6154098752032813,-0.07454516421087669,0.00913104652608174,175.52252286985916,-7.366634974292413,76.50541238917967,0.025102197966808446,0.0171434965777143,-0.30696763617613665,0.8890709036636353,1.2205356791305542,-10.778096926765441
2026-09-11T17:40:11.493,11.728591552000012,-277.9712829589844,-25017.415466308594,-100069.66186523438,-190.4103288269043,-31.99653228759766,-5.715971946716309,-3.9154407835006717,-8.758591588002567,-0.5485022859378152,0.0,-0.07916259765625,-648.5,-28.49853515625,-0.12207034230232239,-43.94532322883606,-1150.6313657559165,1,1789162811.0815673,38.99136406,-76.93652798666666,-10.069000000000003,0,1,51.5524,8.439024999999999,97.140736,1,1,1789162811.4895308,-0.7809169109471045,-0.6200170711660368,-0.07505771597257252,0.010674686529462029,175.58036639827816,-7.496443776323678,77.18604760967746,-0.10571232386526895,-0.012293924718122858,-0.3103759151394312,3.328278998394013,1.309580062599182,-14.055479410820007
2026-09-11T17:40:11.526,11.761997887999996,-278.1643981933594,-25034.795837402344,-100139.18334960938,-190.5426127624512,-32.12881622314453,-5.769118785858154,-3.951846368312836,-8.840028561902361,-1.0897808371496087,0.0,-0.08672142028808594,-710.421875,-31.219711303710938,-0.2136230766773224,-76.90430760383606,-986.6087790955357,1,1789162811.0815673,38.99136406,-76.93652798666666,-10.069000000000003,0,1,51.5524,8.439024999999999,97.140736,1,1,1789162811.5215309,-0.7778077136291889,-0.6240222258332384,-0.07426800598966356,0.009781900192895977,175.519900663859,-7.339055567357667,77.76645578945941,-0.12465350957253742,-0.12019628772879429,-0.3626947774618392,5.456910482501984,-0.13229171068191528,-11.047877872714997
2026-09-11T17:40:11.560,11.795405824,-278.3561706542969,-25052.05535888672,-100208.22143554688,-190.6739768981934,-32.26018035888672,-5.770188808441162,-3.952579333782196,-8.841668158961596,-0.021939860916882756,0.0,-0.09896278381347656,-810.703125,-35.62660217285156,-0.3967285752296448,-142.82228708267212,-1973.1233763986393,1,1789162811.0815673,38.99136406,-76.93652798666666,-10.069000000000003,0,1,51.5524,8.439024999999999,97.140736,1,1,1789162811.5495307,-0.7743706235600264,-0.628432626638581,-0.07333272850637855,0.006699408421595576,175.27293796387863,-7.0071772321321895,78.41099364817768,-0.06606856616961934,-0.1356180169994162,-0.43197160786247457,-6.360593294906616,2.769496072177887,-4.887928640117645
2026-09-11T17:40:11.594,11.828812416000005,-278.550048828125,-25069.50439453125,-100278.017578125,-190.80678344726564,-32.392986907958985,-5.849868297576904,-4.00715978384018,-8.963761148532962,-1.6338227514490098,0.0,-0.103240966796875,-845.75,-37.166748046875,0.0,0.0,4275.272589393364,1,1789162811.0815673,38.99136406,-76.93652798666666,-10.069000000000003,0,1,51.5524,8.439024999999999,97.140736,1,1,1789162811.589531,-0.7689313110002827,-0.6346600805071759,-0.07683898072208037,0.006855086841385351,174.96871109393,-7.288706572019896,79.3917856388237,-0.19824217589022472,-0.00017016960206944713,-0.4846035822526904,3.1743145908546446,0.9243748442459107,-6.815621862411499
2026-09-11T17:40:11.627,11.862238848000004,-278.7461242675781,-25087.15118408203,-100348.60473632812,-190.94109512329103,-32.527298583984376,-5.851103782653809,-4.008006091117859,-8.965654283996633,-0.025318504759317743,0.0,-0.10571098327636719,-865.984375,-38.05595397949219,-0.1220703274011612,-43.94531786441803,-1314.6876658693202,1,1789162811.0815673,38.99136406,-76.93652798666666,-10.069000000000003,0,1,51.5524,8.439024999999999,97.140736,1,1,1789162811.6215308,-0.7646148877626258,-0.6399454006888241,-0.07600599095608933,0.007552939014096288,175.04249942958853,-7.23259177734533,80.16889023069982,-0.022796268959073537,0.026189189024950512,-0.42236950444970256,-2.9061027089309692,0.12444639055252076,-4.372687240619659
2026-09-11T17:40:11.660,11.89566169599999,-278.94281005859375,-25104.852905273438,-100419.41162109375,-191.07582489013674,-32.66202835083008,-5.878541946411133,-4.026801233291626,-9.007697819639453,-0.5623441238093911,0.0,-0.10583114624023438,-866.96875,-38.099212646484375,-0.1068115308880806,-38.452151119709015,164.35364050098994,1,1789162811.0815673,38.99136406,-76.93652798666666,-10.069000000000003,0,1,51.5524,8.439024999999999,97.140736,1,1,1789162811.649531,-0.7606273813333608,-0.644494667298619,-0.07762050723579644,0.006904161502608625,174.8202956251527,-7.295110204149178,80.88095558292848,-0.30067101183371675,-0.09489494769433329,-0.3860085365441291,6.409822678718567,-0.24428365552902223,-15.939925305900575
2026-09-11T17:40:11.693,11.92906307200002,-279.135986328125,-25122.23876953125,-100488.955078125,-191.20815063476564,-32.794354095458985,-5.853909015655518,-4.00992767572403,-8.969952746340429,0.5051755223372058,0.0,-0.10470962524414062,-857.78125,-37.695465087890625,0.2288818508386612,82.39746630191803,3618.1029614325607,1,1789162811.0815673,38.99136406,-76.93652798666666,-10.069000000000003,0,1,51.5524,8.439024999999999,97.140736,1,1,1789162811.6895308,-0.7549089824024671,-0.6510360367384794,-0.07911762548618913,0.002215511984221174,174.2362875368757,-7.027052670224659,81.90337572532725,-0.36731012613581304,0.018237818018714748,-0.45385698948493225,7.694199650402069,-4.602358987407684,7.642028271541595
2026-09-11T17:40:11.727,11.962470880000012,-279.3285827636719,-25139.57244873047,-100558.28979492188,-191.34007919311526,-32.9262826538086,-5.801668167114258,-3.974142694473267,-8.88990402307011,1.0711562174558347,0.0,-0.1048126220703125,-858.625,-37.7325439453125,0.2441406548023224,87.89063572883606,164.42771183668313,1,1789162811.0815673,38.99136406,-76.93652798666666,-10.069000000000003,0,1,51.5524,8.439024999999999,97.140736,1,1,1789162811.721531,-0.7501059011032,-0.6565749284971099,-0.07904863590203526,0.0013466852636117705,174.11525389539915,-6.912769765015958,82.74768546622185,-0.26506594602718203,0.04912176819860481,-0.49442629528291443,-4.566956980323791,1.9466200571060182,-16.638551063423158
2026-09-11T17:40:11.761,11.995878559999994,-279.5236511230469,-25157.12860107422,-100628.51440429688,-191.47370101928712,-33.059904479980474,-5.777071475982666,-3.9572939610481264,-8.852214479796265,0.5043371292214736,0.0,-0.10535049438476562,-863.03125,-37.926177978515625,0.0915527418255806,32.958987057209015,-1644.282053457664,1,1789162811.0815673,38.99136406,-76.93652798666666,-10.069000000000003,0,1,51.5524,8.439024999999999,97.140736,1,1,1789162811.7495308,-0.7458529743999751,-0.6612160210923974,-0.08060197503147734,0.0001888133301529252,173.85245819585987,-6.920044397802626,83.48752026183898,-0.10561161836742887,0.08389623181411542,-0.5003951467918099,-10.057798472385405,1.0617660130119324,-3.5322573217582702
2026-09-11T17:40:11.794,12.029290656,-279.7167663574219,-25174.50897216797,-100698.03588867188,-191.60598495483399,-33.19218841552735,-5.777999401092529,-3.957929589748383,-8.85363634070414,-0.01902390979172823,0.0,-0.10540390014648438,-863.46875,-37.945404052734375,0.03051757998764515,10.986328795552254,-657.6258568649079,1,1789162811.0815673,38.99136406,-76.93652798666666,-10.069000000000003,0,1,51.5524,8.439024999999999,97.140736,1,1,1789162811.7895308,-0.740184155777642,-0.6675857626452265,-0.08035222396024673,0.00043029498345114345,173.83355808170754,-6.864713080781012,84.4659731823122,-0.0027691393912142033,0.17367945919520772,-0.41041836239667134,-3.2939557228279117,0.29361110584259037,-11.779159775276185
2026-09-11T17:40:11.827,12.062715808000007,-279.9099426269531,-25191.89483642578,-100767.57934570312,-191.73831069946291,-33.324514160156255,-5.804800987243652,-3.9762886762619023,-8.894704447615197,-0.5492596268078487,0.0,-0.10574913024902344,-866.296875,-38.06968688964844,-0.015258817933499813,-5.493174456059933,-493.0270250262115,1,1789162811.0815673,38.99136406,-76.93652798666666,-10.069000000000003,0,1,51.5524,8.439024999999999,97.140736,1,1,1789162811.8215308,-0.7355677269929395,-0.6726332533559776,-0.08065098941369085,-0.00020830935270865235,173.70924914603114,-6.797941786800258,85.2561488236914,0.04623604081335738,0.0017154841217852266,-0.44779999884881116,5.525066701126098,-1.5235611691284179,-6.0291285194396975
2026-09-11T17:40:11.861,12.096122560000026,-280.1064147949219,-25209.57733154297,-100838.30932617188,-191.8728941345215,-33.45909759521485,-5.830871105194092,-3.9941467070579533,-8.934651724807509,-0.5345635156641637,0.0,-0.10543632507324219,-863.734375,-37.95707702636719,-0.1068115308880806,-38.452151119709015,-986.5962624450999,1,1789162811.0815673,38.99136406,-76.93652798666666,-10.069000000000003,0,1,51.5524,8.439024999999999,97.140736,1,1,1789162811.849531,-0.7313841659377235,-0.677147898691213,-0.08087898854839812,-0.0025523175827987152,173.45277934433187,-6.595009704732424,85.96740453766809,-0.1924923632024546,-0.09914517348878989,-0.4772339294861443,1.1938615906906127,2.3458487851905825,-3.5057793663215633
2026-09-11T17:40:11.894,12.129523328000005,-280.30413818359375,-25227.372436523438,-100909.48974609375,-192.00833465576173,-33.594538116455084,-5.910162925720215,-4.048461604118348,-9.056150689241104,-1.626157130890805,0.0,-0.10562324523925781,-865.265625,-38.02436828613281,-0.0457763709127903,-16.479493528604507,657.8488731492218,1,1789162811.0815673,38.99136406,-76.93652798666666,-10.069000000000003,0,1,51.5524,8.439024999999999,97.140736,1,1,1789162811.889531,-0.7252845252021983,-0.6837429528342008,-0.0803611089865885,-0.0001552875875154766,173.63447062390196,-6.681899991540529,86.99451957995194,0.12375222154680754,-0.014430905854264714,-0.4695237629825342,5.747873792800903,-0.943988144569397,-4.27648400253296
2026-09-11T17:40:11.928,12.162942655999984,-280.5024108886719,-25245.21697998047,-100980.86791992188,-192.14415145874025,-33.730354919433594,-5.989253520965576,-4.10263866186142,-9.177341315903309,-1.6211294776216043,0.0,-0.105194091796875,-861.75,-37.869873046875,0.0,0.0,493.1126541088625,1,1789162811.0815673,38.99136406,-76.93652798666666,-10.069000000000003,0,1,51.5524,8.439024999999999,97.140736,1,1,1789162811.921531,-0.7200147070559305,-0.6894063367844725,-0.07931881834862578,-0.002499896068792931,173.4733546209962,-6.359966500487267,87.8748086853354,-0.03968390026844547,-0.07282560836871539,-0.4748997261445271,-2.6201407902145384,1.3039902720069885,-4.0889808514404296
2026-09-11T17:40:11.961,12.196364544000005,-280.70489501953125,-25263.440551757812,-101053.76220703125,-192.2828530883789,-33.86905654907227,-6.0684404373168945,-4.156881699562073,-9.298679535527176,-1.6229794588689914,0.0,-0.10689353942871094,-875.671875,-38.48167419433594,0.0915527492761612,32.95898973941803,986.1498470522534,1,1789162811.0815673,38.99136406,-76.93652798666666,-10.069000000000003,0,1,51.5524,8.439024999999999,97.140736,1,1,1789162811.9495308,-0.7151354433251667,-0.6943787720116942,-0.0799721077872748,-0.004886783779713326,173.18057496323178,-6.176708991586688,88.68100369867864,-0.02959502452729225,-0.06548492806775244,-0.5096860579989513,-8.370270112552642,-0.14523648889541627,7.395979418983459
2026-09-11T17:40:11.994,12.22977824000003,-280.90911865234375,-25281.820678710938,-101127.28271484375,-192.4227462768555,-34.00894973754883,-6.095708847045898,-4.175560560226441,-9.340462956841527,-0.5590180943872155,0.0,-0.10746192932128906,-880.328125,-38.68629455566406,-0.0457763746380806,-16.479494869709015,-1479.5874305281861,1,1789162811.0815673,38.99136406,-76.93652798666666,-10.069000000000003,0,1,51.5524,8.439024999999999,97.140736,1,1,1789162811.9895308,-0.7085455102952383,-0.7009726033404162,-0.08098083161253385,-0.006540192501945536,172.9064914235976,-6.061057352078459,89.7603649478073,-0.27632192343914386,-0.005486966102419773,-0.502567383578842,-0.6823467182540894,3.4917558565902707,-9.140484416255951
2026-09-11T17:40:12.027,12.263189472000022,-281.1120300292969,-25300.08270263672,-101200.33081054688,-192.56174057006837,-34.14794403076172,-6.070243835449219,-4.1581170272827155,-9.30144288493806,0.5220858944599829,0.0,-0.10784912109375,-883.5,-38.82568359375,-0.0457763746380806,-16.479494869709015,0.0,1,1789162811.0815673,38.99136406,-76.93652798666666,-10.069000000000003,0,1,51.5524,8.439024999999999,97.140736,1,1,1789162812.0215309,-0.703086328523578,-0.7063523715515193,-0.08175953094320058,-0.00716386395234579,172.74580048567964,-6.018385773435222,90.64739095668817,0.21371190171527646,0.0017950711356761679,-0.46752274299512264,-6.285572421169281,-2.99808908744812,-10.647276213607789
2026-09-11T17:40:12.061,12.29659609600003,-281.3153991699219,-25318.38592529297,-101273.54370117188,-192.7010484313965,-34.28725189208985,-6.0966644287109375,-4.176215133666992,-9.34192719592651,-0.541752030503655,0.0,-0.1074066162109375,-879.875,-38.6663818359375,0.015258789993822575,5.493164397776127,657.7336059902261,1,1789162811.0815673,38.99136406,-76.93652798666666,-10.069000000000003,0,1,51.5524,8.439024999999999,97.140736,1,1,1789162812.0495307,-0.6986692229494369,-0.7104099021581052,-0.08447744134936931,-0.006530675463183157,172.5348252057122,-6.244108742531517,91.36253032978371,-0.09872821433048845,0.16942539367639675,-0.43312317610294043,2.190413380126953,-0.0007845320129394532,-11.920081338100434
2026-09-11T17:40:12.094,12.330001728000013,-281.512451171875,-25336.12060546875,-101344.482421875,-192.8360290527344,-34.42223251342774,-5.941892147064209,-4.070196120738983,-9.104769418260064,3.173686788145851,0.0,-0.10574722290039062,-866.28125,-38.069000244140625,0.1068115383386612,38.45215380191803,986.6297217235266,1,1789162812.068822,38.991377285,-76.93651085,-10.167000000000002,0,1,28.708163999999996,6.964320999999999,73.68505599999999,1,1,1789162812.089531,-0.6923057211768319,-0.7165321841323926,-0.08519165144008128,-0.006066304740226536,172.45698178360246,-6.272886121638255,92.38425273841955,-0.04908878147574212,0.0668843330620015,-0.4293092826214824,3.5189202775382995,-1.8682649223136902,-0.35294133932113647
2026-09-11T17:40:12.128,12.363420640000015,-281.7120361328125,-25354.083251953125,-101416.3330078125,-192.97274475097657,-34.55894821166992,-5.968635559082031,-4.0885153579711915,-9.145748384867543,-0.5481697678310721,0.0,-0.10573196411132812,-866.15625,-38.063507080078125,0.0915527418255806,32.958987057209015,-164.37299768193233,1,1789162812.068822,38.991377285,-76.93651085,-10.167000000000002,0,1,28.708163999999996,6.964320999999999,73.68505599999999,1,1,1789162812.1215308,-0.6873716236417629,-0.7210608877586133,-0.0869254909457145,-0.005950309293953257,172.27801606427838,-6.368303878235853,93.17070437738877,-0.13314087119206064,-0.10909948434461435,-0.4348821189231003,1.4019587071228028,1.9183769046401977,-5.979703002624511
2026-09-11T17:40:12.161,12.396841504000008,-281.9162292480469,-25372.46063232422,-101489.84252929688,-193.11261703491212,-34.698820495605474,-6.099435806274414,-4.178113527297974,-9.34617378153626,-2.680905237123777,0.0,-0.10692214965820312,-875.90625,-38.491973876953125,-0.0762939602136612,-27.46582567691803,-1807.9967272581553,1,1789162812.068822,38.991377285,-76.93651085,-10.167000000000002,0,1,28.708163999999996,6.964320999999999,73.68505599999999,1,1,1789162812.149531,-0.6826625751332215,-0.7255635939478967,-0.08647209900530096,-0.007201093216165226,172.177523503112,-6.177723848231763,93.91268442102341,0.04883919939270693,-0.03641856377088928,-0.5081419652097119,-2.6648591149520873,3.1688228667640685,-17.407294369602205
2026-09-11T17:40:12.195,12.430243743999995,-282.1272888183594,-25391.455993652344,-101565.82397460938,-193.25719284057618,-34.843396301269536,-6.283219337463379,-4.304005246162415,-9.627785536333237,-3.7689603710556887,0.0,-0.11266708374023438,-922.96875,-40.560150146484375,-0.3967285454273224,-142.82227635383606,-3453.5543327921705,1,1789162812.068822,38.991377285,-76.93651085,-10.167000000000002,0,1,28.708163999999996,6.964320999999999,73.68505599999999,1,1,1789162812.1895308,-0.6751862630384398,-0.7321812525217716,-0.08922305606557325,-0.008565624679846702,171.77518898681652,-6.196647407348129,95.08410955627127,-0.0623258821216427,0.05721800153275611,-0.48620876156574955,-1.177778684425354,1.6966485444831847,-13.608296163444518
2026-09-11T17:40:12.228,12.46364976000001,-282.3400573730469,-25410.60516357422,-101642.42065429688,-193.40293930053713,-34.98914276123047,-6.440552234649658,-4.4117782807350165,-9.868866948673523,-3.2261564675223005,0.0,-0.1226806640625,-1005.0,-44.1650390625,-0.5340576767921448,-192.26076364517212,-1479.9276660621244,1,1789162812.068822,38.991377285,-76.93651085,-10.167000000000002,0,1,28.708163999999996,6.964320999999999,73.68505599999999,1,1,1789162812.221531,-0.6685140685211174,-0.7379337216233854,-0.09204583303263378,-0.008386137473893142,171.49074060970372,-6.355152598591422,96.12470869746723,-0.25219204839862147,0.13285341546425716,-0.5657987425164193,-1.2384818489265443,0.9337892284011841,-8.11186488079071
2026-09-11T17:40:12.261,12.497060799999986,-282.559814453125,-25430.38330078125,-101721.533203125,-193.55347290039063,-35.139676361083986,-6.5722222328186035,-4.501972229480744,-10.070625065946535,-2.699525328926986,0.0,-0.13828659057617188,-1132.84375,-49.783172607421875,-0.19836431741714478,-71.41115427017212,3617.0561998395538,1,1789162812.068822,38.991377285,-76.93651085,-10.167000000000002,0,1,28.708163999999996,6.964320999999999,73.68505599999999,1,1,1789162812.2495308,-0.661911713622771,-0.7434166445663052,-0.09564293394238188,-0.007550174675852354,171.1862109531922,-6.626033954030156,97.14975244794825,-0.07542405455908456,0.2333922343607645,-0.6253383810201784,6.051095415802003,2.024779058895111,-14.399496698493957
2026-09-11T17:40:12.296,12.530471872000021,-282.784912109375,-25450.64208984375,-101802.568359375,-193.7076647949219,-35.29386825561524,-6.651365756988525,-4.55618554353714,-10.19189679567183,-1.6226152233708182,0.0,-0.1392669677734375,-1140.875,-50.1361083984375,-0.1068115383386612,-38.45215380191803,986.4694095484042,1,1789162812.068822,38.991377285,-76.93651085,-10.167000000000002,0,1,28.708163999999996,6.964320999999999,73.68505599999999,1,1,1789162812.2895308,-0.6515098422103043,-0.7520676805695065,-0.09943445831315097,-0.006474399267707443,170.84267948748945,-6.882100107514964,98.74758872274631,-0.03673289756917345,0.29699499936316626,-0.6575131767148434,-0.9094687360000611,1.318406047744751,-10.969228538417816
2026-09-11T17:40:12.328,12.563891232000003,-283.0118103027344,-25471.062927246094,-101884.25170898438,-193.86309005737306,-35.44929351806641,-6.781779766082764,-4.6455191397666935,-10.391730359177453,-2.6731091268534577,0.0,-0.13727951049804688,-1124.59375,-49.420623779296875,0.09155276417732239,32.95899510383606,2136.8197627301142,1,1789162812.068822,38.991377285,-76.93651085,-10.167000000000002,0,1,28.708163999999996,6.964320999999999,73.68505599999999,1,1,1789162812.3215308,-0.6431211290991449,-0.7590334169103738,-0.10118733585030067,-0.004960683735327986,170.7230784710749,-7.043379374584137,100.02365198865344,0.1023382533553135,0.16712452612349263,-0.6823636982035142,-11.440536145191192,-4.294528238830567,-1.0790257172966005
2026-09-11T17:40:12.362,12.597297408000031,-283.2366943359375,-25491.302490234375,-101965.2099609375,-194.01713562011722,-35.60333908081055,-6.782209396362305,-4.645813436508179,-10.392388682239115,-0.008809650691105632,0.0,-0.1359100341796875,-1113.375,-48.9276123046875,0.0915527492761612,32.95898973941803,-0.00016058162507976475,1,1789162812.068822,38.991377285,-76.93651085,-10.167000000000002,0,1,28.708163999999996,6.964320999999999,73.68505599999999,1,1,1789162812.3615308,-0.6325128275805638,-0.7679206744616354,-0.10106225364831753,-0.003432428870357484,170.74840635914262,-7.040717935723837,101.61590291711687,0.184240970097801,0.08751447388642487,-0.6009582257649199,-1.7364635441398621,-2.2435654240036014,-14.823438184986115
2026-09-11T17:40:12.395,12.630700128,-283.46002197265625,-25511.401977539062,-102045.60791015625,-194.17011505126953,-35.756318511962895,-6.67946195602417,-4.5754314398765565,-10.234948639666587,2.1070738140991785,0.0,-0.12772369384765625,-1046.3125,-45.98052978515625,0.3662109971046448,131.83595895767212,2960.147234067889,1,1789162812.068822,38.991377285,-76.93651085,-10.167000000000002,0,1,28.708163999999996,6.964320999999999,73.68505599999999,1,1,1789162812.389531,-0.6259412496396171,-0.7734547766186171,-0.09981737787323768,-0.0013234802420729389,170.95224109144158,-7.0602110715407,102.59422759380641,0.07818656169914118,0.09755098975001827,-0.6047335474699088,3.7972330091285706,-1.3532196558189393,-8.466375284137726
2026-09-11T17:40:12.429,12.664106720000007,-283.6830139160156,-25531.471252441406,-102125.88500976562,-194.32286453247073,-35.909067993164065,-6.68073034286499,-4.576300284862518,-10.236892190547856,-0.02600818981958972,0.0,-0.10381698608398438,-850.46875,-37.374114990234375,0.5798340439796448,208.74025583267212,2302.069509963387,1,1789162812.068822,38.991377285,-76.93651085,-10.167000000000002,0,1,28.708163999999996,6.964320999999999,73.68505599999999,1,1,1789162812.421531,-0.6191774674969218,-0.7789185567997008,-0.09948703899428413,-0.0027339878052709196,170.82197876571402,-6.830997752023808,103.58519755234124,0.051654240943248574,0.0958461521366702,-0.5191462661435362,0.5606461897468566,-2.7945030300903317,-4.9944288608741765
2026-09-11T17:40:12.462,12.697516992000033,-283.90191650390625,-25551.172485351562,-102204.68994140625,-194.4728128051758,-36.05901626586915,-6.52532958984375,-4.469850769042969,-9.998771405339486,3.1861313735927226,0.0,-0.10279083251953125,-842.0625,-37.00469970703125,0.0610351599752903,21.972657591104507,-5590.1250442206,1,1789162812.068822,38.991377285,-76.93651085,-10.167000000000002,0,1,28.708163999999996,6.964320999999999,73.68505599999999,1,1,1789162812.461531,-0.6121407931311055,-0.7844872016137034,-0.09930265996943884,-0.001568952553755268,170.85955141158118,-6.840900890243493,104.61714889601456,0.08406954300883847,0.10196580009293792,-0.4089545547530238,-3.1352841232109068,-1.7897136545181274,-2.0450788247299196
2026-09-11T17:40:12.496,12.730940000000032,-284.1205139160156,-25570.846252441406,-102283.38500976562,-194.6225520324707,-36.20875549316406,-6.500998020172119,-4.453183643817902,-9.961488108039319,0.49867220882892616,0.0,-0.09792327880859375,-802.1875,-35.25238037109375,0.0915527418255806,32.958987057209015,328.705587064593,1,1789162812.068822,38.991377285,-76.93651085,-10.167000000000002,0,1,28.708163999999996,6.964320999999999,73.68505599999999,1,1,1789162812.4895308,-0.6081950364792563,-0.7874048569265526,-0.10043680631446968,-0.0021992789320393856,170.67761233250496,-6.817479313206338,105.19118591082129,-0.26194634452216736,-0.16906096892858033,-0.3571620837330172,-2.810585936355591,-1.637612510509491,-5.943810663032531
2026-09-11T17:40:12.529,12.764349056000015,-284.3337707519531,-25590.03936767578,-102360.15747070312,-194.7686329650879,-36.35483642578125,-6.450098991394043,-4.41831780910492,-9.88349545701708,1.0436043063593523,0.0,-0.09165573120117188,-750.84375,-32.996063232421875,0.1068115383386612,38.45215380191803,164.4214893324713,1,1789162812.068822,38.991377285,-76.93651085,-10.167000000000002,0,1,28.708163999999996,6.964320999999999,73.68505599999999,1,1,1789162812.5215309,-0.6039160859220231,-0.7908608541011295,-0.09897259262105566,-0.0053755488019280795,170.55769438109832,-6.375250828431238,105.79499526404119,-0.21999037463347568,-0.18967191113123177,-0.3654112079096432,-2.9221856151962284,0.8481771724891662,-5.669616724510193
2026-09-11T17:40:12.562,12.797755872000039,-284.5443420410156,-25608.990783691406,-102435.96313476562,-194.91287429809572,-36.49907775878906,-6.346943378448486,-4.3476562142372135,-9.725429971003061,2.11518496308224,0.0,-0.08368301391601562,-685.53125,-30.125885009765625,0.3051758110523224,109.86329197883606,2137.6218007985603,1,1789162812.068822,38.991377285,-76.93651085,-10.167000000000002,0,1,28.708163999999996,6.964320999999999,73.68505599999999,1,1,1789162812.5615308,-0.5996351808276599,-0.7943316394580737,-0.09711716402958026,-0.006569088253340216,170.6140538881845,-6.086723805013017,106.40235608491734,0.044860895895711045,-0.06087603711201102,-0.2872602509272427,-0.005785923595428467,1.331841158466339,-16.96256278476715
2026-09-11T17:40:12.596,12.831319392000012,-284.7538757324219,-25627.84881591797,-102511.39526367188,-195.056404876709,-36.64260833740234,-6.218464374542236,-4.259648096561432,-9.528561418578711,2.622136107173877,0.0,-0.07651519775390625,-626.8125,-27.54547119140625,0.045776426792144775,16.47951364517212,-2782.2998998239586,1,1789162812.068822,38.991377285,-76.93651085,-10.167000000000002,0,1,28.708163999999996,6.964320999999999,73.68505599999999,1,1,1789162812.589531,-0.5966063228298601,-0.7966718109352982,-0.0965083244206999,-0.00781438020666081,170.56304941154977,-5.89489793497024,106.82986241148822,-0.06672393730374322,-0.26135345617526484,-0.2666484360599653,-3.277284417552948,2.169034882774353,-4.45741669801712
2026-09-11T17:40:12.629,12.864739840000027,-284.95440673828125,-25645.896606445312,-102583.58642578125,-195.19376861572266,-36.779972076416016,-6.036144733428955,-4.134759142398835,-9.24919278453568,3.7369024545254463,0.0,-0.073333740234375,-600.75,-26.400146484375,0.0,0.0,-493.09673063522575,1,1789162812.068822,38.991377285,-76.93651085,-10.167000000000002,0,1,28.708163999999996,6.964320999999999,73.68505599999999,1,1,1789162812.6215308,-0.5934603093107015,-0.7994469521474361,-0.09268583845528595,-0.00993817512737091,170.7522361578786,-5.400709708345162,107.26127055175954,0.060587883252506754,-0.21641890738511965,-0.3005786839162862,0.5937926672935486,3.9317802493476868,-2.05880813495636
2026-09-11T17:40:12.662,12.898147552000012,-285.1517333984375,-25663.656005859375,-102654.6240234375,-195.3289373779297,-36.91514083862305,-5.8812255859375,-4.028639526367188,-9.011809964135612,3.176500564650917,0.0,-0.07280349731445312,-596.40625,-26.209259033203125,-0.030517585575580597,-10.986330807209015,-328.85612780707766,1,1789162812.068822,38.991377285,-76.93651085,-10.167000000000002,0,1,28.708163999999996,6.964320999999999,73.68505599999999,1,1,1789162812.661531,-0.5896731811009802,-0.8026440758171192,-0.08922974640894203,-0.009277898562127058,171.09397147551874,-5.183114189304198,107.79719535209067,0.08773176737829816,0.0021956241990088664,-0.2545794842824245,3.315040020675659,2.490300742073059,-10.000527635440827
2026-09-11T17:40:12.696,12.931548991999989,-285.34783935546875,-25681.305541992188,-102725.22216796875,-195.4632699584961,-37.049473419189454,-5.803768634796143,-3.975581514835358,-8.89312257255582,1.5884947335164645,0.0,-0.07279777526855469,-596.359375,-26.207199096679688,0.0762939527630806,27.465822994709015,1151.2124567666574,1,1789162812.068822,38.991377285,-76.93651085,-10.167000000000002,0,1,28.708163999999996,6.964320999999999,73.68505599999999,1,1,1789162812.6895308,-0.5868604554078979,-0.8046037039394658,-0.09026412734827212,-0.007750664447802582,171.08148937881222,-5.363407394308521,108.20617862251633,-0.07015577821193968,0.06679636846770098,-0.2342570450051277,4.963341779861451,0.5263229141807556,-5.544189668941498
2026-09-11T17:40:12.729,12.96495440000001,-285.53643798828125,-25698.279418945312,-102793.11767578125,-195.59246002197267,-37.17866348266602,-5.67481803894043,-3.8872503566741945,-8.695531399145915,2.6442173123916555,0.0,-0.07316398620605469,-599.359375,-26.339035034179688,-0.0762939602136612,-27.46582567691803,-1644.393885911879,1,1789162812.068822,38.991377285,-76.93651085,-10.167000000000002,0,1,28.708163999999996,6.964320999999999,73.68505599999999,1,1,1789162812.721531,-0.5836804235684985,-0.8067518469938759,-0.09169271849632296,-0.007814466688270991,170.92229384475138,-5.418503299642921,108.65940813169115,-0.06816732459514253,-0.05183453345497959,-0.23180956979505607,-0.8582780221557618,1.5260128316688537,-1.1439457413673402
2026-09-11T17:40:12.763,12.998376736000012,-285.7265930175781,-25715.39337158203,-102861.57348632812,-195.72271621704104,-37.30891967773438,-5.6494221687316895,-3.8698541855812074,-8.656617272685226,0.5204953685160295,0.0,-0.06915664672851562,-566.53125,-24.896392822265625,0.12207034230232239,43.94532322883606,2136.629495489243,1,1789162812.068822,38.991377285,-76.93651085,-10.167000000000002,0,1,28.708163999999996,6.964320999999999,73.68505599999999,1,1,1789162812.7615309,-0.5800971327835237,-0.8090776277580245,-0.09411972512001719,-0.004710216673864729,170.87520728185478,-5.829890679614769,109.18564213717512,-0.06320552806464785,0.12898681303938891,-0.19218867591260758,8.020074635276794,-0.21908056461334227,-8.316431603164673
2026-09-11T17:40:12.797,13.031785504000027,-285.9136047363281,-25732.22442626953,-102928.89770507812,-195.85081924438478,-37.43702270507813,-5.546637535095215,-3.7994467115402224,-8.499120238771068,2.107454966341557,0.0,-0.06538200378417969,-535.609375,-23.537521362304688,0.1220703274011612,43.94531786441803,-0.00016056916644704495,1,1789162812.068822,38.991377285,-76.93651085,-10.167000000000002,0,1,28.708163999999996,6.964320999999999,73.68505599999999,1,1,1789162812.7895308,-0.5780701920559514,-0.8103495870674441,-0.09565362247489569,-0.004334086229909206,170.74075771376545,-5.944482879858474,109.47679508826585,-0.13194130639716495,0.10489603337411121,-0.15783518571267802,1.655558680305481,1.191900260658264,0.7737446977615356
2026-09-11T17:40:12.829,13.06520636800002,-286.0961608886719,-25748.65447998047,-102994.61791992188,-195.97587020874025,-37.562073669433595,-5.496558666229248,-3.765142686367035,-8.422384319897617,1.0264254440936806,0.0,-0.060089111328125,-492.25,-21.632080078125,0.1831054836511612,65.91797411441803,657.4532678151191,1,1789162812.068822,38.991377285,-76.93651085,-10.167000000000002,0,1,28.708163999999996,6.964320999999999,73.68505599999999,1,1,1789162812.8215308,-0.5758571912898807,-0.8119278418904204,-0.09567904577094087,-0.002682350323230082,170.83063798080278,-6.07551764381398,109.79554689133909,-0.039425417006225115,0.09001081831555235,-0.12954078054397192,6.774531998233796,-0.04766031978607178,-10.840761421298982
2026-09-11T17:40:12.863,13.09861244800004,-286.27911376953125,-25765.120239257812,-103060.48095703125,-196.10119293212892,-37.687396392822265,-5.446428298950195,-3.730803384780884,-8.345569489935755,1.0279356807542372,0.0,-0.04929542541503906,-403.828125,-17.746353149414062,0.5187988877296448,186.76759958267212,3617.593727494545,1,1789162812.068822,38.991377285,-76.93651085,-10.167000000000002,0,1,28.708163999999996,6.964320999999999,73.68505599999999,1,1,1789162812.8615308,-0.5739541796838395,-0.8132753011113234,-0.09568296442085607,-0.0021574395412264627,170.85049780157857,-6.103573660829903,110.06516969685313,0.11399827448911203,0.04023524977915048,-0.10139176130195698,5.733458017063141,1.9993798349761964,-3.2181503170776367
2026-09-11T17:40:12.897,13.132014112000036,-286.46343994140625,-25781.709594726562,-103126.83837890625,-196.22745635986328,-37.813659820556644,-5.47387170791626,-3.7496021199226384,-8.387621062819063,-0.5628083421759097,0.0,-0.03437995910644531,-281.640625,-12.376785278320312,0.19836431741714478,71.41115427017212,-3453.6137275231017,1,1789162812.068822,38.991377285,-76.93651085,-10.167000000000002,0,1,28.708163999999996,6.964320999999999,73.68505599999999,1,1,1789162812.889531,-0.5729233665162216,-0.8141361716070561,-0.09448354626459954,-0.003737601636156983,170.85348511795178,-5.864593430510512,110.19992225375468,-0.11690529489123377,-0.20343679934293543,-0.117886518996705,7.109134901752472,-0.3854013513565064,-2.098819267616272
2026-09-11T17:40:12.930,13.165423455999985,-286.6428527832031,-25797.85675048828,-103191.42700195312,-196.35035415649415,-37.9365576171875,-5.4746198654174805,-3.7501146078109744,-8.388767465575722,-0.015339657322717883,0.0,-0.03529930114746094,-289.171875,-12.707748413085938,0.3051758110523224,109.86329197883606,1150.939620625966,1,1789162812.068822,38.991377285,-76.93651085,-10.167000000000002,0,1,28.708163999999996,6.964320999999999,73.68505599999999,1,1,1789162812.921531,-0.5722234606171491,-0.8146942019780724,-0.09397929224338097,-0.001249404689781846,171.05847662434564,-6.05704303602583,110.30729069202314,-0.03057939022541705,0.01531892937767943,-0.042726532753447184,6.791595569515228,0.0542307753944397,-8.291816911258698
2026-09-11T17:40:12.964,13.198845984000002,-286.82568359375,-25814.3115234375,-103257.24609375,-196.47559326171876,-38.06179672241211,-5.448364734649658,-3.732129843235016,-8.348536692991706,0.5381030595875105,0.0,-0.03372955322265625,-276.3125,-12.14263916015625,0.061035171151161194,21.97266161441803,-2629.6823018406517,1,1789162812.068822,38.991377285,-76.93651085,-10.167000000000002,0,1,28.708163999999996,6.964320999999999,73.68505599999999,1,1,1789162812.961531,-0.5716416358507138,-0.815451764102839,-0.09088471581592915,-0.002056456793976476,171.295273371188,-5.77102088829531,110.37775038641493,0.11420806306520175,-0.08747991636723539,-0.004317770036508772,9.058010488395691,-1.3256629688644408,-7.391860625915527
2026-09-11T17:40:12.997,13.232252224000035,-287.01055908203125,-25830.950317382812,-103323.80126953125,-196.60223297119143,-38.18843643188477,-5.501077651977539,-3.7682381916046146,-8.429308767905804,-1.0808863364916967,0.0,-0.03321075439453125,-272.0625,-11.95587158203125,0.1373291164636612,49.43848192691803,822.1763452717965,1,1789162812.068822,38.991377285,-76.93651085,-10.167000000000002,0,1,28.708163999999996,6.964320999999999,73.68505599999999,1,1,1789162812.9895308,-0.5713529087288433,-0.815706548698862,-0.09042582168014208,-0.001360466961148008,171.38209013285984,-5.803129002890521,110.41980636557815,-0.13027573869198675,0.0719923881838133,-0.025589842959815663,1.2233796076774597,-2.9630793463706966,-6.318032433204651
2026-09-11T17:40:13.030,13.265659679999999,-287.19580078125,-25847.6220703125,-103390.48828125,-196.72912353515628,-38.31532699584961,-5.502857208251953,-3.769457187652588,-8.432035584405387,-0.03648874215309684,0.0,-0.0333251953125,-273.0,-11.9970703125,-0.0457763709127903,-16.479493528604507,-1973.1516059048165,1,1789162812.068822,38.991377285,-76.93651085,-10.167000000000002,0,1,28.708163999999996,6.964320999999999,73.68505599999999,1,1,1789162813.0215309,-0.5704067304834841,-0.8164737409611386,-0.08947982716984462,-0.00039072972814139725,171.52826066313463,-5.822198908586256,110.55357588021553,-0.07478910377720902,0.040156011831109936,-0.08031080193174348,2.1236300925254823,-2.3744842036628726,-6.059234935436249
2026-09-11T17:40:13.064,13.29906521600003,-287.38153076171875,-25864.337768554688,-103457.35107421875,-196.85634857177735,-38.44255203247071,-5.581449508666992,-3.82329291343689,-8.55246267322138,-1.611580960241147,0.0,-0.0349578857421875,-286.375,-12.5848388671875,-0.01525880303233862,-5.493169091641903,328.8773584399923,1,1789162812.068822,38.991377285,-76.93651085,-10.167000000000002,0,1,28.708163999999996,6.964320999999999,73.68505599999999,1,1,1789162813.0615308,-0.5695168023726487,-0.8171816303382088,-0.08868269386096353,0.0004179265283143437,171.65017948688492,-5.836819743074238,110.6789817262253,0.09457223631563955,0.08371628836823482,-0.10706041617950936,-2.1293179496192933,1.5811262055778506,-15.003586348457338
2026-09-11T17:40:13.097,13.332485152000004,-287.56842041015625,-25881.157836914062,-103524.63134765625,-196.98436798095705,-38.570571441650394,-5.6081929206848145,-3.841612150669098,-8.59344163982886,-0.5481529716939884,0.0,-0.034473419189453125,-282.40625,-12.410430908203125,-0.0305175818502903,-10.986329466104507,-164.36777061652813,1,1789162813.0695977,38.991395705,-76.93650105,-10.183000000000003,0,1,17.065161000000003,6.943224999999999,72.69267599999999,1,1,1789162813.089531,-0.5688548864880908,-0.8177712132432,-0.08748826735028306,0.0004049511221993538,171.75817141796037,-5.750605219190781,110.76846613026332,0.03869534578011589,0.05900923294407789,-0.06703024258746822,-1.9594667688179015,-0.06187996252059936,0.026772154941558837
2026-09-11T17:40:13.130,13.365903456000012,-287.75604248046875,-25898.043823242188,-103592.17529296875,-197.1128890991211,-38.69909255981445,-5.635783672332764,-3.860511815547943,-8.635718986104015,-0.5655482958931821,0.0,-0.03531074523925781,-289.265625,-12.711868286132812,-0.0457763709127903,-16.479493528604507,-164.3759079604582,1,1789162813.0695977,38.991395705,-76.93650105,-10.183000000000003,0,1,17.065161000000003,6.943224999999999,72.69267599999999,1,1,1789162813.1215308,-0.567485536219098,-0.8188672998264067,-0.08611625216501188,-0.0007089218464998176,171.80709688972158,-5.542174940251432,110.95232028902674,0.06375495771317567,0.04781591285226265,-0.06572578350452767,-4.26805028339386,0.28439285469055176,-10.253048877105712
2026-09-11T17:40:13.164,13.399307520000036,-287.945068359375,-25915.05615234375,-103660.224609375,-197.24237182617188,-38.82857528686524,-5.6626973152160645,-3.8789476609230045,-8.676958797698193,-0.5519042645543984,0.0,-0.03714179992675781,-304.265625,-13.371047973632812,-0.0610351637005806,-21.972658932209015,-164.44602080754518,1,1789162813.0695977,38.991395705,-76.93650105,-10.183000000000003,0,1,17.065161000000003,6.943224999999999,72.69267599999999,1,1,1789162813.161531,-0.5658102469568828,-0.8201363625488364,-0.08505709316833479,-0.0006341652058816984,171.90154958133533,-5.463530224711491,111.1836418833889,0.0405977546647897,-0.08140774136662192,-0.11510952562385682,-5.370121628570557,2.013403344707489,-10.615992999591827
2026-09-11T17:40:13.197,13.432707200000038,-288.1374206542969,-25932.36785888672,-103729.47143554688,-197.37413314819338,-38.96033660888672,-5.716358184814453,-3.9157053565979005,-8.759183421165659,-1.100540354724763,0.0,-0.04081153869628906,-334.328125,-14.692153930664062,-0.061035171151161194,-21.97266161441803,-8.030642853142295e-05,1,1789162813.0695977,38.991395705,-76.93650105,-10.183000000000003,0,1,17.065161000000003,6.943224999999999,72.69267599999999,1,1,1789162813.1895308,-0.5644310230320005,-0.8210477707943108,-0.0854210957877135,0.0011894146326388568,171.9750580335898,-5.64599294373921,111.38304093489651,-0.04043037758952344,0.03477114748993183,-0.12267605153002782,2.899336120319367,-1.8573795406341553,-9.672495187530517
2026-09-11T17:40:13.230,13.466116160000013,-288.32574462890625,-25949.317016601562,-103797.26806640625,-197.5031350708008,-39.08933853149414,-5.717949390411377,-3.9167953324317937,-8.761621627665956,-0.03262525483864152,0.0,-0.04582977294921875,-375.4375,-16.49871826171875,-0.1220703274011612,-43.94531786441803,-657.6875260414246,1,1789162813.0695977,38.991395705,-76.93650105,-10.183000000000003,0,1,17.065161000000003,6.943224999999999,72.69267599999999,1,1,1789162813.221531,-0.5622124671333999,-0.8225635743240483,-0.08545995237340519,0.0017042697429979813,171.9892237159064,-5.675660785329808,111.6934522746734,0.025888817860682287,-0.011269241914276987,-0.1640880022908729,1.210925161972046,0.29459177085876465,-9.795568647060394
2026-09-11T17:40:13.264,13.499540032000027,-288.51715087890625,-25966.543579101562,-103866.17431640625,-197.6342483520508,-39.220451812744145,-5.719200611114502,-3.917652418613434,-8.763538874851086,-0.025642935134505274,0.0,-0.05105781555175781,-418.265625,-18.380813598632812,-0.06103518605232239,-21.97266697883606,657.3939394446132,1,1789162813.0695977,38.991395705,-76.93650105,-10.183000000000003,0,1,17.065161000000003,6.943224999999999,72.69267599999999,1,1,1789162813.2615309,-0.5591464672350728,-0.8246733658430346,-0.08524920951899212,0.0012806732779306424,171.96147843667265,-5.592110770586422,112.11699052622144,0.1662960183275709,0.10899598631997108,-0.17397110371321597,3.9313879833412173,1.7490160563468935,-12.57771529794693
2026-09-11T17:40:13.299,13.53294678399999,-288.7113037109375,-25984.017333984375,-103936.0693359375,-197.7672430419922,-39.35344650268555,-5.71890926361084,-3.9174528455734254,-8.763092442674976,0.0059740330340657555,0.0,-0.061374664306640625,-502.78125,-22.094879150390625,-0.5645752549171448,-203.24709177017212,-5426.281034191578,1,1789162813.0695977,38.991395705,-76.93650105,-10.183000000000003,0,1,17.065161000000003,6.943224999999999,72.69267599999999,1,1,1789162813.2895308,-0.5568751815054619,-0.8263529399270275,-0.0838460231180551,0.000833849209310882,172.05246221279356,-5.437601254860096,112.42634240533675,0.09798557673376486,-0.18580757763439112,-0.2412776319212749,-5.524576368618011,1.6910587538909914,-2.7093813066864016
2026-09-11T17:40:13.331,13.566352832000007,-288.900146484375,-26001.01318359375,-104004.052734375,-197.8966003417969,-39.48280380249024,-5.720398426055908,-3.918472921848297,-8.7653742883149,-0.030535676499992954,0.0,-0.06811714172363281,-558.015625,-24.522171020507812,-0.16784673929214478,-60.42482614517212,4275.341567638438,1,1789162813.0695977,38.991395705,-76.93650105,-10.183000000000003,0,1,17.065161000000003,6.943224999999999,72.69267599999999,1,1,1789162813.3215308,-0.5536774318168707,-0.8285444193997984,-0.08339456066640638,0.0008909710336133846,172.0786576921101,-5.383625593676876,112.86711554299254,0.05527126128508163,0.0265324952888178,-0.23756688739860976,4.154391208019256,-5.54409160243988,-5.857512141609193
2026-09-11T17:40:13.364,13.59976112000004,-289.09228515625,-26018.3056640625,-104073.22265625,-198.02821533203127,-39.614418792724614,-5.721570014953613,-3.9192754602432256,-8.767169515576283,-0.024022134714823142,0.0,-0.06907081604003906,-565.828125,-24.865493774414062,-0.1678466945886612,-60.42481005191803,0.0004817144203659845,1,1789162813.0695977,38.991395705,-76.93650105,-10.183000000000003,0,1,17.065161000000003,6.943224999999999,72.69267599999999,1,1,1789162813.3615308,-0.5489676014243283,-0.8315901067553579,-0.08421652241934584,0.0002104391212947857,171.9265512221438,-5.325531553012967,113.51513661319149,0.0051375511861705084,-0.10770304641009368,-0.29201766940232887,-1.7393074726867674,0.9393790189933777,-10.207742153358458
2026-09-11T17:40:13.398,13.633182143999989,-289.285888671875,-26035.72998046875,-104142.919921875,-198.16083374023438,-39.747037200927736,-5.749040126800537,-3.9380924868583684,-8.80926200532025,-0.5630296251596418,0.0,-0.07071113586425781,-579.265625,-25.456008911132812,-0.01525880303233862,-5.493169091641903,1643.6253108330698,1,1789162813.0695977,38.991395705,-76.93650105,-10.183000000000003,0,1,17.065161000000003,6.943224999999999,72.69267599999999,1,1,1789162813.389531,-0.5458744458639478,-0.8338470749675952,-0.08197532332798413,0.0004373625338237118,172.1378488015377,-5.176600511174618,113.93478067681262,0.11411678234532244,-0.007995702369236423,-0.2717146032797292,1.7047880641174316,-0.4903325080871582,-12.363341925411225
2026-09-11T17:40:13.431,13.666594304,-289.478271484375,-26053.04443359375,-104212.177734375,-198.2926159667969,-39.878819427490235,-5.750010013580322,-3.938756859302521,-8.810748164152015,-0.01988415128360972,0.0,-0.07039070129394531,-576.640625,-25.340652465820312,0.0457763746380806,16.479494869709015,657.6247677894287,1,1789162813.0695977,38.991395705,-76.93650105,-10.183000000000003,0,1,17.065161000000003,6.943224999999999,72.69267599999999,1,1,1789162813.421531,-0.5421435153639086,-0.8363732522784255,-0.08098197878933078,0.0014528363421299896,172.2740213917177,-5.1772955312113185,114.44660080387102,-0.02115408866587207,0.0947074993326691,-0.26792566800657475,-0.05285784437179565,-1.0243046093940735,-8.050671383781433
2026-09-11T17:40:13.464,13.700002496000025,-289.67156982421875,-26070.441284179688,-104281.76513671875,-198.42502532958986,-40.011228790283205,-5.803258419036865,-3.975232017040253,-8.892340768253955,-1.0918028050636608,0.0,-0.07022285461425781,-575.265625,-25.280227661132812,0.1220703199505806,43.945315182209015,822.1283065087723,1,1789162813.0695977,38.991395705,-76.93650105,-10.183000000000003,0,1,17.065161000000003,6.943224999999999,72.69267599999999,1,1,1789162813.461531,-0.5375954630637254,-0.8392855189667813,-0.08118353723063208,0.0004111309792106118,172.16278651356032,-5.047288661672164,115.06363190344281,0.00020176006153054451,0.027602033054439923,-0.25385063478679165,-0.2817450591468811,0.05325011037826538,-0.4367881982040406
2026-09-11T17:40:13.498,13.733408064000002,-289.86517333984375,-26087.865600585938,-104351.46240234375,-198.55764373779297,-40.143847198486334,-5.805070877075195,-3.976473550796509,-8.895118000171136,-0.037165473619762295,0.0,-0.06992721557617188,-572.84375,-25.173797607421875,-0.1220703274011612,-43.94531786441803,-2631.017471299555,1,1789162813.0695977,38.991395705,-76.93650105,-10.183000000000003,0,1,17.065161000000003,6.943224999999999,72.69267599999999,1,1,1789162813.4895308,-0.5347445581148658,-0.8409216855312234,-0.08302276702115621,0.002489282228737535,172.0930354476848,-5.334983010637039,115.46417140351379,-0.13417951662992247,0.036031449742796935,-0.2501685136638592,2.245820953540802,-3.518429945030212,-6.653027602729797
2026-09-11T17:40:13.531,13.76681548800002,-290.057373046875,-26105.16357421875,-104420.654296875,-198.6893005371094,-40.27550399780274,-5.779987335205078,-3.959291324615479,-8.856682454848503,0.5143235881048854,0.0,-0.06973457336425781,-571.265625,-25.104446411132812,0.0,0.0,1315.4356907133788,1,1789162813.0695977,38.991395705,-76.93650105,-10.183000000000003,0,1,17.065161000000003,6.943224999999999,72.69267599999999,1,1,1789162813.5215309,-0.5315172822396812,-0.842760638565067,-0.08495547456821943,0.005143161171135534,172.0443492836021,-5.680409366573235,115.917218816383,-0.02503884251496105,0.09735324394576732,-0.24181449519918838,-0.3485283467483521,1.4042142366600037,-15.949339690055847
2026-09-11T17:40:13.565,13.800245023999992,-290.2513732910156,-26122.623596191406,-104490.49438476562,-198.82219070434573,-40.40839416503906,-5.807801246643066,-3.9783438539505007,-8.899301749173445,-0.5699310135515538,0.0,-0.06918525695800781,-566.765625,-24.906692504882812,-0.0762939602136612,-27.46582567691803,-821.6035567152798,1,1789162813.0695977,38.991395705,-76.93650105,-10.183000000000003,0,1,17.065161000000003,6.943224999999999,72.69267599999999,1,1,1789162813.5615308,-0.5273280369170452,-0.845221260927394,-0.08650762205668984,0.006526322365485074,171.94708263593898,-5.869796353226366,116.49399917887207,-0.26450901146287065,-0.07166862960756835,-0.26541413921295487,1.4681535957145693,1.7863793934631347,-7.272807892951965
2026-09-11T17:40:13.598,13.83365120000002,-290.4449768066406,-26140.047912597656,-104560.19165039062,-198.95480911254884,-40.54101257324219,-5.782245635986328,-3.960838260650635,-8.86014285220703,0.5240226627510677,0.0,-0.06925392150878906,-567.328125,-24.931411743164062,-0.045776382088661194,-16.47949755191803,328.8711681633582,1,1789162813.0695977,38.991395705,-76.93650105,-10.183000000000003,0,1,17.065161000000003,6.943224999999999,72.69267599999999,1,1,1789162813.589531,-0.5248560552641651,-0.8468121870610313,-0.08574614504355117,0.009101632140598361,172.15880207802456,-6.0515674923129135,116.83367298781074,0.22839378591597798,0.07480463720755176,-0.17693292745385036,0.781099685382843,3.416734982852936,-12.452680508384704
2026-09-11T17:40:13.631,13.86705510400003,-290.636474609375,-26157.28271484375,-104629.130859375,-199.0859851074219,-40.67218856811524,-5.755709648132324,-3.9426611089706425,-8.819481721927877,0.5441624931022091,0.0,-0.06913185119628906,-566.328125,-24.887466430664062,-0.0915527492761612,-32.95898973941803,-493.34030499832363,1,1789162813.0695977,38.991395705,-76.93650105,-10.183000000000003,0,1,17.065161000000003,6.943224999999999,72.69267599999999,1,1,1789162813.6215308,-0.5213416849195915,-0.8492296163722539,-0.08348759560065096,0.0064596921179016645,172.19983305788153,-5.625317279726566,117.29231994806224,0.1778733108548249,0.0074176493209759005,-0.29429148435182706,-2.54561024898529,0.18867994911193847,-12.468273082141875
2026-09-11T17:40:13.665,13.900463008000031,-290.8307189941406,-26174.764709472656,-104699.05883789062,-199.21904251098636,-40.80524597167969,-5.808178901672363,-3.9786025476455693,-8.899880430488468,-1.0758363851538302,0.0,-0.06828880310058594,-559.421875,-24.583969116210938,-0.1983642727136612,-71.41113817691803,-1150.9895513797965,1,1789162813.0695977,38.991395705,-76.93650105,-10.183000000000003,0,1,17.065161000000003,6.943224999999999,72.69267599999999,1,1,1789162813.661531,-0.517641738403633,-0.8513657412629925,-0.0844556696042164,0.00952077401703203,172.26023298980758,-5.94921318291142,117.80247567460904,-0.015077201276278214,-0.08452821553626258,-0.27136972621953515,1.2680979324150086,-0.1286632501220703,-11.741796438159943
2026-09-11T17:40:13.699,13.933878719999996,-291.0258483886719,-26192.32635498047,-104769.30541992188,-199.35270614624025,-40.9389096069336,-5.731019020080566,-3.9257480287551885,-8.7816482389835,1.581726550984069,0.0,-0.06856918334960938,-561.71875,-24.684906005859375,0.0610351637005806,21.972658932209015,2794.6074322530135,1,1789162813.0695977,38.991395705,-76.93650105,-10.183000000000003,0,1,17.065161000000003,6.943224999999999,72.69267599999999,1,1,1789162813.6895308,-0.5148706671169805,-0.8531619415182733,-0.08312969576955553,0.010599592848169465,172.43557527224613,-5.9516062202263535,118.17307661358768,0.1055116110012896,-0.0678974966927842,-0.23036059745005036,0.951735398197174,-1.7684332236671447,-6.065511191539764
2026-09-11T17:40:13.732,13.967288960000019,-291.22021484375,-26209.8193359375,-104839.27734375,-199.48584716796876,-41.07205062866211,-5.836259365081787,-3.9978376650810246,-8.942908162761766,-2.1577108193711183,0.0,-0.06985855102539062,-572.28125,-25.149078369140625,-0.061035171151161194,-21.97266161441803,-1315.3248987913985,1,1789162813.0695977,38.991395705,-76.93650105,-10.183000000000003,0,1,17.065161000000003,6.943224999999999,72.69267599999999,1,1,1789162813.7295308,-0.5106599032306853,-0.8557522199065182,-0.08280260891012026,0.007637363103248455,172.266834700551,-5.6032484617400895,118.72673906447694,-0.05964191479792583,-0.1275250997908437,-0.2761959106671498,3.8966724417686462,2.8317683007049563,-8.401553326568603
2026-09-11T17:40:13.765,14.000705952000033,-291.420166015625,-26227.81494140625,-104911.259765625,-199.62281372070314,-41.20901718139649,-5.940740585327148,-4.069407300949097,-9.103004878644176,-2.1417138881932614,0.0,-0.07013511657714844,-574.546875,-25.248641967773438,-0.015258789993822575,-5.493164397776127,493.14723529380524,1,1789162813.0695977,38.991395705,-76.93650105,-10.183000000000003,0,1,17.065161000000003,6.943224999999999,72.69267599999999,1,1,1789162813.7615309,-0.5074124295743397,-0.8577740609150559,-0.08193864757313117,0.006507285812512069,172.26648691692952,-5.412006743571656,119.1535738350068,-0.04221829287526643,-0.14356101042524239,-0.278487178909168,-0.4441431858253479,-2.342808723640442,-3.2326641593170167
2026-09-11T17:40:13.799,14.034110304000023,-291.6239929199219,-26246.15936279297,-104984.63745117188,-199.7624351501465,-41.34863861083985,-6.07187032699585,-4.159231173992158,-9.303935160147086,-2.6889871428454994,0.0,-0.074737548828125,-612.25,-26.905517578125,-0.1373291313648224,-49.43848729133606,-1315.556814081347,1,1789162813.0695977,38.991395705,-76.93650105,-10.183000000000003,0,1,17.065161000000003,6.943224999999999,72.69267599999999,1,1,1789162813.7895308,-0.5039980487644492,-0.8597095045309543,-0.08275627851550586,0.00607725489290868,172.1389736533898,-5.386132626128144,119.60907450133841,-0.16643494653602967,0.006087184832180624,-0.3472255752355631,-11.456128718948364,2.972297597522736,-10.83850589176178
2026-09-11T17:40:13.832,14.067511711999998,-291.8287048339844,-26264.583435058594,-105058.33374023438,-199.9026628112793,-41.48886627197266,-6.228768348693848,-4.266706318855286,-9.544350212185222,-3.2176830648339725,0.0,-0.08673477172851562,-710.53125,-31.224517822265625,-0.24414068460464478,-87.89064645767212,-1151.2137202828449,1,1789162813.0695977,38.991395705,-76.93650105,-10.183000000000003,0,1,17.065161000000003,6.943224999999999,72.69267599999999,1,1,1789162813.829531,-0.49774525239253875,-0.863212897419662,-0.08423537270669312,0.004190397833629649,171.84541725758106,-5.226312745736134,120.43564048278125,-0.038290952992428795,0.010992781760761084,-0.46154586297166805,-9.207071570854188,3.021821180839539,5.160553514614105
2026-09-11T17:40:13.866,14.100931584000023,-292.0405578613281,-26283.65020751953,-105134.60083007812,-200.04778213500978,-41.63398559570313,-6.3079118728637695,-4.320919632911682,-9.665621941910517,-1.622187962190762,0.0,-0.10898399353027344,-892.796875,-39.23423767089844,-0.4425049424171448,-159.30177927017212,-2136.7865446177548,1,1789162813.0695977,38.991395705,-76.93650105,-10.183000000000003,0,1,17.065161000000003,6.943224999999999,72.69267599999999,1,1,1789162813.8615308,-0.49200196606451907,-0.8663829895764237,-0.08502204168806156,0.009264620254500257,172.01585003101872,-5.722784610928101,121.21691920612938,0.2545377709133018,0.3145421905968669,-0.3736493365119816,8.206793254356384,-5.13289876115799,-13.429128664989472
2026-09-11T17:40:13.900,14.13434732799999,-292.25787353515625,-26303.208618164062,-105212.83447265625,-200.19664337158204,-41.782846832275396,-6.387161731719971,-4.375205786228181,-9.78705660842022,-1.6245681471749303,0.0,-0.10885429382324219,-891.734375,-39.18754577636719,0.0457763746380806,16.479494869709015,5260.43275110241,1,1789162813.0695977,38.991395705,-76.93650105,-10.183000000000003,0,1,17.065161000000003,6.943224999999999,72.69267599999999,1,1,1789162813.889531,-0.48617609021339,-0.8694269446485703,-0.0872732571630946,0.010629007856704864,171.8258959778751,-5.931686976625042,121.99712596154727,0.15812770289531225,0.3327944948483732,-0.5175817530020483,1.8212910680389405,-2.96906140296936,-12.429929080009462
2026-09-11T17:40:13.932,14.16775283200002,-292.4703674316406,-26322.333068847656,-105289.33227539062,-200.34220169067385,-41.928405151367194,-6.490885257720947,-4.446256401538849,-9.945992308381452,-2.1269134364985534,0.0,-0.11261558532714844,-922.546875,-40.54161071777344,0.1831054836511612,65.91797411441803,1479.9501077626462,1,1789162813.0695977,38.991395705,-76.93650105,-10.183000000000003,0,1,17.065161000000003,6.943224999999999,72.69267599999999,1,1,1789162813.9295309,-0.4766725328073311,-0.8741234053501937,-0.09243061559920768,0.012171687885259488,171.32129849973614,-6.280578678532321,123.2684649523326,-0.28324581911473057,0.25411557576724436,-0.5474661531193213,4.113497476844787,-3.327298333377838,-6.9990062204360965
2026-09-11T17:40:13.965,14.201191808000033,-292.68634033203125,-26341.770629882812,-105367.08251953125,-200.49014312744143,-42.07634658813477,-6.46511173248291,-4.428601536750794,-9.906499500605737,0.527972650479743,0.0,-0.10731887817382812,-879.15625,-38.634796142578125,0.2899170219898224,104.37012791633606,1149.9201949815222,1,1789162813.0695977,38.991395705,-76.93650105,-10.183000000000003,0,1,17.065161000000003,6.943224999999999,72.69267599999999,1,1,1789162813.961531,-0.4692791612260471,-0.8781303069154092,-0.0923632856176692,0.0115436729655658,171.24248325625695,-6.140219230847075,124.22988585603102,-0.12888942366712766,0.10461643162794171,-0.5209429080755391,-3.6779841431617735,4.605497115459442,-17.179289753341674
2026-09-11T17:40:13.999,14.234596768000017,-292.90374755859375,-26361.337280273438,-105445.34912109375,-200.63906707763672,-42.22527053833008,-6.491753578186035,-4.446851201057434,-9.947322837011072,-0.546316005367146,0.0,-0.10410499572753906,-852.828125,-37.47779846191406,0.04577639698982239,16.47950291633606,-2631.0651172772273,1,1789162813.0695977,38.991395705,-76.93650105,-10.183000000000003,0,1,17.065161000000003,6.943224999999999,72.69267599999999,1,1,1789162813.9895308,-0.46356499503957466,-0.8810658366351143,-0.09315974470758931,0.012318638497909533,171.16214537172885,-6.204547285200273,124.97853285024166,-0.029796784588822792,-0.006756344067395249,-0.47126106371996934,-1.5190501100540161,1.4865900980186462,3.5376509793472293
2026-09-11T17:40:14.033,14.26800675200002,-293.1195983886719,-26380.76385498047,-105523.05541992188,-200.78692489624024,-42.3731283569336,-6.466431140899658,-4.429505331516266,-9.90852123191719,0.5191822163448938,0.0,-0.09324455261230469,-763.859375,-33.56803894042969,0.3509522080421448,126.34279489517212,3288.337162293431,1,1789162813.0695977,38.991395705,-76.93650105,-10.183000000000003,0,1,17.065161000000003,6.943224999999999,72.69267599999999,1,1,1789162814.0295308,-0.4568828622521716,-0.8846304602027302,-0.09225773267763074,0.013248012037739641,171.25673189349945,-6.185118721436205,125.8435308013234,-0.03665557948331011,-0.023392997030330397,-0.3615596153163421,2.7253661464500425,-0.6107581720733642,-14.940529587917327
2026-09-11T17:40:14.066,14.301416064000023,-293.32940673828125,-26399.646606445312,-105598.58642578125,-200.93064361572266,-42.51684707641602,-6.284756660461426,-4.305058312416077,-9.630141178453991,3.724920139037172,0.0,-0.08279800415039062,-678.28125,-29.807281494140625,0.6103516221046448,219.72658395767212,2795.1425357843486,1,1789162813.0695977,38.991395705,-76.93650105,-10.183000000000003,0,1,17.065161000000003,6.943224999999999,72.69267599999999,1,1,1789162814.0615308,-0.45255231398803436,-0.8869058900150336,-0.09192689793257748,0.011991280048864546,171.1965599916683,-5.996847012854028,126.39525724876106,0.04953418950085106,-0.236698935161593,-0.30562530344842787,2.233856840343475,-0.04687578777313233,-13.056672091846465
2026-09-11T17:40:14.099,14.334819776000018,-293.5388488769531,-26418.49639892578,-105673.98559570312,-201.0741114807129,-42.660314941406256,-6.182009220123291,-4.234676315784455,-9.472701135881465,2.107011239697937,0.0,-0.07101821899414062,-581.78125,-25.566558837890625,0.18310552835464478,65.91799020767212,-4604.535979415218,1,1789162814.0753875,38.991414265,-76.93649691666667,-10.245000000000001,0,1,17.0569,6.943224999999999,72.69267599999999,1,1,1789162814.089531,-0.4494224083584742,-0.8887635922889079,-0.08954875434523993,0.009989818927329372,171.31939329814426,-5.638268891748719,126.77943026064997,-0.07995824542284062,-0.27011396182272523,-0.23469826424003187,-1.8723837153816223,-1.8309015851974488,-8.08175846479416
2026-09-11T17:40:14.133,14.368221472000016,-293.7410888671875,-26436.697998046875,-105746.7919921875,-201.21264587402345,-42.7988493347168,-6.15791654586792,-4.2181728339195255,-9.435783898352543,0.4940911343223461,0.0,-0.06612586975097656,-541.703125,-23.805313110351562,0.2288818657398224,82.39747166633606,493.3725957707256,1,1789162814.0753875,38.991414265,-76.93649691666667,-10.245000000000001,0,1,17.0569,6.943224999999999,72.69267599999999,1,1,1789162814.129531,-0.4452325476014745,-0.8910357570593517,-0.08820768338498675,0.006531675881618979,171.25741015715565,-5.174294775232151,127.29505755679334,-0.10164570670812216,-0.11015505947622052,-0.20673058470729913,-4.408383447208404,-0.29243430782318114,-14.557383766098022
2026-09-11T17:40:14.166,14.401644191999992,-293.9451599121094,-26455.064392089844,-105820.25756835938,-201.35243453979493,-42.93863800048828,-6.107426166534424,-4.183586924076081,-9.358417421430019,1.034802369270658,0.0,-0.065765380859375,-538.75,-23.675537109375,-0.0457763709127903,-16.479493528604507,-2958.3757753711184,1,1789162814.0753875,38.991414265,-76.93649691666667,-10.245000000000001,0,1,17.0569,6.943224999999999,72.69267599999999,1,1,1789162814.161531,-0.44260885543010087,-0.8921535348153132,-0.09008001754947924,0.006712812352745663,171.0574926675229,-5.262458460205265,127.63859245671956,-0.308155507265044,-0.26849813600122885,-0.20865219221374492,9.830186122131348,-0.25026571212768556,-2.898257388801575
2026-09-11T17:40:14.200,14.435063936000006,-294.14605712890625,-26473.145141601562,-105892.58056640625,-201.4900491333008,-43.07625259399414,-5.978349208831787,-4.095169208049774,-9.160632623590216,2.6456730496280776,0.0,-0.0669403076171875,-548.375,-24.0985107421875,-0.015258795581758022,-5.493166409432888,328.7376204667231,1,1789162814.0753875,38.991414265,-76.93649691666667,-10.245000000000001,0,1,17.0569,6.943224999999999,72.69267599999999,1,1,1789162814.1895308,-0.4393440002530037,-0.8937619113444178,-0.09013369982756292,0.006512405627460362,171.02294525620854,-5.211961160905493,128.05498933735095,-0.04568957822455796,-0.020886180625690944,-0.27063337180811875,0.08021839832305908,-2.897178657283783,-7.055296392364502
2026-09-11T17:40:14.233,14.468464799999992,-294.3373718261719,-26490.36346435547,-105961.45385742188,-201.62109970092774,-43.2073031616211,-5.794815540313721,-3.969448645114899,-8.879403733703684,3.763991342706753,0.0,-0.06942558288574219,-568.734375,-24.993209838867188,-0.015258789993822575,-5.493164397776127,6.0227686360755345e-05,1,1789162814.0753875,38.991414265,-76.93649691666667,-10.245000000000001,0,1,17.0569,6.943224999999999,72.69267599999999,1,1,1789162814.2295308,-0.43541276674677354,-0.8958591240204864,-0.08828301412017209,0.007632947073312369,171.24808231925294,-5.195547756670407,128.55573914904372,0.002648362606976196,-0.024508436955279975,-0.2710477129725422,1.330174027938843,-0.1385679667854309,-7.0062631415557854
2026-09-11T17:40:14.266,14.501866559999996,-294.52740478515625,-26507.466430664062,-106029.86572265625,-201.75127227783204,-43.33747573852539,-5.717151165008545,-3.9162485480308535,-8.760398505795564,1.5927333495013287,0.0,-0.07318115234375,-599.5,-26.34521484375,-0.0762939602136612,-27.46582567691803,-657.8294460872536,1,1789162814.0753875,38.991414265,-76.93649691666667,-10.245000000000001,0,1,17.0569,6.943224999999999,72.69267599999999,1,1,1789162814.2615309,-0.43195171425311946,-0.8975486803045993,-0.0880819890361079,0.008102237018679636,171.27217897280102,-5.20034844072358,128.9980847294917,-0.0847058900541156,0.04795937891677658,-0.25667632284577047,1.7976570411491395,-1.616920478668213,-9.376236286144257
2026-09-11T17:40:14.300,14.535272704000022,-294.7160339355469,-26524.44305419922,-106097.77221679688,-201.88048324584963,-43.46668670654297,-5.587860107421875,-3.8276841735839846,-8.562285642412268,2.6511402946356606,0.0,-0.078582763671875,-643.75,-28.289794921875,-0.1983642876148224,-71.41114354133606,-1315.4860933481123,1,1789162814.0753875,38.991414265,-76.93649691666667,-10.245000000000001,0,1,17.0569,6.943224999999999,72.69267599999999,1,1,1789162814.2895308,-0.42881167656277264,-0.8991592449083166,-0.08675256554339006,0.010353294691546413,171.50227127651212,-5.337343449265161,129.40359024537858,0.12292214295455903,-0.037092435395084285,-0.261690479253825,4.1187930679321285,1.8724817818832398,-8.249550249061585
2026-09-11T17:40:14.333,14.568683007999994,-294.9011535644531,-26541.10382080078,-106164.41528320312,-202.0072901916504,-43.59349365234375,-5.588794231414795,-3.8283240485191348,-8.563717001877082,-0.019152023733477682,0.0,-0.0864105224609375,-707.875,-31.1077880859375,-0.2593994438648224,-93.38379979133606,-657.6610691725087,1,1789162814.0753875,38.991414265,-76.93649691666667,-10.245000000000001,0,1,17.0569,6.943224999999999,72.69267599999999,1,1,1789162814.329531,-0.42337577294523265,-0.9015614263867502,-0.08797243284306919,0.014170405575951407,171.5257106701114,-5.741576108132776,130.1159687257199,-0.027520351645446587,0.12059771345675299,-0.3148992849618249,11.869871289272309,-2.943564112548828,-17.842023171272277
2026-09-11T17:40:14.367,14.602098304000037,-295.0877990722656,-26557.901916503906,-106231.60766601562,-202.13514236450197,-43.721345825195314,-5.563657760620117,-3.811105566024781,-8.525200353491357,0.5152874448375804,0.0,-0.09659004211425781,-791.265625,-34.77241516113281,-0.2288818657398224,-82.39747166633606,328.7814097168436,1,1789162814.0753875,38.991414265,-76.93649691666667,-10.245000000000001,0,1,17.0569,6.943224999999999,72.69267599999999,1,1,1789162814.3615308,-0.4187990485790476,-0.9035665947033081,-0.08889639630236655,0.016498380829790122,171.51019499754696,-5.985353118844732,130.70963430482496,-0.028642249288628546,0.013938548472277115,-0.27767926599841986,5.221747011623383,2.7064393116378787,1.730579554042816
2026-09-11T17:40:14.400,14.635515584000018,-295.2746887207031,-26574.72198486328,-106298.88793945312,-202.26316177368165,-43.849365234375,-5.56461238861084,-3.8117594861984254,-8.52666313125989,-0.019568324341329067,0.0,-0.09672164916992188,-792.34375,-34.819793701171875,0.1220703199505806,43.945315182209015,3780.762134100039,1,1789162814.0753875,38.991414265,-76.93649691666667,-10.245000000000001,0,1,17.0569,6.943224999999999,72.69267599999999,1,1,1789162814.389531,-0.41474748275466194,-0.905524664086633,-0.08847450781210868,0.013485909196895775,171.38678770600376,-5.613235953404529,131.2056914344679,0.002711892591748789,-0.06851080539193502,-0.3164281933865719,-1.4173551478767394,1.4337322536468506,-1.2082773664283752
2026-09-11T17:40:14.433,14.668921855999997,-295.4600524902344,-26591.404724121094,-106365.61889648438,-202.39013595581056,-43.97633941650391,-5.592325687408447,-3.830743095874787,-8.569128256699138,-0.5682648359078546,0.0,-0.09329795837402344,-764.296875,-33.58726501464844,0.213623046875,76.904296875,986.6105889580092,1,1789162814.0753875,38.991414265,-76.93649691666667,-10.245000000000001,0,1,17.0569,6.943224999999999,72.69267599999999,1,1,1789162814.4295309,-0.4094035309826964,-0.9080097541814506,-0.08794101678896796,0.013168625454632507,171.39567960776523,-5.504343194527493,131.8750674318556,-0.019189546059827256,-0.033829018759705294,-0.2821595261882893,7.253390725631713,0.6833273832702638,-6.370988344078064
2026-09-11T17:40:14.467,14.702325984000026,-295.650390625,-26608.53515625,-106434.140625,-202.520517578125,-44.106721038818364,-5.671542644500732,-3.885006711483002,-8.690512507791244,-1.624458378562307,0.0,-0.09060859680175781,-742.265625,-32.61909484863281,0.0,0.0,-2302.239318294215,1,1789162814.0753875,38.991414265,-76.93649691666667,-10.245000000000001,0,1,17.0569,6.943224999999999,72.69267599999999,1,1,1789162814.461531,-0.405209928768021,-0.9096641111641451,-0.09038086726937666,0.012141553417763507,171.06580003519946,-5.4706543872943705,132.40654340130513,-0.13508551704463273,-0.12184544933900374,-0.27431741279322835,3.1904955636215213,0.22290515817642212,-2.8340238302421574
2026-09-11T17:40:14.500,14.735741023999992,-295.8402404785156,-26625.621643066406,-106502.48657226562,-202.6505647277832,-44.23676818847657,-5.645987033843994,-3.8675011181831365,-8.651353610824831,0.5238836553804366,0.0,-0.09057807922363281,-742.015625,-32.60810852050781,0.0610351599752903,21.972657591104507,657.5678973039393,1,1789162814.0753875,38.991414265,-76.93649691666667,-10.245000000000001,0,1,17.0569,6.943224999999999,72.69267599999999,1,1,1789162814.4895308,-0.40159255515231984,-0.911298355428151,-0.08995665861490686,0.012904519015436383,171.12384243310004,-5.4957307418961925,132.86244901661115,0.029660997973017633,-0.018290526962124975,-0.2770605467785878,8.213854042472839,0.5024927542877198,-12.470234412174223
2026-09-11T17:40:14.534,14.769159839999986,-296.028076171875,-26642.52685546875,-106570.107421875,-202.7792321777344,-44.36543563842774,-5.595311164855957,-3.832788147926331,-8.573702907852377,1.0387253174023785,0.0,-0.09219551086425781,-755.265625,-33.19038391113281,0.0,0.0,-657.4935985496456,1,1789162814.0753875,38.991414265,-76.93649691666667,-10.245000000000001,0,1,17.0569,6.943224999999999,72.69267599999999,1,1,1789162814.5295308,-0.39615287948485073,-0.913688756114315,-0.08975162323929688,0.013431275146031981,171.13685135955922,-5.4890051647193925,133.54499477676765,0.09762115198594844,0.004055621582859223,-0.28576328202780715,9.721332305335999,-1.8094250213432312,-15.293078661231995
2026-09-11T17:40:14.567,14.802569344000005,-296.2162780761719,-26659.46502685547,-106637.86010742188,-202.90815048217775,-44.4943539428711,-5.647398471832275,-3.868467953205109,-8.65351635917391,-1.0679537558760912,0.0,-0.09694290161132812,-794.15625,-34.899444580078125,-0.2136230766773224,-76.90430760383606,-2301.8691808112935,1,1789162814.0753875,38.991414265,-76.93649691666667,-10.245000000000001,0,1,17.0569,6.943224999999999,72.69267599999999,1,1,1789162814.5615308,-0.3915241471293323,-0.9156200136103532,-0.0902587147083417,0.014219610051740045,171.09034910001367,-5.550120238899715,134.12910153441058,0.004107981460419054,-0.1511010073267831,-0.3473021951897256,3.897064707775116,1.0166554222679138,-10.10879305322647
2026-09-11T17:40:14.600,14.83598166400003,-296.4068908691406,-26676.620178222656,-106706.48071289062,-203.03872024536133,-44.62492370605469,-5.699309825897217,-3.904027230739594,-8.733060197610033,-1.0642564639168524,0.0,-0.10220527648925781,-837.265625,-36.79389953613281,0.0,0.0,2301.6751786101263,1,1789162814.0753875,38.991414265,-76.93649691666667,-10.245000000000001,0,1,17.0569,6.943224999999999,72.69267599999999,1,1,1789162814.589531,-0.38667345329928077,-0.9176268903244631,-0.09053922408776965,0.015721945447348118,171.0969924599825,-5.674218281052374,134.74252188608384,0.06495120638249258,0.05660190030680211,-0.3847138513049997,1.4970832136917114,2.3571264328765866,-12.24929058403015
2026-09-11T17:40:14.633,14.869382432000009,-296.59686279296875,-26693.717651367188,-106774.87060546875,-203.1688510131836,-44.75505447387695,-5.699532985687256,-3.9041800951957706,-8.73340214565982,-0.004576674888939419,0.0,-0.10547256469726562,-864.03125,-37.970123291015625,-0.2441406548023224,-87.89063572883606,-2631.3956532045127,1,1789162814.0753875,38.991414265,-76.93649691666667,-10.245000000000001,0,1,17.0569,6.943224999999999,72.69267599999999,1,1,1789162814.629531,-0.3790413667726875,-0.920727800413742,-0.09105561317512947,0.017228903902067917,171.0597299354423,-5.782587896304683,135.70088834473367,-0.00028867745827986207,-0.05784335300374567,-0.4651265804650596,0.9354563589286804,-0.013238977718353272,-5.895169678230285
2026-09-11T17:40:14.667,14.902786880000008,-296.7891845703125,-26711.026611328125,-106844.1064453125,-203.30059143066407,-44.886794891357425,-5.726043701171875,-3.922339935302735,-8.774024551052994,-0.5436353897230952,0.0,-0.11449050903320312,-937.90625,-41.216583251953125,-0.3051758110523224,-109.86329197883606,-657.7763611001968,1,1789162814.0753875,38.991414265,-76.93649691666667,-10.245000000000001,0,1,17.0569,6.943224999999999,72.69267599999999,1,1,1789162814.661531,-0.3718301178088106,-0.9237222262483449,-0.09052017674176374,0.016902953225025674,171.05899507579295,-5.655306232713231,136.58953162147003,0.059520439881987026,0.006162757588791978,-0.498916329316595,3.1078255027580264,-3.004365343551636,-1.837570107307434
2026-09-11T17:40:14.701,14.936205856000015,-296.98541259765625,-26728.687133789062,-106914.74853515625,-203.43500762939453,-45.021211090087895,-5.805393695831299,-3.97669468164444,-8.895612655790165,-1.626463549981113,0.0,-0.12744140625,-1044.0,-45.87890625,-0.3814697563648224,-137.32911229133606,-821.8630131723389,1,1789162814.0753875,38.991414265,-76.93649691666667,-10.245000000000001,0,1,17.0569,6.943224999999999,72.69267599999999,1,1,1789162814.6895308,-0.36485890636277174,-0.9264202759351828,-0.09124884120057163,0.01723658212914323,170.95229350491155,-5.654098290800473,137.45497105788147,-0.0921844513659861,-0.02835112836939589,-0.5691909644505956,0.9252574427604675,-3.2753230875205994,-4.749164540328979
2026-09-11T17:40:14.734,14.96961587200002,-297.1780700683594,-26746.026306152344,-106984.10522460938,-203.56697799682618,-45.15318145751954,-5.806507587432861,-3.97745769739151,-8.897319473406196,-0.022837934201223653,0.0,-0.13909149169921875,-1139.4375,-50.07293701171875,-0.045776426792144775,-16.47951364517212,3617.1667396431812,1,1789162814.0753875,38.991414265,-76.93649691666667,-10.245000000000001,0,1,17.0569,6.943224999999999,72.69267599999999,1,1,1789162814.7295308,-0.3543204995529527,-0.9302999308505225,-0.09251952426440682,0.020956141962368825,170.89998842093124,-6.001478291646257,138.77766456232226,-0.04679594243739717,0.14381286143630514,-0.5809883429965259,3.8681350897979736,0.9996899174880982,-12.004222396488188
2026-09-11T17:40:14.767,15.003015360000006,-297.370361328125,-26763.33251953125,-107053.330078125,-203.69869750976565,-45.284900970458985,-5.807902812957764,-3.9784134268760685,-8.89945737937559,-0.028615093876850566,0.0,-0.1394195556640625,-1142.125,-50.1910400390625,-0.0762939602136612,-27.46582567691803,-328.93654033709714,1,1789162814.0753875,38.991414265,-76.93649691666667,-10.245000000000001,0,1,17.0569,6.943224999999999,72.69267599999999,1,1,1789162814.761497,-0.34510317422424835,-0.9335698118778804,-0.09439469459518744,0.020996359754220408,170.63958728674316,-5.990003909453324,139.91618101111837,-0.25200756709668565,-0.04753229684881357,-0.6414716810268383,-4.195383005695343,5.069547801113129,-5.535755949802399
2026-09-11T17:40:14.801,15.03641884800004,-297.5664367675781,-26780.97930908203,-107123.91723632812,-203.83300918579104,-45.419212646484375,-5.80939245223999,-3.9794338297843934,-8.90173995567374,-0.03054779513815847,0.0,-0.1391925811767578,-1140.265625,-50.10932922363281,0.0,0.0,822.2442421848519,1,1789162814.0753875,38.991414265,-76.93649691666667,-10.245000000000001,0,1,17.0569,6.943224999999999,72.69267599999999,1,1,1789162814.789497,-0.337160560567444,-0.9362872680985941,-0.09569603580579997,0.023047271538583707,170.52519041698656,-6.1820324646232745,140.90453544812587,0.11933688760511228,0.1375219966804168,-0.5676369232846198,1.1267841035842896,2.2277767172431946,-10.840663354797362
2026-09-11T17:40:14.834,15.069822079999994,-297.75885009765625,-26798.296508789062,-107193.18603515625,-203.96481231689455,-45.55101577758789,-5.836506366729736,-3.99800686120987,-8.943286643722855,-0.5560249806216764,0.0,-0.136932373046875,-1121.75,-49.295654296875,0.015258789993822575,5.493164397776127,164.4500866797414,1,1789162814.0753875,38.991414265,-76.93649691666667,-10.245000000000001,0,1,17.0569,6.943224999999999,72.69267599999999,1,1,1789162814.829497,-0.32539216003653076,-0.9404046202083447,-0.09608950963341244,0.02293247949894934,170.40193990239385,-6.065490935570783,142.33713922022238,0.03152134442271839,0.07974531525409731,-0.5560927920131536,-0.7808054858779907,1.6737009831047056,-14.71330950366974
2026-09-11T17:40:14.868,15.103232735999995,-297.9539794921875,-26815.858154296875,-107263.4326171875,-204.09847595214845,-45.6846794128418,-5.784891605377197,-3.9626507496833803,-8.864197274703328,1.0582285940895193,0.0,-0.13377952575683594,-1095.921875,-48.16062927246094,0.3814697563648224,137.32911229133606,3945.925153147435,1,1789162814.0753875,38.991414265,-76.93649691666667,-10.245000000000001,0,1,17.0569,6.943224999999999,72.69267599999999,1,1,1789162814.861497,-0.3165835799931167,-0.9434112818062533,-0.09622773724611812,0.022140750301567425,170.3030697984363,-5.8948950606701365,143.39971929383273,0.13341471335169855,0.09978588385719701,-0.5177550641967714,-4.253340308151245,1.2663327353858946,-17.753763319816592
2026-09-11T17:40:14.902,15.136636992000035,-298.1462097167969,-26833.15887451172,-107332.63549804688,-204.23015365600588,-45.81635711669922,-5.732624053955078,-3.926847476959229,-8.784107634572353,1.0718176966464574,0.0,-0.1299457550048828,-1064.515625,-46.78047180175781,0.030517607927322388,10.98633885383606,-3782.2358156203027,1,1789162814.0753875,38.991414265,-76.93649691666667,-10.245000000000001,0,1,17.0569,6.943224999999999,72.69267599999999,1,1,1789162814.901497,-0.30662529704187624,-0.9465673190577267,-0.09752892735460356,0.021893972570302494,170.09044254035277,-5.81161115081299,144.60645810982587,-0.07085321178103661,-0.04254170238566099,-0.5165738253590217,-1.5742615504646302,2.185313922042847,0.17504870538711548
2026-09-11T17:40:14.934,15.170037824000019,-298.33526611328125,-26850.173950195312,-107400.69580078125,-204.35965728759768,-45.94586074829102,-5.7075395584106445,-3.909664597511292,-8.745670627933267,0.5144446535926248,0.0,-0.12923622131347656,-1058.703125,-46.52503967285156,-0.1220703274011612,-43.94531786441803,-1644.6194130218246,1,1789162814.0753875,38.991414265,-76.93649691666667,-10.245000000000001,0,1,17.0569,6.943224999999999,72.69267599999999,1,1,1789162814.929497,-0.3002385305210032,-0.9482555696361772,-0.10021064440243414,0.025020515442463257,169.86029405159817,-6.178475929732694,145.41080455772345,-0.18478184763299407,0.12821363218075543,-0.4699447363981152,8.134027910156249,-2.5514942390823365,-9.350738995723724
2026-09-11T17:40:14.968,15.20344879999999,-298.5277099609375,-26867.493896484375,-107469.9755859375,-204.4914813232422,-46.07768478393555,-5.760098934173584,-3.9456677699089053,-8.82620743089858,-1.0775851743344838,0.0,-0.12979507446289062,-1063.28125,-46.726226806640625,-0.01525880303233862,-5.493169091641903,1150.8837327233425,1,1789162814.0753875,38.991414265,-76.93649691666667,-10.245000000000001,0,1,17.0569,6.943224999999999,72.69267599999999,1,1,1789162814.961497,-0.2923570344939592,-0.9503468985182436,-0.10367809526235588,0.02487949801388414,169.42135747491852,-6.194870283308559,146.37493512041405,-0.04020488105016578,0.09814003837256635,-0.5048038484823475,-6.521422357559205,3.3743702541542056,-7.914064747028351
2026-09-11T17:40:15.001,15.236869855999998,-298.7223815917969,-26885.01434326172,-107540.05737304688,-204.62483139038088,-46.211034851074224,-5.786842346191406,-3.9639870071411134,-8.86718639750606,-0.5481346020964527,0.0,-0.13090133666992188,-1072.34375,-47.124481201171875,-0.0457763746380806,-16.479494869709015,-328.72467518872617,1,1789162814.0753875,38.991414265,-76.93649691666667,-10.245000000000001,0,1,17.0569,6.943224999999999,72.69267599999999,1,1,1789162814.989497,-0.2852822524610805,-0.9523418582763817,-0.10493651106871345,0.02544307469914253,169.25424193765105,-6.21929024157836,147.23341086217877,-0.015496603895532451,0.27773616373203486,-0.487237458626875,11.135843524665832,-0.059624432983398444,-4.267756083889008
2026-09-11T17:40:15.035,15.270278656000016,-298.9164123535156,-26902.477111816406,-107609.90844726562,-204.7577424621582,-46.34394592285157,-5.7883687019348145,-3.9650325608253483,-8.869525234487616,-0.031295756933332176,0.0,-0.13091659545898438,-1072.46875,-47.129974365234375,0.0457763709127903,16.479493528604507,986.5361341411806,1,1789162814.0753875,38.991414265,-76.93649691666667,-10.245000000000001,0,1,17.0569,6.943224999999999,72.69267599999999,1,1,1789162815.029497,-0.27516857293616126,-0.9551202947157927,-0.1063178992610128,0.026906939384082867,169.080330556158,-6.310093883626435,148.46052671147166,0.0633125167477951,0.1468478144725981,-0.5124997032860914,-3.8642124297332763,3.9803231676483155,-11.737873778095246
2026-09-11T17:40:15.068,15.303679423999995,-299.10662841796875,-26919.596557617188,-107678.38623046875,-204.8880404663086,-46.47424392700196,-5.6851806640625,-3.8943487548828126,-8.711410063714228,2.1162329543614367,0.0,-0.12732696533203125,-1043.0625,-45.83770751953125,0.3967285454273224,142.82227635383606,3782.6310707979083,1,1789162814.0753875,38.991414265,-76.93649691666667,-10.245000000000001,0,1,17.0569,6.943224999999999,72.69267599999999,1,1,1789162815.061497,-0.2676754146876384,-0.9567912544894787,-0.10966529253639924,0.02956165281503605,168.7360013544622,-6.619663786136757,149.39413975821722,-0.08572778033115827,0.01054842093320333,-0.48338185177629434,3.9742430445480346,2.2340529733467105,-3.4597861770629885
2026-09-11T17:40:15.101,15.337084416000039,-299.297119140625,-26936.74072265625,-107746.962890625,-205.01852661132813,-46.60473007202149,-5.713408470153809,-3.9136848020553594,-8.754663569379373,-0.578837054429511,0.0,-0.11629676818847656,-952.703125,-41.86683654785156,0.5187988877296448,186.76759958267212,1315.53161960878,1,1789162815.073096,38.99143264666667,-76.93650162,-10.243000000000002,0,1,17.0569,6.943224999999999,72.69267599999999,1,1,1789162815.089497,-0.2612218886894802,-0.9585681232387286,-0.1091332809693405,0.031626017216039234,168.81087645314602,-6.756345993130285,150.17523944429104,0.02335145819413293,0.20520429427643008,-0.4508836465712347,-0.7553081954574585,-0.316264467716217,-7.161404347114563
2026-09-11T17:40:15.135,15.37049241599999,-299.486572265625,-26953.79150390625,-107815.166015625,-205.14830200195314,-46.73450546264649,-5.714628219604492,-3.9145203304290774,-8.756532593121584,-0.025009829194182195,0.0,-0.10751533508300781,-880.765625,-38.70552062988281,0.061035215854644775,21.97267770767212,-4932.798188315322,1,1789162815.073096,38.99143264666667,-76.93650162,-10.243000000000002,0,1,17.0569,6.943224999999999,72.69267599999999,1,1,1789162815.129497,-0.25238066692751154,-0.9606267424001222,-0.11139146020102542,0.033048499833382795,168.53559147278708,-6.8759806333419995,151.2503106611442,-0.07939624940369845,-0.11117293549598362,-0.43049366305188574,-1.4988484107208253,-1.3253687693595886,-4.611381105556488
2026-09-11T17:40:15.168,15.40391129599999,-299.6781311035156,-26971.031799316406,-107884.12719726562,-205.27951980590822,-46.86572326660156,-5.716219425201416,-3.91561030626297,-8.758970799621881,-0.03261557041686382,0.0,-0.10782814025878906,-883.328125,-38.81813049316406,0.030517593026161194,10.98633348941803,-328.74663119333536,1,1789162815.073096,38.99143264666667,-76.93650162,-10.243000000000002,0,1,17.0569,6.943224999999999,72.69267599999999,1,1,1789162815.161497,-0.24506697957760862,-0.9625606184256734,-0.11091398236218578,0.03342633532491701,168.5482033554768,-6.817800663954219,152.11646432238416,-0.011063467595466855,0.0259471118576989,-0.4485956944547953,-0.027164420948028564,0.44983104291915893,-7.862481767177582
2026-09-11T17:40:15.203,15.437331872000016,-299.8683776855469,-26988.15399169922,-107952.61596679688,-205.40983871459963,-46.99604217529297,-5.664895534515381,-3.880453441143036,-8.680327132120238,1.0519526988375918,0.0,-0.10839462280273438,-887.96875,-39.022064208984375,-0.0762939527630806,-27.465822994709015,-1150.5533741877232,1,1789162815.073096,38.99143264666667,-76.93650162,-10.243000000000002,0,1,17.0569,6.943224999999999,72.69267599999999,1,1,1789162815.201497,-0.2364972635485365,-0.964680630122842,-0.11077065461453968,0.03449910543936876,168.53259989170022,-6.831805219245543,153.1373021490238,0.14694136412050499,0.059221988579895996,-0.4477533985577829,0.9250613097572327,1.6889012908554077,-15.314064892578125
2026-09-11T17:40:15.235,15.470733824000035,-300.0555725097656,-27005.001525878906,-108020.00610351562,-205.53806716918947,-47.124270629882815,-5.664180278778076,-3.8799634909629823,-8.679231144781179,0.014668309805768887,0.0,-0.10831642150878906,-887.328125,-38.99391174316406,-0.030517585575580597,-10.986330807209015,493.36913565681044,1,1789162815.073096,38.99143264666667,-76.93650162,-10.243000000000002,0,1,17.0569,6.943224999999999,72.69267599999999,1,1,1789162815.229497,-0.23050359163883885,-0.9662423161505785,-0.10970123062914396,0.03477816441407368,168.61875165849037,-6.764073694423793,153.8397680137688,0.04788118816628724,-0.15215570979376325,-0.46251050644924535,-1.7689235561752321,1.4721743222808839,-5.038068454093933
2026-09-11T17:40:15.268,15.50413260800002,-300.2453918457031,-27022.08526611328,-108088.34106445312,-205.66809341430667,-47.254296875,-5.691390037536621,-3.8986021757125857,-8.720924695133727,-0.5580647711489072,0.0,-0.10838508605957031,-887.890625,-39.01863098144531,-0.0610351599752903,-21.972657591104507,-328.94391555993286,1,1789162815.073096,38.99143264666667,-76.93650162,-10.243000000000002,0,1,17.0569,6.943224999999999,72.69267599999999,1,1,1789162815.261497,-0.22319595820194696,-0.9679753845163369,-0.10941770309573165,0.035142359938099665,168.60957234452366,-6.71190268697336,154.70146289613498,0.1068323016462737,0.06369142772840307,-0.44576913373119054,2.2570986012268066,-2.7345843976020814,-8.84579457889557
2026-09-11T17:40:15.303,15.537538111999993,-300.4392395019531,-27039.53155517578,-108158.12622070312,-205.8008790588379,-47.387082519531255,-5.7446489334106445,-3.935084519386292,-8.802533373716642,-1.0921057701669838,0.0,-0.10951042175292969,-897.109375,-39.42375183105469,-0.0610351637005806,-21.972658932209015,-4.014621385288457e-05,1,1789162815.073096,38.99143264666667,-76.93650162,-10.243000000000002,0,1,17.0569,6.943224999999999,72.69267599999999,1,1,1789162815.301497,-0.21397616298592503,-0.9700453180911822,-0.1083694746536663,0.03850116214461681,168.7432453598948,-6.954015919868856,155.8075330769031,0.14136974954936352,0.18346883643671874,-0.4411869463130046,2.0571410044288636,-1.446088632850647,-12.561436258678436
2026-09-11T17:40:15.336,15.570947967999984,-300.6307067871094,-27056.763610839844,-108227.05444335938,-205.93203414916994,-47.518237609863284,-5.745401859283447,-3.9356002736091615,-8.803687083055559,-0.01543718784270323,0.0,-0.10988426208496094,-900.171875,-39.55833435058594,-0.0610351637005806,-21.972658932209015,0.0,1,1789162815.073096,38.99143264666667,-76.93650162,-10.243000000000002,0,1,17.0569,6.943224999999999,72.69267599999999,1,1,1789162815.329497,-0.2071984853792481,-0.9716559097780035,-0.10746830923895578,0.03747189826184103,168.7750629043387,-6.7394260593350275,156.58783312212512,-0.09188181127369027,-0.05700995828591838,-0.491119594482086,-0.6993122230339051,-1.4302999260902405,-5.498392612686157
2026-09-11T17:40:15.369,15.604362272000003,-300.82208251953125,-27073.987426757812,-108295.94970703125,-206.0631265258789,-47.64932998657227,-5.746589183807373,-3.936413590908051,-8.8055064220384,-0.024340393230662123,0.0,-0.109954833984375,-900.75,-39.583740234375,0.0,0.0,657.5824213545438,1,1789162815.073096,38.99143264666667,-76.93650162,-10.243000000000002,0,1,17.0569,6.943224999999999,72.69267599999999,1,1,1789162815.361497,-0.19954316088279425,-0.9731724789894416,-0.10740130725028864,0.039784573434650146,168.78007174324645,-6.909237627377214,157.5043962788645,-0.07840001546666009,0.03554153582176212,-0.4838441894951476,-4.238728399410248,2.1130389103507996,2.0196796008110045
2026-09-11T17:40:15.403,15.637769152000033,-301.0174255371094,-27091.568298339844,-108366.27319335938,-206.19693649291995,-47.783139953613286,-5.799906253814697,-3.972935783863068,-8.887204240924891,-1.0932536338318544,0.0,-0.10941696166992188,-896.34375,-39.390106201171875,-0.015258791856467724,-5.493165068328381,-164.43214895624854,1,1789162815.073096,38.99143264666667,-76.93650162,-10.243000000000002,0,1,17.0569,6.943224999999999,72.69267599999999,1,1,1789162815.401497,-0.19038289231031852,-0.9745919460322935,-0.11038672076749559,0.04170929060465735,168.41534020529116,-7.08435814953188,158.61291166438687,0.018001849503845115,-0.0342262556974592,-0.46700961619503634,3.860878168678284,0.18112882848739625,-4.32149652677536
2026-09-11T17:40:15.436,15.67120243200003,-301.2131042480469,-27109.17938232422,-108436.71752929688,-206.33097640991213,-47.91717987060547,-5.905252456665039,-4.045097932815552,-9.04862637082934,-2.1583927437717936,0.0,-0.10905838012695312,-893.40625,-39.261016845703125,0.0610351637005806,21.972658932209015,821.511499934791,1,1789162815.073096,38.99143264666667,-76.93650162,-10.243000000000002,0,1,17.0569,6.943224999999999,72.69267599999999,1,1,1789162815.429497,-0.18419932665978683,-0.9756286179100624,-0.11092424972198144,0.0437632128230759,168.34983957231654,-7.253388115109389,159.35770047980725,0.03766629965314002,0.008180358204097423,-0.46187607926614543,0.3552949353599548,0.6657734794807435,-11.7899470904541
2026-09-11T17:40:15.469,15.704603168000006,-301.4131164550781,-27127.18048095703,-108508.72192382812,-206.46798477172854,-48.05418823242188,-5.98458194732666,-4.099438633918763,-9.170183057262792,-1.6269312479596258,0.0,-0.1088714599609375,-891.875,-39.1937255859375,0.1068115308880806,38.452151119709015,493.38709744335773,1,1789162815.073096,38.99143264666667,-76.93650162,-10.243000000000002,0,1,17.0569,6.943224999999999,72.69267599999999,1,1,1789162815.461497,-0.17690598799514878,-0.9767036524877968,-0.11261117332663803,0.045529883268630104,168.13664426084932,-7.399190646002953,160.23697154010623,-0.016399113651738722,-0.027645317219889384,-0.438547833951064,7.4811992088890085,1.6776236431694032,-9.813612883358001
2026-09-11T17:40:15.503,15.738018304000036,-301.6190185546875,-27145.711669921875,-108582.8466796875,-206.60902770996094,-48.1952311706543,-6.115939617156982,-4.189418637752533,-9.371462593397746,-2.6927917885382278,0.0,-0.10834503173828125,-887.5625,-39.00421142578125,0.1373291164636612,49.43848192691803,328.78306427359666,1,1789162815.073096,38.99143264666667,-76.93650162,-10.243000000000002,0,1,17.0569,6.943224999999999,72.69267599999999,1,1,1789162815.501497,-0.16678796490663142,-0.9788372729383947,-0.11059168987216478,0.0427650090617316,168.24516492547244,-6.927348849023535,161.37400831877613,0.2770769528735566,0.1109893268586738,-0.4955160788678597,-4.484188852958679,0.09120184650421141,-13.680276975631713
2026-09-11T17:40:15.536,15.771434080000006,-301.823974609375,-27164.15771484375,-108656.630859375,-206.74942260742188,-48.33562606811524,-6.11568021774292,-4.1892409491539,-9.37106511532278,0.005317506277072759,0.0,-0.108612060546875,-889.75,-39.100341796875,0.015258789993822575,5.493164397776127,-1315.1068982860552,1,1789162815.073096,38.99143264666667,-76.93650162,-10.243000000000002,0,1,17.0569,6.943224999999999,72.69267599999999,1,1,1789162815.529497,-0.16034260911844953,-0.9799372798402385,-0.1107662781656443,0.04176130866882992,168.1638613629242,-6.7402285856999145,162.11409017016607,-0.00043301618741979316,-0.08844892316794264,-0.48314064727366873,4.627365945320129,-0.41903816141128536,-5.633920517921448
2026-09-11T17:40:15.569,15.804838560000007,-302.0290832519531,-27182.61749267578,-108730.46997070312,-206.88992202758791,-48.476125488281255,-6.168690204620361,-4.225552790164948,-9.452292390311703,-1.0870350626935743,0.0,-0.10829353332519531,-887.140625,-38.98567199707031,0.0457763709127903,16.479493528604507,328.88789560046683,1,1789162815.073096,38.99143264666667,-76.93650162,-10.243000000000002,0,1,17.0569,6.943224999999999,72.69267599999999,1,1,1789162815.561497,-0.152268347714575,-0.9813096340919312,-0.11083383261470044,0.03951726041326732,168.0665672026023,-6.390854464246012,163.0283167991811,-0.02616911773855258,-0.10267178577536962,-0.49063421841710636,-2.609549608039856,3.4136949213027954,-6.948403905601501
2026-09-11T17:40:15.603,15.83824592000002,-302.23870849609375,-27201.483764648438,-108805.93505859375,-207.03351531982423,-48.61971878051758,-6.1962761878967285,-4.244449188709259,-9.494562430004596,-0.5656357923614467,0.0,-0.10654830932617188,-872.84375,-38.357391357421875,0.1220703199505806,43.945315182209015,822.1488215050302,1,1789162815.073096,38.99143264666667,-76.93650162,-10.243000000000002,0,1,17.0569,6.943224999999999,72.69267599999999,1,1,1789162815.601497,-0.14307871392737292,-0.9825882534615312,-0.11188428116369063,0.0391243326945128,167.88203169255127,-6.252067072740141,164.09458751427883,0.018752515615127877,0.08817508100830472,-0.4311975543392151,5.6353915154457095,-1.0050835750770568,-10.031026317443848
2026-09-11T17:40:15.636,15.871651744000019,-302.44561767578125,-27220.105590820312,-108880.42236328125,-207.17524810791016,-48.76145156860352,-6.223221302032471,-4.262906591892243,-9.535850465041692,-0.5525205180684706,0.0,-0.10612106323242188,-869.34375,-38.203582763671875,0.015258789993822575,5.493164397776127,-1151.0612875298034,1,1789162815.073096,38.99143264666667,-76.93650162,-10.243000000000002,0,1,17.0569,6.943224999999999,72.69267599999999,1,1,1789162815.629497,-0.1370476697832377,-0.9834281197446119,-0.11139442946271026,0.04096767734738155,167.9266995944843,-6.379319166512324,164.80835212777825,0.20767917115575804,-0.040889224649872755,-0.42738366085775703,-1.1999417137908934,-3.0197617843055724,-0.2923362413215637
2026-09-11T17:40:15.669,15.905059136000034,-302.6484375,-27238.359375,-108953.4375,-207.31417968750003,-48.90038314819336,-6.094027042388916,-4.174408524036408,-9.337885925278282,2.6490564679755666,0.0,-0.10445022583007812,-855.65625,-37.602081298828125,0.01525880303233862,5.493169091641903,0.0001405038075423515,1,1789162815.073096,38.99143264666667,-76.93650162,-10.243000000000002,0,1,17.0569,6.943224999999999,72.69267599999999,1,1,1789162815.661497,-0.12991494602511253,-0.9843258920903784,-0.11203957043814225,0.040887401675938094,167.8063985436568,-6.292504887306215,165.63548637993097,-0.008887740149930724,-0.09206541991100009,-0.481333707899079,-7.839141939792634,-1.845513493938446,3.6211055722236636
2026-09-11T17:40:15.704,15.938476767999987,-302.8500671386719,-27256.50604248047,-109026.02416992188,-207.45229598999026,-49.038499450683595,-5.939716339111328,-4.06870569229126,-9.101435424774643,3.163085635310621,0.0,-0.09955024719238281,-815.515625,-35.83808898925781,0.09155276417732239,32.95899510383606,821.8962376578003,1,1789162815.073096,38.99143264666667,-76.93650162,-10.243000000000002,0,1,17.0569,6.943224999999999,72.69267599999999,1,1,1789162815.697497,-0.12304254677436577,-0.9848987321537634,-0.11384141788876927,0.043303009806040675,167.58606411216175,-6.506321502299623,166.46632862440848,-0.08857214341313344,0.12601381919154178,-0.3366267142869771,9.205502506828308,0.7576617914962768,-11.084260544815063
2026-09-11T17:40:15.736,15.971884128,-303.0443115234375,-27273.988037109375,-109095.9521484375,-207.5853533935547,-49.17155685424805,-5.8630547523498535,-4.01619250535965,-8.983966771115886,1.5719047219412268,0.0,-0.09329986572265625,-764.3125,-33.58795166015625,0.2441406548023224,87.89063572883606,1644.2975627220935,1,1789162815.073096,38.99143264666667,-76.93650162,-10.243000000000002,0,1,17.0569,6.943224999999999,72.69267599999999,1,1,1789162815.729497,-0.11725139578261894,-0.9856454780542055,-0.11329639314741087,0.04380672411983835,167.6173838002821,-6.483905879081463,167.13618969762712,-0.07716100623066931,0.08128993164211229,-0.34284218081917933,-1.6475172271728518,0.5118090719413757,-10.841840152816774
2026-09-11T17:40:15.769,16.005288096000015,-303.235107421875,-27291.15966796875,-109164.638671875,-207.7160485839844,-49.302252044677736,-5.760847568511963,-3.946180584430695,-8.827354564313463,2.0959162973968195,0.0,-0.08747100830078125,-716.5625,-31.48956298828125,0.07629397511482239,27.46583104133606,-1808.9109858885947,1,1789162815.073096,38.99143264666667,-76.93650162,-10.243000000000002,0,1,17.0569,6.943224999999999,72.69267599999999,1,1,1789162815.761497,-0.11245533419196065,-0.9861248995319268,-0.11319352595325911,0.045811636264058646,167.62055632752842,-6.650371144196557,167.71051627036252,-0.10471574086238018,0.024962920692499297,-0.3327189220917618,3.304546905002594,-2.627691910839081,-1.041466247177124
2026-09-11T17:40:15.805,16.038703456000007,-303.42681884765625,-27308.413696289062,-109233.65478515625,-207.84737091064454,-49.4335743713379,-5.658227920532227,-3.8758861255645756,-8.670110338145516,2.103657086625305,0.0,-0.08179473876953125,-670.0625,-29.44610595703125,0.1678467094898224,60.42481541633606,986.3423400199089,1,1789162815.073096,38.99143264666667,-76.93650162,-10.243000000000002,0,1,17.0569,6.943224999999999,72.69267599999999,1,1,1789162815.801497,-0.10661636759238662,-0.9871190870520755,-0.11102150153802773,0.04362435483905144,167.80981096421087,-6.303687722982926,168.34482984811106,0.19165530329319813,-0.01185602160879748,-0.3006244115426885,-0.023634026889801023,-0.9180005216407776,-15.775565849189759
2026-09-11T17:40:15.837,16.07211920000003,-303.609619140625,-27324.86572265625,-109299.462890625,-207.97258911132815,-49.55879257202149,-5.554880619049072,-3.8050932240486146,-8.51175112752463,2.118549313638209,0.0,-0.0795440673828125,-651.625,-28.6358642578125,0.015258817933499813,5.493174456059933,-1643.8850189969335,1,1789162815.073096,38.99143264666667,-76.93650162,-10.243000000000002,0,1,17.0569,6.943224999999999,72.69267599999999,1,1,1789162815.829497,-0.10342010911488493,-0.9875312639434479,-0.10970611486949523,0.04528633486121858,167.958202167717,-6.438402478002904,168.7226663650861,-0.002700198885760427,-0.11791200080378411,-0.21669763646666318,0.44679098136901857,1.0795160498046874,-11.343450308589935
2026-09-11T17:40:15.870,16.10553001599999,-303.7950134277344,-27341.551208496094,-109366.20483398438,-208.09958419799807,-49.68578765869141,-5.528587818145752,-3.7870826554298405,-8.471462632940758,0.5390640150422292,0.0,-0.07891082763671875,-646.4375,-28.40789794921875,0.03051757998764515,10.986328795552254,164.41245671758924,1,1789162815.073096,38.99143264666667,-76.93650162,-10.243000000000002,0,1,17.0569,6.943224999999999,72.69267599999999,1,1,1789162815.861497,-0.09906425337504851,-0.9880355379261128,-0.10915665027751853,0.0453527860058506,167.9944305777255,-6.387226129457506,169.2212052378085,0.14877692689482744,0.011790920827698092,-0.24098616193619185,4.854978295574188,0.755210128955841,-9.837835309257507
2026-09-11T17:40:15.904,16.138936,-303.98150634765625,-27358.335571289062,-109433.34228515625,-208.22733184814456,-49.81353530883789,-5.502714157104492,-3.7693591976165775,-8.431816386937575,0.5305473957377368,0.0,-0.07923507690429688,-649.09375,-28.524627685546875,-0.0457763709127903,-16.479493528604507,-822.1827060728604,1,1789162815.073096,38.99143264666667,-76.93650162,-10.243000000000002,0,1,17.0569,6.943224999999999,72.69267599999999,1,1,1789162815.901497,-0.09419853225990309,-0.9883915849454677,-0.11003531325200662,0.04583602476872466,167.866664964522,-6.392463390273034,169.7918466268344,0.16526819393107145,0.06980426890058801,-0.2587452361410846,1.574457683467865,-1.3139930551719665,-13.477377383785248
2026-09-11T17:40:15.937,16.172354528000028,-304.16534423828125,-27374.880981445312,-109499.52392578125,-208.35326080322267,-49.93946426391602,-5.529224872589111,-3.7875190377235417,-8.472438792330747,-0.543406343539416,0.0,-0.07937049865722656,-650.203125,-28.573379516601562,-0.1678466945886612,-60.42481005191803,-1314.9985697538216,1,1789162815.073096,38.99143264666667,-76.93650162,-10.243000000000002,0,1,17.0569,6.943224999999999,72.69267599999999,1,1,1789162815.929497,-0.09050223766720407,-0.9886837541070823,-0.11134604707146104,0.043770276941268615,167.6743264770832,-6.125353429765314,170.20168730911092,-0.1286855692104947,-0.13380287457734208,-0.2985912774970403,2.666330112476349,-3.0273129049301146,-1.0282272694587706
2026-09-11T17:40:15.970,16.205763967999985,-304.34906005859375,-27391.415405273438,-109565.66162109375,-208.47910614013674,-50.06530960083008,-5.503859996795654,-3.7701440978050234,-8.43357215865475,0.5200607947496465,0.0,-0.08170127868652344,-669.296875,-29.412460327148438,-0.01525880303233862,-5.493169091641903,1644.1952023244498,1,1789162815.073096,38.99143264666667,-76.93650162,-10.243000000000002,0,1,17.0569,6.943224999999999,72.69267599999999,1,1,1789162815.961497,-0.08608108881810811,-0.9890318411301432,-0.11148277095554966,0.04447083492223705,167.63746654009765,-6.151585090041203,170.71838659864903,-0.14265937333366213,0.006970670499540153,-0.28738224944195706,-5.728554691982269,0.20564545389175415,-9.401831643066407
2026-09-11T17:40:16.004,16.239177471999994,-304.533447265625,-27408.01025390625,-109632.041015625,-208.60541137695313,-50.19161483764649,-5.4788079261779785,-3.7529834294319158,-8.395184836775035,0.5135848180754364,0.0,-0.08646392822265625,-708.3125,-31.12701416015625,-0.1068115383386612,-38.45215380191803,-986.3971378238887,1,1789162815.073096,38.99143264666667,-76.93650162,-10.243000000000002,0,1,17.0569,6.943224999999999,72.69267599999999,1,1,1789162816.001497,-0.08013762405132706,-0.9895685623997553,-0.11071772766732262,0.04553686749957916,167.69765505506507,-6.192488217845563,171.40833221161907,0.0366267815506522,0.06439933327301198,-0.2875684760731449,4.065444891052246,-2.8605017856788635,-7.063141712493897
2026-09-11T17:40:16.037,16.272580160000018,-304.71759033203125,-27424.583129882812,-109698.33251953125,-208.7315493774414,-50.31775283813477,-5.506293296813965,-3.7718109083175664,-8.437300707582235,-0.5636516104822826,0.0,-0.09328269958496094,-764.171875,-33.58177185058594,-0.10681155323982239,-38.45215916633606,-0.000160598393452088,1,1789162815.073096,38.99143264666667,-76.93650162,-10.243000000000002,0,1,17.0569,6.943224999999999,72.69267599999999,1,1,1789162816.029497,-0.07562775395069464,-0.9898912629560016,-0.11115098303714302,0.04517952330007482,167.61761067866232,-6.099640312712829,171.9244750070679,-0.04991344954730944,0.008894023335237904,-0.3256346306579168,-3.1520534949874874,-0.5582925937080383,-13.849735890426636
2026-09-11T17:40:16.070,16.305980672000032,-304.9028015136719,-27441.25213623047,-109765.00854492188,-208.85841903686526,-50.4446224975586,-5.507772445678711,-3.7728241252899175,-8.439567209399412,-0.03033537247425114,0.0,-0.09890937805175781,-810.265625,-35.60737609863281,-0.04577639698982239,-16.47950291633606,657.8538751139689,1,1789162815.073096,38.99143264666667,-76.93650162,-10.243000000000002,0,1,17.0569,6.943224999999999,72.69267599999999,1,1,1789162816.061497,-0.06980133789791076,-0.990286900327696,-0.11144952147612541,0.04515121736751212,167.5479600566132,-6.026242981311191,172.5942670281829,-0.05079868054392096,0.0110800482233608,-0.33893177063008606,-4.825460278587341,0.6972528264999389,-15.032810165939331
2026-09-11T17:40:16.104,16.339386400000024,-305.0878601074219,-27457.90740966797,-109831.62963867188,-208.985184173584,-50.57138763427735,-5.509727954864502,-3.774163649082184,-8.442563638784405,-0.04009862596818748,0.0,-0.10059165954589844,-824.046875,-36.21299743652344,0.0762939527630806,27.465822994709015,1315.502715913175,1,1789162816.093378,38.99144791166667,-76.93651545666667,-10.324000000000002,0,1,17.0569,6.943224999999999,72.69267599999999,1,1,1789162816.101497,-0.062269611737428565,-0.9909325587711802,-0.11126267621191743,0.042376600895225235,167.51008811102864,-5.614874957921885,173.42350541657814,0.0024720843525247683,-0.20701175724979545,-0.37662372662323035,-4.014646443214417,-0.07551120624542236,0.5220079881095886
2026-09-11T17:40:16.137,16.372803616,-305.2685241699219,-27474.16717529297,-109896.66870117188,-209.1089390563965,-50.69514251708985,-5.459343433380127,-3.7396502518653874,-8.365359367988061,1.0328028886913363,0.0,-0.10227394104003906,-837.828125,-36.81861877441406,-0.0915527418255806,-32.958987057209015,-1808.1940174777799,1,1789162816.093378,38.99144791166667,-76.93651545666667,-10.324000000000002,0,1,17.0569,6.943224999999999,72.69267599999999,1,1,1789162816.129497,-0.0561095981508681,-0.9910294059152802,-0.11287311280669556,0.044408220093604255,167.29948660315483,-5.778688237967047,174.16267564459199,0.004880464187351744,0.053845850884977856,-0.380750557639571,-1.8464941589546204,2.5506116405677792,-14.82971444108963
2026-09-11T17:40:16.171,16.406226816000014,-305.4497985839844,-27490.481872558594,-109961.92749023438,-209.2331120300293,-50.81931549072266,-5.433916091918945,-3.722232522964478,-8.326397018084453,0.5211269088806958,0.0,-0.10189247131347656,-834.703125,-36.68128967285156,0.0610351637005806,21.972658932209015,1643.5184539299746,1,1789162816.093378,38.99144791166667,-76.93651545666667,-10.324000000000002,0,1,17.0569,6.943224999999999,72.69267599999999,1,1,1789162816.161497,-0.04973177610393921,-0.991437602806332,-0.11173710755037025,0.04574985227799861,167.39994067618062,-5.844560776587915,174.9025566447886,-0.056740828515260855,0.0006450736915371042,-0.4055091002766617,-2.2768099680519103,-0.982136013698578,-10.344937189121246
2026-09-11T17:40:16.205,16.439634304000037,-305.6325988769531,-27506.93389892578,-110027.73559570312,-209.3583302307129,-50.94453369140626,-5.433969020843506,-3.722268779277802,-8.326478121147543,-0.0010852750534257672,0.0,-0.10232353210449219,-838.234375,-36.83647155761719,-0.3204346001148224,-115.35645604133606,-4110.7285580241905,1,1789162816.093378,38.99144791166667,-76.93651545666667,-10.324000000000002,0,1,17.0569,6.943224999999999,72.69267599999999,1,1,1789162816.201497,-0.04175606718572389,-0.9916540425694444,-0.11212844925760457,0.04801980399735844,167.315657621002,-6.004245305175702,175.84563745135657,-0.005157447939643243,0.11941787088240481,-0.37490981329777195,3.778011974811554,0.1788732989501953,-12.882898250980377
2026-09-11T17:40:16.237,16.47303660800003,-305.8121337890625,-27523.092041015625,-110092.3681640625,-209.48131164550782,-51.06751510620118,-5.46092414855957,-3.740733041763306,-8.367781500007386,-0.5527840979325329,0.0,-0.10305213928222656,-844.203125,-37.09877014160156,-0.1068115383386612,-38.45215380191803,2302.3651973060437,1,1789162816.093378,38.99144791166667,-76.93651545666667,-10.324000000000002,0,1,17.0569,6.943224999999999,72.69267599999999,1,1,1789162816.229497,-0.0361023375015489,-0.991673356795916,-0.11256423709688124,0.051086859120925615,167.23855438262868,-6.28364710046895,176.5334612771748,-0.08702613076171686,0.10941451627459932,-0.4105263982773698,1.7060629286384583,3.161369812641144,-10.838702024765015
2026-09-11T17:40:16.271,16.50643683200002,-305.9953308105469,-27539.57977294922,-110158.31909179688,-209.60680160522463,-51.19300506591797,-5.514086723327637,-3.7771494054794315,-8.44924258562864,-1.0903029786906848,0.0,-0.10295295715332031,-843.390625,-37.06306457519531,-0.015258795581758022,-5.493166409432888,986.7894117265377,1,1789162816.093378,38.99144791166667,-76.93651545666667,-10.324000000000002,0,1,17.0569,6.943224999999999,72.69267599999999,1,1,1789162816.261497,-0.02943298678907835,-0.9915578550478469,-0.11421661131346496,0.05386357843344697,167.00960783578975,-6.519489732508808,177.34255059944186,0.018031869166979415,0.045867601808261375,-0.40393376609381165,0.4431625208091736,2.7913649020385742,-4.89999081981659
2026-09-11T17:40:16.305,16.539858879999997,-306.18316650390625,-27556.484985351562,-110225.93994140625,-209.7354690551758,-51.321672515869146,-5.540554523468018,-3.7952798485755923,-8.48979923178147,-0.542469542745353,0.0,-0.10250091552734375,-839.6875,-36.90032958984375,0.0305175818502903,10.986329466104507,493.072593144162,1,1789162816.093378,38.99144791166667,-76.93651545666667,-10.324000000000002,0,1,17.0569,6.943224999999999,72.69267599999999,1,1,1789162816.301497,-0.021145014261435054,-0.9919769692958778,-0.11192082339629092,0.05484806330897625,167.22302587232068,-6.51995024171057,178.2885142445486,0.06700860050474348,0.02995421328735268,-0.3973603325320254,-5.387871665363312,-0.8811275170326233,-8.635736132431031
2026-09-11T17:40:16.338,16.57327542400003,-306.36920166015625,-27573.228149414062,-110292.91259765625,-209.86290313720704,-51.449106597900396,-5.6194748878479,-3.8493402981758122,-8.610729013456979,-1.6177750039072256,0.0,-0.1028289794921875,-842.375,-37.0184326171875,-0.1525879055261612,-54.93164598941803,-1972.6149854232904,1,1789162816.093378,38.99144791166667,-76.93651545666667,-10.324000000000002,0,1,17.0569,6.943224999999999,72.69267599999999,1,1,1789162816.329497,-0.015496041499637288,-0.9919730266422914,-0.11185959527290028,0.056893040500192615,167.19313202155675,-6.680890520048651,178.96068842548573,0.10439477481293842,0.02032435913947397,-0.383322649358235,-3.345734835681915,2.3227050908088684,-6.9403624524688725
2026-09-11T17:40:16.371,16.606692960000032,-306.5586853027344,-27590.281677246094,-110361.12670898438,-209.99269943237306,-51.57890289306641,-5.672463417053223,-3.885637440681458,-8.691923408825728,-1.0861705215382682,0.0,-0.10308265686035156,-844.453125,-37.10975646972656,-0.015258795581758022,-5.493166409432888,1479.417261044697,1,1789162816.093378,38.99144791166667,-76.93651545666667,-10.324000000000002,0,1,17.0569,6.943224999999999,72.69267599999999,1,1,1789162816.361497,-0.00854288147693224,-0.9921229884497945,-0.11039267379354907,0.0585871362863105,167.31546433414914,-6.784620683475176,179.76827699955479,0.0789796393112474,0.009227032156518421,-0.4192704978298614,1.5965226463317872,0.2755668695449829,-15.116755091323853
2026-09-11T17:40:16.405,16.640100959999984,-306.7514953613281,-27607.63458251953,-110430.53833007812,-210.12477432250978,-51.71097778320313,-5.752099514007568,-3.940188167095185,-8.813949908498525,-1.632864176658456,0.0,-0.10305023193359375,-844.1875,-37.09808349609375,-0.0915527418255806,-32.958987057209015,-822.1330414216906,1,1789162816.093378,38.99144791166667,-76.93651545666667,-10.324000000000002,0,1,17.0569,6.943224999999999,72.69267599999999,1,1,1789162816.401497,0.0008105163576650315,-0.9921419674444246,-0.10977738852566811,0.06002153336282761,167.32125184146307,-6.829881362816186,-179.14672039025646,0.034470950858588804,0.11075458007428056,-0.411946921755568,-3.258651782245636,0.24114552747726442,-10.964227146835327
2026-09-11T17:40:16.438,16.673504831999992,-306.9437255859375,-27624.935302734375,-110499.7412109375,-210.2564520263672,-51.842655487060554,-5.85739278793335,-4.0123140597343445,-8.97529093533988,-2.1592075505241524,0.0,-0.10604286193847656,-868.703125,-38.17543029785156,-0.1220703274011612,-43.94531786441803,-328.8939320329801,1,1789162816.093378,38.99144791166667,-76.93651545666667,-10.324000000000002,0,1,17.0569,6.943224999999999,72.69267599999999,1,1,1789162816.429497,0.007417514188160347,-0.9920209201898038,-0.1101837150080875,0.060819596644994534,167.22733605548595,-6.836357915778631,-178.3771280444063,0.09628126271919239,0.023136084564436832,-0.44728530125239796,-3.40320180562973,2.8400058868408204,-3.5148014844703677
2026-09-11T17:40:16.471,16.70690825600002,-307.1417236328125,-27642.755126953125,-110571.0205078125,-210.39208068847657,-51.97828414916992,-5.93601131439209,-4.066167750358582,-9.095758210358307,-1.6122206700783788,0.0,-0.10769462585449219,-882.234375,-38.77006530761719,-0.015258789993822575,-5.493164397776127,1151.1440703387136,1,1789162816.093378,38.99144791166667,-76.93651545666667,-10.324000000000002,0,1,17.0569,6.943224999999999,72.69267599999999,1,1,1789162816.461497,0.015012120011084228,-0.9917697113453136,-0.11040578882337232,0.0630716870322589,167.14146811519535,-6.995438761540684,-177.47634373312437,-0.18812851647369316,-0.12131225125251947,-0.5384120830916755,10.013374347152709,-0.6794047232055663,3.9132456805419924
2026-09-11T17:40:16.505,16.74031532800001,-307.34326171875,-27660.8935546875,-110643.57421875,-210.53013427734376,-52.11633773803711,-5.988813877105713,-4.102337505817414,-9.176667649018901,-1.0826975635232217,0.0,-0.1080780029296875,-885.375,-38.9080810546875,-0.1831054836511612,-65.91797411441803,-1808.7430624468532,1,1789162816.093378,38.99144791166667,-76.93651545666667,-10.324000000000002,0,1,17.0569,6.943224999999999,72.69267599999999,1,1,1789162816.501497,0.02465555063275073,-0.9915023102339557,-0.11128028266499634,0.06270543288841082,166.97601671899332,-6.826188135281135,-176.37095061659224,0.016831955306233316,-0.09617689202992313,-0.4746812109221774,-0.6861713118171693,4.178515567417145,-0.09120184650421141
2026-09-11T17:40:16.538,16.773738336000008,-307.54766845703125,-27679.290161132812,-110717.16064453125,-210.67015289306642,-52.25635635375977,-6.119073867797852,-4.191565599441529,-9.376265209917511,-2.669660780505323,0.0,-0.10715103149414062,-877.78125,-38.574371337890625,-0.0457763709127903,-16.479493528604507,1479.1750816028853,1,1789162816.093378,38.99144791166667,-76.93651545666667,-10.324000000000002,0,1,17.0569,6.943224999999999,72.69267599999999,1,1,1789162816.529497,0.031125636801497946,-0.9911785887560746,-0.11179709336305456,0.06401257564564954,166.86495509817388,-6.888424979017946,-175.6086979976608,0.060277214645651764,-0.12390860304778624,-0.4505949691129548,2.9691594694709775,1.682821167755127,-9.69720794593811
2026-09-11T17:40:16.571,16.807151455999986,-307.75604248046875,-27698.043823242188,-110792.17529296875,-210.81288909912112,-52.399092559814456,-6.224503993988037,-4.263785235881806,-9.537815935669741,-2.161415528999559,0.0,-0.10611724853515625,-869.3125,-38.20220947265625,0.0762939602136612,27.46582567691803,1315.2114859537878,1,1789162816.093378,38.99144791166667,-76.93651545666667,-10.324000000000002,0,1,17.0569,6.943224999999999,72.69267599999999,1,1,1789162816.561497,0.0384690997021807,-0.9907727608325049,-0.11341031365689577,0.06346310358534561,166.6323199774156,-6.720694119473203,-174.764474788504,0.024445954168058576,-0.04083913370034052,-0.423581112016437,1.4629560711288452,1.0076333041191101,-10.475954035282134
2026-09-11T17:40:16.606,16.840558208000004,-307.97021484375,-27717.3193359375,-110869.27734375,-210.95959716796875,-52.545800628662114,-6.3035569190979,-4.317936489582062,-9.65894884033209,-1.6209673331973629,0.0,-0.10169792175292969,-833.109375,-36.61125183105469,0.1983642876148224,71.41114354133606,1315.4621516151308,1,1789162816.093378,38.99144791166667,-76.93651545666667,-10.324000000000002,0,1,17.0569,6.943224999999999,72.69267599999999,1,1,1789162816.601497,0.04715702341341627,-0.9905545319444037,-0.1134141522619639,0.060952148886565936,166.59440990271432,-6.318561427582749,-173.8054748537688,-0.01148967699880387,-0.1674992483138958,-0.4059956980721177,3.134597657699585,0.47120954027175904,-8.95837492275238
2026-09-11T17:40:16.638,16.873963040000035,-308.1827087402344,-27736.443786621094,-110945.77514648438,-211.10515548706056,-52.69135894775391,-6.460544586181641,-4.425473041534424,-9.899501256116721,-3.219191521521888,0.0,-0.09378433227539062,-768.28125,-33.762359619140625,0.2136230766773224,76.90430760383606,164.44219993367912,1,1789162816.093378,38.99144791166667,-76.93651545666667,-10.324000000000002,0,1,17.0569,6.943224999999999,72.69267599999999,1,1,1789162816.629497,0.053377471372828784,-0.9903745243316703,-0.11393943049069866,0.05767974760794201,166.5226699755551,-5.8592759860806485,-173.13700337254699,0.038016761766940486,-0.29560449554810236,-0.34369948654775895,3.133224726676941,-0.2640930888557434,-12.028444822387696
2026-09-11T17:40:16.672,16.90737017600003,-308.4017333984375,-27756.156005859375,-111024.6240234375,-211.2551873779297,-52.84139083862305,-6.487039566040039,-4.443622102737427,-9.940099549788435,-0.5432689950735727,0.0,-0.08340072631835938,-683.21875,-30.024261474609375,0.16784673929214478,60.42482614517212,-493.2922552435189,1,1789162816.093378,38.99144791166667,-76.93651545666667,-10.324000000000002,0,1,17.0569,6.943224999999999,72.69267599999999,1,1,1789162816.669497,0.06037548454552611,-0.9901404645502638,-0.11517631946255456,0.05206800131693216,166.39029410423126,-5.117678424780575,-172.41014089451215,-0.11083050189674233,-0.28991594391707726,-0.36871738511169605,-2.4778462963676455,1.1833684750175475,-6.7640388825607305
2026-09-11T17:40:16.705,16.94078771200003,-308.6210632324219,-27775.89569091797,-111103.58276367188,-211.405428314209,-52.991631774902345,-6.5663580894470215,-4.49795529127121,-10.061639431082689,-1.6258885315117235,0.0,-0.08017921447753906,-656.828125,-28.864517211914062,0.045776426792144775,16.47951364517212,-1315.0374851095455,1,1789162816.093378,38.99144791166667,-76.93651545666667,-10.324000000000002,0,1,17.0569,6.943224999999999,72.69267599999999,1,1,1789162816.701497,0.06502491053161479,-0.9900289594463825,-0.11403225465604178,0.05109858477422009,166.5081392181491,-4.953560891163527,-171.89814720195247,0.01371863698652583,-0.12771254815250788,-0.3347906279138791,8.096370373535157,1.8755218434333802,-12.301658095893861
2026-09-11T17:40:16.739,16.97420771200001,-308.8435974121094,-27795.923767089844,-111183.69506835938,-211.55786422729494,-53.14406768798828,-6.56805419921875,-4.499117126464844,-10.064238382392714,-0.03476466767309258,0.0,-0.08086967468261719,-662.484375,-29.113082885742188,-0.0457763746380806,-16.479494869709015,-986.2061195362834,1,1789162816.093378,38.99144791166667,-76.93651545666667,-10.324000000000002,0,1,17.0569,6.943224999999999,72.69267599999999,1,1,1789162816.729497,0.06956217444937851,-0.9897277710478328,-0.11413149536251738,0.05073504576600355,166.4782823035401,-4.850108224512691,-171.38393342173978,-0.07739627661383815,-0.013396100140757277,-0.31091033495639187,-0.32077552679061894,-1.2315191273117065,-8.953961930179597
2026-09-11T17:40:16.772,17.00760704000004,-309.05718994140625,-27815.147094726562,-111260.58837890625,-211.7041751098633,-53.29037857055665,-6.491583347320557,-4.446734592914582,-9.947061992024375,1.5683708830972685,0.0,-0.0878143310546875,-719.375,-31.6131591796875,-0.3204346001148224,-115.35645604133606,-2960.4476225251683,1,1789162816.093378,38.99144791166667,-76.93651545666667,-10.324000000000002,0,1,17.0569,6.943224999999999,72.69267599999999,1,1,1789162816.769497,0.07788788623063495,-0.9894670222825985,-0.11040615763649748,0.05195160584309724,166.85511689760108,-4.911114487924261,-170.43207334133646,-0.0012260937995260167,0.11495366772165372,-0.3992075890123362,1.790694319534302,-3.448802728881836,-13.684101569194793
2026-09-11T17:40:16.806,17.041011744000002,-309.27117919921875,-27834.406127929688,-111337.62451171875,-211.85075775146487,-53.43696121215821,-6.334394931793213,-4.339060528278351,-9.70620196912658,3.2233204232658212,0.0,-0.09514808654785156,-779.453125,-34.25331115722656,-0.030517607927322388,-10.98633885383606,3124.413770815481,1,1789162816.093378,38.99144791166667,-76.93651545666667,-10.324000000000002,0,1,17.0569,6.943224999999999,72.69267599999999,1,1,1789162816.801497,0.08426539071820532,-0.9891485359413918,-0.10838575419791308,0.05231678563385599,167.05289082969952,-4.889354862239172,-169.70635990630456,-0.08891126088679593,0.11352267226794358,-0.3559033522764789,4.1949907396888735,-1.417943546886444,-18.049237689189912
2026-09-11T17:40:16.839,17.074415904000034,-309.4739990234375,-27852.659912109375,-111410.6396484375,-211.9896893310547,-53.57589279174805,-6.204421043395996,-4.250028414726257,-9.507042803163593,2.665300176744709,0.0,-0.09472274780273438,-775.96875,-34.100189208984375,0.0610351599752903,21.972657591104507,986.6734096863718,1,1789162816.093378,38.99144791166667,-76.93651545666667,-10.324000000000002,0,1,17.0569,6.943224999999999,72.69267599999999,1,1,1789162816.829497,0.08998650111089444,-0.9886722732155588,-0.10808668496773949,0.052410250192905024,167.0587427892124,-4.828898469602319,-169.0508224712067,-0.022343530551106206,0.03795427897971909,-0.3896426611126317,-2.533940335292816,1.1354139557266234,-5.2468520360374455
2026-09-11T17:40:16.872,17.107815775999995,-309.6802062988281,-27871.21856689453,-111484.87426757812,-212.13094131469728,-53.71714477539063,-6.179045677185059,-4.2326462888717655,-9.468160095006624,0.5204249242186276,0.0,-0.09477043151855469,-776.359375,-34.11735534667969,-0.030517585575580597,-10.986330807209015,-986.7998415787853,1,1789162816.093378,38.99144791166667,-76.93651545666667,-10.324000000000002,0,1,17.0569,6.943224999999999,72.69267599999999,1,1,1789162816.869497,0.09760400397540282,-0.9876936029757326,-0.1082881836200566,0.05664339623516673,166.94416062371965,-5.206981006124879,-168.11645854256645,0.09820409195611454,0.21866462253366079,-0.3203269098696769,-2.040175499649048,-1.741661068725586,6.092283346481324
2026-09-11T17:40:16.906,17.141237856000032,-309.8858337402344,-27889.725036621094,-111558.90014648438,-212.27179611206057,-53.85799957275391,-6.076773166656494,-4.162589619159699,-9.311447788027234,2.096119383114083,0.0,-0.09142875671386719,-748.984375,-32.91435241699219,-0.1525879055261612,-54.93164598941803,-1314.8587754610369,1,1789162816.093378,38.99144791166667,-76.93651545666667,-10.324000000000002,0,1,17.0569,6.943224999999999,72.69267599999999,1,1,1789162816.901497,0.10372617265544508,-0.9868359707952481,-0.10919132516641117,0.05893133597039867,166.7771713295777,-5.374149387098835,-167.37601835928032,-0.19161079739727227,0.03126233756172243,-0.34781357666055995,-5.593909385261536,1.4948276841545105,-16.47497613872528
2026-09-11T17:40:16.939,17.174645983999994,-310.0792541503906,-27907.132873535156,-111628.53149414062,-212.40428909301758,-53.99049255371094,-5.92085075378418,-4.055782766342164,-9.072527662719576,3.1970319563447553,0.0,-0.09314155578613281,-763.015625,-33.53096008300781,0.0610351599752903,21.972657591104507,2301.9638688108876,1,1789162816.093378,38.99144791166667,-76.93651545666667,-10.324000000000002,0,1,17.0569,6.943224999999999,72.69267599999999,1,1,1789162816.929497,0.10827865956665525,-0.9862267750049494,-0.10996191277592103,0.05950510805339341,166.65621708012503,-5.368329901289341,-166.84066822484434,0.05376870733203971,-0.05707401186946657,-0.32255203013304445,0.8091467048454285,1.8033448982429505,3.2067746028900146
2026-09-11T17:40:16.972,17.208044863999987,-310.2752685546875,-27924.774169921875,-111699.0966796875,-212.53855895996097,-54.1247624206543,-5.869755268096924,-4.020782358646393,-8.994233980508206,1.0479515389671163,0.0,-0.09305000305175781,-762.265625,-33.49800109863281,0.0,0.0,-657.8860605837432,1,1789162816.093378,38.99144791166667,-76.93651545666667,-10.324000000000002,0,1,17.0569,6.943224999999999,72.69267599999999,1,1,1789162816.969497,0.11508129729962163,-0.9855157506697045,-0.11000899808728026,0.05842106241414853,166.63154429066083,-5.153815569587632,-166.07476911676633,-0.03408191696831927,0.03854036054253879,-0.2897417600577282,8.245431455993652,0.8571012241363526,-13.502874674205781
2026-09-11T17:40:17.006,17.241517439999996,-310.47149658203125,-27942.434692382812,-111769.73876953125,-212.67297515869143,-54.25917861938477,-5.818612098693848,-3.985749287605286,-8.915867232474234,1.0466201059965745,0.0,-0.09336090087890625,-764.8125,-33.60992431640625,-0.1220703274011612,-43.94531786441803,-1312.8752882481208,1,1789162816.093378,38.99144791166667,-76.93651545666667,-10.324000000000002,0,1,17.0569,6.943224999999999,72.69267599999999,1,1,1789162817.001497,0.12022056850409527,-0.9845987231024325,-0.11220961095246887,0.05934115421448318,166.33841137480826,-5.156395431927468,-165.45907903336675,-0.03329163188301624,-0.11095459480655913,-0.3183759808317976,0.17132217832565308,2.413318538303375,-9.668866726970673
2026-09-11T17:40:17.039,17.274937567999984,-310.6673889160156,-27960.065002441406,-111840.26000976562,-212.80716140747072,-54.39336486816406,-5.793783187866211,-3.9687414836883548,-8.877821858644305,0.5089089998978138,0.0,-0.09390640258789062,-769.28125,-33.806304931640625,-0.015258791856467724,-5.493165068328381,1150.568687112823,1,1789162816.093378,38.99144791166667,-76.93651545666667,-10.324000000000002,0,1,17.0569,6.943224999999999,72.69267599999999,1,1,1789162817.029497,0.12534798370051553,-0.9840182525472253,-0.11225429906387505,0.058266061972632545,166.32499341421766,-4.963898715114798,-164.8855140015201,-0.004898964677422884,-0.08151298472051717,-0.3314943990885626,6.245855488014222,-1.8052081617736815,-11.764940132541655
2026-09-11T17:40:17.072,17.308338976000016,-310.861572265625,-27977.54150390625,-111910.166015625,-212.94017700195315,-54.526380462646486,-5.847598075866699,-4.0056046819686895,-8.960282484718784,-1.1036420464760008,0.0,-0.093475341796875,-765.75,-33.651123046875,0.0,0.0,164.45908712360844,1,1789162816.093378,38.99144791166667,-76.93651545666667,-10.324000000000002,0,1,17.0569,6.943224999999999,72.69267599999999,1,1,1789162817.069497,0.13186848878530205,-0.9830766470895738,-0.11542253850414849,0.05337270105457338,166.01390784625735,-4.272363074835355,-164.19576888557032,-0.10420610472079785,-0.2205937349558901,-0.31978812672958623,1.253878289680481,-1.2122000264930726,-0.24447978853225708
2026-09-11T17:40:17.106,17.341741823999996,-311.0587158203125,-27995.284423828125,-111981.1376953125,-213.07522033691407,-54.661423797607426,-5.822519302368164,-3.9884257221221926,-8.921854245978409,0.5142962613998383,0.0,-0.09239578247070312,-756.90625,-33.262481689453125,-0.1373291164636612,-49.43848192691803,-1480.0678650798693,1,1789162817.0750499,38.99145868833333,-76.93653631666666,-10.318000000000001,0,1,17.0569,6.943224999999999,72.70972899999998,1,1,1789162817.101497,0.13684776654236774,-0.9823578868637398,-0.11643007457526187,0.051862401056761355,165.90417050778095,-4.015623366001936,-163.64218504252554,-0.17761709652063212,-0.09470016894981072,-0.3298646106330503,-0.3103804776191711,-1.413628620815277,-3.4614533075904848
2026-09-11T17:40:17.139,17.37514739200003,-311.2490539550781,-28012.41485595703,-112049.65942382812,-213.20560195922855,-54.79180541992188,-5.796539306640625,-3.9706294250488283,-8.88204506319082,0.5327344553263035,0.0,-0.09366798400878906,-767.328125,-33.72047424316406,-0.015258795581758022,-5.493166409432888,1315.5087055379363,1,1789162817.0750499,38.99145868833333,-76.93653631666666,-10.318000000000001,0,1,17.0569,6.943224999999999,72.70972899999998,1,1,1789162817.129497,0.14166392645072823,-0.9815974826709737,-0.11669251181421415,0.05273112594151428,165.83953716986434,-4.040364985488251,-163.07353268679194,-0.14838230795095153,0.07660250087003113,-0.3234517473624475,2.002714096031189,0.5394638253974915,-7.711067088680267
2026-09-11T17:40:17.173,17.40856809600001,-311.441162109375,-28029.70458984375,-112118.818359375,-213.33719604492188,-54.92339950561524,-5.744903564453125,-3.935258941650391,-8.802923545209348,1.0583404645952017,0.0,-0.09684562683105469,-793.359375,-34.86442565917969,-0.015258817933499813,-5.493174456059933,-0.00024076773022742531,1,1789162817.0750499,38.99145868833333,-76.93653631666666,-10.318000000000001,0,1,17.0569,6.943224999999999,72.70972899999998,1,1,1789162817.169497,0.14920079848335574,-0.9802084106959469,-0.11842288064118581,0.05391302879173781,165.58978256878783,-4.034344857369419,-162.18027123350763,-0.1527236399323622,-0.0056199601914217415,-0.39619933951359876,2.486280015506744,-2.328491014404297,4.429271612052918
2026-09-11T17:40:17.207,17.441985184000032,-311.63531494140625,-28047.178344726562,-112188.71337890625,-213.4701907348633,-55.05639419555664,-5.720645904541016,-3.918642444610596,-8.765753499934215,0.49724551222968205,0.0,-0.10128974914550781,-829.765625,-36.46430969238281,0.2899170219898224,104.37012791633606,3287.6384193717067,1,1789162817.0750499,38.99145868833333,-76.93653631666666,-10.318000000000001,0,1,17.0569,6.943224999999999,72.70972899999998,1,1,1789162817.201497,0.15586339706912936,-0.9792384097874534,-0.11634232350048933,0.057124443222828884,165.73741417136003,-4.33626526368395,-161.36965047270488,0.17533525305657477,0.1441074730140418,-0.3490190755749124,-4.573919701938629,-4.668161609992981,-11.146532773342132
2026-09-11T17:40:17.240,17.47540278400004,-311.8224792480469,-28064.02313232422,-112256.09252929688,-213.59839828491212,-55.18460174560547,-5.617135524749756,-3.847737834453583,-8.607144404200024,2.121774458877898,0.0,-0.10068511962890625,-824.8125,-36.24664306640625,0.12207037210464478,43.94533395767212,-1808.1727580272434,1,1789162817.0750499,38.99145868833333,-76.93653631666666,-10.318000000000001,0,1,17.0569,6.943224999999999,72.70972899999998,1,1,1789162817.229497,0.16132089787213694,-0.9785645926621802,-0.11363692772332969,0.058936869235066205,165.98544090330034,-4.512871107361587,-160.72247201550036,0.32464694883421324,0.13950573790823353,-0.31236559048670476,-2.5797373915481567,-1.7559787779617309,-12.071496016597747
2026-09-11T17:40:17.273,17.508803616000023,-312.0066833496094,-28080.601501464844,-112322.40600585938,-213.72457809448244,-55.31078155517579,-5.592130661010742,-3.830609502792359,-8.568829417484688,0.512811527007248,0.0,-0.09694671630859375,-794.1875,-34.90081787109375,0.1678467094898224,60.42481541633606,493.3853581453267,1,1789162817.0750499,38.99145868833333,-76.93653631666666,-10.318000000000001,0,1,17.0569,6.943224999999999,72.70972899999998,1,1,1789162817.269497,0.16875122136394374,-0.9774043075223067,-0.11188231463179063,0.06071402307252132,166.11424289624716,-4.641664353242059,-159.84309876609262,0.10363765098342329,0.02146545540442786,-0.3634763359008823,3.4459588003349304,3.790956753025055,-5.719042241325378
2026-09-11T17:40:17.308,17.54220972799999,-312.1972961425781,-28097.75665283203,-112391.02661132812,-213.85514785766603,-55.44135131835938,-5.619948863983154,-3.849664971828461,-8.611455287733664,-0.5704186418378053,0.0,-0.09169387817382812,-751.15625,-33.009796142578125,0.2288818508386612,82.39746630191803,657.7434358600104,1,1789162817.0750499,38.99145868833333,-76.93653631666666,-10.318000000000001,0,1,17.0569,6.943224999999999,72.70972899999998,1,1,1789162817.301497,0.17501905033270818,-0.9758727801702216,-0.11325367563390804,0.06491728505482171,165.83619315400986,-4.994431377716246,-159.043757781074,-0.10028993494517296,0.2404203261926953,-0.33904556609731606,-1.9252415597534178,2.209046015434265,-14.096667341499328
2026-09-11T17:40:17.340,17.575630176000004,-312.3831787109375,-28114.486083984375,-112457.9443359375,-213.9824774169922,-55.56868087768555,-5.674070835113525,-3.8867385220527653,-8.694386457705711,-1.10930739840134,0.0,-0.07941627502441406,-650.578125,-28.589859008789062,0.3204346299171448,115.35646677017212,986.1926587052031,1,1789162817.0750499,38.99145868833333,-76.93653631666666,-10.318000000000001,0,1,17.0569,6.943224999999999,72.70972899999998,1,1,1789162817.329497,0.17869810395721036,-0.9750184878448614,-0.11541877662597884,0.06390963937451534,165.5947788713031,-4.782640795258776,-158.6238157067616,-0.22499859692207339,-0.1634371690128042,-0.29912028679331976,0.6676367430114746,3.738785374164581,-6.383246656780242
2026-09-11T17:40:17.373,17.609045856000023,-312.5726318359375,-28131.536865234375,-112526.1474609375,-214.1122528076172,-55.69845626831055,-5.6752166748046875,-3.887523422241211,-8.696142229422886,-0.023488978480924624,0.0,-0.06879806518554688,-563.59375,-24.767303466796875,0.2746582627296448,98.87697458267212,-493.1664472334776,1,1789162817.0750499,38.99145868833333,-76.93653631666666,-10.318000000000001,0,1,17.0569,6.943224999999999,72.70972899999998,1,1,1789162817.369497,0.18287271313394202,-0.9743900623928682,-0.11322457694480369,0.0655878973342163,165.78526833807913,-4.956823847125276,-158.12242463371805,0.3310294433758313,0.09859312584638408,-0.23979270579367815,-12.956546193695068,0.034911674575805664,-5.128191569080353
2026-09-11T17:40:17.407,17.642473887999984,-312.76434326171875,-28148.790893554688,-112595.16357421875,-214.24357513427736,-55.829778594970705,-5.677257061004639,-3.888921086788178,-8.699268715972114,-0.0418111525969672,0.0,-0.05750846862792969,-471.109375,-20.703048706054688,0.4730225205421448,170.28810739517212,2136.264941130365,1,1789162817.0750499,38.99145868833333,-76.93653631666666,-10.318000000000001,0,1,17.0569,6.943224999999999,72.70972899999998,1,1,1789162817.401497,0.18602112658956818,-0.9739286153026591,-0.11182468364626112,0.06598812684420116,165.91920394117597,-4.9871283496539185,-157.7571055867957,0.2102884383874896,-0.10544197236413504,-0.19622928766389966,-6.889171738624573,-2.539628192386627,-10.621386657180787
2026-09-11T17:40:17.440,17.675880928000026,-312.9506530761719,-28165.55877685547,-112662.23510742188,-214.37119735717775,-55.9574008178711,-5.677576541900635,-3.8891399312019352,-8.69975825698356,-0.006550847179430823,0.0,-0.04321861267089844,-354.046875,-15.558700561523438,0.4882813096046448,175.78127145767212,164.4313313149852,1,1789162817.0750499,38.99145868833333,-76.93653631666666,-10.318000000000001,0,1,17.0569,6.943224999999999,72.70972899999998,1,1,1789162817.429497,0.18815341632833676,-0.9735294243999776,-0.11244168413928572,0.06477360125348137,165.8675504377046,-4.807336489723047,-157.52644283431158,-0.0849165512948313,-0.03314554782462431,-0.06835494748973192,6.740993254680633,-2.624749915790558,-7.467567965164185
2026-09-11T17:40:17.473,17.709284768000032,-313.1407470703125,-28182.667236328125,-112730.6689453125,-214.50141174316408,-56.087615203857425,-5.703210830688477,-3.906699419021607,-8.739037712557272,-0.5256727316281244,0.0,-0.03887176513671875,-318.4375,-13.99383544921875,-0.1678467094898224,-60.42481541633606,-7071.225549935875,1,1789162817.0750499,38.99145868833333,-76.93653631666666,-10.318000000000001,0,1,17.0569,6.943224999999999,72.70972899999998,1,1,1789162817.469497,0.1916927885962603,-0.9725673928168609,-0.11496466344118496,0.06441791202342916,165.5732601628537,-4.659024068710166,-157.10987831357616,-0.13618786700019234,0.025365742683859587,-0.17243765743241374,-9.011330833625793,0.7397156217002868,0.47925099340438837
2026-09-11T17:40:17.507,17.74270272000001,-313.3340759277344,-28200.066833496094,-112800.26733398438,-214.63384201049806,-56.22004547119141,-5.755939483642578,-3.9428185462951664,-8.819833899192828,-1.0808300662345147,0.0,-0.03811836242675781,-312.265625,-13.722610473632812,0.015258789993822575,5.493164397776127,1972.532003581577,1,1789162817.0750499,38.99145868833333,-76.93653631666666,-10.318000000000001,0,1,17.0569,6.943224999999999,72.70972899999998,1,1,1789162817.501497,0.1945645804089171,-0.9719880099308255,-0.1148351967213031,0.06478279242974302,165.56568717067597,-4.660446474351869,-156.77071755122626,-0.048623476697160425,0.17146498544027733,-0.15336016151056453,-1.2601545457839967,-2.562281554260254,-7.577990845985412
2026-09-11T17:40:17.541,17.77612723200002,-313.52423095703125,-28217.180786132812,-112868.72314453125,-214.76409820556643,-56.35030166625977,-5.704715728759766,-3.9077302742004396,-8.741343669918654,1.0497766457956283,0.0,-0.0376739501953125,-308.625,-13.5626220703125,0.0610351637005806,21.972658932209015,493.0362045204342,1,1789162817.0750499,38.99145868833333,-76.93653631666666,-10.318000000000001,0,1,17.0569,6.943224999999999,72.70972899999998,1,1,1789162817.529497,0.19634454612605942,-0.9715814489465984,-0.11552237919498134,0.06428753514104682,165.49184069118303,-4.563089603810819,-156.569078387486,-0.11941455475682602,-0.07910495395154059,-0.07724809816034382,3.9201103356552123,3.4931287876129153,-8.683592585220337
2026-09-11T17:40:17.574,17.80953968,-313.71319580078125,-28234.187622070312,-112936.75048828125,-214.89353912353516,-56.47974258422852,-5.679524898529053,-3.8904745554924016,-8.702743726495163,0.516445808102687,0.0,-0.03632545471191406,-297.578125,-13.077163696289062,0.06103518605232239,21.97266697883606,0.00024082722237780578,1,1789162817.0750499,38.99145868833333,-76.93653631666666,-10.318000000000001,0,1,17.0569,6.943224999999999,72.70972899999998,1,1,1789162817.569497,0.19869356252578863,-0.9712283552915548,-0.11318097967649797,0.06653131539312825,165.6900810238202,-4.833331650929845,-156.26889026195516,0.023415860843531526,0.10587394135400363,-0.02912937068286016,4.746320611782074,-0.1933871411895752,-4.956084858741761
2026-09-11T17:40:17.608,17.842951424000034,-313.90618896484375,-28251.557006835938,-113006.22802734375,-215.025739440918,-56.611942901611336,-5.680167198181152,-3.8909145307540896,-8.703727923125639,-0.013168281837891531,0.0,-0.03753089904785156,-307.453125,-13.511123657226562,-0.0457763746380806,-16.479494869709015,-1150.8576699410191,1,1789162817.0750499,38.99145868833333,-76.93653631666666,-10.318000000000001,0,1,17.0569,6.943224999999999,72.70972899999998,1,1,1789162817.601497,0.2004153656513902,-0.9705544736271345,-0.1140665778679535,0.06961688549963754,165.50338142379184,-5.129813555278554,-156.01243925925374,0.026618889086791518,0.07366092294871988,-0.10915516034775297,2.806761342792511,0.7198081218719483,-12.5353505692482
2026-09-11T17:40:17.640,17.876360672000033,-314.0947570800781,-28268.52813720703,-113074.11254882812,-215.15490859985354,-56.74111206054688,-5.6814117431640625,-3.8917670440673833,-8.705634941095605,-0.02551728531255093,0.0,-0.03717803955078125,-304.5625,-13.38409423828125,0.0610351637005806,21.972658932209015,1150.9434094990763,1,1789162817.0750499,38.99145868833333,-76.93653631666666,-10.318000000000001,0,1,17.0569,6.943224999999999,72.70972899999998,1,1,1789162817.629497,0.20255704283821668,-0.970048182180562,-0.11530903452631985,0.06841779886427199,165.38260505121207,-4.934900444651456,-155.77761029272187,0.024287827337827892,0.10173663836215106,-0.1187473153837886,-2.387625114879608,-0.3855974843597412,-4.797707458629608
2026-09-11T17:40:17.674,17.909767232000036,-314.2891845703125,-28286.026611328125,-113144.1064453125,-215.28809143066408,-56.87429489135743,-5.813229084014893,-3.982061922550202,-8.907618831760463,-2.7029086048611486,0.0,-0.03689765930175781,-302.265625,-13.283157348632812,0.0,0.0,-657.7348560344731,1,1789162817.0750499,38.99145868833333,-76.93653631666666,-10.318000000000001,0,1,17.0569,6.943224999999999,72.70972899999998,1,1,1789162817.669497,0.20543067985200522,-0.9690495370551031,-0.11738893217591786,0.07043485721878849,165.0808656961995,-5.064615868446206,-155.3983540405763,-0.03978984175404153,0.11354850314087309,-0.12783995718790347,-7.5571026811409,1.3908771924400332,-3.7431983667373654
2026-09-11T17:40:17.709,17.94318822400004,-314.4852294921875,-28303.670654296875,-113214.6826171875,-215.42238220214844,-57.0085856628418,-5.841556549072266,-4.001466236114502,-8.95102504499485,-0.5806025615367143,0.0,-0.0375213623046875,-307.375,-13.5076904296875,-0.061035171151161194,-21.97266161441803,-657.4509103265319,1,1789162817.0750499,38.99145868833333,-76.93653631666666,-10.318000000000001,0,1,17.0569,6.943224999999999,72.70972899999998,1,1,1789162817.701497,0.2076491769763711,-0.9691602568120162,-0.11406585049049493,0.06781738471057941,165.51382429841672,-4.823150278250501,-155.20030622073514,0.09825261210931999,0.1622653549530152,-0.20409147234535854,-2.847458940963745,-3.6282644268417354,-5.921451500663758
2026-09-11T17:40:17.741,17.97659945600003,-314.6796875,-28321.171875,-113284.6875,-215.5555859375,-57.14178939819337,-5.89520263671875,-4.038213806152344,-9.033227018057309,-1.0998567798353256,0.0,-0.036670684814453125,-300.40625,-13.201446533203125,-0.07629397511482239,-27.46583104133606,-164.41086120138843,1,1789162817.0750499,38.99145868833333,-76.93653631666666,-10.318000000000001,0,1,17.0569,6.943224999999999,72.70972899999998,1,1,1789162817.729497,0.20903657799262038,-0.9689756251660308,-0.1138710473815992,0.06650813080708716,165.5635072694029,-4.662321426526958,-155.06153859035476,-0.2100039497194145,-0.12200183083998242,-0.02458924569964731,-4.4363324001693725,3.4522350564384463,-12.104936693649291
2026-09-11T17:40:17.774,18.010001888000033,-314.87359619140625,-28338.623657226562,-113354.49462890625,-215.6884133911133,-57.27461685180665,-5.8163299560546875,-3.9841860198974612,-8.912370302204405,1.6174806150306178,0.0,-0.03670692443847656,-300.703125,-13.214492797851562,-0.0915527418255806,-32.958987057209015,-164.45377438003703,1,1789162817.0750499,38.99145868833333,-76.93653631666666,-10.318000000000001,0,1,17.0569,6.943224999999999,72.70972899999998,1,1,1789162817.769497,0.2112117758457381,-0.9685078094630074,-0.11428205330059275,0.06574055861230005,165.52728897523818,-4.534827273020616,-154.81905048487783,-0.028418498078522873,0.0012034045192500901,-0.0752282286170108,6.149063850917816,1.718027041835785,-10.01876800474167
2026-09-11T17:40:17.809,18.043418304,-315.0708312988281,-28356.37481689453,-113425.49926757812,-215.8235194396973,-57.409722900390626,-5.790889739990234,-3.966759471893311,-8.873388224528691,0.521496620229058,0.0,-0.036468505859375,-298.75,-13.128662109375,-0.0457763709127903,-16.479493528604507,493.1556253256278,1,1789162817.0750499,38.99145868833333,-76.93653631666666,-10.318000000000001,0,1,17.0569,6.943224999999999,72.70972899999998,1,1,1789162817.801497,0.21251331574188584,-0.9683615311941655,-0.11276605600736164,0.06631630378892935,165.67712688231265,-4.617751121054068,-154.6640560246606,0.17124402675697484,0.08906764238777463,-0.06282940961084307,1.2324997923278806,-2.909633102989197,-7.3878398993492125
2026-09-11T17:40:17.841,18.07683846399999,-315.2623596191406,-28373.612365722656,-113494.44946289062,-215.95471633911134,-57.54091979980469,-5.791949272155762,-3.967485251426697,-8.875011747106955,-0.02171681803398181,0.0,-0.03664207458496094,-300.171875,-13.191146850585938,0.015258789993822575,5.493164397776127,657.4671673141671,1,1789162817.0750499,38.99145868833333,-76.93653631666666,-10.318000000000001,0,1,17.0569,6.943224999999999,72.70972899999998,1,1,1789162817.829497,0.21419587011948113,-0.9681204317868409,-0.11317603228265027,0.06367216422720348,165.6937356956915,-4.289786535467109,-154.51005056243534,-0.1889917563217296,-0.14491608405649076,-0.13689594707772643,5.690995221862792,-2.424400052986145,-0.8494520370101929
2026-09-11T17:40:17.875,18.110246656000015,-315.4561767578125,-28391.055908203125,-113564.2236328125,-216.0874810791016,-57.67368453979493,-5.818692684173584,-3.9858044886589052,-8.915990713714434,-0.5483456642069909,0.0,-0.03753852844238281,-307.515625,-13.513870239257812,-0.1831054836511612,-65.91797411441803,-2137.533767530489,1,1789162817.0750499,38.99145868833333,-76.93653631666666,-10.318000000000001,0,1,17.0569,6.943224999999999,72.70972899999998,1,1,1789162817.869497,0.21658747914070076,-0.967365403720175,-0.11559577989403066,0.06270291249591096,165.4368497427347,-4.085215227795144,-154.23766316939276,-0.14834129271352967,-0.06818303255841048,-0.12956556421935025,-0.22055156213760377,1.356161650867462,-8.421068560390472
2026-09-11T17:40:17.908,18.143656351999994,-315.6517333984375,-28408.656005859375,-113634.6240234375,-216.2214373779297,-57.80764083862305,-5.793570518493652,-3.9685958051681522,-8.877495985075491,0.5150805170679839,0.0,-0.03921699523925781,-321.265625,-14.118118286132812,0.0,0.0,1973.0192730415974,1,1789162817.0750499,38.99145868833333,-76.93653631666666,-10.318000000000001,0,1,17.0569,6.943224999999999,72.70972899999998,1,1,1789162817.901497,0.21901002428177438,-0.9666479442185344,-0.1168012312892279,0.0631176169662505,165.279919959455,-4.0635995633283795,-153.94333013125112,-0.062189222841211554,0.09985691875775317,-0.13106532564558898,6.706179646606445,3.109492633285522,-14.186496256980897
2026-09-11T17:40:17.942,18.177074463999986,-315.8438415527344,-28425.945739746094,-113703.78295898438,-216.35303146362307,-57.93923492431641,-5.8461503982543945,-4.004613022804261,-8.958064206344524,-1.0777753583480854,0.0,-0.043575286865234375,-356.96875,-15.687103271484375,-0.2136230766773224,-76.90430760383606,-2301.276254141861,1,1789162817.0750499,38.99145868833333,-76.93653631666666,-10.318000000000001,0,1,17.0569,6.943224999999999,72.70972899999998,1,1,1789162817.941497,0.222671822962713,-0.9654181183018888,-0.11993290022821791,0.06325516228538777,164.90877548536886,-3.940701548238017,-153.50175178436805,-0.0735338629791747,-0.09292045671155211,-0.19624621735764403,-9.731237021999359,3.0736002936935423,-11.670894357490539
2026-09-11T17:40:17.975,18.21048291200003,-316.0404357910156,-28443.639221191406,-113774.55688476562,-216.4876985168457,-58.073901977539066,-5.873678207397461,-4.023469572067261,-9.00024510573384,-0.5644245809615045,0.0,-0.04617500305175781,-378.265625,-16.623001098632812,0.0,0.0,2301.941940066509,1,1789162817.0750499,38.99145868833333,-76.93653631666666,-10.318000000000001,0,1,17.0569,6.943224999999999,72.70972899999998,1,1,1789162817.969497,0.22491301812393247,-0.964878829253977,-0.11827500700549388,0.06658830117752268,164.99340067849096,-4.318236070156827,-153.18831658352605,0.12372010748857083,0.20331532442699665,-0.15381516884655946,4.2828583251380925,-1.7620589010620118,-9.433899389095307
2026-09-11T17:40:18.008,18.243898016000003,-316.2398681640625,-28461.588134765625,-113846.3525390625,-216.62430969238284,-58.21051315307618,-5.954362869262695,-4.078738565444946,-9.1238783228457,-1.6540123106525013,0.0,-0.048618316650390625,-398.28125,-17.502593994140625,0.152587890625,54.931640625,1643.916494320879,1,1789162817.0750499,38.99145868833333,-76.93653631666666,-10.318000000000001,0,1,17.0569,6.943224999999999,72.70972899999998,1,1,1789162818.001497,0.22792235082521609,-0.9641238258618419,-0.11717428984636162,0.06918696552698908,165.03034736541863,-4.588354474428529,-152.79537236512834,0.14454799411724517,0.05759708704628927,-0.13969580426377573,6.251053012599946,0.04344346021652221,-10.139880134239196
2026-09-11T17:40:18.041,18.277308960000028,-316.44110107421875,-28479.699096679688,-113918.79638671875,-216.76215423583986,-58.348357696533206,-6.033452987670898,-4.1329152965545655,-9.24506821884968,-1.6215265007052457,0.0,-0.04508781433105469,-369.359375,-16.231613159179688,-0.0457763709127903,-16.479493528604507,-2137.3575722239875,1,1789162817.0750499,38.99145868833333,-76.93653631666666,-10.318000000000001,0,1,17.0569,6.943224999999999,72.70972899999998,1,1,1789162818.029497,0.23081932132577454,-0.9636712755263677,-0.11672439662772643,0.0665997662156991,165.14195660785992,-4.271119208427408,-152.5032846977393,0.11997096572236182,-0.04681758452012189,-0.19090463718191536,-3.319747212753296,3.5508899570655825,-10.04436336166382
2026-09-11T17:40:18.075,18.31070908800001,-316.6422424316406,-28497.801818847656,-113991.20727539062,-216.89993606567384,-58.48613952636719,-6.060037136077881,-4.151125438213349,-9.285803145609664,-0.5452117326853585,0.0,-0.0419158935546875,-343.375,-15.0897216796875,0.1525879055261612,54.93164598941803,2138.049875678919,1,1789162818.0721645,38.99146544333333,-76.93655914333333,-10.367,0,1,8.602488999999998,6.911641,64.89913599999998,1,1,1789162818.069497,0.2336276074677885,-0.962930639199886,-0.11645598326728696,0.06797594486452853,165.12016616584535,-4.387274249080364,-152.15147846657877,-0.08977275540558034,0.014737734736765318,-0.13387600387300067,-5.411701825256348,-2.31691916721344,-9.820281405467988
2026-09-11T17:40:18.109,18.344113888000038,-316.8481750488281,-28516.33575439453,-114065.34301757812,-217.04099990844728,-58.62720336914063,-6.111833572387695,-4.186605997085572,-9.365170895413312,-1.0621395389941917,0.0,-0.04061126708984375,-332.6875,-14.62005615234375,0.1373291164636612,49.43848192691803,-164.44235746046667,1,1789162818.0721645,38.99146544333333,-76.93655914333333,-10.367,0,1,8.602488999999998,6.911641,64.89913599999998,1,1,1789162818.101497,0.23655054257469518,-0.9621484559876294,-0.11738885132180908,0.06733533272795526,165.0214893426897,-4.245857002487242,-151.8163980080236,-0.13159311321139205,-0.01799626445023873,-0.15235642265774263,-3.1087081012725832,-0.023634026889801023,-15.671419224472045
2026-09-11T17:40:18.142,18.377537216000007,-317.050537109375,-28534.54833984375,-114138.193359375,-217.1796179199219,-58.765821380615236,-6.086479187011719,-4.1692382431030275,-9.326320336218286,0.5196297024210155,0.0,-0.040935516357421875,-335.34375,-14.736785888671875,-0.1068115308880806,-38.452151119709015,-2629.619439653273,1,1789162818.0721645,38.99146544333333,-76.93655914333333,-10.367,0,1,8.602488999999998,6.911641,64.89913599999998,1,1,1789162818.141497,0.23948846512826838,-0.9613021892267283,-0.11862363501935441,0.06687158793688565,164.88434163691684,-4.114485988889696,-151.47530834541064,-0.08023435651050612,-0.026572463328688466,-0.1716232868034332,0.030106415996551512,-2.020856398830414,-9.864705530700682
2026-09-11T17:40:18.176,18.410959744000024,-317.2518310546875,-28552.664794921875,-114210.6591796875,-217.31750427246095,-58.9037077331543,-6.035844802856445,-4.1345536899566655,-9.2487332005115,1.0377597154333886,0.0,-0.040374755859375,-330.75,-14.534912109375,0.0,0.0,1150.4860170867264,1,1789162818.0721645,38.99146544333333,-76.93655914333333,-10.367,0,1,8.602488999999998,6.911641,64.89913599999998,1,1,1789162818.169497,0.24164933400057378,-0.9608405966289867,-0.11941907338870535,0.06426532624763598,164.8640463392326,-3.771776923003576,-151.2647319088565,-0.21119723132900303,-0.10749046530720077,-0.12123650396298291,4.398184531040192,1.976824539604187,-13.371857828044892
2026-09-11T17:40:18.209,18.444374944000003,-317.4518127441406,-28570.663146972656,-114282.65258789062,-217.45449172973633,-59.040695190429695,-5.95847225189209,-4.081553492546082,-9.130175135437717,1.586110435089933,0.0,-0.03886222839355469,-318.359375,-13.990402221679688,0.015258789993822575,5.493164397776127,164.39118717767903,1,1789162818.0721645,38.99146544333333,-76.93655914333333,-10.367,0,1,8.602488999999998,6.911641,64.89913599999998,1,1,1789162818.201497,0.24334983990618922,-0.9607773673063492,-0.11667451355899229,0.06383387639244045,165.17781704835096,-3.777085391687117,-151.08209490162034,0.024323432054568574,-0.05473841226444776,-0.11392322533127626,6.157203370552063,0.628410142364502,-14.042926898612976
2026-09-11T17:40:18.242,18.477782112,-317.6464538574219,-28588.18084716797,-114352.72338867188,-217.587820892334,-59.17402435302735,-5.933223724365234,-4.064258251190186,-9.091486782368873,0.5177104912304384,0.0,-0.03882026672363281,-318.015625,-13.975296020507812,-0.0762939527630806,-27.465822994709015,-986.584298091013,1,1789162818.0721645,38.99146544333333,-76.93655914333333,-10.367,0,1,8.602488999999998,6.911641,64.89913599999998,1,1,1789162818.241497,0.24616881224269657,-0.9600127982931758,-0.11919877871084436,0.059732689092065416,165.0082881000705,-3.210372062643138,-150.81337623264514,0.032468360074850516,-0.16248072858271131,-0.08855626091694029,-1.3106587941169738,0.19358327419281007,-9.74457406621933
2026-09-11T17:40:18.275,18.511231199999997,-317.8429260253906,-28605.863342285156,-114423.45336914062,-217.72240432739258,-59.30860778808594,-5.85627555847168,-4.011548757553101,-8.973579003116267,1.5758125793172277,0.0,-0.03849029541015625,-315.3125,-13.85650634765625,-0.01525880303233862,-5.493169091641903,656.8984452750612,1,1789162818.0721645,38.99146544333333,-76.93655914333333,-10.367,0,1,8.602488999999998,6.911641,64.89913599999998,1,1,1789162818.269497,0.24758116244880266,-0.9594719647168475,-0.11999696859464026,0.06097412935818831,164.8769726638698,-3.30137339349635,-150.6237962989909,-0.057908453784845056,-0.0570047222981624,-0.09250646461297905,0.8586702881622315,-0.44218185579299923,-6.5171074314880375
2026-09-11T17:40:18.309,18.544637152000007,-318.0372619628906,-28623.353576660156,-114493.41430664062,-217.85552444458008,-59.44172790527344,-5.753698348999023,-3.9412833690643314,-8.816399805530438,2.103379316618456,0.0,-0.04136085510253906,-338.828125,-14.889907836914062,-0.3204346001148224,-115.35645604133606,-3288.7339043552033,1,1789162818.0721645,38.99146544333333,-76.93655914333333,-10.367,0,1,8.602488999999998,6.911641,64.89913599999998,1,1,1789162818.301497,0.24911921642611123,-0.9590649512287549,-0.12016628279069383,0.060779106706936474,164.85887739203528,-3.251031495946354,-150.44597450107153,-0.1894067956178538,-0.08480397755807767,-0.09142610580599457,0.8546495615959168,1.1299222316360473,-10.09241594745636
2026-09-11T17:40:18.343,18.578061088000027,-318.2275085449219,-28640.47576904297,-114561.90307617188,-217.9858433532715,-59.572046813964846,-5.703100681304932,-3.9066239666938785,-8.738868930507056,1.0369635213049873,0.0,-0.04704856872558594,-385.421875,-16.937484741210938,0.0,0.0,3451.3127371135492,1,1789162818.0721645,38.99146544333333,-76.93655914333333,-10.367,0,1,8.602488999999998,6.911641,64.89913599999998,1,1,1789162818.341497,0.2517621530939785,-0.9584883091637154,-0.12059734133685966,0.058071169511618635,164.8850436988486,-2.900254802750593,-150.1807454849704,-0.09861214993523082,-0.23369278005795793,-0.12950028890532567,-5.413957354793548,0.09316317653656006,2.754295764427185
2026-09-11T17:40:18.376,18.611476063999987,-318.4159240722656,-28657.433166503906,-114629.73266601562,-218.11490798950197,-59.70111145019532,-5.6262969970703125,-3.8540134429931645,-8.62118254069694,1.5744594190573773,0.0,-0.052120208740234375,-426.96875,-18.763275146484375,-0.1983642876148224,-71.41114354133606,-2137.0999500768926,1,1789162818.0721645,38.99146544333333,-76.93655914333333,-10.367,0,1,8.602488999999998,6.911641,64.89913599999998,1,1,1789162818.369497,0.25459098748213244,-0.9580760295842642,-0.1175297173042835,0.05882615217146385,165.1958687988044,-3.030975896956489,-149.84337937899747,0.13747120759918377,0.03624490351031585,-0.17037275839437926,-0.5273035791969299,-1.6630117344284059,-15.118618354854584
2026-09-11T17:40:18.410,18.644898944000033,-318.6043701171875,-28674.393310546875,-114697.5732421875,-218.24399353027346,-59.830196990966805,-5.601307392120361,-3.836895563602448,-8.582890935044837,0.51216051371674,0.0,-0.06149101257324219,-503.734375,-22.136764526367188,-0.3204346001148224,-115.35645604133606,-1314.8272231459262,1,1789162818.0721645,38.99146544333333,-76.93655914333333,-10.367,0,1,8.602488999999998,6.911641,64.89913599999998,1,1,1789162818.401497,0.25807674667727964,-0.9574285802677045,-0.11628375748588782,0.05661266868821743,165.39327273679243,-2.77333375387926,-149.47320266517815,0.12063977589172604,-0.031350127623097745,-0.18229056465869736,-1.3802860102653502,-0.33372030500411987,-5.388950396881103
2026-09-11T17:40:18.444,18.678306367999994,-318.7908935546875,-28691.180419921875,-114764.7216796875,-218.37176208496095,-59.957965545654304,-5.601391792297363,-3.836953377723694,-8.583020261550844,-0.0017305770491617307,0.0,-0.06607246398925781,-541.265625,-23.786087036132812,0.0,0.0,3453.0185877687286,1,1789162818.0721645,38.99146544333333,-76.93655914333333,-10.367,0,1,8.602488999999998,6.911641,64.89913599999998,1,1,1789162818.441497,0.26218533598219124,-0.9563457811616702,-0.11546482604774425,0.057701563201913816,165.43857385348855,-2.855596183207131,-148.97281421975313,0.1641787594119766,0.15006323455354725,-0.21010989120501058,2.527762145690918,0.34411535417556766,-10.341210662059785
2026-09-11T17:40:18.476,18.71171215999999,-318.9769287109375,-28707.923583984375,-114831.6943359375,-218.4991961669922,-60.085399627685554,-5.52446985244751,-3.7842618489265445,-8.465152668500671,1.5773171549758542,0.0,-0.06632804870605469,-543.359375,-23.878097534179688,-0.015258791856467724,-5.493165068328381,-164.43750438034743,1,1789162818.0721645,38.99146544333333,-76.93655914333333,-10.367,0,1,8.602488999999998,6.911641,64.89913599999998,1,1,1789162818.469497,0.26553542321245066,-0.9556379775194987,-0.11345278304115264,0.05809871738725157,165.63996469642714,-2.911375000500183,-148.57598632631226,-0.09327737654358495,-0.10516498861184352,-0.21797364668279623,-0.2629162908363342,-1.5985820428657531,-12.375992504119873
2026-09-11T17:40:18.510,18.745128064000028,-319.1570739746094,-28724.136657714844,-114896.54663085938,-218.62259567260745,-60.208799133300786,-5.42140531539917,-3.7136626410484315,-8.307226738207827,2.112742719096701,0.0,-0.066741943359375,-546.75,-24.027099609375,0.0457763709127903,16.479493528604507,657.5509253590266,1,1789162818.0721645,38.99146544333333,-76.93655914333333,-10.367,0,1,8.602488999999998,6.911641,64.89913599999998,1,1,1789162818.501497,0.2688499474153543,-0.95473330165174,-0.11330281690473679,0.058021549215620236,165.6494115984723,-2.8583712079693053,-148.1859711557776,-0.03280503408756022,0.012400215269569312,-0.1790707812546182,2.8213732515335086,0.2827257241630554,-11.5739065873909
2026-09-11T17:40:18.547,18.778556159999994,-319.3414611816406,-28740.731506347656,-114962.92602539062,-218.74890090942384,-60.33510437011719,-5.39602518081665,-3.696277248859406,-8.268336723468597,0.5200832314542645,0.0,-0.06578826904296875,-538.9375,-23.68377685546875,0.0915527418255806,32.958987057209015,492.98331345647904,1,1789162818.0721645,38.99146544333333,-76.93655914333333,-10.367,0,1,8.602488999999998,6.911641,64.89913599999998,1,1,1789162818.541497,0.2733398819691637,-0.9535546944249257,-0.11227350410026896,0.05842442932812708,165.737425443177,-2.868515327357911,-147.65076235977403,0.03656307703295441,0.09912422953776595,-0.1794783156349589,-4.2063664538764955,-1.3940153204917907,-10.97060146944046
2026-09-11T17:40:18.579,18.811960543999987,-319.52020263671875,-28756.818237304688,-115027.27294921875,-218.87133880615235,-60.45754226684571,-5.396507740020752,-3.6966078019142152,-8.26907614959335,-0.009895499189852134,0.0,-0.06294059753417969,-515.609375,-22.658615112304688,0.1525879204273224,54.93165135383606,657.7778622300376,1,1789162818.0721645,38.99146544333333,-76.93655914333333,-10.367,0,1,8.602488999999998,6.911641,64.89913599999998,1,1,1789162818.569497,0.27629903255658306,-0.9530153351030755,-0.10979408682614002,0.05801615434241516,166.0171391891717,-2.8607388582237,-147.31315457532753,0.03585011003351473,-0.03734341374152107,-0.12710464997403825,7.409904862213136,2.2086537494277954,-8.09127091545105
2026-09-11T17:40:18.610,18.845366592000005,-319.7027893066406,-28773.251037597656,-115093.00415039062,-218.99641067504885,-60.58261413574219,-5.3977370262146,-3.697449862957001,-8.270959786500082,-0.02520684406564655,0.0,-0.055850982666015625,-457.53125,-20.106353759765625,0.1525879204273224,54.93165135383606,0.0,1,1789162818.0721645,38.99146544333333,-76.93655914333333,-10.367,0,1,8.602488999999998,6.911641,64.89913599999998,1,1,1789162818.601497,0.27865382520047705,-0.9521205405935383,-0.11014755349520478,0.060712752696870396,165.88067694933483,-3.108425136923903,-146.98897907479434,0.08203326737053669,0.09684727299561414,-0.12845675654555824,3.0830146778488157,4.734552631587982,-14.618381130104066
2026-09-11T17:40:18.643,18.878774176000036,-319.88092041015625,-28789.282836914062,-115157.13134765625,-219.11843048095704,-60.70463394165039,-5.425482273101807,-3.7164553570747376,-8.313473866040473,-0.5688975927657273,0.0,-0.04546165466308594,-372.421875,-16.366195678710938,0.4730225205421448,170.28810739517212,3453.0020501102126,1,1789162818.0721645,38.99146544333333,-76.93655914333333,-10.367,0,1,8.602488999999998,6.911641,64.89913599999998,1,1,1789162818.641497,0.2816474079105503,-0.9510870079349999,-0.10990949951528305,0.06346765216090394,165.80383282085776,-3.3718010108637144,-146.5885885097567,-0.0613107986286828,0.04706751566900748,-0.15634449999854963,0.136998902759552,0.31920646276474,-8.575621366939544
2026-09-11T17:40:18.677,18.912179776000016,-320.0628356933594,-28805.655212402344,-115222.62084960938,-219.2430424499512,-60.82924591064454,-5.401501655578613,-3.70002863407135,-8.276728333194672,0.4917356073052729,0.0,-0.038784027099609375,-317.71875,-13.962249755859375,-0.0915527418255806,-32.958987057209015,-6084.222239759196,1,1789162818.0721645,38.99146544333333,-76.93655914333333,-10.367,0,1,8.602488999999998,6.911641,64.89913599999998,1,1,1789162818.669497,0.2830221384489656,-0.9503695271273085,-0.1124934591133988,0.0635724210038646,165.50978941710386,-3.276715486069058,-146.41602708089937,-0.1273324154414235,-0.1571623612860342,-0.07343804440324021,11.558510146636962,-0.1525914765167236,-5.480544509391785
2026-09-11T17:40:18.710,18.945599424000022,-320.2423400878906,-28821.810607910156,-115287.24243164062,-219.3660029602051,-60.95220642089844,-5.3764495849609375,-3.6828679656982426,-8.238341011314958,0.5134903986153453,0.0,-0.03827095031738281,-313.515625,-13.777542114257812,-0.03051757998764515,-10.986328795552254,657.4772499594502,1,1789162818.0721645,38.99146544333333,-76.93655914333333,-10.367,0,1,8.602488999999998,6.911641,64.89913599999998,1,1,1789162818.701497,0.28525843115592064,-0.9492473615345028,-0.11595814309211286,0.06411538914236682,165.10063445382625,-3.185375299648006,-146.1312684950179,-0.19001678819142584,0.06063343634598381,-0.06810030395186595,-2.5283505447006225,1.928870020313263,4.969519969463349
2026-09-11T17:40:18.744,18.979007232000015,-320.42572021484375,-28838.314819335938,-115353.25927734375,-219.491618347168,-61.07782180786133,-5.429299354553223,-3.719070057868958,-8.31932278513993,-1.0836416496024914,0.0,-0.0397796630859375,-325.875,-14.3206787109375,-0.0610351599752903,-21.972657591104507,-328.8551225975278,1,1789162818.0721645,38.99146544333333,-76.93655914333333,-10.367,0,1,8.602488999999998,6.911641,64.89913599999998,1,1,1789162818.741497,0.2876216703589712,-0.9483156177600817,-0.1161123456065178,0.06700139588085223,164.9752725487209,-3.4561192520624706,-145.79926935399317,-0.1295507289207083,0.21608502589921316,-0.0864608186169959,11.43788834964752,-8.406162452144622,3.9428617640304564
2026-09-11T17:40:18.776,19.01241232000001,-320.603271484375,-28854.29443359375,-115417.177734375,-219.6132409667969,-61.19944442749024,-5.37654447555542,-3.682932965755463,-8.238486412301938,1.0817840717408251,0.0,-0.040607452392578125,-332.65625,-14.618682861328125,-0.0610351599752903,-21.972657591104507,0.0,1,1789162818.0721645,38.99146544333333,-76.93655914333333,-10.367,0,1,8.602488999999998,6.911641,64.89913599999998,1,1,1789162818.769497,0.2892603438765658,-0.9479211939292358,-0.11453926300456685,0.06822478135218674,165.10017035237013,-3.6166246485365403,-145.58754452069573,0.058887583495213884,0.11593628809052653,-0.08244813213373574,-3.9705165174865726,2.1436356588554384,-8.81980695596695
2026-09-11T17:40:18.810,19.045818304000022,-320.7841796875,-28870.576171875,-115482.3046875,-219.7371630859375,-61.323366546630865,-5.37682580947876,-3.6831256794929508,-8.238917500655303,-0.005768838825041042,0.0,-0.04379844665527344,-358.796875,-15.767440795898438,0.0915527418255806,32.958987057209015,1644.3654121457207,1,1789162818.0721645,38.99146544333333,-76.93655914333333,-10.367,0,1,8.602488999999998,6.911641,64.89913599999998,1,1,1789162818.801497,0.29194481554515833,-0.9471648501059597,-0.11249520805209322,0.07065266849436466,165.2294255345987,-3.9080040081555882,-145.2315091698393,0.16508563249131283,0.2587132966157731,-0.1361405685774633,1.5724963534355163,-2.1359864717292787,-12.576930765933989
2026-09-11T17:40:18.844,19.07922492800003,-320.9641418457031,-28886.77276611328,-115547.09106445312,-219.86043716430666,-61.44664062500001,-5.3771820068359375,-3.6833696746826177,-8.239463302350156,-0.007303796686155086,0.0,-0.04083824157714844,-334.546875,-14.701766967773438,0.0,0.0,-986.6003537861458,1,1789162818.0721645,38.99146544333333,-76.93655914333333,-10.367,0,1,8.602488999999998,6.911641,64.89913599999998,1,1,1789162818.841497,0.2953187079954563,-0.9459956812961345,-0.11332069611595716,0.07097500622579607,165.11346699518197,-3.8619465433067264,-144.82087319713688,0.2272156886708818,0.0663286202281665,-0.17474794976327868,1.2938894223403932,2.0200718668174744,-10.862728317661286
2026-09-11T17:40:18.877,19.11263270400002,-321.1418762207031,-28902.76885986328,-115611.07543945312,-219.98218521118164,-61.568388671875006,-5.351902008056641,-3.6660528755187993,-8.200726725838393,0.5183463623505953,0.0,-0.0370330810546875,-303.375,-13.3319091796875,0.030517607927322388,10.98633885383606,328.85573867112095,1,1789162818.0721645,38.99146544333333,-76.93655914333333,-10.367,0,1,8.602488999999998,6.911641,64.89913599999998,1,1,1789162818.869497,0.2963926016712052,-0.9451436883964149,-0.1155109576507445,0.07424319916061486,164.74951679791707,-4.121274296799537,-144.62566549987363,-0.1278916189337625,0.14649421076614405,-0.05642282952554749,-4.472617005767822,0.8308194017028809,3.1515631624794005
2026-09-11T17:40:18.911,19.146057728000017,-321.3241271972656,-28919.171447753906,-115676.68579101562,-220.10702713012697,-61.69323059082032,-5.430394172668457,-3.7198200082778934,-8.321000376426918,-1.6085892042770247,0.0,-0.03497886657714844,-286.546875,-12.592391967773438,0.0762939602136612,27.46582567691803,493.02842155278415,1,1789162818.0721645,38.99146544333333,-76.93655914333333,-10.367,0,1,8.602488999999998,6.911641,64.89913599999998,1,1,1789162818.901497,0.29822673047365444,-0.944870401606276,-0.11263882501833246,0.07478794353288695,165.03811821268582,-4.2521557411838655,-144.40716059252716,-0.038637575381874865,-0.037768750480232094,-0.03634281648135272,-3.483616336956024,-4.235492204856873,-14.775679798698425
2026-09-11T17:40:18.945,19.179477023999993,-321.5086364746094,-28935.777282714844,-115743.10913085938,-220.23341598510743,-61.81961944580079,-5.431947231292725,-3.7208838534355166,-8.32338013026913,-0.03183326056970179,0.0,-0.030181884765625,-247.25,-10.865478515625,0.1983642727136612,71.41113817691803,1314.9682297326208,1,1789162818.0721645,38.99146544333333,-76.93655914333333,-10.367,0,1,8.602488999999998,6.911641,64.89913599999998,1,1,1789162818.941497,0.2992143948792204,-0.9443721195828192,-0.11408151802836053,0.07494966908572873,164.8691180699901,-4.203038759087401,-144.28101152494128,0.12630144945227045,-0.026043803098259384,0.005162334861548828,-0.4257066835212707,2.353792171821594,-8.558459729156494
2026-09-11T17:40:18.977,19.212877216000038,-321.6875305175781,-28951.87774658203,-115807.51098632812,-220.35595840454104,-61.94216186523438,-5.485163688659668,-3.7573371267318727,-8.404923780269927,-1.0914090941844692,0.0,-0.02645111083984375,-216.6875,-9.52239990234375,0.06103518605232239,21.97266697883606,-1480.1852395943088,1,1789162818.0721645,38.99146544333333,-76.93655914333333,-10.367,0,1,8.602488999999998,6.911641,64.89913599999998,1,1,1789162818.969497,0.29984231111990056,-0.9442573688575304,-0.1132201533260259,0.07519179942894023,164.95229872572725,-4.249767099943357,-144.2046927198876,0.053159412890168484,0.06866334716855932,0.013306913815980368,5.364629904479981,0.8606316181945801,-4.534202768783569
2026-09-11T17:40:19.011,19.246283488000017,-321.8707580566406,-28968.368225097656,-115873.47290039062,-220.48146926879883,-62.067672729492195,-5.4867167472839355,-3.758400971889496,-8.407303534112142,-0.03184567130459562,0.0,-0.02863311767578125,-234.5625,-10.30792236328125,-0.2593994438648224,-93.38379979133606,-3453.1379846947234,1,1789162818.0721645,38.99146544333333,-76.93655914333333,-10.367,0,1,8.602488999999998,6.911641,64.89913599999998,1,1,1789162819.001497,0.3000964139114371,-0.9440723114165009,-0.11449352141791701,0.07457108506335187,164.8339147260477,-4.133625336983165,-144.18121116945605,0.052976153318709085,0.030066787024106312,-0.03153967037986433,-3.6872023943138124,1.3467472667121887,-4.657766560821533
2026-09-11T17:40:19.047,19.279689408000024,-322.05572509765625,-28985.015258789062,-115940.06103515625,-220.60817169189454,-62.194375152587895,-5.513868808746338,-3.777000133991242,-8.44890867481934,-0.5567624571256219,0.0,-0.03170967102050781,-259.765625,-11.415481567382812,-0.1525879204273224,-54.93165135383606,1151.0579094212037,1,1789162818.0721645,38.99146544333333,-76.93655914333333,-10.367,0,1,8.602488999999998,6.911641,64.89913599999998,1,1,1789162819.041497,0.30034424774728447,-0.9439651234298828,-0.11289120147688596,0.07732241086663637,164.9077409581984,-4.483205249207054,-144.1064700935075,-0.03423131715228998,-0.001466949236301234,-0.032442354668995796,7.773339317207337,-3.347696165714264,-8.26190662826538
2026-09-11T17:40:19.079,19.313096927999993,-322.2416687011719,-29001.75018310547,-116007.00073242188,-220.73554306030275,-62.3217465209961,-5.540696620941162,-3.7953771853446963,-8.49001696793283,-0.550087266384084,0.0,-0.03325080871582031,-272.390625,-11.970291137695312,-0.015258817933499813,-5.493174456059933,1479.8607288964358,1,1789162818.0721645,38.99146544333333,-76.93655914333333,-10.367,0,1,8.602488999999998,6.911641,64.89913599999998,1,1,1789162819.069497,0.3008188362373507,-0.94382497398131,-0.11212575924420864,0.07829597925752763,164.9537264804863,-4.607897695535752,-144.03457786558465,-0.1882136885411905,0.02625184634509711,0.024794496419681844,7.049020136260986,-1.8066791592979432,-4.005722391567231
2026-09-11T17:40:19.111,19.346516192000024,-322.422607421875,-29018.03466796875,-116072.138671875,-220.8594860839844,-62.44568954467774,-5.462401866912842,-3.741745278835297,-8.370045809849886,1.6048200974548543,0.0,-0.03267669677734375,-267.6875,-11.76361083984375,-0.0610351599752903,-21.972657591104507,-493.11328744490817,1,1789162819.0843594,38.99146949666667,-76.93658268666667,-10.353000000000002,0,1,8.602488999999998,6.911641,64.915249,1,1,1789162819.101497,0.30290169737440525,-0.9436034705242557,-0.11057909076888996,0.07506874733875621,165.23386458849785,-4.282897711378514,-143.85097244422752,0.007860439352206861,0.14121982576661718,-0.09079359848507182,-8.419107230358124,0.6588107578659058,-5.10269427865982
2026-09-11T17:40:19.145,19.379921920000015,-322.6080322265625,-29034.722900390625,-116138.8916015625,-220.98650207519532,-62.57270553588868,-5.4886674880981445,-3.759737229347229,-8.410292656914873,-0.5385887866876287,0.0,-0.03225135803222656,-264.203125,-11.610488891601562,-0.0457763709127903,-16.479493528604507,164.43778930671607,1,1789162819.0843594,38.99146949666667,-76.93658268666667,-10.353000000000002,0,1,8.602488999999998,6.911641,64.915249,1,1,1789162819.141497,0.3038611416312689,-0.9436187180018694,-0.10752142014304189,0.07544047887887562,165.55167875108853,-4.417923873245624,-143.74085231090598,0.10849245883077072,-0.07379932755840303,0.019124619811653067,6.261448061771393,1.7109662537193298,-13.922697367630006
2026-09-11T17:40:19.178,19.413327744000014,-322.7873840332031,-29050.86456298828,-116203.45825195312,-221.10935806274415,-62.695561523437505,-5.437519073486328,-3.724700565338135,-8.331917871640414,1.048819032546398,0.0,-0.0321197509765625,-263.125,-11.5631103515625,0.2441406548023224,87.89063572883606,3124.3093796292405,1,1789162819.0843594,38.99146949666667,-76.93658268666667,-10.353000000000002,0,1,8.602488999999998,6.911641,64.915249,1,1,1789162819.169497,0.3046962861073874,-0.9433894523057867,-0.10658890123686142,0.07625824967615828,165.61976822731685,-4.526948207626411,-143.62973672814067,-0.05765904623473507,0.08417565902735973,0.006267826409762037,3.745257763271332,3.777717775306702,-2.705066380615234
2026-09-11T17:40:19.211,19.446732736,-322.9689636230469,-29067.20672607422,-116268.82690429688,-221.23374008178712,-62.81994354248047,-5.4122700691223145,-3.7074049973487857,-8.293228787913344,0.5177539928569923,0.0,-0.031421661376953125,-257.40625,-11.311798095703125,0.2136230617761612,76.90430223941803,-328.882985196413,1,1789162819.0843594,38.99146949666667,-76.93658268666667,-10.353000000000002,0,1,8.602488999999998,6.911641,64.915249,1,1,1789162819.201497,0.30514216110111114,-0.9431791069089354,-0.1051775860594744,0.0789880320030106,165.67040545189946,-4.865184964657941,-143.5326616108853,-0.13717485069219512,-0.038285717004672815,-0.025504670892318337,10.35660710281372,-1.5655336318206787,-10.97373959749222
2026-09-11T17:40:19.245,19.480150175999995,-323.1507873535156,-29083.570861816406,-116334.28344726562,-221.35828933715823,-62.94449279785157,-5.413151264190674,-3.708008615970612,-8.294579044315068,-0.01806298213825567,0.0,-0.030580520629882812,-250.515625,-11.008987426757812,0.04577639698982239,16.47950291633606,-1808.1815759403826,1,1789162819.0843594,38.99146949666667,-76.93658268666667,-10.353000000000002,0,1,8.602488999999998,6.911641,64.915249,1,1,1789162819.241497,0.306337428140968,-0.9432471871677414,-0.10359147062613855,0.07557070354069079,165.96676429709248,-4.5365952129002105,-143.45697516717004,0.11399408569890725,0.10494856778459623,-0.007862882813159654,-4.742986350727081,0.5398560914039612,-6.514753835449219
2026-09-11T17:40:19.278,19.513560703999985,-323.3319091796875,-29099.871826171875,-116399.4873046875,-221.48235778808595,-63.068561248779304,-5.4143385887146,-3.708821933269501,-8.296398383297909,-0.024343144139762563,0.0,-0.0309295654296875,-253.375,-11.1346435546875,0.0762939527630806,27.465822994709015,328.8280891094009,1,1789162819.0843594,38.99146949666667,-76.93658268666667,-10.353000000000002,0,1,8.602488999999998,6.911641,64.915249,1,1,1789162819.269497,0.3067627086231254,-0.9433063896845254,-0.10072433801420252,0.07696949727100179,166.22673454171542,-4.784869852768653,-143.39277589821887,0.1429677730124895,0.07492715932104177,-0.015293796636450712,-0.21251010900497436,-1.2804543116188047,-8.303879090957642
2026-09-11T17:40:19.311,19.546967712000026,-323.5123291015625,-29116.109619140625,-116464.4384765625,-221.60594543457032,-63.19214889526368,-5.389519691467285,-3.6918209886550906,-8.258368353290727,0.5089035394726209,0.0,-0.031087875366210938,-254.671875,-11.191635131835938,0.01525880303233862,5.493169091641903,-657.72588503109,1,1789162819.0843594,38.99146949666667,-76.93658268666667,-10.353000000000002,0,1,8.602488999999998,6.911641,64.915249,1,1,1789162819.301497,0.30731352545049717,-0.9431896946739188,-0.09920640845085921,0.07816447695972924,166.34546191254313,-4.960728643181494,-143.31203741918938,-0.07415223313315629,0.13407008448582242,-0.0324121604729363,0.3188141967582702,-3.000148483982086,-9.17412122631073
2026-09-11T17:40:19.345,19.580374944000027,-323.6927185058594,-29132.344665527344,-116529.37866210938,-221.72951217651368,-63.315715637207035,-5.36483907699585,-3.674914767742157,-8.220550214169098,0.5060647021858152,0.0,-0.03231620788574219,-264.734375,-11.633834838867188,-0.1678466945886612,-60.42481005191803,-1973.1649465467926,1,1789162819.0843594,38.99146949666667,-76.93658268666667,-10.353000000000002,0,1,8.602488999999998,6.911641,64.915249,1,1,1789162819.341497,0.30913936463007247,-0.942663118051672,-0.09821826123781166,0.07856381012040671,166.42926965008525,-5.013597058421006,-143.0900490158134,-0.054151283504076865,0.037035014062693675,-0.0735027961184892,-2.8401039533424375,5.361001443920135,-13.241527447395326
2026-09-11T17:40:19.378,19.613781087999996,-323.8721618652344,-29148.494567871094,-116593.97827148438,-221.85243087768558,-63.43863433837891,-5.417849540710449,-3.711226935386658,-8.301778219816244,-1.0869906938237077,0.0,-0.03355216979980469,-274.859375,-12.078781127929688,-0.2746582329273224,-98.87696385383606,-1151.050351754279,1,1789162819.0843594,38.99146949666667,-76.93658268666667,-10.353000000000002,0,1,8.602488999999998,6.911641,64.915249,1,1,1789162819.369497,0.309680520578411,-0.9424560779056322,-0.09889799858305202,0.07806216925812284,166.3710378916698,-4.927019212225824,-143.03097860251606,0.09551768117144487,-0.00041852995462824023,-0.03821782369677023,-3.5352973833084107,0.713139599761963,-11.08514314332962
2026-09-11T17:40:19.412,19.647188800000038,-324.0540466308594,-29164.864196777344,-116659.45678710938,-221.9770219421387,-63.56322540283204,-5.4705891609191895,-3.747353575229645,-8.382591211591,-1.0813862333027304,0.0,-0.03410530090332031,-279.390625,-12.277908325195312,-0.015258791856467724,-5.493165068328381,2795.2766949556894,1,1789162819.0843594,38.99146949666667,-76.93658268666667,-10.353000000000002,0,1,8.602488999999998,6.911641,64.915249,1,1,1789162819.409497,0.31144502102799093,-0.9418125357455551,-0.09976119838714756,0.07771003593978096,166.28099378804805,-4.832111440296943,-142.82163241306202,-0.060696617264906,-0.008521744605787513,-0.03464949804106783,-1.8324706492233276,1.6774275101661682,-7.538666178836823
2026-09-11T17:40:19.445,19.680608128000017,-324.2345275878906,-29181.107482910156,-116724.42993164062,-222.1006513977051,-63.68685485839844,-5.418777942657471,-3.7118628907203677,-8.303200811382345,1.0619807947454625,0.0,-0.034046173095703125,-278.90625,-12.256622314453125,-0.0457763746380806,-16.479494869709015,-328.7417928148459,1,1789162819.0843594,38.99146949666667,-76.93658268666667,-10.353000000000002,0,1,8.602488999999998,6.911641,64.915249,1,1,1789162819.441497,0.3124427019053373,-0.9414384077057681,-0.09881867083695921,0.0794238806439054,166.31358071097787,-5.036769895527949,-142.67542395793126,-0.1347474467685214,-0.0056019833001261995,-0.007335618846132167,-0.033048411045074465,1.5309161567497254,-4.1891067495918275
2026-09-11T17:40:19.479,19.714017376000015,-324.41534423828125,-29197.380981445312,-116789.52392578125,-222.22451080322267,-63.81071426391602,-5.418757438659668,-3.7118488454818728,-8.303169393078626,0.0004203997197096255,0.0,-0.03433418273925781,-281.265625,-12.360305786132812,0.0,0.0,493.26147268295125,1,1789162819.0843594,38.99146949666667,-76.93658268666667,-10.353000000000002,0,1,8.602488999999998,6.911641,64.915249,1,1,1789162819.469497,0.31363790091741145,-0.9408132027994333,-0.09933685523436826,0.0814492095636203,166.17268550075556,-5.217996310908225,-142.4932899139433,-0.17323073504452,0.11035332887924706,-0.08052338303463638,-1.2841808386802673,3.022801845855713,-4.03475007604599
2026-09-11T17:40:19.512,19.747425184000008,-324.5978698730469,-29213.80828857422,-116855.23315429688,-222.34954086303713,-63.935744323730475,-5.445650100708008,-3.7302703189849855,-8.344377055710856,-0.5514122178598725,0.0,-0.03437042236328125,-281.5625,-12.37335205078125,0.0762939602136612,27.46582567691803,822.1379168882935,1,1789162819.0843594,38.99146949666667,-76.93658268666667,-10.353000000000002,0,1,8.602488999999998,6.911641,64.915249,1,1,1789162819.501497,0.3152403603980789,-0.940322833916771,-0.09878387954128168,0.0815979677050561,166.21875084320035,-5.231238235337325,-142.30024611280584,0.265506118064535,0.11302490436527479,-0.08791502694975757,-5.995982041893005,1.8243311295890807,-10.408386215667726
2026-09-11T17:40:19.545,19.780834112000036,-324.78271484375,-29230.4443359375,-116921.77734375,-222.47615966796877,-64.06236312866211,-5.47243595123291,-3.748618626594544,-8.385421050900456,-0.5492037221171137,0.0,-0.03967857360839844,-325.046875,-14.284286499023438,-0.2441406548023224,-87.89063572883606,-3452.8633006618993,1,1789162819.0843594,38.99146949666667,-76.93658268666667,-10.353000000000002,0,1,8.602488999999998,6.911641,64.915249,1,1,1789162819.541497,0.3175609939526386,-0.9394003202692022,-0.0984424252077413,0.08361305111734167,166.16480841952043,-5.4265312149525675,-141.9858522470785,0.06428990112891192,-0.03829915603991317,-0.14536550633887932,-7.151303497447968,3.531668922748566,-8.925718777713776
2026-09-11T17:40:19.579,19.81423548800001,-324.9672546386719,-29247.05291748047,-116988.21166992188,-222.60256942749024,-64.18877288818359,-5.499423027038574,-3.7671047735214236,-8.426773383861443,-0.5534546518950368,0.0,-0.044635772705078125,-365.65625,-16.068878173828125,-0.1525879204273224,-54.93165135383606,986.755287417727,1,1789162819.0843594,38.99146949666667,-76.93658268666667,-10.353000000000002,0,1,8.602488999999998,6.911641,64.915249,1,1,1789162819.569497,0.3202264373501852,-0.9383659498083651,-0.09826564700324032,0.0852539481859198,166.1044064091726,-5.570144003212294,-141.63529122327094,0.018063459626440515,0.16741564704272527,-0.13458076782495595,-0.0985568341255188,1.241423843975067,-12.69608156539917
2026-09-11T17:40:19.613,19.847654976,-325.15179443359375,-29263.661499023438,-117054.64599609375,-222.72897918701173,-64.31518264770509,-5.4748430252075195,-3.750267472267151,-8.389109413625508,0.5038168524387948,0.0,-0.044704437255859375,-366.21875,-16.093597412109375,0.0915527418255806,32.958987057209015,2629.9217513764484,1,1789162819.0843594,38.99146949666667,-76.93658268666667,-10.353000000000002,0,1,8.602488999999998,6.911641,64.915249,1,1,1789162819.609497,0.3237904108713373,-0.937430586955971,-0.09589398855998911,0.08478211736687663,166.36122618817433,-5.5581300058267695,-141.22478050520698,-0.01740197983993466,0.12290468966203909,-0.1425986358756927,-9.022314281806946,-1.953190512714386,-5.520849841556549
2026-09-11T17:40:19.646,19.881071936000012,-325.33404541015625,-29280.064086914062,-117120.25634765625,-222.85382110595705,-64.4400245666504,-5.475527286529541,-3.7507361912727357,-8.390157908179875,-0.014026380783422126,0.0,-0.042758941650390625,-350.28125,-15.393218994140625,0.0762939527630806,27.465822994709015,-164.38251901125068,1,1789162819.0843594,38.99146949666667,-76.93658268666667,-10.353000000000002,0,1,8.602488999999998,6.911641,64.915249,1,1,1789162819.641497,0.32559449962506215,-0.9366042874331667,-0.09636859698673714,0.08645070323903128,166.23219278065758,-5.692300311000009,-140.97395063165243,-0.17811486442330093,-0.08635295726922264,-0.10788595691570269,5.748658324813843,2.5908189062309264,-10.799475424118041
2026-09-11T17:40:19.679,19.91449161600002,-325.5180969238281,-29296.62872314453,-117186.51489257812,-222.97989639282227,-64.56609985351562,-5.503325462341309,-3.7697779417037967,-8.432753090783358,-0.5697765637210179,0.0,-0.03900909423828125,-319.5625,-14.04327392578125,0.1068115383386612,38.45215380191803,328.7383603674896,1,1789162819.0843594,38.99146949666667,-76.93658268666667,-10.353000000000002,0,1,8.602488999999998,6.911641,64.915249,1,1,1789162819.669497,0.32771364981164,-0.9357931139619365,-0.09768204950976367,0.0857509696279175,166.10496706004332,-5.5357520372394085,-140.7245358437754,0.04830757210254945,0.016740150987578414,-0.09966947039608898,0.6004611894035339,3.425168701992035,-8.917481191577911
2026-09-11T17:40:19.712,19.94789814400002,-325.7015075683594,-29313.135681152344,-117252.54272460938,-223.1055326843262,-64.69173614501953,-5.479216575622559,-3.753263354301453,-8.395811010874752,0.49435210394637114,0.0,-0.03867149353027344,-316.796875,-13.921737670898438,-0.1373291164636612,-49.43848192691803,-2630.9419443060624,1,1789162819.0843594,38.99146949666667,-76.93658268666667,-10.353000000000002,0,1,8.602488999999998,6.911641,64.915249,1,1,1789162819.709497,0.3293913227425798,-0.9349653234347142,-0.1011315608643613,0.08434220695269849,165.77717142148992,-5.226337818903232,-140.53246936036285,0.08528446670115172,-0.11881643042216758,-0.10678482869061946,5.905466660900116,2.8223539165496825,-12.495731702594759
2026-09-11T17:40:19.745,19.98130396800002,-325.8828430175781,-29329.45587158203,-117317.82348632812,-223.22974746704102,-64.81595092773438,-5.480334758758545,-3.7540293097496034,-8.397524404414815,-0.02292879972517073,0.0,-0.038177490234375,-312.75,-13.743896484375,0.0,0.0,1479.9360113649484,1,1789162819.0843594,38.99146949666667,-76.93658268666667,-10.353000000000002,0,1,8.602488999999998,6.911641,64.915249,1,1,1789162819.7414804,0.33112109761523756,-0.9345557994552938,-0.10121586498846954,0.08197331939840406,165.85484488871063,-4.9443352434818415,-140.36683683883825,-0.11605758847354014,-0.11248681935688494,-0.14822924257555162,-0.06952914964675903,-1.8370797747993468,-7.946034426555634
2026-09-11T17:40:19.779,20.014704031999997,-326.063232421875,-29345.69091796875,-117382.763671875,-223.3533142089844,-64.93951766967774,-5.403100967407227,-3.7011241626739504,-8.279178960884812,1.5839834042141085,0.0,-0.040714263916015625,-333.53125,-14.657135009765625,-0.3356933891773224,-120.84962010383606,-3618.245165755329,1,1789162819.0843594,38.99146949666667,-76.93658268666667,-10.353000000000002,0,1,8.602488999999998,6.911641,64.915249,1,1,1789162819.7694805,0.33341719257873287,-0.9337622259464176,-0.10338713932954714,0.0789441607071757,165.73062260189855,-4.50166414488663,-140.13613099239646,-0.13871300936197772,-0.05295224230795676,-0.14553026542026756,-0.3124398741531372,2.7569435599708556,-4.8947932952308655
2026-09-11T17:40:19.813,20.048121407999986,-326.2440185546875,-29361.961669921875,-117447.8466796875,-223.47715270996096,-65.0633561706543,-5.376108646392822,-3.6826344227790835,-8.237818590683338,0.5532971797328811,0.0,-0.04813385009765625,-394.3125,-17.32818603515625,-0.3814697563648224,-137.32911229133606,-493.14141803071755,1,1789162819.0843594,38.99146949666667,-76.93658268666667,-10.353000000000002,0,1,8.602488999999998,6.911641,64.915249,1,1,1789162819.8094804,0.33650790963275296,-0.932429150501072,-0.10369254413552867,0.08115517445699609,165.59233279386925,-4.678020517086432,-139.71998817770978,-0.08401508873617625,0.05446579183528624,-0.1508770815837522,4.24059166294098,-3.0783074857711794,-3.6904385888671873
2026-09-11T17:40:19.846,20.08157596800004,-326.42608642578125,-29378.347778320312,-117513.39111328125,-223.60186920166018,-65.18807266235352,-5.402411937713623,-3.700652177333832,-8.278123159748183,-0.5385739508969831,0.0,-0.06282997131347656,-514.703125,-22.618789672851562,-0.5950928330421448,-214.23341989517212,-2298.7690647766867,1,1789162819.0843594,38.99146949666667,-76.93658268666667,-10.353000000000002,0,1,8.602488999999998,6.911641,64.915249,1,1,1789162819.8414805,0.3397315258393847,-0.9311629212531981,-0.10382655847029702,0.08208623630224365,165.52355279916964,-4.7222199057184815,-139.31126890339903,-0.06333730042317343,0.05363100085405736,-0.20372250974148692,-2.9781815876197815,0.9722312970352174,1.6128997521018982
2026-09-11T17:40:19.879,20.11497872000001,-326.6059265136719,-29394.53338623047,-117578.13354492188,-223.72505966186526,-65.3112631225586,-5.403683662414551,-3.7015233087539676,-8.280071825237034,-0.0260796302094047,0.0,-0.07431221008300781,-608.765625,-26.752395629882812,-0.061035215854644775,-21.97267770767212,5755.835393073597,1,1789162819.0843594,38.99146949666667,-76.93658268666667,-10.353000000000002,0,1,8.602488999999998,6.911641,64.915249,1,1,1789162819.8694804,0.3428046710560977,-0.9298411738570385,-0.10266798973637999,0.08567165684037967,165.48340966485694,-5.102165082768262,-138.87490083098135,0.051007072856609076,0.23147167405186997,-0.2569534811309872,1.8204084695243834,1.1902331301307678,-13.397943517475127
2026-09-11T17:40:19.913,20.148387200000002,-326.7893371582031,-29411.04034423828,-117644.16137695312,-223.85069595336915,-65.43689941406251,-5.456890106201172,-3.737969722747803,-8.361600131415084,-1.0909330204141219,0.0,-0.07756614685058594,-635.421875,-27.923812866210938,-0.06103518605232239,-21.97266697883606,0.0003211411012884474,1,1789162819.0843594,38.99146949666667,-76.93658268666667,-10.353000000000002,0,1,8.602488999999998,6.911641,64.915249,1,1,1789162819.9094806,0.3483074215715076,-0.9274089933637367,-0.10450191176596117,0.08760051109170436,165.17384780167208,-5.145509841335669,-138.16068789843467,0.06979693851772964,-0.009396154561036672,-0.3346731672552199,-8.16648792219162,-0.7037252156066895,-5.106420805721283
2026-09-11T17:40:19.946,20.181793888000016,-326.97137451171875,-29427.423706054688,-117709.69482421875,-223.97539154052737,-65.56159500122071,-5.432144641876221,-3.7210190796852114,-8.323682622774712,0.5074026812410947,0.0,-0.080169677734375,-656.75,-28.861083984375,0.0,0.0,657.7325767471192,1,1789162819.0843594,38.99146949666667,-76.93658268666667,-10.353000000000002,0,1,8.602488999999998,6.911641,64.915249,1,1,1789162819.9414804,0.3533777817803979,-0.9257584870192611,-0.10075814857815416,0.08912442174217192,165.48403282792864,-5.382486518447526,-137.5285881988097,0.16809545278637705,0.03802095055714527,-0.22865331637574954,1.368812229576111,-1.1374733522605895,-11.453775122909548
2026-09-11T17:40:19.979,20.2152064,-327.1582336425781,-29444.24102783203,-117776.96411132812,-224.10339004516604,-65.68959350585938,-5.537155628204346,-3.792951605319977,-8.484591099946254,-2.1528619468898462,0.0,-0.08086395263671875,-662.4375,-29.11102294921875,0.0,0.0,0.0,1,1789162819.0843594,38.99146949666667,-76.93658268666667,-10.353000000000002,0,1,8.602488999999998,6.911641,64.915249,1,1,1789162819.9694805,0.357759101814374,-0.9240030970024475,-0.0985942062664403,0.09222735109254904,165.55558464066456,-5.732880376312986,-136.94171426892856,0.061968089624983874,0.06254073215256321,-0.3148961433691713,3.3821175077819827,2.036154773082733,-14.22376152759552
2026-09-11T17:40:20.013,20.248612095999988,-327.3453674316406,-29461.083068847656,-117844.33227539062,-224.23157669067385,-65.81778015136719,-5.616950511932373,-3.8476111006736757,-8.60686090880832,-1.636232795560297,0.0,-0.08151054382324219,-667.734375,-29.343795776367188,-0.0762939602136612,-27.46582567691803,-822.1898947091997,1,1789162819.0843594,38.99146949666667,-76.93658268666667,-10.353000000000002,0,1,8.602488999999998,6.911641,64.915249,1,1,1789162820.0094805,0.3637963521214473,-0.9215550416796117,-0.0982752500959576,0.09343711551944367,165.49944956624157,-5.780087686876885,-136.17943654913353,0.043368115786480296,0.06740252131691862,-0.33113957365163216,-1.5688678928756714,1.5886773262023925,-9.797529977092744
2026-09-11T17:40:20.046,20.28201696000002,-327.5379943847656,-29478.419494628906,-117913.67797851562,-224.36352615356446,-65.94972961425782,-5.748377323150635,-3.937638466358185,-8.808246390386053,-2.695037635370098,0.0,-0.08217811584472656,-673.203125,-29.584121704101562,-0.0457763709127903,-16.479493528604507,328.88420525533576,1,1789162819.0843594,38.99146949666667,-76.93658268666667,-10.353000000000002,0,1,8.602488999999998,6.911641,64.915249,1,1,1789162820.0414805,0.3689788891727335,-0.919364260528343,-0.09700489073860309,0.09598951495252277,165.48788273031255,-6.022162508742418,-135.4972782862935,-0.07572861451355757,0.03715736164325848,-0.3622263310906039,4.79113700302124,0.7928676655769349,-10.083295762805939
2026-09-11T17:40:20.080,20.31542723199999,-327.7347412109375,-29496.126708984375,-117984.5068359375,-224.4982977294922,-66.08450119018555,-5.880244255065918,-4.027967314720154,-9.010306269506419,-2.7036250516623292,0.0,-0.0821990966796875,-673.375,-29.5916748046875,-0.0457763709127903,-16.479493528604507,0.0,1,1789162820.0770626,38.991471805,-76.93660552,-10.425,0,1,8.602488999999998,6.911641,64.931364,1,1,1789162820.0694804,0.3732413000309433,-0.9177259122750088,-0.09711468872439163,0.09507270441182646,165.49134335265563,-5.854750955984303,-134.99070976935826,0.11298423819370332,-0.09070022337009012,-0.2746795686130172,-3.8039995977401735,3.8320466172027587,-8.58111309103012
2026-09-11T17:40:20.113,20.34884512000002,-327.9364318847656,-29514.278869628906,-118057.11547851562,-224.63645584106447,-66.22265930175782,-5.9588518142700195,-4.081813492774963,-9.130756739385646,-1.6112980585355794,0.0,-0.08156204223632812,-668.15625,-29.362335205078125,0.0762939527630806,27.465822994709015,1315.0237538432389,1,1789162820.0770626,38.991471805,-76.93660552,-10.425,0,1,8.602488999999998,6.911641,64.931364,1,1,1789162820.1094804,0.37947518640107264,-0.9153588948379647,-0.0976272439872792,0.09265850084228267,165.51091476574481,-5.4822473761247625,-134.26826855516344,0.08776492863408605,-0.08613618737612495,-0.27443260452386,-2.064103726043701,-0.6723439350891113,-8.998582188415527
2026-09-11T17:40:20.147,20.382266463999997,-328.1405334472656,-29532.648010253906,-118130.59204101562,-224.77626541137698,-66.36246887207032,-6.010886192321777,-4.117457041740418,-9.210489087644088,-1.066490592523167,0.0,-0.08085441589355469,-662.359375,-29.107589721679688,0.1373291164636612,49.43848192691803,657.4439056737201,1,1789162820.0770626,38.991471805,-76.93660552,-10.425,0,1,8.602488999999998,6.911641,64.931364,1,1,1789162820.1414804,0.3849697772942584,-0.9132796989148639,-0.09856334910718849,0.08946355868597561,165.5300489232931,-5.021104763904892,-133.6489399960001,-0.00013037609512397643,0.030057536779070745,-0.3083796075410001,-0.3406830266189575,0.6423355855941772,-10.253637276115416
2026-09-11T17:40:20.180,20.415670688000034,-328.3397521972656,-29550.577697753906,-118202.31079101562,-224.91273025512697,-66.49893371582031,-6.037682056427002,-4.135812208652497,-9.251548426656434,-0.5494864036373985,0.0,-0.079315185546875,-649.75,-28.553466796875,0.0,0.0,-1480.006897536761,1,1789162820.0770626,38.991471805,-76.93660552,-10.425,0,1,8.602488999999998,6.911641,64.931364,1,1,1789162820.1694806,0.3888971698507191,-0.9118842675428989,-0.09714223284837037,0.08825792025129853,165.71691800209956,-4.899333847629175,-133.19156703211004,-0.046253319572952124,-0.08087628860938964,-0.26757712575495146,4.2947243718338015,0.8486675049972535,-7.213869925479889
2026-09-11T17:40:20.214,20.449084544000016,-328.5439147949219,-29568.95233154297,-118275.80932617188,-225.0525816345215,-66.63878509521484,-6.091099262237549,-4.172402994632721,-9.333399683770393,-1.0950782208507945,0.0,-0.07930755615234375,-649.6875,-28.55072021484375,-0.0915527418255806,-32.958987057209015,-986.3868168111841,1,1789162820.0770626,38.991471805,-76.93660552,-10.425,0,1,8.602488999999998,6.911641,64.931364,1,1,1789162820.2094805,0.3949640980239772,-0.9093295003360516,-0.09664830717247837,0.08821749152739854,165.73965426477724,-4.823831303239582,-132.44113244349165,0.034296766999239774,-0.11149477421005137,-0.3176726131432439,0.4273738140487671,1.3303701609420777,-10.462224725055695
2026-09-11T17:40:20.247,20.482507392000002,-328.74652099609375,-29587.186889648438,-118348.74755859375,-225.19136688232425,-66.77757034301759,-6.065745830535889,-4.155035893917084,-9.294550585891821,0.5196176195291274,0.0,-0.0809783935546875,-663.375,-29.1522216796875,0.0,0.0,986.1214417521305,1,1789162820.0770626,38.991471805,-76.93660552,-10.425,0,1,8.602488999999998,6.911641,64.931364,1,1,1789162820.2414804,0.4002102393374238,-0.9071287085906639,-0.09653821098747135,0.08734783454359249,165.766623282976,-4.657562093310768,-131.80561335365272,0.10664904207481431,0.01793779592029692,-0.37423332367969897,-3.201969344310761,-0.20917584794998167,-9.649155360145569
2026-09-11T17:40:20.280,20.515916224000023,-328.94927978515625,-29605.435180664062,-118421.74072265625,-225.33025665283205,-66.91646011352539,-6.093039512634277,-4.17373206615448,-9.336372732092153,-0.5596176555165016,0.0,-0.081268310546875,-665.75,-29.256591796875,0.0,0.0,0.0,1,1789162820.0770626,38.991471805,-76.93660552,-10.425,0,1,8.602488999999998,6.911641,64.931364,1,1,1789162820.2694805,0.4048533752504628,-0.9049400995854526,-0.09611568066801272,0.08910071066104804,165.7020437775922,-4.786100319124292,-131.19365172514142,-0.06043219988322886,0.13981972264066733,-0.32297178181814906,-2.913948029060364,0.3518626078033448,-6.651164339199066
2026-09-11T17:40:20.314,20.549323647999984,-329.1535339355469,-29623.81805419922,-118495.27221679688,-225.47017074584963,-67.05637420654297,-6.094036102294922,-4.174414730072022,-9.337899807784577,-0.020434497360301736,0.0,-0.07980537414550781,-653.765625,-28.729934692382812,0.0915527418255806,32.958987057209015,986.5767278928063,1,1789162820.0770626,38.991471805,-76.93660552,-10.425,0,1,8.602488999999998,6.911641,64.931364,1,1,1789162820.3094804,0.41062232336154336,-0.9022639558900496,-0.09604796240647383,0.08991023510352499,165.63945099743367,-4.782107638144455,-130.4564337664522,-0.10989186382501977,0.0379513119199907,-0.30462540431996027,-4.744359281749725,-1.4414795072746278,-10.833700633182525
2026-09-11T17:40:20.347,20.58273366399999,-329.35113525390625,-29641.602172851562,-118566.40869140625,-225.6055276489258,-67.19173110961914,-5.991446018218994,-4.104140522480011,-9.180700882426644,2.103387427051831,0.0,-0.07233810424804688,-592.59375,-26.041717529296875,0.12207037210464478,43.94533395767212,328.8339311319552,1,1789162820.0770626,38.991471805,-76.93660552,-10.425,0,1,8.602488999999998,6.911641,64.931364,1,1,1789162820.3414805,0.4148681142688129,-0.9003279841004683,-0.0960334829529712,0.08984174397543443,165.6226896130046,-4.70880185964376,-129.92557472850496,-0.05258345423701036,0.08931286114767983,-0.22998168646944242,-1.5977975108528137,-0.6662638119888306,-4.334343238487244
2026-09-11T17:40:20.381,20.616151712000033,-329.5522155761719,-29659.69940185547,-118638.79760742188,-225.74326766967775,-67.3294711303711,-5.967301368713379,-4.087601437568665,-9.143704003151084,0.49491475119445716,0.0,-0.06795501708984375,-556.6875,-24.46380615234375,0.19836431741714478,71.41115427017212,821.8858358352871,1,1789162820.0770626,38.991471805,-76.93660552,-10.425,0,1,8.602488999999998,6.911641,64.931364,1,1,1789162820.3694804,0.4177496216671844,-0.8989334701450635,-0.09565053297675818,0.09085617970804445,165.5967728462125,-4.785828787329828,-129.5447422252296,-0.036212614919153945,0.03852098738784165,-0.15539800794519312,0.908782270488739,-1.2063160363960266,-5.9002691363143915
2026-09-11T17:40:20.414,20.649577536000038,-329.7500305175781,-29677.50274658203,-118710.01098632812,-225.87877090454103,-67.46497436523438,-5.916761875152588,-4.052981884479523,-9.066262268431279,1.0357127797099692,0.0,-0.05843162536621094,-478.671875,-21.035385131835938,0.07629400491714478,27.46584177017212,-1314.7114189314505,1,1789162820.0770626,38.991471805,-76.93660552,-10.425,0,1,8.602488999999998,6.911641,64.931364,1,1,1789162820.4094806,0.4210506092224128,-0.897104557186235,-0.0941428278919006,0.09516788274223621,165.51648428605637,-5.248370197433172,-129.0471718818146,-0.07333576810907334,0.12248284358183206,-0.16980046493265033,0.9139797950744629,-1.0962854215812683,-7.81786150894165
2026-09-11T17:40:20.447,20.682986496000012,-329.9407043457031,-29694.66339111328,-118778.65356445312,-226.00938247680665,-67.5955859375,-5.760490894317627,-3.945936262607575,-8.826808031960384,3.204099195905255,0.0,-0.046112060546875,-377.75,-16.600341796875,0.7171631455421448,258.1787323951721,6905.719023434958,1,1789162820.0770626,38.991471805,-76.93660552,-10.425,0,1,8.602488999999998,6.911641,64.931364,1,1,1789162820.4414804,0.42318525945220986,-0.8963034984039302,-0.09311091531413404,0.09425832791115049,165.65869096394707,-5.172915645086725,-128.8005515692271,0.047582562331271006,-0.040168229135873895,-0.15966952675652402,-5.655299015274047,-2.1077433192634585,-4.026120223903656
2026-09-11T17:40:20.480,20.716386272000022,-330.1317138671875,-29711.854248046875,-118847.4169921875,-226.14022399902345,-67.7264274597168,-5.708500385284424,-3.910322763919831,-8.74714290425874,1.0662795668968925,0.0,-0.036174774169921875,-296.34375,-13.022918701171875,-0.10681155323982239,-38.45215916633606,-8881.223980706263,1,1789162820.0770626,38.991471805,-76.93660552,-10.425,0,1,8.602488999999998,6.911641,64.931364,1,1,1789162820.4694805,0.4245313330289621,-0.8957877564800378,-0.09324426523854609,0.09296746536953965,165.70384228377824,-5.013358904942931,-128.6565094420084,0.04885839801447887,-0.22618315188540195,-0.05597393084193454,-5.974995810546876,-3.8208670360183716,-2.567479078845978
2026-09-11T17:40:20.514,20.749791360000017,-330.3204650878906,-29728.841857910156,-118915.36743164062,-226.2695185852051,-67.85572204589845,-5.632050037384033,-3.857954275608063,-8.629997932194119,1.5676799986809122,0.0,-0.03584861755371094,-293.671875,-12.905502319335938,-0.1220703199505806,-43.945315182209015,-164.44069885024047,1,1789162820.0770626,38.991471805,-76.93660552,-10.425,0,1,8.602488999999998,6.911641,64.931364,1,1,1789162820.5094805,0.4262029061703298,-0.8949795725921745,-0.09442592124996643,0.0919042589371603,165.62685244163336,-4.819424135185634,-128.4629569450875,-0.07850822588028374,-0.01971803175733114,-0.08775183866469609,-4.984426077709198,5.764152832069397,-12.600270593318939
2026-09-11T17:40:20.548,20.783198688000027,-330.50518798828125,-29745.466918945312,-118981.86767578125,-226.39605377197267,-67.98225723266602,-5.580737113952637,-3.8228049230575563,-8.551371069831674,1.0521449829958376,0.0,-0.03687286376953125,-302.0625,-13.27423095703125,-0.0457763709127903,-16.479493528604507,822.1496090198074,1,1789162820.0770626,38.991471805,-76.93660552,-10.425,0,1,8.602488999999998,6.911641,64.931364,1,1,1789162820.5414805,0.4271272450071186,-0.8945871480573214,-0.09539567831045856,0.090420217114231,165.59796589510455,-4.604967373314493,-128.3728913871405,0.058977991550467186,-0.07472801725338922,-0.03731636113811516,-0.19426973970413208,-3.5054851668167113,-17.893410018119813
2026-09-11T17:40:20.581,20.816608512000016,-330.68878173828125,-29761.990356445312,-119047.96142578125,-226.52181549072267,-68.10801895141601,-5.503836631774902,-3.7701280927658085,-8.433536356401675,1.5766868538955847,0.0,-0.0379791259765625,-311.125,-13.6724853515625,0.0762939527630806,27.465822994709015,1315.3411560422492,1,1789162820.0770626,38.991471805,-76.93660552,-10.425,0,1,8.602488999999998,6.911641,64.931364,1,1,1789162820.5694804,0.4288093387699806,-0.8941383300853831,-0.0927420433234295,0.089655513249155,165.9047394147621,-4.6340656799682405,-128.18405915390028,0.12501566539232623,0.09574806463270813,-0.10558177323721978,1.5836759346199034,-2.1470679864120483,-10.3924994424057
2026-09-11T17:40:20.614,20.850025119999998,-330.8717346191406,-29778.456115722656,-119113.82446289062,-226.64713821411135,-68.23334167480469,-5.5050506591796875,-3.7709597015380862,-8.435396612245173,-0.024886091738520504,0.0,-0.03903770446777344,-319.796875,-14.053573608398438,-0.1068115308880806,-38.452151119709015,-1972.6111673109945,1,1789162820.0770626,38.991471805,-76.93660552,-10.425,0,1,8.602488999999998,6.911641,64.931364,1,1,1789162820.6094804,0.4305194851691258,-0.8935199711307661,-0.09098126984583418,0.08942842175408018,166.0905766758526,-4.673281541679766,-127.97785214451304,0.0871383554326201,0.04269965468296647,-0.1209335148048367,-9.175886423339843,3.8261626271057128,-8.727526377944946
2026-09-11T17:40:20.648,20.88343017599999,-331.05743408203125,-29795.169067382812,-119180.67626953125,-226.77434234619142,-68.36054580688477,-5.584559917449951,-3.825423543453217,-8.557228756829842,-1.6304071430128169,0.0,-0.04341888427734375,-355.6875,-15.63079833984375,-0.2441406548023224,-87.89063572883606,-1479.9701161745813,1,1789162820.0770626,38.991471805,-76.93660552,-10.425,0,1,8.602488999999998,6.911641,64.931364,1,1,1789162820.6414804,0.43276049547649426,-0.8923924216073024,-0.08841908986239741,0.09239147125519417,166.18960075584022,-5.069859674448136,-127.64402738998938,0.046073027061221114,0.22905456757078302,-0.18041695370668145,6.653910201244353,-3.926386591758728,-10.916468760547637
2026-09-11T17:40:20.681,20.916838624000036,-331.2451171875,-29812.060546875,-119248.2421875,-226.9029052734375,-68.48910873413087,-5.61214542388916,-3.844319615364075,-8.59949806586451,-0.5656075945471086,0.0,-0.04420280456542969,-362.109375,-15.913009643554688,-0.015258793719112873,-5.493165738880634,2466.3662912399564,1,1789162820.0770626,38.991471805,-76.93660552,-10.425,0,1,8.602488999999998,6.911641,64.931364,1,1,1789162820.6694806,0.4345964602034205,-0.8913436244372942,-0.0883150300416249,0.09398359124012848,166.10641114347277,-5.208513186927013,-127.37958444981244,-0.18857409903172734,0.12898768570401495,-0.1113593366600966,2.810880135860443,-1.7102797882080079,-20.495114306030274
2026-09-11T17:40:20.715,20.950244064000003,-331.43927001953125,-29829.534301757812,-119318.13720703125,-227.03589996337894,-68.62210342407226,-5.7960124015808105,-3.9702684950828555,-8.881237685851044,-3.7703104559887284,0.0,-0.04382514953613281,-359.015625,-15.777053833007812,0.2441406399011612,87.89063036441803,2795.466729472511,1,1789162820.0770626,38.991471805,-76.93660552,-10.425,0,1,8.602488999999998,6.911641,64.931364,1,1,1789162820.7094805,0.437161189329783,-0.8898999912722682,-0.09010785398682894,0.0940673946023556,165.90219078623815,-5.085247526898042,-127.04586590780376,-0.2551906985864729,-0.11029381315175407,-0.058476732989294414,4.573527435932159,2.80793814081192,-12.503577022724151
2026-09-11T17:40:20.748,20.98366486399999,-331.6308898925781,-29846.78009033203,-119387.12036132812,-227.16715957641603,-68.75336303710938,-5.796846389770508,-3.9708397769927983,-8.88251560708839,-0.017093603682228863,0.0,-0.04375457763671875,-358.4375,-15.75164794921875,0.0,0.0,-2629.8182677988157,1,1789162820.0770626,38.991471805,-76.93660552,-10.425,0,1,8.602488999999998,6.911641,64.931364,1,1,1789162820.7414804,0.43921022641548735,-0.8888866985346758,-0.09012938347962365,0.09408245539824935,165.88781110948457,-5.053493668631562,-126.78496012639961,-0.23694485205319896,-0.13465162819258694,-0.22339062508221103,-3.7023046355628964,9.966988891887665,-9.698384743957519
2026-09-11T17:40:20.781,21.017074336000007,-331.825439453125,-29864.28955078125,-119457.158203125,-227.30042602539064,-68.88662948608399,-5.848424434661865,-4.006170737743378,-8.961548715424513,-1.0575132929536408,0.0,-0.04677581787109375,-383.1875,-16.83929443359375,-0.4119873344898224,-148.31544041633606,-4439.3230882625785,1,1789162820.0770626,38.991471805,-76.93660552,-10.425,0,1,8.602488999999998,6.911641,64.931364,1,1,1789162820.7694805,0.4413902812677228,-0.887797350011563,-0.0898751168315238,0.09440841217480012,165.88457569353605,-5.065301213903039,-126.50168205168083,0.0498633585977772,0.20402340450453071,-0.13506771468626239,-0.8446467784309387,-0.005197524585723877,-6.213689675483703
2026-09-11T17:40:20.815,21.05047977600003,-332.02386474609375,-29882.147827148438,-119528.59130859375,-227.43634735107423,-69.02255081176759,-5.927063941955566,-4.060038800239563,-9.082048139404883,-1.61255359893915,0.0,-0.05779838562011719,-473.484375,-20.807418823242188,-0.4730225205421448,-170.28810739517212,-657.7571490996738,1,1789162820.0770626,38.991471805,-76.93660552,-10.425,0,1,8.602488999999998,6.911641,64.931364,1,1,1789162820.8094804,0.4453178314875091,-0.8857796345794244,-0.09035010997796593,0.09446335559661871,165.81108487795885,-4.984049104201411,-125.99819544137928,0.16516295057717617,0.22526475963300252,-0.06279607382212998,-0.6656754129791259,0.5229886531257629,-3.849894720497131
2026-09-11T17:40:20.848,21.083885984000005,-332.22802734375,-29900.5224609375,-119602.08984375,-227.57619873046878,-69.16240219116212,-6.08362340927124,-4.1672820353508,-9.321944424102531,-3.2102786138229242,0.0,-0.07182121276855469,-588.359375,-25.855636596679688,-0.21362310647964478,-76.90431833267212,2795.402251658518,1,1789162820.0770626,38.991471805,-76.93660552,-10.425,0,1,8.602488999999998,6.911641,64.931364,1,1,1789162820.8414805,0.44950229342762216,-0.8836486565142841,-0.08965009336549094,0.09526594776396885,165.81648441767868,-5.0351806746337555,-125.44929979840629,0.12996733901315935,0.19486112406326134,-0.3168451525448734,-7.248781600055694,-0.7620747840690613,-0.15798513410568238
2026-09-11T17:40:20.881,21.117287551999993,-332.4359436035156,-29919.234924316406,-119676.93969726562,-227.7186213684082,-69.30482482910156,-6.240801811218262,-4.27494924068451,-9.562789103177579,-3.2234176950539886,0.0,-0.07399940490722656,-606.203125,-26.639785766601562,-0.1525879055261612,-54.93164598941803,657.83355868988,1,1789162820.0770626,38.991471805,-76.93660552,-10.425,0,1,8.602488999999998,6.911641,64.931364,1,1,1789162820.8694804,0.4532850917844203,-0.8812082191142072,-0.0903313300415017,0.099221726171694,165.5084705130879,-5.334970479230618,-124.87951012541376,-0.11670109136875045,0.22008619320941017,-0.2970035514765011,9.00534877702713,-0.3561775338745117,-12.285477123126983
2026-09-11T17:40:20.915,21.150711488000013,-332.6483154296875,-29938.348388671875,-119753.3935546875,-227.86409606933594,-69.4502995300293,-6.319737911224365,-4.32902046918869,-9.683742996574548,-1.6177397091757413,0.0,-0.07921028137207031,-648.890625,-28.515701293945312,-0.0915527492761612,-32.95898973941803,657.3928411658954,1,1789162820.0770626,38.991471805,-76.93660552,-10.425,0,1,8.602488999999998,6.911641,64.931364,1,1,1789162820.9094806,0.45938399408717373,-0.8781719772153574,-0.08734534861108782,0.10075273934833198,165.69194739456552,-5.5495389835428375,-124.07353200426854,0.1514289546932328,0.13291066226372258,-0.29639670049558264,7.932403182830811,2.7417432522201537,-13.898573008232116
2026-09-11T17:40:20.949,21.184134271999994,-332.86456298828125,-29957.810668945312,-119831.24267578125,-228.01222564697267,-69.59842910766602,-6.451323986053467,-4.419156930446625,-9.885372517999777,-2.6968567686637037,0.0,-0.07898330688476562,-647.03125,-28.433990478515625,-0.0915527418255806,-32.958987057209015,8.025091551003307e-05,1,1789162820.0770626,38.991471805,-76.93660552,-10.425,0,1,8.602488999999998,6.911641,64.931364,1,1,1789162820.9414804,0.46481053340416445,-0.8750417926972976,-0.08904102169933238,0.10161065654927402,165.4380269209899,-5.454354899268009,-123.34931389864208,-0.11808513746558195,0.06483845811281375,-0.42505469350389585,-5.420920076408387,2.4193005949020385,-2.4220464569473266
2026-09-11T17:40:20.982,21.217543328000033,-333.0853271484375,-29977.679443359375,-119910.7177734375,-228.1634490966797,-69.74965255737305,-6.608973979949951,-4.527147176265717,-10.126939818060379,-3.232364476834243,0.0,-0.08059883117675781,-660.265625,-29.015579223632812,0.0,0.0,986.5285345736937,1,1789162820.0770626,38.991471805,-76.93660552,-10.425,0,1,8.602488999999998,6.911641,64.931364,1,1,1789162820.9814804,0.47136934952259707,-0.8708197153437698,-0.09407027945047663,0.10312488653738612,164.80279316952522,-5.216690164897628,-122.45078078902635,-0.1522155745871067,-0.04479509698291086,-0.3713249070141756,-15.143821445770264,-2.607980544013977,-2.5722843374252315
2026-09-11T17:40:21.016,21.250958560000015,-333.3160705566406,-29998.446350097656,-119993.78540039062,-228.32150833129884,-69.9077117919922,-6.7924299240112305,-4.652814497947693,-10.408049610656066,-3.7607795655001044,0.0,-0.08000373840332031,-655.390625,-28.801345825195312,0.1220703199505806,43.945315182209015,1315.1282379913794,1,1789162820.0770626,38.991471805,-76.93660552,-10.425,0,1,8.602488999999998,6.911641,64.931364,1,1,1789162821.0094805,0.47613406241458434,-0.8679991960801395,-0.09312143281925028,0.10584020484913242,164.71379286894197,-5.454879853153647,-121.77420184343787,0.04514032310895534,0.1478335764341245,-0.371082829846924,4.434959469146729,2.336532467536926,-10.527635081634521
2026-09-11T17:40:21.048,21.284366368000008,-333.5402526855469,-30018.62274169922,-120074.49096679688,-228.47507308959962,-70.06127655029297,-6.81899356842041,-4.671010594367981,-10.44875311911233,-0.5446659780938725,0.0,-0.07963371276855469,-652.359375,-28.668136596679688,-0.1373291313648224,-49.43848729133606,-2795.2687729037957,1,1789162820.0770626,38.991471805,-76.93660552,-10.425,0,1,8.602488999999998,6.911641,64.931364,1,1,1789162821.0414805,0.4808637303164468,-0.865431936377327,-0.09329555780990163,0.10532604263562331,164.6977878651484,-5.31205827054739,-121.16978509083357,-0.023517264473072393,-0.10499883326705367,-0.32934607331228277,7.089325468425751,2.1093123832893372,-17.713065721645354
2026-09-11T17:40:21.082,21.317766016000007,-333.7705993652344,-30039.353942871094,-120157.41577148438,-228.63286056518555,-70.21906402587891,-6.896700382232666,-4.724239761829376,-10.567823375602567,-1.5937044444718567,0.0,-0.07702445983886719,-630.984375,-27.728805541992188,-0.03051757998764515,-10.986328795552254,1151.2743636036,1,1789162821.0762348,38.991470138333334,-76.93663035333333,-10.470000000000002,0,1,8.602488999999998,9.541921,78.51732100000001,1,1,1789162821.0694804,0.4852648575979246,-0.8628839110758947,-0.09466565848099394,0.10482264588910842,164.56403523118803,-5.107444613923157,-120.60268607603118,0.04145209333364093,-0.014245202821852519,-0.35050330357080844,3.0429054786872864,1.2879073657417297,-0.5441710174751282
2026-09-11T17:40:21.116,21.351227680000022,-334.00262451171875,-30060.236206054688,-120240.94482421875,-228.79179779052737,-70.37800125122071,-6.897505283355713,-4.724791119098664,-10.569056726688123,-0.016477281861638195,0.0,-0.07435989379882812,-609.15625,-26.769561767578125,0.1373291164636612,49.43848192691803,1805.7921662964316,1,1789162821.0762348,38.991470138333334,-76.93663035333333,-10.470000000000002,0,1,8.602488999999998,9.541921,78.51732100000001,1,1,1789162821.1094804,0.4910988481342806,-0.8597994250031242,-0.096627847204908,0.10114311281557736,164.5536200230491,-4.532118653927553,-119.91690260028072,0.15093397931736724,-0.12511026223778432,-0.30366006271068224,-0.04344346021652221,0.9033886128997802,-6.876815359420776
2026-09-11T17:40:21.149,21.38464860800002,-334.2276916503906,-30080.492248535156,-120321.96899414062,-228.9459687805176,-70.53217224121094,-6.741944789886475,-4.618232181072235,-10.33069117097403,3.188389563163371,0.0,-0.06923103332519531,-567.140625,-24.923171997070312,0.12207034230232239,43.94532322883606,-164.3628416925547,1,1789162821.0762348,38.991470138333334,-76.93663035333333,-10.470000000000002,0,1,8.602488999999998,9.541921,78.51732100000001,1,1,1789162821.1414804,0.4948949720856369,-0.8575225514257849,-0.09838338402233944,0.10027337706929779,164.41127867243915,-4.27792245792209,-119.43379543873827,-0.12155886627582627,-0.08106914749173501,-0.25914736000074406,2.564046751289368,-1.718713507347107,-0.3483322137451172
2026-09-11T17:40:21.183,21.418064447999996,-334.4513854980469,-30100.62469482422,-120402.49877929688,-229.09919906616213,-70.68540252685547,-6.716310024261475,-4.6006723666191105,-10.291410984742093,0.5254937315099039,0.0,-0.06196784973144531,-507.640625,-22.308425903320312,0.061035215854644775,21.97267770767212,-657.5517934362957,1,1789162821.0762348,38.991470138333334,-76.93663035333333,-10.470000000000002,0,1,8.602488999999998,9.541921,78.51732100000001,1,1,1789162821.1814804,0.4988605155054201,-0.8554509291722736,-0.09968469244067689,0.09697863651839825,164.46061466848175,-3.810882398992339,-118.9822105090436,-0.1933189511361991,-0.12738355358850695,-0.23395492851160749,-3.313667089653015,-4.543126820430755,-12.273807209434509
2026-09-11T17:40:21.216,21.45160947200003,-334.6698303222656,-30120.284729003906,-120481.13891601562,-229.24883377075196,-70.83503723144531,-6.509679794311523,-4.459130659103394,-9.974791202360839,4.219454650429596,0.0,-0.06027030944824219,-493.734375,-21.697311401367188,0.1678467094898224,60.42481541633606,1146.2843999940148,1,1789162821.0762348,38.991470138333334,-76.93663035333333,-10.470000000000002,0,1,8.602488999999998,9.541921,78.51732100000001,1,1,1789162821.2094805,0.5013817103448217,-0.8544458160130851,-0.09821510088883195,0.09430016960128418,164.75681773082692,-3.592636781784191,-118.71099343371479,0.13103740037755707,-0.014311001734652705,-0.1798474527717557,-0.9337892284011841,-2.3344730710029604,-8.866584677238466
2026-09-11T17:40:21.249,21.485013503999994,-334.8825988769531,-30139.43389892578,-120557.73559570312,-229.3945802307129,-70.98078369140626,-6.407763481140137,-4.389317984580994,-9.818624697076299,2.089947540538659,0.0,-0.05764961242675781,-472.265625,-20.753860473632812,-0.0762939527630806,-27.465822994709015,-2631.138612582416,1,1789162821.0762348,38.991470138333334,-76.93663035333333,-10.470000000000002,0,1,8.602488999999998,9.541921,78.51732100000001,1,1,1789162821.2414804,0.503583445145242,-0.8530499735537498,-0.09922077495434894,0.09415250508113976,164.65706509626654,-3.480090896945855,-118.42159542074333,-0.07785931246439223,-0.08485406850760992,-0.15331687734511507,8.524136453590392,0.516418197517395,-2.7067335111427306
2026-09-11T17:40:21.283,21.518422687999987,-335.090087890625,-30158.10791015625,-120632.431640625,-229.53671020507815,-71.12291366577149,-6.174908638000488,-4.229812417030335,-9.461820904237495,4.774303004547894,0.0,-0.04604148864746094,-377.171875,-16.574935913085938,0.7171631455421448,258.1787323951721,8549.88123594825,1,1789162821.0762348,38.991470138333334,-76.93663035333333,-10.470000000000002,0,1,8.602488999999998,9.541921,78.51732100000001,1,1,1789162821.2814806,0.5066004829196464,-0.8518390074520603,-0.09826930022620459,0.08982984315761429,165.00081971607278,-3.065329772203454,-118.11529557872984,0.0791370680097773,0.07212765120084286,-0.11467127344868104,0.0796299993133545,-4.695816363449096,-15.25012553352356
2026-09-11T17:40:21.316,21.551840800000036,-335.2932434082031,-30176.39190673828,-120705.56762695312,-229.67587173461916,-71.2620751953125,-6.07192325592041,-4.159267430305481,-9.304016263210174,2.11098061807769,0.0,-0.03241729736328125,-265.5625,-11.67022705078125,-0.1678466945886612,-60.42481005191803,-9533.858239706035,1,1789162821.0762348,38.991470138333334,-76.93663035333333,-10.470000000000002,0,1,8.602488999999998,9.541921,78.51732100000001,1,1,1789162821.3094804,0.5078861795237333,-0.8511616455675202,-0.0975793593415651,0.08974268991994137,165.06987550752254,-3.0755474583853197,-117.94804997798262,-0.023863712329593268,-0.08028113133445958,-0.05336920146625821,0.4639526191520691,-1.1271763695907593,-11.051702466278076
2026-09-11T17:40:21.350,21.585262432000036,-335.49090576171875,-30194.181518554688,-120776.72607421875,-229.81127044677737,-71.39747390747071,-5.942516326904297,-4.070623683929444,-9.105725849877953,2.6522865901951724,0.0,-0.0304412841796875,-249.375,-10.9588623046875,0.1831054985523224,65.91797947883606,3780.2699021626363,1,1789162821.0762348,38.991470138333334,-76.93663035333333,-10.470000000000002,0,1,8.602488999999998,9.541921,78.51732100000001,1,1,1789162821.3414805,0.5084876463592004,-0.8507470004245887,-0.0988328380174487,0.08889277191123071,164.9952737830601,-2.908434669369433,-117.88375325008079,-0.0026057765732275338,-0.15339454449682882,-0.025653198411663053,-9.281602112083435,-1.5509217230796815,-0.35598140087127683
2026-09-11T17:40:21.383,21.61866220799999,-335.6851806640625,-30211.666259765625,-120846.6650390625,-229.94434875488284,-71.53055221557618,-5.811520576477051,-3.98089159488678,-8.905000883336559,2.686607510265618,0.0,-0.027593612670898438,-226.046875,-9.933700561523438,0.1220703274011612,43.94531786441803,-657.868532245507,1,1789162821.0762348,38.991470138333334,-76.93663035333333,-10.470000000000002,0,1,8.602488999999998,9.541921,78.51732100000001,1,1,1789162821.3814805,0.5087958470435948,-0.8509737873652572,-0.09883491730737715,0.08486494193284412,165.2373800698198,-2.5139192252662466,-117.92401202741503,0.02390245863898754,-0.31106514566104376,-0.018668914343957347,-2.4679415797042847,3.05918451795578,7.04392067817688
2026-09-11T17:40:21.416,21.652070688000038,-335.8742370605469,-30228.68133544922,-120914.72534179688,-230.07385238647464,-71.66005584716797,-5.656827926635742,-3.8749271297454837,-8.667965125593861,3.171783485544486,0.0,-0.025457382202148438,-208.546875,-9.164657592773438,0.061035171151161194,21.97266161441803,-657.6969754376213,1,1789162821.0762348,38.991470138333334,-76.93663035333333,-10.470000000000002,0,1,8.602488999999998,9.541921,78.51732100000001,1,1,1789162821.4094806,0.5092488485937355,-0.8505949519895641,-0.10178965687150908,0.08241785977448048,165.0914077640332,-2.0938188675716276,-117.90833130193269,-0.09503666842959523,-0.16055685214823795,-0.0032969269570172887,-11.187034238510131,-0.952421863708496,3.4630223716163635
2026-09-11T17:40:21.450,21.685477216000038,-336.05731201171875,-30245.158081054688,-120980.63232421875,-230.19925872802736,-71.78546218872071,-5.502247333526611,-3.769039423465729,-8.43110107253428,3.1696710978091875,0.0,-0.026653289794921875,-218.34375,-9.595184326171875,-0.01525880303233862,-5.493169091641903,-822.1695683568066,1,1789162821.0762348,38.991470138333334,-76.93663035333333,-10.470000000000002,0,1,8.602488999999998,9.541921,78.51732100000001,1,1,1789162821.4414804,0.5092852775987321,-0.85083474943087,-0.10031776030894551,0.08151737329359944,165.29108858465085,-2.093762170622059,-117.92267181599918,0.21348343811619042,-0.11343907099677304,0.018427186242556133,-3.6553307812881473,4.214702106513977,-2.3156443026924136
2026-09-11T17:40:21.484,21.718885408000006,-336.2366638183594,-30261.299743652344,-121045.19897460938,-230.3221147155762,-71.90831817626953,-5.372612476348877,-3.680239546298981,-8.232461404570008,2.658027024235078,0.0,-0.027948379516601562,-228.953125,-10.061416625976562,0.2746582329273224,98.87696385383606,3124.088036418709,1,1789162821.0762348,38.991470138333334,-76.93663035333333,-10.470000000000002,0,1,8.602488999999998,9.541921,78.51732100000001,1,1,1789162821.4814804,0.509183219243252,-0.8509079517379503,-0.10016137514706888,0.08158312226712329,165.30284323796533,-2.111166656951271,-117.93510901434536,0.16416549490966142,0.15649564551177236,0.008164650240829473,7.169249667243958,-0.7836494144248962,2.1327502771759033
2026-09-11T17:40:21.517,21.752303296000036,-336.414306640625,-30277.28759765625,-121109.150390625,-230.44380004882814,-72.03000350952149,-5.295987129211426,-3.627751183509827,-8.115048280936433,1.5706666677770198,0.0,-0.028167724609375,-230.75,-10.140380859375,0.01525880303233862,5.493169091641903,-2794.4253916377925,1,1789162821.0762348,38.991470138333334,-76.93663035333333,-10.470000000000002,0,1,8.602488999999998,9.541921,78.51732100000001,1,1,1789162821.5094805,0.5095152493714928,-0.850800727472751,-0.10027030372930938,0.08048725973578108,165.35721009327807,-1.993076985256007,-117.91202052061689,-0.03253119192792231,0.0563285817459398,0.0051122439120165905,3.611200855560303,-3.85568064409256,-6.651948871212006
2026-09-11T17:40:21.550,21.785711456,-336.5903625488281,-30293.13262939453,-121172.53051757812,-230.5643983459473,-72.15060180664064,-5.244817733764648,-3.5927001476287845,-8.036641346700028,1.0491758864025762,0.0,-0.030431747436523438,-249.296875,-10.955429077148438,-0.0457763746380806,-16.479494869709015,-657.703506010926,1,1789162821.0762348,38.991470138333334,-76.93663035333333,-10.470000000000002,0,1,8.602488999999998,9.541921,78.51732100000001,1,1,1789162821.5414805,0.509697361604461,-0.8505110158088477,-0.09969660987436445,0.08306742767662878,165.25811816199936,-2.2734815335343326,-117.83872381713003,-0.15902288226866015,0.09178354923680301,-0.021778916538086043,4.645998580627442,-4.370725910587311,-2.484809017982483
2026-09-11T17:40:21.584,21.819110816000034,-336.7634582519531,-30308.71124267578,-121234.84497070312,-230.6829689025879,-72.26917236328126,-5.246472358703613,-3.5938335657119755,-8.039176730744389,-0.03393532340709222,0.0,-0.03190803527832031,-261.390625,-11.486892700195312,-0.0610351637005806,-21.972658932209015,-164.46914139955476,1,1789162821.0762348,38.991470138333334,-76.93663035333333,-10.470000000000002,0,1,8.602488999999998,9.541921,78.51732100000001,1,1,1789162821.5814805,0.5105369491925906,-0.8500136944434771,-0.09998454495251768,0.08265490631723797,165.25241310662216,-2.202074857907453,-117.73508020391643,0.04197324864828643,0.06017738181243768,-0.017579654357787685,-1.3368425500488281,-3.580604107055664,-13.702832271003723
2026-09-11T17:40:21.617,21.852517376000037,-336.9337463378906,-30324.037170410156,-121296.14868164062,-230.79961624145508,-72.38581970214844,-5.144408702850342,-3.5239199614524845,-7.882784452068004,2.0928106413675804,0.0,-0.03324699401855469,-272.359375,-11.968917846679688,0.0762939527630806,27.465822994709015,1479.903406005092,1,1789162821.0762348,38.991470138333334,-76.93663035333333,-10.470000000000002,0,1,8.602488999999998,9.541921,78.51732100000001,1,1,1789162821.6094804,0.5110376885763227,-0.8499352871358905,-0.09807772284832048,0.08265136911563416,165.43967926348222,-2.3069964364820748,-117.6710655922245,-0.082801037708489,0.09736144699325168,-0.036177882867039254,12.382072627220154,-3.0472204047584532,-11.531443792190553
2026-09-11T17:40:21.650,21.88593731200001,-337.1064758300781,-30339.58282470703,-121358.33129882812,-230.91793594360354,-72.50413940429688,-5.119081497192383,-3.5065708255767825,-7.843975540391863,0.5191253470897169,0.0,-0.03713035583496094,-304.171875,-13.366928100585938,-0.2288818657398224,-82.39747166633606,-3287.35802070758,1,1789162821.0762348,38.991470138333334,-76.93663035333333,-10.470000000000002,0,1,8.602488999999998,9.541921,78.51732100000001,1,1,1789162821.6414804,0.5121692869088745,-0.8491201316897926,-0.10018538660286962,0.08148933560655514,165.29905594764895,-2.0496043146897116,-117.54079361319776,-0.07212433507526407,-0.17015913009393516,-0.16650912302923943,1.299969545440674,4.090647981967926,-13.876115779361726
2026-09-11T17:40:21.684,21.919346848000032,-337.2803955078125,-30355.235595703125,-121420.9423828125,-231.03707092285157,-72.62327438354492,-5.146116733551025,-3.5250899624824528,-7.885401669833681,-0.5543069172124433,0.0,-0.04992485046386719,-408.984375,-17.972946166992188,-0.6866455674171448,-247.19240427017212,-4932.571724543789,1,1789162821.0762348,38.991470138333334,-76.93663035333333,-10.470000000000002,0,1,8.602488999999998,9.541921,78.51732100000001,1,1,1789162821.6814804,0.5138844320477277,-0.8480830870172036,-0.09958487661713884,0.08222359979655425,165.3097063828738,-2.127001498104869,-117.29939278272964,-0.0638989473764652,-0.13731918942133506,-0.1705431025293739,4.121636996479034,0.33362223850250244,-9.252966693611146
2026-09-11T17:40:21.717,21.952753440000038,-337.45623779296875,-30371.061401367188,-121484.24560546875,-231.15752288818362,-72.74372634887696,-5.275332450866699,-3.613602728843689,-8.083399089217263,-2.6495598940838145,0.0,-0.07348823547363281,-602.015625,-26.455764770507812,-0.6866455674171448,-247.19240427017212,0.0,1,1789162821.0762348,38.991470138333334,-76.93663035333333,-10.470000000000002,0,1,8.602488999999998,9.541921,78.51732100000001,1,1,1789162821.7094805,0.516530267649286,-0.846256808873988,-0.10014881388416087,0.08376222963942057,165.15394807844598,-2.1954770644905945,-116.91659865929999,-0.1532121575899954,0.05109015052900401,-0.23390187050234687,-2.4565658655166627,0.9268265067863464,-4.239905197429657
2026-09-11T17:40:21.750,21.986157216000038,-337.63720703125,-30387.3486328125,-121549.39453125,-231.28148681640627,-72.86769027709961,-5.432642459869385,-3.721360085010529,-8.324445429962699,-3.2259034477670894,0.0,-0.09226226806640625,-755.8125,-33.21441650390625,-0.8239746689796448,-296.6308808326721,-1480.0265862907188,1,1789162821.0762348,38.991470138333334,-76.93663035333333,-10.470000000000002,0,1,8.602488999999998,9.541921,78.51732100000001,1,1,1789162821.7414804,0.5217074841466215,-0.8433748099186189,-0.09648528960521338,0.08503422763766469,165.42170813468584,-2.450557362836932,-116.20504113185777,-0.009373988879536345,0.1272770885041353,-0.35187844848845473,2.2179700670814517,-0.8866192411231995,-10.15164811443329
2026-09-11T17:40:21.784,22.019565855999986,-337.8232727050781,-30404.09454345703,-121616.37817382812,-231.40894180297855,-72.99514526367189,-5.5629987716674805,-3.8106541585922242,-8.52419058382297,-2.672783854171695,0.0,-0.11441802978515625,-937.3125,-41.19049072265625,-0.030517637729644775,-10.98634958267212,8550.019732932746,1,1789162821.0762348,38.991470138333334,-76.93663035333333,-10.470000000000002,0,1,8.602488999999998,9.541921,78.51732100000001,1,1,1789162821.7814806,0.5287312715634529,-0.8388436420887302,-0.09600461752984243,0.08699252847892801,165.32670099699638,-2.546201381588529,-115.22485927016113,0.0303179399034683,0.08296893838253085,-0.4634006243677624,-6.78963423948288,4.014450310211181,-8.33712363500595
2026-09-11T17:40:21.818,22.052983712000014,-338.0164489746094,-30421.480407714844,-121685.92163085938,-231.54126754760745,-73.12747100830079,-5.745833396911621,-3.935895876884461,-8.804348328750127,-3.747748457954064,0.0,-0.126251220703125,-1034.25,-45.450439453125,-0.4272461533546448,-153.80861520767212,-4273.830901206809,1,1789162821.0762348,38.991470138333334,-76.93663035333333,-10.470000000000002,0,1,8.602488999999998,9.541921,78.51732100000001,1,1,1789162821.8094804,0.5347334498686289,-0.8352925256514896,-0.09455213130814347,0.08606061031294936,165.50922934724323,-2.4444749444329075,-114.4364602115713,0.10822996131127077,-0.0397989174661519,-0.4948533773508775,3.2798341465950016,0.9797824176597595,-14.710367508621216
2026-09-11T17:40:21.851,22.08638790399999,-338.2112121582031,-30439.00909423828,-121756.03637695312,-231.67468032836916,-73.2608837890625,-5.850489616394043,-4.00758538722992,-8.964713196201492,-2.146123167580488,0.0,-0.14030075073242188,-1149.34375,-50.508270263671875,-0.10681158304214478,-38.45216989517212,3453.35236106226,1,1789162821.0762348,38.991470138333334,-76.93663035333333,-10.470000000000002,0,1,8.602488999999998,9.541921,78.51732100000001,1,1,1789162821.8414805,0.5428136957772309,-0.8300507586836847,-0.09367928071163009,0.0871390959940183,165.50184560685798,-2.462124353350559,-113.32121847594699,0.13976352303875314,-0.10675428542870957,-0.5767265980290062,2.038900635128021,0.6934282329368591,-10.96148128479004
2026-09-11T17:40:21.884,22.11978585600002,-338.4117431640625,-30457.056884765625,-121828.2275390625,-231.81204406738283,-73.39824752807618,-5.981418132781982,-4.097271420955658,-9.165335139933012,-2.6853752507236988,0.0,-0.1423664093017578,-1166.265625,-51.25190734863281,-0.030517585575580597,-10.986330807209015,822.3809378472843,1,1789162821.0762348,38.991470138333334,-76.93663035333333,-10.470000000000002,0,1,8.602488999999998,9.541921,78.51732100000001,1,1,1789162821.8814805,0.5532711886749335,-0.8226538218001063,-0.09524720982311422,0.08977555502928938,165.15049950748232,-2.4250994169988354,-111.83875905573258,0.014162125149457588,-0.015185411689901862,-0.6551845584268325,0.45963769308090213,1.934557877407074,-7.782263368854522
2026-09-11T17:40:21.917,22.153184415999988,-338.6181335449219,-30475.63201904297,-121902.52807617188,-231.9534214782715,-73.53962493896485,-6.138846397399902,-4.205109782218933,-9.406562683918505,-3.2288326581560334,0.0,-0.14530181884765625,-1190.3125,-52.30865478515625,-0.01525880303233862,-5.493169091641903,164.47301067988056,1,1789162821.0762348,38.991470138333334,-76.93663035333333,-10.470000000000002,0,1,8.602488999999998,9.541921,78.51732100000001,1,1,1789162821.9094806,0.5607741053211174,-0.8170448282474198,-0.09959184572569975,0.08973079571915735,164.71976769430253,-2.0018123439696787,-110.8043742996701,-0.1773858403947429,-0.11673599795379033,-0.6721208844223351,3.7176030098152157,2.631810703907013,-8.430973277053834
2026-09-11T17:40:21.951,22.186606143999995,-338.8263854980469,-30494.37469482422,-121977.49877929688,-232.09607406616212,-73.68227752685547,-6.217836380004883,-4.259217920303345,-9.527599141695017,-1.6189509436615466,0.0,-0.14592933654785156,-1195.453125,-52.53456115722656,-0.015258795581758022,-5.493166409432888,8.025345113490163e-05,1,1789162821.0762348,38.991470138333334,-76.93663035333333,-10.470000000000002,0,1,8.602488999999998,9.541921,78.51732100000001,1,1,1789162821.9414804,0.5694856181215349,-0.811110019260658,-0.0995887629905768,0.08870595072324622,164.76905078254538,-1.7461778010687654,-109.6206273295564,-0.14366904630594082,-0.1223159901053414,-0.6634699854519,2.3218224922943116,2.58915177570343,-9.910110320949554
2026-09-11T17:40:21.985,22.22002809600002,-339.03546142578125,-30513.191528320312,-122052.76611328125,-232.23929107666018,-73.82549453735352,-6.27100944519043,-4.295641469955445,-9.609076301797245,-1.0898091665044436,0.0,-0.14481735229492188,-1186.34375,-52.134246826171875,-0.0305175818502903,-10.986329466104507,-164.3579362649834,1,1789162821.0762348,38.991470138333334,-76.93663035333333,-10.470000000000002,0,1,8.602488999999998,9.541921,78.51732100000001,1,1,1789162821.9814804,0.5804684402544894,-0.8035835034980386,-0.1017959571882429,0.08335181986296168,164.90609897367997,-0.9042574069466777,-108.19527737229402,0.004633500098194546,-0.12062808218573769,-0.6676345155800837,-2.0854822233963013,1.5220901716041564,-6.33333080745697
2026-09-11T17:40:22.018,22.253449439999997,-339.2477111816406,-30532.294006347656,-122129.17602539062,-232.38468215942385,-73.97088562011719,-6.323584079742432,-4.331655094623566,-9.68963648582579,-1.0775636272481268,0.0,-0.14530563354492188,-1190.34375,-52.310028076171875,-0.030517593026161194,-10.98633348941803,-0.00012038155983020267,1,1789162821.0762348,38.991470138333334,-76.93663035333333,-10.470000000000002,0,1,8.602488999999998,9.541921,78.51732100000001,1,1,1789162822.0094805,0.5882253916766783,-0.7981097091895365,-0.10054842050362489,0.08307704748267333,165.0331656402818,-0.8204421991738748,-107.110072538295,0.04136814299662,-0.011812388377497622,-0.6982030847641384,5.08092351530075,0.10395049171447754,-10.862041852149964
2026-09-11T17:40:22.051,22.28685017600003,-339.46002197265625,-30551.401977539062,-122205.60791015625,-232.53011505126955,-74.1163185119629,-6.375516891479492,-4.367229070663453,-9.769213203882087,-1.065065633279806,0.0,-0.150238037109375,-1230.75,-54.085693359375,-0.4119873344898224,-148.31544041633606,-4111.559305962096,1,1789162821.0762348,38.991470138333334,-76.93663035333333,-10.470000000000002,0,1,8.602488999999998,9.541921,78.51732100000001,1,1,1789162822.0414805,0.5969476367737375,-0.7917384285319242,-0.09900498918959122,0.08367671032980288,165.12568336215398,-0.8192742360242068,-105.86260095290231,-0.03612063606757385,0.00795643246106655,-0.713264927142999,5.496137083148956,0.8424893153953552,-7.978788638095856
2026-09-11T17:40:22.085,22.320258432000003,-339.67327880859375,-30570.595092773438,-122282.38037109375,-232.67619598388674,-74.26239944458008,-6.376460552215576,-4.36787547826767,-9.770659176511419,-0.019348738354293994,0.0,-0.16999244689941406,-1392.578125,-61.19728088378906,-0.6866455674171448,-247.19240427017212,-2959.656554772459,1,1789162822.0745335,38.991463966666664,-76.93665399,-10.403000000000002,0,1,8.602488999999998,6.911641,64.96360000000001,1,1,1789162822.0814805,0.6091480482506593,-0.7827381492642554,-0.09648023487228066,0.0833739124532972,165.36663086438728,-0.7436278675367145,-104.12247525788398,0.007230899091012507,0.14930541259233132,-0.7817486799315282,4.679341191177368,-0.6369419280052184,-10.134682609653472
2026-09-11T17:40:22.118,22.35366572800001,-339.8868408203125,-30589.815673828125,-122359.2626953125,-232.82248596191408,-74.40868942260742,-6.377488613128662,-4.368579699993134,-9.772234475646764,-0.02107987804413505,0.0,-0.17550086975097656,-1437.703125,-63.18031311035156,0.0915527492761612,32.95898973941803,8385.934438079943,1,1789162822.0745335,38.991463966666664,-76.93665399,-10.403000000000002,0,1,8.602488999999998,6.911641,64.96360000000001,1,1,1789162822.1094804,0.6179832029522262,-0.775763305024717,-0.09530893302733229,0.08487792841031745,165.3564395809588,-0.795962822331561,-102.81515370771854,-0.08509178235173154,0.09038239891330196,-0.813152214629737,2.7839118479156495,2.037331571102142,-7.601624872875214
2026-09-11T17:40:22.152,22.387078080000038,-340.0935974121094,-30608.423767089844,-122433.69506835938,-232.96411422729494,-74.55031768798828,-6.22222375869751,-4.262223274707795,-9.534321928032815,3.183146917800086,0.0,-0.17639732360839844,-1445.046875,-63.50303649902344,-0.2288818657398224,-82.39747166633606,-3452.5094613410906,1,1789162822.0745335,38.991463966666664,-76.93665399,-10.403000000000002,0,1,8.602488999999998,6.911641,64.96360000000001,1,1,1789162822.1494803,0.6320561543870102,-0.7644284318244086,-0.09399969693170021,0.08554675503330243,165.4117552455479,-0.6854211032834316,-100.74200112650269,-0.4390993579946942,0.20199882257221732,-0.8864542978842468,0.07217694519042969,5.120346248950958,7.024993843364716
2026-09-11T17:40:22.185,22.420485056000018,-340.3026428222656,-30627.237854003906,-122508.95141601562,-233.10731033325197,-74.69351379394531,-6.275629997253418,-4.298806548118591,-9.616156380007576,-1.0950788664863786,0.0,-0.17506027221679688,-1434.09375,-63.021697998046875,0.03051757998764515,10.986328795552254,2795.3383287952306,1,1789162822.0745335,38.991463966666664,-76.93665399,-10.403000000000002,0,1,8.602488999999998,6.911641,64.96360000000001,1,1,1789162822.1814804,0.642069700442267,-0.7564239573359914,-0.09108675236265892,0.08527895453251791,165.68052237709338,-0.6902017056359184,-99.26260373658181,-0.2389443012442837,0.3011506283121648,-0.7695694233452613,-0.2296717467880249,0.2628182243347168,-8.593959802742004
2026-09-11T17:40:22.218,22.453890688,-340.5068664550781,-30645.61798095703,-122582.47192382812,-233.24720352172852,-74.83340698242188,-6.121781349182129,-4.193420224189759,-9.38041388732497,3.1547471973853267,0.0,-0.17023658752441406,-1394.578125,-61.28517150878906,0.2593994736671448,93.38381052017212,2466.5745502034342,1,1789162822.0745335,38.991463966666664,-76.93665399,-10.403000000000002,0,1,8.602488999999998,6.911641,64.96360000000001,1,1,1789162822.2094805,0.6503545946040542,-0.7493989166031492,-0.09089684576155885,0.08472265636783266,165.7327568678528,-0.5014459564470575,-98.03206639852101,-0.17884807724206372,0.13777681475120798,-0.7373893916628402,4.465948483657837,4.115654939880371,-8.662606353874207
2026-09-11T17:40:22.252,22.48729481600003,-340.7054748535156,-30663.492736816406,-122653.97094726562,-233.38325027465822,-74.96945373535156,-5.967851638793945,-4.087978372573853,-9.144547182743935,3.156551538055818,0.0,-0.15903091430664062,-1302.78125,-57.251129150390625,0.16784673929214478,60.42482614517212,-986.6739935546636,1,1789162822.0745335,38.991463966666664,-76.93665399,-10.403000000000002,0,1,8.602488999999998,6.911641,64.96360000000001,1,1,1789162822.2494805,0.6611060706484156,-0.740241912359737,-0.09171390891351718,0.08105080782826556,165.9394292558075,0.07281343973743913,-96.47323984123835,-0.026326546437082467,-0.11688609626946184,-0.644930923604291,-3.7201527388572693,-3.513134353942871,-6.119447767429351
2026-09-11T17:40:22.285,22.520706431999997,-340.8968200683594,-30680.713806152344,-122722.85522460938,-233.5143217468262,-75.10052520751954,-5.787160396575928,-3.964204871654511,-8.86767374654283,3.7045050715136267,0.0,-0.14347267150878906,-1175.328125,-51.65016174316406,0.7324219346046448,263.6718964576721,6083.126009610033,1,1789162822.0745335,38.991463966666664,-76.93665399,-10.403000000000002,0,1,8.602488999999998,6.911641,64.96360000000001,1,1,1789162822.2814806,0.6681328044362882,-0.7340907078523478,-0.09311177749757982,0.0777147680443099,166.0800886180243,0.5914569532853672,-95.45839977794637,-0.04680606534705873,-0.1868064295653075,-0.5284425878713587,0.8205224190330505,-0.0015690640258789064,-11.484175738410949
2026-09-11T17:40:22.319,22.554125120000037,-341.0857849121094,-30697.720642089844,-122790.88256835938,-233.64376266479493,-75.22996612548829,-5.657362461090088,-3.8752932858467104,-8.668784193465251,2.6605349021389904,0.0,-0.13586044311523438,-1112.96875,-48.909759521484375,-0.0915527418255806,-32.958987057209015,-8876.197758407636,1,1789162822.0745335,38.991463966666664,-76.93665399,-10.403000000000002,0,1,8.602488999999998,6.911641,64.96360000000001,1,1,1789162822.3094804,0.6736705882055495,-0.7294921353850845,-0.09190784534368143,0.07457956129115134,166.4317965874268,0.8606618211126934,-94.65874186231714,0.09355750188853004,-0.14625248266474283,-0.5296960833401411,8.046454524211883,0.8163055594635009,-15.736437315044403
2026-09-11T17:40:22.352,22.58753760000002,-341.273193359375,-30714.58740234375,-122858.349609375,-233.7721374511719,-75.35834091186524,-5.6060075759887695,-3.8401151895523076,-8.590093033178917,1.0528430183698576,0.0,-0.13313865661621094,-1090.671875,-47.92991638183594,-0.03051757998764515,-10.986328795552254,657.6182989610185,1,1789162822.0745335,38.991463966666664,-76.93665399,-10.403000000000002,0,1,8.602488999999998,6.911641,64.96360000000001,1,1,1789162822.3494804,0.6809444690669055,-0.7228930396974705,-0.09145601017475324,0.07332176625707411,166.57797387720277,1.0626306070155427,-93.54817378128267,-0.2386266513204207,-0.0244702142446613,-0.4762483420575431,3.555106816635132,0.09041731449127198,-3.036923422088623
2026-09-11T17:40:22.385,22.620942367999987,-341.45782470703125,-30731.204223632812,-122924.81689453125,-233.89860992431642,-75.48481338500977,-5.555404186248779,-3.8054518675804143,-8.512553390256823,1.037675878243667,0.0,-0.13333892822265625,-1092.3125,-48.00201416015625,0.1068115308880806,38.452151119709015,1479.9827352582688,1,1789162822.0745335,38.991463966666664,-76.93665399,-10.403000000000002,0,1,8.602488999999998,6.911641,64.96360000000001,1,1,1789162822.3814805,0.6869574037548033,-0.7175333853189663,-0.08937313206305209,0.07244176726450353,166.83090865874394,1.0790748992559123,-92.61884386878134,-0.01398986115228575,0.12587803257573663,-0.4798583810823682,4.1012391641426085,-1.1999417137908934,-10.610010942993163
2026-09-11T17:40:22.418,22.654347200000018,-341.64385986328125,-30747.947387695312,-122991.78955078125,-234.02604400634766,-75.61224746704102,-5.556141376495361,-3.805956842899323,-8.513682987874281,-0.01511683456178201,0.0,-0.13295555114746094,-1089.171875,-47.86399841308594,0.2441406548023224,87.89063572883606,1479.9800402852409,1,1789162822.0745335,38.991463966666664,-76.93665399,-10.403000000000002,0,1,8.602488999999998,6.911641,64.96360000000001,1,1,1789162822.4094806,0.6917023899278253,-0.7129901130390873,-0.08868879384386456,0.0729876724054454,166.85128292597216,1.0665379434264657,-91.85939267186937,-0.023719897199228936,0.1210890236411894,-0.44753296347325594,5.968915687446594,0.9390848194885254,-4.721117520866394
2026-09-11T17:40:22.452,22.68775020800001,-341.82745361328125,-30764.470825195312,-123057.88330078125,-234.1518057250977,-75.73800918579101,-5.504976749420166,-3.770909073352814,-8.435283360220136,1.04923992313853,0.0,-0.13260459899902344,-1086.296875,-47.73765563964844,-0.1068115308880806,-38.452151119709015,-3782.3775286516116,1,1789162822.0745335,38.991463966666664,-76.93665399,-10.403000000000002,0,1,8.602488999999998,6.911641,64.96360000000001,1,1,1789162822.4494805,0.699084515692033,-0.7060749625009468,-0.08508597480408693,0.07415769778357742,167.06403973361057,0.8160792115310349,-90.66259029892667,0.1040319208614488,0.17087611135065445,-0.5037877177918364,-0.19623106973648072,5.844273163890838,-8.707324678611755
2026-09-11T17:40:22.486,22.721167296000033,-342.0105285644531,-30780.94757080078,-123123.79028320312,-234.2772120666504,-75.86341552734376,-5.453938961029053,-3.7359481883049015,-8.357078087654118,1.0461978329138104,0.0,-0.13231849670410156,-1083.953125,-47.63465881347656,-0.0457763709127903,-16.479493528604507,657.5275975899024,1,1789162822.0745335,38.991463966666664,-76.93665399,-10.403000000000002,0,1,8.602488999999998,6.911641,64.96360000000001,1,1,1789162822.4814804,0.7046893778806484,-0.7006214762175222,-0.08250128831863435,0.07573615510923672,167.15250693151032,0.5816085306419942,-89.73377945294685,0.025705383756297683,0.37160084356891593,-0.4584006051266491,8.201497663269043,-5.0958296235466,-5.609305826015472
2026-09-11T17:40:22.519,22.754585376000023,-342.1924133300781,-30797.31719970703,-123189.26879882812,-234.40180313110352,-75.98800659179688,-5.481096267700195,-3.754550943374634,-8.398691265601803,-0.5566673809428351,0.0,-0.13332366943359375,-1092.1875,-47.99652099609375,-0.2288818508386612,-82.39746630191803,-1972.5242375783832,1,1789162822.0745335,38.991463966666664,-76.93665399,-10.403000000000002,0,1,8.602488999999998,6.911641,64.96360000000001,1,1,1789162822.5094805,0.7100740943633076,-0.6955992119786014,-0.07998386063471885,0.07442512241738765,167.4683385260577,0.5757647683818339,-88.88325628310061,0.04980017767885501,0.09293564107604446,-0.524303365017329,-5.104067209682465,0.603207051448822,-16.925101381149293
2026-09-11T17:40:22.552,22.787990207999997,-342.37432861328125,-30813.689575195312,-123254.75830078125,-234.52641510009767,-76.11261856079102,-5.4831366539001465,-3.7559486079216007,-8.40181775215103,-0.041840190873217255,0.0,-0.13200759887695312,-1081.40625,-47.522735595703125,-0.0762939527630806,-27.465822994709015,1644.4220796336324,1,1789162822.0745335,38.991463966666664,-76.93665399,-10.403000000000002,0,1,8.602488999999998,6.911641,64.96360000000001,1,1,1789162822.5494804,0.7172070433570915,-0.6886200221626875,-0.07902837294809807,0.07190993189271562,167.75974820681785,0.8206281586596917,-87.75813312869305,0.1205607124766107,-0.01888673143460624,-0.4419351689633346,2.12333589302063,2.1991412987709045,-13.110510601234436
2026-09-11T17:40:22.586,22.82139715200003,-342.5569152832031,-30830.12237548828,-123320.48950195312,-234.65148696899416,-76.2376904296875,-5.485215663909912,-3.75737272977829,-8.405003422016566,-0.04262951608766697,0.0,-0.12996482849121094,-1064.671875,-46.78733825683594,-0.0610351599752903,-21.972657591104507,164.4318439782692,1,1789162822.0745335,38.991463966666664,-76.93665399,-10.403000000000002,0,1,8.602488999999998,6.911641,64.96360000000001,1,1,1789162822.5814805,0.7226150339343673,-0.6830613622026043,-0.07722672265184483,0.07273734602259539,167.84018841154094,0.7014462232500198,-86.85112733113111,-0.11604921089313057,0.02707092936305805,-0.5105379532068497,0.08012033182144165,1.4344187191581728,-8.019584302768708
2026-09-11T17:40:22.619,22.854803392000008,-342.7414855957031,-30846.73370361328,-123386.93481445312,-234.77791763305666,-76.36412109375,-5.5641045570373535,-3.8114116215705875,-8.525884980249158,-1.6176286763291958,0.0,-0.12833213806152344,-1051.296875,-46.19956970214844,-0.0305175818502903,-10.986329466104507,328.8705381092782,1,1789162822.0745335,38.991463966666664,-76.93665399,-10.403000000000002,0,1,8.602488999999998,6.911641,64.96360000000001,1,1,1789162822.6094804,0.7273031242093286,-0.6780845974375764,-0.07764370675044292,0.07213112390168973,167.86332388604563,0.8662886271924198,-86.08058947924664,0.04409085662973115,0.05747159787307088,-0.49581959162478156,-6.273608307971955,1.526797363681793,-3.2223671766471864
2026-09-11T17:40:22.653,22.888213952,-342.9317932128906,-30863.861389160156,-123455.44555664062,-234.9082783508301,-76.49448181152344,-5.694332599639893,-3.9006178307533266,-8.725433587046624,-2.6700004185131214,0.0,-0.12858200073242188,-1053.34375,-46.289520263671875,-0.030517593026161194,-10.98633348941803,-0.00012042041565121064,1,1789162822.0745335,38.991463966666664,-76.93665399,-10.403000000000002,0,1,8.602488999999998,6.911641,64.96360000000001,1,1,1789162822.6494803,0.7341562112017442,-0.6710037868539143,-0.07518161643166271,0.07152831699634093,168.11537714819235,0.8250051240370219,-84.93922220065856,-0.062726086119125,0.0415524497656306,-0.5389492954354393,2.9863211072540286,3.197556351737976,-10.126150824012758
2026-09-11T17:40:22.686,22.921628736000002,-343.1277770996094,-30881.499938964844,-123525.99975585938,-235.04252731323243,-76.62873077392578,-5.824062824249268,-3.9894830346107484,-8.924219386656102,-2.6594576776979326,0.0,-0.12888526916503906,-1055.828125,-46.39869689941406,0.0457763709127903,16.479493528604507,821.9663193998612,1,1789162822.0745335,38.991463966666664,-76.93665399,-10.403000000000002,0,1,8.602488999999998,6.911641,64.96360000000001,1,1,1789162822.6814804,0.7397355318945186,-0.6652579979197505,-0.07213095266279936,0.07085382646333149,168.41548790585307,0.712978879354936,-84.0036025090971,0.07689868324409456,0.1022801338912221,-0.5214755825632478,1.6349647149658204,2.3140752386665344,-13.985459928665161
2026-09-11T17:40:22.719,22.95504428800001,-343.3306884765625,-30899.761962890625,-123599.0478515625,-235.18152160644533,-76.76772506713868,-6.058926105499268,-4.150364382266998,-9.284100711942989,-4.814565016199964,0.0,-0.1310901641845703,-1073.890625,-47.19245910644531,-0.1220703274011612,-43.94531786441803,-1808.2841005591604,1,1789162822.0745335,38.991463966666664,-76.93665399,-10.403000000000002,0,1,8.602488999999998,6.911641,64.96360000000001,1,1,1789162822.7094805,0.7445689222075134,-0.6595185812532065,-0.07278983025525278,0.07317104397171698,168.17116098776398,0.6806190904480154,-83.13778056683722,0.01568283052672025,0.0716256945079693,-0.5314820787637069,6.220652397098541,3.7813462358665464,-11.663147103862764
2026-09-11T17:40:22.753,22.98844624000003,-343.5421447753906,-30918.793029785156,-123675.17211914062,-235.3263691711426,-76.91257263183594,-6.293412685394287,-4.310987689495087,-9.643404817231303,-4.808800013484052,0.0,-0.134735107421875,-1103.75,-48.504638671875,-0.0915527418255806,-32.958987057209015,328.91283740550637,1,1789162822.0745335,38.991463966666664,-76.93665399,-10.403000000000002,0,1,8.602488999999998,6.911641,64.96360000000001,1,1,1789162822.7494805,0.7521443330509193,-0.6504658757303718,-0.07436635945687317,0.07511784974850683,167.89139115079033,0.8104916350806348,-81.79346294645958,-0.08263278796859673,0.06416109583011474,-0.5672918716915005,11.264800974292754,3.919325803642273,-8.615142167091369
2026-09-11T17:40:22.786,23.021851328000025,-343.7566833496094,-30938.101501464844,-123752.40600585938,-235.47332809448244,-77.05953155517578,-6.398281574249268,-4.382822878360749,-9.804095558251484,-2.150426571714844,0.0,-0.1353302001953125,-1108.625,-48.7188720703125,-0.0915527418255806,-32.958987057209015,0.0,1,1789162822.0745335,38.991463966666664,-76.93665399,-10.403000000000002,0,1,8.602488999999998,6.911641,64.96360000000001,1,1,1789162822.7814806,0.7588257528015606,-0.6430503197765631,-0.0729470235168546,0.07313340468237489,168.1800640607864,0.954089956176179,-80.65652720427532,-0.04119605353237336,-0.056561234135230634,-0.6509704609478922,-1.0640215425491333,-0.2045667223739624,-7.140123916263581
2026-09-11T17:40:22.820,23.055258400000014,-343.9683532714844,-30957.151794433594,-123828.60717773438,-235.61832199096682,-77.20452545166016,-6.347143650054932,-4.347793400287628,-9.725736847457998,1.0485647491983838,0.0,-0.13494110107421875,-1105.4375,-48.57879638671875,0.015258789993822575,5.493164397776127,1151.0183069919526,1,1789162822.0745335,38.991463966666664,-76.93665399,-10.403000000000002,0,1,8.602488999999998,6.911641,64.96360000000001,1,1,1789162822.8094804,0.7641842636259694,-0.6369967962121066,-0.07247535730053417,0.07074472012883223,168.43380902698286,1.1827109896055223,-79.74655392813918,0.053920550976963216,-0.11084620986001027,-0.5877630130210673,9.902559200325012,1.042152712688446,-4.82359701505661
2026-09-11T17:40:22.853,23.088668640000037,-344.1816711425781,-30976.35040283203,-123905.40161132812,-235.76444473266602,-77.35064819335938,-6.374560832977295,-4.366574170589447,-9.767748234138875,-0.5621261715511805,0.0,-0.134857177734375,-1104.75,-48.548583984375,0.015258789993822575,5.493164397776127,0.0,1,1789162822.0745335,38.991463966666664,-76.93665399,-10.403000000000002,0,1,8.602488999999998,6.911641,64.96360000000001,1,1,1789162822.8494804,0.7716758946685298,-0.6283874005061406,-0.07024463742058447,0.06863876008721109,168.79832090858554,1.269132118198634,-78.43736231425747,0.030359129673815363,-0.022928564916374707,-0.5572948002690022,2.7659656781196595,-0.5187717935562134,1.5798513410568236
2026-09-11T17:40:22.887,23.12208422399999,-344.3947448730469,-30995.52703857422,-123982.10815429688,-235.91040023803714,-77.49660369873048,-6.376055717468262,-4.3675981664657595,-9.770038847677512,-0.030644260962594285,0.0,-0.1327228546142578,-1087.265625,-47.78022766113281,0.0,0.0,-164.38929805277985,1,1789162822.0745335,38.991463966666664,-76.93665399,-10.403000000000002,0,1,8.602488999999998,6.911641,64.96360000000001,1,1,1789162822.8814805,0.7772755808701641,-0.6218578018101997,-0.06803355525136422,0.06713405298799564,169.1041349041853,1.2758517234771227,-77.44465829026447,-0.0033201398360688133,-0.08371314677558121,-0.5546389327462424,3.5367683808326724,0.4331597376441956,-5.274702922496795
2026-09-11T17:40:22.920,23.155491168000026,-344.6062927246094,-31014.566345214844,-124058.26538085938,-236.05531051635745,-77.64151397705079,-6.325151443481445,-4.33272873878479,-9.692038159414786,1.0437778349594913,0.0,-0.13445281982421875,-1101.4375,-48.40301513671875,-0.04577639698982239,-16.47950291633606,-493.2957326572244,1,1789162822.0745335,38.991463966666664,-76.93665399,-10.403000000000002,0,1,8.602488999999998,6.911641,64.96360000000001,1,1,1789162822.9094806,0.7819997051497495,-0.6159785974484471,-0.06716685336312453,0.06734569355531028,169.15684110385087,1.2653029370586921,-76.57486805671438,-0.04391771996793332,0.047406982208520375,-0.5578192717092265,-0.40285718864440917,-2.0543951423835756,-10.281488162574767
2026-09-11T17:40:22.953,23.188891584000032,-344.81890869140625,-31033.701782226562,-124134.80712890625,-236.2009524536133,-77.78715591430665,-6.4297871589660645,-4.404404203891755,-9.852371608562432,-2.1459452812489186,0.0,-0.1368694305419922,-1121.234375,-49.27299499511719,-0.1525879055261612,-54.93164598941803,-1151.247429764788,1,1789162822.0745335,38.991463966666664,-76.93665399,-10.403000000000002,0,1,8.602488999999998,6.911641,64.96360000000001,1,1,1789162822.9494805,0.7885441046807009,-0.6071361924990054,-0.06800017088034585,0.07042595751117633,168.8321202315526,1.2449044700277476,-75.31035685287108,-0.5756649142450181,0.11919778486372834,-0.6106062313370194,6.928202206268311,-1.3228190403175355,-5.067096138572693
2026-09-11T17:40:22.987,23.222297567999988,-345.0293273925781,-31052.63946533203,-124210.55786132812,-236.34508926391604,-77.93129272460938,-6.247483253479004,-4.279526028633118,-9.573027086240858,3.738197780936595,0.0,-0.15384292602539062,-1260.28125,-55.383453369140625,-0.7171631455421448,-258.1787323951721,-6084.152061080593,1,1789162822.0745335,38.991463966666664,-76.93665399,-10.403000000000002,0,1,8.602488999999998,6.911641,64.96360000000001,1,1,1789162822.9814804,0.7941349750541316,-0.5997195722210341,-0.06833902278934176,0.07082269449118465,168.7840045607355,1.351922200078525,-74.2519332683366,0.0652833425391471,0.0686354219005274,-0.5482396830438052,-6.274392839984894,1.755096179447174,-4.382690023784638
2026-09-11T17:40:23.020,23.25571891200002,-345.23919677734375,-31071.527709960938,-124286.11083984375,-236.4888497924805,-78.07505325317383,-6.248841285705566,-4.2804562807083135,-9.575108000868623,-0.027834071400443854,0.0,-0.17187881469726562,-1408.03125,-61.876373291015625,0.1068115308880806,38.452151119709015,8875.492365435446,1,1789162822.0745335,38.991463966666664,-76.93665399,-10.403000000000002,0,1,8.602488999999998,6.911641,64.96360000000001,1,1,1789162823.0094805,0.8000938296332197,-0.5916571152784282,-0.06507020789173647,0.07454924391423114,168.67838153979577,0.9115777806522686,-73.05507455609133,-0.13469124716660721,0.27640377938106236,-0.7177312246988525,7.107173571720123,-4.221566761627197,6.460719193058014
2026-09-11T17:40:23.054,23.289133951999986,-345.4467468261719,-31090.20721435547,-124360.82885742188,-236.63102157592775,-78.2172250366211,-6.223662853240967,-4.263209054470063,-9.536527054559006,0.5161515963550625,0.0,-0.17082595825195312,-1399.40625,-61.497344970703125,0.03051757998764515,10.986328795552254,-821.9598816636134,1,1789162822.0745335,38.991463966666664,-76.93665399,-10.403000000000002,0,1,8.602488999999998,6.911641,64.96360000000001,1,1,1789162823.0494804,0.8086576919766372,-0.5797234779492222,-0.0630141110152117,0.0776057223047265,168.54556427027597,0.6837824978402788,-71.3417556124892,-0.2321062757678951,0.13689891413745484,-0.7261924063795958,-0.9152546595954895,-2.1554036390495304,-0.282627657661438
2026-09-11T17:40:23.087,23.32254054399999,-345.64996337890625,-31108.496704101562,-124433.98681640625,-236.7702249145508,-78.35642837524415,-6.09458589553833,-4.1747913384437565,-9.338742256719202,2.6467146372276247,0.0,-0.16365432739257812,-1340.65625,-58.915557861328125,0.13732916116714478,49.43849802017212,1151.035377227742,1,1789162823.0761392,38.991449655,-76.93667018,-10.360000000000003,0,1,8.602488999999998,6.911641,64.979721,1,1,1789162823.0814805,0.8151031691282654,-0.5708287965202735,-0.05818339448372071,0.07984986754294912,168.66187476121524,0.21140648693399258,-70.02923153998184,-0.037154918182305686,0.24499657949142442,-0.6649193068627561,5.290099363250733,-0.15376827453613282,-12.283809992599487
2026-09-11T17:40:23.120,23.35594489600004,-345.847900390625,-31126.31103515625,-124505.244140625,-236.90581176757814,-78.49201522827148,-5.940005302429199,-4.068903632164002,-9.101878203659622,3.1698775740239875,0.0,-0.14795494079589844,-1212.046875,-53.26377868652344,0.5798340439796448,208.74025583267212,4768.892323140177,1,1789162823.0761392,38.991449655,-76.93667018,-10.360000000000003,0,1,8.602488999999998,6.911641,64.979721,1,1,1789162823.1094804,0.820185448235622,-0.5634490275362033,-0.05901595159341628,0.07961244455838687,168.63234869973485,0.4063989620472255,-69.01683464002642,-0.2043091149030822,-0.12565323416807975,-0.6056725346074818,-2.7535112324142452,-1.0483309022903442,-1.327526232395172
2026-09-11T17:40:23.154,23.389344960000017,-346.0413818359375,-31143.724365234375,-124574.8974609375,-237.03834655761722,-78.62455001831056,-5.811172008514404,-3.9806528258323675,-8.904466772173325,2.642234647565183,0.0,-0.1307697296142578,-1071.265625,-47.07710266113281,0.10681158304214478,38.45216989517212,-5098.435917296933,1,1789162823.0761392,38.991449655,-76.93667018,-10.360000000000003,0,1,8.602488999999998,6.911641,64.979721,1,1,1789162823.1494803,0.8261637343194391,-0.5548031062453378,-0.05581513106989718,0.0808187387895531,168.727674549233,0.1459840508463921,-67.78039346180361,0.03976034568968282,0.0928651297742639,-0.5035348195832224,-1.9769226061058043,-0.05197524585723877,-11.65373271970749
2026-09-11T17:40:23.190,23.42278806400003,-346.23553466796875,-31161.198120117188,-124644.79248046875,-237.17134124755862,-78.75754470825196,-5.761358737945557,-3.9465307354927064,-8.828137829931778,1.0203027308603514,0.0,-0.11369705200195312,-931.40625,-40.930938720703125,0.5950928330421448,214.23341989517212,5256.128438315001,1,1789162823.0761392,38.991449655,-76.93667018,-10.360000000000003,0,1,8.602488999999998,6.911641,64.979721,1,1,1789162823.1814804,0.8295632906019388,-0.5491508232837427,-0.05603798785469865,0.0843674350070436,168.37397305389916,0.017946323122871814,-67.00901727384232,-0.20748893026729068,-0.05300983817327258,-0.40218005926140776,4.029062218952179,3.1952027556991576,-6.002454430999755
2026-09-11T17:40:23.221,23.456204128000024,-346.4257507324219,-31178.31756591797,-124713.27026367188,-237.301639251709,-78.88784271240235,-5.736820220947266,-3.9297218513488774,-8.790537426961508,0.5030180736974939,0.0,-0.10311508178710938,-844.71875,-37.121429443359375,-0.1983642876148224,-71.41114354133606,-8548.121150251643,1,1789162823.0761392,38.991449655,-76.93667018,-10.360000000000003,0,1,8.602488999999998,6.911641,64.979721,1,1,1789162823.2094805,0.8326590983962368,-0.5445523614415555,-0.057379678137349635,0.0827594347687691,168.4445489522566,0.31064381776041383,-66.4001595653579,-0.0934475461456544,0.07912362897453694,-0.36588384307108324,-2.239054364929199,-0.27595913555145263,-1.709201056690216
2026-09-11T17:40:23.254,23.48960416,-346.61572265625,-31195.4150390625,-124781.66015625,-237.43177001953126,-79.01797348022461,-5.712027549743652,-3.912738871574402,-8.75254758315676,0.5084719611792086,0.0,-0.10082626342773438,-825.96875,-36.297454833984375,-0.0610351599752903,-21.972657591104507,1480.1927719790576,1,1789162823.0761392,38.991449655,-76.93667018,-10.360000000000003,0,1,8.602488999999998,6.911641,64.979721,1,1,1789162823.2494805,0.8362824994319036,-0.5388054712508922,-0.05666146413769536,0.08431917798345097,168.34080486681583,0.22383872708298685,-65.60912193466609,-0.23537021600204971,-0.01640225524439231,-0.3034603970442541,5.540757341384887,1.4312805911064148,0.3052810195350647
2026-09-11T17:40:23.287,23.523011999999994,-346.80615234375,-31212.5537109375,-124850.21484375,-237.56221435546877,-79.14841781616211,-5.685947418212891,-3.8948739814758304,-8.712584962141701,0.5347514265685578,0.0,-0.10004806518554688,-819.59375,-36.017303466796875,0.2899170219898224,104.37012791633606,3781.8304178737185,1,1789162823.0761392,38.991449655,-76.93667018,-10.360000000000003,0,1,8.602488999999998,6.911641,64.979721,1,1,1789162823.2814806,0.838973950056096,-0.5345821866764162,-0.054410451737917205,0.08593078352493108,168.32493456720465,-0.03301549622152868,-65.00603186626294,0.017746856900128744,0.26016558508635756,-0.2562946193383593,1.5618071047592164,-0.5349527663230896,-10.210586081905365
2026-09-11T17:40:23.321,23.55641744000002,-346.99615478515625,-31229.653930664062,-124918.61572265625,-237.69236602783204,-79.27856948852539,-5.739030838012695,-3.9312361240386964,-8.793924758497432,-1.088509612890587,0.0,-0.09125900268554688,-747.59375,-32.853240966796875,0.21362310647964478,76.90431833267212,-822.1957137413584,1,1789162823.0761392,38.991449655,-76.93667018,-10.360000000000003,0,1,8.602488999999998,6.911641,64.979721,1,1,1789162823.3094804,0.8412214040091704,-0.5311334669922828,-0.051563359508098885,0.08709196078764368,168.38673896426175,-0.3301691463040544,-64.50171577380974,-0.04314157204957144,0.16096752812123222,-0.24163018843017778,5.451811024417878,7.070987032623291,-8.443918055267334
2026-09-11T17:40:23.354,23.589825824000002,-347.179443359375,-31246.14990234375,-124984.599609375,-237.8179187011719,-79.40412216186525,-5.505376815795898,-3.7711831188201907,-8.435896382471785,4.790803566511473,0.0,-0.08315467834472656,-681.203125,-29.935684204101562,0.4577637314796448,164.79494333267212,2630.795461404044,1,1789162823.0761392,38.991449655,-76.93667018,-10.360000000000003,0,1,8.602488999999998,6.911641,64.979721,1,1,1789162823.3494804,0.8444508889250133,-0.5264256389593222,-0.05161144494547339,0.08435046882302724,168.6501589223697,-0.09407041698857518,-63.86898600517723,-0.10077024955532181,0.010016270044270258,-0.22584054375323545,3.839303538322449,0.9985131194686889,-0.22702395124435426
2026-09-11T17:40:23.388,23.623244416000034,-347.3583679199219,-31262.25311279297,-125049.01245117188,-237.9404820251465,-79.52668548583985,-5.350308895111084,-3.6649615931510926,-8.19828559670519,3.17851588926893,0.0,-0.07012557983398438,-574.46875,-25.245208740234375,0.3509522080421448,126.34279489517212,-1150.6214396304567,1,1789162823.0761392,38.991449655,-76.93667018,-10.360000000000003,0,1,8.602488999999998,6.911641,64.979721,1,1,1789162823.3814805,0.8463998942873054,-0.5241168712834793,-0.050733318238766624,0.079591799872468,169.168931946917,0.14040574752092252,-63.54744383381609,0.14196298696211637,0.01820273690074966,-0.15552681324399031,-3.3743702541542056,4.281779593620301,-18.51623036989212
2026-09-11T17:40:23.421,23.65664972799999,-347.539794921875,-31278.58154296875,-125114.326171875,-238.0647595214844,-79.65096298217775,-5.429113388061523,-3.718942670822144,-8.319037828431773,-1.6159429276134654,0.0,-0.06802177429199219,-557.234375,-24.487838745117188,-0.0762939527630806,-27.465822994709015,-4604.316160557957,1,1789162823.0761392,38.991449655,-76.93667018,-10.360000000000003,0,1,8.602488999999998,6.911641,64.979721,1,1,1789162823.4094806,0.8473822979446227,-0.5225377145146697,-0.05028492334197252,0.07980604315694494,169.17532642449538,0.10415077811842091,-63.32992950413858,0.1974229183393386,0.0011555824977454456,-0.17655942699392357,3.6609205718803404,-1.103934608707428,-1.1579692510986328
2026-09-11T17:40:23.454,23.690049696000017,-347.7279968261719,-31295.51971435547,-125182.07885742188,-238.19367782592775,-79.7798812866211,-5.63806676864624,-3.8620757365226748,-8.639217377690297,-4.285425234551696,0.0,-0.06842231750488281,-560.515625,-24.632034301757812,-0.03051757998764515,-10.986328795552254,493.3985026316159,1,1789162823.0761392,38.991449655,-76.93667018,-10.360000000000003,0,1,8.602488999999998,6.911641,64.979721,1,1,1789162823.4494805,0.8490508234008552,-0.5198257231234065,-0.05261195138471793,0.07826812526852545,169.18658601450687,0.4565875459769827,-62.996764325083376,0.00690085732946038,-0.06062366250217264,-0.23307318817349998,2.118628700942993,2.3313349429512025,-7.6221207717132575
2026-09-11T17:40:23.488,23.723456096000007,-347.9206848144531,-31312.86163330078,-125251.44653320312,-238.3256690979004,-79.91187255859376,-5.743386745452881,-3.9342199206352237,-8.800599321392312,-2.1595916983742907,0.0,-0.07192039489746094,-589.171875,-25.891342163085938,-0.1220703274011612,-43.94531786441803,-986.6070294577025,1,1789162823.0761392,38.991449655,-76.93667018,-10.360000000000003,0,1,8.602488999999998,6.911641,64.979721,1,1,1789162823.4814804,0.8507246025237464,-0.5169086339668498,-0.05138929846135755,0.08020133910969701,169.07128271769957,0.2591354694832425,-62.591343382968034,0.060415444722409714,0.04730243698632592,-0.22304609708786735,7.962509598827362,4.281975726623535,-8.671432339019775
2026-09-11T17:40:23.522,23.75686825600002,-348.11749267578125,-31330.574340820312,-125322.29736328125,-238.46048248291018,-80.04668594360352,-5.848753929138184,-4.006396441459656,-8.962053600258706,-2.1601872140085234,0.0,-0.07854652404785156,-643.453125,-28.276748657226562,-0.1373291313648224,-49.43848729133606,-164.4062948015366,1,1789162823.0761392,38.991449655,-76.93667018,-10.360000000000003,0,1,8.602488999999998,6.911641,64.979721,1,1,1789162823.5214806,0.8536198438139605,-0.5124629029832406,-0.049493602866028365,0.07915376547176431,169.28856170376022,0.19312760638905696,-61.97433760871609,0.128223755090417,0.08617615541599562,-0.29376823464207913,3.134499591197968,3.600315473880768,-1.7508793198776245
2026-09-11T17:40:23.555,23.790289408000035,-348.3171691894531,-31348.54522705078,-125394.18090820312,-238.59726089477542,-80.18346435546876,-5.953845500946045,-4.078384168148041,-9.123085558670446,-2.1539570715081586,0.0,-0.08548355102539062,-700.28125,-30.774078369140625,-0.1983642876148224,-71.41114354133606,-657.4476023444377,1,1789162823.0761392,38.991449655,-76.93667018,-10.360000000000003,0,1,8.602488999999998,6.911641,64.979721,1,1,1789162823.5494804,0.8558625598998373,-0.5092334437526272,-0.047342240216974266,0.07706679321715333,169.62242017516903,0.1459281989214392,-61.518070226922674,0.0038226201277179804,-0.019589400991459154,-0.30742403977553323,2.8473608744621277,0.6862693783187866,-3.5320611887550353
2026-09-11T17:40:23.588,23.82370880000002,-348.5189514160156,-31366.705627441406,-125466.82250976562,-238.73548171997072,-80.32168518066406,-6.032495498657227,-4.132259416580201,-9.243601057131793,-1.6120954095210465,0.0,-0.09493827819824219,-777.734375,-34.17778015136719,-0.3051758110523224,-109.86329197883606,-1150.5938958290296,1,1789162823.0761392,38.991449655,-76.93667018,-10.360000000000003,0,1,8.602488999999998,6.911641,64.979721,1,1,1789162823.5814805,0.858655362060389,-0.5050047154706406,-0.0455460266567608,0.07487834141553396,169.94509105738908,0.14833028809152568,-60.9355447959697,-0.021925349662328366,0.02290255951051999,-0.33239690884476886,-3.847050791950226,2.5281544116973875,-4.37915962972641
2026-09-11T17:40:23.621,23.857112672000028,-348.7174072265625,-31384.566650390625,-125538.2666015625,-238.87142395019532,-80.45762741088868,-6.031774997711182,-4.13176587343216,-9.242497032552246,0.014775028117720114,0.0,-0.09707832336425781,-795.265625,-34.94819641113281,-0.1068115308880806,-38.452151119709015,2137.8102771771437,1,1789162823.0761392,38.991449655,-76.93667018,-10.360000000000003,0,1,8.602488999999998,6.911641,64.979721,1,1,1789162823.6094804,0.8608744120145726,-0.5012529588690215,-0.04431668193483637,0.07534420791209642,169.9707103915381,0.04407081254057666,-60.424952499966906,0.006452656777548235,-0.0663890086202855,-0.31614457738312285,3.617967444171905,2.0712625806617737,-14.83657909620285
2026-09-11T17:40:23.655,23.89053283200002,-348.9217224121094,-31402.955017089844,-125611.82006835938,-239.01137985229494,-80.59758331298829,-6.084598541259766,-4.16795000076294,-9.323438620174784,-1.0827035936030633,0.0,-0.10087966918945312,-826.40625,-36.316680908203125,-0.06103518605232239,-21.97266697883606,493.10009709340574,1,1789162823.0761392,38.991449655,-76.93667018,-10.360000000000003,0,1,8.602488999999998,6.911641,64.979721,1,1,1789162823.6494803,0.8649571721023547,-0.4948911042331456,-0.04284276633718496,0.07138895399270612,170.45031757806,0.19794582355949392,-59.56918257057426,0.2342886354645888,0.027896993698026964,-0.37850396982640383,-5.604696700439454,-0.14808041744232178,-17.88468209947586
2026-09-11T17:40:23.689,23.92395446400002,-349.12469482421875,-31421.222534179688,-125684.89013671875,-239.15041595458987,-80.73661941528322,-6.060091972351074,-4.151163001060486,-9.285887171305658,0.5022794728412455,0.0,-0.10248947143554688,-839.59375,-36.896209716796875,-0.0457763709127903,-16.479493528604507,164.35982091573564,1,1789162823.0761392,38.991449655,-76.93667018,-10.360000000000003,0,1,8.602488999999998,6.911641,64.979721,1,1,1789162823.6814804,0.8683840538412806,-0.48940298087620465,-0.04053263699805254,0.06892722743338284,170.82880567228375,0.16784307637442586,-58.822847706918175,0.2971763390724485,0.10968731123668604,-0.4056883455908416,5.094848958530426,-1.0662770720863342,-11.675601549568176
2026-09-11T17:40:23.722,23.95735632000003,-349.3260803222656,-31439.347229003906,-125757.38891601562,-239.28836502075197,-80.87456848144532,-6.0088677406311035,-4.116074402332306,-9.20739621137326,1.0504984731437548,0.0,-0.10672760009765625,-874.3125,-38.42193603515625,-0.10681155323982239,-38.45215916633606,-657.8276859143338,1,1789162823.0761392,38.991449655,-76.93667018,-10.360000000000003,0,1,8.602488999999998,6.911641,64.979721,1,1,1789162823.7214804,0.8728428454742885,-0.48179409736634493,-0.036625079027180256,0.0683989651496939,171.10089872213402,-0.1130193766888054,-57.7870756939169,0.15915133850160693,0.22292811283043254,-0.4325442503900539,8.636030331935883,-1.4623676721191408,-13.076579591674804
2026-09-11T17:40:23.755,23.990760832000035,-349.52349853515625,-31457.114868164062,-125828.45947265625,-239.42359649658204,-81.00979995727539,-5.9310078620910645,-4.062740385532379,-9.088091413592464,1.5966111643816434,0.0,-0.1070709228515625,-877.125,-38.5455322265625,0.1678466945886612,60.42481005191803,2959.988435641322,1,1789162823.0761392,38.991449655,-76.93667018,-10.360000000000003,0,1,8.602488999999998,6.911641,64.979721,1,1,1789162823.7494805,0.8757223047699322,-0.4768578789407754,-0.036736882727207334,0.06608638035200705,171.32767682451475,0.07534356501975986,-57.14503055955553,0.09350461841219461,0.013595765807185429,-0.41313531644325097,-1.5499410580635071,2.5873865786743164,-11.527521132125855
2026-09-11T17:40:23.789,24.024170656000024,-349.7220764160156,-31474.986877441406,-125899.94750976562,-239.55962234497073,-81.14582580566407,-5.905929088592529,-4.045561425685883,-9.04966317485209,0.51418887589775,0.0,-0.10708427429199219,-877.234375,-38.55033874511719,0.0915527418255806,32.958987057209015,-822.0882275440337,1,1789162823.0761392,38.991449655,-76.93667018,-10.360000000000003,0,1,8.602488999999998,6.911641,64.979721,1,1,1789162823.7814806,0.8788832223858061,-0.4711919686801364,-0.039673935250977926,0.06299514998617292,171.48161209781634,0.5942764436160239,-56.43807297764482,-0.0692230742596739,-0.07357400555197056,-0.39901054133978603,-1.611232621574402,-0.2045667223739624,-6.648222344150543
2026-09-11T17:40:23.823,24.057581216000017,-349.9169921875,-31492.529296875,-125970.1171875,-239.69313964843752,-81.27934310913086,-5.829283237457275,-3.993059017658234,-8.932218632914795,1.5714315482188888,0.0,-0.105438232421875,-863.75,-37.957763671875,0.0,0.0,-986.4841252949947,1,1789162823.0761392,38.991449655,-76.93667018,-10.360000000000003,0,1,8.602488999999998,6.911641,64.979721,1,1,1789162823.8214805,0.8826899928755312,-0.46464288694723377,-0.040676777312343884,0.05753923769235183,171.9867319717195,1.0508390731279844,-55.597722663015546,0.03617474127438567,-0.10452026398615683,-0.3820590309797911,1.6693860570335388,-2.192668909664154,-9.43066319454193
2026-09-11T17:40:23.855,24.091000064000013,-350.1095886230469,-31509.86297607422,-126039.45190429688,-239.82506820678714,-81.41127166748048,-5.753623008728027,-3.941231760978699,-8.816284361530723,1.5508391156852714,0.0,-0.10166168212890625,-832.8125,-36.59820556640625,0.045776382088661194,16.47949755191803,493.1198571512608,1,1789162823.0761392,38.991449655,-76.93667018,-10.360000000000003,0,1,8.602488999999998,6.911641,64.979721,1,1,1789162823.8494804,0.8850209503137036,-0.4605982053238752,-0.04076321869031988,0.05408854555503761,172.33833273204658,1.2793165699497069,-55.073998040038326,0.11183424074956426,-0.07045021525675112,-0.32042796443336735,0.9555599917602539,-1.5093415263938903,-10.620504058666228
2026-09-11T17:40:23.889,24.124401439999986,-350.2947998046875,-31526.531982421875,-126106.1279296875,-239.95193786621095,-81.53814132690431,-5.572750091552734,-3.817333812713623,-8.539132544545497,3.7093665921182217,0.0,-0.09383964538574219,-768.734375,-33.78227233886719,0.4425049424171448,159.30177927017212,4275.940060624255,1,1789162823.0761392,38.991449655,-76.93667018,-10.360000000000003,0,1,8.602488999999998,6.911641,64.979721,1,1,1789162823.8814805,0.8874795332132291,-0.45637980499299663,-0.0394342430764021,0.05042313154867189,172.78869146499818,1.373509629645456,-54.51487230931518,0.19413262363347888,-0.08890288330638635,-0.3152727854217517,2.3204495612716673,2.0093826181411742,-16.300319699344634
2026-09-11T17:40:23.922,24.157803744000034,-350.4784851074219,-31543.06365966797,-126172.25463867188,-240.077762298584,-81.66396575927735,-5.494630813598633,-3.7638221073150637,-8.419430268689736,1.6020363564884978,0.0,-0.08666610717773438,-709.96875,-31.199798583984375,0.3204346299171448,115.35646677017212,-1315.637163829649,1,1789162823.0761392,38.991449655,-76.93667018,-10.360000000000003,0,1,8.602488999999998,6.911641,64.979721,1,1,1789162823.9214804,0.8899795235430559,-0.45203478057078533,-0.03784815343094101,0.04656739320882047,173.2727649761167,1.4479038803047384,-53.93858479548043,0.1618632310933557,0.07813559808498295,-0.23341090938376086,-5.825738595085144,-1.509243459892273,-14.413814407730102
2026-09-11T17:40:23.955,24.19126163200002,-350.6599426269531,-31559.39483642578,-126237.57934570312,-240.20206069946292,-81.78826416015626,-5.443238735198975,-3.728618533611298,-8.34068211706177,1.052175609643379,0.0,-0.07538223266601562,-617.53125,-27.137603759765625,0.3967285752296448,142.82228708267212,820.9071747897207,1,1789162823.0761392,38.991449655,-76.93667018,-10.360000000000003,0,1,8.602488999999998,6.911641,64.979721,1,1,1789162823.9494805,0.8915031714266997,-0.4494445329371161,-0.03518390465068144,0.04453986980903773,173.62300516738594,1.3005381241012215,-53.581671019275355,0.12995913596567496,0.07482139236837092,-0.25098550228671773,-7.979573170108796,-2.847949273471832,-15.982780367107392
2026-09-11T17:40:23.989,24.22467212800001,-350.8393249511719,-31575.53924560547,-126302.15698242188,-240.32493759155275,-81.9111410522461,-5.340496063232422,-3.6582398033142094,-8.183249381071505,2.1064856474179354,0.0,-0.06696891784667969,-548.609375,-24.108810424804688,0.16784673929214478,60.42482614517212,-2466.2148367246737,1,1789162823.0761392,38.991449655,-76.93667018,-10.360000000000003,0,1,8.602488999999998,6.911641,64.979721,1,1,1789162823.9814804,0.8930530050721431,-0.4465778350344554,-0.03582942698025461,0.04172312967431967,173.88287489629147,1.5316931778377094,-53.21721903294494,0.06768037773383612,0.044269054746359775,-0.20123820808419818,-3.7330975170707705,-1.571711821422577,-6.79728342660904
2026-09-11T17:40:24.023,24.258082720000004,-351.0168151855469,-31591.51336669922,-126366.05346679688,-240.44651840209963,-82.03272186279297,-5.315708637237549,-3.641260416507721,-8.14526757450724,0.5082037099639082,0.0,-0.05983734130859375,-490.1875,-21.54144287109375,0.12207037210464478,43.94533395767212,-493.24155008992824,1,1789162823.0761392,38.991449655,-76.93667018,-10.360000000000003,0,1,8.602488999999998,6.911641,64.979721,1,1,1789162824.0214806,0.8941936395025697,-0.44453273767324386,-0.03242071040335214,0.04191989678924779,174.04107826785267,1.1867522452403951,-52.92870045735767,0.02339823301808638,0.12706799805974636,-0.16797258160703665,3.8098835878372195,-0.07590347225189209,-8.407339250164032
2026-09-11T17:40:24.056,24.291606432000037,-351.18975830078125,-31607.078247070312,-126428.31298828125,-240.56498443603516,-82.15118789672852,-5.186398029327393,-3.552682650089264,-7.947124754136677,2.6422421961616336,0.0,-0.0506744384765625,-415.125,-18.2427978515625,0.5187988877296448,186.76759958267212,4260.3356580816535,1,1789162823.0761392,38.991449655,-76.93667018,-10.360000000000003,0,1,8.602488999999998,6.911641,64.979721,1,1,1789162824.0494804,0.8949005319252086,-0.44326493050916,-0.03246239663390317,0.04019243890922002,174.21817007835247,1.2875121336276574,-52.76557733038154,-0.01823310562973436,-0.001412145897788612,-0.08362413498372952,4.388475947380066,0.45748023004531857,-5.896836808757782
2026-09-11T17:40:24.089,24.325008319999995,-351.3592834472656,-31622.335510253906,-126489.34204101562,-240.68110916137698,-82.26731262207032,-5.109083652496338,-3.499722301959992,-7.828655829366473,1.5855495392757275,0.0,-0.03768157958984375,-308.6875,-13.56536865234375,0.24414068460464478,87.89064645767212,-2960.220485893659,1,1789162824.0737984,38.99143164833333,-76.93667731,-10.313000000000002,0,1,8.602488999999998,6.911641,64.99584399999999,1,1,1789162824.0814805,0.895394831793003,-0.4422976065386458,-0.03255862622575707,0.03976000888903861,174.25911414828383,1.3256067163989471,-52.64239064525672,-0.05667258614150788,0.0570357891588479,-0.09876608797525671,3.4818511399269103,2.6462264796447754,-5.711098854694367
2026-09-11T17:40:24.123,24.358418336,-351.5283508300781,-31637.55157470703,-126550.20629882812,-240.79692031860353,-82.38312377929688,-5.031564235687256,-3.4466215014457706,-7.70987272155907,1.5893677068042598,0.0,-0.038177490234375,-312.75,-13.743896484375,0.0,0.0,-2630.6675955395967,1,1789162824.0737984,38.99143164833333,-76.93667731,-10.313000000000002,0,1,8.602488999999998,6.911641,64.99584399999999,1,1,1789162824.1214805,0.8960597844815128,-0.4412828601948181,-0.028024396501003298,0.03950864631925721,174.5170895052025,0.8797592664582125,-52.4798836388375,0.001835388241397237,0.07728736806851369,-0.08147615827330008,-0.017357770786285403,0.20858744894027711,-9.907462525405885
2026-09-11T17:40:24.156,24.391836192000028,-351.69659423828125,-31652.693481445312,-126610.77392578125,-240.91216705322267,-82.49837051391602,-5.033446311950684,-3.4479107236862183,-7.712756629577251,-0.038578843611230096,0.0,-0.03833198547363281,-314.015625,-13.799514770507812,0.03051757998764515,10.986328795552254,328.756243235442,1,1789162824.0737984,38.99143164833333,-76.93667731,-10.313000000000002,0,1,8.602488999999998,6.911641,64.99584399999999,1,1,1789162824.1494803,0.896401151560645,-0.44071256163666617,-0.025167881583177357,0.04004985933823702,174.60683118011013,0.562658403283255,-52.388262396023116,-0.015929096484176647,0.031158665004153967,-0.06296135650229384,7.816096311912536,0.32764018190383914,-6.250660746593476
2026-09-11T17:40:24.189,24.425235808000025,-351.8630676269531,-31667.67608642578,-126670.70434570312,-241.0262013244629,-82.61240478515626,-5.035164833068848,-3.449087910652161,-7.715389921823902,-0.0352455239587963,0.0,-0.037937164306640625,-310.78125,-13.657379150390625,-0.0762939527630806,-27.465822994709015,-1151.275265867271,1,1789162824.0737984,38.99143164833333,-76.93667731,-10.313000000000002,0,1,8.602488999999998,6.911641,64.99584399999999,1,1,1789162824.1814804,0.897010983123252,-0.4396987416726118,-0.026110981432272386,0.036803931534853056,174.8940161071901,0.8295795963835375,-52.263524873305116,0.10393296069286073,-0.07677965178910855,-0.10565961492185871,-4.2480447170639035,0.19456393920898438,-17.099757820529938
2026-09-11T17:40:24.223,24.45863689600003,-352.0305480957031,-31682.74932861328,-126730.99731445312,-241.14092544555666,-82.72712890625,-4.984090328216553,-3.4141018748283387,-7.637128388574479,1.0474519819179775,0.0,-0.037067413330078125,-303.65625,-13.344268798828125,0.0915527492761612,32.95898973941803,1809.067199670797,1,1789162824.0737984,38.99143164833333,-76.93667731,-10.313000000000002,0,1,8.602488999999998,6.911641,64.99584399999999,1,1,1789162824.2214804,0.8975937742649793,-0.43871705571960073,-0.02426722314200712,0.03555085515778638,175.11708295197195,0.7088060516610539,-52.126231596634526,-0.025781654644609835,-0.018717609030087987,-0.08456661277980644,-5.086807505397797,1.8987636043167113,-12.250173182544707
2026-09-11T17:40:24.256,24.492039200000022,-352.19921875,-31697.9296875,-126791.71875,-241.25646484375002,-82.84266830444336,-5.038111686706543,-3.451106505393982,-7.719905389660831,-1.1078466493105432,0.0,-0.03828239440917969,-313.609375,-13.781661987304688,-0.015258789993822575,-5.493164397776127,-1151.1826889906567,1,1789162824.0737984,38.99143164833333,-76.93667731,-10.313000000000002,0,1,8.602488999999998,6.911641,64.99584399999999,1,1,1789162824.2494805,0.898228398555484,-0.4377533571478571,-0.022446860688949223,0.032463529990470474,175.52769370123815,0.6819949899361908,-51.99138922194524,0.1596850601868668,0.03836565308441415,-0.07813908874348692,-5.103380744171142,-1.2122000264930726,-11.420628645362854
2026-09-11T17:40:24.290,24.525443999999993,-352.3667907714844,-31713.011169433594,-126852.04467773438,-241.37125167846682,-82.95745513916016,-5.011872291564941,-3.433132519721985,-7.679698728798276,0.5380659567491035,0.0,-0.04414558410644531,-361.640625,-15.892410278320312,-0.30517578125,-109.86328125,-3124.4047817174187,1,1789162824.0737984,38.99143164833333,-76.93667731,-10.313000000000002,0,1,8.602488999999998,6.911641,64.99584399999999,1,1,1789162824.2814806,0.8987918909139752,-0.43668188749884645,-0.019243502695019496,0.033342968700349425,175.59853587417345,0.3134820909768019,-51.838042095620125,-0.042137658663824296,0.0007333873516880173,-0.092277128349267,3.139795182285309,0.026085689430236817,-8.876783593406676
2026-09-11T17:40:24.323,24.558854112000006,-352.535888671875,-31728.22998046875,-126912.919921875,-241.4870837402344,-83.07328720092774,-5.037973880767822,-3.4510121083259584,-7.7196942294335065,-0.5351550034901555,0.0,-0.0532684326171875,-436.375,-19.1766357421875,-0.244140625,-87.890625,657.6648485940906,1,1789162824.0737984,38.99143164833333,-76.93667731,-10.313000000000002,0,1,8.602488999999998,6.911641,64.99584399999999,1,1,1789162824.3214805,0.8999664089623881,-0.43426258083796054,-0.016921663015738563,0.034498274508725994,175.59583676244787,0.028374999750790175,-51.518682858605885,-0.0030712558847344213,0.04765342269890198,-0.1628285727026338,3.9720855815124514,1.3355676855278016,-9.01113470062256
2026-09-11T17:40:24.356,24.59226652800004,-352.70513916015625,-31743.462524414062,-126973.85009765625,-241.60302032470705,-83.1892237854004,-5.09024715423584,-3.4868193006515504,-7.799792637463194,-1.071673246423031,0.0,-0.06602287292480469,-540.859375,-23.768234252929688,-0.54931640625,-197.75390625,-3288.0974919590353,1,1789162824.0737984,38.99143164833333,-76.93667731,-10.313000000000002,0,1,8.602488999999998,6.911641,64.99584399999999,1,1,1789162824.3494804,0.9011756378288789,-0.43184610259459577,-0.01664158909852937,0.03338369317267065,175.725069672266,0.06650630684004051,-51.21024678730614,0.17691250710160203,0.03560332047728273,-0.23271015968908515,-6.731480804023743,-2.2198333306121825,-12.297343169822694
2026-09-11T17:40:24.390,24.625669759999994,-352.87628173828125,-31758.865356445312,-127035.46142578125,-241.72025299072268,-83.30645645141603,-5.117319107055664,-3.50536358833313,-7.841275027588418,-0.5551644727553524,0.0,-0.07399940490722656,-606.203125,-26.639785766601562,-0.0457763671875,-16.4794921875,5426.852529202673,1,1789162824.0737984,38.99143164833333,-76.93667731,-10.313000000000002,0,1,8.602488999999998,6.911641,64.99584399999999,1,1,1789162824.3814805,0.9027493879312335,-0.42859289659111743,-0.01474556120597038,0.033678479866826996,175.7880429524145,-0.12866475800187063,-50.788636243173876,-0.08888769894189401,0.05490770920189121,-0.23772833035441923,3.32112014377594,-0.5593713252258301,-14.037239041519165
2026-09-11T17:40:24.424,24.659081216000004,-353.0467529296875,-31774.207763671875,-127096.8310546875,-241.83702575683597,-83.4232292175293,-5.117287635803223,-3.505342030525208,-7.841226804145499,0.0006452220436708561,0.0,-0.07993698120117188,-654.84375,-28.777313232421875,-0.2136230766773224,-76.90430760383606,-1808.5059033739049,1,1789162824.0737984,38.99143164833333,-76.93667731,-10.313000000000002,0,1,8.602488999999998,6.911641,64.99584399999999,1,1,1789162824.4214804,0.9047631443067757,-0.4242814790139282,-0.01107060560208269,0.035585403769985396,175.7682614166136,-0.5823588077297293,-50.22619495206256,0.1644515543740633,-0.0027762952411473796,-0.23951100965240624,0.5793768915557861,2.1666812867355345,-18.6567596667099
2026-09-11T17:40:24.457,24.69249686400002,-353.2200012207031,-31789.80010986328,-127159.20043945312,-241.95570083618165,-83.541904296875,-5.144104480743408,-3.523711569309235,-7.88231829211979,-0.5497286416237745,0.0,-0.08648490905761719,-708.484375,-31.134567260742188,-0.1983642876148224,-71.41114354133606,164.38897316901827,1,1789162824.0737984,38.99143164833333,-76.93667731,-10.313000000000002,0,1,8.602488999999998,6.911641,64.99584399999999,1,1,1789162824.4494805,0.9064169499316326,-0.4208359663454478,-0.010252521555387872,0.03464517438960174,175.9033457129112,-0.6058426673231437,-49.787819905459315,0.13744223513360065,0.05972237447644277,-0.2435908913118682,1.4988484107208253,1.9372056729507445,-9.344462739620209
2026-09-11T17:40:24.490,24.725898432000008,-353.39324951171875,-31805.392456054688,-127221.56982421875,-242.07437591552736,-83.66057937622071,-5.171367168426514,-3.5423865103721623,-7.924092945535429,-0.5591037242004382,0.0,-0.09591102600097656,-785.703125,-34.52796936035156,-0.3204346001148224,-115.35645604133606,-1315.6661537570888,1,1789162824.0737984,38.99143164833333,-76.93667731,-10.313000000000002,0,1,8.602488999999998,6.911641,64.99584399999999,1,1,1789162824.4814804,0.9084735783768016,-0.41633856711917056,-0.00921447593465885,0.0353984230390952,175.87138494011722,-0.729580719386493,-49.21612466649646,0.011803138132462053,0.024559924168213808,-0.31576810986346765,-2.4410713582611083,1.0610795475006103,-5.843292498874664
2026-09-11T17:40:24.524,24.75929971200003,-353.56842041015625,-31821.157836914062,-127284.63134765625,-242.19436798095705,-83.7805714416504,-5.250674724578857,-3.5967121863365175,-8.045616021690483,-1.6264549132344934,0.0,-0.09720039367675781,-796.265625,-34.99214172363281,0.0762939527630806,27.465822994709015,4275.9522699715535,1,1789162824.0737984,38.99143164833333,-76.93667731,-10.313000000000002,0,1,8.602488999999998,6.911641,64.99584399999999,1,1,1789162824.5214806,0.9109983590985218,-0.41096195362863475,-0.010269683606166254,0.03296658896771244,176.0716852474102,-0.4804134248353252,-48.54490298869565,0.11942188513968441,0.04978167718878386,-0.30337295604872916,-0.9960614569282531,1.3927404559707641,-9.935117278861998
2026-09-11T17:40:24.557,24.792718656000034,-353.7437744140625,-31836.939697265625,-127347.7587890625,-242.31448547363283,-83.90068893432618,-5.279018402099609,-3.6161276054382325,-8.089047077304556,-0.5809704550123553,0.0,-0.09687995910644531,-793.640625,-34.87678527832031,0.0762939527630806,27.465822994709015,0.0,1,1789162824.0737984,38.99143164833333,-76.93667731,-10.313000000000002,0,1,8.602488999999998,6.911641,64.99584399999999,1,1,1789162824.5494804,0.9126481999577405,-0.4071976695624742,-0.01236317963140543,0.0333237573840037,175.93460583474342,-0.26197127840876827,-48.080841309507605,-0.08642730829535761,-0.021453761698439495,-0.3043697135845431,-3.252473592643738,0.3755947011947632,-8.179726899909973
2026-09-11T17:40:24.591,24.826131455999985,-353.9213562011719,-31852.92205810547,-127411.68823242188,-242.43612899780274,-84.0223324584961,-5.35806131362915,-3.6702719998359683,-8.210164638144157,-1.620468634709311,0.0,-0.09707832336425781,-795.265625,-34.94819641113281,0.0,0.0,-822.0150060680139,1,1789162824.0737984,38.99143164833333,-76.93667731,-10.313000000000002,0,1,8.602488999999998,6.911641,64.99584399999999,1,1,1789162824.5814805,0.914553956123073,-0.4028845038537946,-0.01069989153226754,0.034068316884106865,175.93210832093988,-0.4514918414454902,-47.53341280372518,-0.11457213874716776,0.0691902620697364,-0.30215366903328594,6.649987541179657,-1.90111720035553,-7.130709532108307
2026-09-11T17:40:24.624,24.85954147199999,-354.1026611328125,-31869.239501953125,-127476.9580078125,-242.5603228759766,-84.14652633666992,-5.385132789611816,-3.6888159608840945,-8.251646297611154,-0.5550419684960191,0.0,-0.09781074523925781,-801.265625,-35.21186828613281,-0.015258791856467724,-5.493165068328381,-164.41671468602675,1,1789162824.0737984,38.99143164833333,-76.93667731,-10.313000000000002,0,1,8.602488999999998,6.911641,64.99584399999999,1,1,1789162824.6214805,0.9170207405318819,-0.39713195563692105,-0.010434704933363622,0.03535941429530384,175.80555698071637,-0.5126336116399668,-46.81297205632423,-0.013932788885745534,0.08678824238467003,-0.3305569827473165,-3.8881406561279297,0.6236048837852477,-10.086826156864166
2026-09-11T17:40:24.657,24.892947359999994,-354.2877502441406,-31885.897521972656,-127543.59008789062,-242.68710891723634,-84.2733123779297,-5.541165828704834,-3.7956985926628115,-8.490735935627253,-3.199514761550515,0.0,-0.09783935546875,-801.5,-35.22216796875,-0.0305175818502903,-10.986329466104507,-164.4370117559939,1,1789162824.0737984,38.99143164833333,-76.93667731,-10.313000000000002,0,1,8.602488999999998,6.911641,64.99584399999999,1,1,1789162824.6494803,0.9187005044829395,-0.3931856753192977,-0.010089469461708005,0.03595289129515532,175.75637941248678,-0.5577214744623283,-46.31927363771164,0.1316081230429592,0.10602491233430113,-0.3153691275964618,-1.9598590348243714,0.9183927876472473,-8.459510629024505
2026-09-11T17:40:24.691,24.926348064000024,-354.4785461425781,-31903.06915283203,-127612.27661132812,-242.81780410766603,-84.40400756835938,-5.697575569152832,-3.9028392648696903,-8.730402793641925,-3.207736944909369,0.0,-0.09807014465332031,-803.390625,-35.30525207519531,0.1373291164636612,49.43848192691803,1809.0879579354973,1,1789162824.0737984,38.99143164833333,-76.93667731,-10.313000000000002,0,1,8.602488999999998,6.911641,64.99584399999999,1,1,1789162824.6814804,0.9207427871629038,-0.3885771912119072,-0.006551248556001396,0.0346058882231048,176.0534898110048,-0.8497326001968657,-45.7327202742902,0.14928900649736257,0.11449045733817444,-0.32855421743065294,1.6357492469787598,-0.12238699401855468,-13.423538874397277
2026-09-11T17:40:24.724,24.959748288000014,-354.672119140625,-31920.49072265625,-127681.962890625,-242.95040161132815,-84.53660507202149,-5.801961898803711,-3.9743439006805423,-8.890354108537352,-2.1408430018574864,0.0,-0.09636688232421875,-789.4375,-34.69207763671875,-0.015258795581758022,-5.493166409432888,-1644.64909984935,1,1789162824.0737984,38.99143164833333,-76.93667731,-10.313000000000002,0,1,8.602488999999998,6.911641,64.99584399999999,1,1,1789162824.7214804,0.9230076184844429,-0.3829976874570975,-0.0036165927853024785,0.03683242971646107,175.9412145413266,-1.2340852449641604,-45.02782349766724,0.02537132773746597,-0.002569822790636451,-0.2982420371137162,4.424662486476898,2.388998045902252,-8.015073243694305
2026-09-11T17:40:24.758,24.993155616000024,-354.8711853027344,-31938.406677246094,-127753.62670898438,-243.08676193237307,-84.67296539306642,-5.933362007141113,-4.064352974891663,-9.091698673254426,-2.6942913306653624,0.0,-0.09417152404785156,-771.453125,-33.90174865722656,0.0762939527630806,27.465822994709015,986.5796331910248,1,1789162824.0737984,38.99143164833333,-76.93667731,-10.313000000000002,0,1,8.602488999999998,6.911641,64.99584399999999,1,1,1789162824.7494488,0.9246761738288164,-0.3788642693223756,-0.0024966792229016,0.03781012532352436,175.88050638023344,-1.3770974956420416,-44.51088898794523,0.03978600202968714,0.13406100877371205,-0.3212268016320052,3.349461362743378,0.7382446241760254,-8.463041023082733
2026-09-11T17:40:24.791,25.02656691200002,-355.0717468261719,-31956.45721435547,-127825.82885742188,-243.22414657592776,-84.8103500366211,-6.011694431304932,-4.1180106854438785,-9.211727553337226,-1.6059751334464947,0.0,-0.08950996398925781,-733.265625,-32.22358703613281,0.2746582329273224,98.87696385383606,2137.3352550925706,1,1789162824.0737984,38.99143164833333,-76.93667731,-10.313000000000002,0,1,8.602488999999998,6.911641,64.99584399999999,1,1,1789162824.7814488,0.9264300373800779,-0.3745597562509537,-0.0025450078651442307,0.03776106158650737,175.87730920000405,-1.3507014808485611,-43.97878445801558,0.1271500285345901,0.12733800049502988,-0.28814827445065744,-0.7279476415061951,-2.1797241314506532,-14.876492162361146
2026-09-11T17:40:24.824,25.05997510399999,-355.2765197753906,-31974.886779785156,-127899.54711914062,-243.3644160461426,-84.95061950683595,-6.090514659881592,-4.172002542018891,-9.33250389678527,-1.6161262655298732,0.0,-0.0802459716796875,-657.375,-28.8885498046875,0.2746582329273224,98.87696385383606,0.0,1,1789162824.0737984,38.99143164833333,-76.93667731,-10.313000000000002,0,1,8.602488999999998,6.911641,64.99584399999999,1,1,1789162824.8214488,0.9283002622725062,-0.36965936743952676,-0.0019992593963946933,0.04008214179495924,175.64590759914236,-1.4853676519238816,-43.36951200319519,-0.1450728146233199,-0.09384041976027832,-0.2783131695827442,2.641127021560669,1.5415073389244078,-8.194927207660674
2026-09-11T17:40:24.857,25.093380000000025,-355.4796447753906,-31993.168029785156,-127972.67211914062,-243.5035566711426,-85.08976013183594,-6.091882705688477,-4.1729396533966066,-9.334600155235778,-0.028053114660630957,0.0,-0.06752204895019531,-553.140625,-24.307937622070312,0.21362310647964478,76.90431833267212,-657.7672183484812,1,1789162824.0737984,38.99143164833333,-76.93667731,-10.313000000000002,0,1,8.602488999999998,6.911641,64.99584399999999,1,1,1789162824.849449,0.9293784257965324,-0.3671196003987514,-0.002585874794496693,0.03836996114888863,175.7999495608929,-1.3389074789811337,-43.06055440432551,0.13510139954082587,-0.047141168563441645,-0.21195208623049058,-6.055900674381256,1.6400641730499268,-13.621927407169341
2026-09-11T17:40:24.891,25.126789280000025,-355.684326171875,-32011.58935546875,-128046.357421875,-243.6437634277344,-85.22996688842774,-6.067774295806885,-4.156425392627717,-9.297658805985398,0.4943016062869232,0.0,-0.05796623229980469,-474.859375,-20.867843627929688,0.4272461533546448,153.80861520767212,2301.884293076602,1,1789162824.0737984,38.99143164833333,-76.93667731,-10.313000000000002,0,1,8.602488999999998,6.911641,64.99584399999999,1,1,1789162824.8814487,0.9304927252839834,-0.3644948590588311,-0.005984681873533542,0.035930063959595214,175.91500810026753,-0.8626343759096855,-42.75201931890619,0.2774987989537636,-0.06495853676535095,-0.16640335607656856,-1.3376270820617675,-6.4819996239089965,-4.063483561019898
2026-09-11T17:40:24.925,25.160197728000014,-355.88214111328125,-32029.392700195312,-128117.57080078125,-243.77926666259768,-85.36547012329102,-5.938865661621094,-4.068122978210449,-9.100131930499385,2.643116328459705,0.0,-0.04004669189453125,-328.0625,-14.41680908203125,0.6561279892921448,236.20607614517212,2466.366020281089,1,1789162824.0737984,38.99143164833333,-76.93667731,-10.313000000000002,0,1,8.602488999999998,6.911641,64.99584399999999,1,1,1789162824.9214487,0.9312822438347873,-0.3628153118843195,-0.00830563416603526,0.031771814890367026,176.26133305795662,-0.434582490974733,-42.556284044226835,0.35129673024876507,-0.016907702595769868,-0.0791016378259618,-2.394882035999298,-2.1353000062179563,-7.634575217418671
2026-09-11T17:40:24.958,25.193616959999986,-356.0779113769531,-32047.01202392578,-128188.04809570312,-243.91336929321292,-85.49957275390625,-5.861159801483154,-4.014894464015961,-8.9810631353256,1.5927509702956046,0.0,-0.036800384521484375,-301.46875,-13.248138427734375,-0.01525880303233862,-5.493169091641903,-7232.33990646523,1,1789162824.0737984,38.99143164833333,-76.93667731,-10.313000000000002,0,1,8.602488999999998,6.911641,64.99584399999999,1,1,1789162824.9494488,0.9315936746751464,-0.36230693309162393,-0.0076094382338919185,0.02844306574129844,176.64571538586117,-0.36855367728196814,-42.49241049841812,0.0688527153924007,-0.06638883408736031,-0.04871371021948853,6.859947921142578,-3.9848342267227173,-7.5640654027557375
2026-09-11T17:40:24.991,25.227016768,-356.2682800292969,-32064.14520263672,-128256.58081054688,-244.04377182006837,-85.62997528076173,-5.730682849884033,-3.925517752170563,-8.781133124934142,2.675964839239898,0.0,-0.03607368469238281,-295.515625,-12.986526489257812,0.030517593026161194,10.98633348941803,493.4011171876674,1,1789162824.0737984,38.99143164833333,-76.93667731,-10.313000000000002,0,1,8.602488999999998,6.911641,64.99584399999999,1,1,1789162824.981449,0.9320257486755431,-0.36134724190264844,-0.007722208174183087,0.026392083586879597,176.85990302991152,-0.2680775893827922,-42.375367891926395,0.24248854135630857,0.020270428465587343,-0.034175292083300966,9.532750422725677,-2.836671625785828,-2.533940335292816
2026-09-11T17:40:25.025,25.26041974399999,-356.45574951171875,-32081.017456054688,-128324.06982421875,-244.17218841552736,-85.75839187622071,-5.549453258514404,-3.801375482082367,-8.503434775595837,3.7165032866601506,0.0,-0.03811836242675781,-312.265625,-13.722610473632812,0.0762939527630806,27.465822994709015,493.3539306586199,1,1789162824.0737984,38.99143164833333,-76.93667731,-10.313000000000002,0,1,8.602488999999998,6.911641,64.99584399999999,1,1,1789162825.0214489,0.9326844675083711,-0.3599151049983116,-0.0049078691640685405,0.023167090515406292,177.32048431787297,-0.43094767728294914,-42.192286808270595,0.3405603373551219,0.16821954569619388,-0.05632893081179019,5.110539598789215,-0.9997879839897156,0.46561974967956543
2026-09-11T17:40:25.058,25.293825472000037,-356.6430358886719,-32097.87322998047,-128391.49291992188,-244.30047958374024,-85.8866830444336,-5.576800346374512,-3.820108237266541,-8.545338755517486,-0.5607647641789743,0.0,-0.042308807373046875,-346.59375,-15.231170654296875,-0.01525877695530653,-5.493159703910351,-986.6266856561867,1,1789162824.0737984,38.99143164833333,-76.93667731,-10.313000000000002,0,1,8.602488999999998,6.911641,64.99584399999999,1,1,1789162825.0494487,0.9333318103335564,-0.358216981627535,-0.005256273482906255,0.02333875494146185,177.2870334452274,-0.3958586706902427,-41.98468356032045,-0.2579785130006834,0.023213402650300183,-0.19006879900313528,-3.637482677993775,-6.340391595573426,2.2472919510650633
2026-09-11T17:40:25.092,25.327236352,-356.8292541503906,-32114.632873535156,-128458.53149414062,-244.4280390930176,-86.01424255371094,-5.551823139190674,-3.802998850345612,-8.507066146979259,0.5120902807991965,0.0,-0.05008125305175781,-410.265625,-18.029251098632812,0.1831054836511612,65.91797411441803,2137.3616563948117,1,1789162825.073979,38.99141366333333,-76.93667929833333,-10.249000000000002,0,1,17.032128999999998,6.943224999999999,72.743841,1,1,1789162825.0894487,0.9344089946046352,-0.35517014083112114,-0.0037127205162495575,0.026836869607399644,176.97369671313712,-0.6947232288398485,-41.605380536663844,-0.19637606985399236,0.04261675154349674,-0.15854902537674367,1.4610928075981142,-0.20623385290145874,-14.40822461713791
2026-09-11T17:40:25.125,25.360645599999998,-357.01177978515625,-32131.060180664062,-128524.24072265625,-244.55306915283205,-86.13927261352539,-5.474508762359619,-3.7500385022163396,-8.388597222209054,1.5852002454313003,0.0,-0.04828643798828125,-395.5625,-17.38311767578125,0.015258795581758022,5.493166409432888,-1808.6251957837708,1,1789162825.073979,38.99141366333333,-76.93667929833333,-10.249000000000002,0,1,17.032128999999998,6.943224999999999,72.743841,1,1,1789162825.1214488,0.9349995484637106,-0.3534087564513321,-0.003085362602646796,0.029471609623335667,176.7152002101251,-0.8629886890443789,-41.386179432328426,-0.07644018524959564,0.08247850086272043,-0.15064198573350857,3.5189202775382995,0.7825706829071044,-8.232584744281768
2026-09-11T17:40:25.158,25.394052352000017,-357.1915588378906,-32147.240295410156,-128588.96118164062,-244.6762178039551,-86.26242126464844,-5.397762298583984,-3.6974671745300296,-8.270998511386063,1.5736737198001218,0.0,-0.047191619873046875,-386.59375,-16.988983154296875,0.015258795581758022,5.493166409432888,0.0,1,1789162825.073979,38.99141366333333,-76.93667929833333,-10.249000000000002,0,1,17.032128999999998,6.943224999999999,72.743841,1,1,1789162825.1494489,0.9356258180413208,-0.3518000168061868,-0.0014563033235907496,0.02896473666901492,176.83373800393636,-1.011579730229469,-41.18506790479408,0.04700887260614047,0.18912405227903076,-0.13066878683953587,2.483926419467926,-1.8504168190193175,-12.072672814617158
2026-09-11T17:40:25.192,25.427452415999994,-357.3678283691406,-32163.104553222656,-128652.41821289062,-244.79696243286133,-86.38316589355469,-5.321561813354492,-3.6452698421478273,-8.154236404231888,1.562791388131409,0.0,-0.04739570617675781,-388.265625,-17.062454223632812,-0.015258789993822575,-5.493164397776127,-328.9314298085332,1,1789162825.073979,38.99141366333333,-76.93667929833333,-10.249000000000002,0,1,17.032128999999998,6.943224999999999,72.743841,1,1,1789162825.1894488,0.9365130682277362,-0.34925062864601775,-0.0004049833239105869,0.031098350720579454,176.64376997718264,-1.2012191118318805,-40.86845283645219,-0.05361058050180902,0.10372544104479861,-0.16615866091543896,4.6952279644393915,1.9686850199699404,-9.074779860172272
2026-09-11T17:40:25.225,25.460852576000036,-357.5434875488281,-32178.91387939453,-128715.65551757812,-244.91728897094728,-86.50349243164064,-5.244873523712158,-3.5927383637428285,-8.036726833712475,1.5727912203095078,0.0,-0.05036735534667969,-412.609375,-18.132247924804688,-0.1373291164636612,-49.43848192691803,-1315.7217668743704,1,1789162825.073979,38.99141366333333,-76.93667929833333,-10.249000000000002,0,1,17.032128999999998,6.943224999999999,72.743841,1,1,1789162825.221449,0.9371473078948641,-0.3472669594129794,0.0022902542464088727,0.03399024773313519,176.43727207904377,-1.5987592027376538,-40.615403139590924,-0.075226657820684,0.1563300137657581,-0.17439033179954502,1.68193856924057,0.9617381813621522,-9.259341016216277
2026-09-11T17:40:25.259,25.49427347200003,-357.72119140625,-32194.9072265625,-128779.62890625,-245.03901611328126,-86.62521957397462,-5.298376083374023,-3.6293876171112065,-8.118708878648896,-1.0965969723966371,0.0,-0.052227020263671875,-427.84375,-18.801727294921875,-0.1220703274011612,-43.94531786441803,164.36315957838872,1,1789162825.073979,38.99141366333333,-76.93667929833333,-10.249000000000002,0,1,17.032128999999998,6.943224999999999,72.743841,1,1,1789162825.2494488,0.9378020277936031,-0.3454172558374355,0.004283665341479682,0.03458216660627292,176.44912942970976,-1.8294794377710537,-40.383456243947634,0.04379327799226612,0.15698800289375994,-0.14928830836566176,-3.6502313232040406,2.484318685474396,-17.183506612911223
2026-09-11T17:40:25.292,25.527682207999987,-357.9000549316406,-32211.004943847656,-128844.01977539062,-245.16153762817385,-86.7477410888672,-5.325458526611328,-3.64793909072876,-8.160207343255092,-0.5552881024166306,0.0,-0.05179595947265625,-424.3125,-18.64654541015625,-0.030517593026161194,-10.98633348941803,986.5379035903559,1,1789162825.073979,38.99141366333333,-76.93667929833333,-10.249000000000002,0,1,17.032128999999998,6.943224999999999,72.743841,1,1,1789162825.2894487,0.9390140471083154,-0.34213294993197524,0.0052149055631924655,0.03421211282680231,176.51906520752632,-1.9027943031242318,-39.98094135156902,-0.07974234819436893,0.13794279556307262,-0.189667722341027,0.7840416804313659,2.446857281856537,-11.857122644062041
2026-09-11T17:40:25.325,25.561200512000028,-358.07659912109375,-32226.893920898438,-128907.57568359375,-245.28247039794923,-86.86867385864258,-5.298933029174805,-3.6297691249847417,-8.119562287456912,0.5420908451691537,0.0,-0.05094146728515625,-417.3125,-18.33892822265625,-0.015258791856467724,-5.493165068328381,163.88563159648717,1,1789162825.073979,38.99141366333333,-76.93667929833333,-10.249000000000002,0,1,17.032128999999998,6.943224999999999,72.743841,1,1,1789162825.3214488,0.9397737271206633,-0.3396888910911143,0.007124187709569915,0.03722962573684366,176.26260374310587,-2.216938921010545,-39.67326701167899,-0.0375497116591068,0.14101178251977947,-0.18026004860692713,3.421344108428955,3.7403544381904603,-9.369960030040742
2026-09-11T17:40:25.359,25.59460361600003,-358.2568054199219,-32243.11248779297,-128972.44995117188,-245.4059117126465,-86.99211517333985,-5.404050827026367,-3.701774816513062,-8.280634432071086,-2.15565869352493,0.0,-0.050750732421875,-415.75,-18.270263671875,0.0,0.0,164.4507369233757,1,1789162825.073979,38.99141366333333,-76.93667929833333,-10.249000000000002,0,1,17.032128999999998,6.943224999999999,72.743841,1,1,1789162825.349449,0.9403876941227706,-0.3376854748292396,0.00816791237369643,0.0396584170040272,176.03577255750022,-2.4155120651455944,-39.42198156962968,-0.13965409089465308,0.031407199889637964,-0.1075417779872094,9.289251299209594,4.143701959342957,-7.187784236049652
2026-09-11T17:40:25.392,25.628004032000035,-358.43914794921875,-32259.523315429688,-129038.09326171875,-245.53081634521487,-87.11701980590821,-5.456932544708252,-3.737998793125153,-8.361665159997202,-1.0845366899647004,0.0,-0.05095863342285156,-417.453125,-18.345108032226562,0.0610351599752903,21.972657591104507,657.8558060803899,1,1789162825.073979,38.99141366333333,-76.93667929833333,-10.249000000000002,0,1,17.032128999999998,6.943224999999999,72.743841,1,1,1789162825.389449,0.9414590457798311,-0.3345327606703512,0.01052956965982929,0.0403958577131612,176.03810618127548,-2.685507766663994,-39.03084624632849,0.13047924408276929,0.27096166824041884,-0.14423907083964219,10.230493581733704,3.253454257659912,-9.083703911819457
2026-09-11T17:40:25.426,25.66141644800001,-358.6236267089844,-32276.126403808594,-129104.50561523438,-245.6571842956543,-87.24338775634766,-5.509751319885254,-3.7741796541213994,-8.44259944103748,-1.0828567738493555,0.0,-0.04938507080078125,-404.5625,-17.77862548828125,0.0762939602136612,27.46582567691803,164.40499501195796,1,1789162825.073979,38.99141366333333,-76.93667929833333,-10.249000000000002,0,1,17.032128999999998,6.943224999999999,72.743841,1,1,1789162825.4214487,0.9419556685224975,-0.3328068143008358,0.012869608698935737,0.042349924028266796,175.9104561053615,-3.0056188103498678,-38.810795172642564,-0.013218949221679852,-0.0721163065607049,-0.13075849676308837,3.5532435531044007,0.7134337992668152,-8.21002944890976
2026-09-11T17:40:25.459,25.694834112000024,-358.8135681152344,-32293.221130371094,-129172.88452148438,-245.78729415893557,-87.3734976196289,-5.666240215301514,-3.881374547481537,-8.682387588317674,-3.2077314967347235,0.0,-0.04694938659667969,-384.609375,-16.901779174804688,0.030517593026161194,10.98633348941803,-493.1371680406481,1,1789162825.073979,38.99141366333333,-76.93667929833333,-10.249000000000002,0,1,17.032128999999998,6.943224999999999,72.743841,1,1,1789162825.4494488,0.9424821112307681,-0.3312530405298206,0.009645561034096644,0.043656114143158654,175.6422192802562,-2.6998581982835663,-38.62722501267404,-0.2329040657689817,-0.11255733065866551,-0.14745780704617012,5.5297738932037355,3.999838401470184,-11.62578376674652
2026-09-11T17:40:25.492,25.728236191999997,-359.0054626464844,-32310.491638183594,-129241.96655273438,-245.91874191284182,-87.50494537353516,-5.7450761795043945,-3.9353771829605106,-8.803188043487173,-1.6167446901215867,0.0,-0.04535102844238281,-371.515625,-16.326370239257812,0.09155276417732239,32.95899510383606,657.8231539603368,1,1789162825.073979,38.99141366333333,-76.93667929833333,-10.249000000000002,0,1,17.032128999999998,6.943224999999999,72.743841,1,1,1789162825.4894488,0.9432113179794758,-0.3293645276081632,0.010421118054158487,0.04198592487218982,175.84702601963556,-2.7120186380876854,-38.39952737282602,0.2408748099299146,-0.1425455778664321,-0.08209313216388009,2.0711645141601562,-3.9980732044410705,-12.148184020862578
2026-09-11T17:40:25.526,25.761638784000013,-359.19354248046875,-32327.418823242188,-129309.67529296875,-246.0475765991211,-87.63378005981446,-5.590522289276123,-3.8295077681541447,-8.566364907288254,3.1694969901232737,0.0,-0.04547691345214844,-372.546875,-16.371688842773438,0.0,0.0,-986.7196864189593,1,1789162825.073979,38.99141366333333,-76.93667929833333,-10.249000000000002,0,1,17.032128999999998,6.943224999999999,72.743841,1,1,1789162825.5214489,0.9440609677829175,-0.32724582418370407,0.008824843923712458,0.0397640766626292,176.02237691728382,-2.446564884243339,-38.151378230064175,0.07978615595859398,-0.30993748843133023,-0.1425399928128257,7.33792405002594,-1.77166941822052,-3.3715263256072996
2026-09-11T17:40:25.559,25.79504416000003,-359.3780822753906,-32344.027404785156,-129376.10961914062,-246.1739863586426,-87.76018981933595,-5.64435338973999,-3.8663820719718935,-8.648850375742414,-1.1038433998685737,0.0,-0.04690742492675781,-384.265625,-16.886672973632812,-0.2441406548023224,-87.89063572883606,-2631.032673566871,1,1789162825.073979,38.99141366333333,-76.93667929833333,-10.249000000000002,0,1,17.032128999999998,6.943224999999999,72.743841,1,1,1789162825.5494487,0.94477515312658,-0.3254837359818798,0.003739180424670068,0.038029806411245905,176.0170093572153,-1.8235475819994749,-37.955188082712574,0.01874780322614749,-0.34431628590541374,-0.17492195908970248,-1.7234206994247436,3.55020349155426,-12.016676842193604
2026-09-11T17:40:25.593,25.828461919999995,-359.5701904296875,-32361.317138671875,-129445.2685546875,-246.30558044433596,-87.8917839050293,-5.7233805656433105,-3.920515687465668,-8.769943824860558,-1.619905567992397,0.0,-0.05335044860839844,-437.046875,-19.206161499023438,-0.3814697563648224,-137.32911229133606,-1479.4072541832275,1,1789162825.073979,38.99141366333333,-76.93667929833333,-10.249000000000002,0,1,17.032128999999998,6.943224999999999,72.743841,1,1,1789162825.5894487,0.9459609726573134,-0.3224931306273876,-0.0029593932109210084,0.03387124000091195,176.2157724377876,-0.930956631996159,-37.61936302715234,0.13472772454797388,-0.28630817382027984,-0.18081017638715577,-1.0134192277145386,1.2224970091629028,-5.078766052265167
2026-09-11T17:40:25.626,25.86187206400001,-359.7655334472656,-32378.898010253906,-129515.59204101562,-246.43939041137696,-88.02559387207032,-5.854133605957031,-4.010081520080567,-8.970296886364894,-2.6807975630053376,0.0,-0.06895637512207031,-564.890625,-24.824295043945312,-0.5340576767921448,-192.26076364517212,-1644.160867843333,1,1789162825.073979,38.99141366333333,-76.93667929833333,-10.249000000000002,0,1,17.032128999999998,6.943224999999999,72.743841,1,1,1789162825.6214488,0.9469955809393582,-0.31936311243491894,-0.0031593626676216565,0.03459176960988348,176.12710885020772,-0.9231245315948985,-37.24093430496398,-0.07427911856977627,-0.08422138665376197,-0.24569889998242694,2.8367696922874455,2.3579109648895265,-4.731610636539459
2026-09-11T17:40:25.660,25.895289279999986,-359.963623046875,-32396.72607421875,-129586.904296875,-246.57508178710938,-88.16128524780274,-5.905791282653809,-4.04546702861786,-9.049452014624766,-1.0589005540533099,0.0,-0.08471298217773438,-693.96875,-30.496673583984375,-0.6713867783546448,-241.69924020767212,-1479.4313375038957,1,1789162825.073979,38.99141366333333,-76.93667929833333,-10.249000000000002,0,1,17.032128999999998,6.943224999999999,72.743841,1,1,1789162825.6494489,0.9480965548947502,-0.3160040867304724,-0.0009236234482950709,0.0354046139093724,176.11626141982222,-1.181788445343865,-36.8267711873341,-0.07704214930860849,0.015878481935868813,-0.31615836548421367,1.3974476480484008,1.3948979190063477,-10.294138741283415
2026-09-11T17:40:25.693,25.928693216,-360.16021728515625,-32414.419555664062,-129657.67822265625,-246.70974884033205,-88.2959523010254,-5.880749225616455,-4.028313219547272,-9.011080036567796,0.5135265817351877,0.0,-0.11089515686035156,-908.453125,-39.92225646972656,-0.3967285752296448,-142.82228708267212,2960.03899435565,1,1789162825.073979,38.99141366333333,-76.93667929833333,-10.249000000000002,0,1,17.032128999999998,6.943224999999999,72.743841,1,1,1789162825.6894488,0.950311989764648,-0.30915050738394034,0.0044169252604938595,0.036243298208784205,176.2050875250301,-1.7652288725678444,-35.98245735237673,-0.025003935929921162,0.07661524177357068,-0.4204946717672102,2.142458860836029,1.508556994380951,-10.099378669071196
2026-09-11T17:40:25.726,25.96209411199999,-360.3529968261719,-32431.76971435547,-129727.07885742188,-246.84180282592774,-88.4280062866211,-5.778022289276123,-3.9579452681541447,-8.85367141229899,2.10676837511035,0.0,-0.11330413818359375,-928.1875,-40.78948974609375,-0.2593994438648224,-93.38379979133606,1480.1545231406985,1,1789162825.073979,38.99141366333333,-76.93667929833333,-10.249000000000002,0,1,17.032128999999998,6.943224999999999,72.743841,1,1,1789162825.721449,0.9527798828883088,-0.3017093691428808,0.008063762410048407,0.03342045886188959,176.62584835311844,-2.036291635183207,-35.08206954345143,0.1895392661080802,0.14762308972633398,-0.5052052742103063,-0.5447594164848328,-2.2668071848869324,-7.562202139225006
2026-09-11T17:40:25.760,25.99549782400004,-360.5441589355469,-32448.97430419922,-129795.89721679688,-246.97274887084964,-88.55895233154297,-5.700119972229004,-3.904582180976868,-8.734301585936077,1.5975196761723378,0.0,-0.11427688598632812,-936.15625,-41.139678955078125,0.1220703274011612,43.94531786441803,4111.193320537002,1,1789162825.073979,38.99141366333333,-76.93667929833333,-10.249000000000002,0,1,17.032128999999998,6.943224999999999,72.743841,1,1,1789162825.7494488,0.9547931352373937,-0.2952564836521646,0.01062958541899877,0.03287384490331286,176.75858825662496,-2.2758448709437182,-34.30258930278527,0.14987788058698545,0.10541788682045751,-0.4661046629778772,-2.714186565265656,-1.9567209067726137,-12.900550221271516
2026-09-11T17:40:25.793,26.02890364800004,-360.734130859375,-32466.07177734375,-129864.287109375,-247.1028796386719,-88.68908309936523,-5.675258636474609,-3.8875521659851078,-8.696206527346778,0.5097917953396651,0.0,-0.10699462890625,-876.5,-38.51806640625,0.2288818657398224,82.39747166633606,1151.0613778579193,1,1789162825.073979,38.99141366333333,-76.93667929833333,-10.249000000000002,0,1,17.032128999999998,6.943224999999999,72.743841,1,1,1789162825.7894487,0.9572127123123796,-0.2872299267715323,0.010991406328381803,0.033495992914410265,176.6831040764727,-2.3087468786735705,-33.33889421567976,-0.02162864368948933,0.002916619713007724,-0.4077848350883372,-0.00843371913909912,-1.43490905166626,-12.89927535675049
2026-09-11T17:40:25.827,26.06231436799999,-360.9204406738281,-32482.83966064453,-129931.35864257812,-247.2305018615723,-88.81670532226563,-5.545990467071533,-3.7990034699440005,-8.49812873555833,2.650307926355416,0.0,-0.09903907775878906,-811.328125,-35.65406799316406,0.5798340439796448,208.74025583267212,3781.5043844169622,1,1789162825.073979,38.99141366333333,-76.93667929833333,-10.249000000000002,0,1,17.032128999999998,6.943224999999999,72.743841,1,1,1789162825.8214488,0.9588296160478536,-0.2816750803812952,0.011694658029289939,0.03417823072212377,176.61728114991902,-2.388819106833938,-32.671830870472746,-0.07397717660918125,0.036419785501365674,-0.3527193481220657,9.365448970966339,4.693855033416748,-7.390585761394501
2026-09-11T17:40:25.860,26.095732543999986,-361.1038818359375,-32499.349365234375,-129997.3974609375,-247.35615905761722,-88.94236251831056,-5.442755222320557,-3.7282873272895816,-8.339941229620566,2.116098217162525,0.0,-0.0814208984375,-667.0,-29.3115234375,0.5187988877296448,186.76759958267212,-657.5061502459442,1,1789162825.073979,38.99141366333333,-76.93667929833333,-10.249000000000002,0,1,17.032128999999998,6.943224999999999,72.743841,1,1,1789162825.849449,0.9599143328607571,-0.2783727367079142,0.009074226708660815,0.03147620427995608,176.82357228300054,-2.0026199066284973,-32.28851995380724,0.1388693908629564,-0.12199188246324606,-0.24193754091145397,-5.193405792655946,-0.5072980128669738,-12.019913036746978
2026-09-11T17:40:25.894,26.129138528,-361.28155517578125,-32515.339965820312,-130061.35986328125,-247.47786529541017,-89.06406875610352,-5.235844612121582,-3.586553559303284,-8.022891820202398,4.24276584656945,0.0,-0.06507492065429688,-533.09375,-23.426971435546875,0.2746582627296448,98.87697458267212,-2630.9844667340953,1,1789162825.073979,38.99141366333333,-76.93667929833333,-10.249000000000002,0,1,17.032128999999998,6.943224999999999,72.743841,1,1,1789162825.889449,0.9608448839520508,-0.2755061440531931,0.006459259878809728,0.02884010287653666,177.02596567516127,-1.6219131796629425,-31.956605103955013,0.044758794134469385,-0.1533760440067577,-0.14085435382124958,3.8238090310668946,1.3662625005340576,-15.326911604290009
2026-09-11T17:40:25.927,26.16253878399999,-361.44989013671875,-32530.490112304688,-130121.96044921875,-247.59317474365236,-89.17937820434571,-5.107360363006592,-3.4985418486595155,-7.826015230537561,2.63506096012518,0.0,-0.057399749755859375,-470.21875,-20.663909912109375,0.2899170517921448,104.37013864517212,164.4647293272584,1,1789162825.073979,38.99141366333333,-76.93667929833333,-10.249000000000002,0,1,17.032128999999998,6.943224999999999,72.743841,1,1,1789162825.9214487,0.9613093678458842,-0.2738771317345421,0.0068975028135558215,0.02877569216445938,177.04404453712368,-1.663144781831139,-31.761601198877695,0.07663164786853943,-0.09297072219400955,-0.11606579152102452,3.541083306903839,-0.012062179698944091,-11.04238614862442
2026-09-11T17:40:25.961,26.195956672000023,-361.6186218261719,-32545.67596435547,-130182.70385742188,-247.70875595092775,-89.29495941162111,-5.0041093826293945,-3.4278149271011356,-7.667803612878337,2.1164390029170774,0.0,-0.04888916015625,-400.5,-17.60009765625,0.3814697861671448,137.32912302017212,986.2677250869222,1,1789162825.073979,38.99141366333333,-76.93667929833333,-10.249000000000002,0,1,17.032128999999998,6.943224999999999,72.743841,1,1,1789162825.9494488,0.9617206412576943,-0.27262339630969545,0.005059889352321897,0.027281669362381026,177.14945581938971,-1.4100564062898182,-31.61828966117888,0.10690455827730629,-0.1293009723047479,-0.1224694045465917,-5.8177952084541324,-2.3980201640510557,-11.38718796831131
2026-09-11T17:40:25.994,26.229384896,-361.7819519042969,-32560.37567138672,-130241.50268554688,-247.82063705444338,-89.40684051513672,-4.900375843048096,-3.3567574524879458,-7.508852569094358,2.1256730424338297,0.0,-0.04587554931640625,-375.8125,-16.51519775390625,-0.0610351637005806,-21.972658932209015,-4765.487450140718,1,1789162825.073979,38.99141366333333,-76.93667929833333,-10.249000000000002,0,1,17.032128999999998,6.943224999999999,72.743841,1,1,1789162825.9894488,0.9622181748293662,-0.27123168644681245,0.005272795131153174,0.023275607978450023,177.59613763075114,-1.304928128872441,-31.456965398499094,0.10662233853725879,-0.13360408157553993,-0.11149669407222855,-4.632269270401001,-4.500271759223938,-16.368573984470366
2026-09-11T17:40:26.027,26.262785344000008,-361.93975830078125,-32574.578247070312,-130298.31298828125,-247.92873443603517,-89.51493789672853,-4.7962493896484375,-3.28543083190918,-7.349299462932123,2.1354989184200934,0.0,-0.0514678955078125,-421.625,-18.5284423828125,-0.3204346001148224,-115.35645604133606,-2795.8845674495738,1,1789162825.073979,38.99141366333333,-76.93667929833333,-10.249000000000002,0,1,17.032128999999998,6.943224999999999,72.743841,1,1,1789162826.0214489,0.9626957190011396,-0.269486756085963,0.008154851226937668,0.022963869722024945,177.7170245861609,-1.6089737183494028,-31.244920580261443,0.09127321496351985,0.07698455344329269,-0.1420106344506958,2.449995409908295,0.5714335049247742,-12.125824858493806
2026-09-11T17:40:26.060,26.296191072,-362.0942077636719,-32588.47869873047,-130353.91479492188,-248.03453231811525,-89.6207357788086,-4.615614414215088,-3.1616958737373353,-7.072512244401691,3.704004240586458,0.0,-0.06645774841308594,-544.421875,-23.924789428710938,-0.6103516221046448,-219.72658395767212,-3124.3183179951625,1,1789162825.073979,38.99141366333333,-76.93667929833333,-10.249000000000002,0,1,17.032128999999998,6.943224999999999,72.743841,1,1,1789162826.0494487,0.9632323303442418,-0.26754057173549955,0.01081070735741396,0.022105403445212453,177.88987469628182,-1.8713051643446361,-31.01110948557199,0.1297912352916331,0.16320102596500938,-0.1861547236226128,3.4956785166549684,-2.254646938686371,-9.723391701869964
2026-09-11T17:40:26.094,26.329596992000006,-362.2484130859375,-32602.357177734375,-130409.4287109375,-248.1401629638672,-89.72636642456055,-4.616897106170654,-3.1625745177268985,-7.07447771502974,-0.026302044355101806,0.0,-0.07805061340332031,-639.390625,-28.098220825195312,-0.3509522080421448,-126.34279489517212,2795.4263514514946,1,1789162826.0719326,38.9913959,-76.93667624166666,-10.215000000000003,0,1,17.032128999999998,6.943224999999999,72.743841,1,1,1789162826.0894487,0.9642510627628059,-0.26363516615848137,0.012649275369759296,0.02358777136588667,177.77373736884653,-2.1107546749137867,-30.541946904348148,-0.1113944177780617,0.08383776328417362,-0.24654381387331742,4.4182881638717655,2.5664984138298035,-8.884432780532837
2026-09-11T17:40:26.127,26.363006176,-362.40081787109375,-32616.073608398438,-130464.29443359375,-248.24456024169925,-89.83076370239259,-4.565245151519775,-3.1271929287910463,-6.995331354668582,1.0590378063666506,0.0,-0.09722328186035156,-796.453125,-35.00038146972656,-0.6256104111671448,-225.21974802017212,-2959.574023867846,1,1789162826.0719326,38.9913959,-76.93667624166666,-10.215000000000003,0,1,17.032128999999998,6.943224999999999,72.743841,1,1,1789162826.1214488,0.9652482695719268,-0.25967625541267275,0.014494673174246681,0.025571955592502672,177.6000724660391,-2.3648542984483547,-30.065484845293987,-0.09307614008083,0.12070644746915223,-0.288167124006579,-1.04009331615448,-0.19132774465560912,-5.525753166637421
2026-09-11T17:40:26.161,26.396411967999995,-362.5523681640625,-32629.713134765625,-130518.8525390625,-248.34837219238284,-89.93457565307618,-4.566267967224121,-3.127893557548523,-6.996898616563439,-0.02097327186486018,0.0,-0.10601806640625,-868.5,-38.16650390625,0.1525879055261612,54.93164598941803,8386.311990735634,1,1789162826.0719326,38.9913959,-76.93667624166666,-10.215000000000003,0,1,17.032128999999998,6.943224999999999,72.743841,1,1,1789162826.1494489,0.966259710200869,-0.2557894517400839,0.01616248694853103,0.025548049567011774,177.6419502702301,-2.539272728244455,-29.60233393811485,0.015878481935868813,0.17637669102123976,-0.3181693338483615,2.631516504402161,0.24987344612121581,-10.195189641151428
2026-09-11T17:40:26.195,26.42981772799999,-362.7052307128906,-32643.470764160156,-130573.88305664062,-248.4530830383301,-90.03928649902345,-4.541220664978027,-3.110736155509949,-6.958518601265984,0.5136060978279583,0.0,-0.10623359680175781,-870.265625,-38.24409484863281,0.0,0.0,-1644.3764784704294,1,1789162826.0719326,38.9913959,-76.93667624166666,-10.215000000000003,0,1,17.032128999999998,6.943224999999999,72.743841,1,1,1789162826.1894488,0.9678607313140593,-0.24955891307730596,0.01750615542067909,0.025680502453710563,177.64921511275315,-2.676952421538462,-28.862164723482078,0.16382114144824295,0.08391089257983218,-0.3513921997588491,-1.217103351573944,-1.0061623065948486,-10.279624899044038
2026-09-11T17:40:26.228,26.46321900800001,-362.8547058105469,-32656.92352294922,-130627.69409179688,-248.55547348022463,-90.14167694091798,-4.5163702964782715,-3.093713653087616,-6.920440347815884,0.5096362301780728,0.0,-0.10723114013671875,-878.4375,-38.60321044921875,0.0,0.0,0.0,1,1789162826.0719326,38.9913959,-76.93667624166666,-10.215000000000003,0,1,17.032128999999998,6.943224999999999,72.743841,1,1,1789162826.221449,0.969136075412121,-0.24459191957283802,0.017152785437839806,0.025609415576885966,177.6335597491638,-2.6236011815540357,-28.274981379754774,0.07060415329677702,0.04824945263845804,-0.31924602746391684,5.219883748092651,1.1297260986328124,-12.395507737941742
2026-09-11T17:40:26.261,26.49663744000003,-363.0083312988281,-32670.74981689453,-130682.99926757812,-248.6607069396973,-90.24691040039063,-4.596659183502197,-3.148711540699005,-7.043467118600129,-1.645735132377177,0.0,-0.10880279541015625,-891.3125,-39.16900634765625,-0.061035171151161194,-21.97266161441803,-657.501273979746,1,1789162826.0719326,38.9913959,-76.93667624166666,-10.215000000000003,0,1,17.032128999999998,6.943224999999999,72.743841,1,1,1789162826.2494488,0.9703827995553971,-0.2399681258450598,0.015929045237923226,0.022776883527990042,177.90298088013964,-2.3982991966055907,-27.736365896689545,0.061599476086962666,-0.08627982797356408,-0.3840305549028439,3.085956672897339,-0.5239693181419373,-10.681697555675505
2026-09-11T17:40:26.294,26.53004211199999,-363.16259765625,-32684.6337890625,-130738.53515625,-248.76637939453127,-90.35258285522461,-4.623714923858643,-3.1672447228431704,-7.084924666345667,-0.5548080862517405,0.0,-0.11138725280761719,-912.484375,-40.09941101074219,-0.045776382088661194,-16.47949755191803,164.44298757091482,1,1789162826.0719326,38.9913959,-76.93667624166666,-10.215000000000003,0,1,17.032128999999998,6.943224999999999,72.743841,1,1,1789162826.2894487,0.9721443159477019,-0.23287335724541763,0.014401071892686744,0.022316755681876257,177.8961975539473,-2.200343278167384,-26.901872779521106,0.06833557433503479,-0.010873575772849873,-0.37631829400413136,-1.634180182952881,-0.5550563991546631,-5.11799265291214
2026-09-11T17:40:26.328,26.563441472000022,-363.32196044921875,-32698.976440429688,-130795.90576171875,-248.87554290771487,-90.46174636840821,-4.781360149383545,-3.2752317023277286,-7.326484659824009,-3.2332050519666473,0.0,-0.113677978515625,-931.25,-40.924072265625,-0.1373291164636612,-49.43848192691803,-986.8148483973285,1,1789162826.0719326,38.9913959,-76.93667624166666,-10.215000000000003,0,1,17.032128999999998,6.943224999999999,72.743841,1,1,1789162826.3214488,0.973283478435946,-0.2280025135578703,0.01662208463411671,0.02139697916377291,178.04576906760641,-2.413618445582654,-26.32768329472612,-0.029103016211155047,-0.03294815108622375,-0.3879697630245951,2.8702103693389893,0.3064578175544739,-13.672823921508789
2026-09-11T17:40:26.361,26.596845248000022,-363.48455810546875,-32713.610229492188,-130854.44091796875,-248.98692230224611,-90.57312576293945,-4.860180377960205,-3.329223558902741,-7.447261003272049,-1.6163399184275449,0.0,-0.11612319946289062,-951.28125,-41.804351806640625,-0.1525879055261612,-54.93164598941803,-164.44739847674654,1,1789162826.0719326,38.9913959,-76.93667624166666,-10.215000000000003,0,1,17.032128999999998,6.943224999999999,72.743841,1,1,1789162826.349449,0.9744767980820814,-0.22271345572212686,0.017881615580251087,0.02177003592654365,178.02301309899303,-2.553222884005555,-25.70324898568424,0.021186900855809567,0.014557267692109105,-0.4219645880632399,-1.726166561470032,1.66399239944458,-9.200991447753905
2026-09-11T17:40:26.395,26.630249983999988,-363.6509094238281,-32728.58184814453,-130914.32739257812,-249.10087295532227,-90.68707641601563,-4.964603900909424,-3.4007536721229554,-7.607269309509108,-2.141316525306105,0.0,-0.11966705322265625,-980.3125,-43.08013916015625,-0.01525880303233862,-5.493169091641903,1479.9840626738276,1,1789162826.0719326,38.9913959,-76.93667624166666,-10.215000000000003,0,1,17.032128999999998,6.943224999999999,72.743841,1,1,1789162826.389449,0.9763316334690849,-0.21430599159640387,0.018888392465209413,0.022197118811919818,177.9778581723383,-2.6592852475441533,-24.713374372408335,0.020494354208618216,0.006428920299721113,-0.4616011899089563,-4.091040247974395,2.929148336811066,-8.396944200992584
2026-09-11T17:40:26.429,26.66371459200002,-363.8226318359375,-32744.036865234375,-130976.1474609375,-249.2185028076172,-90.80470626831055,-5.0949602127075195,-3.490047745704651,-7.807014463369379,-2.6683137475153598,0.0,-0.1246185302734375,-1020.875,-44.8626708984375,-0.3204346001148224,-115.35645604133606,-3282.9694867363123,1,1789162826.0719326,38.9913959,-76.93667624166666,-10.215000000000003,0,1,17.032128999999998,6.943224999999999,72.743841,1,1,1789162826.4214487,0.9776855891093319,-0.2076844571104382,0.0228223426492275,0.02184481171084583,178.09266963274868,-3.078252942317758,-23.934276782206357,0.07775511630804818,0.10820011618106166,-0.4668991368533851,1.0219510133552552,1.8914086166954043,-10.311398445568084
2026-09-11T17:40:26.462,26.69714310400002,-363.99749755859375,-32759.774780273438,-131039.09912109375,-249.33828582763672,-90.92448928833008,-5.25211238861084,-3.5976969861984256,-8.047818956241995,-3.220282149973449,0.0,-0.13380050659179688,-1096.09375,-48.168182373046875,-0.3662109673023224,-131.83594822883606,-492.97713842302636,1,1789162826.0719326,38.9913959,-76.93667624166666,-10.215000000000003,0,1,17.032128999999998,6.943224999999999,72.743841,1,1,1789162826.461449,0.9795876348067339,-0.19804257806941608,0.026347236756225953,0.022204191511506925,178.10163478538078,-3.4635536756808563,-22.801389844449414,0.16539315950551425,0.1394621046769337,-0.5030988363360743,-1.0927550275230409,-3.0363350230789186,-5.487507231006623
2026-09-11T17:40:26.495,26.730564319999985,-364.1780700683594,-32776.026306152344,-131104.10522460938,-249.4619779968262,-91.04818145751953,-5.4090471267700195,-3.7051972818374637,-8.288290268963538,-3.2165285559672663,0.0,-0.137664794921875,-1127.75,-49.559326171875,0.0,0.0,3944.678381210709,1,1789162826.0719326,38.9913959,-76.93667624166666,-10.215000000000003,0,1,17.032128999999998,6.943224999999999,72.743841,1,1,1789162826.4894488,0.9807979163904788,-0.1913506933729294,0.027444490990734188,0.025829426320649235,177.69347193550308,-3.6533596728251148,-22.005551163652626,-0.24683318946329805,0.02871939284156669,-0.5238303807900385,0.3846168193435669,-0.06982334915161133,-11.024439978828429
2026-09-11T17:40:26.529,26.763972128000034,-364.3642883300781,-32792.78594970703,-131171.14379882812,-249.58953750610354,-91.17574096679688,-5.539975643157959,-3.7948833155632022,-8.488912212695057,-2.6845830090260843,0.0,-0.1388225555419922,-1137.234375,-49.97611999511719,-0.0610351637005806,-21.972658932209015,-657.7102853373816,1,1789162826.0719326,38.9913959,-76.93667624166666,-10.215000000000003,0,1,17.032128999999998,6.943224999999999,72.743841,1,1,1789162826.5214489,0.9823022375537234,-0.18312570157523697,0.02949672417490565,0.026023734983189745,177.68374573949595,-3.869295412773692,-21.042034988469506,-0.15556660675093575,0.1347757211024037,-0.5492336480528159,6.603405952911377,4.530476241722107,-15.305729239940645
2026-09-11T17:40:26.562,26.797378528000024,-364.5487976074219,-32809.39178466797,-131237.56713867188,-249.715926361084,-91.30212982177736,-5.64461612701416,-3.8665620470047,-8.649252968424964,-2.145658659464047,0.0,-0.1399250030517578,-1146.265625,-50.37300109863281,0.0,0.0,657.7380062567561,1,1789162826.0719326,38.9913959,-76.93667624166666,-10.215000000000003,0,1,17.032128999999998,6.943224999999999,72.743841,1,1,1789162826.5614488,0.9842411665110151,-0.17192464251993927,0.03163219896873971,0.026657971187419048,177.6097530491893,-4.096341179951058,-19.731121440034855,-0.08577595141851332,-0.12781412631497394,-0.5913761936385459,4.581176623058319,2.660249989376068,-10.704743183555603
2026-09-11T17:40:26.595,26.830786112,-364.7422180175781,-32826.79962158203,-131307.19848632812,-249.84841934204104,-91.43462280273438,-5.7496819496154785,-3.938532135486603,-8.810245471292498,-2.154303899436689,0.0,-0.14017486572265625,-1148.3125,-50.46295166015625,-0.045776382088661194,-16.47949755191803,-493.2861218557677,1,1789162826.0719326,38.9913959,-76.93667624166666,-10.215000000000003,0,1,17.032128999999998,6.943224999999999,72.743841,1,1,1789162826.5894487,0.9854995866930503,-0.1643852760710048,0.03322115063379597,0.025775973103901676,177.70802772506096,-4.241080420465506,-18.855079439895004,0.10656858239629736,0.02304131318605354,-0.578102092012503,2.719972488861084,2.1657006217193606,-10.181558397426604
2026-09-11T17:40:26.629,26.864196096,-364.9371643066406,-32844.344787597656,-131377.37915039062,-249.98195755004886,-91.5681610107422,-5.855032920837402,-4.010697550773621,-8.971674907779207,-2.1599955057450195,0.0,-0.13895606994628906,-1138.328125,-50.02418518066406,0.1220703199505806,43.945315182209015,1808.5855034867159,1,1789162826.0719326,38.9913959,-76.93667624166666,-10.215000000000003,0,1,17.032128999999998,6.943224999999999,72.743841,1,1,1789162826.6214488,0.9868948750594352,-0.15579707691044328,0.0313567238990979,0.027973778327193746,177.38884431160682,-4.048912106857213,-17.849717007484603,0.05281139423732081,-0.0719923881838133,-0.5822402676689815,0.2813527931404114,0.664106348953247,-7.850223454475403
2026-09-11T17:40:26.662,26.897616640000024,-365.1360168457031,-32862.24151611328,-131448.96606445312,-250.11817153930667,-91.70437500000001,-5.93450927734375,-4.065138854980469,-9.093456636946279,-1.6289772005748924,0.0,-0.13826942443847656,-1132.703125,-49.77699279785156,0.0762939527630806,27.465822994709015,-493.094672171959,1,1789162826.0719326,38.9913959,-76.93667624166666,-10.215000000000003,0,1,17.032128999999998,6.943224999999999,72.743841,1,1,1789162826.6614487,0.9883942225836396,-0.14508713064441486,0.03326508899198526,0.030331817271782843,177.10835349453865,-4.275915878438557,-16.59372949630174,-0.005867447879354537,-0.033028087165965093,-0.5556489547843715,2.7647888801002503,-0.33813329757690425,-10.905485312366485
2026-09-11T17:40:26.695,26.931022815999995,-365.3334045410156,-32880.006408691406,-131520.02563476562,-250.2533821105957,-91.83958557128906,-5.935649394989014,-4.065919835567475,-9.095203640764742,-0.023378329414498453,0.0,-0.13538169860839844,-1109.046875,-48.73741149902344,-0.0762939527630806,-27.465822994709015,-1644.3560014012141,1,1789162826.0719326,38.9913959,-76.93667624166666,-10.215000000000003,0,1,17.032128999999998,6.943224999999999,72.743841,1,1,1789162826.6894488,0.9895579332739226,-0.13741222623561714,0.03326061228851926,0.02804832340456613,177.33501842721122,-4.217049843153596,-15.713193723106038,-0.019709828709846763,0.020991773045436597,-0.5471343660285173,5.405327502651214,4.099473967113495,-16.155083210449217
2026-09-11T17:40:26.728,26.96442403200001,-365.5297546386719,-32897.67791748047,-131590.71166992188,-250.38788192749024,-91.9740853881836,-5.909611225128174,-4.0480836892128,-9.055305317673575,0.5339969165992832,0.0,-0.13486289978027344,-1104.796875,-48.55064392089844,0.1068115383386612,38.45215380191803,1973.5202693397787,1,1789162826.0719326,38.9913959,-76.93667624166666,-10.215000000000003,0,1,17.032128999999998,6.943224999999999,72.743841,1,1,1789162826.721449,0.9905995252643034,-0.12908754521537352,0.03508558852701217,0.028600484158816976,177.26329250093897,-4.41013916925385,-14.743646442048016,0.015456810388586982,0.11786662224323226,-0.5465430484779414,-2.145008589878082,-1.7460740612983705,-9.074583727169037
2026-09-11T17:40:26.762,26.997831264000013,-365.7269592285156,-32915.426330566406,-131661.70532226562,-250.52296707153323,-92.10917053222657,-5.910358428955078,-4.048595523834229,-9.056450259113781,-0.015321072438123638,0.0,-0.135589599609375,-1110.75,-48.812255859375,0.1068115308880806,38.452151119709015,-8.028827455361852e-05,1,1789162826.0719326,38.9913959,-76.93667624166666,-10.215000000000003,0,1,17.032128999999998,6.943224999999999,72.743841,1,1,1789162826.7614489,0.9919684293220813,-0.11857278822367426,0.03481015164804263,0.026970028983797113,177.39895889972172,-4.327478929721242,-13.534479223412973,0.1231790554204526,0.05919633223989168,-0.5684514684465256,-5.892816082191467,-2.9307174008369445,-10.014355012168885
2026-09-11T17:40:26.796,27.031252768,-365.9245910644531,-32933.21319580078,-131732.85278320312,-250.6583448791504,-92.24454833984376,-5.8852691650390625,-4.031409378051758,-9.018005945892433,0.5142241887880565,0.0,-0.1355876922607422,-1110.734375,-48.81156921386719,0.030517593026161194,10.98633348941803,-821.8007672634967,1,1789162826.0719326,38.9913959,-76.93667624166666,-10.215000000000003,0,1,17.032128999999998,6.943224999999999,72.743841,1,1,1789162826.7894487,0.9927356796817134,-0.11145357892700428,0.036011112941534876,0.027516718117548144,177.3205830849325,-4.452506534280853,-12.70726724633794,-0.11996415893827905,0.006987949259134897,-0.5340473636982881,1.148947132949829,-1.154144657535553,-11.674915084056854
2026-09-11T17:40:26.829,27.064664031999996,-366.1161193847656,-32950.450744628906,-131801.80297851562,-250.78954177856448,-92.37574523925782,-5.808717250823975,-3.9789713168144227,-8.900705343625667,1.5694725358892136,0.0,-0.13553237915039062,-1110.28125,-48.791656494140625,0.0457763709127903,16.479493528604507,164.41042276004285,1,1789162826.0719326,38.9913959,-76.93667624166666,-10.215000000000003,0,1,17.032128999999998,6.943224999999999,72.743841,1,1,1789162826.8214488,0.9937044033826123,-0.10293524680997534,0.03597484585106709,0.02572361032530156,177.486966614742,-4.4042196599206545,-11.731405507393468,-0.14664238921963837,0.0343192817465905,-0.5527248301555803,-5.054249426860809,-1.8220756000518799,-7.145223374347687
2026-09-11T17:40:26.863,27.09806876800002,-366.3055725097656,-32967.501525878906,-131870.00610351562,-250.91931716918947,-92.50552062988282,-5.705715179443359,-3.9084148979187017,-8.742875129560437,2.1121681337542415,0.0,-0.1345844268798828,-1102.515625,-48.45039367675781,0.015258791856467724,5.493165068328381,-328.88535506667864,1,1789162826.0719326,38.9913959,-76.93667624166666,-10.215000000000003,0,1,17.032128999999998,6.943224999999999,72.743841,1,1,1789162826.8614488,0.9945943989830007,-0.0934712536339614,0.039426429520236096,0.02215091219396724,177.89003086186554,-4.736164476559127,-10.650426502712879,0.04877916006643832,-0.027879016806731424,-0.47552385588504026,1.0717687961769105,-0.8407241183662415,-14.177474138832093
2026-09-11T17:40:26.896,27.13147423999999,-366.4912414550781,-32984.21173095703,-131936.84692382812,-251.04650039672853,-92.63270385742189,-5.551095962524414,-3.802500734329224,-8.505951893184546,3.170563301412811,0.0,-0.1344318389892578,-1101.265625,-48.39546203613281,0.0,0.0,-164.43907957155432,1,1789162826.0719326,38.9913959,-76.93667624166666,-10.215000000000003,0,1,17.032128999999998,6.943224999999999,72.743841,1,1,1789162826.889449,0.9951567049740007,-0.08687324258424046,0.04119979056893975,0.02046337033005349,178.0691252055336,-4.907994017839098,-9.895336198316368,0.029256779718255747,0.019078019520624816,-0.5002518552602211,1.3541022543334962,-2.0449807582283017,-3.1086100347709653
2026-09-11T17:40:26.929,27.164875999999992,-366.67047119140625,-33000.34240722656,-132001.36962890625,-251.1692727661133,-92.75547622680665,-5.3961358070373535,-3.6963530278205874,-8.26850623617704,3.177907586565028,0.0,-0.1331043243408203,-1090.390625,-47.91755676269531,0.1525879055261612,54.93164598941803,1644.573399408047,1,1789162826.0719326,38.9913959,-76.93667624166666,-10.215000000000003,0,1,17.032128999999998,6.943224999999999,72.743841,1,1,1789162826.9214487,0.9955863747655237,-0.0794988283632179,0.044383606932155865,0.022755265452409176,177.79840237287647,-5.2782999389323875,-9.029412662046589,-0.14979148678901175,0.10359489041674944,-0.4675312951084574,5.38032054473877,4.495760700149536,-8.491774508056642
2026-09-11T17:40:26.963,27.19828319999999,-366.8479919433594,-33016.319274902344,-132065.27709960938,-251.2908744812012,-92.87707794189454,-5.268112659454346,-3.608657171726227,-8.072336193016783,2.625058553077255,0.0,-0.12757110595703125,-1045.0625,-45.92559814453125,0.1983642876148224,71.41114354133606,493.2917919465992,1,1789162826.0719326,38.9913959,-76.93667624166666,-10.215000000000003,0,1,17.032128999999998,6.943224999999999,72.743841,1,1,1789162826.961449,0.9961863700406396,-0.07117066023044258,0.04492653244931175,0.023001303217378158,177.73031557151737,-5.323813955216876,-8.067354926726978,-0.051002709533479094,0.04839675842732637,-0.3635039121030638,4.897931423282623,0.3719662406349182,-7.127571404056549
2026-09-11T17:40:26.997,27.23172543999999,-367.02484130859375,-33032.23571777344,-132128.94287109375,-251.41201629638672,-92.99821975708008,-5.191896438598633,-3.556449060440064,-7.95554997414115,1.561142772917249,0.0,-0.11114692687988281,-910.515625,-40.01289367675781,0.5950928330421448,214.23341989517212,4270.7150105327455,1,1789162826.0719326,38.9913959,-76.93667624166666,-10.215000000000003,0,1,17.032128999999998,6.943224999999999,72.743841,1,1,1789162826.9894488,0.9964518681355575,-0.0658345247690428,0.047331131718760966,0.022566652561095815,177.76915167090735,-5.583582216361065,-7.451156292020563,0.019541055371178912,-0.09746721394592253,-0.4104895718301528,5.092887628498077,3.1427371773338315,-5.839958237819672
2026-09-11T17:40:27.030,27.265133247999984,-367.1951599121094,-33047.564392089844,-132190.25756835938,-251.52868453979494,-93.11488800048829,-5.141340732574463,-3.5218184018135075,-7.87808339704166,1.0366037372629762,0.0,-0.10478401184082031,-858.390625,-37.72224426269531,-0.01525880303233862,-5.493169091641903,-6577.102843349146,1,1789162826.0719326,38.9913959,-76.93667624166666,-10.215000000000003,0,1,17.032128999999998,6.943224999999999,72.743841,1,1,1789162827.0214489,0.99684568111603,-0.060467669829554704,0.04634114973505781,0.022245151987232772,177.7693692888859,-5.455934387028713,-6.836205051012005,0.07571046308933682,-0.009445198313017714,-0.2990988192435203,3.653859783763885,2.3634026889801025,-16.461050695495604
2026-09-11T17:40:27.063,27.29853711999999,-367.36376953125,-33062.7392578125,-132250.95703125,-251.64418212890627,-93.23038558959962,-5.115457534790039,-3.504088411331177,-7.838422537873956,0.5307765064578803,0.0,-0.10316658020019531,-845.140625,-37.13996887207031,-0.03051757998764515,-10.986328795552254,-164.4467953867452,1,1789162826.0719326,38.9913959,-76.93667624166666,-10.215000000000003,0,1,17.032128999999998,6.943224999999999,72.743841,1,1,1789162827.0614488,0.9971136523990507,-0.05490453085887731,0.04684578237632898,0.02356542730656977,177.59029122326947,-5.509387274020301,-6.187481058333621,-0.04884408631461251,0.06145077403469275,-0.32360638353417426,-0.6698922725486754,1.8453173609352111,-15.408012601127625
2026-09-11T17:40:27.096,27.331945856000004,-367.5343933105469,-33078.09539794922,-132312.38159179688,-251.76105941772462,-93.34726287841798,-5.089227676391602,-3.4861209583282475,-7.7982304901759205,0.5378070275667622,0.0,-0.10371971130371094,-849.671875,-37.33909606933594,0.01525880303233862,5.493169091641903,493.26912239924144,1,1789162827.0737715,38.99138072666667,-76.93666514333333,-10.109000000000002,0,1,20.439441,16.216729,171.191056,1,1,1789162827.0894487,0.9973381716316563,-0.05022840288847499,0.04784190798475518,0.022468439867432244,177.69588797440633,-5.60594879509338,-5.653415931035849,0.24896284021658152,0.11653109629960619,-0.35736454192624856,-2.7539034984207156,1.5448415999794007,-14.744396584682464
2026-09-11T17:40:27.130,27.36534832000001,-367.70782470703125,-33093.70422363281,-132374.81689453125,-251.87985992431643,-93.46606338500978,-5.142423152923584,-3.5225598597526555,-7.879741991214772,-1.090904593876735,0.0,-0.10618209838867188,-869.84375,-38.225555419921875,-0.1068115308880806,-38.452151119709015,-1315.631092704539,1,1789162827.0737715,38.99138072666667,-76.93666514333333,-10.109000000000002,0,1,20.439441,16.216729,171.191056,1,1,1789162827.1214488,0.99745247936317,-0.04489966637152227,0.04906185429920453,0.02579739957271594,177.28914951252605,-5.750130378345699,-5.018615383132344,0.15314304255161645,0.08472753213684033,-0.3587122851746386,-4.869296004810334,-3.5361799818229676,8.988481338748931
2026-09-11T17:40:27.163,27.39876448000001,-367.8865966796875,-33109.793701171875,-132439.1748046875,-252.00231872558595,-93.5885221862793,-5.299701690673828,-3.6302956581115726,-8.120740108517289,-3.2240627995231055,0.0,-0.11087989807128906,-908.328125,-39.91676330566406,-0.06103518605232239,-21.97266697883606,493.15912243872947,1,1789162827.0737715,38.99138072666667,-76.93666514333333,-10.109000000000002,0,1,20.439441,16.216729,171.191056,1,1,1789162827.1614487,0.9974696364342338,-0.03701863409657221,0.05330515647596283,0.029025943816774626,176.88852456909538,-6.228252162176239,-4.081510824085318,-0.026999370863726283,0.20608062409385647,-0.41662230975581044,4.634034467430115,0.22584715322494506,-0.30822301458358764
2026-09-11T17:40:27.197,27.432180672000015,-368.0657653808594,-33125.918884277344,-132503.67553710938,-252.12504928588868,-93.71125274658203,-5.378049850463867,-3.683964147567749,-8.240793100321548,-1.6060623980185933,0.0,-0.11404609680175781,-934.265625,-41.05659484863281,0.0,0.0,657.545509040446,1,1789162827.0737715,38.99138072666667,-76.93666514333333,-10.109000000000002,0,1,20.439441,16.216729,171.191056,1,1,1789162827.1894488,0.9975876007316999,-0.03122203297612102,0.05457724525910276,0.02941917441289044,176.81096257679553,-6.357295903966069,-3.4081146799554514,0.030751130623813294,0.14157098601211845,-0.4459897433486426,-3.1545051575279235,2.0812653638267515,-12.817291761398314
2026-09-11T17:40:27.230,27.465588832000037,-368.2493591308594,-33142.442321777344,-132569.76928710938,-252.25081100463868,-93.83701446533203,-5.508246898651123,-3.7731491255760194,-8.440294214334322,-2.669556719322829,0.0,-0.11820030212402344,-968.296875,-42.55210876464844,-0.030517593026161194,-10.98633348941803,-328.8517981658034,1,1789162827.0737715,38.99138072666667,-76.93666514333333,-10.109000000000002,0,1,20.439441,16.216729,171.191056,1,1,1789162827.221449,0.9978557857896717,-0.023676613582256076,0.05403262763433045,0.0283500244494298,176.88474326985593,-6.267818080010293,-2.547852703315969,0.2133340379322197,0.08541850798770488,-0.4497029313322605,-3.2732636909866337,-1.0318557300186157,-3.1407758473014833
2026-09-11T17:40:27.263,27.498988928000017,-368.4405517578125,-33159.649658203125,-132638.5986328125,-252.38177795410158,-93.96798141479493,-5.717506408691406,-3.9164918899536136,-8.760942846173965,-4.29168719687754,0.0,-0.12005233764648438,-983.46875,-43.218841552734375,-0.045776382088661194,-16.47949755191803,-164.4655171800499,1,1789162827.0737715,38.99138072666667,-76.93666514333333,-10.109000000000002,0,1,20.439441,16.216729,171.191056,1,1,1789162827.2614489,0.9979588199119502,-0.013960775758962997,0.054408010174219916,0.030381884882900837,176.59015729619978,-6.283162810193463,-1.4157470701688661,0.2088138097024796,0.08677811947500846,-0.4891362023201196,7.619374909667968,2.1913940451431273,-8.278774066543578
2026-09-11T17:40:27.297,27.532388576000017,-368.63787841796875,-33177.40905761719,-132709.63623046875,-252.5169467163086,-94.10315017700196,-5.901083469390869,-4.042242176532746,-9.042238225959066,-3.765018319328798,0.0,-0.12136459350585938,-994.21875,-43.691253662109375,-0.0457763746380806,-16.479494869709015,8.030650547253099e-05,1,1789162827.0737715,38.99138072666667,-76.93666514333333,-10.109000000000002,0,1,20.439441,16.216729,171.191056,1,1,1789162827.2894487,0.9978932991699246,-0.00749347202565862,0.055806527886726236,0.03222487849460084,176.3375367158105,-6.42259787711091,-0.6549275060656187,-0.013943086328332301,-0.05214485299598419,-0.5040215919116037,0.6287043418693542,0.681366053237915,-4.684636782264709
2026-09-11T17:40:27.331,27.565797952000025,-368.8389587402344,-33195.506286621094,-132782.02514648438,-252.65468673706056,-94.24089019775391,-5.979866981506348,-4.096208882331848,-9.162958308723702,-1.6153161854650806,0.0,-0.12128639221191406,-993.578125,-43.66310119628906,0.061035171151161194,21.97266161441803,1150.9390802185897,1,1789162827.0737715,38.99138072666667,-76.93666514333333,-10.109000000000002,0,1,20.439441,16.216729,171.191056,1,1,1789162827.3214488,0.9978013100119772,0.0010932188237879107,0.05833880676401643,0.0314314211631676,176.37178459240766,-6.681632829833234,0.3374151604948779,-0.03116075939925636,-0.034021179510349865,-0.5378151804874934,4.6943453659248355,7.102858645648956,-10.593437704219818
2026-09-11T17:40:27.364,27.59920540799999,-369.042236328125,-33213.80126953125,-132855.205078125,-252.79393188476564,-94.380135345459,-6.058554172515869,-4.150109608173371,-9.283530798526678,-1.6134340142985248,0.0,-0.12117195129394531,-992.640625,-43.62190246582031,-0.1678466945886612,-60.42481005191803,-2466.4395776327897,1,1789162827.0737715,38.99138072666667,-76.93666514333333,-10.109000000000002,0,1,20.439441,16.216729,171.191056,1,1,1789162827.3614488,0.9979230899715155,0.011530147202422852,0.055448599879221384,0.030692262520496137,176.39272627952835,-6.3129580797873714,1.5229434463424085,-0.06755017617163733,-0.07853248595688646,-0.5451743612785276,-4.433684604625702,2.3318252754592894,-13.451683960361482
2026-09-11T17:40:27.398,27.632626240000036,-369.25067138671875,-33232.56042480469,-132930.24169921875,-252.93670989990235,-94.52291336059571,-6.1634650230407715,-4.221973540782929,-9.44428583747075,-2.150273596104872,0.0,-0.11934661865234375,-977.6875,-42.96478271484375,-0.03051757998764515,-10.986328795552254,1479.2714094100388,1,1789162827.0737715,38.99138072666667,-76.93666514333333,-10.109000000000002,0,1,20.439441,16.216729,171.191056,1,1,1789162827.389449,0.9977287314732018,0.018481863665076755,0.05645939176086215,0.03175116045650333,176.22401915336607,-6.4011381818738124,2.333667964974623,0.08105099606751427,0.007727445263204894,-0.5772067381062299,-6.6353756324386595,-1.9957513744163513,-11.773864184188842
2026-09-11T17:40:27.430,27.666034784000033,-369.4538879394531,-33250.84991455078,-133003.39965820312,-253.0759132385254,-94.66211669921876,-6.163205146789551,-4.221795525550843,-9.443887628737558,0.005328434309673714,0.0,-0.11759567260742188,-963.34375,-42.334442138671875,0.1678466945886612,60.42481005191803,2137.5112560271205,1,1789162827.0737715,38.99138072666667,-76.93666514333333,-10.109000000000002,0,1,20.439441,16.216729,171.191056,1,1,1789162827.4214487,0.9977447248699987,0.026944957484886657,0.052857201892841196,0.03139346219020568,176.22437590279782,-5.957123515923212,3.290418397409213,-0.22178771469717942,-0.16926866310956767,-0.5301313684555884,0.4847427174949646,-1.6127036190986634,-2.09126814699173
2026-09-11T17:40:27.464,27.699438912000005,-369.66082763671875,-33269.47448730469,-133077.89794921875,-253.21766693115237,-94.8038703918457,-6.190192699432373,-4.2402819991111755,-9.48524069235677,-0.5534188337545524,0.0,-0.11409378051757812,-934.65625,-41.073760986328125,0.2136230766773224,76.90430760383606,493.3371573696416,1,1789162827.0737715,38.99138072666667,-76.93666514333333,-10.109000000000002,0,1,20.439441,16.216729,171.191056,1,1,1789162827.461449,0.9976437261182396,0.03663251156623816,0.049221551764023215,0.030696802361256145,176.26419788145355,-5.506699545827043,4.3855274435154135,0.028738067864563035,-0.197539680866297,-0.5048488779770489,-1.3711658256149293,-1.2725109249877928,-1.3794034117507936
2026-09-11T17:40:27.497,27.732863264000002,-369.86859130859375,-33288.17321777344,-133152.69287109375,-253.35998504638673,-94.94618850708008,-6.216931343078613,-4.25859797000885,-9.526212352381991,-0.547982826942346,0.0,-0.11040306091308594,-904.421875,-39.74510192871094,0.1831054985523224,65.91797947883606,-328.69232962245303,1,1789162827.0737715,38.99138072666667,-76.93666514333333,-10.109000000000002,0,1,20.439441,16.216729,171.191056,1,1,1789162827.4894488,0.9974731084421793,0.042868874871160485,0.04788642919132694,0.03027453387389245,176.28565751565742,-5.332488541189238,5.094858274781199,-0.004052130924355235,-0.2173633050433738,-0.4403097438309522,-1.6322188529205324,-0.9545793267440795,-10.463401523075104
2026-09-11T17:40:27.531,27.766273952000006,-370.0773620605469,-33306.96258544922,-133227.85034179688,-253.50299301147462,-95.08919647216797,-6.191810607910156,-4.241390266418457,-9.487719815717726,0.5150358948127973,0.0,-0.10795021057128906,-884.328125,-38.86207580566406,-0.0915527418255806,-32.958987057209015,-2959.441198458245,1,1789162827.0737715,38.99138072666667,-76.93666514333333,-10.109000000000002,0,1,20.439441,16.216729,171.191056,1,1,1789162827.5214489,0.9971544187463228,0.04980972447590176,0.04714324949812988,0.031298091780089736,176.1357105222089,-5.215402820000493,5.895371966040119,0.013902071090910432,-0.11436025577597565,-0.46093779026027326,1.3761672171974184,3.167351869239807,-10.62119052417755
2026-09-11T17:40:27.564,27.799681727999996,-370.278564453125,-33325.07080078125,-133300.283203125,-253.64081665039063,-95.22702011108399,-6.0632476806640625,-4.153324661254883,-9.290722667445594,2.636081047825515,0.0,-0.10794830322265625,-884.3125,-38.86138916015625,-0.2441406399011612,-87.89063036441803,-1644.2771679032285,1,1789162827.0737715,38.99138072666667,-76.93666514333333,-10.109000000000002,0,1,20.439441,16.216729,171.191056,1,1,1789162827.5614488,0.9967102965141114,0.058617155385655845,0.04750757002262287,0.029591294459545902,176.28303547186084,-5.234570725006607,6.901417224287789,0.22562900984789375,0.02222606989244699,-0.4167111470147369,2.380760459766388,-0.515731732006073,-5.590477057704925
2026-09-11T17:40:27.597,27.833090335999998,-370.4765319824219,-33342.88787841797,-133371.55151367188,-253.776424407959,-95.36262786865235,-5.908538818359375,-4.047349090576172,-9.05366206732321,3.172103748791478,0.0,-0.10794258117675781,-884.265625,-38.85932922363281,-0.03051757998764515,-10.986328795552254,2301.930735002822,1,1789162827.0737715,38.99138072666667,-76.93666514333333,-10.109000000000002,0,1,20.439441,16.216729,171.191056,1,1,1789162827.5894487,0.9962820722141605,0.06409205873129369,0.050295594844608806,0.028010600341108804,176.41365188080547,-5.544952773615575,7.535403946664379,0.06111654348293584,0.0839356762552105,-0.4025860228454216,1.3533177223205568,-0.31577413520812986,-12.460623895015717
2026-09-11T17:40:27.631,27.866497216000027,-370.6690979003906,-33360.218811035156,-133440.87524414062,-253.9083320617676,-95.49453552246095,-5.779609680175781,-3.9590326309204102,-8.856103773533478,2.643660816445103,0.0,-0.10691070556640625,-875.8125,-38.48785400390625,0.1068115383386612,38.45215380191803,1479.8892502809763,1,1789162827.0737715,38.99138072666667,-76.93666514333333,-10.109000000000002,0,1,20.439441,16.216729,171.191056,1,1,1789162827.6214488,0.9957196382706035,0.0702246053804684,0.054260599679231775,0.025820419901042384,176.5966204934328,-5.994340777348697,8.246627436992464,0.07889708523762808,0.23434169347384945,-0.39978284953379356,-0.37765409772872927,-3.315922619190216,-8.491676441555024
2026-09-11T17:40:27.665,27.899920896000026,-370.859130859375,-33377.32177734375,-133509.287109375,-254.0385046386719,-95.62470809936524,-5.677921295166016,-3.889376087188721,-8.700286522880988,2.0840477090401857,0.0,-0.10415077209472656,-853.203125,-37.49427795410156,0.2288818508386612,82.39746630191803,1314.7957525922327,1,1789162827.0737715,38.99138072666667,-76.93666514333333,-10.109000000000002,0,1,20.439441,16.216729,171.191056,1,1,1789162827.6614487,0.9948561396318428,0.07721368435752814,0.06129313971172551,0.023290758017764788,176.77814782211954,-6.797404235500431,9.067381407298454,0.14689982528430753,0.2772315890452833,-0.3483893607807929,0.01010084966659546,-0.29861249742507934,-12.044037396144867
2026-09-11T17:40:27.698,27.933346879999988,-371.04803466796875,-33394.32312011719,-133577.29248046875,-254.16790374755863,-95.75410720825197,-5.6262640953063965,-3.8539909052848818,-8.621132125279344,1.058613021052119,0.0,-0.1001739501953125,-820.625,-36.0626220703125,0.3356933891773224,120.84962010383606,1150.3671455704043,1,1789162827.0737715,38.99138072666667,-76.93666514333333,-10.109000000000002,0,1,20.439441,16.216729,171.191056,1,1,1789162827.6894488,0.9943289292243938,0.08160155347751506,0.06509004052819253,0.020358133548159407,177.04683470490608,-7.245399104125559,9.570166872686553,0.1390643441404042,0.20929255351630163,-0.3151572446252697,-1.7219497019004821,-4.049361984786987,-4.305217487506867
2026-09-11T17:40:27.731,27.96675401600004,-371.2344970703125,-33411.104736328125,-133644.4189453125,-254.29563049316408,-95.88183395385742,-5.600231170654297,-3.836158351898194,-8.581241839428664,0.5337947373477568,0.0,-0.08600425720214844,-704.546875,-30.961532592773438,0.3051758408546448,109.86330270767212,-328.86139644377937,1,1789162827.0737715,38.99138072666667,-76.93666514333333,-10.109000000000002,0,1,20.439441,16.216729,171.191056,1,1,1789162827.721449,0.9937002755224762,0.08610399459120396,0.06873920109109108,0.02051308790385537,176.95746691017618,-7.647599143622559,10.108005793015565,-0.027084368398298406,0.121891176965406,-0.28001730906439143,3.1651944062042237,2.784696379928589,-9.330243096885681
2026-09-11T17:40:27.764,28.000159359999998,-371.418212890625,-33427.63916015625,-133710.556640625,-254.42147583007815,-96.00767929077149,-5.5228376388549805,-3.783143782615662,-8.462651625392935,1.5870086319900334,0.0,-0.07668876647949219,-628.234375,-27.607955932617188,0.13732916116714478,49.43849802017212,-1808.8364750135067,1,1789162827.0737715,38.99138072666667,-76.93666514333333,-10.109000000000002,0,1,20.439441,16.216729,171.191056,1,1,1789162827.7614489,0.9931979053056118,0.09061356489360603,0.06997522275766359,0.021226656680517104,176.82683752004536,-7.7673887722943675,10.64127235589653,-0.017667968017938598,0.025501354766739547,-0.21490553239071536,-0.2730171405029297,2.6478936101722717,-7.969178120937347
2026-09-11T17:40:27.799,28.03356684800002,-371.6031799316406,-33444.286193847656,-133777.14477539062,-254.54817825317386,-96.1343817138672,-5.471026420593262,-3.7476530981063845,-8.38326122518428,1.0623571730162127,0.0,-0.07266998291015625,-595.3125,-26.16119384765625,-0.01525880303233862,-5.493169091641903,-1644.292055474993,1,1789162827.0737715,38.99138072666667,-76.93666514333333,-10.109000000000002,0,1,20.439441,16.216729,171.191056,1,1,1789162827.7894487,0.9931022261420429,0.09338633428633357,0.06783142166576443,0.020636357117505638,176.897488715406,-7.520028920941895,10.947963008537535,-0.03720064580870794,0.01560219631527811,-0.211519244575996,-0.7645264466094971,0.5003352912521363,-4.874591595897675
2026-09-11T17:40:27.832,28.066986111999995,-371.78448486328125,-33460.60363769531,-133842.41455078125,-254.6723721313477,-96.25857559204103,-5.445614814758301,-3.7302461481094364,-8.34432298700213,0.5208657496754409,0.0,-0.07271766662597656,-595.703125,-26.178359985351562,-0.015258789993822575,-5.493164397776127,0.00014045389437857269,1,1789162827.0737715,38.99138072666667,-76.93666514333333,-10.109000000000002,0,1,20.439441,16.216729,171.191056,1,1,1789162827.8294487,0.99241850309659,0.09704178836600877,0.07220078158501933,0.02180488846022445,176.68333672174208,-7.994313177174656,11.401434874584458,0.03194284143707502,0.09579710838468916,-0.22560701869931862,3.3322997249603272,1.4423621057891844,-7.66095510635376
2026-09-11T17:40:27.865,28.100403647999997,-371.9689025878906,-33477.201232910156,-133908.80493164062,-254.7986982727051,-96.38490173339845,-5.498894214630127,-3.766742537021637,-8.425963083888764,-1.092132852410149,0.0,-0.07344436645507812,-601.65625,-26.439971923828125,-0.015258789993822575,-5.493164397776127,0.0,1,1789162827.0737715,38.99138072666667,-76.93666514333333,-10.109000000000002,0,1,20.439441,16.216729,171.191056,1,1,1789162827.8614488,0.9920428664125588,0.10041908077331102,0.07290090634561833,0.021270102740342894,176.70875859775117,-8.069245529269763,11.792309953676758,0.02374555353923325,-0.02347485297224893,-0.23391496047173685,-1.861890599708557,-2.1354961392211913,-14.266420455799102
2026-09-11T17:40:27.898,28.133812320000004,-372.1529846191406,-33493.768615722656,-133975.07446289062,-254.92479446411136,-96.5109979248047,-5.500580310821533,-3.7678975129127505,-8.428546691376043,-0.03457114042465082,0.0,-0.0744171142578125,-609.625,-26.7901611328125,-0.0610351599752903,-21.972657591104507,-493.2699268418924,1,1789162827.0737715,38.99138072666667,-76.93666514333333,-10.109000000000002,0,1,20.439441,16.216729,171.191056,1,1,1789162827.889449,0.991672754007224,0.10303434095249535,0.07447183414431355,0.020567436967071553,176.7481255870476,-8.248405062470065,12.097983790549987,0.07915958275712802,0.014372960923098503,-0.2434299719548343,4.607262312488556,2.075871706237793,-6.265762987842559
2026-09-11T17:40:27.932,28.167219999999986,-372.33880615234375,-33510.49255371094,-134041.97021484375,-255.0520822143555,-96.63828567504883,-5.554019451141357,-3.8045033240318302,-8.510431558768401,-1.095730416452125,0.0,-0.07534980773925781,-617.265625,-27.125930786132812,0.0,0.0,657.712765182027,1,1789162827.0737715,38.99138072666667,-76.93666514333333,-10.109000000000002,0,1,20.439441,16.216729,171.191056,1,1,1789162827.9294488,0.9910619313489943,0.10785916533386883,0.07570834859409926,0.020758001768875996,176.6694933154986,-8.371182350881123,12.666130874747681,0.054075885280390715,0.06467073197169709,-0.2798537717134796,-0.13464530672073363,0.48591951551437373,-5.312556592121124
2026-09-11T17:40:27.965,28.200636831999986,-372.52630615234375,-33527.36755371094,-134109.47021484375,-255.18051971435548,-96.76672317504884,-5.6076178550720215,-3.841218230724335,-8.592560466008257,-1.0986950137135865,0.0,-0.07721519470214844,-632.546875,-27.797470092773438,-0.0610351637005806,-21.972658932209015,-657.5326749169038,1,1789162827.0737715,38.99138072666667,-76.93666514333333,-10.109000000000002,0,1,20.439441,16.216729,171.191056,1,1,1789162827.961449,0.9903539050769153,0.11190248742209974,0.07852088210450466,0.022615195802417526,176.38305534336612,-8.653905723037026,13.167053682078075,-0.13111733645729842,0.018554769810876916,-0.2768086957675251,4.587845145168305,3.1616640121459962,-14.829027975578308
2026-09-11T17:40:27.999,28.234054816000025,-372.71783447265625,-33544.60510253906,-134178.42041015625,-255.31171661376956,-96.8979200744629,-5.6607666015625,-3.8776251220703126,-8.674000362540955,-1.0894400854921447,0.0,-0.08060264587402344,-660.296875,-29.016952514648438,-0.06103518605232239,-21.97266697883606,-0.00024078732710711658,1,1789162827.0737715,38.99138072666667,-76.93666514333333,-10.109000000000002,0,1,20.439441,16.216729,171.191056,1,1,1789162827.9894488,0.989653878940831,0.11581955686686023,0.0817359059148661,0.022142082756765068,176.35675704703587,-9.012592747486705,13.637194199151157,0.12421979525341682,0.15203894726680484,-0.28675445451001474,2.044098159713745,2.0724393786811826,-6.072277780151367
2026-09-11T17:40:28.032,28.267457984000032,-372.9123229980469,-33562.10906982422,-134248.43627929688,-255.44494125366214,-97.03114471435548,-5.870121479034424,-4.021033213138581,-8.994795126025807,-4.293248205327096,0.0,-0.08281326293945312,-678.40625,-29.812774658203125,-0.2288818508386612,-82.39746630191803,-1808.954148393049,1,1789162827.0737715,38.99138072666667,-76.93666514333333,-10.109000000000002,0,1,20.439441,16.216729,171.191056,1,1,1789162828.0294487,0.9889259649807463,0.12212242866827104,0.08139073362359865,0.022070266950702636,176.31252229084947,-8.950915589624374,14.368346138960323,0.11749573977718346,0.06095946385025634,-0.3437282844804168,-2.6880028093338013,3.9720855815124514,-8.542082623386383
2026-09-11T17:40:28.065,28.300862944000016,-373.1165466308594,-33580.489196777344,-134321.95678710938,-255.58483444213869,-97.17103790283204,-6.1042799949646,-4.1814317965507515,-9.353596538454605,-4.801639738896434,0.0,-0.09021759033203125,-739.0625,-32.47833251953125,-0.3051758110523224,-109.86329197883606,-822.208009736604,1,1789162827.0737715,38.99138072666667,-76.93666514333333,-10.109000000000002,0,1,20.439441,16.216729,171.191056,1,1,1789162828.0614488,0.9881579947897902,0.1277158487049173,0.08186273572526999,0.02304195786339043,176.14273849526222,-8.969054281447757,15.031531954007235,0.07363247408191237,0.09159557727636321,-0.3675115371314932,3.721035337371826,5.952440515174866,-10.965796210861207
2026-09-11T17:40:28.099,28.334265600000037,-373.3284912109375,-33599.564208984375,-134398.2568359375,-255.7300164794922,-97.31621994018555,-6.3393025398254395,-4.342422239780427,-9.71372190358899,-4.819689884228767,0.0,-0.10443115234375,-855.5,-37.59521484375,-0.4425049424171448,-159.30177927017212,-1480.076533174631,1,1789162828.0681608,38.99136910666667,-76.9366453,-10.045000000000002,0,1,18.045504,7.295401,72.795024,1,1,1789162828.0894487,0.987322866980671,0.13285046403530043,0.08359873460286756,0.02357036519600743,176.00673447208942,-9.138133862059162,15.646202094282478,0.09334841144414112,-0.04404268554237611,-0.38542542204103775,6.057077472400666,1.2220066766548157,-10.63766569644928
2026-09-11T17:40:28.132,28.367674496000006,-373.54986572265625,-33619.48791503906,-134477.95166015625,-255.88165802001956,-97.4678614807129,-6.6525187492370605,-4.5569753432273865,-10.193663527262396,-6.422035120440945,0.0,-0.10582733154296875,-866.9375,-38.09783935546875,-0.1678466945886612,-60.42481005191803,2959.600018460528,1,1789162828.0681608,38.99136910666667,-76.9366453,-10.045000000000002,0,1,18.045504,7.295401,72.795024,1,1,1789162828.129449,0.9859831771289927,0.14161317397417478,0.08431406168551983,0.025961940945694945,175.63888617555588,-9.143714894458025,16.695476577062653,-0.03845920273232105,-0.0014723597569824165,-0.5025558644057788,3.5356896493148806,0.5220079881095886,-11.2363616888237
2026-09-11T17:40:28.166,28.40109478400001,-373.7799377441406,-33640.194396972656,-134560.77758789062,-256.0392573547363,-97.62546081542969,-6.808837890625,-4.664053955078125,-10.43319156021412,-3.2040002722517498,0.0,-0.11530303955078125,-944.5625,-41.50909423828125,-0.2593994736671448,-93.38381052017212,-986.197380113901,1,1789162828.0681608,38.99136910666667,-76.9366453,-10.045000000000002,0,1,18.045504,7.295401,72.795024,1,1,1789162828.1614487,0.9846511675793845,0.1497599898563835,0.0856909925410694,0.02628835141459756,175.50007222001116,-9.257838064295084,17.660712961307713,0.01039064316882304,-0.09718988112778064,-0.5670644552899656,1.7954015116119384,0.4925880376243591,-10.063878595485686
2026-09-11T17:40:28.199,28.43449952000003,-374.01043701171875,-33660.93933105469,-134643.75732421875,-256.1971493530274,-97.78335281372071,-6.940269470214844,-4.754084587097168,-10.634584348374112,-2.695145742776766,0.0,-0.12173652648925781,-997.265625,-43.82514953613281,0.0,0.0,2795.5260751082924,1,1789162828.0681608,38.99136910666667,-76.9366453,-10.045000000000002,0,1,18.045504,7.295401,72.795024,1,1,1789162828.1894488,0.9834017475425799,0.15771263768287042,0.08478570953657279,0.029310583475792695,175.09761026636815,-9.062485981513696,18.61115522675691,-0.028602455781683075,-0.1591565744893629,-0.5948139686661991,3.366917200031281,2.4449940183258057,-8.128143920059204
2026-09-11T17:40:28.232,28.467901312000038,-374.2441101074219,-33681.96990966797,-134727.87963867188,-256.357215423584,-97.94341888427735,-7.046103477478027,-4.826580882072449,-10.796753941643798,-2.1704313042625585,0.0,-0.123138427734375,-1008.75,-44.329833984375,0.015258789993822575,5.493164397776127,164.45717636272514,1,1789162828.0681608,38.99136910666667,-76.9366453,-10.045000000000002,0,1,18.045504,7.295401,72.795024,1,1,1789162828.2294488,0.981492946348606,0.16962273109721887,0.0835664655902934,0.030271623540859504,174.90376826678786,-8.845483619059888,20.004569099684307,-0.04325658924727786,-0.1143173206763766,-0.6497188853412871,-0.19005288013458255,2.2831842906570436,-6.361083627414703
2026-09-11T17:40:28.266,28.501308096000002,-374.4805603027344,-33703.250427246094,-134813.00170898438,-256.51918380737305,-98.10538726806641,-7.07349967956543,-4.845347280502319,-10.838733179362729,-0.5617541164659998,0.0,-0.122650146484375,-1004.75,-44.154052734375,0.0,0.0,-164.4326014076039,1,1789162828.0681608,38.99136910666667,-76.9366453,-10.045000000000002,0,1,18.045504,7.295401,72.795024,1,1,1789162828.2614489,0.9796074678441169,0.17970579395738634,0.08374493183934967,0.03258562495036636,174.5457509012429,-8.76387165548407,21.20855385134858,-0.08402189552025902,-0.0819973135879456,-0.667247925150767,2.5697346083831785,2.7098716391944886,-7.253979124641418
2026-09-11T17:40:28.300,28.53471276800002,-374.723876953125,-33725.14892578125,-134900.595703125,-256.68585571289066,-98.272059173584,-7.179650783538818,-4.918060786724091,-11.001388660352733,-2.1767466006471654,0.0,-0.12307929992675781,-1008.265625,-44.30854797363281,0.0,0.0,0.0,1,1789162828.0681608,38.99136910666667,-76.9366453,-10.045000000000002,0,1,18.045504,7.295401,72.795024,1,1,1789162828.2894487,0.9780932806608721,0.1884105726234087,0.08187369575879926,0.033640576578994746,174.39166447852386,-8.481133807749016,22.222894352284836,-0.022851595896361755,-0.16581867077715046,-0.6498084207319144,2.5292331432151793,0.5277939117050171,-10.399560230522155
2026-09-11T17:40:28.333,28.56812342400002,-374.96185302734375,-33746.56677246094,-134986.26708984375,-256.84886932373047,-98.43507278442384,-7.1798787117004395,-4.918216917514801,-11.00173791498478,-0.004673083662598627,0.0,-0.12250900268554688,-1003.59375,-44.103240966796875,0.015258795581758022,5.493166409432888,164.41360533096793,1,1789162828.0681608,38.99136910666667,-76.9366453,-10.045000000000002,0,1,18.045504,7.295401,72.795024,1,1,1789162828.3294487,0.9757245610250113,0.2010317057673569,0.0805225691169433,0.03261824875162358,174.43127102309654,-8.280596935724384,23.68728072562017,-0.020624730303742192,0.02944963860060112,-0.6652699435094818,0.8387627883338927,-0.7119628017425537,-8.912381733493804
2026-09-11T17:40:28.366,28.60153270400002,-375.1996154785156,-33767.965393066406,-135071.86157226562,-257.01173660278323,-98.59794006347657,-7.128703594207764,-4.883161962032318,-10.923322212849662,1.0492580349675973,0.0,-0.12173652648925781,-997.265625,-43.82514953613281,0.0457763709127903,16.479493528604507,328.8405831904,1,1789162828.0681608,38.99136910666667,-76.9366453,-10.045000000000002,0,1,18.045504,7.295401,72.795024,1,1,1789162828.3614488,0.9737102386296307,0.21053804597056558,0.08041835414033568,0.03309064375443602,174.3000017055918,-8.20264761108808,24.81067256826522,-0.02795755662307117,-0.021759019784613306,-0.620385660201794,4.31502413766861,0.4544401684951782,-10.419565796852112
2026-09-11T17:40:28.399,28.63493676799999,-375.43743896484375,-33789.36950683594,-135157.47802734375,-257.174645690918,-98.76084915161134,-7.1298909187316895,-4.8839752793312075,-10.925141551832503,-0.024347854766717577,0.0,-0.12103843688964844,-991.546875,-43.57383728027344,0.015258791856467724,5.493165068328381,-328.8919713567472,1,1789162828.0681608,38.99136910666667,-76.9366453,-10.045000000000002,0,1,18.045504,7.295401,72.795024,1,1,1789162828.389449,0.9720754438645781,0.2185322461921825,0.07932155716469541,0.03195433270545404,174.38986891362296,-8.062137674938054,25.735709292918084,-0.07230253319189268,0.03297869434813366,-0.6104180848436543,-0.6726381345939636,-2.136182604732513,-7.381857842750549
2026-09-11T17:40:28.433,28.668338559999995,-375.6696472167969,-33810.26824951172,-135241.07299804688,-257.33370834350586,-98.91991180419923,-6.974382400512695,-4.7774519443511965,-10.686855637865047,3.1891503000794184,0.0,-0.11591720581054688,-949.59375,-41.730194091796875,0.2593994438648224,93.38379979133606,2631.3149522932968,1,1789162828.0681608,38.99136910666667,-76.9366453,-10.045000000000002,0,1,18.045504,7.295401,72.795024,1,1,1789162828.4294488,0.969370530259327,0.22970417647849448,0.08184667756942939,0.029289720789614945,174.5257980954019,-8.350225963949013,27.062005770550748,-0.022784924318935574,0.21753417277714404,-0.5835784116064856,1.6760545791435242,-0.12591738807678224,-9.968754088916778
2026-09-11T17:40:28.466,28.701746816000025,-375.8958740234375,-33830.628662109375,-135322.5146484375,-257.4886737060547,-99.07487716674805,-6.768356800079346,-4.636324408054352,-10.371162330114412,4.2243311442751965,0.0,-0.10561561584472656,-865.203125,-38.02162170410156,0.12207037210464478,43.94533395767212,-1479.8277956688298,1,1789162828.0681608,38.99136910666667,-76.9366453,-10.045000000000002,0,1,18.045504,7.295401,72.795024,1,1,1789162828.461449,0.967353656769781,0.23745250284404243,0.08371503212036507,0.028896453490328874,174.4490060114989,-8.525004511035096,27.997029828381255,0.033720633813156445,0.1256397951328394,-0.4840990075659388,-2.5275660126876835,-2.9883805037879942,-9.906677993392945
2026-09-11T17:40:28.500,28.735162304000028,-376.1179504394531,-33850.61553955078,-135402.46215820312,-257.6407960510254,-99.22699951171876,-6.5617475509643555,-4.4947970724105835,-10.054574696695102,4.235381378950886,0.0,-0.09407234191894531,-770.640625,-33.86604309082031,0.5187988877296448,186.76759958267212,4274.133767700413,1,1789162828.0681608,38.99136910666667,-76.9366453,-10.045000000000002,0,1,18.045504,7.295401,72.795024,1,1,1789162828.4894488,0.9660898578502579,0.24270689265506637,0.08395875343542185,0.026733472242877893,174.6375800710394,-8.583268715578347,28.607381498670026,0.09244206196358047,0.18915808619944466,-0.37042169912626854,-0.11503200639724732,-0.4293351440811157,-9.281994378089905
2026-09-11T17:40:28.533,28.76858281599999,-376.32916259765625,-33869.62463378906,-135478.49853515625,-257.78547637939454,-99.3716798400879,-6.40644645690918,-4.388415822982789,-9.816606619055976,3.1831124977352245,0.0,-0.0735321044921875,-602.375,-26.4715576171875,0.6713867783546448,241.69924020767212,1643.6504810297208,1,1789162828.0681608,38.99136910666667,-76.9366453,-10.045000000000002,0,1,18.045504,7.295401,72.795024,1,1,1789162828.5294487,0.9647988098256758,0.24737314730277937,0.0854541480476982,0.02583352732243651,174.65163375080263,-8.749286532212322,29.170994196676308,-0.04517627689154643,0.005955936072430649,-0.27650570660937884,4.451042375411987,0.25968009628295896,-9.294939156303405
2026-09-11T17:40:28.566,28.801987199999985,-376.53692626953125,-33888.32336425781,-135553.29345703125,-257.9277944946289,-99.51399795532227,-6.251415729522705,-4.282219774723053,-9.579052824631013,3.179105121643792,0.0,-0.056377410888671875,-461.84375,-20.295867919921875,0.4577637314796448,164.79494333267212,-2302.221674706374,1,1789162828.0681608,38.99136910666667,-76.9366453,-10.045000000000002,0,1,18.045504,7.295401,72.795024,1,1,1789162828.5614488,0.964396843457197,0.24997731951566546,0.08257403797445645,0.0251315799374138,174.7938972876722,-8.435945283397018,29.447394214662225,0.018416888799969364,-0.0229605044416862,-0.12129043463686955,-1.0216568138504027,-0.2398706629562378,-8.078718403244018
2026-09-11T17:40:28.600,28.835393664000037,-376.7451477050781,-33907.06329345703,-135628.25317382812,-258.07042617797856,-99.65662963867189,-6.173455715179443,-4.228817164897919,-9.45959458862275,1.598571157517643,0.0,-0.03217124938964844,-263.546875,-11.581649780273438,0.5035400986671448,181.27443552017212,493.30249940473664,1,1789162828.0681608,38.99136910666667,-76.9366453,-10.045000000000002,0,1,18.045504,7.295401,72.795024,1,1,1789162828.5894487,0.9643658866709577,0.25097939773921585,0.0800560156906445,0.024470653598493704,174.93543536312134,-8.170732382931186,29.5375849636285,0.03105953030264069,-0.07809371018293508,-0.08208300925421852,0.4620893556213379,-0.7900237370300294,-8.755475330905915
2026-09-11T17:40:28.634,28.86880099199999,-376.9508361816406,-33925.575256347656,-135702.30102539062,-258.2113227844238,-99.7975262451172,-6.172983646392822,-4.228493797779084,-9.458871236978972,0.009679526564806206,0.0,-0.03522682189941406,-288.578125,-12.681655883789062,0.1220703274011612,43.94531786441803,-4110.748326114185,1,1789162828.0681608,38.99136910666667,-76.9366453,-10.045000000000002,0,1,18.045504,7.295401,72.795024,1,1,1789162828.629449,0.9642889508766865,0.2517835005346491,0.07815615783416449,0.02536736226450468,174.8863236967971,-7.929590176669736,29.62198176494691,0.07711650033474346,-0.15575981469913153,-0.044764030122225365,1.041466247177124,1.9315178158569335,-7.921223601646424
2026-09-11T17:40:28.667,28.90221257600001,-377.1570739746094,-33944.136657714844,-135776.54663085938,-258.35259567260744,-99.93879913330079,-6.147894859313965,-4.2113079786300665,-9.42042765441585,0.5143670874450843,0.0,-0.03414726257324219,-279.734375,-12.293014526367188,0.0762939602136612,27.46582567691803,-493.2269055992589,1,1789162828.0681608,38.99136910666667,-76.9366453,-10.045000000000002,0,1,18.045504,7.295401,72.795024,1,1,1789162828.6614487,0.9643460015753095,0.25189272477949814,0.07686261735021946,0.02605729270179507,174.84776755019143,-7.7653872477777135,29.627730052656414,-0.005515938568002879,-0.12039717512569884,-0.033338406706969685,1.9792762021446229,1.528366427707672,-9.3241629737854
2026-09-11T17:40:28.700,28.93561875200004,-377.3645324707031,-33962.80792236328,-135851.23168945312,-258.4947047424317,-100.080908203125,-6.200682163238525,-4.24746728181839,-9.50131371201321,-1.0824137185978233,0.0,-0.03448295593261719,-282.484375,-12.413864135742188,-0.030517585575580597,-10.986330807209015,-1151.0493294441912,1,1789162828.0681608,38.99136910666667,-76.9366453,-10.045000000000002,0,1,18.045504,7.295401,72.795024,1,1,1789162828.6894488,0.9643953939010614,0.25206042509534116,0.07577113387421272,0.02580313148803119,174.90790829696832,-7.651007628347462,29.635749172244438,0.07961511369189854,-0.11042418924687804,-0.0390290527330972,1.2777084495735167,-0.8502365690231323,-9.732119620513915
2026-09-11T17:40:28.733,28.96902115200004,-377.5713195800781,-33981.41876220703,-135925.67504882812,-258.6363539123535,-100.22255737304688,-6.2012224197387695,-4.247837357521058,-9.502141547783316,-0.011079314739882468,0.0,-0.035945892333984375,-294.46875,-12.940521240234375,-0.0915527418255806,-32.958987057209015,-657.8166913155952,1,1789162828.0681608,38.99136910666667,-76.9366453,-10.045000000000002,0,1,18.045504,7.295401,72.795024,1,1,1789162828.7294488,0.9642496509438022,0.25290118667651623,0.07418535530454215,0.02757051850626384,174.75248267523628,-7.41881118357833,29.733219370119425,-0.022458024150037035,-0.14988608363446984,-0.09680398883016468,0.4886653775596619,2.5003035252380372,-10.793101101512908
2026-09-11T17:40:28.767,29.00243776000002,-377.7773742675781,-33999.96368408203,-135999.85473632812,-258.77750137329105,-100.36370483398439,-6.150308132171631,-4.212961070537568,-9.424125515697842,1.0436812432760674,0.0,-0.03856468200683594,-315.921875,-13.883285522460938,-0.1525879055261612,-54.93164598941803,-657.5370825255807,1,1789162828.0681608,38.99136910666667,-76.9366453,-10.045000000000002,0,1,18.045504,7.295401,72.795024,1,1,1789162828.7614489,0.9639840537889554,0.2543927252387857,0.07282727726548098,0.026744589589168775,174.8745167171922,-7.284796849492166,29.89283904463354,0.07283712754177855,-0.018133098263595087,-0.12258721427110132,8.49824689716339,1.5327794202804566,-13.647032431583405
2026-09-11T17:40:28.801,29.035851904000026,-377.9828186035156,-34018.453674316406,-136073.81469726562,-258.91823074340823,-100.50443420410157,-6.125945091247559,-4.196272387504578,-9.386793994954754,0.4994496651773239,0.0,-0.04230499267578125,-346.5625,-15.22979736328125,-0.1525879204273224,-54.93165135383606,-0.00016054333248172702,1,1789162828.0681608,38.99136910666667,-76.9366453,-10.045000000000002,0,1,18.045504,7.295401,72.795024,1,1,1789162828.7894487,0.9634640164537132,0.255964015314719,0.07424509516073097,0.02659281307833374,174.83593673928164,-7.437889019236281,30.09212568525057,0.03199537584756005,-0.04234936710209121,-0.1283468008026826,5.499275211200714,3.272184959468842,-8.786464345417023
2026-09-11T17:40:28.834,29.069258432000026,-378.18646240234375,-34036.78161621094,-136147.12646484375,-259.05772674560546,-100.64393020629883,-6.1540727615356445,-4.215539841651917,-9.42989406239243,-0.5767571579823649,0.0,-0.04747581481933594,-388.921875,-17.091293334960938,-0.09155276417732239,-32.95899510383606,657.7354057865491,1,1789162828.0681608,38.99136910666667,-76.9366453,-10.045000000000002,0,1,18.045504,7.295401,72.795024,1,1,1789162828.8294487,0.9627779039826465,0.25877744540329695,0.07353276147428787,0.026189202799837243,174.8812439685085,-7.356177707022921,30.4182972605648,-0.06443476345682746,-0.15038297887251262,-0.18739774711588317,-8.382430358753204,0.31597026821136476,-7.55327808757782
2026-09-11T17:40:28.867,29.102664447999985,-378.3903503417969,-34055.13153076172,-136220.52612304688,-259.1973899841309,-100.78359344482422,-6.103703498840332,-4.181036896705628,-9.352713172659321,1.0328362695609177,0.0,-0.050518035888671875,-413.84375,-18.186492919921875,-0.2136230617761612,-76.90430223941803,-1315.4908126619207,1,1789162828.0681608,38.99136910666667,-76.9366453,-10.045000000000002,0,1,18.045504,7.295401,72.795024,1,1,1789162828.8614488,0.9621970040616779,0.2616569787187156,0.07164075590285016,0.02408636452837034,175.15227481818917,-7.195788636617605,30.73092809982285,0.2750991457651966,-0.09065885906681787,-0.15683458845250967,-1.2127884255027772,3.0702660326385502,-12.143182629280089
2026-09-11T17:40:28.901,29.13608063999999,-378.59442138671875,-34073.49792480469,-136293.99169921875,-259.33717864990234,-100.92338211059571,-6.078121662139893,-4.163513338565827,-9.313514089490475,0.5244032036863614,0.0,-0.051799774169921875,-424.34375,-18.647918701171875,-0.0457763709127903,-16.479493528604507,1808.249387327134,1,1789162828.0681608,38.99136910666667,-76.9366453,-10.045000000000002,0,1,18.045504,7.295401,72.795024,1,1,1789162828.889449,0.9618101294125005,0.2642228086038229,0.06799980666113947,0.0219911042711387,175.48049888516297,-6.8450518224802215,30.992473192993717,0.19765783965665704,-0.0030941196979355472,-0.22953959456991224,-4.684832915267944,2.528644744205475,-11.580084776992797
2026-09-11T17:40:28.934,29.169500959999993,-378.7989807128906,-34091.908264160156,-136367.63305664062,-259.4773017883301,-101.06350524902345,-6.1295294761657715,-4.198727691173554,-9.3922863528399,-1.0536808925743948,0.0,-0.055942535400390625,-458.28125,-20.139312744140625,-0.3356933891773224,-120.84962010383606,-3122.954136142826,1,1789162828.0681608,38.99136910666667,-76.9366453,-10.045000000000002,0,1,18.045504,7.295401,72.795024,1,1,1789162828.9294488,0.960676873294767,0.2680867370279575,0.06976278065231238,0.0190420844959301,175.72374713511002,-7.113143937550573,31.450519090056943,0.1592253404618915,0.08857022355095624,-0.19124078759584948,5.89350254770279,-2.0645940585517883,-15.966109061832428
2026-09-11T17:40:28.967,29.20291775999999,-379.00390625,-34110.3515625,-136441.40625,-259.61767578125,-101.20387924194337,-6.156574726104736,-4.217253687381745,-9.433727826104466,-0.5543916894553708,0.0,-0.07027816772460938,-575.71875,-25.300140380859375,-0.3662109971046448,-131.83595895767212,-328.76693321433584,1,1789162828.0681608,38.99136910666667,-76.9366453,-10.045000000000002,0,1,18.045504,7.295401,72.795024,1,1,1789162828.961449,0.9596887192520426,0.2723422853396603,0.06666585117688185,0.019567985159625302,175.7341878260994,-6.736219786632743,31.93713312037912,0.011893895253565758,-0.07704703623051408,-0.29135095362806707,-11.721987004833222,4.58039209104538,4.246475653038025
2026-09-11T17:40:29.000,29.23632243200001,-379.2105407714844,-34128.948669433594,-136515.79467773438,-259.7592204284668,-101.34542388916016,-6.209505558013916,-4.253511307239533,-9.514833811827863,-1.0854056539686816,0.0,-0.08025360107421875,-657.4375,-28.89129638671875,-0.3814697861671448,-137.32912302017212,-164.44298757063498,1,1789162828.0681608,38.99136910666667,-76.9366453,-10.045000000000002,0,1,18.045504,7.295401,72.795024,1,1,1789162828.9894488,0.9585396712879001,0.2763531057679223,0.06658660175588842,0.019921946850411685,175.6694621780363,-6.6982738012564305,32.418762262756545,-0.012344190200580293,-0.12548585709281349,-0.3224268900256765,-0.5198505250740051,0.8634755467414856,-10.85262746799469
2026-09-11T17:40:29.034,29.26972384000004,-379.4167175292969,-34147.50457763672,-136590.01831054688,-259.9004515075684,-101.48665496826173,-6.184141159057617,-4.236136693954468,-9.475967908810093,0.5201760741657454,0.0,-0.09427642822265625,-772.3125,-33.93951416015625,-0.4425049424171448,-159.30177927017212,-657.8362280410229,1,1789162828.0681608,38.99136910666667,-76.9366453,-10.045000000000002,0,1,18.045504,7.295401,72.795024,1,1,1789162829.0294487,0.9564274776968784,0.28351101150493163,0.06653337771158907,0.021007044345285043,175.50150369694006,-6.624230784745528,33.28296966849737,-0.23285641828040227,-0.09114336246717147,-0.4396133574594065,-5.1010271481323235,-4.003466862030029,-8.155602540512085
2026-09-11T17:40:29.067,29.303135584000017,-379.62261962890625,-34166.03576660156,-136664.14306640625,-260.0414944458008,-101.62769790649415,-6.184998989105225,-4.236724307537079,-9.477282362958737,-0.01758703713913393,0.0,-0.10718917846679688,-878.09375,-38.588104248046875,0.1525879055261612,54.93164598941803,6411.919870442439,1,1789162828.0681608,38.99136910666667,-76.9366453,-10.045000000000002,0,1,18.045504,7.295401,72.795024,1,1,1789162829.0614488,0.954435204166596,0.2896782942754059,0.0690175258076191,0.019403814175423743,175.5499168981738,-6.921178329557362,34.03612156029929,0.007887841021463173,0.21475107075191388,-0.4624736800020282,2.115882838897705,-4.450355909900665,-13.480907777843475
2026-09-11T17:40:29.101,29.33655529600003,-379.8299560546875,-34184.696044921875,-136738.7841796875,-260.18351989746094,-101.76972335815431,-6.186812400817871,-4.237966494560242,-9.48006105619237,-0.03716929167918267,0.0,-0.10619163513183594,-869.921875,-38.22898864746094,-0.0610351599752903,-21.972657591104507,-2301.1659579979814,1,1789162829.0696716,38.99136360666667,-76.93661841,-9.981000000000002,0,1,42.198016,17.935225000000003,184.4164,1,1,1789162829.0894487,0.952669254553129,0.29510070423635726,0.07044771400702173,0.019338701600062395,175.46757088887335,-7.054477542814301,34.701509153629225,0.050512272013668695,0.22462247846826863,-0.4230990520770362,1.220731812133789,-1.1766018864059449,-14.364879223423003
2026-09-11T17:40:29.135,29.36997638400004,-380.0349426269531,-34203.14483642578,-136812.57934570312,-260.32393569946294,-101.91013916015626,-6.1623430252075195,-4.221204972267151,-9.442566598664877,0.5015253331395025,0.0,-0.1061553955078125,-869.625,-38.2159423828125,0.01525880303233862,5.493169091641903,821.8112672674517,1,1789162829.0696716,38.99136360666667,-76.93661841,-9.981000000000002,0,1,42.198016,17.935225000000003,184.4164,1,1,1789162829.129449,0.9496652107034117,0.303943072826289,0.0726175775715338,0.02193817422212232,175.0385814421898,-7.15701371056545,35.8053092740694,-0.31233888694914924,0.015979187433708884,-0.4712725828930325,-0.6885249078559875,4.2477505175590515,-7.9580966062545775
2026-09-11T17:40:29.168,29.403382496000006,-380.2411804199219,-34221.70623779297,-136886.82495117188,-260.4652085876465,-102.05141204833986,-6.163942813873291,-4.222300827503204,-9.445017957013242,-0.032804034065803546,0.0,-0.10504722595214844,-860.546875,-37.81700134277344,-0.1373291164636612,-49.43848192691803,-1644.3593022323525,1,1789162829.0696716,38.99136360666667,-76.93661841,-9.981000000000002,0,1,42.198016,17.935225000000003,184.4164,1,1,1789162829.1614487,0.9477082170373555,0.31007494929212165,0.07318175476380635,0.01863040394234653,175.3334625837887,-7.305294039511057,36.5325976572804,-0.18575905748118568,-0.15637574139216034,-0.40422785407277273,5.808871156806946,2.412435939788818,-4.813888431396484
2026-09-11T17:40:29.201,29.43678780800002,-380.44989013671875,-34240.49011230469,-136961.96044921875,-260.60817474365234,-102.19437820434571,-6.241861343383789,-4.2756750202178955,-9.56441262575584,-1.5977756087016801,0.0,-0.09581947326660156,-784.953125,-34.49501037597656,0.3814697861671448,137.32912302017212,5590.95526325318,1,1789162829.0696716,38.99136360666667,-76.93661841,-9.981000000000002,0,1,42.198016,17.935225000000003,184.4164,1,1,1789162829.1894488,0.9461127384014919,0.315322534835552,0.07121270596452363,0.019264884337113538,175.2975044894219,-7.042248662888695,37.154143207712416,0.027995604800764646,0.013656503265154833,-0.3907373316194825,-0.6751878636360168,1.0343073925590514,-7.497380181655884
2026-09-11T17:40:29.235,29.47019731200004,-380.65960693359375,-34259.36462402344,-137037.45849609375,-260.7518307495117,-102.33803421020508,-6.29383659362793,-4.311278066635132,-9.644054372394253,-1.0656562401290293,0.0,-0.08449363708496094,-692.171875,-30.417709350585938,0.061035215854644775,21.97267770767212,-3452.803289520053,1,1789162829.0696716,38.99136360666667,-76.93661841,-9.981000000000002,0,1,42.198016,17.935225000000003,184.4164,1,1,1789162829.2294488,0.9442496044706129,0.3211281602078065,0.0701682805836036,0.018595740872074225,175.3669827755523,-6.924971763484434,37.84560225409876,-0.10433508455252023,-0.01589802962349115,-0.3160747642130431,-3.3391643800735475,-1.0921666285133362,-11.69227285484314
2026-09-11T17:40:29.268,29.50362080000002,-380.8736267089844,-34278.626403808594,-137114.50561523438,-260.89843429565434,-102.48463775634767,-6.3729634284973145,-4.365479948520661,-9.765300529081639,-1.6216704218768898,0.0,-0.07768630981445312,-636.40625,-27.967071533203125,0.3967285752296448,142.82228708267212,3615.709089819196,1,1789162829.0696716,38.99136360666667,-76.93661841,-9.981000000000002,0,1,42.198016,17.935225000000003,184.4164,1,1,1789162829.2614489,0.9429002999629887,0.3251011843706298,0.06923809096956861,0.021315041858019496,175.07790992988703,-6.702273309811012,38.335600035299244,-0.025057343005032193,0.017308604724952964,-0.25669552146754243,-0.5963423963356018,0.9363389574432373,-8.384097489280702
2026-09-11T17:40:29.301,29.537027968000018,-381.08697509765625,-34297.82775878906,-137191.31103515625,-261.04457794189454,-102.6307814025879,-6.425909996032715,-4.40174834728241,-9.846430626526498,-1.0856472108546686,0.0,-0.07547950744628906,-618.328125,-27.172622680664062,-0.015258795581758022,-5.493166409432888,-4439.629647509191,1,1789162829.0696716,38.99136360666667,-76.93661841,-9.981000000000002,0,1,42.198016,17.935225000000003,184.4164,1,1,1789162829.2894487,0.9417125757970446,0.3283266782074324,0.07023224508156933,0.02112933301765351,175.03642645545892,-6.799916972376599,38.73713612154159,-0.007666707805235491,0.13131839838712817,-0.26252998262403426,2.99808908744812,1.2826117746543884,-8.878548790435792
2026-09-11T17:40:29.335,29.570431232000033,-381.3007507324219,-34317.06756591797,-137268.27026367188,-261.191014251709,-102.77721771240235,-6.426387786865234,-4.402075634002686,-9.847162746068989,-0.009798046091404276,0.0,-0.0723876953125,-593.0,-26.0595703125,0.1678466945886612,60.42481005191803,1973.3992600639904,1,1789162829.0696716,38.99136360666667,-76.93661841,-9.981000000000002,0,1,42.198016,17.935225000000003,184.4164,1,1,1789162829.3294487,0.9400777808156829,0.33289927591235324,0.07031387676416649,0.022086123428193456,174.89642784939184,-6.747618327734017,39.301095040141064,-0.11665763267037578,0.0063132049703138885,-0.2583589947776182,2.0022237635231015,3.6675890939903257,-11.333545591926574
2026-09-11T17:40:29.368,29.603838687999996,-381.5159606933594,-34336.436462402344,-137345.74584960938,-261.3384330749512,-102.92463653564454,-6.427342414855957,-4.4027295541763305,-9.848625523837521,-0.019574078721987766,0.0,-0.06782913208007812,-555.65625,-24.418487548828125,0.2593994438648224,93.38379979133606,986.5758631682104,1,1789162829.0696716,38.99136360666667,-76.93661841,-9.981000000000002,0,1,42.198016,17.935225000000003,184.4164,1,1,1789162829.3614488,0.9389904045850889,0.33608402003540344,0.06970775541919949,0.022031350580272405,174.90366960420207,-6.667136406226113,39.683714446446956,0.10171569441112714,0.046039691272508024,-0.22104961495651101,1.4225526724624633,-0.11611073791503906,-9.096256424026489
2026-09-11T17:40:29.402,29.637260991999995,-381.7309875488281,-34355.78887939453,-137423.15551757812,-261.48572647094727,-103.07192993164064,-6.376733779907227,-4.3680626392364506,-9.771077843674941,1.0372389330155591,0.0,-0.06294631958007812,-515.65625,-22.660675048828125,0.1831054985523224,65.91797947883606,-821.7811768004192,1,1789162829.0696716,38.99136360666667,-76.93661841,-9.981000000000002,0,1,42.198016,17.935225000000003,184.4164,1,1,1789162829.4014487,0.9376941850127691,0.3393519488954101,0.07155924015803782,0.021193048910669417,174.89659092996808,-6.881573676857841,40.09747250505598,0.029235486701381416,0.025156652239470667,-0.175941929504568,-3.114395958366394,-4.7182735923194885,-11.272744360923767
2026-09-11T17:40:29.435,29.67068499200002,-381.94488525390625,-34375.03967285156,-137500.15869140625,-261.6322463989258,-103.21844985961914,-6.378223419189453,-4.3690830421447755,-9.773360419973091,-0.030529048238516748,0.0,-0.05761146545410156,-471.953125,-20.740127563476562,0.2288818657398224,82.39747166633606,493.0436867965438,1,1789162829.0696716,38.99136360666667,-76.93661841,-9.981000000000002,0,1,42.198016,17.935225000000003,184.4164,1,1,1789162829.4294488,0.9369962164769401,0.34117407956394585,0.07148295868340691,0.02298965766295134,174.6920931633985,-6.79236063308218,40.32983290139014,-0.03688404308239617,-0.07222434244140336,-0.15264021319411689,-1.3842086703300476,-2.637694694004059,-10.259227066707611
2026-09-11T17:40:29.468,29.704097632000014,-382.1556396484375,-34394.007568359375,-137576.0302734375,-261.7766131591797,-103.36281661987306,-6.327091217041016,-4.334057483673096,-9.695010477078318,1.0482727037338373,0.0,-0.0488128662109375,-399.875,-17.5726318359375,0.4730225205421448,170.28810739517212,2630.460679816093,1,1789162829.0696716,38.99136360666667,-76.93661841,-9.981000000000002,0,1,42.198016,17.935225000000003,184.4164,1,1,1789162829.461449,0.9365883320621018,0.3427974810374606,0.0695235344900911,0.021416381382184622,174.92995306614674,-6.635170354420972,40.50000494022755,0.02309978171599535,-0.13339115140679664,-0.12149446362642767,-0.9945904594039917,-2.6687817750167846,-12.950858336601256
2026-09-11T17:40:29.502,29.737505504000012,-382.3670959472656,-34413.038635253906,-137652.15454101562,-261.921460723877,-103.50766418457032,-6.327801704406738,-4.334544167518616,-9.696099157835118,-0.01456793912285784,0.0,-0.03656578063964844,-299.546875,-13.163681030273438,0.0,0.0,-5097.244966551074,1,1789162829.0696716,38.99136360666667,-76.93661841,-9.981000000000002,0,1,42.198016,17.935225000000003,184.4164,1,1,1789162829.5014489,0.9359391689201637,0.3447150188284208,0.06894929791438331,0.020866772444927663,174.9991298125035,-6.585082782058841,40.7263116163289,-0.024107534826096875,-0.19319573089100833,-0.11223060502269218,2.864228312740326,-0.19544653772354126,-6.012849480171203
2026-09-11T17:40:29.536,29.770914656000002,-382.5818786621094,-34432.369079589844,-137729.47631835938,-262.0685868835449,-103.6547903442383,-6.353865623474121,-4.352397952079773,-9.73603693647049,-0.5343980164824986,0.0,-0.037807464599609375,-309.71875,-13.610687255859375,-0.03051757998764515,-10.986328795552254,-328.84189324995396,1,1789162829.0696716,38.99136360666667,-76.93661841,-9.981000000000002,0,1,42.198016,17.935225000000003,184.4164,1,1,1789162829.5294487,0.935511676856398,0.34582929919988237,0.0695420354653951,0.019593457672871684,175.1043714855947,-6.69377253650192,40.862015387721925,0.01105282108702969,-0.12284901365890047,-0.11206706767178029,-4.923428713703156,-1.9712347490119932,-11.32530800579071
2026-09-11T17:40:29.569,29.804314239999997,-382.7939758300781,-34451.45782470703,-137805.83129882812,-262.2138734436035,-103.80007690429689,-6.432934761047363,-4.4065603113174445,-9.857194683512526,-1.6216477198542545,0.0,-0.04089927673339844,-335.046875,-14.723739624023438,-0.1525879204273224,-54.93165135383606,-1315.7446080253958,1,1789162829.0696716,38.99136360666667,-76.93661841,-9.981000000000002,0,1,42.198016,17.935225000000003,184.4164,1,1,1789162829.5614488,0.9351156015291452,0.3474952083842975,0.066931677801505,0.01805664513175677,175.36538554878058,-6.466860355764966,41.03277549385543,0.01997302436104751,-0.06337046167896132,-0.12519386350895484,-1.9898673843193055,0.28311799016952516,-11.262545444755554
2026-09-11T17:40:29.603,29.837733376000017,-383.0133972167969,-34471.20574951172,-137884.82299804688,-262.3641770935059,-103.95038055419923,-6.486209392547607,-4.443053433895112,-9.9388274738169,-1.091982826176144,0.0,-0.04389762878417969,-359.609375,-15.803146362304688,-0.09155276417732239,-32.95899510383606,657.4872626864608,1,1789162829.0696716,38.99136360666667,-76.93661841,-9.981000000000002,0,1,42.198016,17.935225000000003,184.4164,1,1,1789162829.6014488,0.9341439949016894,0.3503776009849424,0.06611432216090474,0.01547352326890616,175.65733962339172,-6.469681518896026,41.36556461579572,0.2233290149596156,0.04200099938339315,-0.1769760370863746,1.6432023011016845,-1.759411105518341,-17.95685904466629
2026-09-11T17:40:29.636,29.871216543999992,-383.2269592285156,-34490.426330566406,-137961.70532226562,-262.51046707153324,-104.09667053222657,-6.408779144287109,-4.39001371383667,-9.820180999097767,1.584071138623462,0.0,-0.046703338623046875,-382.59375,-16.813201904296875,-0.015258784405887127,-5.493162386119366,820.2877552607042,1,1789162829.0696716,38.99136360666667,-76.93661841,-9.981000000000002,0,1,42.198016,17.935225000000003,184.4164,1,1,1789162829.629449,0.9333813240247846,0.3525498135168386,0.0653474674021725,0.015415623733872218,175.68037766890276,-6.379805465948012,41.62521193774372,-0.10165164082757894,-0.059737907906785515,-0.1552219042236669,-2.00879421913147,-2.9288541373062134,0.4581666955566406
2026-09-11T17:40:29.669,29.90462835200003,-383.4378356933594,-34509.405212402344,-138037.62084960938,-262.6549174499512,-104.24112091064454,-6.331666469573975,-4.337191531658173,-9.702021142757177,1.5809435448220823,0.0,-0.050037384033203125,-409.90625,-18.013458251953125,-0.1983642876148224,-71.41114354133606,-1972.8947668781934,1,1789162829.0696716,38.99136360666667,-76.93661841,-9.981000000000002,0,1,42.198016,17.935225000000003,184.4164,1,1,1789162829.6614487,0.9325699319158544,0.35514785735241194,0.06309841156217876,0.014209572927413693,175.88619208158494,-6.176659678396062,41.91842457614732,-0.08585920362383345,-0.1469340337376466,-0.1935430514121552,-4.721705919876099,-1.8431598978996278,-6.297144268360138
2026-09-11T17:40:29.702,29.93803987199999,-383.64459228515625,-34528.01330566406,-138112.05322265625,-262.79654571533206,-104.3827491760254,-6.255253791809082,-4.284848847389221,-9.584933892692414,1.5666058972778465,0.0,-0.054477691650390625,-446.28125,-19.611968994140625,-0.3356933891773224,-120.84962010383606,-1479.6835511392799,1,1789162829.0696716,38.99136360666667,-76.93661841,-9.981000000000002,0,1,42.198016,17.935225000000003,184.4164,1,1,1789162829.701449,0.9311509843358234,0.35891511733122167,0.06269705189021252,0.01438271899949561,175.8595880701346,-6.10993535745349,42.37970118070043,0.06144466538231077,-0.08479210931916412,-0.22682106972700586,-1.4365761821937562,3.0658530400657655,-5.321088377761841
2026-09-11T17:40:29.736,29.97146079999999,-383.8518371582031,-34546.66534423828,-138186.66137695312,-262.93850845336914,-104.52471191406251,-6.204307556152344,-4.249950675964356,-9.506868906505796,1.0442011491981134,0.0,-0.06640243530273438,-543.96875,-23.904876708984375,-0.21362310647964478,-76.90431833267212,1314.9036966049036,1,1789162829.0696716,38.99136360666667,-76.93661841,-9.981000000000002,0,1,42.198016,17.935225000000003,184.4164,1,1,1789162829.7294488,0.9300571893099641,0.36167045230454664,0.06314846377182914,0.01415556660583487,175.84663717827888,-6.155319660208077,42.722447415411445,0.00649768627224969,-0.08112831415337762,-0.19349680018697735,8.434797870616913,-2.116961570415497,-9.356819118824005
2026-09-11T17:40:29.769,30.004877856000007,-384.0621032714844,-34565.589294433594,-138262.35717773438,-263.0825407409668,-104.66874420166016,-6.309913158416748,-4.3222905135154726,-9.66868851448521,-2.164757947291227,0.0,-0.07064247131347656,-578.703125,-25.431289672851562,-0.12207037210464478,-43.94533395767212,986.2922806539685,1,1789162829.0696716,38.99136360666667,-76.93661841,-9.981000000000002,0,1,42.198016,17.935225000000003,184.4164,1,1,1789162829.7614868,0.9283420923771966,0.3654464463850211,0.06660135585485141,0.013932470835560274,175.6969798347005,-6.515646679815526,43.21969584379597,-0.06250076411269254,0.06634380459265884,-0.28404936870234876,8.260533697242737,4.076624472236634,-18.112392516231537
2026-09-11T17:40:29.803,30.038285696000003,-384.275634765625,-34584.80712890625,-138339.228515625,-263.22880981445314,-104.8150132751465,-6.361703872680664,-4.357767152786256,-9.748047496390146,-1.0619255621072188,0.0,-0.07957839965820312,-651.90625,-28.648223876953125,-0.3662109971046448,-131.83595895767212,-2630.8383002316928,1,1789162829.0696716,38.99136360666667,-76.93661841,-9.981000000000002,0,1,42.198016,17.935225000000003,184.4164,1,1,1789162829.8014867,0.9258526426750318,0.37127075468721266,0.06911956198358735,0.013319043390740921,175.61128731137677,-6.782409811568017,43.96216898989832,-0.0853490438834755,0.06367275270540673,-0.30708404963724467,4.965401176395416,2.2693569139289855,-13.008325306549073
2026-09-11T17:40:29.836,30.071691999999985,-384.4881896972656,-34603.937072753906,-138415.74829101562,-263.374409942627,-104.96061340332032,-6.414013385772705,-4.393599169254303,-9.828201434445011,-1.0726124167482542,0.0,-0.08975410461425781,-735.265625,-32.31147766113281,-0.3051758408546448,-109.86330270767212,657.7398161141055,1,1789162829.0696716,38.99136360666667,-76.93661841,-9.981000000000002,0,1,42.198016,17.935225000000003,184.4164,1,1,1789162829.8294866,0.924018528040932,0.37576555380943294,0.06956261793780158,0.012290264154975994,175.66827174752441,-6.852731362625125,44.51913831397416,0.09384216508953032,0.16954407606553235,-0.3912438261684113,6.2588002662277225,2.0274268544387817,-12.049332987232209
2026-09-11T17:40:29.869,30.10509881600001,-384.70623779296875,-34623.56140136719,-138494.24560546875,-263.5237728881836,-105.10997634887696,-6.545365333557129,-4.4835752534866335,-10.029472202681255,-2.693345101558471,0.0,-0.10258865356445312,-840.40625,-36.931915283203125,-0.12207037210464478,-43.94533395767212,1973.189206356934,1,1789162829.0696716,38.99136360666667,-76.93661841,-9.981000000000002,0,1,42.198016,17.935225000000003,184.4164,1,1,1789162829.8614867,0.921562225076764,0.38122021252137406,0.0721432802726489,0.013768151227529262,175.35446531311928,-7.034770010230707,45.232269491161745,-0.031013977209163636,0.23353866748500685,-0.40015233573644077,-1.320465444278717,0.1553373385620117,-12.482492724876405
2026-09-11T17:40:29.904,30.13852137600003,-384.930908203125,-34643.78173828125,-138575.126953125,-263.67767211914065,-105.263875579834,-6.650302886962891,-4.555457477569581,-10.190268158485987,-2.150709702754825,0.0,-0.099578857421875,-815.75,-35.848388671875,0.0,0.0,1314.8404538026543,1,1789162829.0696716,38.99136360666667,-76.93661841,-9.981000000000002,0,1,42.198016,17.935225000000003,184.4164,1,1,1789162829.9014866,0.9184769397231443,0.3880424826446425,0.07514412202125492,0.013285472721910252,175.21562098337245,-7.338184913376872,46.11360889992217,-0.01573065254822489,0.1703643808139697,-0.349898197919142,3.857936173629761,3.127634936084747,-10.866749044227602
2026-09-11T17:40:29.936,30.17193705599999,-385.1543884277344,-34663.894958496094,-138655.57983398438,-263.83075607299804,-105.41695953369141,-6.7293877601623535,-4.609630615711213,-10.31145001724948,-1.621189158553522,0.0,-0.09496879577636719,-777.984375,-34.18876647949219,0.1678466945886612,60.42481005191803,1808.2771337284469,1,1789162829.0696716,38.99136360666667,-76.93661841,-9.981000000000002,0,1,42.198016,17.935225000000003,184.4164,1,1,1789162829.9294868,0.9164158579694966,0.3928706485718782,0.07517488217907947,0.013541264420453612,175.14851556914812,-7.30452693055853,46.719819415040874,-0.04878841031147389,0.00891671261551383,-0.3715327757280881,4.152135678482056,-0.29645503438949583,-8.260925963249207
2026-09-11T17:40:29.970,30.205347328000016,-385.3798522949219,-34684.18670654297,-138736.74682617188,-263.9851988220215,-105.57140228271486,-6.782704830169678,-4.64615280866623,-10.393147836135972,-1.0931426405324864,0.0,-0.08118820190429688,-665.09375,-29.227752685546875,0.5645752549171448,203.24709177017212,4274.801525654833,1,1789162829.0696716,38.99136360666667,-76.93661841,-9.981000000000002,0,1,42.198016,17.935225000000003,184.4164,1,1,1789162829.9614866,0.9142856402301818,0.3980900038457563,0.07356227004800671,0.013953828591342261,175.1393843896027,-7.088603609963396,47.35891599258577,-0.09494556224264113,-0.15603068979904106,-0.33324025193933254,-4.956673257751465,-0.48837117805480956,-7.765395930576325
2026-09-11T17:40:30.003,30.238756480000006,-385.6078186035156,-34704.703674316406,-138818.81469726562,-264.1413557434082,-105.72755920410157,-6.809713840484619,-4.6646539807319645,-10.434533779375357,-0.5537755662203008,0.0,-0.06304931640625,-516.5,-22.69775390625,0.5493164658546448,197.75392770767212,-164.4209365895194,1,1789162829.0696716,38.99136360666667,-76.93661841,-9.981000000000002,0,1,42.198016,17.935225000000003,184.4164,1,1,1789162830.0014868,0.9126749942689096,0.402391272165483,0.06974913851987795,0.015513755091044261,175.12321119126545,-6.593899975609145,47.86571756880523,0.16266765334559988,-0.11020497589282756,-0.1996078960299103,-1.3367444835472106,-0.25340384017944334,-11.210570198898315
2026-09-11T17:40:30.036,30.272164032000035,-385.8378601074219,-34725.40740966797,-138901.62963867188,-264.29893417358403,-105.88513763427736,-6.889488220214844,-4.719299430847168,-10.556772169933703,-1.6357214714552353,0.0,-0.044147491455078125,-361.65625,-15.893096923828125,0.8392334580421448,302.1240448951721,3124.1474139563275,1,1789162829.0696716,38.99136360666667,-76.93661841,-9.981000000000002,0,1,42.198016,17.935225000000003,184.4164,1,1,1789162830.0294867,0.9118949773679447,0.40442967365361254,0.06774281441498428,0.017178486973097238,175.02926790824415,-6.295352400249549,48.108543721961084,-0.04832781792187259,-0.012931493493876386,-0.1284975972500549,0.2943956378555298,-0.3497051447677612,-6.279296165065766
2026-09-11T17:40:30.070,30.30558400000001,-386.0685119628906,-34746.166076660156,-138984.66430664062,-264.4569306945801,-106.04313415527345,-6.88969087600708,-4.71943825006485,-10.557082699679771,-0.004153780688299466,0.0,-0.03296089172363281,-270.015625,-11.865921020507812,-0.1373291164636612,-49.43848192691803,-10519.53511213257,1,1789162829.0696716,38.99136360666667,-76.93661841,-9.981000000000002,0,1,42.198016,17.935225000000003,184.4164,1,1,1789162830.0614867,0.9116002072479839,0.40572456399731244,0.06321256736539911,0.019411636759900566,175.00220637329014,-5.710242136579819,48.23409323588022,0.019694818878279615,-0.11698680176730192,-0.06335161212303977,-1.0568626879310608,1.0387203851318358,-6.335684403495788
2026-09-11T17:40:30.104,30.33900780800002,-386.2999572753906,-34766.996154785156,-139067.98461914062,-264.6154707336426,-106.20167419433595,-6.91552209854126,-4.737132637500763,-10.596663917100836,-0.5293947187558165,0.0,-0.0341033935546875,-279.375,-12.2772216796875,0.0,0.0,1479.1397176199841,1,1789162830.0704336,38.991363068333335,-76.93659134666666,-10.014000000000003,0,1,28.676025000000006,6.959044,73.7881,1,1,1789162830.1014867,0.9112592923263384,0.40625543203028003,0.0647687345852718,0.01918429344578436,174.948427435864,-5.88054499432783,48.315937478881814,-0.04862766548736522,-0.034786157321498985,-0.029977600699329403,4.480364259395599,0.3195006622695923,-9.989936453266145
2026-09-11T17:40:30.137,30.372424608000017,-386.5301818847656,-34787.716369628906,-139150.86547851562,-264.77317459106445,-106.35937805175782,-6.8646440505981445,-4.7022811746597295,-10.518703415040543,1.0429323825451897,0.0,-0.03462028503417969,-283.609375,-12.463302612304688,0.0457763746380806,16.479494869709015,493.1499984950729,1,1789162830.0704336,38.991363068333335,-76.93659134666666,-10.014000000000003,0,1,28.676025000000006,6.959044,73.7881,1,1,1789162830.1294868,0.9110635078794501,0.4066578120301809,0.06495521912155285,0.019326873365558557,174.9219581400363,-5.891087755681867,48.369135564205266,-0.00160360851673239,-0.052177316120071274,-0.04101698275111874,5.322167109279633,-0.4909209070968628,-8.957001991729737
2026-09-11T17:40:30.170,30.40583472000003,-386.75634765625,-34808.0712890625,-139232.28515625,-264.92809814453125,-106.51430160522462,-6.7879557609558105,-4.64974969625473,-10.401193844521128,1.5723227268732058,0.0,-0.03483390808105469,-285.359375,-12.540206909179688,-0.030517585575580597,-10.986330807209015,-822.0812213053204,1,1789162830.0704336,38.991363068333335,-76.93659134666666,-10.014000000000003,0,1,28.676025000000006,6.959044,73.7881,1,1,1789162830.1614866,0.9109690881575608,0.4069223427814894,0.0644852708147596,0.01977820048825448,174.89540509117623,-5.819321757720257,48.39946118765474,-0.16640021448391498,-0.10407450689519747,-0.046892284612107246,-2.5120715054321288,-2.439796493740082,-6.8817186845016485
2026-09-11T17:40:30.204,30.439243968000028,-386.98095703125,-34828.2861328125,-139313.14453125,-265.0819555664063,-106.66815902709962,-6.73609733581543,-4.61422667503357,-10.321731109148097,1.0632691050442789,0.0,-0.034515380859375,-282.75,-12.425537109375,0.015258789993822575,5.493164397776127,493.26148271838,1,1789162830.0704336,38.991363068333335,-76.93659134666666,-10.014000000000003,0,1,28.676025000000006,6.959044,73.7881,1,1,1789162830.2014866,0.9107509864352575,0.4077921246201606,0.06182418415020437,0.020395932416594965,174.95257825336017,-5.5076279832275485,48.484189558939384,0.0622356485993146,-0.049735076897755616,-0.045058118101186415,1.6915490863990783,-0.5315204387664795,-2.3895864449119566
2026-09-11T17:40:30.237,30.47266400000001,-387.2031555175781,-34848.28399658203,-139393.13598632812,-265.23416152954104,-106.82036499023438,-6.659610748291016,-4.561833362579346,-10.204530607058297,1.567721791955606,0.0,-0.034709930419921875,-284.34375,-12.495574951171875,-0.0305175818502903,-10.986329466104507,-493.10227661930594,1,1789162830.0704336,38.991363068333335,-76.93659134666666,-10.014000000000003,0,1,28.676025000000006,6.959044,73.7881,1,1,1789162830.2294867,0.9106709833584833,0.40818467737727665,0.06002932913227984,0.021450148419763,174.9256824468161,-5.268473951453955,48.51975863971758,-0.08243905642162537,-0.25010184208643305,-0.06784164615672038,0.28096052713394165,1.7725520167350768,-13.327924035320281
2026-09-11T17:40:30.271,30.506086272000005,-387.4208068847656,-34867.872619628906,-139471.49047851562,-265.3832527160645,-106.96945617675782,-6.531058311462402,-4.473774943351746,-10.007549533267136,2.634722715068913,0.0,-0.03554344177246094,-291.171875,-12.795639038085938,-0.015258789993822575,-5.493164397776127,164.35642281676982,1,1789162830.0704336,38.991363068333335,-76.93659134666666,-10.014000000000003,0,1,28.676025000000006,6.959044,73.7881,1,1,1789162830.2614868,0.9104258773327824,0.40894166532804566,0.058407351610951216,0.021909302119255503,174.95093551269727,-5.0734004595377336,48.600797842270104,0.08291326237939223,-0.20981161443584473,-0.07643966165082006,-4.177436835899353,-4.003466862030029,-4.363174789962768
2026-09-11T17:40:30.305,30.539508640000008,-387.6376037597656,-34887.384338378906,-139549.53735351562,-265.5317585754395,-107.11796203613282,-6.403082370758057,-4.386111423969269,-9.811451825271261,2.6228997114287975,0.0,-0.03788185119628906,-310.328125,-13.637466430664062,-0.01525880303233862,-5.493169091641903,-0.0001404408501534511,1,1789162830.0704336,38.991363068333335,-76.93659134666666,-10.014000000000003,0,1,28.676025000000006,6.959044,73.7881,1,1,1789162830.3014867,0.9096954870656617,0.41077374433702646,0.056927516638693755,0.021870290923046362,175.015963060891,-4.910868955647236,48.81704793669385,0.12651699761489177,-0.09404340155228526,-0.11966588216911321,-7.008812870597839,-7.332236192932129,-3.6730808180809023
2026-09-11T17:40:30.337,30.572915904000013,-387.84381103515625,-34905.94299316406,-139623.77197265625,-265.67301055908206,-107.2592140197754,-6.2739949226379395,-4.297686522006988,-9.613650952950483,2.646876498544413,0.0,-0.03778839111328125,-309.5625,-13.60382080078125,0.061035171151161194,21.97266161441803,822.1514550265548,1,1789162830.0704336,38.991363068333335,-76.93659134666666,-10.014000000000003,0,1,28.676025000000006,6.959044,73.7881,1,1,1789162830.3294866,0.9089931840134245,0.4120211788742555,0.05825385041078715,0.02400892518466623,174.7217083885272,-4.940451570552479,48.994782065665284,-0.06623332525100761,0.05330759134366281,-0.13779845683393271,-3.4298758940696716,-4.339050430564881,1.2678037329101564
2026-09-11T17:40:30.370,30.60632035200001,-388.0514831542969,-34924.63348388672,-139698.53393554688,-265.81526596069335,-107.40146942138672,-6.195662975311279,-4.2440291380882265,-9.493622803525907,1.6062945844446759,0.0,-0.03801918029785156,-311.453125,-13.686904907226562,0.03051757998764515,10.986328795552254,-328.8883210662888,1,1789162830.0704336,38.991363068333335,-76.93659134666666,-10.014000000000003,0,1,28.676025000000006,6.959044,73.7881,1,1,1789162830.3614867,0.9084236324156524,0.4131627304608062,0.0600210935572108,0.021459975655138262,174.8963282062619,-5.239333665408723,49.146966402960985,-0.09664010241340242,-0.11754286366698731,-0.09554909709798078,4.449669444389343,-2.6440690166091922,-13.500521078166962
2026-09-11T17:40:30.404,30.63974566400003,-388.25762939453125,-34943.18664550781,-139772.74658203125,-265.9564761352539,-107.54267959594728,-6.117770671844482,-4.190672910213471,-9.374268320985742,1.5962821192132408,0.0,-0.03746223449707031,-306.890625,-13.486404418945312,0.0610351599752903,21.972657591104507,328.6829093935077,1,1789162830.0704336,38.991363068333335,-76.93659134666666,-10.014000000000003,0,1,28.676025000000006,6.959044,73.7881,1,1,1789162830.4014866,0.9077687944349394,0.4145166717374322,0.06074115077073018,0.02102991452445701,174.89845738125976,-5.3272037461215564,49.32344453374019,-0.024812647843902583,0.005179962686993971,-0.08194443011161018,-2.064692125053406,0.7912986015510559,-3.0901735324668884
2026-09-11T17:40:30.438,30.673167904000024,-388.46124267578125,-34961.51184082031,-139846.04736328125,-266.0959512329102,-107.68215469360352,-6.118740558624268,-4.191337282657623,-9.375754479817507,-0.019878154311396955,0.0,-0.03716087341308594,-304.421875,-13.377914428710938,0.0457763709127903,16.479493528604507,-164.3565500846485,1,1789162830.0704336,38.991363068333335,-76.93659134666666,-10.014000000000003,0,1,28.676025000000006,6.959044,73.7881,1,1,1789162830.4294868,0.9071522994323213,0.4155716638367353,0.0622912702423308,0.022241751329790276,174.69021279684608,-5.424226172863269,49.47728183785974,0.0019586084865880365,0.06511334747000284,-0.08689540560074249,0.5682953768730163,1.34135360912323,-12.683529053192139
2026-09-11T17:40:30.471,30.70657344,-388.6642150878906,-34979.779357910156,-139919.11743164062,-266.2349873352051,-107.82119079589845,-6.119435787200928,-4.191813514232636,-9.376819779511075,-0.014256067467762642,0.0,-0.03814888000488281,-312.515625,-13.733596801757812,-0.1525879055261612,-54.93164598941803,-2137.7037482073497,1,1789162830.0704336,38.991363068333335,-76.93659134666666,-10.014000000000003,0,1,28.676025000000006,6.959044,73.7881,1,1,1789162830.4614866,0.9066367366493495,0.4165552541515023,0.06342332076337327,0.021657109224038223,174.6899666582055,-5.564201434712913,49.61116181244758,-0.07606057613728688,0.06977232937527651,-0.06473653088449728,-0.6682251420211792,-0.9412422825241088,-6.631747171878815
2026-09-11T17:40:30.506,30.73998326399999,-388.8710021972656,-34998.390197753906,-139993.56079101562,-266.37663650512695,-107.96283996582032,-6.120246410369873,-4.192368791103363,-9.378061898495345,-0.016620167491086545,0.0,-0.038299560546875,-313.75,-13.787841796875,-0.03051757998764515,-10.986328795552254,1315.3411761127606,1,1789162830.0704336,38.991363068333335,-76.93659134666666,-10.014000000000003,0,1,28.676025000000006,6.959044,73.7881,1,1,1789162830.5014868,0.9056258071590902,0.4185029962693132,0.06549868696561244,0.02017576583018016,174.73036785940545,-5.839800453818201,49.873677374209784,-0.09262130727776027,0.1104676479452527,-0.10216302229841327,2.3674234155464173,2.7099697056961056,-2.4260671835136414
2026-09-11T17:40:30.538,30.773395359999995,-389.0733642578125,-35016.602783203125,-140066.4111328125,-266.5152545166016,-108.10145797729493,-6.121475696563721,-4.193210852146149,-9.379945535402076,-0.02520228131708174,0.0,-0.03958892822265625,-324.3125,-14.25201416015625,-0.015258795581758022,-5.493166409432888,164.40639899150042,1,1789162830.0704336,38.991363068333335,-76.93659134666666,-10.014000000000003,0,1,28.676025000000006,6.959044,73.7881,1,1,1789162830.5294867,0.9050161802073138,0.4197120718483156,0.0660469452465874,0.020622592740770912,174.6489567575011,-5.867944246808909,50.03460472508088,-0.03796736894910905,0.057650843187250694,-0.09262532153503986,-0.4269815480422974,0.12434832405090332,-16.891268438091277
2026-09-11T17:40:30.571,30.806807391999996,-389.27972412109375,-35035.17517089844,-140140.70068359375,-266.6566110229492,-108.24281448364259,-6.149216175079346,-4.212213079929352,-9.422452308360208,-0.5687240986481383,0.0,-0.039508819580078125,-323.65625,-14.223175048828125,0.0762939304113388,27.46581494808197,986.440494176283,1,1789162830.0704336,38.991363068333335,-76.93659134666666,-10.014000000000003,0,1,28.676025000000006,6.959044,73.7881,1,1,1789162830.5614867,0.9043566062097982,0.4213407498274222,0.06459245221576694,0.0209503330836417,174.67635960592494,-5.691651691152898,50.226555907369395,0.07170702685111223,-0.13537279823951098,-0.17231338998967177,-0.5749638989830017,-1.389504261417389,-11.813483050842285
2026-09-11T17:40:30.605,30.840233952000006,-389.4845275878906,-35053.607482910156,-140214.42993164062,-266.7969013977051,-108.38310485839844,-6.151442050933838,-4.213737804889679,-9.425863020959365,-0.045614175084925095,0.0,-0.03958320617675781,-324.265625,-14.249954223632812,0.0,0.0,-821.6763839316466,1,1789162830.0704336,38.991363068333335,-76.93659134666666,-10.014000000000003,0,1,28.676025000000006,6.959044,73.7881,1,1,1789162830.6014867,0.9034132191311829,0.42371562593363965,0.06154730146348044,0.022837546305605177,174.61675450790972,-5.270162631531556,50.502632910958795,-0.014723597569824165,-0.12395136361446009,-0.15930248401482963,-10.517338098964691,0.016965504779815673,-7.797169477100372
2026-09-11T17:40:30.638,30.87363823999999,-389.6905822753906,-35072.152404785156,-140288.60961914062,-266.9380488586426,-108.52425231933594,-6.177962779998779,-4.231904504299164,-9.466500770175285,-0.5438433356068753,0.0,-0.04070472717285156,-333.453125,-14.653701782226562,-0.0457763746380806,-16.479494869709015,-493.3347140856918,1,1789162830.0704336,38.991363068333335,-76.93659134666666,-10.014000000000003,0,1,28.676025000000006,6.959044,73.7881,1,1,1789162830.6294868,0.902801083147569,0.42532392545166237,0.05897130841674253,0.023919604712085304,174.6234223643719,-4.941097244785496,50.68388609296449,0.22609623448865263,0.0831363154577971,-0.18620359284166865,-1.91523877658844,1.1933712581825258,-15.753500886325835
2026-09-11T17:40:30.671,30.907049088000008,-389.8975830078125,-35090.782470703125,-140363.1298828125,-267.07984436035156,-108.66604782104493,-6.203668594360352,-4.249512987136841,-9.505889824482901,-0.527028911019191,0.0,-0.0412445068359375,-337.875,-14.8480224609375,0.1068115383386612,38.45215380191803,1644.1261434489602,1,1789162830.0704336,38.991363068333335,-76.93659134666666,-10.014000000000003,0,1,28.676025000000006,6.959044,73.7881,1,1,1789162830.6614866,0.9017512884348207,0.42721331803861073,0.06088782446290835,0.02502134146595056,174.40291032088567,-5.073433362974972,50.94757121137988,-0.026690098520272886,0.12618137079973324,-0.15855513402912566,3.334653320999146,2.1200996984672544,-9.859900272121429
2026-09-11T17:40:30.705,30.940457728000013,-390.10400390625,-35109.3603515625,-140437.44140625,-267.2212426757813,-108.80744613647462,-6.203181266784668,-4.2491791677474975,-9.505143091775887,0.009992007736422594,0.0,-0.04047393798828125,-331.5625,-14.57061767578125,-0.015258789993822575,-5.493164397776127,-1315.3878218235773,1,1789162830.0704336,38.991363068333335,-76.93659134666666,-10.014000000000003,0,1,28.676025000000006,6.959044,73.7881,1,1,1789162830.7014866,0.9004855755550975,0.42983869781677825,0.06159512022032075,0.02388437232638597,174.4703106595596,-5.186514475872693,51.28475781961725,0.09016580355312946,0.12007987426768627,-0.15087498718864983,-2.7983276236534116,1.1944499897003173,-14.397437301959991
2026-09-11T17:40:30.738,30.973872672000027,-390.3123779296875,-35128.114013671875,-140512.4560546875,-267.363978881836,-108.9501823425293,-6.231128215789795,-4.26832282781601,-9.547966239745895,-0.5729071420411187,0.0,-0.03972434997558594,-325.421875,-14.300765991210938,-0.015258795581758022,-5.493166409432888,-6.020230831955161e-05,1,1789162830.0704336,38.991363068333335,-76.93659134666666,-10.014000000000003,0,1,28.676025000000006,6.959044,73.7881,1,1,1789162830.7294867,0.8996855005473577,0.4312575649791104,0.06173102310775654,0.027788370574911264,174.0512127783529,-4.997318675417544,51.48059084894111,-0.20558250712533727,-0.16760431713486587,-0.1432112464431427,1.6715435200691222,2.8005831531906127,-7.593877619247437
2026-09-11T17:40:30.772,31.007292704000008,-390.523193359375,-35147.08740234375,-140588.349609375,-267.50838745117187,-109.09459091186524,-6.309820175170898,-4.322226819992066,-9.668546036131131,-1.6129246128814847,0.0,-0.038013458251953125,-311.40625,-13.684844970703125,0.0610351599752903,21.972657591104507,821.8371544513511,1,1789162830.0704336,38.991363068333335,-76.93659134666666,-10.014000000000003,0,1,28.676025000000006,6.959044,73.7881,1,1,1789162830.7694867,0.8988222392911938,0.43306674011348695,0.061158411695691216,0.028834518235995612,173.96212092507753,-4.874100761954365,51.70821322231383,0.1809822658514024,0.1900649592787809,-0.1541827351870295,-1.5552366491508485,1.3115413926315307,-7.141006514778137
2026-09-11T17:40:30.807,31.04071241600002,-390.7381591796875,-35166.434326171875,-140665.7373046875,-267.65563903808595,-109.2418424987793,-6.362654685974121,-4.358418459892273,-9.74950442889287,-1.0829429020870958,0.0,-0.036861419677734375,-301.96875,-13.270111083984375,-0.0457763709127903,-16.479493528604507,-1150.5829589344175,1,1789162830.0704336,38.991363068333335,-76.93659134666666,-10.014000000000003,0,1,28.676025000000006,6.959044,73.7881,1,1,1789162830.8014867,0.8982907001349386,0.43397332449776743,0.0626995956821946,0.028455796891434095,173.91788903457117,-5.045499755133721,51.83953801365469,-0.04560161363025744,-0.03402746269565705,-0.09799692137390283,0.6510635042381288,0.20662611890792845,-7.270552363414764
2026-09-11T17:40:30.839,31.074120607999987,-390.94744873046875,-35185.27038574219,-140741.08154296875,-267.7990023803711,-109.38520584106446,-6.389615535736084,-4.376886641979218,-9.790816575651425,-0.5528039975034544,0.0,-0.036083221435546875,-295.59375,-12.989959716796875,-0.1068115308880806,-38.452151119709015,-657.7026853511206,1,1789162830.0704336,38.991363068333335,-76.93659134666666,-10.014000000000003,0,1,28.676025000000006,6.959044,73.7881,1,1,1789162830.8294866,0.8976776210289886,0.43528253644748954,0.0614215470522569,0.030518776602001668,173.7628011022857,-4.801556581779398,51.99911346543616,0.04165594779027386,-0.17794888361143624,-0.08373094913395157,-4.852330500030518,-2.0246809923934936,-9.26267527727127
2026-09-11T17:40:30.872,31.107528672,-391.16058349609375,-35204.45251464844,-140817.81005859375,-267.9449996948242,-109.53120315551759,-6.364875793457031,-4.359939918518067,-9.752907834909767,0.5072644575017672,0.0,-0.035858154296875,-293.75,-12.908935546875,0.0,0.0,1150.9841192741096,1,1789162830.0704336,38.991363068333335,-76.93659134666666,-10.014000000000003,0,1,28.676025000000006,6.959044,73.7881,1,1,1789162830.8694868,0.8971281858862112,0.4369168850221647,0.05724474083307722,0.031427588485243,173.87406785292606,-4.31554391233919,52.164793207456846,-0.010168462755044162,-0.15253427170852082,-0.07795617823787793,8.83961638929367,0.3783405632400513,-8.604550984916687
2026-09-11T17:40:30.907,31.14093600000001,-391.3770446777344,-35223.934020996094,-140895.73608398438,-268.09327560424805,-109.67947906494142,-6.418478488922119,-4.396657764911652,-9.835043318073655,-1.0990955754849394,0.0,-0.036468505859375,-298.75,-13.128662109375,0.0,0.0,0.0,1,1789162830.0704336,38.991363068333335,-76.93659134666666,-10.014000000000003,0,1,28.676025000000006,6.959044,73.7881,1,1,1789162830.9014866,0.8965148630949314,0.4382672694131643,0.0552553002630659,0.03361179263061801,173.74437540633687,-3.9917307384940695,52.322226461384986,0.0731624569143503,-0.10833869532367002,-0.053432033319330004,9.440862110710144,1.1609112461471558,-7.41314105676651
2026-09-11T17:40:30.939,31.17435740799999,-391.5888366699219,-35242.99530029297,-140971.98120117188,-268.2383531188965,-109.82455657958985,-6.393410682678223,-4.379486317634583,-9.79663188447248,0.5137858727280047,0.0,-0.03928375244140625,-321.8125,-14.14215087890625,-0.1068115308880806,-38.452151119709015,-1150.5245715479973,1,1789162830.0704336,38.991363068333335,-76.93659134666666,-10.014000000000003,0,1,28.676025000000006,6.959044,73.7881,1,1,1789162830.9294868,0.8959216431203865,0.43952673614506,0.05558018598605158,0.032426848873947506,173.84416160344864,-4.076368654261961,52.48314226775021,-0.034126946463020724,-0.10494333179684025,-0.1354302195719016,3.0383944196128843,-1.7056706626319886,-13.479044514312744
2026-09-11T17:40:30.972,31.207765919999986,-391.7997131347656,-35261.974182128906,-141047.89672851562,-268.38280349731446,-109.96900695800782,-6.3931884765625,-4.379334106445313,-9.796291397739147,0.0045560601223300435,0.0,-0.04794883728027344,-392.796875,-17.261581420898438,-0.3662109673023224,-131.83594822883606,-2795.2097091047826,1,1789162830.0704336,38.991363068333335,-76.93659134666666,-10.014000000000003,0,1,28.676025000000006,6.959044,73.7881,1,1,1789162830.9694867,0.8946625505721608,0.4422223866465937,0.05335332578779908,0.03423016184138385,173.7614556826017,-3.737863380877792,52.80918434512191,0.025139373479875923,-0.1340658956956176,-0.18303093332739334,2.3595780954170227,-2.81862738948822,-9.830578388137818
2026-09-11T17:40:31.007,31.241180256000007,-392.0152282714844,-35281.370544433594,-141125.48217773438,-268.5304313659668,-110.11663482666016,-6.342257499694824,-4.344446387290955,-9.718249792615763,1.044094341851821,0.0,-0.06052970886230469,-495.859375,-21.790695190429688,-0.5187988877296448,-186.76759958267212,-1643.9545994210753,1,1789162830.0704336,38.991363068333335,-76.93659134666666,-10.014000000000003,0,1,28.676025000000006,6.959044,73.7881,1,1,1789162831.0014868,0.8935504447286781,0.444336280896241,0.05513872889975126,0.03305439123321189,173.78087293072025,-3.965968173423574,53.09514649187988,0.021929189386682753,-0.10206406212982519,-0.1800923224658105,6.543683453426361,0.45797056255340574,-14.998584956874849
2026-09-11T17:40:31.039,31.274587680000025,-392.22491455078125,-35300.24230957031,-141200.96923828125,-268.6740664672852,-110.26026992797853,-6.34344482421875,-4.345259704589844,-9.720069131598601,-0.02434540594593639,0.0,-0.07077980041503906,-579.828125,-25.480728149414062,-0.19836431741714478,-71.41115427017212,3453.0182666116007,1,1789162830.0704336,38.991363068333335,-76.93659134666666,-10.014000000000003,0,1,28.676025000000006,6.959044,73.7881,1,1,1789162831.0294867,0.8920693210826212,0.447313812266691,0.055827334775957665,0.03171732066937644,173.86888424570813,-4.084552041893775,53.480319994885775,0.04069147884562179,0.04983508426389489,-0.2307833161948834,-4.175181306362152,1.139826948299408,-10.956774092712402
2026-09-11T17:40:31.073,31.308006879999994,-392.43792724609375,-35319.41345214844,-141277.65380859375,-268.81998016357426,-110.40618362426758,-6.370660305023193,-4.3639023089408875,-9.761771449849864,-0.5578411317763756,0.0,-0.07405471801757812,-606.65625,-26.659698486328125,-0.2136230617761612,-76.90430223941803,-164.37101933173216,1,1789162830.0704336,38.991363068333335,-76.93659134666666,-10.014000000000003,0,1,28.676025000000006,6.959044,73.7881,1,1,1789162831.0694866,0.8893801012295237,0.45243290960459415,0.05859453949734617,0.029566497675193603,173.91923366995084,-4.443266404058624,54.16153872929954,0.015791564539119493,0.15877103125759737,-0.26161403383258763,9.179024551391603,0.7930637985801696,-11.72316380285263
2026-09-11T17:40:31.106,31.341429183999992,-392.6526794433594,-35338.741149902344,-141354.96459960938,-268.9670854187012,-110.55328887939454,-6.345681667327881,-4.346791942119599,-9.723496649336958,0.5119445631662461,0.0,-0.07766914367675781,-636.265625,-27.960891723632812,-0.061035171151161194,-21.97266161441803,1643.5623536008384,1,1789162831.07265,38.99136604666667,-76.93656456666666,-10.075000000000003,0,1,28.665316,6.959044,73.7881,1,1,1789162831.1014867,0.8868895458585222,0.45726021502034975,0.058283727799522685,0.030708895782797334,173.79539311137447,-4.318376189705595,54.78337819253613,-0.14446037858879507,0.06432393504932582,-0.38364047381502314,-6.554078502597808,0.5928120022773742,0.29645503438949583
2026-09-11T17:40:31.139,31.374844320000022,-392.8619079589844,-35357.571716308594,-141430.28686523438,-269.11040695190434,-110.69661041259766,-6.373384475708008,-4.365768365859986,-9.765945700295234,-0.5678990425288037,0.0,-0.07745933532714844,-634.546875,-27.885360717773438,-0.0457763709127903,-16.479493528604507,164.39161240608152,1,1789162831.07265,38.99136604666667,-76.93656456666666,-10.075000000000003,0,1,28.665316,6.959044,73.7881,1,1,1789162831.1294868,0.8847014162442104,0.4612374922470445,0.058604848276575396,0.03359838686046578,173.46490572652027,-4.169191057942045,55.30853502248482,-0.2515785651665454,-0.16735159345917708,-0.3843436669706517,1.4752143838310243,2.150892579975128,-11.695018716888429
2026-09-11T17:40:31.173,31.408253024000032,-393.0744934082031,-35376.70440673828,-141506.81762695312,-269.25602798461915,-110.8422314453125,-6.348840236663818,-4.348955562114716,-9.728336529426251,0.5032462122824387,0.0,-0.07662200927734375,-627.6875,-27.58392333984375,0.015258795581758022,5.493166409432888,657.6926760771939,1,1789162831.07265,38.99136604666667,-76.93656456666666,-10.075000000000003,0,1,28.665316,6.959044,73.7881,1,1,1789162831.1694868,0.8814854277501252,0.4673079648251653,0.05837710287336611,0.034623987858902236,173.3450339115138,-4.0459800954918155,56.09476180011227,-0.03916222135502436,-0.05165720800297697,-0.3828854443806104,1.045781173248291,1.4063716996955873,-12.317348736152647
2026-09-11T17:40:31.206,31.44165929600001,-393.2877197265625,-35395.894775390625,-141583.5791015625,-269.40208801269534,-110.98829147338868,-6.324281692504883,-4.332132959365845,-9.690705438810488,0.5035761772184922,0.0,-0.07576370239257812,-620.65625,-27.274932861328125,0.01525880303233862,5.493169091641903,8.029058180733977e-05,1,1789162831.07265,38.99136604666667,-76.93656456666666,-10.075000000000003,0,1,28.665316,6.959044,73.7881,1,1,1789162831.2014866,0.8791578978009155,0.4716477280106807,0.057781677212605353,0.03593172936467443,173.22589535658165,-3.8821345612808416,56.654891428771535,-0.035885714750255406,-0.13270820407049125,-0.26062425761378166,6.738247392635345,1.3143853211784364,-9.287388035678863
2026-09-11T17:40:31.240,31.475072576000002,-393.4999084472656,-35414.991760253906,-141659.96704101562,-269.547437286377,-111.13364074707032,-6.351237773895264,-4.350597875118256,-9.732010278986781,-0.55262206381462,0.0,-0.07669258117675781,-628.265625,-27.609329223632812,0.0,0.0,-164.400773933102,1,1789162831.07265,38.99136604666667,-76.93656456666666,-10.075000000000003,0,1,28.665316,6.959044,73.7881,1,1,1789162831.2294867,0.8771075829826366,0.4755550774104803,0.057515940883889345,0.03495100524606304,173.3224261034959,-3.8791989314419753,57.15821507111789,0.027332728750857196,0.010941818146602852,-0.3357502099366256,2.4306763090896606,-2.2336607073402406,-6.923691147193908
2026-09-11T17:40:31.273,31.508493120000026,-393.71343994140625,-35434.20959472656,-141736.83837890625,-269.6937063598633,-111.27990982055665,-6.403012275695801,-4.386063408851624,-9.811344418512032,-1.0611896004249166,0.0,-0.07751846313476562,-635.03125,-27.906646728515625,-0.1220703199505806,-43.945315182209015,-1314.919206048185,1,1789162831.07265,38.99136604666667,-76.93656456666666,-10.075000000000003,0,1,28.665316,6.959044,73.7881,1,1,1789162831.2694867,0.8744033480279566,0.4807719422219255,0.05607177575941913,0.03366126101088552,173.51018144060663,-3.7665819946356036,57.82012725443634,0.01795943800302165,-0.029704456671392293,-0.37062520451705105,-1.7170463768196105,0.4005035926055908,-5.336680951519012
2026-09-11T17:40:31.308,31.541902368000024,-393.9300842285156,-35453.707580566406,-141814.83032226562,-269.8421076965332,-111.42831115722657,-6.429120063781738,-4.403947243690491,-9.851349417704203,-0.5352959407786938,0.0,-0.08270454406738281,-677.515625,-29.773635864257812,0.030517585575580597,10.986330807209015,1644.204801898598,1,1789162831.07265,38.99136604666667,-76.93656456666666,-10.075000000000003,0,1,28.665316,6.959044,73.7881,1,1,1789162831.3014867,0.8718163477669016,0.4856559787295055,0.05559715185774957,0.03136052926806609,173.74668486220855,-3.8118436199592494,58.44935555420497,0.11553800395522143,-0.08645610622801551,-0.3721314236615222,-2.764690813598633,0.5665301798439026,-6.519755227031708
2026-09-11T17:40:31.339,31.57531052799999,-394.1402587890625,-35472.623291015625,-141890.4931640625,-269.98607727050785,-111.57228073120118,-6.378082275390625,-4.368986358642578,-9.773144145138183,1.046477418928482,0.0,-0.083160400390625,-681.25,-29.937744140625,-0.03051757998764515,-10.986328795552254,-657.703375546104,1,1789162831.07265,38.99136604666667,-76.93656456666666,-10.075000000000003,0,1,28.665316,6.959044,73.7881,1,1,1789162831.3294866,0.8695341078601859,0.4897083176601241,0.05651176801679004,0.0300436175900673,173.8084684461494,-3.9480870666023886,58.988705558359136,0.14107304357652448,0.15749030865248392,-0.3275558890985122,8.554242869586945,2.769986404685974,-10.8881275415802
2026-09-11T17:40:31.373,31.608729728000014,-394.35150146484375,-35491.63513183594,-141966.54052734375,-270.130778503418,-111.71698196411134,-6.275470733642578,-4.298697452545166,-9.61591234016008,2.103249212948178,0.0,-0.08154487609863281,-668.015625,-29.356155395507812,0.0610351599752903,21.972657591104507,986.229065526146,1,1789162831.07265,38.99136604666667,-76.93656456666666,-10.075000000000003,0,1,28.665316,6.959044,73.7881,1,1,1789162831.3694868,0.8659502094753466,0.4958283601881473,0.0575930417627491,0.031104878769253122,173.61276932997896,-3.950812244291506,59.8099669561789,-0.1006180568445479,-0.07998529802624653,-0.349590147306165,2.0209544653320313,-1.5060072653388978,-11.572631722869874
2026-09-11T17:40:31.408,31.64215392,-394.56494140625,-35510.8447265625,-142043.37890625,-270.27698486328126,-111.86318832397461,-6.302589416503906,-4.317273750305176,-9.657466334791454,-0.5557740261909333,0.0,-0.07575607299804688,-620.59375,-27.272186279296875,0.3356934189796448,120.84963083267212,2958.24572936916,1,1789162831.07265,38.99136604666667,-76.93656456666666,-10.075000000000003,0,1,28.665316,6.959044,73.7881,1,1,1789162831.4014866,0.8633038767697888,0.5003970277255848,0.05623376280065951,0.033867313429507793,173.3973068182379,-3.6234763261518452,60.40483828593191,0.0480155785186908,-0.006598042704239363,-0.2835714975531527,-10.94765390806198,1.7710810192108155,-1.7361693446350097
2026-09-11T17:40:31.440,31.675564224000027,-394.77020263671875,-35529.31823730469,-142117.27294921875,-270.41758880615237,-112.0037922668457,-6.2521233558654785,-4.2827044987678535,-9.58013712143846,1.0346883266100537,0.0,-0.06459236145019531,-529.140625,-23.253250122070312,0.18310552835464478,65.91799020767212,-1644.1526729284744,1,1789162831.07265,38.99136604666667,-76.93656456666666,-10.075000000000003,0,1,28.665316,6.959044,73.7881,1,1,1789162831.4294868,0.8614787213337728,0.5033630555320187,0.057828622300532546,0.033703077862717486,173.3076348361051,-3.7674185697384197,60.8159450068996,-0.06439601714743319,0.0821502044304203,-0.22677132784332404,-4.123598326511383,1.8613022006988524,-4.4185823633766175
2026-09-11T17:40:31.473,31.708970880000038,-394.974365234375,-35547.69287109375,-142190.771484375,-270.5574401855469,-112.14364364624025,-6.124200344085693,-4.1950772356987,-9.384120516505671,2.6230480257923614,0.0,-0.05054283142089844,-414.046875,-18.195419311523438,0.4119873642921448,148.31545114517212,2466.498321097233,1,1789162831.07265,38.99136604666667,-76.93656456666666,-10.075000000000003,0,1,28.665316,6.959044,73.7881,1,1,1789162831.4694867,0.8599400634765354,0.5060908054590664,0.05747454792569781,0.03273927608396809,173.4119317629738,-3.7676914801808516,61.172141962128826,-0.04108871578337571,0.03249663440873282,-0.11390734283508312,-2.658092526340485,0.47925099340438837,-8.990638801784515
2026-09-11T17:40:31.508,31.742392575999986,-395.1821594238281,-35566.39434814453,-142265.57739257812,-270.6997792053223,-112.28598266601563,-6.099392890930176,-4.1780841302871705,-9.346108022295915,0.5084453347776234,0.0,-0.03401947021484375,-278.6875,-12.24700927734375,-0.0762939527630806,-27.465822994709015,-5259.495931629394,1,1789162831.07265,38.99136604666667,-76.93656456666666,-10.075000000000003,0,1,28.665316,6.959044,73.7881,1,1,1789162831.5014868,0.8590965281114764,0.5076086898778553,0.057366090779750425,0.031554793232475044,173.52867201050037,-3.81476585172649,61.37031236059075,0.008092044543946509,-0.13202839832683944,-0.16727444990623894,1.2687843979263305,1.4370665147018433,-10.081628632278443
2026-09-11T17:40:31.540,31.775812032000033,-395.384765625,-35584.62890625,-142338.515625,-270.838564453125,-112.42476791381837,-6.074240684509277,-4.160854868888856,-9.307567262188732,0.5155458364819206,0.0,-0.035221099853515625,-288.53125,-12.679595947265625,0.04577639698982239,16.47950291633606,1314.9623354426647,1,1789162831.07265,38.99136604666667,-76.93656456666666,-10.075000000000003,0,1,28.665316,6.959044,73.7881,1,1,1789162831.5294867,0.8584717957660456,0.5088150978424959,0.05532614165620017,0.03274736830938253,173.52662414775065,-3.53551088066876,61.510332516146946,0.07198435966925412,0.03099181152766331,-0.1091111780506027,0.40432818616867067,-1.5424880039405824,0.6028147854423522
2026-09-11T17:40:31.574,31.809217120000028,-395.58740234375,-35602.8662109375,-142411.46484375,-270.97737060546876,-112.56357406616212,-6.099696636199951,-4.178292195796967,-9.346573451585904,-0.5219961374780397,0.0,-0.0365447998046875,-299.375,-13.1561279296875,-0.0915527492761612,-32.95898973941803,-1479.968939335275,1,1789162831.07265,38.99136604666667,-76.93656456666666,-10.075000000000003,0,1,28.665316,6.959044,73.7881,1,1,1789162831.5694866,0.8574926220233933,0.5102023338615025,0.05672461888482334,0.03438457953928383,173.2765173346752,-3.565852543205632,61.7142497208526,0.0037297686115118824,-0.08695911011844026,-0.07886322585013938,3.4518427904319764,2.9457215755844115,-12.455524436931611
2026-09-11T17:40:31.607,31.84262768000002,-395.79119873046875,-35621.20788574219,-142484.83154296875,-271.1169711303711,-112.70317459106447,-6.0743794441223145,-4.1609499192237855,-9.30777988373251,0.5190657257221991,0.0,-0.044811248779296875,-367.09375,-16.132049560546875,-0.4577637016773224,-164.79493260383606,-3945.9363406194243,1,1789162831.07265,38.99136604666667,-76.93656456666666,-10.075000000000003,0,1,28.665316,6.959044,73.7881,1,1,1789162831.6014867,0.8566048766225833,0.5116830195388544,0.05752462178560334,0.033158569788701,173.3433890421983,-3.704942371530478,61.91852750198766,-0.15358914870842622,-0.054208704836467475,-0.18235095305081633,6.690489006347656,-1.2210260116386413,-1.580537806568146
2026-09-11T17:40:31.640,31.876034112000013,-395.99456787109375,-35639.51110839844,-142558.04443359375,-271.2562789916992,-112.84248245239259,-6.101498126983643,-4.1795262169837955,-9.349333878363884,-0.5560694946414536,0.0,-0.056430816650390625,-462.28125,-20.315093994140625,-0.4882812798023224,-175.78126072883606,-328.86864795984405,1,1789162831.07265,38.99136604666667,-76.93656456666666,-10.075000000000003,0,1,28.665316,6.959044,73.7881,1,1,1789162831.6294868,0.8554934893672541,0.5135371079252639,0.057712876346270946,0.03285958517443034,173.35354858716045,-3.7266663791343984,62.16771789208034,-0.24646509952405243,-0.07784796782425427,-0.17453240160065733,-1.3685180300712587,-0.852197899055481,-14.943373516464234
2026-09-11T17:40:31.674,31.90944336000001,-396.1968688964844,-35657.718200683594,-142630.87280273438,-271.3948551940918,-112.98105865478516,-6.075656890869141,-4.161824970245362,-9.309737317120073,0.5298307444224687,0.0,-0.0734100341796875,-601.375,-26.4276123046875,-0.21362310647964478,-76.90431833267212,2959.56803326341,1,1789162831.07265,38.99136604666667,-76.93656456666666,-10.075000000000003,0,1,28.665316,6.959044,73.7881,1,1,1789162831.6694868,0.8532391701172166,0.517145997916825,0.06027496244306894,0.030163957279860865,173.44774017675948,-4.109313480868412,62.67520915786643,-0.008398175294746315,0.15853942606585772,-0.23622141307824734,-0.1847572890472412,0.48493885049819946,-6.909569570960999
2026-09-11T17:40:31.708,31.942865471999994,-396.4029541015625,-35676.265869140625,-142705.0634765625,-271.5360235595703,-113.12222702026368,-6.0242390632629395,-4.126603758335114,-9.2309497099479,1.0538296296256202,0.0,-0.08471298217773438,-693.96875,-30.496673583984375,-0.5035400986671448,-181.27443552017212,-3122.7864112104817,1,1789162831.07265,38.99136604666667,-76.93656456666666,-10.075000000000003,0,1,28.665316,6.959044,73.7881,1,1,1789162831.7014866,0.8504865864334207,0.5217033050057105,0.05978514036401286,0.030396789873300044,173.43301755586316,-4.012649428211827,63.281659403159075,-0.01504177109246273,-0.01058175672191642,-0.38368899396822864,3.401240475597382,-2.6530911347579957,-13.002539382953644
2026-09-11T17:40:31.740,31.976281056000005,-396.6023254394531,-35694.20928955078,-142776.83715820312,-271.6725929260254,-113.25879638671876,-6.051079273223877,-4.144989302158356,-9.272077000175267,-0.5502086638149417,0.0,-0.10400581359863281,-852.015625,-37.44209289550781,-0.6713867783546448,-241.69924020767212,-1808.2821682087176,1,1789162831.07265,38.99136604666667,-76.93656456666666,-10.075000000000003,0,1,28.665316,6.959044,73.7881,1,1,1789162831.7294867,0.8477409279722319,0.5262676381551994,0.058673273037575885,0.030580044185470622,173.46202632818597,-3.8585147042837855,63.88352000509426,-0.026692018382450076,0.021487446553002987,-0.41887971861033985,-2.394195570487976,2.383114055805206,-5.114658391857147
2026-09-11T17:40:31.774,32.00969036800001,-396.80462646484375,-35712.41638183594,-142849.66552734375,-271.811169128418,-113.39737258911134,-6.0787506103515625,-4.16394416809082,-9.314477827690622,-0.5673527767486616,0.0,-0.10514259338378906,-861.328125,-37.85133361816406,-0.015258795581758022,-5.493166409432888,7070.066986061105,1,1789162831.07265,38.99136604666667,-76.93656456666666,-10.075000000000003,0,1,28.665316,6.959044,73.7881,1,1,1789162831.7694867,0.8432822669882881,0.5332999121186499,0.0597288221364884,0.029978154104639686,173.42302502403,-3.9428733103911084,64.84595650530845,-0.030035545630495614,0.028496339763161817,-0.4509501436157357,-6.9584066887664795,-0.6624392184257507,-0.9209425166893005
2026-09-11T17:40:31.809,32.043098176,-397.008056640625,-35730.72509765625,-142922.900390625,-271.95051879882817,-113.5367222595215,-6.0285234451293945,-4.129538559913636,-9.237514674108875,1.0298672746560384,0.0,-0.10521697998046875,-861.9375,-37.87811279296875,-0.0457763746380806,-16.479494869709015,-328.8551125616665,1,1789162831.07265,38.99136604666667,-76.93656456666666,-10.075000000000003,0,1,28.665316,6.959044,73.7881,1,1,1789162831.8014867,0.8397087515251823,0.5390194121460311,0.058706731718848534,0.030013423541103118,173.4573120937621,-3.7979084953776137,65.61097209854479,0.07967183689258836,-0.07166478988321397,-0.4352151277443808,-5.600872106876373,0.16033873014450073,-8.42950227952957
2026-09-11T17:40:31.841,32.07650576000003,-397.2044372558594,-35748.399353027344,-142993.59741210938,-272.0850395202637,-113.67124298095705,-5.97741174697876,-4.094527046680451,-9.15919614951782,1.048010931684024,0.0,-0.1046142578125,-857.0,-37.6611328125,-0.0610351599752903,-21.972657591104507,-164.42861361630943,1,1789162831.07265,38.99136604666667,-76.93656456666666,-10.075000000000003,0,1,28.665316,6.959044,73.7881,1,1,1789162831.8294866,0.8365280897108763,0.5438966849592954,0.05899631221422177,0.030275177292348326,173.3919313211725,-3.7711233587762707,66.2802950283686,-0.1598903109069013,-0.055894692893894,-0.4229372600553763,-2.0623385290145873,-1.1744444233703615,3.5941372842788697
2026-09-11T17:40:31.874,32.109924320000005,-397.4033508300781,-35766.30157470703,-143065.20629882812,-272.22129531860355,-113.80749877929688,-5.951505184173584,-4.076781051158905,-9.11949948809704,0.5310221482182421,0.0,-0.1070404052734375,-876.875,-38.5345458984375,-0.2441406399011612,-87.89063036441803,-1972.4959056694006,1,1789162831.07265,38.99136604666667,-76.93656456666666,-10.075000000000003,0,1,28.665316,6.959044,73.7881,1,1,1789162831.8694868,0.8315772528084248,0.5514111468663172,0.0603813401638256,0.027912604378418127,173.49511582638775,-3.9933594169457756,67.32299799687881,0.14304002964352205,0.055432704240891105,-0.4639490068187391,-6.032266647491455,-2.3795836617469788,-4.99580179189682
2026-09-11T17:40:31.909,32.14333507200001,-397.6034851074219,-35784.31365966797,-143137.25463867188,-272.358387298584,-113.94459075927735,-5.977580547332764,-4.094642674922944,-9.159454802529838,-0.5346070559571304,0.0,-0.11430931091308594,-936.421875,-41.15135192871094,-0.015258817933499813,-5.493174456059933,2466.195789557093,1,1789162831.07265,38.99136604666667,-76.93656456666666,-10.075000000000003,0,1,28.665316,6.959044,73.7881,1,1,1789162831.9014866,0.8271722790607045,0.557799993841634,0.06233235229553889,0.027565657639493077,173.37077936571526,-4.149947850509452,68.22761953266786,-0.09046809457957487,-0.028247630344752625,-0.4945383454208925,-1.094422158050537,3.6570959783172605,-9.542164806880951
2026-09-11T17:40:31.941,32.176738432000036,-397.7992248535156,-35801.930236816406,-143207.72094726562,-272.49246902465825,-114.07867248535158,-5.952417850494385,-4.077406227588654,-9.120897967941682,0.5160093875070788,0.0,-0.12578582763671875,-1030.4375,-45.28289794921875,-0.6103516221046448,-219.72658395767212,-6413.528743858932,1,1789162831.07265,38.99136604666667,-76.93656456666666,-10.075000000000003,0,1,28.665316,6.959044,73.7881,1,1,1789162831.9294868,0.8227520757537806,0.5643493251972059,0.06253485145204737,0.026043297528801492,173.4687523603866,-4.215403995078449,69.13532436301166,0.03394508315496291,0.18443906496790236,-0.6220355199437042,-7.356752818336487,-0.4577744295501709,-2.055866139907837
2026-09-11T17:40:31.975,32.21014371199999,-397.9989929199219,-35819.90936279297,-143279.63745117188,-272.6293101501465,-114.21551361083985,-5.979316234588623,-4.0958316206932075,-9.162114398472626,-0.5515712816829943,0.0,-0.14133262634277344,-1157.796875,-50.87974548339844,-0.07629400491714478,-27.46584177017212,5755.399810681564,1,1789162831.07265,38.99136604666667,-76.93656456666666,-10.075000000000003,0,1,28.665316,6.959044,73.7881,1,1,1789162831.9694867,0.8158823221821331,0.5740066339767128,0.06545655433499326,0.023829813176027934,173.43148418007726,-4.5571104571811185,70.51755531289331,0.02377993652549754,0.2709859283170216,-0.5814370671472138,0.3718681741333008,1.5806358730697632,-10.959127688751222
2026-09-11T17:40:32.009,32.24360640000003,-398.20135498046875,-35838.12194824219,-143352.48779296875,-272.7679281616211,-114.35413162231447,-5.95469856262207,-4.078968515396118,-9.124392706236833,0.503937558664371,0.0,-0.14690399169921875,-1203.4375,-52.88543701171875,-0.2899170219898224,-104.37012791633606,-2298.2100585005464,1,1789162831.07265,38.99136604666667,-76.93656456666666,-10.075000000000003,0,1,28.665316,6.959044,73.7881,1,1,1789162832.0014868,0.8098798760059689,0.5823103423776546,0.06804368002702531,0.019475862213395336,173.6144565359521,-5.021664947716434,71.71319415220663,0.18751433510991636,0.4492254092489149,-0.6659555088396653,0.33685843305587765,-2.1059781222343443,-11.618428779125214
2026-09-11T17:40:32.042,32.277020768,-398.4003601074219,-35856.03240966797,-143424.12963867188,-272.904246673584,-114.49045013427735,-6.007861137390137,-4.115384879112244,-9.205853791858088,-1.0898414632939228,0.0,-0.1519012451171875,-1244.375,-54.6844482421875,-0.12207034230232239,-43.94532322883606,1808.3479743671846,1,1789162831.07265,38.99136604666667,-76.93656456666666,-10.075000000000003,0,1,28.665316,6.959044,73.7881,1,1,1789162832.0414867,0.8016778302123604,0.5932956912607273,0.0708449561683517,0.0171426795735616,173.56718990780215,-5.350507545346148,73.30877318594058,0.18884305426945966,0.2639854126872723,-0.6898916523332163,3.013485528202057,3.806941592788696,-10.892050201644896
2026-09-11T17:40:32.075,32.310427328,-398.6034240722656,-35874.308166503906,-143497.23266601562,-273.043345489502,-114.62954895019533,-6.086634159088135,-4.1693443989753725,-9.32655780014175,-1.6152372427188981,0.0,-0.15584373474121094,-1276.671875,-56.10374450683594,-0.1678467094898224,-60.42481541633606,-493.30108180843763,1,1789162832.069946,38.991373538333335,-76.93654034833334,-10.094000000000001,0,1,28.665316,6.959044,73.7881,1,1,1789162832.0694866,0.7956954737552806,0.6010325304745091,0.07310629528684551,0.016854671346550328,173.38287715772833,-5.513500024446375,74.45049123716298,0.040044136226057105,0.06575493050303596,-0.6332548454413741,11.088379337882996,1.7765727433013916,-6.586244315128327
2026-09-11T17:40:32.108,32.34383801600001,-398.8124694824219,-35893.12225341797,-143572.48901367188,-273.186541595459,-114.77274505615236,-6.218230724334717,-4.259488046169281,-9.528203396047951,-2.698048217202199,0.0,-0.16361236572265625,-1340.3125,-58.90045166015625,-0.030517637729644775,-10.98634958267212,1479.7200774093203,1,1789162832.069946,38.991373538333335,-76.93654034833334,-10.094000000000001,0,1,28.665316,6.959044,73.7881,1,1,1789162832.1014867,0.7887045483787133,0.6096805948102002,0.07716133438094872,0.016758166819851945,173.04181378736294,-5.812925515720689,75.76284290986167,-0.04215633368682063,0.0410307708522095,-0.7091895833395923,1.4012722416114807,1.2976159494018553,-7.6810587391853336
2026-09-11T17:40:32.142,32.37725222400002,-399.02423095703125,-35912.18078613281,-143648.72314453125,-273.3315982055664,-114.91780166625978,-6.323349475860596,-4.331494390964508,-9.689277001978578,-2.154961889122262,0.0,-0.16282081604003906,-1333.828125,-58.61549377441406,0.0610351637005806,21.972658932209015,986.3770679487802,1,1789162832.069946,38.991373538333335,-76.93654034833334,-10.094000000000001,0,1,28.665316,6.959044,73.7881,1,1,1789162832.1414866,0.779764068993529,0.620692289119723,0.07989333702861501,0.018059170313316414,172.6452638385024,-5.864576276473363,77.41683420530829,-0.031239299215596105,0.0037201693006259137,-0.7025650116307226,6.186819454040528,2.058121669445038,-14.247885886993407
2026-09-11T17:40:32.175,32.410672000000034,-399.2416076660156,-35931.744689941406,-143726.97875976562,-273.48050125122074,-115.06670471191407,-6.453790187835693,-4.42084627866745,-9.889151482344857,-2.6736231775729955,0.0,-0.1613292694091797,-1321.609375,-58.07853698730469,0.1220703274011612,43.94531786441803,657.4747518414885,1,1789162832.069946,38.991373538333335,-76.93654034833334,-10.094000000000001,0,1,28.665316,6.959044,73.7881,1,1,1789162832.1694868,0.7735099232630719,0.6285842782629704,0.07882983550391949,0.018709910972598016,172.60715109154108,-5.648759020038996,78.562536390893,-0.0024404938930636714,0.052128446901015445,-0.7035409997484379,7.849929254970551,2.5705191403961183,-4.492524505596161
2026-09-11T17:40:32.209,32.444090528000004,-399.46038818359375,-35951.43493652344,-143805.73974609375,-273.6303659057617,-115.21656936645509,-6.505654335021973,-4.456373219490052,-9.968622985616605,-1.06309113383551,0.0,-0.15748214721679688,-1290.09375,-56.693572998046875,0.1983642876148224,71.41114354133606,821.8741913749933,1,1789162832.069946,38.991373538333335,-76.93654034833334,-10.094000000000001,0,1,28.665316,6.959044,73.7881,1,1,1789162832.2014866,0.7664807628128976,0.6374774266729979,0.07648983864341444,0.016705547115732078,172.89426090971176,-5.506412814552955,79.8423353831883,0.19296639462729626,0.05501749041184165,-0.70411172241384,-0.5118090719413757,-1.4609947410964965,-11.99549447784424
2026-09-11T17:40:32.242,32.47749190400003,-399.6751403808594,-35970.762634277344,-143883.05053710938,-273.7774711608887,-115.36367462158204,-6.558663845062256,-4.492684733867645,-10.049849529947299,-1.0871263021488087,0.0,-0.1450824737548828,-1188.515625,-52.22969055175781,0.5187988877296448,186.76759958267212,3453.6438271655707,1,1789162832.069946,38.991373538333335,-76.93654034833334,-10.094000000000001,0,1,28.665316,6.959044,73.7881,1,1,1789162832.2414868,0.7580599777250953,0.6478035455366984,0.07390769429579486,0.0152738104410902,173.14127469409388,-5.29387100260474,81.34884691465837,0.10001766358186186,0.041783531358594646,-0.5969394306292778,6.3410780610847475,5.206840903377533,-10.192345712604524
2026-09-11T17:40:32.275,32.51089750400001,-399.8976135253906,-35990.785217285156,-143963.14086914062,-273.9298652648926,-115.51606872558595,-6.6114935874938965,-4.528873107433319,-10.130800616126777,-1.083302606919042,0.0,-0.13362503051757812,-1094.65625,-48.105010986328125,0.061035215854644775,21.97267770767212,-4933.152581456289,1,1789162832.069946,38.991373538333335,-76.93654034833334,-10.094000000000001,0,1,28.665316,6.959044,73.7881,1,1,1789162832.2694867,0.7525643172373638,0.6545739374136147,0.07065117252532502,0.013722998968684482,173.47757077653824,-5.070052290374032,82.32201011770427,0.2522995606805443,-0.13349796555701868,-0.6075986799699827,-4.260303029766082,-1.3059516020393374,-6.128567952079774
2026-09-11T17:40:32.310,32.54430719999999,-400.11871337890625,-36010.68420410156,-144042.73681640625,-274.0813186645508,-115.66752212524415,-6.560206890106201,-4.493741719722748,-10.052213939966766,1.0515326960949833,0.0,-0.12619400024414062,-1033.78125,-45.429840087890625,0.4882813096046448,175.78127145767212,4603.711262446079,1,1789162832.069946,38.991373538333335,-76.93654034833334,-10.094000000000001,0,1,28.665316,6.959044,73.7881,1,1,1789162832.3014867,0.7468482364637224,0.6613996724697182,0.06813183334235648,0.01123557890749723,173.83953754079192,-4.9856283987624535,83.32387312957916,0.2936076643508957,-0.0025399776604273475,-0.5312436667878845,2.5821890540885923,-2.7203647548675534,0.8742628619194031
2026-09-11T17:40:32.343,32.57773001600003,-400.3403625488281,-36030.63262939453,-144122.53051757812,-274.2331483459473,-115.81935180664064,-6.613009452819824,-4.52991147518158,-10.13312337862736,-1.0821875529215597,0.0,-0.10516929626464844,-861.546875,-37.86094665527344,0.18310552835464478,65.91799020767212,-3287.074352139155,1,1789162832.069946,38.991373538333335,-76.93654034833334,-10.094000000000001,0,1,28.665316,6.959044,73.7881,1,1,1789162832.3414867,0.7404765868728617,0.6682737843969107,0.07068550465300273,0.010398692845684404,173.6656547676652,-5.2086871667694234,84.42037904552654,-0.11123088042714982,0.00022811453323565888,-0.48130211743961787,-1.4561894825172426,-3.5820751045799253,2.0171298717689514
2026-09-11T17:40:32.376,32.61120243200003,-400.5568542480469,-36050.11688232422,-144200.46752929688,-274.3814451599121,-115.96764862060547,-6.537052631378174,-4.477881052494049,-10.01673463782669,1.5544268656178934,0.0,-0.10789108276367188,-883.84375,-38.840789794921875,0.0,0.0,-1969.322746457317,1,1789162832.069946,38.991373538333335,-76.93654034833334,-10.094000000000001,0,1,28.665316,6.959044,73.7881,1,1,1789162832.3694868,0.7359251542245919,0.673031670913134,0.07289624645780582,0.01134348181770355,173.3786014912834,-5.280017805885183,85.19386607877898,-0.3159609687458131,0.005634097358362895,-0.41559535802393693,1.321348042793274,4.886359576091766,-12.352456543731689
2026-09-11T17:40:32.410,32.64460896000003,-400.7785339355469,-36070.06805419922,-144280.27221679688,-274.5332957458496,-116.11949920654298,-6.537895679473877,-4.478458540439606,-10.018026441570331,-0.017286679584201884,0.0,-0.10304832458496094,-844.171875,-37.09739685058594,0.0762939527630806,27.465822994709015,822.1693375231529,1,1789162832.069946,38.991373538333335,-76.93654034833334,-10.094000000000001,0,1,28.665316,6.959044,73.7881,1,1,1789162832.4014866,0.7310431631057744,0.6781004021006362,0.07509684402744704,0.010779720050966158,173.21502180449224,-5.46159963640927,86.02072338410233,-0.1718650149048344,0.06509921030306169,-0.4312406639717393,-7.87895693944931,-1.1067785372543335,-6.4934734045982365
2026-09-11T17:40:32.442,32.678013088,-400.9896545410156,-36089.068908691406,-144356.27563476562,-274.6779133605957,-116.26411682128906,-6.435035705566406,-4.407999458312989,-9.860413963656459,2.1092926636694527,0.0,-0.10140800476074219,-830.734375,-36.50688171386719,0.015258795581758022,5.493166409432888,-657.7826724078619,1,1789162832.069946,38.991373538333335,-76.93654034833334,-10.094000000000001,0,1,28.665316,6.959044,73.7881,1,1,1789162832.4414866,0.7256705990280191,0.6836810423023219,0.07659641174660885,0.010742616546754897,173.05652010092564,-5.536421485687007,86.92306469048293,0.03208892549546694,0.1401366744328295,-0.34640666675052734,-0.5744735664749145,-1.1309028966522217,-0.12699611959457396
2026-09-11T17:40:32.476,32.711418847999994,-401.20306396484375,-36108.27575683594,-144433.10302734375,-274.824098815918,-116.41030227661133,-6.356947898864746,-4.354509310722351,-9.740759911243616,1.601225285419268,0.0,-0.09397697448730469,-769.859375,-33.83171081542969,0.3967285454273224,142.82227635383606,4110.941045628925,1,1789162832.069946,38.991373538333335,-76.93654034833334,-10.094000000000001,0,1,28.665316,6.959044,73.7881,1,1,1789162832.4694867,0.7225351952634221,0.6867479163595878,0.07922394224685764,0.006614979688530528,173.16353577476104,-6.050127833706534,87.4524026189834,0.08914880019799236,0.24050410199679104,-0.31685806798133814,3.2219749106407165,-2.8544216625785825,-13.477867716293336
2026-09-11T17:40:32.511,32.74482879999999,-401.4169006347656,-36127.521057128906,-144510.08422851562,-274.97057693481446,-116.55678039550781,-6.331328868865967,-4.336960275173188,-9.70150383673314,0.5252637163071554,0.0,-0.08255195617675781,-676.265625,-29.718704223632812,0.22888189554214478,82.39748239517212,-1808.5866737750719,1,1789162832.069946,38.991373538333335,-76.93654034833334,-10.094000000000001,0,1,28.665316,6.959044,73.7881,1,1,1789162832.5014868,0.719179054137649,0.690333780178213,0.07856998907419628,0.006893246797840978,173.16369103020054,-5.940435112147357,88.01037692589665,0.0074176493209759005,-0.012445244764270768,-0.26675664647358893,-2.231699377307892,-2.2954426033592226,-11.479076280326842
2026-09-11T17:40:32.543,32.778251168,-401.6291809082031,-36146.62628173828,-144586.50512695312,-275.1159889221192,-116.70219238281251,-6.384433746337891,-4.373337116241456,-9.782876512709043,-1.0883980772476727,0.0,-0.06910896301269531,-566.140625,-24.879226684570312,0.19836431741714478,71.41115427017212,-328.711841273449,1,1789162832.069946,38.991373538333335,-76.93654034833334,-10.094000000000001,0,1,28.665316,6.959044,73.7881,1,1,1789162832.5414867,0.7160071865301235,0.6936275715922736,0.0784176053868194,0.00807340879796703,173.0521317817577,-5.802243904459043,88.53340783503435,-0.20094970515884353,-0.03175713840466282,-0.1902175010554052,6.531032874717712,-1.8834652300643921,0.4252163510131836
2026-09-11T17:40:32.576,32.811658367999996,-401.8438720703125,-36165.948486328125,-144663.7939453125,-275.2630523681641,-116.84925582885744,-6.437066555023193,-4.409390590190887,-9.863525837041164,-1.0792126831770534,0.0,-0.06282234191894531,-514.640625,-22.616043090820312,0.16784673929214478,60.42482614517212,-328.8610875799308,1,1789162832.069946,38.991373538333335,-76.93654034833334,-10.094000000000001,0,1,28.665316,6.959044,73.7881,1,1,1789162832.5694866,0.7143454172880795,0.6952013295315638,0.07928406237570906,0.010944115782940791,172.7336493561958,-5.627219169053921,88.80133594235122,-0.22387966633861983,-0.06880838402940004,-0.17320926749472046,2.6941809989356993,1.8803271020126342,-12.579186295471192
2026-09-11T17:40:32.609,32.84506659200002,-402.06390380859375,-36185.75134277344,-144743.00537109375,-275.41377410888674,-116.99997756958008,-6.542004108428955,-4.481272814273835,-10.024321792845896,-2.1516326064770475,0.0,-0.060394287109375,-494.75,-21.741943359375,0.0,0.0,-1808.6811841636104,1,1789162832.069946,38.991373538333335,-76.93654034833334,-10.094000000000001,0,1,28.665316,6.959044,73.7881,1,1,1789162832.6014867,0.7126093744747554,0.6967079353586717,0.08137007564685592,0.012839120226070358,172.3963878719397,-5.628614628800414,89.08143934441824,-0.17506245809448806,-0.04294574610749767,-0.16606528580045726,-1.512675787448883,2.073812309703827,-13.979575938568114
2026-09-11T17:40:32.643,32.87847190400004,-402.28326416015625,-36205.49377441406,-144821.97509765625,-275.56403594970703,-117.1502394104004,-6.594875812530518,-4.5174899315834045,-10.105337176949265,-1.0841724007713245,0.0,-0.059848785400390625,-490.28125,-21.545562744140625,-0.01525880303233862,-5.493169091641903,-164.43998761752866,1,1789162832.069946,38.991373538333335,-76.93654034833334,-10.094000000000001,0,1,28.665316,6.959044,73.7881,1,1,1789162832.6414866,0.7100679321614407,0.6986150816374447,0.08688283265431541,0.013851816294067232,171.84587664922523,-5.971355672140299,89.49438316272749,-0.2912050441026003,0.2758601093190661,-0.21530905251377647,-3.893436247215271,1.1852317385482787,-8.191102614097595
2026-09-11T17:40:32.676,32.911878016,-402.50244140625,-36225.2197265625,-144900.87890625,-275.71417236328125,-117.30037582397462,-6.518488883972168,-4.465164885520935,-9.98828938242871,1.5663315162962501,0.0,-0.0598907470703125,-490.625,-21.5606689453125,0.0762939453125,27.4658203125,986.6155452084766,1,1789162832.069946,38.991373538333335,-76.93654034833334,-10.094000000000001,0,1,28.665316,6.959044,73.7881,1,1,1789162832.6694868,0.70832485204275,0.7002740925439597,0.08756034264820597,0.015009519835052854,171.68209360102415,-5.913147040641589,89.77542180434949,-0.0050167744019325,-0.06207368204472953,-0.19780846157110413,-4.5715661058998105,1.2563299522209168,-12.557219399108888
2026-09-11T17:40:32.710,32.945301312000026,-402.7142333984375,-36244.281005859375,-144977.1240234375,-275.8592498779297,-117.44545333862305,-6.311525344848633,-4.323394861221314,-9.671158869947453,4.241653016492482,0.0,-0.06158256530761719,-504.484375,-22.169723510742188,-0.04577639698982239,-16.47950291633606,-1314.811179268647,1,1789162832.069946,38.991373538333335,-76.93654034833334,-10.094000000000001,0,1,28.665316,6.959044,73.7881,1,1,1789162832.7014866,0.706367966378333,0.7020958033241916,0.0886247851924936,0.015856433353068827,171.51031340037582,-5.908375877350449,90.09134142737344,0.22966281481510303,-0.014079745608763456,-0.10848390671743595,16.378870967140198,4.912347199020386,2.2125764094924927
2026-09-11T17:40:32.744,32.97870761600001,-402.9300537109375,-36263.704833984375,-145054.8193359375,-276.0070867919922,-117.59329025268556,-6.338825225830078,-4.342095279693604,-9.712990514704723,-0.5597871130041737,0.0,-0.06072425842285156,-497.453125,-21.860733032226562,-0.04577639698982239,-16.47950291633606,0.0,1,1789162832.069946,38.991373538333335,-76.93654034833334,-10.094000000000001,0,1,28.665316,6.959044,73.7881,1,1,1789162832.7414868,0.7036397648295254,0.704520102117247,0.09114236189245967,0.015348515629129408,171.32188592578487,-6.121437743039627,90.53654864545912,-0.21946119080427098,-0.17601174267464775,-0.2607616150259136,-3.935702909412384,0.24683338457107545,-1.4821771054458617
2026-09-11T17:40:32.776,33.01211068800001,-403.1424560546875,-36282.821044921875,-145131.2841796875,-276.15258239746095,-117.7387858581543,-6.442438125610352,-4.413070116043091,-9.871756701957512,-2.1247996696079285,0.0,-0.05936622619628906,-486.328125,-21.371841430664062,-0.01525880303233862,-5.493169091641903,328.90189934310786,1,1789162832.069946,38.991373538333335,-76.93654034833334,-10.094000000000001,0,1,28.665316,6.959044,73.7881,1,1,1789162832.7694867,0.7020032082337209,0.706111508517968,0.09093407630260511,0.018139099620286415,171.10093213067162,-5.85755181980739,90.79053355097956,-0.3223787189383214,-0.14751924263584032,-0.17066108678680872,0.2835102561759949,1.3493950622558595,-10.095554075508119
2026-09-11T17:40:32.811,33.04551814400003,-403.3598327636719,-36302.38494873047,-145209.53979492188,-276.30148544311527,-117.88768890380861,-6.495919704437256,-4.449704997539521,-9.953706597931989,-1.0966079397487662,0.0,-0.0582733154296875,-477.375,-20.9783935546875,-0.015258795581758022,-5.493166409432888,8.028773621346511e-05,1,1789162832.069946,38.991373538333335,-76.93654034833334,-10.094000000000001,0,1,28.665316,6.959044,73.7881,1,1,1789162832.8014867,0.7001037245860953,0.7079597643601394,0.091577575932422,0.01616460497983842,171.1903442522157,-6.046745629094325,91.10555106419571,-0.1577072530785068,0.12045651632026665,-0.16932137205297787,6.619194659671783,7.716166546764374,-9.763010568523407
2026-09-11T17:40:32.843,33.078927392000026,-403.578125,-36322.03125,-145288.125,-276.451015625,-118.03721908569337,-6.575009822845459,-4.50388172864914,-10.074896493935968,-1.6216088165056013,0.0,-0.05937957763671875,-486.4375,-21.37664794921875,-0.04577639698982239,-16.47950291633606,-328.84117915206565,1,1789162832.069946,38.991373538333335,-76.93654034833334,-10.094000000000001,0,1,28.665316,6.959044,73.7881,1,1,1789162832.8414867,0.6976297095464529,0.7105597493802344,0.09005041862033203,0.017565677474362874,171.18411401503639,-5.778373462458767,91.49795682094278,0.09971013656766045,-0.10844132068368728,-0.2053601521786332,-2.030663048992157,-0.5310301062583923,-2.2031620253372193
2026-09-11T17:40:32.877,33.11235056000004,-403.8039855957031,-36342.35870361328,-145369.43481445312,-276.6057301330567,-118.19193359375001,-6.757589817047119,-4.628949024677277,-10.354664067370418,-3.7419342184465605,0.0,-0.06622886657714844,-542.546875,-23.842391967773438,-0.2593994140625,-93.3837890625,-2300.9274927539495,1,1789162832.069946,38.991373538333335,-76.93654034833334,-10.094000000000001,0,1,28.665316,6.959044,73.7881,1,1,1789162832.8694868,0.6957493810514396,0.7125071078978789,0.08951050061364509,0.015946480534400762,171.34260708222035,-5.844547643321902,91.8063118832111,-0.2148449694656712,-0.06098075686713068,-0.17811172283064733,8.27455720697403,4.595396265792846,-10.017787339725494
2026-09-11T17:40:32.912,33.14582927999999,-404.03338623046875,-36363.00476074219,-145452.01904296875,-276.7628695678711,-118.34907302856446,-6.810408592224121,-4.665129885673523,-10.435598348410696,-1.0807121955768493,0.0,-0.08508110046386719,-696.984375,-30.629196166992188,-0.3662109375,-131.8359375,-1148.554916005136,1,1789162832.069946,38.991373538333335,-76.93654034833334,-10.094000000000001,0,1,28.665316,6.959044,73.7881,1,1,1789162832.9094868,0.6909348841388445,0.7168193116599759,0.09246286070512874,0.01515518728303174,171.1196664991411,-6.0873520382974995,92.57989341004422,-0.29382949569882416,0.08878542264772715,-0.42652303900359867,-5.214097824497223,4.181555628967285,-13.900730471267702
2026-09-11T17:40:32.944,33.17924137599999,-404.2651062011719,-36383.85955810547,-145535.43823242188,-276.92159774780276,-118.5078012084961,-6.9680962562561035,-4.773145935535431,-10.677223370471156,-3.232842676553035,0.0,-0.11070060729980469,-906.859375,-39.85221862792969,-0.640869140625,-230.712890625,-2959.316084958606,1,1789162832.069946,38.991373538333335,-76.93654034833334,-10.094000000000001,0,1,28.665316,6.959044,73.7881,1,1,1789162832.9414866,0.6860823145765464,0.7211400739379549,0.09540915562379766,0.012047589352382081,171.07501113020788,-6.519483335580555,93.36354578822174,-0.13643849628077873,0.11167454312300679,-0.4241139610370709,4.97324649652481,1.2344611223602293,-16.653457171669007
2026-09-11T17:40:32.977,33.21264630400003,-404.49908447265625,-36404.91760253906,-145619.67041015625,-277.08187286376955,-118.6680763244629,-7.022419452667236,-4.8103573250770575,-10.760462878214595,-1.1139491018086805,0.0,-0.11435508728027344,-936.796875,-41.16783142089844,-0.5187988877296448,-186.76759958267212,1315.5331764905204,1,1789162832.069946,38.991373538333335,-76.93654034833334,-10.094000000000001,0,1,28.665316,6.959044,73.7881,1,1,1789162832.9694867,0.6803449511961527,0.7263081483990991,0.09747828743179482,0.010256921094618633,170.98781246478865,-6.761594275341365,94.27650124954786,0.13732163288228785,0.21983853098855216,-0.5700969648653058,8.685651981754303,-0.015102241249084472,-3.62277270275116
2026-09-11T17:40:33.011,33.24605231999999,-404.7398376464844,-36426.585388183594,-145706.34155273438,-277.2467887878418,-118.83299224853516,-7.101815700531006,-4.864743754863739,-10.88212185679969,-1.628042978448855,0.0,-0.12365341186523438,-1012.96875,-44.515228271484375,-0.213623046875,-76.904296875,3288.728075440364,1,1789162832.069946,38.991373538333335,-76.93654034833334,-10.094000000000001,0,1,28.665316,6.959044,73.7881,1,1,1789162833.0014868,0.6733381258324364,0.7327583117000579,0.09815713700000667,0.006797160503095768,171.13189967680495,-7.020504182869175,95.38471509219673,-0.008057661557682222,0.0736544652304875,-0.6390858159393621,11.098774387054444,1.6330033849334717,-16.15390641242981
2026-09-11T17:40:33.044,33.27947331199999,-404.9764099121094,-36447.876892089844,-145791.50756835938,-277.40884078979497,-118.99504425048829,-7.10191535949707,-4.864812021255494,-10.882274564368934,-0.0020426201518675786,0.0,-0.12488937377929688,-1023.09375,-44.960174560546875,0.0762939527630806,27.465822994709015,3122.8911418816697,1,1789162832.069946,38.991373538333335,-76.93654034833334,-10.094000000000001,0,1,28.665316,6.959044,73.7881,1,1,1789162833.0414867,0.663713496650712,0.7412594964032919,0.0999004665445547,0.006216923660743043,170.93464568581467,-7.088013164889108,96.88096881899077,-0.05397692511180263,0.03464984710691822,-0.6648657252547199,1.1776806179237367,1.3226229073143005,-3.5708955233955386
2026-09-11T17:40:33.077,33.31289273600004,-405.21466064453125,-36469.31945800781,-145877.27783203125,-277.57204254150395,-119.15824600219727,-7.128695487976074,-4.883156409263611,-10.92330979165982,-0.5489139492078859,0.0,-0.1212615966796875,-993.375,-43.6541748046875,0.1831054985523224,65.91797947883606,1150.59303487924,1,1789162833.0687323,38.99138901333333,-76.936521275,-10.136000000000003,0,1,17.015625,6.937956,72.777961,1,1,1789162833.0694866,0.6568634461112556,0.7474851120550511,0.09865937534376597,0.007921368295398402,170.85080208909264,-6.763377934861196,97.9260539250932,-0.07584014105276,-0.16732349365822,-0.7115024936643352,-6.007651955585479,0.4175671638870239,-13.078835121212006
2026-09-11T17:40:33.111,33.346301503999996,-405.4527893066406,-36490.751037597656,-145963.00415039062,-277.73516067504886,-119.3213641357422,-7.130412578582764,-4.884332616329194,-10.925940891931791,-0.03520653816339437,0.0,-0.11396026611328125,-933.5625,-41.02569580078125,0.4577637314796448,164.79494333267212,2959.6111970953007,1,1789162833.0687323,38.99138901333333,-76.936521275,-10.136000000000003,0,1,17.015625,6.937956,72.777961,1,1,1789162833.1014867,0.6497281195215544,0.7542199789766668,0.09459321787684005,0.007597180208863262,171.16920469069032,-6.399476765333991,99.00768177372719,0.008454200363735332,-0.09176853940523585,-0.6202362600178233,-0.6530248342704773,-1.4413814407730103,-3.9944447438812256
2026-09-11T17:40:33.144,33.3797088,-405.6876525878906,-36511.888732910156,-146047.55493164062,-277.8960420227051,-119.48224548339844,-7.0793585777282715,-4.849360625743866,-10.847710776986089,1.0468369120721328,0.0,-0.10469627380371094,-857.671875,-37.69065856933594,0.2899170517921448,104.37013864517212,-1808.7307840624721,1,1789162833.0687323,38.99138901333333,-76.936521275,-10.136000000000003,0,1,17.015625,6.937956,72.777961,1,1,1789162833.1414866,0.6414273268272174,0.7613110415004688,0.09437772951345598,0.008326263306345278,171.06591832685808,-6.222811668341798,100.25633931619717,0.20808810179950035,0.00048066367599923835,-0.5078436884405461,-5.990980650310516,-3.098313052101135,-13.793641851501466
2026-09-11T17:40:33.178,33.41312809600004,-405.9205017089844,-36532.845153808594,-146131.38061523438,-278.05554367065434,-119.64174713134767,-6.924867630004883,-4.743534326553345,-10.610984087673003,3.166622635929105,0.0,-0.09621620178222656,-788.203125,-34.63783264160156,0.5187988877296448,186.76759958267212,2465.56543074447,1,1789162833.0687323,38.99138901333333,-76.936521275,-10.136000000000003,0,1,17.015625,6.937956,72.777961,1,1,1789162833.1694868,0.6369332754222082,0.7651786935597535,0.09340784762298054,0.009619957617809738,171.02215574413614,-5.9849461350702775,100.92242226381228,0.009878912632138304,-0.14132262565955964,-0.43969521340132506,-3.1760797878837583,-0.8472945739746094,-9.38565067029953
2026-09-11T17:40:33.212,33.446539008,-406.15252685546875,-36553.72741699219,-146214.90966796875,-278.21448089599613,-119.80068435668946,-6.821928977966309,-4.6730213499069215,-10.453251051151835,2.1104774585769017,0.0,-0.07510566711425781,-615.265625,-27.038040161132812,0.9613037705421448,346.0693573951721,4767.955984340254,1,1789162833.0687323,38.99138901333333,-76.936521275,-10.136000000000003,0,1,17.015625,6.937956,72.777961,1,1,1789162833.2094867,0.6317343035278656,0.7693389727378568,0.09391386774366803,0.014474122365339423,170.5868553878973,-5.531110013659403,101.67421915220254,-0.1211188687713985,-0.3500114697875964,-0.3636065374630811,-7.250546797084808,3.1924568936538695,2.0490014847946165
2026-09-11T17:40:33.244,33.47994310400003,-406.3757019042969,-36573.81317138672,-146295.25268554688,-278.3673558044434,-119.95355926513673,-6.796861171722412,-4.6558499026298525,-10.41483961755066,0.5140521472892222,0.0,-0.06111335754394531,-500.640625,-22.000808715820312,0.2593994736671448,93.38381052017212,-7564.507863790084,1,1789162833.0687323,38.99138901333333,-76.936521275,-10.136000000000003,0,1,17.015625,6.937956,72.777961,1,1,1789162833.2414868,0.6288418822167613,0.7720810276870413,0.09090179242531791,0.01362490329019873,170.89798745555393,-5.3527141240322855,102.10235539826084,0.09085643033814361,0.0395514297782191,-0.22938827452376434,2.3354537360191343,-3.1449927068710326,-10.974033796997071
2026-09-11T17:40:33.278,33.513350463999984,-406.5936584472656,-36593.429260253906,-146373.71704101562,-278.51665603637696,-120.10285949707033,-6.5638017654418945,-4.496204209327698,-10.057722372332885,4.778758133009219,0.0,-0.056354522705078125,-461.65625,-20.287628173828125,0.10681158304214478,38.45216989517212,-1644.2975627248913,1,1789162833.0687323,38.99138901333333,-76.936521275,-10.136000000000003,0,1,17.015625,6.937956,72.777961,1,1,1789162833.2694867,0.6274546243317741,0.7733458018566186,0.08988745164600861,0.0125383887323079,171.05755047201936,-5.359672944302847,102.3110708752043,0.23569938509897584,0.11367992643354825,-0.18515046117101527,0.5069057468605042,-4.97864015411377,-11.906548160877227
2026-09-11T17:40:33.312,33.54677014399999,-406.8102111816406,-36612.919006347656,-146451.67602539062,-278.6649946594238,-120.2511981201172,-6.407149314880371,-4.388897280693055,-9.81768360928116,3.210890368627577,0.0,-0.056133270263671875,-459.84375,-20.207977294921875,-0.0762939527630806,-27.465822994709015,-1972.4304029800448,1,1789162833.0687323,38.99138901333333,-76.936521275,-10.136000000000003,0,1,17.015625,6.937956,72.777961,1,1,1789162833.3094866,0.6246164196883159,0.7756869486948326,0.08979759498320602,0.010023862303615379,171.22552324959742,-5.544990846942393,102.74073341945817,0.20024214868008502,0.1550712823092198,-0.2010566938419908,1.1802303469657898,-1.3694006285858153,-8.289463315219878
2026-09-11T17:40:33.345,33.580188064000026,-407.0213317871094,-36631.919860839844,-146527.67944335938,-278.8096122741699,-120.39581573486329,-6.3556132316589355,-4.353595063686371,-9.73871479886893,1.05638582552858,0.0,-0.062099456787109375,-508.71875,-22.355804443359375,-0.3814697563648224,-137.32911229133606,-3287.556176342419,1,1789162833.0687323,38.99138901333333,-76.936521275,-10.136000000000003,0,1,17.015625,6.937956,72.777961,1,1,1789162833.3414867,0.6223753926969405,0.7775195257767039,0.08942378708883626,0.010753785565513325,171.19165211318983,-5.4275940892461145,103.06639872636339,0.13304906687340573,-0.11177018716601606,-0.26102393801248835,-0.9312394993591309,2.5190342270469666,-9.211092297420501
2026-09-11T17:40:33.378,33.61359523200002,-407.2315979003906,-36650.843811035156,-146603.37524414062,-278.9536445617676,-120.53984802246094,-6.304718971252441,-4.3187324953079225,-9.66072945442895,1.0435655120018645,0.0,-0.07362937927246094,-603.171875,-26.506576538085938,-0.3509522080421448,-126.34279489517212,328.86108143513025,1,1789162833.0687323,38.99138901333333,-76.936521275,-10.136000000000003,0,1,17.015625,6.937956,72.777961,1,1,1789162833.3694868,0.6196896202442885,0.779991642870274,0.08647594254625153,0.010941799429613527,171.4270532508394,-5.169789430584235,103.4547069696431,0.160912201183944,-0.11525334075422115,-0.28128790875984333,-3.287385267219544,2.2847533546829224,2.2389562984275817
2026-09-11T17:40:33.412,33.64700438400001,-407.4487609863281,-36670.38848876953,-146681.55395507812,-279.1024012756348,-120.68860473632813,-6.383841037750244,-4.372931110858918,-9.781968304534075,-1.6222685194467499,0.0,-0.08680915832519531,-711.140625,-31.251296997070312,-0.6408692002296448,-230.71291208267212,-3123.997795200869,1,1789162833.0687323,38.99138901333333,-76.936521275,-10.136000000000003,0,1,17.015625,6.937956,72.777961,1,1,1789162833.4094868,0.6147617480316345,0.7836807723504748,0.08826731077584282,0.011014629074693224,171.22665669696778,-5.236260729787269,104.17683497211853,-0.09962478996723792,-0.06672323917204243,-0.3195361011855983,10.218137202529908,-1.171600494823456,-8.304565556468964
2026-09-11T17:40:33.445,33.6804128,-407.6585693359375,-36689.271240234375,-146757.0849609375,-279.2461199951172,-120.83232345581055,-6.358804702758789,-4.355781221389771,-9.74360509437582,0.5133403951014681,0.0,-0.10774803161621094,-882.671875,-38.78929138183594,-0.15258795022964478,-54.93166208267212,5261.585883032379,1,1789162833.0687323,38.99138901333333,-76.936521275,-10.136000000000003,0,1,17.015625,6.937956,72.777961,1,1,1789162833.4414866,0.609342576908143,0.7876143366283699,0.09084246789317885,0.010626698992318242,170.98216979260482,-5.3919758446201,104.97042557243762,-0.020671505127695642,0.0661779983137194,-0.4231412890449344,3.0164275232505795,0.05060231483459472,-4.819870487995147
2026-09-11T17:40:33.478,33.71383228799999,-407.8744201660156,-36708.697814941406,-146834.79125976562,-279.3939778137207,-120.98018127441408,-6.438143730163574,-4.410128455162049,-9.865176393973792,-1.6262138358400264,0.0,-0.10566329956054688,-865.59375,-38.038787841796875,-0.1068115308880806,-38.452151119709015,493.1108149522426,1,1789162833.0687323,38.99138901333333,-76.936521275,-10.136000000000003,0,1,17.015625,6.937956,72.777961,1,1,1789162833.4694867,0.6045125728343026,0.791168140346522,0.09241927891284078,0.008729253754389649,170.93531255033793,-5.619673191181355,105.68067256864141,0.0028904397742278093,0.004674515335616413,-0.45410273184361305,-3.898927971305847,-5.078471852760315,-16.414371040725708
2026-09-11T17:40:33.513,33.747255231999986,-408.08984375,-36728.0859375,-146912.34375,-279.54154296875004,-121.12774642944336,-6.335841178894043,-4.34005120754242,-9.70841805552616,2.0966808794473883,0.0,-0.10542678833007812,-863.65625,-37.953643798828125,0.0915527492761612,32.95898973941803,2136.5903871047053,1,1789162833.0687323,38.99138901333333,-76.936521275,-10.136000000000003,0,1,17.015625,6.937956,72.777961,1,1,1789162833.5094867,0.597582271112978,0.7965747953122548,0.09125093813384312,0.0061066369130457765,171.17403582896057,-5.7006535308222634,106.68658954212728,0.04370391713456401,-0.0648831385416648,-0.40241375884824976,0.19426973970413208,2.1463815209007264,-7.130611465606689
2026-09-11T17:40:33.545,33.78067510400001,-408.3023986816406,-36747.215881347656,-146988.86352539062,-279.6871430969239,-121.2733465576172,-6.415356159210205,-4.394518969058991,-9.830258968009543,-1.6298016197228844,0.0,-0.10416793823242188,-853.34375,-37.500457763671875,0.1678466945886612,60.42481005191803,821.8409786991365,1,1789162833.0687323,38.99138901333333,-76.936521275,-10.136000000000003,0,1,17.015625,6.937956,72.777961,1,1,1789162833.5414867,0.59237431751315,0.8003106688648376,0.09255414320817995,0.005406646552688251,171.06325191222544,-5.79672332371681,107.43713405322819,-0.012723275714113464,-0.15849910896013664,-0.35557505584417876,1.5759286809921265,1.7637260315895082,-9.013978629169465
2026-09-11T17:40:33.579,33.81408262400004,-408.5155944824219,-36766.40350341797,-147065.61401367188,-279.833182220459,-121.41938568115235,-6.416654586791992,-4.395408391952515,-9.83224855035905,-0.0266234336916655,0.0,-0.10059165954589844,-824.046875,-36.21299743652344,0.06103518605232239,21.97266697883606,-1151.0026207588119,1,1789162833.0687323,38.99138901333333,-76.936521275,-10.136000000000003,0,1,17.015625,6.937956,72.777961,1,1,1789162833.5694866,0.5881620711696439,0.803478583775638,0.09193520343029152,0.00595498291860973,171.05430413812485,-5.657187457959013,108.0331727648189,-0.04951935420220912,-0.14159053369974076,-0.3810706510243867,8.934544762859344,-2.4120436737823487,-7.09775918756485
2026-09-11T17:40:33.612,33.84749110400003,-408.72784423828125,-36785.50598144531,-147142.02392578125,-279.9785733032227,-121.56477676391603,-6.363868236541748,-4.359249742031098,-9.751363954078144,1.0823195165247232,0.0,-0.09875679016113281,-809.015625,-35.55244445800781,-0.1831054836511612,-65.91797411441803,-2630.788383466613,1,1789162833.0687323,38.99138901333333,-76.936521275,-10.136000000000003,0,1,17.015625,6.937956,72.777961,1,1,1789162833.6094866,0.5822298070311445,0.8082044564801939,0.08786354377490116,0.009695669412008955,171.14743915069826,-4.970417383181932,108.8470937629212,0.002372251519310693,-0.27281800043284005,-0.41409420033429667,-0.20711645141601562,-1.2750606540298461,1.108936000289917
2026-09-11T17:40:33.645,33.880903200000034,-408.94189453125,-36804.7705078125,-147219.08203125,-280.12519775390626,-121.71140121459962,-6.39080286026001,-4.377699959278107,-9.792635914634266,-0.552201730984067,0.0,-0.09973907470703125,-817.0625,-35.90606689453125,-0.1983642727136612,-71.41113817691803,-164.406449164367,1,1789162833.0687323,38.99138901333333,-76.936521275,-10.136000000000003,0,1,17.015625,6.937956,72.777961,1,1,1789162833.6414866,0.5775922847171289,0.8116107177765686,0.086824843927566,0.01168939273033426,171.08595256167246,-4.664687554141007,109.48779335095091,-0.08216783225586544,-0.19545383787723858,-0.4090512459935842,-7.801582469673157,-1.1980784502601625,-8.959845920276642
2026-09-11T17:40:33.679,33.91432067200003,-409.1542053222656,-36823.878479003906,-147295.51391601562,-280.27063064575196,-121.85683410644532,-6.417693614959717,-4.396120126247406,-9.833840654633592,-0.5512136576130195,0.0,-0.104400634765625,-855.25,-37.584228515625,0.015258789993822575,5.493164397776127,2301.3201769033376,1,1789162833.0687323,38.99138901333333,-76.936521275,-10.136000000000003,0,1,17.015625,6.937956,72.777961,1,1,1789162833.6694868,0.572999678459189,0.8148621827793815,0.08679251440796427,0.011749510816678703,171.0591413502644,-4.60671250014303,110.13165715460558,0.019675620256507674,-0.008243713655944817,-0.44656674919935196,1.227498400745392,-0.43129647411346433,-6.372459341602325
2026-09-11T17:40:33.714,33.94774220800002,-409.3741149902344,-36843.670349121094,-147374.68139648438,-280.4212687683106,-122.00747222900391,-6.497064113616943,-4.450488917827607,-9.955460177674485,-1.6267592123897083,0.0,-0.11155319213867188,-913.84375,-40.159149169921875,-0.4577637314796448,-164.79494333267212,-5095.161028221169,1,1789162833.0687323,38.99138901333333,-76.936521275,-10.136000000000003,0,1,17.015625,6.937956,72.777961,1,1,1789162833.7094867,0.5653740112298412,0.8200981563074052,0.08778191694053787,0.009250757013277976,171.0838564191646,-4.823478222185039,111.21168321926073,0.09185510773613477,0.09263247738497304,-0.5043703086961521,3.3341629884910584,0.34146755863189693,-11.20929533437729
2026-09-11T17:40:33.746,33.98119964800003,-409.5920715332031,-36863.28643798828,-147453.14575195312,-280.5705690002442,-122.1567724609375,-6.575999736785889,-4.5045598196983345,-10.076413340413229,-1.6161099555350682,0.0,-0.11736488342285156,-961.453125,-42.25135803222656,-0.09155279397964478,-32.95900583267212,3940.407200908808,1,1789162833.0687323,38.99138901333333,-76.936521275,-10.136000000000003,0,1,17.015625,6.937956,72.777961,1,1,1789162833.7414868,0.5578228518415226,0.8249393735631698,0.09089122405916246,0.006890667429426583,170.89235010753399,-5.165542255626036,112.2786916867799,-0.05980318322081011,0.058353861809954014,-0.5799603440671014,1.987513788280487,-1.5404286074066162,-6.074435243186951
2026-09-11T17:40:33.779,34.01460214400004,-409.81298828125,-36883.1689453125,-147532.67578125,-280.7218969726563,-122.30810043334962,-6.629905700683594,-4.541485404968262,-10.159013522208879,-1.1054738325518851,0.0,-0.11905097961425781,-975.265625,-42.85835266113281,0.0,0.0,986.722843486437,1,1789162833.0687323,38.99138901333333,-76.936521275,-10.136000000000003,0,1,17.015625,6.937956,72.777961,1,1,1789162833.7694867,0.5507689786123042,0.8298094063571031,0.08968681859112543,0.005114283002901951,171.07663345333793,-5.181192567670735,113.25775093573513,-0.021018651115917313,0.06913371340197179,-0.6047145233810621,1.5347407503128052,-1.240737378463745,-16.170871917209627
2026-09-11T17:40:33.813,34.048003456,-410.032470703125,-36902.92236328125,-147611.689453125,-280.87224243164064,-122.458445892334,-6.527884483337402,-4.471600871086121,-10.002686272114612,2.0922691265005025,0.0,-0.11682701110839844,-957.046875,-42.05772399902344,0.1525879055261612,54.93164598941803,1644.5954574919897,1,1789162833.0687323,38.99138901333333,-76.936521275,-10.136000000000003,0,1,17.015625,6.937956,72.777961,1,1,1789162833.8094866,0.5408887033207966,0.8362512076812036,0.09010550953190186,0.002079765292598995,171.16255123299715,-5.393518540456778,114.62737312209731,0.001586329757137646,0.2309112488290546,-0.5825280724626354,-0.7312819025611877,0.31744126573562625,-9.209327100391388
2026-09-11T17:40:33.846,34.08142131200003,-410.25189208984375,-36922.67028808594,-147690.68115234375,-281.022546081543,-122.60874954223634,-6.581371307373047,-4.508239345550537,-10.084644205329573,-1.096374179851191,0.0,-0.11361312866210938,-930.71875,-40.900726318359375,0.030517593026161194,10.98633348941803,-1315.0248926790182,1,1789162833.0687323,38.99138901333333,-76.936521275,-10.136000000000003,0,1,17.015625,6.937956,72.777961,1,1,1789162833.8414867,0.533483960098361,0.8408237282734032,0.09169718826515716,-0.0013956913874215507,171.17103517016588,-5.749824796708162,115.65582024589855,0.08963435079589718,0.30859602836824734,-0.4880233803890481,3.7361375786209106,3.208932065925598,-6.238304367389679
2026-09-11T17:40:33.880,34.11483212799999,-410.4703674316406,-36942.333068847656,-147769.33227539062,-281.17220169067383,-122.7584051513672,-6.55560827255249,-4.490591666698456,-10.04516747203483,0.5282025692549367,0.0,-0.10959053039550781,-897.765625,-39.45259094238281,0.2136230766773224,76.90430760383606,1972.9531333356908,1,1789162833.0687323,38.99138901333333,-76.936521275,-10.136000000000003,0,1,17.015625,6.937956,72.777961,1,1,1789162833.8694868,0.5270867195143717,0.844856057776931,0.09157840188267966,-0.0033508294220568036,171.2568791412469,-5.8659542524635215,116.5305957907482,0.04503979214404047,0.047969152760587754,-0.5338368769904976,5.073078195171357,-3.1581336180877684,-10.002390898971557
2026-09-11T17:40:33.914,34.148247647999995,-410.69427490234375,-36962.48474121094,-147849.93896484375,-281.3255783081055,-122.91178176879883,-6.5562849044799805,-4.491055159568787,-10.046204276057583,-0.013870586791138336,0.0,-0.10855293273925781,-889.265625,-39.07905578613281,0.0,0.0,-2301.454761255353,1,1789162833.0687323,38.99138901333333,-76.936521275,-10.136000000000003,0,1,17.015625,6.937956,72.777961,1,1,1789162833.9094868,0.5191115552314519,0.8496520496631127,0.09251084243958686,-0.007505448658971543,171.35545610853993,-6.246199306215828,117.62523927519118,0.12645294403134355,0.156238907578804,-0.4425776246609937,1.7743172137641907,-3.4718483567619325,-3.374468320655823
2026-09-11T17:40:33.946,34.18165532800003,-410.90863037109375,-36981.77673339844,-147927.10693359375,-281.4724118041992,-123.0586152648926,-6.530993938446045,-4.473730847835541,-10.007450894406622,0.5185727273856072,0.0,-0.10737991333007812,-879.65625,-38.656768798828125,0.0915527492761612,32.95898973941803,986.5692481303594,1,1789162833.0687323,38.99138901333333,-76.936521275,-10.136000000000003,0,1,17.015625,6.937956,72.777961,1,1,1789162833.9414866,0.5127098409165824,0.8536603798293831,0.0910134092668402,-0.010446734919238372,171.62918700350593,-6.382354177869018,118.48934285175906,0.06033393784634158,0.07227932031284118,-0.5420730857306588,3.187357435569763,-1.651734086742401,-11.437201884136199
2026-09-11T17:40:33.979,34.21505635200003,-411.1255187988281,-37001.29669189453,-148005.18676757812,-281.62098037719727,-123.20718383789064,-6.506476402282715,-4.45693633556366,-9.969882640398298,0.5028142931151153,0.0,-0.10726165771484375,-878.6875,-38.61419677734375,0.1220703199505806,43.945315182209015,328.92181517521914,1,1789162833.0687323,38.99138901333333,-76.936521275,-10.136000000000003,0,1,17.015625,6.937956,72.777961,1,1,1789162833.9694867,0.5071532196329857,0.8569504484044987,0.09141287426201687,-0.008673362345829851,171.4461738906333,-6.176174806274009,119.22725344987691,-0.00983074154478326,-0.05805191984935899,-0.4207233098992215,-0.9117242655372619,2.4403848927497864,-5.92478576171875
2026-09-11T17:40:34.014,34.248455648000004,-411.3440246582031,-37020.96221923828,-148083.84887695312,-281.7706568908692,-123.3568603515625,-6.4812116622924805,-4.439629988670349,-9.931169444949768,0.5181650204042115,0.0,-0.10850143432617188,-888.84375,-39.060516357421875,-0.1678467094898224,-60.42481541633606,-3124.9200761188886,1,1789162833.0687323,38.99138901333333,-76.936521275,-10.136000000000003,0,1,17.015625,6.937956,72.777961,1,1,1789162834.0094867,0.49825237354468016,0.8621396610670348,0.0915094364943945,-0.009262834597968962,171.4068129729644,-6.151702761920003,120.41320997263317,-0.04203241530992904,0.02282855755023543,-0.5410871492362073,-1.7486237903404236,2.500989990749359,-0.9050557434272766
2026-09-11T17:40:34.046,34.28187350400003,-411.56268310546875,-37040.64147949219,-148162.56591796875,-281.9204379272461,-123.50664138793947,-6.560364723205566,-4.493849835395813,-10.052455787839584,-1.6224813083585605,0.0,-0.10878562927246094,-891.171875,-39.16282653808594,-0.0457763746380806,-16.479494869709015,1315.0251334672676,1,1789162833.0687323,38.99138901333333,-76.936521275,-10.136000000000003,0,1,17.015625,6.937956,72.777961,1,1,1789162834.0414867,0.4907319465302583,0.8663133742386989,0.09216362960579001,-0.013753532188870207,171.53815831131556,-6.5623873922364355,121.42635668908103,0.04852940345047793,0.28441082639043674,-0.4782863630250969,6.074337176685334,1.957309305782318,-9.133129428634644
2026-09-11T17:40:34.080,34.31528332800002,-411.77984619140625,-37060.18615722656,-148240.74462890625,-282.0691946411133,-123.65539810180665,-6.510110855102539,-4.45942593574524,-9.97545171739718,1.0303526187562204,0.0,-0.10867691040039062,-890.28125,-39.123687744140625,0.0762939527630806,27.465822994709015,1315.3411961832721,1,1789162834.069629,38.991409545,-76.93651213,-10.134000000000004,0,1,17.015625,6.937956,72.777961,1,1,1789162834.0694866,0.48418159742704137,0.8699580544081307,0.09222129327574445,-0.015375218696579793,171.57244070398195,-6.664496689255305,122.2946747788303,0.08003521444285357,0.22711376144256534,-0.49358015966154756,5.306378402519226,1.3231132398223877,-9.34750280117035
2026-09-11T17:40:34.113,34.348713248000024,-411.9980773925781,-37079.82696533203,-148319.30786132812,-282.21868301391606,-123.80488647460939,-6.53798246383667,-4.478517987728119,-10.01815942136747,-0.571106720652552,0.0,-0.10851669311523438,-888.96875,-39.066009521484375,0.061035171151161194,21.97266161441803,-164.3187115102416,1,1789162834.069629,38.991409545,-76.93651213,-10.134000000000004,0,1,17.015625,6.937956,72.777961,1,1,1789162834.1094866,0.4751559140985879,0.8748119124942142,0.0926150256816365,-0.018799789183406378,171.64874833546287,-6.944376744104355,123.49023243204489,0.0027122416575991884,0.15142738389690602,-0.45787735541690117,10.822619118499755,-2.6272996448326107,-5.136821421222686
2026-09-11T17:40:34.146,34.38211612800001,-412.21380615234375,-37099.24255371094,-148396.97021484375,-282.3664572143555,-123.95266067504883,-6.4864678382873535,-4.443230469226838,-9.939223490575413,1.0564214373520926,0.0,-0.10879707336425781,-891.265625,-39.16694641113281,0.0457763709127903,16.479493528604507,-164.45193006759743,1,1789162834.069629,38.991409545,-76.93651213,-10.134000000000004,0,1,17.015625,6.937956,72.777961,1,1,1789162834.1414866,0.4682727101628756,0.8786155151919463,0.09150125171036835,-0.01956952518948823,171.7496031304309,-6.896907493435323,124.38577432851805,0.013930170891867542,0.0069636891825321755,-0.48101518531059,-3.225897570705414,-1.2475039670753478,-9.242277444934846
2026-09-11T17:40:34.180,34.41551852800001,-412.4319152832031,-37118.87237548828,-148475.48950195312,-282.51586196899416,-124.10206542968751,-6.512750625610352,-4.461234178543092,-9.979496641336539,-0.5389944829190111,0.0,-0.10797691345214844,-884.546875,-38.87168884277344,0.0457763746380806,16.479494869709015,4.014994453830537e-05,1,1789162834.069629,38.991409545,-76.93651213,-10.134000000000004,0,1,17.015625,6.937956,72.777961,1,1,1789162834.1694868,0.46236638147037806,0.8817255248458086,0.0911695804214532,-0.021576276952905492,171.84295197163127,-7.028105521157194,125.15779452154759,0.06932535055384076,0.08817455740952913,-0.46314929695547524,1.6790946406936647,3.9579640052795413,-11.418569248828886
2026-09-11T17:40:34.215,34.44891830400002,-412.6534423828125,-37138.809814453125,-148555.2392578125,-282.6676080322266,-124.25381149291994,-6.5655059814453125,-4.497371597290039,-10.060333744832754,-1.0819659014161167,0.0,-0.10708045959472656,-877.203125,-38.54896545410156,0.0762939602136612,27.46582567691803,328.93426612219366,1,1789162834.069629,38.991409545,-76.93651213,-10.134000000000004,0,1,17.015625,6.937956,72.777961,1,1,1789162834.2094867,0.4538972996363611,0.8858862172725169,0.09301744822637152,-0.023034881264396234,171.66057787091145,-7.195384043982153,126.26721062700851,-0.050900956838087826,0.08292949394143576,-0.44517292925870927,9.035847459030151,3.3091560305786136,-10.071233583106995
2026-09-11T17:40:34.247,34.482335360000036,-412.8747253417969,-37158.72528076172,-148634.90112304688,-282.81918685913087,-124.40539031982424,-6.644114017486572,-4.551218101978303,-10.180784945370208,-1.611347950227371,0.0,-0.10832977294921875,-887.4375,-38.99871826171875,0.1068115308880806,38.452151119709015,328.76401328665156,1,1789162834.069629,38.991409545,-76.93651213,-10.134000000000004,0,1,17.015625,6.937956,72.777961,1,1,1789162834.2414868,0.4467386731084399,0.8890554136016258,0.09656644019980083,-0.026075891587653437,171.3886789625288,-7.622507075674865,127.21688459056661,-0.09209962836433917,0.19740633771144464,-0.4982176740170217,12.74805681125641,0.7686452396774293,-2.468529978713989
2026-09-11T17:40:34.280,34.51575321600001,-413.0988464355469,-37178.89617919922,-148715.58471679688,-282.97270980834963,-124.55891326904298,-6.722949981689453,-4.605220737457276,-10.301585400539707,-1.615981452521052,0.0,-0.10843658447265625,-888.3125,-39.03717041015625,-0.030517585575580597,-10.986330807209015,-1479.4031647919116,1,1789162834.069629,38.991409545,-76.93651213,-10.134000000000004,0,1,17.015625,6.937956,72.777961,1,1,1789162834.2694867,0.44049718010638816,0.8919163165956022,0.0985776880946356,-0.027017733412894675,171.17313226320178,-7.761019742059651,128.03248379613964,-0.1108345161540219,0.027281416070848566,-0.5148140098742359,4.929116570796967,3.1722551943206785,-12.387368218307495
2026-09-11T17:40:34.314,34.54915929600003,-413.32843017578125,-37199.55871582031,-148798.23486328125,-283.1299746704102,-124.71617813110352,-6.828317165374756,-4.677397258281708,-10.4630396794061,-2.1605803741231715,0.0,-0.10881423950195312,-891.40625,-39.173126220703125,-0.030517593026161194,-10.98633348941803,-8.029104327388772e-05,1,1789162834.069629,38.991409545,-76.93651213,-10.134000000000004,0,1,17.015625,6.937956,72.777961,1,1,1789162834.3094866,0.43130409519594637,0.8961557839117842,0.10064183362464692,-0.027437378762016334,170.89853454863555,-7.815917021003658,129.22165473489684,-0.18767071661089507,0.07817608972362922,-0.48815270928662086,10.850371938457489,-0.4297274100875854,-5.1702620982742316
2026-09-11T17:40:34.347,34.58256515200003,-413.5600280761719,-37220.40252685547,-148881.61010742188,-283.2886192321778,-124.8748226928711,-6.881088733673096,-4.7135457825660705,-10.543901625282,-1.082101422108765,0.0,-0.10689353942871094,-875.671875,-38.48167419433594,0.2136230766773224,76.90430760383606,2630.995029531639,1,1789162834.069629,38.991409545,-76.93651213,-10.134000000000004,0,1,17.015625,6.937956,72.777961,1,1,1789162834.3414867,0.42396566268283986,0.8995092407827616,0.10126204811495847,-0.02970252891395134,170.87828901809976,-8.007264832945713,130.16796482395213,0.0023952898654370177,0.005721363820962611,-0.5107515815072938,3.225014972190857,0.5705509064102173,-11.973233381977082
2026-09-11T17:40:34.380,34.61596867200001,-413.7884826660156,-37240.963439941406,-148963.85375976562,-283.44511062622075,-125.03131408691407,-6.908452033996582,-4.732289643287659,-10.585830447583335,-0.5611342972716848,0.0,-0.106292724609375,-870.75,-38.265380859375,0.0,0.0,-2302.2815440972863,1,1789162834.069629,38.991409545,-76.93651213,-10.134000000000004,0,1,17.015625,6.937956,72.777961,1,1,1789162834.3694868,0.4178210222967454,0.9022312714452452,0.10168852205483718,-0.03261549686118293,170.9161471700238,-8.269454610798192,130.96057397353923,0.0722365597461673,0.2025517428792491,-0.45062917756629395,4.228823682746887,1.9367153404426574,-8.69418376739502
2026-09-11T17:40:34.414,34.64938342400001,-414.0235900878906,-37262.123107910156,-149048.49243164062,-283.6061592102051,-125.19236267089845,-6.961524963378906,-4.768644599914551,-10.667154169458092,-1.087991214984718,0.0,-0.10336875915527344,-846.796875,-37.21275329589844,0.0915527492761612,32.95898973941803,986.3604476076687,1,1789162834.069629,38.991409545,-76.93651213,-10.134000000000004,0,1,17.015625,6.937956,72.777961,1,1,1789162834.4094868,0.40870226402050386,0.9058962946806309,0.10629141253944965,-0.03188257029767791,170.3117709151596,-8.31687803186543,132.14028453110416,-0.10149683012292704,0.035166988164284145,-0.4654157815221151,5.534088819274903,-0.3090075465965271,-9.374471089115142
2026-09-11T17:40:34.447,34.68280339200004,-414.2546691894531,-37282.92022705078,-149131.68090820312,-283.7644483947754,-125.35065185546875,-6.961333751678467,-4.76851361989975,-10.66686117550945,0.0039192142494315655,0.0,-0.09950637817382812,-815.15625,-35.822296142578125,0.1983642727136612,71.41113817691803,1150.5740651057079,1,1789162834.069629,38.991409545,-76.93651213,-10.134000000000004,0,1,17.015625,6.937956,72.777961,1,1,1789162834.4414866,0.4024749213831919,0.9084562261380236,0.10776197877548244,-0.03329532668477549,170.16245762204076,-8.466879924448142,132.9402577013454,-0.07098603133711337,-0.017468127818585248,-0.45168789429055367,4.373471772632598,-0.9306511003494262,-7.32301794178009
2026-09-11T17:40:34.481,34.71621414399999,-414.4870910644531,-37303.83819580078,-149215.35278320312,-283.9236573791504,-125.50986083984375,-6.935989856719971,-4.75115305185318,-10.628026690795398,0.5196102154957407,0.0,-0.09406852722167969,-770.609375,-33.86466979980469,0.2899170219898224,104.37012791633606,986.4785365940089,1,1789162834.069629,38.991409545,-76.93651213,-10.134000000000004,0,1,17.015625,6.937956,72.777961,1,1,1789162834.4694867,0.3975131555354195,0.9105174814769892,0.10837797114941627,-0.034574882076591165,170.10791145211036,-8.576246067820824,133.57338681274928,-0.04797386514956813,0.04499772970906741,-0.37071369271012716,2.631320371398926,-0.7654090451240539,-8.206793254356384
2026-09-11T17:40:34.515,34.74961568000003,-414.7160949707031,-37324.44854736328,-149297.79418945312,-284.0805250549317,-125.66672851562501,-6.755381107330322,-4.627436058521271,-10.351279658467398,3.7039312602795578,0.0,-0.08892250061035156,-728.453125,-32.01210021972656,0.2746582627296448,98.87697458267212,-164.45810556906753,1,1789162834.069629,38.991409545,-76.93651213,-10.134000000000004,0,1,17.015625,6.937956,72.777961,1,1,1789162834.5094867,0.390576003957582,0.9138282558266111,0.10561657791348823,-0.03483450093319571,170.35052668317803,-8.404927374734093,134.4263591630294,0.12926327319290484,0.09047088710637807,-0.3285112823310539,8.949156671600342,0.47503413383483883,-14.352620910720825
2026-09-11T17:40:34.547,34.783023679999985,-414.9364929199219,-37344.28436279297,-149377.13745117188,-284.2314976501465,-125.81770111083985,-6.704529285430908,-4.592602560520173,-10.273359342609538,1.0426693606665587,0.0,-0.0840301513671875,-688.375,-30.2508544921875,0.10681155323982239,38.45215916633606,-1808.6929901946667,1,1789162834.069629,38.991409545,-76.93651213,-10.134000000000004,0,1,17.015625,6.937956,72.777961,1,1,1789162834.5414867,0.3855939296308938,0.9160887620146538,0.10512068400411138,-0.03237813053238244,170.25247632696838,-8.070430591886652,135.03554461066224,0.04120827083713732,0.013702230891557083,-0.3211655405752602,-4.119675666446686,-3.2099127309417725,-1.6658556629753112
2026-09-11T17:40:34.582,34.81644208,-415.159423828125,-37364.34814453125,-149457.392578125,-284.38420532226564,-125.970408782959,-6.653300762176514,-4.557511022090912,-10.194861806753103,1.0500663834666981,0.0,-0.07105827331542969,-582.109375,-25.580978393554688,0.3967285752296448,142.82228708267212,3123.133600539968,1,1789162834.069629,38.991409545,-76.93651213,-10.134000000000004,0,1,17.015625,6.937956,72.777961,1,1,1789162834.5814867,0.38070980946377225,0.9181411830872994,0.10479902061670081,-0.033075280420472995,170.27421957808025,-8.078607911284296,135.64548823005012,0.0334272439658962,-0.15704926395050495,-0.2829021637850129,3.111355896816254,1.0623544120216368,-14.418815799312592
2026-09-11T17:40:34.614,34.849856576000036,-415.3784484863281,-37384.06036376953,-149536.24145507812,-284.5342372131348,-126.12044067382813,-6.602433204650879,-4.522666745185853,-10.116917379173783,1.0427892404848338,0.0,-0.06964492797851562,-570.53125,-25.072174072265625,0.045776382088661194,16.47949755191803,-3781.0772166254997,1,1789162834.069629,38.991409545,-76.93651213,-10.134000000000004,0,1,17.015625,6.937956,72.777961,1,1,1789162834.6094866,0.3776180368314204,0.9193309753153561,0.1052963520213066,-0.03387999905999702,170.22773273355395,-8.153028996170704,136.03702603265208,-0.048514568151835975,0.015770271522245163,-0.225741234518797,-0.28184312564849856,-3.080072682800293,-3.238450082912445
2026-09-11T17:40:34.647,34.883256512,-415.592041015625,-37403.28369140625,-149613.134765625,-284.68054809570316,-126.2667515563965,-6.422074317932129,-4.399120907783509,-9.840553211756227,3.6989842556125696,0.0,-0.07013130187988281,-574.515625,-25.247268676757812,0.030517585575580597,10.986330807209015,-164.46638534620269,1,1789162834.069629,38.991409545,-76.93651213,-10.134000000000004,0,1,17.015625,6.937956,72.777961,1,1,1789162834.6414866,0.37357760610407237,0.9211518950582728,0.10417202608386113,-0.03266722255850014,170.26290169674553,-7.9330349689212385,136.52628345478752,0.010745643138678687,0.030550068693983544,-0.26007046464212386,1.714888913784027,0.7889450055122375,-15.98317263311386
2026-09-11T17:40:34.681,34.91666153599999,-415.8045654296875,-37422.410888671875,-149689.6435546875,-284.82612731933597,-126.41233078002931,-6.371912479400635,-4.364760048389435,-9.763690158351446,1.0286135221481727,0.0,-0.07122802734375,-583.5,-25.64208984375,-0.0762939602136612,-27.46582567691803,-1151.089024337744,1,1789162834.069629,38.991409545,-76.93651213,-10.134000000000004,0,1,17.015625,6.937956,72.777961,1,1,1789162834.6694868,0.370061556053619,0.9228011793985108,0.10268782104837083,-0.030783752861358916,170.31522198169557,-7.632360015394125,136.944018364595,0.04886084147543165,-0.04332744961490883,-0.29628726835148256,-3.46125717458725,-0.252423175163269,-14.37154774553299
2026-09-11T17:40:34.716,34.950078880000035,-416.0150146484375,-37441.351318359375,-149765.4052734375,-284.9702850341797,-126.55648849487305,-6.269280910491943,-4.294457423686982,-9.606427665727848,2.103776550954,0.0,-0.07066917419433594,-578.921875,-25.440902709960938,-0.015258789993822575,-5.493164397776127,657.5226708356543,1,1789162834.069629,38.991409545,-76.93651213,-10.134000000000004,0,1,17.015625,6.937956,72.777961,1,1,1789162834.7094867,0.36595004317045493,0.9245632975872439,0.10136065391852248,-0.0314530204488093,170.45238085494802,-7.605207999175741,137.44788999190703,0.0911667498791482,-0.050508781355164706,-0.2555687369024549,4.235394138355255,-0.3807922257804871,-13.33910361650467
2026-09-11T17:40:34.748,34.98348556799999,-416.2167053222656,-37459.503479003906,-149838.01391601562,-285.10844314575195,-126.69464660644532,-6.138167858123779,-4.204644982814789,-9.40552295726285,2.688456900376034,0.0,-0.07156562805175781,-586.265625,-25.763626098632812,0.0,0.0,164.43307393367536,1,1789162834.069629,38.991409545,-76.93651213,-10.134000000000004,0,1,17.015625,6.937956,72.777961,1,1,1789162834.7414868,0.36195310068142394,0.926318346961817,0.10117967470490795,-0.026209662638776134,170.2273183388903,-6.996088112069757,137.9133110781127,0.014600202791708166,-0.30519979217679166,-0.3058298560367616,-10.615796866588594,1.54905845954895,0.39314860498428345
2026-09-11T17:40:34.781,35.016903872,-416.4206237792969,-37477.85614013672,-149911.42456054688,-285.2481272888184,-126.83433074951172,-6.087651252746582,-4.170041108131409,-9.328116294137894,1.0354766861708757,0.0,-0.07320404052734375,-599.6875,-26.35345458984375,0.030517593026161194,10.98633348941803,328.75197644426396,1,1789162834.069629,38.991409545,-76.93651213,-10.134000000000004,0,1,17.015625,6.937956,72.777961,1,1,1789162834.769449,0.35903823649883243,0.9275050648636752,0.10053743272401913,-0.026797835832420097,170.29869468627084,-7.001990318782815,138.27199176493212,0.027945862917082807,0.060526971261612154,-0.1845830546311919,5.007177506084442,1.7884387899971008,-11.78121917181015
2026-09-11T17:40:34.816,35.050307840000016,-416.6285095214844,-37496.565856933594,-149986.26342773438,-285.3905290222168,-126.97673248291017,-6.140438556671143,-4.206200411319733,-9.409002351735255,-1.0824852660709805,0.0,-0.08289146423339844,-679.046875,-29.840927124023438,-0.3051758408546448,-109.86330270767212,-3617.822774738387,1,1789162834.069629,38.991409545,-76.93651213,-10.134000000000004,0,1,17.015625,6.937956,72.777961,1,1,1789162834.8094492,0.3540070035048796,0.9293712561259424,0.1005777025079774,-0.028848492414699563,170.33799117476352,-7.17107381729519,138.90217029834642,-0.1060950745702313,-0.044616549800431844,-0.3315645613244928,1.3752846186828613,-0.34999934427261353,-12.780909089298248
2026-09-11T17:40:34.848,35.083711488000006,-416.8337097167969,-37515.03387451172,-150060.13549804688,-285.53109115600586,-127.11729461669923,-6.218988418579102,-4.2600070667266845,-9.52936441196913,-1.6108017725180348,0.0,-0.0995025634765625,-815.125,-35.8209228515625,-0.7324219346046448,-263.6718964576721,-4604.54480151534,1,1789162834.069629,38.991409545,-76.93651213,-10.134000000000004,0,1,17.015625,6.937956,72.777961,1,1,1789162834.841449,0.34911652528557274,0.9311542184729226,0.10106680529222499,-0.02923993947723154,170.26286205417483,-7.182024508400405,139.50760815443724,0.11256588277200029,0.01288087894556855,-0.3661730441281387,4.198815333251953,1.4337322536468506,-13.291835562725067
2026-09-11T17:40:34.881,35.117118688000005,-417.0413818359375,-37533.724365234375,-150134.8974609375,-285.6733465576172,-127.25955001831056,-6.219544887542725,-4.260388247966767,-9.53021709011892,-0.011410152304966335,0.0,-0.10701560974121094,-876.671875,-38.52561950683594,-0.0610351599752903,-21.972657591104507,7234.944528921114,1,1789162834.069629,38.991409545,-76.93651213,-10.134000000000004,0,1,17.015625,6.937956,72.777961,1,1,1789162834.8694491,0.34354967060462244,0.9333521251685934,0.10048350065142743,-0.02702777030315925,170.19927965684843,-6.862958546925886,140.17364826393964,0.09420187744836633,-0.08945056762566218,-0.45741885742240224,-3.4078109312057494,2.228070916748047,-8.5292359116745
2026-09-11T17:40:34.916,35.1505368,-417.25555419921875,-37552.99987792969,-150211.99951171875,-285.82005462646487,-127.4062580871582,-6.299610137939453,-4.315232944488526,-9.652901182195151,-1.641166817615873,0.0,-0.11555099487304688,-946.59375,-41.598358154296875,-0.3662109971046448,-131.83595895767212,-3287.5376492421856,1,1789162834.069629,38.991409545,-76.93651213,-10.134000000000004,0,1,17.015625,6.937956,72.777961,1,1,1789162834.909449,0.3342193497705355,0.9368680974762759,0.09916117874714374,-0.027251693518397048,170.28475260939203,-6.738937346780943,141.30655438616813,0.007739837100894054,0.03356198338415016,-0.5204287340779016,-2.7498827718544008,1.425396601009369,-5.975682276058197
2026-09-11T17:40:34.948,35.18394336,-417.4631042480469,-37571.67938232422,-150286.71752929688,-285.96222640991215,-127.54842987060547,-6.326665878295898,-4.333766126632691,-9.69435872994069,-0.5547767308026779,0.0,-0.12635421752929688,-1035.09375,-45.487518310546875,-0.3967285752296448,-142.82228708267212,-328.8673878722917,1,1789162834.069629,38.991409545,-76.93651213,-10.134000000000004,0,1,17.015625,6.937956,72.777961,1,1,1789162834.9414492,0.3259330099030788,0.9397320871176666,0.09974811314037124,-0.02686245375853713,170.147775752884,-6.63300876359495,142.31554518096735,-0.06747617421135277,-0.12817890012864075,-0.6294367631697114,0.2708596774673462,3.4873428640174864,-10.319734098205565
2026-09-11T17:40:34.982,35.217363360000036,-417.6784973144531,-37591.06475830078,-150364.25903320312,-286.1097706604004,-127.69597412109376,-6.432589054107666,-4.406323502063752,-9.856664956298646,-2.1710764641228284,0.0,-0.13990020751953125,-1146.0625,-50.36407470703125,-0.2593994736671448,-93.38381052017212,1479.3080958242997,1,1789162834.069629,38.991409545,-76.93651213,-10.134000000000004,0,1,17.015625,6.937956,72.777961,1,1,1789162834.9814491,0.3137864649962957,0.943786853495293,0.09988959664129468,-0.028748878889834927,170.11418719657877,-6.716320571034547,143.80006504404875,-0.007060380423092661,0.17185017960619248,-0.6755019362492986,7.060101650943755,-0.20182086032867433,-11.930378320770265
2026-09-11T17:40:35.016,35.25076816000001,-417.8961181640625,-37610.650634765625,-150442.6025390625,-286.25884094238285,-127.84504440307619,-6.459374904632568,-4.42467180967331,-9.897708951488244,-0.5492715899982549,0.0,-0.14078330993652344,-1153.296875,-50.68199157714844,-0.030517593026161194,-10.98633348941803,2466.6358436759165,1,1789162834.069629,38.991409545,-76.93651213,-10.134000000000004,0,1,17.015625,6.937956,72.777961,1,1,1789162835.009449,0.30487472938505744,0.9466565876640862,0.10035814378079892,-0.02865217952353125,169.99698253724057,-6.629054564313212,144.87804174026328,-0.07056488338860714,0.010708991224386807,-0.6509749988039474,2.3018169259643555,1.572398286933899,-9.676123648090362
2026-09-11T17:40:35.048,35.28417081600003,-418.1086730957031,-37629.78057861328,-150519.12231445312,-286.4044410705567,-127.99064453125001,-6.458685874938965,-4.424199824333192,-9.896653150351616,0.014130173963344544,0.0,-0.1427326202392578,-1169.265625,-51.38374328613281,0.1068115308880806,38.452151119709015,1480.0764528753575,1,1789162834.069629,38.991409545,-76.93651213,-10.134000000000004,0,1,17.015625,6.937956,72.777961,1,1,1789162835.041449,0.29388376516804404,0.9502230850257171,0.0996530207761146,-0.02788721400674595,169.97482443204203,-6.405882395885025,146.19099238123835,0.024229882406661678,0.026641927432917843,-0.7083443203828514,-6.796793094100952,2.2870088842201235,-4.3479744822120665
2026-09-11T17:40:35.082,35.317589088000034,-418.3259582519531,-37649.33624267578,-150597.34497070312,-286.5532814025879,-128.13948486328127,-6.459157943725586,-4.424523191452026,-9.897376501995396,-0.009676356660053594,0.0,-0.1444091796875,-1183.0,-51.9873046875,-0.0457763709127903,-16.479493528604507,-1643.760773995256,1,1789162835.0688114,38.991430865,-76.936514545,-10.108,0,1,17.007375999999997,6.937956,72.777961,1,1,1789162835.081449,0.28056689948082963,0.9540031455857612,0.10131913527171599,-0.029910632824780358,169.76473174970306,-6.541524638024757,147.8098573762327,0.051186667236639304,0.1015430813481049,-0.6922773428877672,3.871665483856201,0.12268119352340698,-14.710465575122834
2026-09-11T17:40:35.116,35.35100921600002,-418.5441589355469,-37668.97430419922,-150675.89721679688,-286.70274887084963,-128.288952331543,-6.485482692718506,-4.4425556445121765,-9.937713950680413,-0.539568641393478,0.0,-0.1427764892578125,-1169.625,-51.3995361328125,0.0762939527630806,27.465822994709015,1314.9356137513357,1,1789162835.0688114,38.991430865,-76.936514545,-10.108,0,1,17.007375999999997,6.937956,72.777961,1,1,1789162835.1094491,0.2709038421359239,0.9567692461164193,0.10155653837896182,-0.029832658518736125,169.67106181083375,-6.436965233918545,148.96404853591358,-0.06198519385165341,-0.026114139867114756,-0.7116398510764672,-0.25065797813415525,-0.39187374046325685,-10.464186055088044
2026-09-11T17:40:35.148,35.384408672000006,-418.76409912109375,-37688.76892089844,-150755.07568359375,-286.85340789794924,-128.4396113586426,-6.642443656921387,-4.55007390499115,-10.178225449604387,-3.2191620270409693,0.0,-0.14044761657714844,-1150.546875,-50.56114196777344,0.030517607927322388,10.98633885383606,-493.40576507835885,1,1789162835.0688114,38.991430865,-76.936514545,-10.108,0,1,17.007375999999997,6.937956,72.777961,1,1,1789162835.1414492,0.25961635774187813,0.9596862855851357,0.10472200110162157,-0.025196875558659505,169.11040325437438,-5.896817216117808,150.2876506469772,-0.19694975957912292,-0.07407508958021813,-0.7066907954495121,-1.9919267808532715,1.7700022876930237,-9.437527849655151
2026-09-11T17:40:35.182,35.41781606400002,-418.9862365722656,-37708.761291503906,-150835.04516601562,-287.005572052002,-128.59177551269534,-6.643773555755615,-4.550984885692597,-10.180263255396815,-0.027268836233817328,0.0,-0.1356964111328125,-1111.625,-48.8507080078125,0.030517607927322388,10.98633885383606,0.0,1,1789162835.0688114,38.991430865,-76.936514545,-10.108,0,1,17.007375999999997,6.937956,72.777961,1,1,1789162835.1814492,0.24709902248136917,0.9627764672643376,0.10687489960734045,-0.024110226143167168,168.7646272112319,-5.695574001168595,151.7718501278604,-0.14400589485157575,-0.2662630673611249,-0.6813234819693257,-8.7643993825531,0.599578590888977,-0.12160246200561523
2026-09-11T17:40:35.217,35.45123379200004,-419.2099304199219,-37728.89373779297,-150915.57495117188,-287.15880233764653,-128.74500579833986,-6.6195387840271,-4.534384067058563,-10.143128281716532,0.4967668249027906,0.0,-0.12635421752929688,-1035.09375,-45.487518310546875,0.3356933891773224,120.84962010383606,3287.5748240557236,1,1789162835.0688114,38.991430865,-76.936514545,-10.108,0,1,17.007375999999997,6.937956,72.777961,1,1,1789162835.209449,0.23910507440082504,0.964745978988293,0.10714991810893816,-0.024755897700224037,168.70452325654773,-5.681962279479092,152.72267484309697,0.01845493697766284,-0.028054422396556852,-0.5670571249071074,2.1332406096839907,-1.6014259714126586,-12.886526711540222
2026-09-11T17:40:35.249,35.48464364800003,-419.42620849609375,-37748.35876464844,-150993.43505859375,-287.30695281982423,-128.8931562805176,-6.569164276123047,-4.499877529144287,-10.065939354742936,1.0328251014995353,0.0,-0.11156272888183594,-913.921875,-40.16258239746094,0.4882813096046448,175.78127145767212,1644.175040857701,1,1789162835.0688114,38.991430865,-76.936514545,-10.108,0,1,17.007375999999997,6.937956,72.777961,1,1,1789162835.241449,0.2307886474251571,0.9668563475352638,0.10631655121597086,-0.02494382464614048,168.75541959606272,-5.584145099777797,153.69958144472108,0.11547290317412204,-0.004551818689201211,-0.5200604696057308,9.293173959274293,0.15053207998275758,-9.889712488613128
2026-09-11T17:40:35.283,35.518063552,-419.6445617675781,-37768.01055908203,-151072.04223632812,-287.45652481079105,-129.04272827148438,-6.518152713775635,-4.46493460893631,-9.98777426837935,1.0455721299501175,0.0,-0.10968017578125,-898.5,-39.48486328125,-0.1525879055261612,-54.93164598941803,-6903.458413503976,1,1789162835.0688114,38.991430865,-76.936514545,-10.108,0,1,17.007375999999997,6.937956,72.777961,1,1,1789162835.281449,0.22040543984316366,0.9693051630519904,0.10648735699825972,-0.02300838472863664,168.63123716317727,-5.252500516269303,154.9024222472491,-0.004002039974822998,0.04033002115753377,-0.5342969457813234,4.544695884456635,0.9485972701454162,-5.381497342758179
2026-09-11T17:40:35.317,35.55147059199999,-419.8641662597656,-37787.774963378906,-151151.09985351562,-287.6069538879395,-129.1931573486328,-6.519075393676758,-4.46556664466858,-9.98918809204674,-0.018919237749595995,0.0,-0.10880279541015625,-891.3125,-39.16900634765625,-0.01525880303233862,-5.493169091641903,1479.8819918734766,1,1789162835.0688114,38.991430865,-76.936514545,-10.108,0,1,17.007375999999997,6.937956,72.777961,1,1,1789162835.3094492,0.21325003074436547,0.9707292135183153,0.10757106438965335,-0.02525241603722412,168.52310825009624,-5.445885477035622,155.7677857569201,-0.029623298861174555,0.05809433135018245,-0.5201461652720036,0.7993400546836853,0.1440596908760071,-15.918742941551209
2026-09-11T17:40:35.349,35.584872287999985,-420.0800476074219,-37807.20428466797,-151228.81713867188,-287.754832611084,-129.34103607177735,-6.519059658050537,-4.465555865764618,-9.98916398032528,0.00032270528901871554,0.0,-0.10799026489257812,-884.65625,-38.876495361328125,0.04577639698982239,16.47950291633606,657.8310277411939,1,1789162835.0688114,38.991430865,-76.936514545,-10.108,0,1,17.007375999999997,6.937956,72.777961,1,1,1789162835.341449,0.20479217917618806,0.9723287580974896,0.10978389868321002,-0.0241752996832737,168.2022885805772,-5.277435887850843,156.75801601804662,-0.014828666390794224,-0.055515607380360835,-0.574190111027083,-6.916434226074219,-0.028537351970672607,1.8873878901290893
2026-09-11T17:40:35.383,35.61828118400001,-420.29595947265625,-37826.63635253906,-151306.54541015625,-287.90273223876954,-129.4889356994629,-6.467651844024658,-4.4303415131568915,-9.910391716975855,1.054041193330652,0.0,-0.11013984680175781,-902.265625,-39.65034484863281,0.0,0.0,-493.266910595409,1,1789162835.0688114,38.991430865,-76.936514545,-10.108,0,1,17.007375999999997,6.937956,72.777961,1,1,1789162835.381449,0.19381714600272773,0.9743377285297699,0.1108407743030079,-0.028552187844636038,168.11614539740552,-5.658824693084997,158.08838756419723,0.019681030777188857,0.22544383041425717,-0.5281436129704921,0.40138619112014773,1.9378921384620666,-11.229595100212098
2026-09-11T17:40:35.417,35.651716032000024,-420.5124206542969,-37846.11785888672,-151384.47143554688,-288.0510081481934,-129.63721160888673,-6.391207218170166,-4.377976944446564,-9.793255512809948,1.5661673924854427,0.0,-0.11110496520996094,-910.171875,-39.99778747558594,0.1373291164636612,49.43848192691803,1478.6513139494073,1,1789162835.0688114,38.991430865,-76.936514545,-10.108,0,1,17.007375999999997,6.937956,72.777961,1,1,1789162835.409449,0.18628721475007884,0.9758423415798405,0.1093461138461303,-0.03274485283797884,168.32733508622826,-6.006840268248482,158.99922483910888,0.08918580117813464,0.08912768171404323,-0.5427577783962162,0.5239693181419373,1.3614572419548037,-15.230610299701691
2026-09-11T17:40:35.450,35.685137120000036,-420.72467041015625,-37865.22033691406,-151460.88134765625,-288.19639923095707,-129.7826026916504,-6.365958213806152,-4.360681376457214,-9.754566429082878,0.5175046362746689,0.0,-0.109954833984375,-900.75,-39.583740234375,0.015258817933499813,5.493174456059933,-1314.897572180866,1,1789162835.0688114,38.991430865,-76.936514545,-10.108,0,1,17.007375999999997,6.937956,72.777961,1,1,1789162835.4414492,0.17808388389737598,0.9770994739518735,0.11073066348806469,-0.036075870917988584,168.18326313968532,-6.311748600872034,159.99540135466307,0.07134330023499662,0.06918921487218521,-0.49630810928241476,3.695832246456146,-0.45591116601943965,-11.695999381904603
2026-09-11T17:40:35.483,35.71854566400003,-420.9366455078125,-37884.298095703125,-151537.1923828125,-288.3416021728516,-129.92780563354492,-6.367437362670898,-4.361694593429566,-9.756832930900057,-0.03032807931862195,0.0,-0.10899543762207031,-892.890625,-39.23835754394531,0.0915527418255806,32.958987057209015,822.1194135593514,1,1789162835.0688114,38.991430865,-76.936514545,-10.108,0,1,17.007375999999997,6.937956,72.777961,1,1,1789162835.4814491,0.16717317860081315,0.9790122198038806,0.11031349400704427,-0.03767140654576686,168.19053182225952,-6.352466584574033,161.27727256981814,0.05015081432558066,0.13858682205705852,-0.49603845591298157,-1.1892524651145935,-1.830509319190979,-10.734163134040834
2026-09-11T17:40:35.517,35.751955936,-421.1496887207031,-37903.47198486328,-151613.88793945312,-288.48753677368165,-130.073740234375,-6.316596508026123,-4.326868607997895,-9.678929420181394,1.0423735979073498,0.0,-0.10601234436035156,-868.453125,-38.16444396972656,0.1831054985523224,65.91797947883606,986.4927894528208,1,1789162835.0688114,38.991430865,-76.936514545,-10.108,0,1,17.007375999999997,6.937956,72.777961,1,1,1789162835.509449,0.16056850707045656,0.9800769168244563,0.10986629140193935,-0.039954845245808744,168.238198018528,-6.522868855574245,162.06408204556092,0.09920765627601127,0.1700184565562244,-0.45310004018834227,3.8074319252967834,-0.10679442026138306,-7.984868761196137
2026-09-11T17:40:35.550,35.785368000000005,-421.3536682128906,-37921.830139160156,-151687.32055664062,-288.6272627258301,-130.21346618652345,-6.187407493591309,-4.238374133110047,-9.48097291765847,2.6485785160664754,0.0,-0.10348320007324219,-847.734375,-37.25395202636719,0.0610351637005806,21.972658932209015,-1315.2530938113289,1,1789162835.0688114,38.991430865,-76.936514545,-10.108,0,1,17.007375999999997,6.937956,72.777961,1,1,1789162835.541449,0.1535923424305642,0.9813245575139599,0.10853271769716964,-0.0403999301483276,168.35273025665398,-6.466973309113649,162.86928263231883,-0.0013774138456739248,0.06610975593996642,-0.4162231529558793,-2.422536789455414,-1.7955976446151736,-3.580898306560516
2026-09-11T17:40:35.584,35.818780672,-421.5611572265625,-37940.504150390625,-151762.0166015625,-288.76939270019534,-130.3555961608887,-6.2149882316589355,-4.257266938686371,-9.523234920110877,-0.5654383335857002,0.0,-0.10088920593261719,-826.484375,-36.32011413574219,-0.015258795581758022,-5.493166409432888,-822.0182253500768,1,1789162835.0688114,38.991430865,-76.936514545,-10.108,0,1,17.007375999999997,6.937956,72.777961,1,1,1789162835.581449,0.1452946033428041,0.9826181459191612,0.10750459069957022,-0.04235351848861021,168.4466051891666,-6.573307031568321,163.84355307907194,-0.06999782591463419,-0.0799955954688333,-0.41780965724594216,-0.28527545320510866,-1.4882572285461426,-1.6470268946647644
2026-09-11T17:40:35.617,35.85219830400001,-421.76763916015625,-37959.08752441406,-151836.35009765625,-288.91083282470703,-130.4970362854004,-6.1880645751953125,-4.238824234008789,-9.481979764693953,0.5518854441145357,0.0,-0.09823226928710938,-804.71875,-35.363616943359375,0.030517585575580597,10.986330807209015,493.137790751814,1,1789162835.0688114,38.991430865,-76.936514545,-10.108,0,1,17.007375999999997,6.937956,72.777961,1,1,1789162835.6094491,0.14025436048304185,0.9831950334528863,0.10767152214729926,-0.04542118313688393,168.43849175250114,-6.8643183818676805,164.458622968506,0.04988761867437992,0.08663133728491575,-0.3603720932932852,5.578414878005981,-1.0141056932258605,-11.362082943897246
2026-09-11T17:40:35.650,35.88561785600001,-421.9699401855469,-37977.29461669922,-151909.17846679688,-289.0494090270996,-130.63561248779297,-6.110065937042236,-4.185395166873932,-9.36246234536938,1.5987367854260985,0.0,-0.0971832275390625,-796.125,-34.9859619140625,0.03051757998764515,10.986328795552254,-6.019400742324591e-05,1,1789162835.0688114,38.991430865,-76.936514545,-10.108,0,1,17.007375999999997,6.937956,72.777961,1,1,1789162835.6414492,0.13361799079283584,0.9839669124355871,0.11016320722920438,-0.04265460750538683,168.06931939920938,-6.510253430190416,165.21461945172666,-0.030651821389374813,0.07460008461921802,-0.35728006799045203,-0.03461747507095337,0.9572271222877503,-2.6053327484703064
2026-09-11T17:40:35.684,35.919026815999985,-422.1745910644531,-37995.71319580078,-151982.85278320312,-289.18959487915043,-130.77579833984376,-6.137328624725342,-4.204070107936859,-9.404236998785018,-0.5589800180233497,0.0,-0.09562110900878906,-783.328125,-34.42359924316406,-0.0762939527630806,-27.465822994709015,-1150.9532709276452,1,1789162835.0688114,38.991430865,-76.936514545,-10.108,0,1,17.007375999999997,6.937956,72.777961,1,1,1789162835.6814492,0.12576916629189916,0.9850021467915309,0.11047903235126104,-0.041800371254871835,167.971537858718,-6.323191310717742,166.1140701629224,-0.12664405758443695,-0.08738950831198207,-0.40183553126706406,-9.002897114486695,4.564309184780121,1.7677467581558228
2026-09-11T17:40:35.717,35.952432896000005,-422.3771057128906,-38013.939514160156,-152055.75805664062,-289.3283174133301,-130.91452087402345,-6.08673620223999,-4.169414298534393,-9.326714161002123,1.0374102379699999,0.0,-0.09636116027832031,-789.390625,-34.69001770019531,-0.045776382088661194,-16.47949755191803,328.87203295880084,1,1789162835.0688114,38.991430865,-76.936514545,-10.108,0,1,17.007375999999997,6.937956,72.777961,1,1,1789162835.709449,0.12095133841496948,0.9854002239514932,0.11168853913185812,-0.04339173421938973,167.8214249334928,-6.461422151589454,166.6946788216347,0.06200631233560255,0.06717335958613176,-0.3527184754574396,-1.7179289753341676,3.381529108772278,-9.2729722599411
2026-09-11T17:40:35.751,35.98584044800003,-422.58355712890625,-38032.52014160156,-152130.08056640625,-289.4697366333008,-131.05594009399414,-6.112848281860352,-4.187301073074341,-9.366725736118326,-0.5354111112341431,0.0,-0.09703445434570312,-794.90625,-34.932403564453125,-0.1525879055261612,-54.93164598941803,-1151.0016788260152,1,1789162835.0688114,38.991430865,-76.936514545,-10.108,0,1,17.007375999999997,6.937956,72.777961,1,1,1789162835.741449,0.11474796681332677,0.9861626277823871,0.11141556770013661,-0.043620487750609546,167.81578505269263,-6.407741821345709,167.41064325334077,0.11147889171385822,0.10775540628765351,-0.41359521070115146,-2.4960866656684875,1.4370665147018433,-7.297618717861175
2026-09-11T17:40:35.784,36.01926342400003,-422.7861022949219,-38050.74920654297,-152202.99682617188,-289.6084800720215,-131.19468353271486,-6.0879716873168945,-4.170260605812073,-9.328607296465794,0.5098429075337033,0.0,-0.09820365905761719,-804.484375,-35.35331726074219,-0.061035171151161194,-21.97266161441803,986.117584951228,1,1789162835.0688114,38.991430865,-76.936514545,-10.108,0,1,17.007375999999997,6.937956,72.777961,1,1,1789162835.781449,0.10752977606293973,0.9869938163132926,0.11100838295235048,-0.04424582164997082,167.8236018995176,-6.385308866416359,168.24642664154257,-0.14468116273917234,-0.17221547701863488,-0.4330928073739557,14.770874540119172,-1.725774295463562,-2.4041002871513366
2026-09-11T17:40:35.818,36.05268572800003,-422.99212646484375,-38069.29138183594,-152277.16552734375,-289.749606628418,-131.33581008911133,-6.090341567993164,-4.1718839740753175,-9.332238667849214,-0.04857140498884679,0.0,-0.09805488586425781,-803.265625,-35.29975891113281,0.0,0.0,657.4251019444714,1,1789162835.0688114,38.991430865,-76.936514545,-10.108,0,1,17.007375999999997,6.937956,72.777961,1,1,1789162835.8094492,0.10238601448780257,0.9875160112783418,0.11152133320446114,-0.043499698234781885,167.72455440668008,-6.243248966338181,168.8334311540589,-0.014273651688660027,-0.06326609098969206,-0.3128406691090976,4.305707820014954,3.024665109386444,-13.230053666706084
2026-09-11T17:40:35.850,36.08609244799999,-423.1929016113281,-38087.36114501953,-152349.44458007812,-289.8871376037598,-131.47334106445314,-6.117698669433594,-4.190623588562012,-9.37415799159361,-0.560953439509093,0.0,-0.09903526306152344,-811.296875,-35.65269470214844,-0.12207034230232239,-43.94532322883606,-1315.4635722659802,1,1789162835.0688114,38.991430865,-76.936514545,-10.108,0,1,17.007375999999997,6.937956,72.777961,1,1,1789162835.841449,0.09595443719314371,0.9879943917029349,0.11328590108302632,-0.04273327230977686,167.4743404264145,-6.095215386122965,169.5751535440273,-0.14150955042244825,0.057936204519951774,-0.3526769366212422,-4.617363162155151,2.2771041675567627,0.20466478887557982
2026-09-11T17:40:35.884,36.11950220800003,-423.3976745605469,-38105.79071044922,-152423.16284179688,-290.02740707397464,-131.61361053466797,-6.14506721496582,-4.209371042251587,-9.41609485113543,-0.5611370356911386,0.0,-0.10186576843261719,-834.484375,-36.67167663574219,-0.1831054985523224,-65.91797947883606,-657.6717776474113,1,1789162835.0688114,38.991430865,-76.936514545,-10.108,0,1,17.007375999999997,6.937956,72.777961,1,1,1789162835.881449,0.08779132668157744,0.9886702970088765,0.1140642364018187,-0.04258023891358844,167.33433247212946,-5.982421490806915,170.51572107914868,-0.051958451831871186,0.09777177390039556,-0.38981422697810275,-0.5418174214363098,3.548732494029999,-9.713388918704986
2026-09-11T17:40:35.918,36.15291283200003,-423.60546875,-38124.4921875,-152497.96875,-290.16974609375,-131.75594955444336,-6.197138786315918,-4.2450400686264045,-9.495884190735504,-1.067595336585729,0.0,-0.10311698913574219,-844.734375,-37.12211608886719,0.1068115383386612,38.45215380191803,3123.8606402789565,1,1789162835.0688114,38.991430865,-76.936514545,-10.108,0,1,17.007375999999997,6.937956,72.777961,1,1,1789162835.909449,0.08115433533471816,0.9894831620015474,0.11245473191986365,-0.041121517975765826,167.47009354781443,-5.717892122480161,171.25078180140937,0.03466398427385938,-0.058943608564202894,-0.4771655125794661,-1.1431612093544006,0.14945334846496583,-15.52157361000061
2026-09-11T17:40:35.951,36.18632828800003,-423.8148498535156,-38143.336486816406,-152573.34594726562,-290.3131721496582,-131.89937561035157,-6.275031089782715,-4.29839629650116,-9.61523867327567,-1.596752947939875,0.0,-0.10684394836425781,-875.265625,-38.46382141113281,-0.07629397511482239,-27.46583104133606,-1972.6794942811416,1,1789162835.0688114,38.991430865,-76.936514545,-10.108,0,1,17.007375999999997,6.937956,72.777961,1,1,1789162835.9414492,0.07397142789895775,0.9899548532078186,0.1134771475642869,-0.04050374606809212,167.307530583361,-5.5654007533829635,172.07282299756005,0.13633255479518266,0.01873436419090713,-0.49326041534258225,11.082985680294037,0.07609960525512696,-9.122145980453492
2026-09-11T17:40:35.984,36.21974662400004,-424.0296936035156,-38162.672424316406,-152650.68969726562,-290.4603401184082,-132.04654357910158,-6.379800319671631,-4.370163218975067,-9.775776706726607,-2.147531297605106,0.0,-0.10967254638671875,-898.4375,-39.48211669921875,0.0610351599752903,21.972657591104507,1479.3821162257796,1,1789162835.0688114,38.991430865,-76.936514545,-10.108,0,1,17.007375999999997,6.937956,72.777961,1,1,1789162835.9814491,0.0630953606524647,0.9909572095784022,0.11163501223039549,-0.03950200365856786,167.4556675652486,-5.300362853223132,173.29663234218364,0.25853335316989245,-0.020716534622397094,-0.5562367816764432,-0.4087411787414551,-1.715967645301819,-9.090764699935914
2026-09-11T17:40:36.018,36.25321600000001,-424.2488098144531,-38182.39288330078,-152729.57153320312,-290.61043472290044,-132.19663818359376,-6.484939098358154,-4.442183282375336,-9.936881000302728,-2.1518197232100125,0.0,-0.11026191711425781,-903.265625,-39.69429016113281,0.0,0.0,-656.500365920285,1,1789162835.0688114,38.991430865,-76.936514545,-10.108,0,1,17.007375999999997,6.937956,72.777961,1,1,1789162836.009449,0.05599054952865561,0.991295178748421,0.1124103999637245,-0.039532631250789645,167.32936171562474,-5.219116833561505,174.11433295758016,-0.05225323794253303,-0.015780219898981533,-0.5039037821870941,1.3343908875083923,2.6513259377288816,-13.57769941493988
2026-09-11T17:40:36.051,36.286626496,-424.4663391113281,-38201.97052001953,-152807.88208007812,-290.7594422912598,-132.34564575195313,-6.563069820404053,-4.4957028269767765,-10.056600811955914,-1.601878182277203,0.0,-0.10799217224121094,-884.671875,-38.87718200683594,0.045776382088661194,16.47949755191803,493.2431279057965,1,1789162835.0688114,38.991430865,-76.936514545,-10.108,0,1,17.007375999999997,6.937956,72.777961,1,1,1789162836.041449,0.047756844982242856,0.9916547583864979,0.11308320481307782,-0.03939939994418717,167.20912199933227,-5.102755506514467,175.05800319267638,0.01853888731468377,-0.01868916016328048,-0.48892589014525434,5.396207318000793,1.3106587941169738,-7.520523876037598
2026-09-11T17:40:36.085,36.32003548800003,-424.6868591308594,-38221.817321777344,-152887.26928710938,-290.91049850463867,-132.49670196533205,-6.616805553436279,-4.5325118041038515,-10.138940148764867,-1.1017685635962249,0.0,-0.10709190368652344,-877.296875,-38.55308532714844,-0.0457763709127903,-16.479493528604507,-986.5305448452086,1,1789162836.0725358,38.991447881666666,-76.93652864,-10.185000000000002,0,1,17.007375999999997,6.937956,72.795024,1,1,1789162836.081449,0.038120063837584824,0.992039763331071,0.11339872945979068,-0.039302631717945145,167.12449930434738,-4.969479864290267,176.15995599732602,0.042029448250200656,-0.04050804474123719,-0.44606950489545877,0.7635457815933228,0.9455572085952759,-8.312607009601594
2026-09-11T17:40:36.118,36.353456703999996,-424.9122619628906,-38242.103576660156,-152968.41430664062,-291.0648994445801,-132.65110290527346,-6.67004919052124,-4.5689836955070495,-10.220525446284547,-1.09127960524345,0.0,-0.10666847229003906,-873.828125,-38.40065002441406,0.1831054836511612,65.91797411441803,2465.423988256693,1,1789162836.0725358,38.991447881666666,-76.93652864,-10.185000000000002,0,1,17.007375999999997,6.937956,72.795024,1,1,1789162836.1094491,0.030264224516267983,0.9924302012570949,0.11263603185076057,-0.03846422592676787,167.17301897491154,-4.770444655651091,177.04314001565533,0.07699589808343064,-0.051093292121657606,-0.5132606668399609,6.6120358050537105,-0.15661220308303833,-11.504181304740905
2026-09-11T17:40:36.151,36.38687759999999,-425.1379699707031,-38262.41729736328,-153049.66918945312,-291.2195094299317,-132.80571289062502,-6.749627113342285,-4.623494572639466,-10.342462805653769,-1.6310417629863476,0.0,-0.10638999938964844,-871.546875,-38.30039978027344,-0.1220703199505806,-43.945315182209015,-3287.2634323341217,1,1789162836.0725358,38.991447881666666,-76.93652864,-10.185000000000002,0,1,17.007375999999997,6.937956,72.795024,1,1,1789162836.1414492,0.02198735991910859,0.9927333358141051,0.11194327863878563,-0.03828553688778951,167.21447673840046,-4.642445619618089,177.98282719526586,0.08707953783682788,0.029679498463088774,-0.5156594473639019,-8.664861883411406,1.3005579444503783,-5.542130272407531
2026-09-11T17:40:36.185,36.42029395200001,-425.3602600097656,-38282.423400878906,-153129.69360351562,-291.3717781066895,-132.95798156738283,-6.698712348937988,-4.588617959022522,-10.264446042910068,1.0436990134927169,0.0,-0.10626602172851562,-870.53125,-38.255767822265625,-0.03051757998764515,-10.986328795552254,986.3131195960448,1,1789162836.0725358,38.991447881666666,-76.93652864,-10.185000000000002,0,1,17.007375999999997,6.937956,72.795024,1,1,1789162836.1814492,0.012393764704190418,0.9925599148965096,0.1148839781138254,-0.03837813843626358,166.83125288995998,-4.532978606389682,179.09270793358613,-0.2540003840366128,-0.09765169524785834,-0.5141153545746625,-6.647143612632751,3.164802140197754,-2.4210657919311522
2026-09-11T17:40:36.220,36.453731807999986,-425.5821228027344,-38302.391052246094,-153209.56420898438,-291.52375411987305,-133.10995758056643,-6.5939459800720215,-4.516852996349335,-10.103912393408486,2.1462190241274777,0.0,-0.10590362548828125,-867.5625,-38.12530517578125,0.0305175818502903,10.986329466104507,657.1192322160666,1,1789162836.0725358,38.991447881666666,-76.93652864,-10.185000000000002,0,1,17.007375999999997,6.937956,72.795024,1,1,1789162836.209449,0.0055946129437171145,0.9927479222668685,0.11400357886960531,-0.03772859851289874,166.90360488970734,-4.369346379454164,179.85601590593265,0.08252562475252428,-0.015579681567927384,-0.4156770394329303,9.604927367916108,8.154327675991057,-0.3999151935958862
2026-09-11T17:40:36.252,36.487148864000005,-425.79547119140625,-38321.59240722656,-153286.36962890625,-291.6698977661133,-133.25610122680666,-6.4386491775512695,-4.41047468662262,-9.865950891693394,3.1833537259133395,0.0,-0.10590553283691406,-867.578125,-38.12599182128906,0.091552734375,32.958984375,657.5281469703101,1,1789162836.0725358,38.991447881666666,-76.93652864,-10.185000000000002,0,1,17.007375999999997,6.937956,72.795024,1,1,1789162836.249449,-0.0033538661684629476,0.992666873823729,0.11431357258597238,-0.039161668981042126,166.8271475463187,-4.415123259485146,-179.1028013139625,-0.160047565072506,0.15205238630204518,-0.3761067600987897,7.265845171337127,-0.22731815074920653,-20.836876064167022
2026-09-11T17:40:36.285,36.520568319999995,-426.0047302246094,-38340.425720214844,-153361.70288085938,-291.81324020385745,-133.3994436645508,-6.231774806976318,-4.268765742778778,-9.548957012300406,4.240312704188955,0.0,-0.10770416259765625,-882.3125,-38.77349853515625,-0.1068115383386612,-38.45215380191803,-2136.8133035121587,1,1789162836.0725358,38.991447881666666,-76.93652864,-10.185000000000002,0,1,17.007375999999997,6.937956,72.795024,1,1,1789162836.281449,-0.011090340422152808,0.9923856593969962,0.11629973175161595,-0.03901384071085469,166.5647953573609,-4.292830371272476,-178.21358077165857,0.14033284944075367,-0.1323820020332935,-0.44785951457630413,5.5474258634948725,-0.8420970493888855,8.107255755214691
2026-09-11T17:40:36.319,36.55398214400003,-426.2170715332031,-38359.53643798828,-153438.14575195312,-291.9586940002442,-133.5448974609375,-6.232676029205322,-4.269383080005646,-9.550337956347622,-0.01847550363787139,0.0,-0.10821151733398438,-886.46875,-38.956146240234375,-0.1983642727136612,-71.41113817691803,-986.3876811874275,1,1789162836.0725358,38.991447881666666,-76.93652864,-10.185000000000002,0,1,17.007375999999997,6.937956,72.795024,1,1,1789162836.3094492,-0.017807240885560727,0.9921285838817487,0.11692337047113864,-0.041142443467886376,166.45699560204287,-4.443329694401709,-177.41561728035524,0.04949003267077561,0.014652213603417596,-0.490571735629885,3.9883646207809447,-0.5418174214363098,-6.037268039073944
2026-09-11T17:40:36.352,36.587389952000024,-426.42279052734375,-38378.05114746094,-153512.20458984375,-292.0996115112305,-133.68581497192383,-6.259679317474365,-4.287880332469941,-9.591715131688296,-0.5536805187667163,0.0,-0.10895538330078125,-892.5625,-39.22393798828125,-0.030517607927322388,-10.98633885383606,1808.7029033181482,1,1789162836.0725358,38.991447881666666,-76.93652864,-10.185000000000002,0,1,17.007375999999997,6.937956,72.795024,1,1,1789162836.3494492,-0.028614349393344753,0.9914488971389694,0.11917736708932163,-0.044800206967979615,166.13188170654772,-4.7043322366850635,-176.12123308979486,0.154568278418795,0.23457870918627027,-0.5527295425445606,9.385748736801148,-9.991799716796875,-20.46314462650299
2026-09-11T17:40:36.386,36.62081212800001,-426.62506103515625,-38396.25549316406,-153585.02197265625,-292.23816680908203,-133.82437026977541,-6.079399108886719,-4.164388389587403,-9.315471522878038,3.6949103159107017,0.0,-0.10692977905273438,-875.96875,-38.494720458984375,0.1373291313648224,49.43848729133606,1807.926154933606,1,1789162836.0725358,38.991447881666666,-76.93652864,-10.185000000000002,0,1,17.007375999999997,6.937956,72.795024,1,1,1789162836.381449,-0.03638467316284921,0.991212054842539,0.1191848272892171,-0.04438237079858544,166.09803069964246,-4.549002184580375,-175.24066161399477,-0.009139067562217908,0.09763982700894479,-0.48399655673884673,3.7407467041969302,-4.279425997581482,-1.6637962664413453
2026-09-11T17:40:36.420,36.65423888000004,-426.82470703125,-38414.2236328125,-153656.89453125,-292.3749243164063,-133.96112777709962,-6.003257751464844,-4.112231559753418,-9.198800017343892,1.5603319710495722,0.0,-0.10865020751953125,-890.0625,-39.11407470703125,-0.1678466945886612,-60.42481005191803,-3286.68778058876,1,1789162836.0725358,38.991447881666666,-76.93652864,-10.185000000000002,0,1,17.007375999999997,6.937956,72.795024,1,1,1789162836.409449,-0.042398976865571494,0.990870034612654,0.11990474275816282,-0.04474096480373804,165.98586835014095,-4.502194902775487,-174.54601297529953,-0.06306014213795673,-0.0038622391017382515,-0.4576253298729132,-5.43415905412674,-0.9751732920837403,-2.731054003543854
2026-09-11T17:40:36.452,36.687646400000006,-427.021484375,-38431.93359375,-153727.734375,-292.509716796875,-134.09592025756837,-6.004047870635986,-4.112772791385651,-9.200010718024442,-0.016200892261177588,0.0,-0.1083984375,-888.0,-39.0234375,-0.0762939527630806,-27.465822994709015,986.5738928612411,1,1789162836.0725358,38.991447881666666,-76.93652864,-10.185000000000002,0,1,17.007375999999997,6.937956,72.795024,1,1,1789162836.449449,-0.05174320821148721,0.9904661450792266,0.11976910308668504,-0.044213321541027986,165.96488868075502,-4.312088823416783,-173.4879825625741,0.00014189526818713898,-0.1437748132586117,-0.4628203023914743,4.846838775939942,-1.2596642132759095,-9.785663930397034
2026-09-11T17:40:36.486,36.72105788800002,-427.2243347167969,-38450.19012451172,-153800.76049804688,-292.6486692810059,-134.23487274169923,-6.0052409172058105,-4.113590028285981,-9.201838824905996,-0.02445975768363777,0.0,-0.10896682739257812,-892.65625,-39.228057861328125,0.0305175818502903,10.986329466104507,1150.8662068806589,1,1789162836.0725358,38.991447881666666,-76.93652864,-10.185000000000002,0,1,17.007375999999997,6.937956,72.795024,1,1,1789162836.4814491,-0.0597508308711987,0.9899816662261424,0.11927683198455036,-0.04625122807063337,165.97078564582114,-4.434648146782351,-172.54622741869696,0.062209468660534686,-0.0027152087173275786,-0.42813083631053583,4.101729496650696,-1.3478259982299805,-12.498379498138428
2026-09-11T17:40:36.519,36.75446464000004,-427.4256896972656,-38468.312072753906,-153873.24829101562,-292.786597442627,-134.37280090332033,-5.952215671539307,-4.077267735004425,-9.12058816885384,1.087274012197745,0.0,-0.10845375061035156,-888.453125,-39.04335021972656,-0.030517585575580597,-10.986330807209015,-657.7311159522795,1,1789162836.0725358,38.991447881666666,-76.93652864,-10.185000000000002,0,1,17.007375999999997,6.937956,72.795024,1,1,1789162836.509449,-0.06659995116480963,0.9895019722422174,0.11945174953617213,-0.04670731170121812,165.91681405317507,-4.388734882445411,-171.75648983848768,0.18061155791827882,0.020227144300137882,-0.4857171023154628,-3.9002028358268737,-0.6592030238723755,-5.370611961078644
2026-09-11T17:40:36.553,36.78788678400002,-427.6213684082031,-38485.92315673828,-153943.69262695312,-292.92063735961915,-134.5068408203125,-5.900784492492676,-4.042037377357484,-9.041780103251341,1.0541022636655928,0.0,-0.10801887512207031,-884.890625,-38.88679504394531,0.045776382088661194,16.47949755191803,821.7853516261339,1,1789162836.0725358,38.991447881666666,-76.93652864,-10.185000000000002,0,1,17.007375999999997,6.937956,72.795024,1,1,1789162836.5494492,-0.07578872059649282,0.9885195696162747,0.12333755262405553,-0.04327792079929408,165.4653880225059,-3.8340549348334148,-170.74243379946088,0.03196919590878013,-0.016895310758080706,-0.45156956096726847,-3.544907900466919,0.6085026425361634,-2.64681487865448
2026-09-11T17:40:36.586,36.821306816,-427.8223876953125,-38504.014892578125,-154016.0595703125,-293.0583355712891,-134.64453903198242,-6.0056376457214355,-4.113861787319184,-9.202446732550062,-2.1491424652657884,0.0,-0.11330032348632812,-928.15625,-40.788116455078125,-0.1678467094898224,-60.42481541633606,-2301.1442050174596,1,1789162836.0725358,38.991447881666666,-76.93652864,-10.185000000000002,0,1,17.007375999999997,6.937956,72.795024,1,1,1789162836.581449,-0.08394792093588183,0.9876085300701838,0.12520960565114558,-0.0436427835482399,165.2153772705647,-3.737291563633,-169.79788784500536,0.06164694904261691,0.04755917491929429,-0.47373349713834445,-2.924245011730194,1.4807061079216004,-13.118650120868685
2026-09-11T17:40:36.619,36.85471913600003,-428.0292053222656,-38522.628479003906,-154090.51391601562,-293.20000564575196,-134.7862091064453,-6.162455081939697,-4.221281731128693,-9.442738303347996,-3.214980097443961,0.0,-0.12041473388671875,-986.4375,-43.34930419921875,-0.06103518605232239,-21.97266697883606,1150.8374287529666,1,1789162836.0725358,38.991447881666666,-76.93652864,-10.185000000000002,0,1,17.007375999999997,6.937956,72.795024,1,1,1789162836.6094491,-0.09113570321283763,0.9866774155358136,0.12707843471685396,-0.044866832976969494,164.95937082586872,-3.7484087770674805,-168.9505404117365,-0.022756126386277668,0.05669841701443739,-0.5041589493237356,10.51204250787735,-0.3143031376838684,3.3856479018402097
2026-09-11T17:40:36.653,36.888123264,-428.2231750488281,-38540.08575439453,-154160.34301757812,-293.3328749084473,-134.91907836914064,-5.87684440612793,-4.025638418197632,-9.00509667635475,5.856860353643202,0.0,-0.11978340148925781,-981.265625,-43.12202453613281,0.0457763709127903,16.479493528604507,1151.1200204798745,1,1789162836.0725358,38.991447881666666,-76.93652864,-10.185000000000002,0,1,17.007375999999997,6.937956,72.795024,1,1,1789162836.649449,-0.10248483937654088,0.9856246077401053,0.1266063722158832,-0.044853281144875114,164.97309371069207,-3.5814001295258167,-167.65497499362448,-0.2428161396569079,0.206771599944721,-0.4634313421625975,8.39861133152008,-9.064090611495972,-2.718893757343292
2026-09-11T17:40:36.686,36.921528832000035,-428.4173583984375,-38557.562255859375,-154230.2490234375,-293.4658905029297,-135.05209396362307,-5.825829982757568,-3.9906935381889346,-8.926927206041809,1.0460795041311988,0.0,-0.11504745483398438,-942.46875,-41.417083740234375,0.1983642876148224,71.41114354133606,1644.3860500343687,1,1789162836.0725358,38.991447881666666,-76.93652864,-10.185000000000002,0,1,17.007375999999997,6.937956,72.795024,1,1,1789162836.6814492,-0.11057907809212231,0.9846943759475973,0.12693455871836265,-0.04513171023174915,164.9034294490685,-3.4862653205198644,-166.723195422491,-0.23408338474455426,-0.15483391753094855,-0.5305649082417838,-1.5129699869537354,2.1846274565315245,3.9798328351402286
2026-09-11T17:40:36.721,36.95495737600004,-428.619384765625,-38575.74462890625,-154302.978515625,-293.6042785644531,-135.1904820251465,-5.931711196899414,-4.063222169876099,-9.089169134475872,-2.169661702500636,0.0,-0.1089630126953125,-892.625,-39.2266845703125,0.1068115383386612,38.45215380191803,-985.9534934998968,1,1789162836.0725358,38.991447881666666,-76.93652864,-10.185000000000002,0,1,17.007375999999997,6.937956,72.795024,1,1,1789162836.709449,-0.11761793205761692,0.9838358572254923,0.12748440354456309,-0.04450567321991153,164.8260076056198,-3.3011262140607833,-165.92542800749138,-0.12454425196136257,0.16730988009005443,-0.4554873015392202,0.5165162640190125,-5.6827576357269285,3.7502591548538207
2026-09-11T17:40:36.753,36.988376672000015,-428.81890869140625,-38593.70178222656,-154374.80712890625,-293.7409524536133,-135.32715591430664,-6.010845184326172,-4.117428951263428,-9.21042625103665,-1.6220204455344382,0.0,-0.10892868041992188,-892.34375,-39.214324951171875,0.1220703199505806,43.945315182209015,164.37094845728623,1,1789162836.0725358,38.991447881666666,-76.93652864,-10.185000000000002,0,1,17.007375999999997,6.937956,72.795024,1,1,1789162836.749449,-0.12708308891949613,0.982480595443286,0.12876164060996842,-0.044746038880716855,164.64562987716084,-3.1641848095880496,-164.83287938714304,0.0974485389229262,-0.06097080849039431,-0.4341218535009315,-8.780384222316743,1.902490131378174,1.225929336719513
2026-09-11T17:40:36.786,37.02178841599999,-429.01910400390625,-38611.71936035156,-154446.87744140625,-293.8780862426758,-135.46428970336916,-6.012355804443359,-4.118463726043702,-9.212740976296745,-0.03097039113774418,0.0,-0.10696983337402344,-876.296875,-38.50914001464844,-0.0915527492761612,-32.95898973941803,-2301.7147779439283,1,1789162836.0725358,38.991447881666666,-76.93652864,-10.185000000000002,0,1,17.007375999999997,6.937956,72.795024,1,1,1789162836.781449,-0.13449362875509685,0.9813185600776593,0.12878385547419943,-0.0483742290956247,164.5586087479053,-3.457023587700007,-163.92319095843732,0.015400785319597963,0.10460683231705574,-0.42183944795587186,10.252656611099242,-5.786315861434937,-2.7884229069900512
2026-09-11T17:40:36.820,37.055203328000005,-429.2199401855469,-38629.79461669922,-154519.17846679688,-294.0156590270996,-135.60186248779297,-5.935365676879883,-4.06572548866272,-9.094768899120247,1.5782844910967655,0.0,-0.10345458984375,-847.5,-37.24365234375,0.1983642727136612,71.41113817691803,3123.4596073842285,1,1789162836.0725358,38.991447881666666,-76.93652864,-10.185000000000002,0,1,17.007375999999997,6.937956,72.795024,1,1,1789162836.8094492,-0.14008565622465277,0.9805661997450189,0.12814796192312897,-0.04943719948245946,164.5937350938254,-3.5000557628806925,-163.26568340405777,-0.1256089028050791,0.10775261376085032,-0.3559043994740301,9.262184944763183,1.5960323138237,-0.6509654377365112
2026-09-11T17:40:36.853,37.088612576,-429.4137878417969,-38647.24090576172,-154588.96362304688,-294.1484446716309,-135.73464813232422,-5.909731388092041,-4.0481660008430485,-9.055489443546538,0.5255876402746986,0.0,-0.09987258911132812,-818.15625,-35.954132080078125,0.1220703274011612,43.94531786441803,-822.1023206658692,1,1789162836.0725358,38.991447881666666,-76.93652864,-10.185000000000002,0,1,17.007375999999997,6.937956,72.795024,1,1,1789162836.8494492,-0.14805796774325428,0.9793192630712764,0.12835780222698434,-0.050367586528717825,164.52533539659018,-3.4767271779698468,-162.33321524023492,-0.20139668398027927,-0.08780838733246071,-0.4329371240046778,-2.6981036590003966,1.4936508861351012,-6.993612562847137
2026-09-11T17:40:36.886,37.12202080000003,-429.6112976074219,-38665.01678466797,-154660.06713867188,-294.28373886108403,-135.86994232177736,-5.937751770019531,-4.067359962463379,-9.098425112883353,-0.5745280449602749,0.0,-0.09580612182617188,-784.84375,-34.490203857421875,-0.0762939527630806,-27.465822994709015,-2137.531790348064,1,1789162836.0725358,38.991447881666666,-76.93652864,-10.185000000000002,0,1,17.007375999999997,6.937956,72.795024,1,1,1789162836.881449,-0.15436821600763262,0.978431940679789,0.1280007815145995,-0.04957006431158152,164.56028031292004,-3.295370679790579,-161.6217421782909,-0.09958290206519006,0.09649471648671129,-0.28434729640566414,-4.989623602294922,0.09129991300582886,-0.9915503978538514
2026-09-11T17:40:36.921,37.155450336,-429.813720703125,-38683.23486328125,-154732.939453125,-294.42239868164063,-136.00860214233398,-5.964796543121338,-4.085885632038117,-9.139865855489694,-0.5541707062507253,0.0,-0.09049224853515625,-741.3125,-32.57720947265625,0.0457763709127903,16.479493528604507,1314.5655543454463,1,1789162836.0725358,38.991447881666666,-76.93652864,-10.185000000000002,0,1,17.007375999999997,6.937956,72.795024,1,1,1789162836.909449,-0.15864334816892534,0.9778306297676149,0.127530745667981,-0.04914729371380912,164.60856201940646,-3.190252836777493,-161.13803805545928,0.032424901376475856,-0.0754739709756916,-0.29498403099901843,-3.1389125837707517,-1.3833260718154907,-9.341618811073303
2026-09-11T17:40:36.953,37.188857152000026,-430.0080261230469,-38700.72235107422,-154802.88940429688,-294.55549789428716,-136.14170135498048,-5.861433506011963,-4.015081951618195,-8.981482533147348,2.1194381535753206,0.0,-0.08796882629394531,-720.640625,-31.668777465820312,0.07629397511482239,27.46583104133606,328.86514873861586,1,1789162836.0725358,38.991447881666666,-76.93652864,-10.185000000000002,0,1,17.007375999999997,6.937956,72.795024,1,1,1789162836.949449,-0.16531176277376505,0.9765855040231816,0.12781178865336873,-0.05115585109882784,164.51442311258361,-3.3054242698318195,-160.33508852377037,-0.05242794540065766,-0.05361058050180902,-0.3209014722594334,-3.5835461021041874,5.331679559936524,6.524560485610962
2026-09-11T17:40:36.986,37.222264128000006,-430.2045593261719,-38718.41033935547,-154873.64135742188,-294.69012313842774,-136.2763265991211,-5.888727188110352,-4.033778123855591,-9.02330467934768,-0.559648746339896,0.0,-0.08650970458984375,-708.6875,-31.14349365234375,-0.0457763746380806,-16.479494869709015,-1315.453572064425,1,1789162836.0725358,38.991447881666666,-76.93652864,-10.185000000000002,0,1,17.007375999999997,6.937956,72.795024,1,1,1789162836.9814491,-0.1695409691144809,0.9757198192517215,0.1285772487483646,-0.05190939428862248,164.39758770231538,-3.307793717841289,-159.83211547920058,-0.14818246775159818,-0.1496471480598718,-0.2814978718688583,-4.097806836585999,7.918771939105988,-4.599711191864014
2026-09-11T17:40:37.021,37.255690112000025,-430.40570068359375,-38736.51306152344,-154946.05224609375,-294.82790496826175,-136.41410842895507,-5.915607929229736,-4.0521914315223695,-9.06449407552426,-0.5508680811541049,0.0,-0.08539772033691406,-699.578125,-30.743179321289062,-0.3051758110523224,-109.86329197883606,-2793.7486330716556,1,1789162836.0725358,38.991447881666666,-76.93652864,-10.185000000000002,0,1,17.007375999999997,6.937956,72.795024,1,1,1789162837.009449,-0.17370182155855485,0.9750029000315592,0.1287549000596874,-0.05117809910410187,164.37971334367654,-3.1567418219653005,-159.36378739678796,0.16746399266300552,-0.18934483642940805,-0.35887215733412126,2.8925695317077635,-2.4194967279052735,-12.205160658302308
2026-09-11T17:40:37.054,37.28910198400001,-430.5997009277344,-38753.973083496094,-155015.89233398438,-294.9607951354981,-136.54699859619143,-5.839448928833008,-4.000022516250611,-8.947795535635752,1.5613885768441167,0.0,-0.09086418151855469,-744.359375,-32.71110534667969,-0.04577639698982239,-16.47950291633606,2794.928373439655,1,1789162836.0725358,38.991447881666666,-76.93652864,-10.185000000000002,0,1,17.007375999999997,6.937956,72.795024,1,1,1789162837.0494492,-0.18024673399486826,0.9734784033345946,0.13096414618373034,-0.05195484134975235,164.09101679982388,-3.0921562053149265,-158.5879511057906,0.1695686852079855,0.048226239759406514,-0.33652705598668825,0.9470282061195374,3.9166780080986023,3.5338263857841494
2026-09-11T17:40:37.087,37.32250825599999,-430.7989807128906,-38771.908264160156,-155087.63305664062,-295.0973017883301,-136.68350524902345,-5.919175148010254,-4.054634976387025,-9.06996012971327,-1.6347966075486629,0.0,-0.09364700317382812,-767.15625,-33.712921142578125,-0.2441406548023224,-87.89063572883606,-2137.656450038614,1,1789162837.0693362,38.991458388333335,-76.93655041833334,-10.213000000000001,0,1,17.007375999999997,6.937956,72.795024,1,1,1789162837.081449,-0.18559202539760583,0.9724107415217549,0.13046373376503298,-0.05433382053575669,164.0769334885977,-3.281606216967789,-157.9301497439999,-0.0932614940473918,0.14844287087599572,-0.2751159009260158,5.74993318933487,2.311623576126099,-6.3465697851753236
2026-09-11T17:40:37.120,37.355914368000015,-431.00128173828125,-38790.11535644531,-155160.46142578125,-295.23587799072266,-136.82208145141604,-6.024251937866211,-4.126612577438355,-9.230969437720002,-2.1546237123099132,0.0,-0.09567642211914062,-783.78125,-34.443511962890625,-0.1373291313648224,-49.43848729133606,1151.0512937714418,1,1789162837.0693362,38.991458388333335,-76.93655041833334,-10.213000000000001,0,1,17.007375999999997,6.937956,72.795024,1,1,1789162837.1094491,-0.19060188824370217,0.9712822509959633,0.1304962026564724,-0.057030256797518046,163.9931893821181,-3.4994700335030497,-157.30283369528078,0.24338895671741245,0.35746716728626576,-0.3160473625437868,-3.2915040602874757,-6.8586730566215515,-6.985767242717744
2026-09-11T17:40:37.154,37.389329632,-431.2018127441406,-38808.163146972656,-155232.65258789062,-295.3732417297364,-136.9594451904297,-5.998203277587891,-4.108769245147705,-9.191055040147864,0.5339874702368852,0.0,-0.09516334533691406,-779.578125,-34.25880432128906,0.0,0.0,1479.5180816575114,1,1789162837.0693362,38.991458388333335,-76.93655041833334,-10.213000000000001,0,1,17.007375999999997,6.937956,72.795024,1,1,1789162837.149449,-0.19773399782327153,0.9697122690489299,0.13211516205645926,-0.05572221563791046,163.81746947271364,-3.2000119934724522,-156.49459676363912,0.11368830401395784,0.055158338482477594,-0.331324054953568,3.935310643405914,0.809048638343811,-0.46620814868927
2026-09-11T17:40:37.188,37.42275536,-431.4058837890625,-38826.529541015625,-155306.1181640625,-295.5130303955078,-137.09923385620118,-6.0249834060668945,-4.127113633155823,-9.23209026743875,-0.5488104255536156,0.0,-0.09552764892578125,-782.5625,-34.38995361328125,-0.2593994438648224,-93.38379979133606,-2793.7701099985984,1,1789162837.0693362,38.991458388333335,-76.93655041833334,-10.213000000000001,0,1,17.007375999999997,6.937956,72.795024,1,1,1789162837.1814492,-0.20337453589496246,0.9682400953790781,0.13334389830844923,-0.05804584940999809,163.60212384799536,-3.334613296492655,-155.7948463246267,-0.1434000910682085,0.028288994648024892,-0.3340362966111671,-5.645786564617158,0.5960481968307495,-1.1569885860824585
2026-09-11T17:40:37.223,37.456181216000004,-431.6123352050781,-38845.11016845703,-155380.44067382812,-295.65444961547854,-137.2406530761719,-6.208381175994873,-4.252741105556488,-9.51311091973086,-3.7583920782951616,0.0,-0.09225082397460938,-755.71875,-33.210296630859375,0.1678466945886612,60.42481005191803,4601.486042518019,1,1789162837.0693362,38.991458388333335,-76.93655041833334,-10.213000000000001,0,1,17.007375999999997,6.937956,72.795024,1,1,1789162837.2214491,-0.21026781460813854,0.9664085769277633,0.1350813727836025,-0.059957746015592187,163.33335025887274,-3.387054600134636,-154.95391562959293,-0.3048997700783738,0.04956787435541456,-0.38461873086076603,-0.4414953902816772,-1.3832280053138735,-13.69685021440506
2026-09-11T17:40:37.254,37.48958691199999,-431.8194580078125,-38863.751220703125,-155455.0048828125,-295.7963287353516,-137.38253219604493,-6.2866716384887695,-4.306370072364808,-9.63307550188977,-1.6053839084310044,0.0,-0.092010498046875,-753.75,-33.123779296875,0.0457763746380806,16.479494869709015,-1315.503654892394,1,1789162837.0693362,38.991458388333335,-76.93655041833334,-10.213000000000001,0,1,17.007375999999997,6.937956,72.795024,1,1,1789162837.249449,-0.21508978160542283,0.965052661809665,0.13722307361267674,-0.0598295399556272,163.0787830266985,-3.2358805737279632,-154.38924006340397,-0.11913931633378652,-0.10213404983283017,-0.34499452085273874,1.6254522643089295,1.7506831868743897,-6.114642508850097
2026-09-11T17:40:37.287,37.522996320000004,-432.0301513671875,-38882.713623046875,-155530.8544921875,-295.94065368652343,-137.52685714721682,-6.28716516494751,-4.306708137989045,-9.633831733153722,-0.01011887502576424,0.0,-0.09178924560546875,-751.9375,-33.04412841796875,0.0762939527630806,27.465822994709015,328.83935342392977,1,1789162837.0693362,38.991458388333335,-76.93655041833334,-10.213000000000001,0,1,17.007375999999997,6.937956,72.795024,1,1,1789162837.281449,-0.2210622036327119,0.9635845476175755,0.13780157959524994,-0.060390780577302156,162.97927098082457,-3.179129152538381,-153.68215145211468,0.06037408041913745,0.12873880175268054,-0.394356446356418,7.1931778936386115,0.4136445038223267,-11.291867328739167
2026-09-11T17:40:37.322,37.55642329599999,-432.2442932128906,-38901.986389160156,-155607.94555664062,-296.0873408508301,-137.67354431152344,-6.289078712463379,-4.308018918037415,-9.63676386461482,-0.039213240478903955,0.0,-0.09223365783691406,-755.578125,-33.20411682128906,-0.0915527418255806,-32.958987057209015,-1807.666061445149,1,1789162837.0693362,38.991458388333335,-76.93655041833334,-10.213000000000001,0,1,17.007375999999997,6.937956,72.795024,1,1,1789162837.321449,-0.22879246564017355,0.9615246118882309,0.14008956559093158,-0.059155236556210224,162.73246438958685,-2.846224335889927,-152.79876262300175,-0.2044628784101829,0.14285938806594067,-0.35768795143664306,4.439372461719513,3.238744282417297,-4.9830531466865535
2026-09-11T17:40:37.354,37.589840896,-432.45416259765625,-38920.87463378906,-155683.49853515625,-296.23110137939454,-137.8173048400879,-6.316553115844727,-4.326838884353638,-9.678862930282822,-0.5631752823727382,0.0,-0.0942840576171875,-772.375,-33.9422607421875,-0.1525879204273224,-54.93165135383606,-657.5177240921674,1,1789162837.0693362,38.991458388333335,-76.93655041833334,-10.213000000000001,0,1,17.007375999999997,6.937956,72.795024,1,1,1789162837.3494492,-0.23357008984345978,0.9604047928006658,0.14024410201548965,-0.05830299259812428,162.72617044591004,-2.6637976189996553,-152.25741595943987,0.05695079162427577,-0.2679069929835784,-0.31834526303696253,2.647991676673889,-0.7427556832504273,-1.2864363682174682
2026-09-11T17:40:37.387,37.62325007999999,-432.6656494140625,-38939.908447265625,-155759.6337890625,-296.37596984863285,-137.96217330932618,-6.317835330963135,-4.327717201709747,-9.680827670252645,-0.026289697949813347,0.0,-0.09429168701171875,-772.4375,-33.94500732421875,0.0762939527630806,27.465822994709015,2466.312087974456,1,1789162837.0693362,38.991458388333335,-76.93655041833334,-10.213000000000001,0,1,17.007375999999997,6.937956,72.795024,1,1,1789162837.381449,-0.2392257997461333,0.9592214865623782,0.13883530072518518,-0.05822298279401207,162.8720564047153,-2.59475275519342,-151.60187100678544,0.23243579393067162,0.019278208785828567,-0.3178167773394586,3.846854658946991,-1.4097059607505797,-5.989999985294341
2026-09-11T17:40:37.421,37.65665968000002,-432.88055419921875,-38959.24987792969,-155836.99951171875,-296.52317962646487,-138.10938308715822,-6.423530101776123,-4.400118119716645,-9.842783911320328,-2.16706928567951,0.0,-0.095306396484375,-780.75,-34.310302734375,0.015258795581758022,5.493166409432888,-657.6749373012012,1,1789162837.0693362,38.991458388333335,-76.93655041833334,-10.213000000000001,0,1,17.007375999999997,6.937956,72.795024,1,1,1789162837.409449,-0.24452483117834173,0.957902331975424,0.13818828613765255,-0.059453569342694836,162.89443097298218,-2.6549185967173035,-150.960372682284,0.03261200067228965,0.10404186923818516,-0.3440770012649653,-4.184889890022278,-5.409054029712677,-12.260077899208069
2026-09-11T17:40:37.455,37.690066176000016,-433.0945129394531,-38978.50616455078,-155914.02465820312,-296.6697413635254,-138.25594482421877,-6.398037433624268,-4.382655642032623,-9.803721461239752,0.522727007466526,0.0,-0.09502410888671875,-778.4375,-34.20867919921875,0.0305175818502903,10.986329466104507,164.43397884866414,1,1789162837.0693362,38.991458388333335,-76.93655041833334,-10.213000000000001,0,1,17.007375999999997,6.937956,72.795024,1,1,1789162837.449449,-0.25206327704910664,0.9558338644652494,0.1392519379448885,-0.058776063863490116,162.77665354156883,-2.41628931857795,-150.08769054483065,-0.15761038730502114,-0.015027110326745979,-0.39106458085423146,9.365547037467957,0.7307915700531006,-13.22034508304596
2026-09-11T17:40:37.488,37.72348473599999,-433.3089599609375,-38997.806396484375,-155991.2255859375,-296.8166375732422,-138.40284103393554,-6.372910976409912,-4.36544401884079,-9.765220156676776,0.5150318622899044,0.0,-0.09602546691894531,-786.640625,-34.56916809082031,-0.0762939527630806,-27.465822994709015,-1150.6226618036455,1,1789162837.0693362,38.991458388333335,-76.93655041833334,-10.213000000000001,0,1,17.007375999999997,6.937956,72.795024,1,1,1789162837.4814491,-0.25795669517350717,0.9541338339737456,0.14037630472057191,-0.05815035128630278,162.65662194474854,-2.2089797871583885,-149.4057858014196,-0.06610294915588363,-0.10496532294541538,-0.34862515476273737,0.462579688129425,0.6889171738624573,-5.541836072902679
2026-09-11T17:40:37.522,37.756912320000026,-433.5174255371094,-39016.568298339844,-156066.27319335938,-296.95943649291996,-138.5456399536133,-6.243590354919434,-4.276859393119812,-9.567061992483463,2.650045714368088,0.0,-0.09965324401855469,-816.359375,-35.87516784667969,-0.015258817933499813,-5.493174456059933,657.3208682573218,1,1789162837.0693362,38.991458388333335,-76.93655041833334,-10.213000000000001,0,1,17.007375999999997,6.937956,72.795024,1,1,1789162837.521449,-0.26577898562051067,0.9521284056868686,0.13943673258031905,-0.058055382989338516,162.74769130928286,-2.087956584085729,-148.48992077315927,0.05994350769267045,0.17911807967734727,-0.3947184276432816,-2.321037960281372,-2.045274957733154,-9.72162650484085
2026-09-11T17:40:37.555,37.790328639999984,-433.7262268066406,-39035.360412597656,-156141.44165039062,-297.10246536254886,-138.6886688232422,-6.218469619750977,-4.259651689529419,-9.528569455819198,0.5149490904568388,0.0,-0.09614372253417969,-787.609375,-34.61174011230469,0.030517593026161194,10.98633348941803,493.15747351888797,1,1789162837.0693362,38.991458388333335,-76.93655041833334,-10.213000000000001,0,1,17.007375999999997,6.937956,72.795024,1,1,1789162837.5494492,-0.27067636048784066,0.9506264538745766,0.14015693506404336,-0.05830683167826798,162.6492244067751,-2.0047124992949277,-147.9070995830497,-0.020955295664069916,-0.24955677576103522,-0.3787964870090381,-8.417930432338714,1.6765449116516113,-6.989101503772736
2026-09-11T17:40:37.588,37.82375955200001,-433.9312438964844,-39053.811950683594,-156215.24780273438,-297.2429020690918,-138.82910552978518,-6.142200469970703,-4.207407321929932,-9.411702133880475,1.5627562777659891,0.0,-0.09108543395996094,-746.171875,-32.79075622558594,0.3356933891773224,120.84962010383606,3286.278478263606,1,1789162837.0693362,38.991458388333335,-76.93655041833334,-10.213000000000001,0,1,17.007375999999997,6.937956,72.795024,1,1,1789162837.581449,-0.2762451811157499,0.949192680242042,0.13956904942809595,-0.056941514969245974,162.7490215757087,-1.7756732422713148,-147.27728243369657,0.06349455458877812,0.12822183522823982,-0.268632177287782,-1.1179581184387208,-3.742609967727661,-10.935983994369506
2026-09-11T17:40:37.622,37.857170112000006,-434.1341857910156,-39072.076721191406,-156288.30688476562,-297.38191726684573,-138.9681207275391,-5.988165378570557,-4.101893284320831,-9.175673953831485,3.1581044319258105,0.0,-0.08388328552246094,-687.171875,-30.197982788085938,-0.0915527418255806,-32.958987057209015,-4603.592611470068,1,1789162837.0693362,38.991458388333335,-76.93655041833334,-10.213000000000001,0,1,17.007375999999997,6.937956,72.795024,1,1,1789162837.621449,-0.2820162050365395,0.9472801612047781,0.1410038394878352,-0.0569655469062391,162.57894678979125,-1.6270710021714947,-146.59295255607756,-0.0661799181758966,0.10588476239536598,-0.21725142943832096,4.808004441299438,-4.900873418331146,1.609859690551758
2026-09-11T17:40:37.655,37.89057919999999,-434.32958984375,-39089.6630859375,-156358.65234375,-297.51576904296877,-139.10197250366213,-5.938678741455078,-4.067994937896729,-9.099845512474777,1.0146444711127058,0.0,-0.07798194885253906,-638.828125,-28.073501586914062,0.3967285454273224,142.82227635383606,5261.480451400668,1,1789162837.0693362,38.991458388333335,-76.93655041833334,-10.213000000000001,0,1,17.007375999999997,6.937956,72.795024,1,1,1789162837.649449,-0.2857200496362383,0.9461475411243109,0.14129388851164415,-0.05661201930283686,162.55293775757974,-1.51196197516317,-146.16118854951654,0.1019089023593229,0.19245379142598554,-0.30578779360178854,7.113940160331726,3.2760095530319218,-13.881607503452301
2026-09-11T17:40:37.689,37.92399788800003,-434.52685546875,-39107.4169921875,-156429.66796875,-297.65089599609377,-139.23709945678712,-5.83637809753418,-3.9979189968109132,-8.94309009666005,2.096908804012033,0.0,-0.07402229309082031,-606.390625,-26.648025512695312,0.0610351599752903,21.972657591104507,-3616.228703011504,1,1789162837.0693362,38.991458388333335,-76.93655041833334,-10.213000000000001,0,1,17.007375999999997,6.937956,72.795024,1,1,1789162837.6814492,-0.2881200537117866,0.9454416078996031,0.14079651600743853,-0.05747470557991281,162.57466974569437,-1.578432326626026,-145.8612570215466,0.2549440835631661,0.0858750861200266,-0.1539228556614075,5.600087574863434,-0.8984852878189086,-15.197365755653383
2026-09-11T17:40:37.722,37.957418880000034,-434.7212829589844,-39124.915466308594,-156499.66186523438,-297.7840788269043,-139.37028228759766,-5.811438083648682,-3.980835087299347,-8.904874479463455,0.5111730229780206,0.0,-0.07204437255859375,-590.1875,-25.93597412109375,0.1525879055261612,54.93164598941803,986.1762451069702,1,1789162837.0693362,38.991458388333335,-76.93655041833334,-10.213000000000001,0,1,17.007375999999997,6.937956,72.795024,1,1,1789162837.7214491,-0.2930713837222629,0.9442638991937263,0.13786524284857876,-0.05888996125725515,162.84146238498863,-1.74243921516922,-145.25153413783107,0.1439245625084328,0.1538460611743198,-0.20712642538165146,5.405425569152833,3.9495302861404418,-13.065007744483948
2026-09-11T17:40:37.755,37.990827679999995,-434.91619873046875,-39142.45788574219,-156569.83154296875,-297.9175961303711,-139.50379959106448,-5.838069438934326,-3.9990775656700137,-8.945681741387816,-0.5460381208151078,0.0,-0.071502685546875,-585.75,-25.740966796875,0.1068115383386612,38.45215380191803,-493.2680068580498,1,1789162837.0693362,38.991458388333335,-76.93655041833334,-10.213000000000001,0,1,17.007375999999997,6.937956,72.795024,1,1,1789162837.749449,-0.29669208394926916,0.9435730065491029,0.1349290866525161,-0.058633865716361665,163.16845805726868,-1.7527153065018215,-144.8307560643202,0.0242853838768751,-0.1116342260172857,-0.22914427749433552,-8.746649345760344,-2.943073780040741,-10.793493367519378
2026-09-11T17:40:37.789,38.02423872000003,-435.1075439453125,-39159.678955078125,-156638.7158203125,-298.04866760253907,-139.63487106323242,-5.78692102432251,-3.9640409016609195,-8.867306956113357,1.0486552950479822,0.0,-0.07205390930175781,-590.265625,-25.939407348632812,0.0,0.0,-1150.8816786870566,1,1789162837.0693362,38.991458388333335,-76.93655041833334,-10.213000000000001,0,1,17.007375999999997,6.937956,72.795024,1,1,1789162837.781449,-0.30076430628372003,0.9424369953998111,0.13359327899380333,-0.05921298485242108,163.28775361080338,-1.7907178945835434,-144.3375794556523,-0.010390119570047443,0.12350543199057554,-0.25265054639312035,-6.472781372756957,-2.5306060742378236,-11.628627695293426
2026-09-11T17:40:37.823,38.057643936000034,-435.29681396484375,-39176.71325683594,-156706.85302734375,-298.178317565918,-139.76452102661133,-5.70980978012085,-3.9112196993827824,-8.749149291747445,1.581226185698914,0.0,-0.07229804992675781,-592.265625,-26.027297973632812,0.0,0.0,0.0,1,1789162837.0693362,38.991458388333335,-76.93655041833334,-10.213000000000001,0,1,17.007375999999997,6.937956,72.795024,1,1,1789162837.821449,-0.3055475838678389,0.9409511192596904,0.13317885350596623,-0.05928792571256002,163.3221055437237,-1.7299723696975917,-143.76689057330643,0.12562146917569347,-0.06733550067364202,-0.26644248720822994,7.4521715244102475,0.016279039268493653,-6.244286423988342
2026-09-11T17:40:37.856,38.09106348800003,-435.48577880859375,-39193.72009277344,-156774.88037109375,-298.30775848388674,-139.8939619445801,-5.606304168701172,-3.840318355560303,-8.590547502595514,2.1215527910871956,0.0,-0.07181549072265625,-588.3125,-25.85357666015625,-0.015258791856467724,-5.493165068328381,-164.36979970074722,1,1789162837.0693362,38.991458388333335,-76.93655041833334,-10.213000000000001,0,1,17.007375999999997,6.937956,72.795024,1,1,1789162837.8494492,-0.3085014866042335,0.9403509060583752,0.13181987983358934,-0.05648473704310343,163.5694559961811,-1.4266799541274748,-143.4677284821845,-0.15375286059226329,-0.11853874853817527,-0.1635308931936363,3.1979486177444456,-1.0024357795333863,-4.3892604793930055
2026-09-11T17:40:37.889,38.12447500799999,-435.67193603515625,-39210.47424316406,-156841.89697265625,-298.43527618408206,-140.0214796447754,-5.607119560241699,-3.8408768987655644,-8.591796928162044,-0.016717084564311556,0.0,-0.070648193359375,-578.75,-25.433349609375,0.0,0.0,164.4093135641589,1,1789162837.0693362,38.991458388333335,-76.93655041833334,-10.213000000000001,0,1,17.007375999999997,6.937956,72.795024,1,1,1789162837.881449,-0.31120899993558093,0.9395966243898504,0.13177318685668227,-0.05424913842567756,163.65330696252224,-1.141786296422872,-143.18465734017286,0.031454498312367005,-0.01254245960360685,-0.11290273131763519,4.155273806533813,-2.817940923976898,-16.631490275306703
2026-09-11T17:40:37.923,38.157887136,-435.8598327636719,-39227.38494873047,-156909.53979492188,-298.56398544311526,-140.1501889038086,-5.6338791847229,-3.859207241535187,-8.63280073714921,-0.5486134486740171,0.0,-0.07114982604980469,-582.859375,-25.613937377929688,-0.03051757998764515,-10.986328795552254,-328.8126034818639,1,1789162837.0693362,38.991458388333335,-76.93655041833334,-10.213000000000001,0,1,17.007375999999997,6.937956,72.795024,1,1,1789162837.9214492,-0.31568840150307553,0.9379288028458612,0.13326885266148455,-0.053570578294938755,163.50960862803,-0.9367082369230035,-142.65981791518408,-0.09996757263232961,0.0011473794502610724,-0.20830085743531845,-8.947489541072846,3.606591729984283,-5.64568849811554
2026-09-11T17:40:37.956,38.191307712000025,-436.0450439453125,-39244.053955078125,-156976.2158203125,-298.6908551025391,-140.27705856323243,-5.582927227020264,-3.8243051505088808,-8.55472698306388,1.0443294282623736,0.0,-0.07180976867675781,-588.265625,-25.851516723632812,0.0,0.0,328.72948675521747,1,1789162837.0693362,38.991458388333335,-76.93655041833334,-10.213000000000001,0,1,17.007375999999997,6.937956,72.795024,1,1,1789162837.949449,-0.3195242843238997,0.9366282130880197,0.13375806065755666,-0.05235077252507825,163.4985063676324,-0.7212883377016227,-142.22196189128067,-0.1252441289914123,-0.02134886741039464,-0.24880384072172484,3.2366848858833315,1.1536543250274658,-2.059984932975769
2026-09-11T17:40:37.990,38.22473203200002,-436.2304992675781,-39260.74493408203,-157042.97973632812,-298.81789199829103,-140.4040954589844,-5.506540298461914,-3.7719801044464116,-8.437679188543324,1.5654782524364756,0.0,-0.07401466369628906,-606.328125,-26.645278930664062,-0.045776382088661194,-16.47949755191803,-493.03912695667947,1,1789162837.0693362,38.991458388333335,-76.93655041833334,-10.213000000000001,0,1,17.007375999999997,6.937956,72.795024,1,1,1789162837.9814491,-0.3236665271727864,0.9354225107649602,0.1312726696787714,-0.05470092995090668,163.67754239497575,-0.9946946280257409,-141.6849745786096,0.015377921506396839,0.014557791290884702,-0.2962143135887492,0.48709631353378297,-2.216989402065277,-10.857334660072327
2026-09-11T17:40:38.023,38.25815801600004,-436.41534423828125,-39277.38098144531,-157109.52392578125,-298.94451080322267,-140.53071426391602,-5.48197078704834,-3.755149989128113,-8.400031292788361,0.5035039602211625,0.0,-0.07552146911621094,-618.671875,-27.187728881835938,-0.1068115308880806,-38.452151119709015,-657.3524826607572,1,1789162837.0693362,38.991458388333335,-76.93655041833334,-10.213000000000001,0,1,17.007375999999997,6.937956,72.795024,1,1,1789162838.021449,-0.32861280772381835,0.9338637652671236,0.12932161040808338,-0.05646247959875324,163.8171008817391,-1.1725283895888494,-141.06086883860007,-0.09836291691804602,-0.16729434665971166,-0.22728096398490638,2.664074582939148,3.551478356075287,-13.836398846206665
2026-09-11T17:40:38.056,38.29157516800001,-436.6014099121094,-39294.126892089844,-157176.50756835938,-299.07196578979494,-140.6581692504883,-5.561018943786621,-3.809297976493836,-8.52115689086845,-1.6203651156678929,0.0,-0.07708549499511719,-631.484375,-27.750778198242188,0.0,0.0,1150.671102065896,1,1789162837.0693362,38.991458388333335,-76.93655041833334,-10.213000000000001,0,1,17.007375999999997,6.937956,72.795024,1,1,1789162838.0494492,-0.3333659750432443,0.9324108803748854,0.1272469843555355,-0.057317377944393746,164.00370143617954,-1.263306054366283,-140.47537907382147,0.1672919031987589,0.11916863786522003,-0.26969735173027415,-0.9622285138702392,1.4042142366600037,-12.109840018730164
2026-09-11T17:40:38.089,38.32498057600003,-436.7898864746094,-39311.089782714844,-157244.35913085938,-299.20107223510746,-140.7872756958008,-5.66544246673584,-3.8808280897140506,-8.681165197105509,-2.1412734495016106,0.0,-0.07673835754394531,-628.640625,-27.625808715820312,-0.0915527418255806,-32.958987057209015,-986.6362673130006,1,1789162838.073026,38.99146246,-76.93657517833333,-10.189000000000004,0,1,16.999129000000003,6.937956,72.795024,1,1,1789162838.081449,-0.3381090729706568,0.9305331023117906,0.12879421292078747,-0.05659020228831798,163.85864497670403,-1.0442807958046048,-139.91470423834426,0.014767230801124022,-0.026472805028399594,-0.32428426941564886,-7.0589248529243465,-1.2122000264930726,2.028603652458191
2026-09-11T17:40:38.123,38.358390336000014,-436.9837341308594,-39328.536071777344,-157314.14428710938,-299.3338578796387,-140.92006134033204,-5.743657112121582,-3.934405121803284,-8.801013604606476,-1.6036341502979818,0.0,-0.07642745971679688,-626.09375,-27.513885498046875,-0.0915527418255806,-32.958987057209015,0.0,1,1789162838.073026,38.99146246,-76.93657517833333,-10.189000000000004,0,1,16.999129000000003,6.937956,72.795024,1,1,1789162838.121449,-0.34401324052125987,0.9283779619453788,0.12716744318838877,-0.05998075952448577,163.8909536369622,-1.3680702873731418,-139.14171739941526,0.12203097783849073,0.22978219533593944,-0.2843097718267463,1.4100982267570497,-1.9758438745880127,-11.009926136589051
2026-09-11T17:40:38.156,38.39180892799999,-437.1776123046875,-39345.985107421875,-157383.9404296875,-299.46666442871094,-141.0528678894043,-5.822679042816162,-3.9885351443290715,-8.922099016484134,-1.6197577242580263,0.0,-0.07491302490234375,-613.6875,-26.96868896484375,0.030517593026161194,10.98633348941803,1314.9961717914193,1,1789162838.073026,38.99146246,-76.93657517833333,-10.189000000000004,0,1,16.999129000000003,6.937956,72.795024,1,1,1789162838.149449,-0.3481897163525735,0.9269376619622102,0.12633347916757573,-0.059919481838227255,163.97797158001228,-1.3240635850823341,-138.6378311548741,0.0787932381471344,0.07633947975175558,-0.208440483775478,3.357895081882477,0.7743330967712403,-13.737155546569825
2026-09-11T17:40:38.190,38.425227903999996,-437.3727111816406,-39363.544006347656,-157454.17602539062,-299.60030715942383,-141.1865106201172,-5.849189758300781,-4.006694984436035,-8.962721421877307,-0.543399058874811,0.0,-0.07347488403320312,-601.90625,-26.450958251953125,0.0915527492761612,32.95898973941803,657.4904105378712,1,1789162838.073026,38.99146246,-76.93657517833333,-10.189000000000004,0,1,16.999129000000003,6.937956,72.795024,1,1,1789162838.1814492,-0.35215187020586697,0.9251741510256739,0.12742217039704498,-0.06168825719486935,163.78122121560705,-1.3982045359088444,-138.12380380115107,-0.06021159026577678,0.027669228230641704,-0.2623891345533983,1.972705746536255,2.334178871498108,-0.09326124303817748
2026-09-11T17:40:38.223,38.45863868800001,-437.5708312988281,-39381.37481689453,-157525.49926757812,-299.7360194396973,-141.32222290039064,-5.901594161987305,-4.042592000961304,-9.043020760919156,-1.0744140731703926,0.0,-0.06903839111328125,-565.5625,-24.85382080078125,0.0915527492761612,32.95898973941803,0.0,1,1789162838.073026,38.99146246,-76.93657517833333,-10.189000000000004,0,1,16.999129000000003,6.937956,72.795024,1,1,1789162838.2214491,-0.3566809115986612,0.92371949231896,0.12468661280802963,-0.06304185433195522,164.01254536429752,-1.5769393953039073,-137.5518457868962,0.03755302778468559,0.04030803000895865,-0.23425529967587572,0.5985979258728027,-0.8643581452560425,-6.698334326477051
2026-09-11T17:40:38.256,38.49205987200003,-437.7701721191406,-39399.315490722656,-157597.26196289062,-299.8725679016114,-141.4587713623047,-5.9801177978515625,-4.096380691528321,-9.1633426349506,-1.6094190608862236,0.0,-0.06353569030761719,-520.484375,-22.872848510742188,0.24414068460464478,87.89064645767212,1643.6179136628512,1,1789162838.073026,38.99146246,-76.93657517833333,-10.189000000000004,0,1,16.999129000000003,6.937956,72.795024,1,1,1789162838.249449,-0.3593817965741017,0.9227692567531998,0.12364666255393496,-0.06366416512914977,164.09361190465435,-1.6401408819003849,-137.2129879436818,-0.06278944157097241,0.027579169241238797,-0.18497226305438663,-5.577041946983337,3.3280828653907775,-4.681106388206482
2026-09-11T17:40:38.289,38.52546492800002,-437.970458984375,-39417.34130859375,-157669.365234375,-300.0097644042969,-141.59596786499026,-5.98199987411499,-4.097669913768769,-9.166226542968783,-0.03859362608008908,0.0,-0.056346893310546875,-461.59375,-20.284881591796875,0.2899170219898224,104.37012791633606,493.3229705906712,1,1789162838.073026,38.99146246,-76.93657517833333,-10.189000000000004,0,1,16.999129000000003,6.937956,72.795024,1,1,1789162838.281449,-0.36266660100858356,0.9216895969977192,0.1221309839963932,-0.06360224875847946,164.25371797899302,-1.6421731458233124,-136.81558890741167,-0.029063920835910376,-0.08363862121652106,-0.17191946917749665,-3.1822579774856568,0.7663897101402283,-9.182751078453064
2026-09-11T17:40:38.324,38.558873887999994,-438.1716003417969,-39435.44403076172,-157741.77612304688,-300.14754623413086,-141.73374969482424,-5.9842634201049805,-4.099220442771912,-9.169694977567797,-0.04641057378453702,0.0,-0.04671287536621094,-382.671875,-16.816635131835938,0.3204346001148224,115.35645604133606,328.8437630207123,1,1789162838.073026,38.99146246,-76.93657517833333,-10.189000000000004,0,1,16.999129000000003,6.937956,72.795024,1,1,1789162838.321449,-0.3662308266919344,0.920243976352258,0.12248723910983803,-0.06342619193343299,164.21711352021242,-1.5482021259951815,-136.3831054548546,0.043640736215641816,-0.10530740747880626,-0.15424696330350285,-9.11420259382248,4.748183875312805,-6.804736480731965
2026-09-11T17:40:38.357,38.59230000000002,-438.374755859375,-39453.72802734375,-157814.912109375,-300.28670776367187,-141.87291122436525,-6.011246204376221,-4.117703649997711,-9.21104073460475,-0.5529571379938786,0.0,-0.04194068908691406,-343.578125,-15.098648071289062,-0.0457763709127903,-16.479493528604507,-3944.1006351509077,1,1789162838.073026,38.99146246,-76.93657517833333,-10.189000000000004,0,1,16.999129000000003,6.937956,72.795024,1,1,1789162838.3494492,-0.3685946348822181,0.9194984005904029,0.12192744344891099,-0.06159857938092276,164.35311907630327,-1.3406136591850806,-136.1275583449226,0.040998482261047596,-0.06167016192166844,-0.15259518369941544,-10.574510869407654,0.356471733379364,-2.5968990293312073
2026-09-11T17:40:38.390,38.62570246400003,-438.5732116699219,-39471.58905029297,-157886.35620117188,-300.4226499938965,-142.00885345458985,-6.011984825134277,-4.11820960521698,-9.212172524196884,-0.01514724240907709,0.0,-0.042568206787109375,-348.71875,-15.324554443359375,0.030517585575580597,10.986330807209015,822.269409101353,1,1789162838.073026,38.99146246,-76.93657517833333,-10.189000000000004,0,1,16.999129000000003,6.937956,72.795024,1,1,1789162838.381449,-0.37109129214697417,0.9184275605456151,0.12193943952734212,-0.06255271385541204,164.30650516077418,-1.3980952800180244,-135.8049029094102,-0.2058319146754473,-0.08718617745412474,-0.13036003809485808,1.2846711711883545,3.243647607498169,-5.266661469364166
2026-09-11T17:40:38.423,38.65911199999999,-438.7723388671875,-39489.510498046875,-157958.0419921875,-300.5590521240235,-142.1452555847168,-5.95967960357666,-4.082380528450012,-9.132025162066052,1.0724206635795537,0.0,-0.042926788330078125,-351.65625,-15.453643798828125,-0.0915527418255806,-32.958987057209015,-1315.352534811137,1,1789162838.073026,38.99146246,-76.93657517833333,-10.189000000000004,0,1,16.999129000000003,6.937956,72.795024,1,1,1789162838.4214492,-0.3753644459644883,0.9165857087987398,0.12221653410483144,-0.06352393189253298,164.22764024652483,-1.415279373743644,-135.26333312993688,0.08332847620844168,0.016478351599779263,-0.11412638165620842,-0.6415510535812379,1.2148478220367431,-10.476346301288604
2026-09-11T17:40:38.457,38.692524031999994,-438.9721984863281,-39507.49786376953,-158029.99145507812,-300.6959559631348,-142.28215942382815,-5.960887432098389,-4.083207890987397,-9.133875919352613,-0.02476241305480072,0.0,-0.044342041015625,-363.25,-15.963134765625,-0.030517591163516045,-10.986332818865776,657.626996117522,1,1789162838.073026,38.99146246,-76.93657517833333,-10.189000000000004,0,1,16.999129000000003,6.937956,72.795024,1,1,1789162838.449449,-0.3777431023019241,0.915963711307418,0.11982193865121465,-0.06295499383784908,164.50531853237598,-1.42137664685842,-134.98415033810357,0.24086643234950503,0.09382890058721516,-0.17617440736093362,7.356752818336487,-1.3796976112556458,-14.269166317844391
2026-09-11T17:40:38.491,38.72594195200003,-439.17535400390625,-39525.78186035156,-158103.12744140625,-300.8351174926758,-142.42132095336916,-6.066084384918213,-4.155267803668976,-9.295069353232309,-2.1563254888846237,0.0,-0.04314231872558594,-353.421875,-15.531234741210938,0.015258789993822575,5.493164397776127,493.13354082556225,1,1789162838.073026,38.99146246,-76.93657517833333,-10.189000000000004,0,1,16.999129000000003,6.937956,72.795024,1,1,1789162838.4814491,-0.3801317223289255,0.9148534411509254,0.12192965150164979,-0.06063179840843635,164.38116363357605,-1.045119336044264,-134.72980759844376,-0.012883671472371742,-0.046822995040803075,-0.1417074707596244,-3.2203077801132203,-0.08904438346862792,3.1738242583465572
2026-09-11T17:40:38.524,38.759364000000005,-439.3817138671875,-39544.354248046875,-158177.4169921875,-300.9764739990235,-142.5626774597168,-6.11987829208374,-4.192116630077362,-9.37749783034484,-1.1025304735488182,0.0,-0.0436553955078125,-357.625,-15.7159423828125,-0.03051757998764515,-10.986328795552254,-493.0725128914793,1,1789162838.073026,38.99146246,-76.93657517833333,-10.189000000000004,0,1,16.999129000000003,6.937956,72.795024,1,1,1789162838.521449,-0.38298502566172477,0.9134011080599928,0.1230197943497326,-0.06234593901622637,164.1844933730208,-1.126749515366653,-134.34731495019625,-0.05634202078118015,-0.08383078196716563,-0.12609968939073993,8.927680107746124,-0.539365758895874,-5.707764593639374
2026-09-11T17:40:38.557,38.792775903999996,-439.5870361328125,-39562.833251953125,-158251.3330078125,-301.1171197509766,-142.70332321166993,-6.172712326049805,-4.228307943344117,-9.458455492448353,-1.0831861981515536,0.0,-0.04888343811035156,-400.453125,-17.598037719726562,-0.12207034230232239,-43.94532322883606,-986.4446645510886,1,1789162838.073026,38.99146246,-76.93657517833333,-10.189000000000004,0,1,16.999129000000003,6.937956,72.795024,1,1,1789162838.5494492,-0.3864517939999552,0.9118929017537104,0.1237896505192926,-0.06150178102888956,164.13701086518742,-0.9447705811378067,-133.93480508099248,-0.019715937362228743,-0.012096702512647498,-0.2047773867413923,9.531965890712739,-0.8693595368385315,-12.100523701076508
2026-09-11T17:40:38.590,38.82618144000003,-439.79754638671875,-39581.77917480469,-158327.11669921875,-301.26131927490235,-142.8475227355957,-6.304568290710449,-4.318629279136658,-9.660498566429522,-2.7037834624912174,0.0,-0.05272102355957031,-431.890625,-18.979568481445312,-0.1983642876148224,-71.41114354133606,-822.1936721049366,1,1789162838.073026,38.99146246,-76.93657517833333,-10.189000000000004,0,1,16.999129000000003,6.937956,72.795024,1,1,1789162838.581449,-0.3893674532866274,0.9104355579077509,0.1248492057901743,-0.06255203459401813,163.97336713686886,-0.9554375615929427,-133.5554500581528,-0.12070574933745144,0.0062751567926204125,-0.16905398761157236,5.606952229976653,1.1673836352539064,-10.13360387813568
2026-09-11T17:40:38.625,38.859593984000014,-440.0139465332031,-39601.25518798828,-158405.02075195312,-301.4095533752442,-142.9957568359375,-6.410279273986816,-4.39104130268097,-9.82247964987689,-2.167210720151699,0.0,-0.060878753662109375,-498.71875,-21.916351318359375,-0.2746582329273224,-98.87696385383606,-822.0212239005508,1,1789162838.073026,38.99146246,-76.93657517833333,-10.189000000000004,0,1,16.999129000000003,6.937956,72.795024,1,1,1789162838.621449,-0.39374342217170855,0.9083780801305459,0.12456875235073878,-0.06555918679052923,163.85916098812802,-1.2038042962821682,-132.95992317700035,-0.11008821336586913,0.022537611163927974,-0.23517055033562156,3.890690385169983,2.928363804798126,-12.578009497451783
2026-09-11T17:40:38.658,38.893013440000004,-440.2289123535156,-39620.602111816406,-158482.40844726562,-301.55680496215825,-143.14300842285158,-6.488606929779053,-4.444695746898652,-9.94250122337743,-1.605485266357956,0.0,-0.06536865234375,-535.5,-23.53271484375,0.0,0.0,2958.6646728739515,1,1789162838.073026,38.99146246,-76.93657517833333,-10.189000000000004,0,1,16.999129000000003,6.937956,72.795024,1,1,1789162838.649449,-0.3972302172857715,0.9067209440118595,0.1249135919866169,-0.06679729562146974,163.76018293564175,-1.2545401865738641,-132.50499723914797,-0.02222833882047458,0.02454020194766627,-0.24025347271620465,2.9504287676620486,1.536309814338684,-11.157614288024904
2026-09-11T17:40:38.691,38.926432767999984,-440.44708251953125,-39640.23742675781,-158560.94970703125,-301.70625152587894,-143.29245498657227,-6.514947414398193,-4.462738978862763,-9.982862783783908,-0.5399040927490397,0.0,-0.0653076171875,-535.0,-23.5107421875,0.0457763709127903,16.479493528604507,493.1126541088625,1,1789162838.073026,38.99146246,-76.93657517833333,-10.189000000000004,0,1,16.999129000000003,6.937956,72.795024,1,1,1789162838.6814492,-0.4012101286506478,0.9049324241617331,0.123617456029178,-0.06961655646305615,163.75811055957098,-1.5359060704362384,-131.95973185384008,-0.007385709795664404,0.0049260172808287955,-0.26031620700080466,2.5432566529464724,-1.1686584997749327,-6.521030091552734
2026-09-11T17:40:38.724,38.95985094400004,-440.66656494140625,-39659.99084472656,-158639.96337890625,-301.8565969848633,-143.44280044555666,-6.541250705718994,-4.480756733417511,-10.023167352848752,-0.5391603226555056,0.0,-0.06354522705078125,-520.5625,-22.87628173828125,0.0762939602136612,27.46582567691803,328.7531955153848,1,1789162838.073026,38.99146246,-76.93657517833333,-10.189000000000004,0,1,16.999129000000003,6.937956,72.795024,1,1,1789162838.7214491,-0.4056326725656568,0.9029851860050467,0.12297416841010857,-0.07040768925704106,163.78086428583958,-1.5695001528085324,-131.39587535525519,-0.049962318766365275,-0.09232425223907084,-0.2128341756344485,4.86331394821167,-0.9412422825241088,-7.407257066669463
2026-09-11T17:40:38.758,38.99326150400003,-440.8881530761719,-39679.93377685547,-158719.73510742188,-302.00838485717776,-143.59458831787111,-6.620293140411377,-4.534900801181793,-10.144284183030127,-1.6205675021398482,0.0,-0.05721092224121094,-468.671875,-20.595932006835938,0.1678467094898224,60.42481541633606,986.4842055752717,1,1789162838.073026,38.99146246,-76.93657517833333,-10.189000000000004,0,1,16.999129000000003,6.937956,72.795024,1,1,1789162838.749449,-0.4094301154832557,0.9011908697228054,0.1248920603346373,-0.06799978035987322,163.6894572439524,-1.1627498907264524,-130.9667558659706,-0.08548762302608386,-0.06629196831387461,-0.17570002687024155,-2.9378762554550173,0.187208951587677,-9.466751667137146
2026-09-11T17:40:38.791,39.02666473599999,-441.10919189453125,-39699.82727050781,-158799.30908203125,-302.15979644775393,-143.7459999084473,-6.647566318511963,-4.5535829281806945,-10.18607491092674,-0.5592909991142886,0.0,-0.05257415771484375,-430.6875,-18.92669677734375,0.1525879204273224,54.93165135383606,-164.45007664250525,1,1789162838.073026,38.99146246,-76.93657517833333,-10.189000000000004,0,1,16.999129000000003,6.937956,72.795024,1,1,1789162838.781449,-0.41250246806383334,0.8999313169510439,0.12567247984314114,-0.06458921289256517,163.76953272825529,-0.7203010987307698,-130.6465874560547,-0.04120041685550334,-0.07280623521401826,-0.15362388076054087,-4.950200868644714,0.12405412454605103,-11.304812106952667
2026-09-11T17:40:38.825,39.06007267199999,-441.33197021484375,-39719.87731933594,-158879.50927734375,-302.312399597168,-143.89860305786135,-6.595998764038086,-4.518259153366089,-10.107057877071592,1.0573468176723615,0.0,-0.05001640319824219,-409.734375,-18.005905151367188,0.0305175818502903,10.986329466104507,-1315.4156511712451,1,1789162838.073026,38.99146246,-76.93657517833333,-10.189000000000004,0,1,16.999129000000003,6.937956,72.795024,1,1,1789162838.821449,-0.4159125805745331,0.8985811570832418,0.12526083482667688,-0.06227642180872919,163.9232109975193,-0.4426557950387532,-130.26291727307526,-0.18757611976543698,-0.05376940546374051,-0.1743283726110992,1.06529640707016,-3.0722273626708985,-6.3647120879745485
2026-09-11T17:40:38.858,39.093495296000015,-441.54815673828125,-39739.33410644531,-158957.33642578125,-302.46048736572266,-144.04669082641604,-6.519787311553955,-4.46605430841446,-9.990278964778218,1.5619612915966883,0.0,-0.049373626708984375,-404.46875,-17.774505615234375,-0.030517585575580597,-10.986330807209015,-657.4187673983108,1,1789162838.073026,38.99146246,-76.93657517833333,-10.189000000000004,0,1,16.999129000000003,6.937956,72.795024,1,1,1789162838.8494492,-0.4188626453747879,0.8974414192314856,0.1249299875574455,-0.05954394651270765,164.09060981363623,-0.12704762695560298,-129.94252037091195,-0.09590235173858441,-0.1567611100910007,-0.20048457491318702,7.512090156898499,1.5081647283744812,-19.62653930120468
2026-09-11T17:40:38.891,39.12690348800004,-441.7607421875,-39758.466796875,-159033.8671875,-302.6061083984375,-144.19231185913088,-6.391350746154785,-4.378075261116028,-9.793475440935987,2.6334573058717847,0.0,-0.046474456787109375,-380.71875,-16.730804443359375,0.061035171151161194,21.97266161441803,986.5542086684292,1,1789162838.073026,38.99146246,-76.93657517833333,-10.189000000000004,0,1,16.999129000000003,6.937956,72.795024,1,1,1789162838.881449,-0.42166413368102507,0.8960554527622804,0.1251528298393887,-0.06017269418273092,164.03597114743695,-0.1312774834804781,-129.5802893188092,-0.08328239951618902,-0.040715913455149716,-0.13819220311318264,0.9598749178314209,2.74341038274765,-13.561028109664917
2026-09-11T17:40:38.925,39.160312992,-441.9696350097656,-39777.267150878906,-159109.06860351562,-302.74919998168946,-144.3354034423828,-6.262596130371094,-4.2898783493042,-9.596184568056985,2.6398749233729353,0.0,-0.046466827392578125,-380.65625,-16.728057861328125,0.030517585575580597,10.986330807209015,-328.8384888090934,1,1789162838.073026,38.99146246,-76.93657517833333,-10.189000000000004,0,1,16.999129000000003,6.937956,72.795024,1,1,1789162838.9214492,-0.4258913189209904,0.8940810900802768,0.124986884903056,-0.060115450849454674,164.05572811407114,-0.05927347618016334,-129.05054832595812,0.030069579550909508,0.008098502262178888,-0.1683630117607078,2.2162048700523376,0.7967903256416321,-13.331846695384979
2026-09-11T17:40:38.958,39.193718432000026,-442.17742919921875,-39795.96862792969,-159183.87451171875,-302.8915390014649,-144.4777424621582,-6.212253093719482,-4.255393369197845,-9.519043864526308,1.0323162965771258,0.0,-0.04644966125488281,-380.515625,-16.721878051757812,0.0,0.0,-328.8784942572554,1,1789162838.073026,38.99146246,-76.93657517833333,-10.189000000000004,0,1,16.999129000000003,6.937956,72.795024,1,1,1789162838.949449,-0.4284042131607814,0.8930199695892634,0.12328918480596451,-0.06152187392109736,164.16223982320585,-0.24323916460726575,-128.70974713855156,0.00887360298298957,0.01681799267221736,-0.17075987242247162,1.837570107307434,0.28841358125686645,-12.262921827754974
2026-09-11T17:40:38.992,39.22713676800004,-442.3807678222656,-39814.269104003906,-159257.07641601562,-303.03082595825197,-144.61702941894532,-6.1086201667785645,-4.184404814243317,-9.360246989628026,2.1242396675437343,0.0,-0.04553985595703125,-373.0625,-16.39434814453125,0.2288818508386612,82.39746630191803,2465.636418937516,1,1789162838.073026,38.99146246,-76.93657517833333,-10.189000000000004,0,1,16.999129000000003,6.937956,72.795024,1,1,1789162838.989449,-0.43179279011681715,0.8915793162836455,0.12024635021894844,-0.0646693469685871,164.31885533979442,-0.6573511481633985,-128.22756856550728,-0.03064693446746923,0.1240402008733866,-0.14754524804169505,4.41122737575531,1.153262059020996,-9.56815242980957
2026-09-11T17:40:39.026,39.26055475200002,-442.5843811035156,-39832.594299316406,-159330.37719726562,-303.1703010559082,-144.75650451660158,-6.004488945007324,-4.113074927330017,-9.200686576883529,2.1344760627492714,0.0,-0.03756523132324219,-307.734375,-13.523483276367188,0.1373291313648224,49.43848729133606,-986.2647313075424,1,1789162838.073026,38.99146246,-76.93657517833333,-10.189000000000004,0,1,16.999129000000003,6.937956,72.795024,1,1,1789162839.021449,-0.4333177142823215,0.8908298536774599,0.11870273408338639,-0.06758395672989802,164.32977774934784,-1.0049976048348983,-127.98324469469983,-0.08737432394748972,0.16997691772002696,-0.10753374947265022,8.050867516784669,-5.05268036283493,-1.9172001066207887
2026-09-11T17:40:39.059,39.293962239999985,-442.7828063964844,-39850.452575683594,-159401.81030273438,-303.3062223815918,-144.89242584228518,-6.005230903625488,-4.113583168983459,-9.201823481083247,-0.015213405253415435,0.0,-0.03670692443847656,-300.703125,-13.214492797851562,0.1068115383386612,38.45215380191803,-328.85841310274964,1,1789162838.073026,38.99146246,-76.93657517833333,-10.189000000000004,0,1,16.999129000000003,6.937956,72.795024,1,1,1789162839.0494492,-0.43532631927274323,0.8898151059397155,0.11847848152215476,-0.0684318815037469,164.3074525739812,-1.0674730298006272,-127.71414175011913,-0.07336892936486124,0.12263939961573596,-0.05607585807025101,5.846724826431274,-3.1067467712402346,-5.108480202255249
2026-09-11T17:40:39.091,39.32736768000001,-442.98187255859375,-39868.36853027344,-159473.47412109375,-303.44258270263674,-145.0287861633301,-6.006502628326416,-4.114454300403596,-9.2037721465721,-0.026077531687519896,0.0,-0.03610038757324219,-295.734375,-12.996139526367188,0.0762939602136612,27.46582567691803,-328.8784139646738,1,1789162839.074117,38.991462596666665,-76.936601025,-10.168000000000003,0,1,8.602488999999998,9.504889,78.92545600000001,1,1,1789162839.081449,-0.4373948361469776,0.888988291131314,0.11790114726217922,-0.06696935879674074,164.4402209892432,-0.912831756864145,-127.47960199593244,-0.0195141773006982,0.002578374903971223,-0.08763786866454087,1.5563153806686403,-4.341404026603699,-1.1329622931861876
2026-09-11T17:40:39.125,39.36077555200001,-443.1816711425781,-39886.35040283203,-159545.40161132812,-303.57944473266605,-145.16564819335937,-5.9556193351745605,-4.079599244594574,-9.125803607271317,1.0433186468453854,0.0,-0.032909393310546875,-269.59375,-11.847381591796875,0.0,0.0,-822.1363419052765,1,1789162839.074117,38.991462596666665,-76.936601025,-10.168000000000003,0,1,8.602488999999998,9.504889,78.92545600000001,1,1,1789162839.121449,-0.4388102296072565,0.8886253144035513,0.1177968655256597,-0.06256621664721282,164.67629968420738,-0.447765841392154,-127.37871226783487,0.043027078450640605,-0.09296426447577716,0.011910126815609304,-4.203816724834442,-0.14121576232910155,-12.73736756258011
2026-09-11T17:40:39.159,39.394196608000016,-443.3787841796875,-39904.090576171875,-159616.3623046875,-303.71446716308594,-145.3006706237793,-5.904969215393066,-4.0449039125442505,-9.04819235984307,1.0381279409697368,0.0,-0.03165435791015625,-259.3125,-11.39556884765625,0.0457763709127903,16.479493528604507,493.08715824539416,1,1789162839.074117,38.991462596666665,-76.936601025,-10.168000000000003,0,1,8.602488999999998,9.504889,78.92545600000001,1,1,1789162839.149449,-0.43940345204277426,0.8886242070953376,0.11641036374792803,-0.06099386943907528,164.90045669720848,-0.34945063648473845,-127.33109246904122,-0.0021685715956029543,-0.18386886590127582,-0.04740942566947317,7.356066352825166,2.3994911615753174,-14.488933347969056
2026-09-11T17:40:39.192,39.42761760000002,-443.57708740234375,-39921.93786621094,-159687.75146484375,-303.8503048706055,-145.43650833129885,-5.931982517242432,-4.063408024311066,-9.089584879006491,-0.55366734077832,0.0,-0.029834747314453125,-244.40625,-10.740509033203125,0.1983642727136612,71.41113817691803,1643.6269949230652,1,1789162839.074117,38.991462596666665,-76.936601025,-10.168000000000003,0,1,8.602488999999998,9.504889,78.92545600000001,1,1,1789162839.189449,-0.44027513470121565,0.8880708501736064,0.11780704675971407,-0.06007886957582228,164.80258546696513,-0.17037262053840238,-127.23599104456693,-0.00870151351874293,-0.22282775639844285,-0.028689024112581993,5.110833798294067,3.1640176081848144,-0.9250613097572327
2026-09-11T17:40:39.225,39.46102547200002,-443.7746276855469,-39939.71649169922,-159758.86596679688,-303.9856199645996,-145.571823425293,-5.907285213470459,-4.046490371227264,-9.051741166846949,0.5063972073349237,0.0,-0.03118133544921875,-255.4375,-11.22528076171875,-0.01525880303233862,-5.493169091641903,-2301.9816188401537,1,1789162839.074117,38.991462596666665,-76.936601025,-10.168000000000003,0,1,8.602488999999998,9.504889,78.92545600000001,1,1,1789162839.2214491,-0.4401384196071307,0.8881983392017899,0.11676216580909841,-0.061224818991062406,164.85187350416294,-0.34243226063840887,-127.2338930495715,0.01733129400522889,-0.09456246247182837,-0.030276401067270833,3.7985078736495974,-2.46048852558136,-7.784322765388489
2026-09-11T17:40:39.258,39.49442793600002,-443.96807861328125,-39957.12707519531,-159828.50830078125,-304.1181338500977,-145.70433731079103,-5.804833889007568,-3.9763112139701846,-8.894754863032794,2.1010173757561357,0.0,-0.032627105712890625,-267.28125,-11.745758056640625,-0.0915527492761612,-32.95898973941803,-822.2692986892171,1,1789162839.074117,38.991462596666665,-76.936601025,-10.168000000000003,0,1,8.602488999999998,9.504889,78.92545600000001,1,1,1789162839.249449,-0.44025561553482784,0.8884136672638111,0.11520002298067135,-0.06020883252620665,165.06583045856112,-0.31775172392851775,-127.23669190777309,0.0016615534478986017,-0.17201598588513195,-0.04522025918869669,-7.289479198226928,-0.6817583192443848,-14.82059425643921
2026-09-11T17:40:39.292,39.527834815999995,-444.15972900390625,-39974.37561035156,-159897.50244140625,-304.2494143676758,-145.83561782836915,-5.728229999542236,-3.923837549686432,-8.777374619019389,1.5707442384261954,0.0,-0.034099578857421875,-279.34375,-12.275848388671875,-0.045776382088661194,-16.47949755191803,493.2963565443244,1,1789162839.074117,38.991462596666665,-76.936601025,-10.168000000000003,0,1,8.602488999999998,9.504889,78.92545600000001,1,1,1789162839.2894492,-0.44124430378726237,0.8883638843992084,0.11240240936635816,-0.058981112562254176,165.4181623396533,-0.3208313875618008,-127.13239532739432,-0.027972740987563516,-0.07364835657810552,-0.06226531919659851,2.8229423155593873,3.147836635417938,-17.726500832366945
2026-09-11T17:40:39.326,39.561255424000024,-444.35150146484375,-39991.63513183594,-159966.54052734375,-304.380778503418,-145.96698196411134,-5.649999618530273,-3.8702497386932375,-8.657502099796961,1.6034361491313645,0.0,-0.03547477722167969,-290.609375,-12.770919799804688,0.0305175818502903,10.986329466104507,821.8230804777421,1,1789162839.074117,38.991462596666665,-76.936601025,-10.168000000000003,0,1,8.602488999999998,9.504889,78.92545600000001,1,1,1789162839.321449,-0.4430846413356174,0.8877001100883422,0.11180443431359591,-0.05625196556076205,165.62031428996343,-0.045383801866026835,-126.94324443848366,0.11182883022888308,-0.04638666272780449,-0.08556354484854561,-8.456862833480836,4.46889047870636,-10.525379552097322
2026-09-11T17:40:39.359,39.594668608000006,-444.5390319824219,-40008.51287841797,-160034.05151367188,-304.509236907959,-146.09544036865236,-5.676991939544678,-3.8887394785881044,-8.698862469998435,-0.5533665960980094,0.0,-0.04103660583496094,-336.171875,-14.773178100585938,-0.2136230766773224,-76.90430760383606,-2630.417893427517,1,1789162839.074117,38.991462596666665,-76.936601025,-10.168000000000003,0,1,8.602488999999998,9.504889,78.92545600000001,1,1,1789162839.3494492,-0.4450065512696811,0.8866666284340313,0.11301270270469178,-0.054950781394563206,165.56288124915332,0.17972214485761023,-126.71979415792454,-0.11565110129075065,-0.015866264631104854,-0.14750231294209598,-2.9086524379730223,-0.24114552747726442,1.7004731380462645
2026-09-11T17:40:39.392,39.62807187200002,-444.73126220703125,-40025.81359863281,-160103.25439453125,-304.6409146118164,-146.22711807250977,-5.755387306213379,-3.9424403047561647,-8.818987796967074,-1.607652059632161,0.0,-0.04655647277832031,-381.390625,-16.760330200195312,-0.1373291313648224,-49.43848729133606,822.249595503242,1,1789162839.074117,38.991462596666665,-76.936601025,-10.168000000000003,0,1,8.602488999999998,9.504889,78.92545600000001,1,1,1789162839.3894491,-0.4480402628632952,0.8852942973774324,0.10914735764460767,-0.0600065346740478,165.69789834828998,-0.48370039944179394,-126.25211022324021,0.04876380116902077,0.19548804633057767,-0.16032943574670308,9.9778742735672,-2.687120210819244,-16.506553552246093
2026-09-11T17:40:39.426,39.66147587200004,-444.925048828125,-40043.25439453125,-160173.017578125,-304.77365844726563,-146.359861907959,-5.782385349273682,-3.9609339642524724,-8.86035693506726,-0.5536360764069373,0.0,-0.04961204528808594,-406.421875,-17.860336303710938,-0.030517607927322388,-10.98633885383606,1151.1240700957533,1,1789162839.074117,38.991462596666665,-76.936601025,-10.168000000000003,0,1,8.602488999999998,9.504889,78.92545600000001,1,1,1789162839.4214492,-0.4509906473307875,0.8836777666991091,0.10836410573646504,-0.06307345915492985,165.6152307822776,-0.7867433689421768,-125.82514244298214,-0.02552282231653908,0.12709662145947906,-0.18257644959017402,3.2167773860549924,3.0390808851242066,-10.47458110425949
2026-09-11T17:40:39.459,39.694885183999986,-445.1191711425781,-40060.72540283203,-160242.90161132812,-304.906632232666,-146.49283569335938,-5.809372901916504,-3.9794204378128053,-8.901709998686473,-0.5533329617910874,0.0,-0.05130195617675781,-420.265625,-18.468704223632812,0.0,0.0,328.84061946123376,1,1789162839.074117,38.991462596666665,-76.936601025,-10.168000000000003,0,1,8.602488999999998,9.504889,78.92545600000001,1,1,1789162839.449449,-0.4539684043763054,0.8821773436911703,0.10920592990849559,-0.06123632074874406,165.6238597967937,-0.50939518525503,-125.4750606686272,0.09283249211725159,0.018748850423698688,-0.2201556573136395,-5.402287441101074,1.3448840031814577,-3.8013518021965025
2026-09-11T17:40:39.493,39.72829760000002,-445.3145751953125,-40078.311767578125,-160313.2470703125,-305.04048400878906,-146.62668746948242,-5.836545944213867,-3.998033971786499,-8.943347288355616,-0.5570843477369494,0.0,-0.051540374755859375,-422.21875,-18.554534912109375,-0.213623046875,-76.904296875,-2301.668244371325,1,1789162839.074117,38.991462596666665,-76.936601025,-10.168000000000003,0,1,8.602488999999998,9.504889,78.92545600000001,1,1,1789162839.489449,-0.4580460385494654,0.880006268726538,0.11121189868851081,-0.058435495730200064,165.5658736856279,-0.05539734117799254,-124.99874593039456,-0.05578491168394356,-0.09129852223767378,-0.23086412493925074,2.070183849143982,1.2897706292724609,-5.185756605529786
2026-09-11T17:40:39.526,39.761707392000005,-445.5135498046875,-40096.219482421875,-160384.8779296875,-305.176781616211,-146.7629850769043,-5.941525459289551,-4.069944939613342,-9.104207542084238,-2.1523919642143405,0.0,-0.055477142333984375,-454.46875,-19.971771240234375,-0.18310546875,-65.91796875,328.83557386422854,1,1789162839.074117,38.991462596666665,-76.936601025,-10.168000000000003,0,1,8.602488999999998,9.504889,78.92545600000001,1,1,1789162839.521449,-0.4610147823754815,0.8783737985396689,0.11104489388342773,-0.05994891168902835,165.50156302660602,-0.16778699860220628,-124.59315698586309,-0.1207755625075312,0.006754075139367656,-0.18677536270462197,-0.7727640327453613,3.245412804527283,-5.338544215049743
2026-09-11T17:40:39.559,39.795112512,-445.7149658203125,-40114.346923828125,-160457.3876953125,-305.3147515869141,-146.90095504760743,-5.994540691375732,-4.106260373592377,-9.185442854313647,-1.0871217938758373,0.0,-0.05987358093261719,-490.484375,-21.554489135742188,-0.1220703125,-43.9453125,657.7631288258076,1,1789162839.074117,38.991462596666665,-76.936601025,-10.168000000000003,0,1,8.602488999999998,9.504889,78.92545600000001,1,1,1789162839.5494492,-0.4649827046544279,0.8764899482796326,0.10938939698801815,-0.059920069789828674,165.67141879481778,-0.18966784863745653,-124.0837699853861,0.02499555834951159,0.07519977975020328,-0.24432375506478063,0.5916352042579651,-2.370071211090088,-9.589138661155701
2026-09-11T17:40:39.593,39.82851788800002,-445.9148864746094,-40132.339782714844,-160529.35913085938,-305.4516972351074,-147.0379006958008,-5.969701290130615,-4.089245383739471,-9.147381406002744,0.509348850104138,0.0,-0.06251335144042969,-512.109375,-22.504806518554688,-0.1220703125,-43.9453125,0.0,1,1789162839.074117,38.991462596666665,-76.936601025,-10.168000000000003,0,1,8.602488999999998,9.504889,78.92545600000001,1,1,1789162839.5894492,-0.4692660696168303,0.8741633423952367,0.10875459591662348,-0.06164612385034643,165.64083732129703,-0.3270391974439466,-123.50345128913118,0.0970813216483066,0.01990460745436933,-0.2214622107916825,3.345146436672211,-3.4839105364608765,-11.8923285181427
2026-09-11T17:40:39.627,39.86193571199999,-446.1156005859375,-40150.404052734375,-160601.6162109375,-305.5891864013672,-147.17538986206057,-5.943992614746094,-4.071634941101075,-9.107987967745773,0.5269775386456337,0.0,-0.06340408325195312,-519.40625,-22.825469970703125,-0.030517593026161194,-10.98633348941803,986.2694534094383,1,1789162839.074117,38.991462596666665,-76.936601025,-10.168000000000003,0,1,8.602488999999998,9.504889,78.92545600000001,1,1,1789162839.621449,-0.4735882259709979,0.8723093791207273,0.10566337745114558,-0.060214533007165005,166.03205100218463,-0.2847348887393443,-122.96888617615296,0.025420022423596613,0.032250892050052014,-0.25600733814348103,2.8928637312126155,-2.609745741043091,-11.139668118228913
2026-09-11T17:40:39.660,39.89535251199999,-446.3100280761719,-40167.90252685547,-160671.61010742188,-305.72236923217775,-147.3085726928711,-5.892755031585693,-4.036537196636201,-9.029476549383045,1.0503023767948023,0.0,-0.06410026550292969,-525.109375,-23.076095581054688,0.1068115308880806,38.452151119709015,1479.4499954852188,1,1789162839.074117,38.991462596666665,-76.936601025,-10.168000000000003,0,1,8.602488999999998,9.504889,78.92545600000001,1,1,1789162839.649449,-0.47649124005171606,0.8707199593894772,0.10632973250428489,-0.05913407190725637,166.02367730409566,-0.09442699323022141,-122.61009786391021,0.006401693163390001,-0.20159059006017585,-0.268219930518461,-3.3546588873291014,1.0370532546043396,-8.66554834892273
2026-09-11T17:40:39.693,39.92876521599999,-446.5094909667969,-40185.85418701172,-160743.41674804688,-305.8590013122559,-147.44520477294924,-5.946050643920898,-4.073044691085816,-9.111141488649363,-1.0926231666139634,0.0,-0.06514167785644531,-533.640625,-23.451004028320312,0.0762939527630806,27.465822994709015,-328.80691502848885,1,1789162839.074117,38.991462596666665,-76.936601025,-10.168000000000003,0,1,8.602488999999998,9.504889,78.92545600000001,1,1,1789162839.689449,-0.48102193249720815,0.8685771242954267,0.10517570578451202,-0.055944173245012815,166.31822692458496,0.2291828273672518,-122.07173045203835,0.15257825400567107,-0.07504811063820498,-0.2520283365147844,-10.192149579601287,4.958340388278962,-2.856775258617401
2026-09-11T17:40:39.726,39.962174688000005,-446.7110900878906,-40203.998107910156,-160815.99243164062,-305.9970967102051,-147.58330017089844,-6.050992965698242,-4.144930181503296,-9.271944751036354,-2.151649999660126,0.0,-0.06717491149902344,-550.296875,-24.182968139648438,-0.030517585575580597,-10.986330807209015,-1150.9356927849344,1,1789162839.074117,38.991462596666665,-76.936601025,-10.168000000000003,0,1,8.602488999999998,9.504889,78.92545600000001,1,1,1789162839.7214491,-0.48507797968652316,0.8663404095067853,0.10494942709023004,-0.05602915519878247,166.3374227639661,0.27139219220055594,-121.54217486697469,0.1027145463420435,0.01894519996454805,-0.2776918323690342,6.143768259830475,-0.8330749312400818,-10.52508535259247
2026-09-11T17:40:39.760,39.99558355200003,-446.9140625,-40222.265625,-160889.0625,-306.1361328125,-147.72233627319338,-6.077406883239746,-4.163023715019226,-9.31241883280964,-0.5415788311723804,0.0,-0.06807518005371094,-557.671875,-24.507064819335938,0.0305175818502903,10.986329466104507,657.6895363247991,1,1789162839.074117,38.991462596666665,-76.936601025,-10.168000000000003,0,1,8.602488999999998,9.504889,78.92545600000001,1,1,1789162839.749449,-0.4891667055492687,0.8643021806530382,0.10320041986814274,-0.05520279014250224,166.56141237217994,0.31745662557316484,-121.02052357235391,0.17323946169077997,0.04916225983725108,-0.30251041433239356,3.7706569871902467,-0.5247538501548767,-14.235725640792847
2026-09-11T17:40:39.794,40.02898569600001,-447.1176452636719,-40240.58807373047,-160962.35229492188,-306.27558700561525,-147.8617904663086,-6.104722499847412,-4.181734912395478,-9.354274589288371,-0.5601795314774952,0.0,-0.06828880310058594,-559.421875,-24.583969116210938,-0.061035171151161194,-21.97266161441803,-986.7328001622739,1,1789162839.074117,38.991462596666665,-76.936601025,-10.168000000000003,0,1,8.602488999999998,9.504889,78.92545600000001,1,1,1789162839.7894669,-0.49434215615999977,0.8613044616105956,0.10415993092908903,-0.05414024234903343,166.5282774383187,0.5568564270056175,-120.35878558718322,0.016230165780145668,0.02326035200717883,-0.25230235320734745,11.520558410511018,-3.2085397999191287,-11.076121025180818
2026-09-11T17:40:39.827,40.062392576000036,-447.3225402832031,-40259.02862548828,-161036.11450195312,-306.41594009399415,-148.0021435546875,-6.1323676109313965,-4.200671813488007,-9.396635230601293,-0.5668563209887275,0.0,-0.067352294921875,-551.75,-24.246826171875,0.0,0.0,657.7286359695544,1,1789162839.074117,38.991462596666665,-76.936601025,-10.168000000000003,0,1,8.602488999999998,9.504889,78.92545600000001,1,1,1789162839.821467,-0.498043097445211,0.8588218538567844,0.10667160962448907,-0.05476553775228283,166.24370132691345,0.6982486572790019,-119.86410834552582,-0.09074141314043718,0.022888945942354435,-0.2633090976021245,-6.9438928465271,1.388131330394745,-2.2947561378479007
2026-09-11T17:40:39.860,40.09581251200001,-447.52777099609375,-40277.49938964844,-161109.99755859375,-306.55652313232423,-148.14272659301758,-6.08170747756958,-4.1659696221351625,-9.319008639350299,1.0383679775111512,0.0,-0.06802558898925781,-557.265625,-24.489212036132812,0.0,0.0,0.0,1,1789162839.074117,38.991462596666665,-76.936601025,-10.168000000000003,0,1,8.602488999999998,9.504889,78.92545600000001,1,1,1789162839.849467,-0.501489166491333,0.8567317675145909,0.10561910755155976,-0.05799912536551715,166.16353382359546,0.3755358461169821,-119.36029938424049,-0.17453955745059052,0.19284683957353466,-0.2881920822148825,2.0419406966781617,0.18917028162002564,-10.697584328937532
2026-09-11T17:40:39.894,40.12922454400001,-447.7301940917969,-40295.71746826172,-161182.86987304688,-306.6951829528809,-148.28138641357424,-6.0565972328186035,-4.148769104480744,-9.280532177167007,0.5148001071715185,0.0,-0.06788444519042969,-556.109375,-24.438400268554688,-0.0457763709127903,-16.479493528604507,-493.22033238217807,1,1789162839.074117,38.991462596666665,-76.936601025,-10.168000000000003,0,1,8.602488999999998,9.504889,78.92545600000001,1,1,1789162839.889467,-0.5072375346391479,0.8534934290865559,0.1038058751003421,-0.059020252913077526,166.28619031020853,0.2613657028175441,-118.58476369312199,-0.02694142593256007,0.12222593111593849,-0.20260043756537977,-0.18063849597930906,0.8597490196800232,-13.195534258136748
2026-09-11T17:40:39.927,40.16263347200004,-447.93316650390625,-40313.98498535156,-161255.93994140625,-306.8342190551758,-148.42042251586915,-6.005035400390625,-4.113449249267578,-9.201523911210572,1.0571981002543807,0.0,-0.06790351867675781,-556.265625,-24.445266723632812,-0.015258791856467724,-5.493165068328381,328.84408803140167,1,1789162839.074117,38.991462596666665,-76.936601025,-10.168000000000003,0,1,8.602488999999998,9.504889,78.92545600000001,1,1,1789162839.9214668,-0.5112899025789834,0.8512989524186507,0.10143944578284672,-0.059856227503497644,166.47210497386703,0.10421197981997112,-118.03432980393602,-0.04097649111247247,0.03603022801232054,-0.2374963760968292,-0.5049444168281555,-0.24251845849990844,-10.111342782268524
2026-09-11T17:40:39.960,40.196038112,-448.1288146972656,-40331.593322753906,-161326.37329101562,-306.968238067627,-148.55444152832033,-5.953329086303711,-4.078030424118042,-9.122294255811644,1.0602965680690117,0.0,-0.067230224609375,-550.75,-24.202880859375,0.0762939602136612,27.46582567691803,986.6590612947166,1,1789162839.074117,38.991462596666665,-76.936601025,-10.168000000000003,0,1,8.602488999999998,9.504889,78.92545600000001,1,1,1789162839.949467,-0.5142834016203934,0.8494393011567772,0.10128712116159046,-0.0608800094845628,166.42642915300465,0.043133699324593565,-117.62046530399311,-0.009288293213263422,0.02940984509365565,-0.26542775278112046,-4.585197349624633,1.464034802646637,-3.8590149051475526
2026-09-11T17:40:39.994,40.22944649600004,-448.32611083984375,-40349.34997558594,-161397.39990234375,-307.10338592529297,-148.68958938598635,-5.9284467697143555,-4.060986037254334,-9.0841670482604,0.5101829188651535,0.0,-0.06726837158203125,-551.0625,-24.21661376953125,-0.1983642727136612,-71.41113817691803,-2959.645215216538,1,1789162839.074117,38.991462596666665,-76.936601025,-10.168000000000003,0,1,8.602488999999998,9.504889,78.92545600000001,1,1,1789162839.989467,-0.5183403786219367,0.8468853832842227,0.10038291985473835,-0.06349542401653419,166.35817485119557,-0.19948434777049265,-117.03829484098718,-0.16417230169374422,-0.012559738363201595,-0.249126901166269,-12.808171576747895,0.6244874822998047,-0.5778078275299072
2026-09-11T17:40:40.027,40.262869024,-448.5259704589844,-40367.337341308594,-161469.34936523438,-307.24028976440434,-148.82649322509766,-5.9293437004089355,-4.061600434780122,-9.085541416383583,-0.01838273651199251,0.0,-0.06780624389648438,-555.46875,-24.410247802734375,-0.030517585575580597,-10.986330807209015,1807.9065524241992,1,1789162839.074117,38.991462596666665,-76.936601025,-10.168000000000003,0,1,8.602488999999998,9.504889,78.92545600000001,1,1,1789162840.021467,-0.5222858378016145,0.8445008348616212,0.10077315541360252,-0.06229458000401028,166.39203774671685,0.0028151802700574807,-116.53047644812173,-0.009434028205804948,0.11715382977671777,-0.26948250169935367,-4.29325337430954,0.5572138621902466,-2.796072094116211
2026-09-11T17:40:40.061,40.296285023999985,-448.7254638671875,-40385.291748046875,-161541.1669921875,-307.37694274902344,-148.9631462097168,-5.981658935546875,-4.09743637084961,-9.165704122337162,-1.0724184842440958,0.0,-0.06814765930175781,-558.265625,-24.533157348632812,0.0,0.0,328.77456329940287,1,1789162839.074117,38.991462596666665,-76.936601025,-10.168000000000003,0,1,8.602488999999998,9.504889,78.92545600000001,1,1,1789162840.0494668,-0.5253788141599341,0.8423960708008007,0.1015555410763994,-0.06350144571545907,166.24181712589322,-0.01584097904587973,-116.0968216289942,-0.15938381635797258,-0.026262492853534273,-0.25726886212682254,4.7887834069824216,0.33117057596206667,-11.379342648181915
2026-09-11T17:40:40.094,40.329691008,-448.9273681640625,-40403.463134765625,-161613.8525390625,-307.51524719238284,-149.10145065307617,-6.034705638885498,-4.133773362636567,-9.24698765800949,-1.0877390046927995,0.0,-0.06720352172851562,-550.53125,-24.193267822265625,0.0,0.0,0.0,1,1789162840.0746038,38.99145967,-76.93662607666667,-10.233,0,1,8.596624,9.498724,78.96099599999998,1,1,1789162840.0894668,-0.5296938166611624,0.8397871107430036,0.1002141451388366,-0.06433657074278379,166.32142180964368,-0.10842772512501773,-115.50382195960239,-0.023375892803660852,0.23843763216242972,-0.21349722621728118,-1.426083066520691,2.2246385891914366,-0.3859897503662109
2026-09-11T17:40:40.128,40.363099584,-449.134521484375,-40422.10693359375,-161688.427734375,-307.6571472167969,-149.24335067749024,-6.113955974578857,-4.188059842586518,-9.368423055177418,-1.6249264844437612,0.0,-0.06698799133300781,-548.765625,-24.115676879882812,0.0610351599752903,21.972657591104507,657.6951256798533,1,1789162840.0746038,38.99145967,-76.93662607666667,-10.233,0,1,8.596624,9.498724,78.96099599999998,1,1,1789162840.1214669,-0.5338179409795657,0.8371180660512639,0.10158129131931079,-0.06287281314550766,166.27880399117,0.18265329874448277,-114.9718527314139,-0.06359560915246858,-0.06296694155590023,-0.2531135822436745,-0.6387071250343322,1.308207131576538,-13.439523714160918
2026-09-11T17:40:40.161,40.396516383999995,-449.34033203125,-40440.6298828125,-161762.51953125,-307.7981274414063,-149.38433090209963,-6.219005584716797,-4.260018825531006,-9.529390715665267,-2.1533774312469465,0.0,-0.06745719909667969,-552.609375,-24.284591674804688,0.015258795581758022,5.493166409432888,-493.1498881303044,1,1789162840.0746038,38.99145967,-76.93662607666667,-10.233,0,1,8.596624,9.498724,78.96099599999998,1,1,1789162840.149467,-0.536745565133273,0.834963299578028,0.1033443000931978,-0.06372159999390017,166.05534996021683,0.2594817120574825,-114.56288840160938,-0.1047098067429234,0.04546931767295627,-0.21996419469469577,8.099900767593384,1.141690211830139,-5.214686223506927
2026-09-11T17:40:40.195,40.429938048,-449.5524597167969,-40459.72137451172,-161838.88549804688,-307.9434349060059,-149.52963836669923,-6.324653625488281,-4.332387733459473,-9.6912753522268,-2.1653292884657884,0.0,-0.06815719604492188,-558.34375,-24.536590576171875,-0.061035171151161194,-21.97266161441803,-821.7971440275708,1,1789162840.0746038,38.99145967,-76.93662607666667,-10.233,0,1,8.596624,9.498724,78.96099599999998,1,1,1789162840.189467,-0.5414332865158921,0.831620823459515,0.10431308188234517,-0.06614819112663028,165.81056722139087,0.16826208396073378,-113.88802978726288,-0.053709017071621505,-0.0008246680715673207,-0.28163610194561617,-8.470199877700805,2.430382109584808,-0.1770100354194641
2026-09-11T17:40:40.228,40.46334633600003,-449.76641845703125,-40478.97766113281,-161915.91064453125,-308.08999664306646,-149.67620010375978,-6.403801918029785,-4.386604313850404,-9.812554388534357,-1.6228482103266624,0.0,-0.0687713623046875,-563.375,-24.7576904296875,-0.061035171151161194,-21.97266161441803,0.0,1,1789162840.0746038,38.99145967,-76.93662607666667,-10.233,0,1,8.596624,9.498724,78.96099599999998,1,1,1789162840.221467,-0.5459504226875269,0.8284838185956412,0.10439364862583246,-0.06822510109249726,165.67202845983743,0.05389978822844898,-113.23897903789904,0.01198884116487425,0.2131457169059295,-0.274914838996186,-1.8918008827018737,0.07472667423248291,-5.244302306995391
2026-09-11T17:40:40.261,40.496750880000036,-449.9836120605469,-40498.52508544922,-161994.10034179688,-308.23877426147465,-149.82497772216797,-6.5335164070129395,-4.475458738803864,-10.011316076422377,-2.659950243698651,0.0,-0.06876754760742188,-563.34375,-24.756317138671875,0.1220703199505806,43.945315182209015,1973.3236531117925,1,1789162840.0746038,38.99145967,-76.93662607666667,-10.233,0,1,8.596624,9.498724,78.96099599999998,1,1,1789162840.249467,-0.5497066237666992,0.825874663511956,0.10435544824058794,-0.06973957541121269,165.5791889323899,-0.026501275927131734,-112.70074762823586,-0.19247805150258826,0.08481148247386126,-0.30735684459933144,1.5760267474937437,1.1040326752090455,-20.180222769336698
2026-09-11T17:40:40.295,40.53016809600001,-450.2041320800781,-40518.37188720703,-162073.48754882812,-308.38983047485357,-149.9760339355469,-6.612273216247559,-4.529407153129578,-10.131995242326354,-1.614389850002891,0.0,-0.06916999816894531,-566.640625,-24.901199340820312,-0.030517593026161194,-10.98633348941803,-1643.8128380194119,1,1789162840.0746038,38.99145967,-76.93662607666667,-10.233,0,1,8.596624,9.498724,78.96099599999998,1,1,1789162840.2894669,-0.5550377704602754,0.8222887472128328,0.10467047522733791,-0.06941456032648884,165.57014037874424,0.11656895736047748,-111.97673995003892,-0.12217915629198504,-0.11164399986109687,-0.2648818137910966,0.7394214221954345,2.9707285334968563,-16.408290917625425
2026-09-11T17:40:40.329,40.56358662400004,-450.42919921875,-40538.6279296875,-162154.51171875,-308.5440014648438,-150.13020492553713,-6.639271259307861,-4.547900812625885,-10.17336438042654,-0.5533953948029021,0.0,-0.06766891479492188,-554.34375,-24.360809326171875,0.015258789993822575,5.493164397776127,493.1245890657078,1,1789162840.0746038,38.99145967,-76.93662607666667,-10.233,0,1,8.596624,9.498724,78.96099599999998,1,1,1789162840.321467,-0.558287477538465,0.8199313287902398,0.10532612311541414,-0.07024326502580903,165.4542499635624,0.13838112602417238,-111.51612243343641,-0.07096299299098704,-0.1410627461339377,-0.213914534441433,7.554454885597229,-1.6601678058815001,-5.275585521011353
2026-09-11T17:40:40.361,40.596992672,-450.65106201171875,-40558.59558105469,-162234.38232421875,-308.6959774780274,-150.28218093872073,-6.717630863189697,-4.601577141284943,-10.293434908028225,-1.6067847552371564,0.0,-0.05937004089355469,-486.359375,-21.373214721679688,0.3814697563648224,137.32911229133606,3946.469450493364,1,1789162840.0746038,38.99145967,-76.93662607666667,-10.233,0,1,8.596624,9.498724,78.96099599999998,1,1,1789162840.349467,-0.561587612181644,0.8177466832262245,0.10554404236717792,-0.06906642482004978,165.5109967758778,0.32010022662749604,-111.08201749099986,-0.14108752980931602,-0.10501174870351843,-0.2059204028685234,0.26938867994308474,2.85108740152359,-17.898215276699066
2026-09-11T17:40:40.395,40.63039648,-450.8755798339844,-40578.802185058594,-162315.20874023438,-308.8497721862793,-150.43597564697268,-6.718658924102783,-4.602281363010407,-10.29501020716357,-0.021082079188828203,0.0,-0.047756195068359375,-391.21875,-17.192230224609375,0.5493164658546448,197.75392770767212,1808.9199715293262,1,1789162840.0746038,38.99145967,-76.93662607666667,-10.233,0,1,8.596624,9.498724,78.96099599999998,1,1,1789162840.389467,-0.5646978082235753,0.81587639474591,0.10498489201668129,-0.06663532345649666,165.7248352229608,0.5636335125523253,-110.69353780800999,-0.036441253051165204,-0.1915376681016137,-0.1073887126118095,4.949710536136627,0.3295034454345703,-11.111130766258238
2026-09-11T17:40:40.428,40.66380412800004,-451.0962829589844,-40598.665466308594,-162394.66186523438,-309.0009538269043,-150.58715728759768,-6.589592456817627,-4.513870832920075,-10.097241483804737,2.646415877293613,0.0,-0.041538238525390625,-340.28125,-14.953765869140625,-0.1983642727136612,-71.41113817691803,-8056.989402076375,1,1789162840.0746038,38.99145967,-76.93662607666667,-10.233,0,1,8.596624,9.498724,78.96099599999998,1,1,1789162840.4214668,-0.5662846563370364,0.814591364918006,0.10714812425640964,-0.0654360425652237,165.5992973134582,0.8448802060944861,-110.49451368215028,-0.013369571136126964,-0.1543921746972688,-0.12255754367381742,-7.131297931118011,-0.7720775672340392,2.975926058082581
2026-09-11T17:40:40.461,40.697214496000015,-451.3133850097656,-40618.204650878906,-162472.81860351562,-309.1496687316895,-150.73587219238283,-6.51262903213501,-4.461150887012482,-9.979310323488898,1.577951667806503,0.0,-0.04453277587890625,-364.8125,-16.03179931640625,-0.015258789993822575,-5.493164397776127,1972.979578650169,1,1789162840.0746038,38.99145967,-76.93662607666667,-10.233,0,1,8.596624,9.498724,78.96099599999998,1,1,1789162840.449467,-0.5679865063004467,0.8134123606705452,0.1057139419889018,-0.06764778368986459,165.5913184574046,0.5750930278104098,-110.22133410800166,-0.19382841274485624,0.07068391484359315,-0.15758036764188682,8.425481552963257,-2.879134420986176,-17.523895440025328
2026-09-11T17:40:40.495,40.73063308799999,-451.52423095703125,-40637.18078613281,-162548.72314453125,-309.29409820556646,-150.88030166625978,-6.332115650177002,-4.337499220371247,-9.702709422806107,3.7000860671007976,0.0,-0.0457000732421875,-374.375,-16.4520263671875,0.1068115308880806,38.452151119709015,1314.996021302078,1,1789162840.0746038,38.99145967,-76.93662607666667,-10.233,0,1,8.596624,9.498724,78.96099599999998,1,1,1789162840.489467,-0.5705675870442319,0.8119502009980426,0.10438238308877461,-0.06552722956503963,165.85942764797178,0.7279461026184799,-109.89790021907373,0.1423169397344208,0.03504865484099893,-0.13277627191131902,9.725058832397462,-2.560712490234375,-13.963394965801239
2026-09-11T17:40:40.528,40.76405648000002,-451.7298889160156,-40655.690002441406,-162622.76000976562,-309.43497390747075,-151.02117736816408,-6.123805046081543,-4.194806456565857,-9.383514800836284,4.269248429520716,0.0,-0.04549980163574219,-372.734375,-16.379928588867188,-0.0457763709127903,-16.479493528604507,-1643.5089726459155,1,1789162840.0746038,38.99145967,-76.93662607666667,-10.233,0,1,8.596624,9.498724,78.96099599999998,1,1,1789162840.521467,-0.5727885855115858,0.8105917567197177,0.10384492928781172,-0.06380024221653129,166.0267471170124,0.8898667026957812,-109.61669295183887,0.20729642045079572,-0.2411018772655991,-0.1836295812608274,-2.2623941923141477,-5.913802313537598,-10.373572607593536
2026-09-11T17:40:40.562,40.797461664000025,-451.9306335449219,-40673.75701904297,-162695.02807617188,-309.5724839782715,-151.15868743896485,-6.019763946533203,-4.123538303375245,-9.224092482496511,2.1334459103894132,0.0,-0.052639007568359375,-431.21875,-18.950042724609375,-0.18310552835464478,-65.91799020767212,-1479.9648066319075,1,1789162840.0746038,38.99145967,-76.93662607666667,-10.233,0,1,8.596624,9.498724,78.96099599999998,1,1,1789162840.561467,-0.5751129238044375,0.8087032060731005,0.1058920214881932,-0.06349117375937843,165.85691644253026,1.0949149960390945,-109.29841808965591,0.02053571851189048,-0.07745247621575237,-0.20562334782983394,8.267790618362428,5.105145941200257,-7.361852276420594
2026-09-11T17:40:40.595,40.830865792,-452.1314697265625,-40691.832275390625,-162767.3291015625,-309.71005676269533,-151.29626022338869,-5.943387508392334,-4.071220443248749,-9.107060762456927,1.5662094255697678,0.0,-0.07180023193359375,-588.1875,-25.84808349609375,-0.4272461533546448,-153.80861520767212,-2631.1306494835803,1,1789162840.0746038,38.99145967,-76.93662607666667,-10.233,0,1,8.596624,9.498724,78.96099599999998,1,1,1789162840.5894668,-0.5781802378510965,0.8065260510589142,0.10668342775251068,-0.06198377017202231,165.8874073226973,1.3397804109920621,-108.89408683853966,0.03655120879404085,-0.12850894189019288,-0.24233547598090868,-0.28655031772613526,-1.5112047899246215,-6.782279251861572
2026-09-11T17:40:40.629,40.864286400000026,-452.3265380859375,-40709.388427734375,-162837.5537109375,-309.8436785888672,-151.42988204956055,-5.866169452667236,-4.0183260750770575,-8.988739430648383,1.5826871902404165,0.0,-0.07766914367675781,-636.265625,-27.960891723632812,0.0457763709127903,16.479493528604507,5095.302537169017,1,1789162840.0746038,38.99145967,-76.93662607666667,-10.233,0,1,8.596624,9.498724,78.96099599999998,1,1,1789162840.6214669,-0.5826266309047748,0.8038490330722445,0.10242872275775998,-0.06230006214750233,166.27196284087105,1.099900943789173,-108.26350001140949,-0.006521771815927211,0.0970734676666726,-0.32156818803369525,4.8887131721305845,-3.3917280249404906,-6.942225715999603
2026-09-11T17:40:40.662,40.897703680000006,-452.5201416015625,-40726.812744140625,-162907.2509765625,-309.97629699707034,-151.5625004577637,-5.814242362976074,-3.9827560186386113,-8.9091714804908,1.064421055168671,0.0,-0.09165573120117188,-750.84375,-32.996063232421875,-0.5187988877296448,-186.76759958267212,-6082.095643672819,1,1789162840.0746038,38.99145967,-76.93662607666667,-10.233,0,1,8.596624,9.498724,78.96099599999998,1,1,1789162840.6614668,-0.5887037320561027,0.7992463303256716,0.10487445127497189,-0.06028738503150895,166.1894894933098,1.553537329658283,-107.43939639299957,0.012387474366029754,0.013560684689220344,-0.3715331247939385,-6.453658404941558,0.7962019266319275,0.686367444820404
2026-09-11T17:40:40.696,40.93112441599999,-452.7151184082031,-40744.36065673828,-162977.44262695312,-310.10985610961916,-151.6960595703125,-5.788919925689697,-3.9654101490974427,-8.870369875396918,0.5190151868940814,0.0,-0.10404586791992188,-852.34375,-37.456512451171875,-0.09155279397964478,-32.95900583267212,4602.190500834017,1,1789162840.0746038,38.99145967,-76.93662607666667,-10.233,0,1,8.596624,9.498724,78.96099599999998,1,1,1789162840.689467,-0.5931970206659473,0.7958558001908536,0.10498093499657489,-0.06090848268398202,166.14579764809656,1.581565343983723,-106.79360647189289,-0.14377725671956448,0.01796537212247843,-0.3696326357714419,5.037970387592316,-1.773042349243164,-10.4864471509552
2026-09-11T17:40:40.729,40.96453184000001,-452.9062805175781,-40761.56524658203,-163046.26098632812,-310.24080215454103,-151.82700561523438,-5.7119460105896,-3.912683017253876,-8.752422640600107,1.5783058233864042,0.0,-0.10281944274902344,-842.296875,-37.01499938964844,-0.015258817933499813,-5.493174456059933,822.1475375233246,1,1789162840.0746038,38.99145967,-76.93662607666667,-10.233,0,1,8.596624,9.498724,78.96099599999998,1,1,1789162840.721467,-0.5983559044116666,0.7918906615547456,0.10534851377111247,-0.06149050694458199,166.08191682935956,1.6437144434379263,-106.05094910377228,-0.2317353933018463,-0.1217340973327265,-0.42545681736355534,-5.693152684898376,3.2935634568214414,-6.723537417392731
2026-09-11T17:40:40.762,40.99793747199999,-453.09307861328125,-40778.37707519531,-163113.50830078125,-310.36875885009766,-151.95496231079102,-5.6097540855407715,-3.842681548595429,-8.595833814860917,2.0954990062299217,0.0,-0.10184860229492188,-834.34375,-36.665496826171875,-0.015258791856467724,-5.493165068328381,0.00028102242017539916,1,1789162840.0746038,38.99145967,-76.93662607666667,-10.233,0,1,8.596624,9.498724,78.96099599999998,1,1,1789162840.761467,-0.6040016873120753,0.7875361275755292,0.10603977269439031,-0.061027666631027114,166.0623962582783,1.8322542270022246,-105.25109563000206,-0.14948849763086552,-0.09217066326489534,-0.34046067905483307,-5.796612844104767,3.306508235034943,-6.681368821697235
2026-09-11T17:40:40.796,41.031344832,-453.2804260253906,-40795.238342285156,-163180.95336914062,-310.4970918273926,-152.08329528808594,-5.559136390686035,-3.808008427619934,-8.518272252192041,1.0378886860704284,0.0,-0.099090576171875,-811.75,-35.672607421875,0.015258789993822575,5.493164397776127,328.8595526884022,1,1789162840.0746038,38.99145967,-76.93662607666667,-10.233,0,1,8.596624,9.498724,78.96099599999998,1,1,1789162840.7894669,-0.6080808745122576,0.7843273693293699,0.10751005986579526,-0.05924368996721469,166.0622021048171,2.1672556540006025,-104.6928418826693,-0.17089967329555633,-0.029896791954962067,-0.35046490632726457,-0.6869558438301087,-0.5288726432228088,-3.953452946205139
2026-09-11T17:40:40.829,41.064765248000015,-453.46697998046875,-40812.02819824219,-163248.11279296875,-310.62488128662113,-152.21108474731446,-5.561351299285889,-3.809525640010834,-8.521666159652,-0.04539777095830202,0.0,-0.09598922729492188,-786.34375,-34.556121826171875,0.1220703199505806,43.945315182209015,1150.5587119088618,1,1789162840.0746038,38.99145967,-76.93662607666667,-10.233,0,1,8.596624,9.498724,78.96099599999998,1,1,1789162840.821467,-0.6126044506050262,0.7810068978572514,0.10583978782589218,-0.05951430005701844,166.20779210760082,2.1040124710870742,-104.03479890192617,-0.12097994056293974,0.011428066876208471,-0.3719368194499248,0.21623663606643678,0.2996912289428711,-10.963540681324004
2026-09-11T17:40:40.863,41.09818236800004,-453.6505126953125,-40828.546142578125,-163314.1845703125,-310.7506011962891,-152.33680465698242,-5.509009838104248,-3.77367173910141,-8.441463267495987,1.0729201352300237,0.0,-0.09546279907226562,-782.03125,-34.366607666015625,-0.0457763709127903,-16.479493528604507,-1808.1991718846452,1,1789162840.0746038,38.99145967,-76.93662607666667,-10.233,0,1,8.596624,9.498724,78.96099599999998,1,1,1789162840.861467,-0.6172837978042311,0.777306251990152,0.10517727427518855,-0.06077371604113913,166.19085205739574,2.0269100524605728,-103.33704275018576,-0.1238291905668205,-0.016529140681012296,-0.32083514974785765,2.4985383282089235,2.3981182305526736,-9.591884523200989
2026-09-11T17:40:40.896,41.131586112000036,-453.83233642578125,-40844.91027832031,-163379.64111328125,-310.8751504516602,-152.46135391235353,-5.482961177825928,-3.755828406810761,-8.401548869923847,0.5341716273077243,0.0,-0.09503746032714844,-778.546875,-34.21348571777344,-0.0762939527630806,-27.465822994709015,-328.8951521753173,1,1789162840.0746038,38.99145967,-76.93662607666667,-10.233,0,1,8.596624,9.498724,78.96099599999998,1,1,1789162840.889467,-0.6204148668410024,0.7751442836714179,0.10203367953457718,-0.06185354262142728,166.40588596558658,1.76015013779591,-102.86320629410662,0.1592249913960411,0.20780204233509847,-0.28672391124810487,0.06952914964675903,-1.514048718471527,-15.718589211750032
2026-09-11T17:40:40.930,41.164991680000014,-454.0160217285156,-40861.441955566406,-163445.76782226562,-311.0009748840332,-152.58717834472657,-5.432258129119873,-3.7210968184471134,-8.32385651943251,1.0396945911433224,0.0,-0.09540557861328125,-781.5625,-34.34600830078125,0.01525880303233862,5.493169091641903,986.6316922488123,1,1789162840.0746038,38.99145967,-76.93662607666667,-10.233,0,1,8.596624,9.498724,78.96099599999998,1,1,1789162840.9214668,-0.6239233274438813,0.7720561256636086,0.10338197216170261,-0.0629379704837251,166.21430519567954,1.8235487505496115,-102.33488176596101,-0.08914827659921677,0.00723020095931171,-0.31441233810051855,1.7849083959388734,3.203636474838257,0.6697942060470581
2026-09-11T17:40:40.963,41.19839744000001,-454.19384765625,-40877.4462890625,-163509.78515625,-311.1227856445313,-152.70898910522462,-5.407210826873779,-3.7039394164085393,-8.285476504135055,0.5136060978279583,0.0,-0.09573173522949219,-784.234375,-34.46342468261719,-0.1525879055261612,-54.93164598941803,-1808.814260806258,1,1789162840.0746038,38.99145967,-76.93662607666667,-10.233,0,1,8.596624,9.498724,78.96099599999998,1,1,1789162840.961467,-0.6288527314704471,0.7680431009666266,0.1041095313020921,-0.061767650690184334,166.24554907725684,2.06645874636948,-101.62990053094539,-0.05808961896120207,0.02298371732073773,-0.3214198350472757,5.473679854278564,-2.1594243656158447,-9.316317653656006
2026-09-11T17:40:40.996,41.23182012800004,-454.3755798339844,-40893.802185058594,-163575.20874023438,-311.2472721862793,-152.83347564697266,-5.408165454864502,-3.704593336582184,-8.286939281903587,-0.019565158064008478,0.0,-0.09664154052734375,-791.6875,-34.79095458984375,0.0457763709127903,16.479493528604507,2136.606712121963,1,1789162840.0746038,38.99145967,-76.93662607666667,-10.233,0,1,8.596624,9.498724,78.96099599999998,1,1,1789162840.989467,-0.632401048863642,0.7649332850293784,0.10526837615541121,-0.06216551963855696,166.12247578768878,2.1799836292989205,-101.10152452449881,-0.050002635872086344,-0.014400362592354814,-0.325952455114705,5.862905799198151,1.5981897768592834,4.105456023712159
2026-09-11T17:40:41.030,41.265244224000014,-454.558837890625,-40910.29541015625,-163641.181640625,-311.37280395507815,-152.9590074157715,-5.486731052398682,-3.7584107708930974,-8.407325453858924,-1.610138814553188,0.0,-0.09878730773925781,-809.265625,-35.56343078613281,-0.0457763671875,-16.4794921875,-986.0845814985718,1,1789162840.0746038,38.99145967,-76.93662607666667,-10.233,0,1,8.596624,9.498724,78.96099599999998,1,1,1789162841.021467,-0.637064893739909,0.7618512294920087,0.10015300262978104,-0.06083092428947617,166.68819197205806,2.001157984969904,-100.4283754189779,0.15717353139324697,0.17114471752253638,-0.3721178100933566,5.619700875186919,-3.3958468180084225,-11.221749780082703
2026-09-11T17:40:41.063,41.29866601600003,-454.74163818359375,-40926.74743652344,-163706.98974609375,-311.49802215576176,-153.0842256164551,-5.513474941253662,-3.7767303347587586,-8.44830515112463,-0.5481323043855403,0.0,-0.10000038146972656,-819.203125,-36.00013732910156,0.0762939527630806,27.465822994709015,1314.870105773866,1,1789162840.0746038,38.99145967,-76.93662607666667,-10.233,0,1,8.596624,9.498724,78.96099599999998,1,1,1789162841.061467,-0.6420051539650886,0.7577716817547302,0.09963888521904833,-0.060692282583340994,166.75681001004358,2.0605465312951554,-99.69483653457341,0.13054382126509306,-0.011039556584714533,-0.28958468042504876,-2.0004585664939882,0.19672140224456788,-9.357505584335328
2026-09-11T17:40:41.096,41.33207404800004,-454.9237060546875,-40943.133544921875,-163772.5341796875,-311.62273864746095,-153.2089421081543,-5.515024185180664,-3.777791566848755,-8.450679059701036,-0.031765776864562924,0.0,-0.10077857971191406,-825.578125,-36.28028869628906,-0.0610351599752903,-21.972657591104507,-1479.8381594521031,1,1789162841.082182,38.99145184166667,-76.93664921333334,-10.225000000000001,0,1,8.596624,9.498724,78.97876900000001,1,1,1789162841.0894668,-0.6459452410278619,0.7548014098587622,0.0952939654714382,-0.06283818435800366,166.98971641645565,1.618744716899218,-99.07197872426738,0.09756390518648302,0.1971438401919447,-0.2860167038351968,11.447302733802795,0.19309294168472288,-11.56812066379547
2026-09-11T17:40:41.130,41.36548451200002,-455.1097106933594,-40959.873962402344,-163839.49584960938,-311.7501518249512,-153.33635528564454,-5.5431132316589355,-3.797032563686371,-8.493719943822402,-0.5758973247909561,0.0,-0.10076522827148438,-825.46875,-36.275482177734375,-0.0457763746380806,-16.479494869709015,164.41443978143948,1,1789162841.082182,38.99145184166667,-76.93664921333334,-10.225000000000001,0,1,8.596624,9.498724,78.97876900000001,1,1,1789162841.1214669,-0.6504191322153551,0.7505885051387011,0.09856965230018368,-0.062095668506709355,166.76843418288706,2.006139483252944,-98.41186129718801,-0.1799436204135406,0.05470769446961266,-0.3802166614213859,-3.9166780080986023,1.356553916873932,-12.483865655899047
2026-09-11T17:40:41.164,41.398910304000026,-455.2933044433594,-40976.397399902344,-163905.58959960938,-311.8759135437012,-153.46211700439454,-5.517801761627197,-3.7796942067146304,-8.454935143867722,0.5187119267582133,0.0,-0.10159492492675781,-832.265625,-36.57417297363281,0.0,0.0,493.017334329959,1,1789162841.082182,38.99145184166667,-76.93664921333334,-10.225000000000001,0,1,8.596624,9.498724,78.97876900000001,1,1,1789162841.1614668,-0.6556502367789275,0.7458313642098435,0.09815070578199472,-0.0649983240331338,166.59946886940722,1.8194175145032625,-97.57722929400495,-0.46704801343858016,-0.06702797365944063,-0.40884826420157727,11.404447672595978,2.956901156768799,-10.4116224102211
2026-09-11T17:40:41.197,41.43233884800003,-455.4764709472656,-40992.882385253906,-163971.52954101562,-312.001382598877,-153.58758605957033,-5.466128826141357,-3.74429824590683,-8.375756634544619,1.0588543972419808,0.0,-0.10209083557128906,-836.328125,-36.75270080566406,0.0610351637005806,21.972658932209015,657.3023022542353,1,1789162841.082182,38.99145184166667,-76.93664921333334,-10.225000000000001,0,1,8.596624,9.498724,78.97876900000001,1,1,1789162841.189467,-0.6597668473000107,0.7422714375755896,0.09739380737856676,-0.0652324033558379,166.65715340503445,1.815096456919929,-96.94783197978931,0.09367984946909484,0.21179430846611028,-0.4081979545222842,-0.0908095804977417,0.5715315714263915,-11.295986121807099
2026-09-11T17:40:41.230,41.465763072000016,-455.6620788574219,-41009.58709716797,-164038.34838867188,-312.12852401733403,-153.71472747802736,-5.518554210662842,-3.7802096343040468,-8.456088122548413,-1.0744120311433691,0.0,-0.10116004943847656,-828.703125,-36.41761779785156,-0.0610351599752903,-21.972657591104507,-1314.774473846604,1,1789162841.082182,38.99145184166667,-76.93664921333334,-10.225000000000001,0,1,8.596624,9.498724,78.97876900000001,1,1,1789162841.221467,-0.6636732861987691,0.7385766973581387,0.09818669222248474,-0.06634459115917427,166.51322222549192,1.8525022839380183,-96.33433850044493,0.0016057029118347831,-0.09185301334103238,-0.3068299296981543,-5.557428646659851,1.4225526724624633,-1.6617368699073791
2026-09-11T17:40:41.264,41.499172832,-455.8428039550781,-41025.85235595703,-164103.40942382812,-312.2523207092285,-153.8385241699219,-5.415313720703125,-3.7094898986816407,-8.29789257937016,2.1167388099298146,0.0,-0.09966468811035156,-816.453125,-35.87928771972656,0.1525879055261612,54.93164598941803,2301.851422475355,1,1789162841.082182,38.99145184166667,-76.93664921333334,-10.225000000000001,0,1,8.596624,9.498724,78.97876900000001,1,1,1789162841.261467,-0.6686913932785025,0.7336887871721601,0.09834614166274087,-0.06986143824136126,166.24076014582366,1.662574620093028,-95.50788897966429,-0.20630350263933614,0.10635024170687288,-0.34938402392150447,8.666627080440522,5.519673043537139,-15.19667929014206
2026-09-11T17:40:41.297,41.53258134399999,-456.0249938964844,-41042.249450683594,-164168.99780273438,-312.37712081909183,-153.96332427978516,-5.416384220123291,-3.7102231907844545,-8.299532907087622,-0.021949259602281595,0.0,-0.0998077392578125,-817.625,-35.9307861328125,0.2136230617761612,76.90430223941803,657.6963454703971,1,1789162841.082182,38.99145184166667,-76.93664921333334,-10.225000000000001,0,1,8.596624,9.498724,78.97876900000001,1,1,1789162841.2894669,-0.6724141463965011,0.7299987614869846,0.1004020013410528,-0.06986030403630232,166.07402535332727,1.892685214059902,-94.93378586856173,0.015151901368263573,0.04082761452727735,-0.36355016332824164,-7.512580489406586,0.10434275772094727,-0.492097705116272
2026-09-11T17:40:41.331,41.56600617600003,-456.21014404296875,-41058.91296386719,-164235.65185546875,-312.5039486694336,-154.09015213012697,-5.46884298324585,-3.746157443523407,-8.37991554116724,-1.0750765400679592,0.0,-0.09897994995117188,-810.84375,-35.632781982421875,-0.1525879055261612,-54.93164598941803,-3944.251633895727,1,1789162841.082182,38.99145184166667,-76.93664921333334,-10.225000000000001,0,1,8.596624,9.498724,78.97876900000001,1,1,1789162841.321467,-0.6763188883046393,0.7262635358672295,0.10095215291291458,-0.07030434278374292,166.0027412372337,1.9732404120078997,-94.32103392012849,-0.1164366739870733,0.0773796959859442,-0.3483935495709977,-1.377932414226532,-1.4102943597602844,-6.375597469654083
2026-09-11T17:40:41.364,41.59943811200003,-456.391357421875,-41075.22216796875,-164300.888671875,-312.6280798339844,-154.21428329467776,-5.495516300201416,-3.76442866563797,-8.420787101015494,-0.5465200135153222,0.0,-0.099365234375,-814.0,-35.771484375,-0.0457763634622097,-16.479490846395493,1150.1623819518893,1,1789162841.082182,38.99145184166667,-76.93664921333334,-10.225000000000001,0,1,8.596624,9.498724,78.97876900000001,1,1,1789162841.361467,-0.6813734715555065,0.7212913696922676,0.10105865634415394,-0.0724989672048104,165.83485639520777,1.8986492493932041,-93.49616111163094,-0.20056416192707796,0.08150600340350919,-0.3589276588043347,2.81901965549469,2.3476139822196957,-14.055283277816773
2026-09-11T17:40:41.397,41.63284780800001,-456.5720520019531,-41091.48468017578,-164365.93872070312,-312.75185562133794,-154.33805908203126,-5.471127033233643,-3.7477220177650454,-8.383415394069974,0.5000538727720115,0.0,-0.10058403015136719,-823.984375,-36.21025085449219,0.015258789993822575,5.493164397776127,657.6730073864146,1,1789162841.082182,38.99145184166667,-76.93664921333334,-10.225000000000001,0,1,8.596624,9.498724,78.97876900000001,1,1,1789162841.389467,-0.6846569629237813,0.717891420692919,0.10123447228473033,-0.07502221562123182,165.6290805459174,1.7710747160505684,-92.93812633737642,-0.14270335563081235,0.034415798454225786,-0.3474144198606289,1.7335215490913392,0.42658928203582763,-4.6355054649543765
2026-09-11T17:40:41.431,41.666257728000005,-456.75616455078125,-41108.05480957031,-164432.21923828125,-312.87797271728516,-154.46417617797852,-5.498300552368164,-3.7663358783721925,-8.425053414397343,-0.5571357431310472,0.0,-0.10125350952148438,-829.46875,-36.451263427734375,-0.030517585575580597,-10.986330807209015,-493.2515613622147,1,1789162841.082182,38.99145184166667,-76.93664921333334,-10.225000000000001,0,1,8.596624,9.498724,78.97876900000001,1,1,1789162841.4214668,-0.6889702820493511,0.7139720324853083,0.09824228852241015,-0.076891742258288,165.7403038655789,1.4654951923015156,-92.22523537849233,-0.06698940188297156,0.13766459008030474,-0.34662483290702667,2.3413377261161803,-0.041874396190643315,-10.304729923458098
2026-09-11T17:40:41.464,41.69967094399999,-456.9414978027344,-41124.734802246094,-164498.93920898438,-313.0049259948731,-154.59112945556643,-5.577873229980469,-3.8208431625366215,-8.546982736526077,-1.631309125241127,0.0,-0.10233306884765625,-838.3125,-36.83990478515625,-0.015258817933499813,-5.493174456059933,164.4007075269704,1,1789162841.082182,38.99145184166667,-76.93664921333334,-10.225000000000001,0,1,8.596624,9.498724,78.97876900000001,1,1,1789162841.461467,-0.6942189207402898,0.7089395200374964,0.09669783469102351,-0.07819447410948586,165.77435809206455,1.3401918208204027,-91.36938295322621,-0.32574510999956807,0.17557488676287356,-0.3797688099353242,-0.032558078536987306,-3.634442616443634,-4.186851220054626
2026-09-11T17:40:41.497,41.73307923200002,-457.12432861328125,-41141.18957519531,-164564.75830078125,-313.13016510009766,-154.71636856079104,-5.527318000793457,-3.7862128305435183,-8.469516890084812,1.0365790666396797,0.0,-0.10552406311035156,-864.453125,-37.98866271972656,-0.030517607927322388,-10.98633885383606,-164.42519885397311,1,1789162841.082182,38.99145184166667,-76.93664921333334,-10.225000000000001,0,1,8.596624,9.498724,78.97876900000001,1,1,1789162841.489467,-0.6983650923082694,0.7048378513935523,0.09352537566213392,-0.08211458576550078,165.72597714561206,0.8522934789734552,-90.63530931081684,-0.3232077503330187,0.31874337263934244,-0.46219268199245717,3.32494473733902,3.503818036289215,-7.181409913444519
2026-09-11T17:40:41.531,41.76650518400004,-457.3109130859375,-41157.982177734375,-164631.9287109375,-313.25797546386724,-154.84417892456057,-5.528537273406982,-3.787048032283783,-8.471385183168797,-0.02498662537014527,0.0,-0.11049270629882812,-905.15625,-39.777374267578125,-0.1983642876148224,-71.41114354133606,-1807.7212785882998,1,1789162841.082182,38.99145184166667,-76.93664921333334,-10.225000000000001,0,1,8.596624,9.498724,78.97876900000001,1,1,1789162841.521467,-0.7036928892405647,0.6993046899231299,0.09016681034599482,-0.0875169389079107,165.56504445940456,0.2576872001010169,-89.67422295465389,-0.1419231934551709,0.37466808519637074,-0.4847934740753074,1.3857777343559263,2.2988749309158325,-12.966254777355195
2026-09-11T17:40:41.565,41.799930399999994,-457.48516845703125,-41173.66516113281,-164694.66064453125,-313.37734039306645,-154.96354385375977,-5.241697311401367,-3.5905626583099366,-8.031859919268818,5.878357643944939,0.0,-0.11265182495117188,-922.84375,-40.554656982421875,0.061035171151161194,21.97266161441803,2793.81306483942,1,1789162841.082182,38.99145184166667,-76.93664921333334,-10.225000000000001,0,1,8.596624,9.498724,78.97876900000001,1,1,1789162841.561467,-0.7098962497456387,0.6935107614655246,0.08288927839831954,-0.09066149047523936,165.8951185894136,-0.4620303142591016,-88.60498645038741,0.13335188149862676,0.20305998275742987,-0.3739954353026521,8.470592143707275,-7.153362893981933,-7.901021902313232
2026-09-11T17:40:41.598,41.833348479999984,-457.656005859375,-41189.04052734375,-164756.162109375,-313.4943640136719,-155.08056747436524,-5.06040620803833,-3.4663782525062565,-7.7540673150193555,3.716084401130093,0.0,-0.10991859436035156,-900.453125,-39.57069396972656,0.2593994438648224,93.38379979133606,2136.9012874749114,1,1789162841.082182,38.99145184166667,-76.93664921333334,-10.225000000000001,0,1,8.596624,9.498724,78.97876900000001,1,1,1789162841.5894668,-0.7146856497631203,0.6887929767623097,0.08154418411223464,-0.09021753279187328,166.03697520856895,-0.4426423474327347,-87.83194370029507,-0.04400865162196222,0.306696586543302,-0.44607299555396274,0.13641050374984742,-2.488927811050415,-4.044262526702881
2026-09-11T17:40:41.632,41.86677689600003,-457.8276062011719,-41204.48455810547,-164817.93823242188,-313.61191024780277,-155.1981137084961,-5.113426208496094,-3.5026969528198246,-7.835309933831024,-1.0864618985690055,0.0,-0.10726547241210938,-878.71875,-38.615570068359375,-0.015258789993822575,-5.493164397776127,-2957.8716559278887,1,1789162841.082182,38.99145184166667,-76.93664921333334,-10.225000000000001,0,1,8.596624,9.498724,78.97876900000001,1,1,1789162841.629467,-0.7201156478136791,0.6828777683710461,0.0804268991935129,-0.09296731212948825,165.89184615536055,-0.6381325638900744,-86.88029004181782,-0.2716646868631222,0.023331386907734997,-0.33869161332501163,10.224217325630189,5.542424471912383,-0.8897573691749573
2026-09-11T17:40:41.665,41.90020041600002,-457.9959411621094,-41219.634704589844,-164878.53881835938,-313.7272196960449,-155.31342315673828,-5.088505744934082,-3.4856264352798463,-7.797124273621694,0.5107336851410584,0.0,-0.10590362548828125,-867.5625,-38.12530517578125,-0.1068115308880806,-38.452151119709015,-986.1016051555135,1,1789162841.082182,38.99145184166667,-76.93664921333334,-10.225000000000001,0,1,8.596624,9.498724,78.97876900000001,1,1,1789162841.6614668,-0.7251567998849485,0.6780385678576151,0.0795821082509096,-0.08987771761986123,166.21522880381647,-0.370253861746065,-86.10879210561066,0.06181467518373357,0.05733528765849012,-0.3930361047772843,-8.889728371620178,4.667769343986511,3.426345500011444
2026-09-11T17:40:41.698,41.93362470400001,-458.16595458984375,-41234.93591308594,-164939.74365234375,-313.84367889404297,-155.42988235473635,-5.115592956542969,-3.504181175231934,-7.838630044810151,-0.5551274555823602,0.0,-0.103485107421875,-847.75,-37.254638671875,0.0,0.0,1150.4254367278743,1,1789162841.082182,38.99145184166667,-76.93664921333334,-10.225000000000001,0,1,8.596624,9.498724,78.97876900000001,1,1,1789162841.689467,-0.7282059652107559,0.6750491206594723,0.07766976715420774,-0.08939890490691717,166.4042392820819,-0.43419895130252434,-85.60946134464515,0.07934493672368981,-0.16878066905071004,-0.27876014840417995,7.403726672611237,-3.2541407231712345,-8.089996050930022
2026-09-11T17:40:41.732,41.96703817600002,-458.3346252441406,-41250.116271972656,-165000.46508789062,-313.95921829223636,-155.5454217529297,-5.064814567565918,-3.469397978782654,-7.760822250319099,1.0409931793162095,0.0,-0.09897041320800781,-810.765625,-35.62934875488281,0.2746582329273224,98.87696385383606,2959.194538472885,1,1789162841.082182,38.99145184166667,-76.93664921333334,-10.225000000000001,0,1,8.596624,9.498724,78.97876900000001,1,1,1789162841.729467,-0.7321047458662943,0.6713744477811642,0.07593238695831699,-0.08667908950489832,166.7690009447324,-0.2983593791839354,-85.00996815828134,0.23887326634372752,-0.04870393637567736,-0.30588902269840423,0.9450668760871886,0.045993189258575436,-2.5154057664871217
2026-09-11T17:40:41.765,42.00045939200004,-458.50628662109375,-41265.56579589844,-165062.26318359375,-314.07680633544925,-155.6630097961426,-5.117819309234619,-3.505706226825714,-7.842041488067534,-1.0863832136759,0.0,-0.09529685974121094,-780.671875,-34.30686950683594,0.2441406399011612,87.89063036441803,-328.72333219146765,1,1789162841.082182,38.99145184166667,-76.93664921333334,-10.225000000000001,0,1,8.596624,9.498724,78.97876900000001,1,1,1789162841.761467,-0.7354727379589813,0.6680357867270071,0.07819356813341266,-0.08181567865460586,167.00757294909064,0.3269814993173889,-84.5354733451216,0.18742130906078508,-0.2958390677995705,-0.3008802768110309,-0.4011900581169129,-0.08776951894760132,-9.115575524845124
2026-09-11T17:40:41.798,42.033882559999995,-458.6812744140625,-41281.314697265625,-165125.2587890625,-314.1966729736328,-155.7828764343262,-5.2233405113220215,-3.577988250255585,-8.003731769540938,-2.1626323222851203,0.0,-0.09128761291503906,-747.828125,-32.86354064941406,0.1831054836511612,65.91797411441803,-657.4079467879534,1,1789162841.082182,38.99145184166667,-76.93664921333334,-10.225000000000001,0,1,8.596624,9.498724,78.97876900000001,1,1,1789162841.7894669,-0.7379074373358167,0.6653849206504306,0.08029603166321948,-0.07942335043705354,167.05074021197552,0.7338574444525429,-84.16642661249054,0.08232944974460012,-0.2199125329488367,-0.2822220089755107,-4.615205699119568,0.8464119754600524,-5.935769209899902
2026-09-11T17:40:41.832,42.06729660799999,-458.8580627441406,-41297.225646972656,-165188.90258789062,-314.31777297973633,-155.9039764404297,-5.251254558563232,-3.5971093726158143,-8.046504502093349,-0.5722480065938355,0.0,-0.08662796020507812,-709.65625,-31.186065673828125,0.10681155323982239,38.45215916633606,-821.9840633521607,1,1789162841.082182,38.99145184166667,-76.93664921333334,-10.225000000000001,0,1,8.596624,9.498724,78.97876900000001,1,1,1789162841.8294668,-0.7416315865539288,0.661441884818044,0.0840858256381995,-0.07353092383887465,167.26838116001463,1.572883208106879,-83.6333660394795,0.16157839335943022,-0.2761194652459125,-0.26838329333644767,-3.144600440864563,-2.4290091785621644,-4.3243404553222655
2026-09-11T17:40:41.865,42.10071705600001,-459.03521728515625,-41313.16955566406,-165252.67822265625,-314.43912384033206,-156.0253273010254,-5.252660274505615,-3.598072288036347,-8.048658482543717,-0.028812163754722144,0.0,-0.08620643615722656,-706.203125,-31.034317016601562,0.015258789993822575,5.493164397776127,-986.1924881600878,1,1789162841.082182,38.99145184166667,-76.93664921333334,-10.225000000000001,0,1,8.596624,9.498724,78.97876900000001,1,1,1789162841.861467,-0.7443784370866031,0.6585399171657512,0.08357817015310295,-0.07239205324958368,167.41161080281253,1.6664799812034072,-83.1811898593202,0.16729504479141247,-0.04030192135657666,-0.246660750933201,1.966625623435974,-1.136002354736328,-11.145257908821106
2026-09-11T17:40:41.899,42.13414032000003,-459.2146911621094,-41329.322204589844,-165317.28881835938,-314.56206344604493,-156.1482669067383,-5.305591106414795,-3.6343299078941347,-8.129764468267114,-1.0848018870259062,0.0,-0.09154701232910156,-749.953125,-32.95692443847656,-0.2441406548023224,-87.89063572883606,-2793.9760798512584,1,1789162841.082182,38.99145184166667,-76.93664921333334,-10.225000000000001,0,1,8.596624,9.498724,78.97876900000001,1,1,1789162841.889467,-0.747240760435374,0.6556911560487887,0.08150112938421357,-0.07111905323093547,167.68699773148302,1.6353096830300975,-82.70921758673781,0.1193902946802233,0.15393646922957308,-0.3230937803328635,-4.446629382839203,0.5980095268630982,-9.659648475818635
2026-09-11T17:40:41.932,42.167554784000004,-459.3916931152344,-41345.252380371094,-165381.00952148438,-314.68330978393556,-156.2695132446289,-5.279802322387695,-3.6166645908355717,-8.090248279428167,0.5286727645422129,0.0,-0.10139846801757812,-830.65625,-36.503448486328125,-0.3356934189796448,-120.84963083267212,-986.3691096125551,1,1789162841.082182,38.99145184166667,-76.93664921333334,-10.225000000000001,0,1,8.596624,9.498724,78.97876900000001,1,1,1789162841.929467,-0.751683348356725,0.6509735403336289,0.07750008674525888,-0.07210638073846826,167.91532835660647,1.2968492943603473,-81.92377783358234,0.05110655662397275,0.05716110379914109,-0.31238583630602784,-2.0055580245780944,0.7507971363830567,-15.156275891475676
2026-09-11T17:40:41.966,42.20098048,-459.5696716308594,-41361.270446777344,-165445.08178710938,-314.8052250671387,-156.39142852783203,-5.280895233154297,-3.6174132347106935,-8.091922948082251,-0.022397256144553398,0.0,-0.10157585144042969,-832.109375,-36.56730651855469,-0.0915527418255806,-32.958987057209015,2629.4334686546786,1,1789162841.082182,38.99145184166667,-76.93664921333334,-10.225000000000001,0,1,8.596624,9.498724,78.97876900000001,1,1,1789162841.961467,-0.7553436722151694,0.6468921291079227,0.07423529576621692,-0.07399750675004972,168.00305468221111,0.9402380067508503,-81.25368248337374,-0.04000416818618643,0.11738595856723302,-0.3580551687112627,0.7038232821083069,2.3176056327247623,-11.033756296482085
2026-09-11T17:40:41.999,42.234401504000004,-459.7449951171875,-41377.049560546875,-165508.1982421875,-314.9253216552735,-156.5115251159668,-5.282337665557861,-3.618401300907135,-8.094133189216024,-0.029564210732785125,0.0,-0.10257339477539062,-840.28125,-36.926422119140625,0.03051757998764515,10.986328795552254,1314.9003409576324,1,1789162841.082182,38.99145184166667,-76.93664921333334,-10.225000000000001,0,1,8.596624,9.498724,78.97876900000001,1,1,1789162841.989467,-0.7584079094347216,0.6432926280107791,0.07355730788587377,-0.07470850092475062,167.99590374574174,0.8854860820262085,-80.70329161347132,-0.0050787335903783,0.004057366912111218,-0.3357756917437047,4.169689582271576,0.9426152135467529,-2.321528292789459
2026-09-11T17:40:42.032,42.26781094400002,-459.916748046875,-41392.50732421875,-165570.029296875,-315.0429724121094,-156.62917587280273,-5.152327537536621,-3.529344363212586,-7.894918493227858,2.6656219827244048,0.0,-0.09838485717773438,-805.96875,-35.418548583984375,0.2746582329273224,98.87696385383606,2630.7126087191814,1,1789162841.082182,38.99145184166667,-76.93664921333334,-10.225000000000001,0,1,8.596624,9.498724,78.97876900000001,1,1,1789162842.0294669,-0.7630634591824389,0.6384692403923327,0.07045043930551594,-0.07160951008789271,168.5056192900809,0.9210906902221206,-79.93239166899303,0.08053333141137275,0.13348627185103032,-0.3270333375204651,-1.060098882484436,-4.313160874137878,-8.583270554065704
2026-09-11T17:40:42.066,42.30123324800002,-460.08447265625,-41407.6025390625,-165630.41015625,-315.1578637695313,-156.74406723022463,-5.024367332458496,-3.44169162273407,-7.6988448969534415,2.622582227680055,0.0,-0.08868789672851562,-726.53125,-31.927642822265625,0.18310552835464478,65.91799020767212,-986.1370911522308,1,1789162841.082182,38.99145184166667,-76.93664921333334,-10.225000000000001,0,1,8.596624,9.498724,78.97876900000001,1,1,1789162842.061467,-0.7657362209719782,0.6354577772541514,0.06917193218589658,-0.07111045644936216,168.64781436310884,0.8915309580216242,-79.46480648773544,0.01914800722362979,-0.07581500831153129,-0.2411854785367696,7.367245934009552,0.8414105838775635,-9.745848930740356
2026-09-11T17:40:42.100,42.334653919999994,-460.2510681152344,-41422.596130371094,-165690.38452148438,-315.27198165893554,-156.85818511962893,-4.947409152984619,-3.3889752697944644,-7.580921773878089,1.5773576587461204,0.0,-0.07909774780273438,-647.96875,-28.475189208984375,0.5798340439796448,208.74025583267212,4273.47079152383,1,1789162842.0745165,38.99144031666667,-76.936665995,-10.172,0,1,8.596624,9.498724,78.996544,1,1,1789162842.0894668,-0.7680092852736822,0.6328959735098739,0.06879460800849552,-0.06979775324001543,168.7950291684056,0.992433237673899,-79.07940501266677,-0.01704907426518141,0.025558252500354563,-0.22501762101092013,3.6547423822784424,0.13033038064956665,-11.935968111362458
2026-09-11T17:40:42.133,42.368063903999996,-460.41021728515625,-41436.91955566406,-165747.67822265625,-315.38099884033204,-156.9672023010254,-4.844635009765625,-3.318574981689453,-7.423440814444903,2.10716317927619,0.0,-0.07142448425292969,-585.109375,-25.712814331054688,-0.1373291164636612,-49.43848192691803,-7727.5923795585595,1,1789162842.0745165,38.99144031666667,-76.936665995,-10.172,0,1,8.596624,9.498724,78.996544,1,1,1789162842.129467,-0.7706015600649351,0.6300336453660156,0.06815412441963506,-0.06771895345389617,169.0306177314999,1.1293105386686364,-78.6463964474954,0.18728814043885791,0.0525705388005456,-0.18936211518900278,1.112564460849762,-0.0908095804977417,-12.466802084617616
2026-09-11T17:40:42.166,42.401486976,-460.57232666015625,-41451.50939941406,-165806.03759765625,-315.49204376220706,-157.07824722290042,-4.795245170593262,-3.2847429418563845,-7.3477606967080815,1.0122360934705104,0.0,-0.0697784423828125,-571.625,-25.1202392578125,0.015258817933499813,5.493174456059933,1643.5250590660746,1,1789162842.0745165,38.99144031666667,-76.936665995,-10.172,0,1,8.596624,9.498724,78.996544,1,1,1789162842.1614668,-0.7722348777062189,0.6281584266943936,0.06759291563075857,-0.06709308744884476,169.13010410228767,1.1520114063727973,-78.36143852355457,-0.08923292506793848,-0.04944727210410175,-0.16692643125339127,8.283088992614745,-2.465489917163849,-9.396536051979066
2026-09-11T17:40:42.199,42.43490828800003,-460.72943115234375,-41465.64880371094,-165862.59521484375,-315.59966033935547,-157.18586380004885,-4.69235372543335,-3.2142623019218446,-7.190099995351291,2.108853175317496,0.0,-0.069549560546875,-569.75,-25.037841796875,-0.03051757998764515,-10.986328795552254,-493.08367222679396,1,1789162842.0745165,38.99144031666667,-76.936665995,-10.172,0,1,8.596624,9.498724,78.996544,1,1,1789162842.189467,-0.7740681382542505,0.6260623034554478,0.06764298513425739,-0.06548996941352211,169.27281071112176,1.3018123519874258,-78.0537336308561,-0.03559284850177076,0.08705248523342196,-0.19708729152418009,-3.9232484637069707,-3.917266407108307,-13.297131153812408
2026-09-11T17:40:42.233,42.46831798400001,-460.88507080078125,-41479.65637207031,-165918.62548828125,-315.70627349853515,-157.29247695922854,-4.642212867736816,-3.1799158143997195,-7.113269090908456,1.0280395105105826,0.0,-0.07155799865722656,-586.203125,-25.760879516601562,-0.1220703274011612,-43.94531786441803,-986.5096967325636,1,1789162842.0745165,38.99144031666667,-76.936665995,-10.172,0,1,8.596624,9.498724,78.996544,1,1,1789162842.229467,-0.7765284542140456,0.6234566846303672,0.06560771182332288,-0.06325306581474006,169.62497036436835,1.3191465532584716,-77.6401125188087,-0.06080308234927766,0.039127838368760076,-0.179434682403659,4.399851661567688,0.6850925802993775,-4.7414172867012025
2026-09-11T17:40:42.267,42.50173571200003,-461.0382080078125,-41493.438720703125,-165973.7548828125,-315.81117248535156,-157.39737594604495,-4.565196514129639,-3.1271596121788026,-6.995256827529525,1.5786890784702385,0.0,-0.07146453857421875,-585.4375,-25.72723388671875,-0.0457763709127903,-16.479493528604507,821.8938264085168,1,1789162842.0745165,38.99144031666667,-76.936665995,-10.172,0,1,8.596624,9.498724,78.996544,1,1,1789162842.261467,-0.778512966819511,0.6214824995955838,0.06188728589988937,-0.06202440676260861,170.00690175137208,1.103925487327962,-77.29685523617064,0.05550007395001809,0.22999442737298195,-0.17766648933846357,7.308406033039093,-2.415770200843811,-10.177341537857057
2026-09-11T17:40:42.300,42.535160959999985,-461.18841552734375,-41506.95739746094,-166027.82958984375,-315.9140646362305,-157.50026809692383,-4.4871087074279785,-3.0736694645881655,-6.8756027751166835,1.6002917193226134,0.0,-0.07118988037109375,-583.1875,-25.62835693359375,0.1373291164636612,49.43848192691803,1972.1013126246937,1,1789162842.0745165,38.99144031666667,-76.936665995,-10.172,0,1,8.596624,9.498724,78.996544,1,1,1789162842.2894669,-0.7803588708100269,0.6192024320037578,0.06272529672530053,-0.060777611827504484,170.06212848886025,1.2966679544639486,-76.97562933284348,-0.10340866378556163,0.021763557640668493,-0.17314695924042428,-1.2545647551918029,-2.794012697582245,-7.888763589611053
2026-09-11T17:40:42.333,42.568573184,-461.33636474609375,-41520.27282714844,-166081.09130859375,-316.01540985107425,-157.60161331176758,-4.437215328216553,-3.039492499828339,-6.799151082293163,1.0228880531810547,0.0,-0.071136474609375,-582.75,-25.609130859375,0.0,0.0,-1479.652534560193,1,1789162842.0745165,38.99144031666667,-76.936665995,-10.172,0,1,8.596624,9.498724,78.996544,1,1,1789162842.3294668,-0.7825656590645093,0.6164968327723774,0.06400133409192535,-0.0585360886036248,170.17748153673057,1.6042545691628323,-76.59918088980125,0.013171301733100407,-0.018097144481004006,-0.18752917040855835,-0.7458938113021851,1.0705919981575012,-12.36010573085785
2026-09-11T17:40:42.367,42.60199100800003,-461.48431396484375,-41533.58825683594,-166134.35302734375,-316.11675506591797,-157.70295852661135,-4.412120342254639,-3.022302434444428,-6.760698001173104,0.5143981063488106,0.0,-0.07027816772460938,-575.71875,-25.300140380859375,0.0762939602136612,27.46582567691803,821.8915054701649,1,1789162842.0745165,38.99144031666667,-76.936665995,-10.172,0,1,8.596624,9.498724,78.996544,1,1,1789162842.361467,-0.7843535800372999,0.6146423249782144,0.06303547980591266,-0.05505272121961304,170.56491848263911,1.7884196754005532,-76.31416593808191,0.11607155110755608,-0.036736737293527846,-0.13310980433137512,3.1538186920166016,-3.4190885788917544,-15.330147798843383
2026-09-11T17:40:42.400,42.63540969600001,-461.6322937011719,-41546.90643310547,-166187.62573242188,-316.2181211853028,-157.8043246459961,-4.387518882751465,-3.0054504346847537,-6.723001151316997,0.5042687420787582,0.0,-0.0695343017578125,-569.625,-25.0323486328125,0.01525880303233862,5.493169091641903,-657.4960867789621,1,1789162842.0745165,38.99144031666667,-76.936665995,-10.172,0,1,8.596624,9.498724,78.996544,1,1,1789162842.389467,-0.785657986982494,0.6130855849193627,0.062044181893942084,-0.05493735111751817,170.64944670722983,1.7264924585533896,-76.07435965969138,0.0006197664173831864,-0.04835591772282969,-0.16729853544991646,-4.123598326511383,-1.6645807984542846,-12.349710681686402
2026-09-11T17:40:42.433,42.668822207999995,-461.778076171875,-41560.02685546875,-166240.107421875,-316.3179821777344,-157.90418563842775,-4.362123012542725,-2.9880542635917666,-6.684087024856306,0.520648405393627,0.0,-0.067718505859375,-554.75,-24.378662109375,0.0,0.0,-164.40455275091378,1,1789162842.0745165,38.99144031666667,-76.936665995,-10.172,0,1,8.596624,9.498724,78.996544,1,1,1789162842.429467,-0.7875088558186749,0.6110922156668114,0.06050214829199828,-0.052302925450129566,171.002011948264,1.79755655621028,-75.76304513070185,-0.0033361968651871607,-0.06424050831108048,-0.16914840992410524,0.29361110584259037,0.4808200574302673,-7.701946904029846
2026-09-11T17:40:42.467,42.702243936,-461.9248962402344,-41573.240661621094,-166292.96264648438,-316.41855392456057,-158.00475738525392,-4.415714740753174,-3.0247645974159245,-6.766205702880997,-1.098397240984955,0.0,-0.06772804260253906,-554.828125,-24.382095336914062,-0.0457763709127903,-16.479493528604507,-493.07724389956115,1,1789162842.0745165,38.99144031666667,-76.936665995,-10.172,0,1,8.596624,9.498724,78.996544,1,1,1789162842.461467,-0.789165044994305,0.6091350411781017,0.061616733191560774,-0.048748451861459575,171.25042550969567,2.16989522079592,-75.49317198745459,0.02232485552810987,-0.10500197485970725,-0.15498558664294687,-1.9184749711418152,2.593858967781067,-12.465625286598206
2026-09-11T17:40:42.500,42.73566579200002,-462.0733337402344,-41586.600036621094,-166346.40014648438,-316.52023361206057,-158.10643707275392,-4.442225456237793,-3.0429244375228883,-6.80682810827417,-0.5433522335490274,0.0,-0.06851577758789062,-561.28125,-24.665679931640625,-0.0457763746380806,-16.479494869709015,-4.012657188893285e-05,1,1789162842.0745165,38.99144031666667,-76.936665995,-10.172,0,1,8.596624,9.498724,78.996544,1,1,1789162842.489467,-0.7907859631138113,0.6073984049955544,0.05993305288957473,-0.046181893880107835,171.60737251973745,2.2171446007038784,-75.2180351116794,0.04641162093610802,-0.06326801085186924,-0.16582600116000884,-0.9993957179832459,0.35990406093597416,-7.129925000095367
2026-09-11T17:40:42.534,42.76908755200003,-462.22186279296875,-41599.96765136719,-166399.87060546875,-316.6219760131836,-158.20817947387695,-4.443148612976074,-3.043556799888611,-6.808242662599785,-0.018920678196556216,0.0,-0.06889724731445312,-564.40625,-24.803009033203125,-0.015258795581758022,-5.493166409432888,328.71783114572,1,1789162842.0745165,38.99144031666667,-76.936665995,-10.172,0,1,8.596624,9.498724,78.996544,1,1,1789162842.5294669,-0.7929429308054526,0.6044214441118196,0.06006904069236479,-0.04804099014113647,171.436550308397,2.1312431635028357,-74.79257053085949,-0.05135578964115755,0.03402100497742467,-0.18142854654113735,-3.0518295303344725,3.3046449715042114,-15.170397467708588
2026-09-11T17:40:42.567,42.80250960000001,-462.3741149902344,-41613.670349121094,-166454.68139648438,-316.72626876831055,-158.31247222900393,-4.549606800079346,-3.116480658054352,-6.971368687487358,-2.1819087258144925,0.0,-0.06999778747558594,-573.421875,-25.199203491210938,0.03051757998764515,10.986328795552254,493.07257308099133,1,1789162842.0745165,38.99144031666667,-76.936665995,-10.172,0,1,8.596624,9.498724,78.996544,1,1,1789162842.561467,-0.794993930498895,0.6020640182817288,0.05677185665527616,-0.04775483904578619,171.69933385756912,1.877553296008739,-74.41093317692723,-0.010337061560786814,0.10394727239272708,-0.15705467447118615,4.304040689487457,-0.5660398473358155,-12.440618328685762
2026-09-11T17:40:42.602,42.835925152000016,-462.525390625,-41627.28515625,-166509.140625,-316.829892578125,-158.41609603881838,-4.447082042694092,-3.0462511992454533,-6.814269862306393,2.1016997956185697,0.0,-0.06975555419921875,-571.4375,-25.11199951171875,0.0915527418255806,32.958987057209015,657.5578419788313,1,1789162842.0745165,38.99144031666667,-76.936665995,-10.172,0,1,8.596624,9.498724,78.996544,1,1,1789162842.601467,-0.7973760527269506,0.5991133497986425,0.055303572174882035,-0.04686298683753069,171.89002982365437,1.8362433331101233,-73.96936864983375,-0.04321906466835999,-0.002399478655641804,-0.1778719145914233,-2.1837448580169676,-2.1927669761657715,-7.900433503303528
2026-09-11T17:40:42.634,42.86933904,-462.6702880859375,-41640.325927734375,-166561.3037109375,-316.9291473388672,-158.51535079956057,-4.396701812744141,-3.0117407417297364,-6.737072167434084,1.0328177767200664,0.0,-0.06975936889648438,-571.46875,-25.113372802734375,0.0457763709127903,16.479493528604507,-493.1929360813185,1,1789162842.0745165,38.99144031666667,-76.936665995,-10.172,0,1,8.596624,9.498724,78.996544,1,1,1789162842.629467,-0.7988840133524022,0.5971998460226657,0.0537540478536835,-0.04740442447501454,171.95186068489673,1.6770960866959586,-73.67735195850673,-0.028567898262493584,-0.03419239630997051,-0.16907894581987587,-1.1587537831115722,0.4345326686668396,-12.557317465610502
2026-09-11T17:40:42.668,42.90276172800003,-462.8190002441406,-41653.710021972656,-166614.84008789062,-317.0310151672364,-158.6172186279297,-4.398583889007568,-3.0130299639701845,-6.739956075452266,-0.038573266173174886,0.0,-0.0683441162109375,-559.875,-24.6038818359375,0.015258789993822575,5.493164397776127,-328.7087241701948,1,1789162842.0745165,38.99144031666667,-76.936665995,-10.172,0,1,8.596624,9.498724,78.996544,1,1,1789162842.6614668,-0.8004345707414772,0.5952580626914927,0.052083276599104805,-0.04753597649548533,172.05893487546496,1.534917719251732,-73.38059196482745,0.021981549264242582,-0.0300088420929401,-0.14483457718042264,1.8124650828933717,1.0804967148208617,-11.68423140171051
2026-09-11T17:40:42.703,42.936175872000035,-462.9659118652344,-41666.932067871094,-166667.72827148438,-317.1316496276856,-158.71785308837892,-4.372705459594727,-2.995303239822388,-6.700302522866823,0.5305155848910482,0.0,-0.06442451477050781,-527.765625,-23.192825317382812,0.1678466945886612,60.42481005191803,1643.963875122259,1,1789162842.0745165,38.99144031666667,-76.936665995,-10.172,0,1,8.596624,9.498724,78.996544,1,1,1789162842.701467,-0.8022722341242228,0.5928090522519268,0.05131764028557177,-0.04799155881007913,172.07409615673083,1.457863626655226,-73.0233251760495,-0.023160519173964753,-0.007540695033241501,-0.14495779742561343,2.6624074524116517,1.4940431521415711,-11.093380729465485
2026-09-11T17:40:42.736,42.96959123200003,-463.11083984375,-41679.9755859375,-166719.90234375,-317.2309252929688,-158.81712875366213,-4.346481800079346,-2.977340033054352,-6.660119973725727,0.5375733425598334,0.0,-0.061229705810546875,-501.59375,-22.042694091796875,0.030517593026161194,10.98633348941803,-1479.5135100298633,1,1789162842.0745165,38.99144031666667,-76.936665995,-10.172,0,1,8.596624,9.498724,78.996544,1,1,1789162842.729467,-0.8034313306941597,0.5912937613259915,0.0514072966276454,-0.047191890504732874,172.1445933358108,1.5354771756606262,-72.80863454279971,-0.016086874248556936,-0.08797925506623097,-0.11081147780789558,-5.119267517433167,-0.4141348363304138,-13.984871529655457
2026-09-11T17:40:42.768,43.00301241599999,-463.2551574707031,-41692.96417236328,-166771.85668945312,-317.3297828674317,-158.915986328125,-4.347763538360596,-2.9782180237770084,-6.6620839830373235,-0.0262704852903284,0.0,-0.060394287109375,-494.75,-21.741943359375,0.0,0.0,-328.72364693693527,1,1789162842.0745165,38.99144031666667,-76.936665995,-10.172,0,1,8.596624,9.498724,78.996544,1,1,1789162842.761467,-0.8046936401896492,0.589607114322973,0.05159168667928051,-0.0465821215022992,172.1916489180919,1.610263702754259,-72.57111765419391,0.035758480247785024,0.013701532759856284,-0.12798359778534257,4.438784062709808,2.0537086768722532,-12.088951853885652
2026-09-11T17:40:42.801,43.03642400000001,-463.3980712890625,-41705.826416015625,-166823.3056640625,-317.42767883300786,-159.0138822937012,-4.322844982147217,-2.9611488127708436,-6.623901245460899,0.5108770361247795,0.0,-0.06060791015625,-496.5,-21.81884765625,0.0,0.0,0.0,1,1789162842.0745165,38.99144031666667,-76.936665995,-10.172,0,1,8.596624,9.498724,78.996544,1,1,1789162842.7894669,-0.8056004249986608,0.5885682564067698,0.04979544898025862,-0.04599756573044672,172.3701638425599,1.4947331372433004,-72.40308829650296,-0.04188860017956471,-0.040057749794222657,-0.10616331694398427,-0.6525345017623901,-0.6367457950019837,-11.411214261207581
2026-09-11T17:40:42.834,43.06983635200004,-463.5408630371094,-41718.677673339844,-166874.71069335938,-317.5254911804199,-159.1116946411133,-4.272252559661865,-2.926493003368378,-6.546378407678003,1.0372155004962604,0.0,-0.06098175048828125,-499.5625,-21.95343017578125,-0.015258789993822575,-5.493164397776127,-164.40519954331842,1,1789162842.0745165,38.99144031666667,-76.936665995,-10.172,0,1,8.596624,9.498724,78.996544,1,1,1789162842.8294668,-0.8071947835132787,0.5866769415452339,0.04753710453645443,-0.04457545760137197,172.6587799818894,1.4004837890582031,-72.10987869292568,0.0738981131940659,-0.018758100668734255,-0.13527017287949372,2.43185310710907,0.4051127181816101,-8.880019787960054
2026-09-11T17:40:42.868,43.103257600000006,-463.6864318847656,-41731.778869628906,-166927.11547851562,-317.6252058410645,-159.2114093017578,-4.325256824493408,-2.962800924777985,-6.627596914768213,-1.0863724002659059,0.0,-0.06189537048339844,-507.046875,-22.282333374023438,-0.0610351599752903,-21.972657591104507,-493.0843155032466,1,1789162842.0745165,38.99144031666667,-76.936665995,-10.172,0,1,8.596624,9.498724,78.996544,1,1,1789162842.861467,-0.8086035236610134,0.5848923851351535,0.04531330191743639,-0.04481008818607259,172.7902929070673,1.1954389813916515,-71.83448710143722,0.05000595199766514,0.03414265442628867,-0.15032154328284242,0.9144701275825501,-0.6195841572189331,-9.872354717826843
2026-09-11T17:40:42.902,43.13666905600002,-463.830078125,-41744.70703125,-166978.828125,-317.72360351562503,-159.30980697631838,-4.299759387969971,-2.94533518075943,-6.588527158105375,0.5227471684726777,0.0,-0.06406974792480469,-524.859375,-23.065109252929688,-0.0762939602136612,-27.46582567691803,-164.40971880458704,1,1789162842.0745165,38.99144031666667,-76.936665995,-10.172,0,1,8.596624,9.498724,78.996544,1,1,1789162842.9014668,-0.8104024495549602,0.582667031516733,0.040689303813604936,-0.045731615912437476,173.0185267221312,0.7252013405626263,-71.47535890949541,-0.04417358523627568,0.09445337939357873,-0.14076359670014588,7.560535008697509,1.0413681806755066,-8.39900359752655
2026-09-11T17:40:42.935,43.17007782400003,-463.974365234375,-41757.69287109375,-167030.771484375,-317.8224401855469,-159.40864364624025,-4.300454616546631,-2.9458114123344425,-6.589592457798942,-0.014254688320509242,0.0,-0.06574630737304688,-538.59375,-23.668670654296875,-0.0762939602136612,-27.46582567691803,0.0,1,1789162842.0745165,38.99144031666667,-76.936665995,-10.172,0,1,8.596624,9.498724,78.996544,1,1,1789162842.929467,-0.8117275193641372,0.5809140430629663,0.038819774291034274,-0.04615554141352588,173.10566676991485,0.5384366381896913,-71.2113585602494,0.008132536182592777,0.06221627544461746,-0.14906193916167812,3.2723810924720764,-0.57388516746521,-14.732824737491606
2026-09-11T17:40:42.968,43.203498368,-464.12091064453125,-41770.88195800781,-167083.52783203125,-317.92282379150396,-159.50902725219728,-4.380551815032959,-3.000677993297577,-6.712325503976319,-1.6417022105681378,0.0,-0.06829452514648438,-559.46875,-24.586029052734375,-0.061035171151161194,-21.97266161441803,164.3648907242659,1,1789162842.0745165,38.99144031666667,-76.936665995,-10.172,0,1,8.596624,9.498724,78.996544,1,1,1789162842.961467,-0.8136335716064296,0.578330167589174,0.03760198824281562,-0.04605126373325737,173.19825823910872,0.4539483150360994,-70.837352332202,0.04954466147636303,0.1407265957200036,-0.18596343553659422,-3.093311660518646,0.7619767175674439,-10.924510213680268
2026-09-11T17:40:43.002,43.23691004800003,-464.2693786621094,-41784.244079589844,-167136.97631835938,-318.02452438354493,-159.61072784423828,-4.459928035736084,-3.0550507044792177,-6.8339537949159235,-1.6273563969723663,0.0,-0.07047271728515625,-577.3125,-25.37017822265625,-0.01525880303233862,-5.493169091641903,493.2254984712507,1,1789162842.0745165,38.99144031666667,-76.936665995,-10.172,0,1,8.596624,9.498724,78.996544,1,1,1789162843.001467,-0.8160713530645024,0.5748619714835038,0.035411921145082785,-0.048033907715136596,173.15911365721942,0.14734055846343005,-70.33253894043452,-0.017462019166203265,0.0844570061027812,-0.2053029053791678,5.632155320892334,3.753691482410431,-5.44445603679657
2026-09-11T17:40:43.035,43.270322464,-464.4189758300781,-41797.70782470703,-167190.83129882812,-318.12699844360355,-159.71320190429688,-4.461158275604248,-3.05589341878891,-6.835838893139107,-0.02522159156922082,0.0,-0.07180976867675781,-588.265625,-25.851516723632812,0.0,0.0,164.4050251153896,1,1789162842.0745165,38.99144031666667,-76.936665995,-10.172,0,1,8.596624,9.498724,78.996544,1,1,1789162843.0294669,-0.8178950606454397,0.5722759571829114,0.03556745550530889,-0.04777922886624677,173.17332102565848,0.20025399798147855,-69.97241842548556,-0.029608114496682207,0.06636963546558837,-0.2103172363201475,1.7897136545181274,2.074989107723236,-6.219769798583985
2026-09-11T17:40:43.068,43.303747104000024,-464.5748596191406,-41811.737365722656,-167246.94946289062,-318.2337788391114,-159.8199822998047,-4.618829727172852,-3.1638983631134034,-7.077439072819882,-3.2312971605505787,0.0,-0.07266998291015625,-595.3125,-26.16119384765625,-0.0762939527630806,-27.465822994709015,-821.7238239422078,1,1789162842.0745165,38.99144031666667,-76.936665995,-10.172,0,1,8.596624,9.498724,78.996544,1,1,1789162843.061467,-0.8198982118670375,0.5695006511081129,0.03558290911835941,-0.046580974048902546,173.28596993170598,0.3032643683803222,-69.58541567684709,-0.05255832149578164,0.007285702429525129,-0.22788397524147042,-2.222579192657471,0.2599742957878113,-11.537720048294068
2026-09-11T17:40:43.102,43.337161088000016,-464.7303161621094,-41825.728454589844,-167302.91381835938,-318.34026657104494,-159.9264700317383,-4.619593143463135,-3.1644213032722477,-7.078608856639773,-0.015650338458424083,0.0,-0.07303047180175781,-598.265625,-26.290969848632812,0.0,0.0,821.9858785685518,1,1789162843.071843,38.99142836,-76.93667692333334,-10.133000000000003,0,1,9.634816,7.513081000000001,65.302561,1,1,1789162843.101467,-0.8225513116813626,0.5658793545196793,0.03535983573254486,-0.044040638013412965,173.5420453441497,0.4771179496740015,-69.07946143315921,0.02581132524189374,-0.07236641224251568,-0.21285319972329525,1.6264329293251036,0.5692760418891907,-11.909686288928986
2026-09-11T17:40:43.135,43.370574239999996,-464.8862609863281,-41839.76348876953,-167359.05395507812,-318.44708877563477,-160.03329223632815,-4.671478748321533,-3.1999629426002505,-7.158113239531691,-1.0637020813847196,0.0,-0.07221603393554688,-591.59375,-25.997772216796875,0.015258791856467724,5.493165068328381,164.40128331297976,1,1789162843.071843,38.99142836,-76.93667692333334,-10.133000000000003,0,1,9.634816,7.513081000000001,65.302561,1,1,1789162843.129467,-0.8245545668736014,0.5631041528572014,0.036706450318834426,-0.04094039310817742,173.7500727153363,0.8265507540645732,-68.70496528574215,0.10199075830124144,-0.012795008746370429,-0.22704028308105637,-2.305151187019348,0.4565976315307617,-12.226931421661376
2026-09-11T17:40:43.169,43.40399577599999,-465.0414733886719,-41853.73260498047,-167414.93041992188,-318.55340927124024,-160.1396127319336,-4.645430088043213,-3.182119610309601,-7.118198841959551,0.5338872603178302,0.0,-0.07123756408691406,-583.578125,-25.645523071289062,0.0610351637005806,21.972658932209015,493.080086561095,1,1789162843.071843,38.99142836,-76.93667692333334,-10.133000000000003,0,1,9.634816,7.513081000000001,65.302561,1,1,1789162843.1614668,-0.8262270245960279,0.5607568350382044,0.035863755403060894,-0.04018042848850933,173.8789857704376,0.8136450637286214,-68.37265300174772,-0.05636383739683008,-0.017151350559348275,-0.18060614739759762,0.8968181572914123,0.2547767712020874,-9.678084978122712
2026-09-11T17:40:43.203,43.43741564800001,-465.1974182128906,-41867.767639160156,-167471.07055664062,-318.66023147583013,-160.24643493652346,-4.6210503578186035,-3.1654194951057435,-7.080841748178552,0.4997061390254721,0.0,-0.0704498291015625,-577.125,-25.3619384765625,0.0457763709127903,16.479493528604507,-164.36823586878134,1,1789162843.071843,38.99142836,-76.93667692333334,-10.133000000000003,0,1,9.634816,7.513081000000001,65.302561,1,1,1789162843.201467,-0.828163697976965,0.5579505343691326,0.035086504739161764,-0.04006279739990967,173.94289260245148,0.7682803918810268,-67.97853114316335,-0.02514303867130511,-0.020878326644056967,-0.17382885937917844,-1.5855391981506346,-1.0740243257141113,-7.220930713596345
2026-09-11T17:40:43.235,43.470835007999995,-465.3489074707031,-41881.40167236328,-167525.60668945312,-318.7640016174317,-160.35020507812501,-4.518614292144775,-3.0952507901191715,-6.9238788254276304,2.099642392511692,0.0,-0.07058906555175781,-578.265625,-25.412063598632812,0.0,0.0,-493.1121819392507,1,1789162843.071843,38.99142836,-76.93667692333334,-10.133000000000003,0,1,9.634816,7.513081000000001,65.302561,1,1,1789162843.229467,-0.8295128904285803,0.5559878312679343,0.03250230459222137,-0.04158721307079468,173.96481753268438,0.43993234432733214,-67.68778150064308,-0.05535259362822456,0.0930504837408257,-0.17943258800855663,4.427800614528656,-0.6104639725685119,-7.3585180153656005
2026-09-11T17:40:43.269,43.50425478400001,-465.4981689453125,-41894.835205078125,-167579.3408203125,-318.8662457275391,-160.45244918823244,-4.4680328369140625,-3.060602493286133,-6.846372792783933,1.036760295252165,0.0,-0.07073974609375,-579.5,-25.46630859375,0.015258789993822575,5.493164397776127,164.36867792810477,1,1789162843.071843,38.99142836,-76.93667692333334,-10.133000000000003,0,1,9.634816,7.513081000000001,65.302561,1,1,1789162843.261467,-0.8312574887264443,0.5536014737434711,0.029907065544376346,-0.040521144304996044,174.2331085657155,0.2782187410365156,-67.33971450012484,0.10341372524039241,0.09237207426057549,-0.17452472215194859,-0.4277660800552368,-2.2041426903533936,-8.26690801984787
2026-09-11T17:40:43.303,43.537663936,-465.64263916015625,-41907.83752441406,-167631.35009765625,-318.9652078247071,-160.5514112854004,-4.3134260177612305,-2.954696822166443,-6.609468553521921,3.1699598696704756,0.0,-0.06953811645507812,-569.65625,-25.033721923828125,0.0762939602136612,27.46582567691803,657.683896889941,1,1789162843.071843,38.99142836,-76.93667692333334,-10.133000000000003,0,1,9.634816,7.513081000000001,65.302561,1,1,1789162843.301467,-0.8332596684966176,0.5506763994923272,0.028610667897931055,-0.040190267248523655,174.34784038032743,0.19575530594692886,-66.92871042834257,0.04198616408475119,0.12084799367148898,-0.14977769868792098,-1.8817980995368957,-2.746254311294556,-10.065153460006714
2026-09-11T17:40:43.336,43.571078176000015,-465.7833557128906,-41920.502014160156,-167682.00805664062,-319.06159866333013,-160.64780212402346,-4.236275672912598,-2.9018488359451298,-6.491250975181475,1.581600725358183,0.0,-0.06238365173339844,-511.046875,-22.458114624023438,0.2899170219898224,104.37012791633606,2301.5427625882717,1,1789162843.071843,38.99142836,-76.93667692333334,-10.133000000000003,0,1,9.634816,7.513081000000001,65.302561,1,1,1789162843.3294668,-0.8342732363145272,0.5492997087311785,0.028820110087324956,-0.03778092655933816,174.56577185519214,0.377100001460712,-66.74107231743079,0.012189554028853597,0.023184953783492675,-0.10022727762502638,-3.033491094532013,-2.1912959786415103,-9.561581974201204
2026-09-11T17:40:43.369,43.604496224,-465.920654296875,-41932.85888671875,-167731.435546875,-319.1556481933594,-160.74185165405274,-4.13429594039917,-2.8319927191734315,-6.334987292352873,2.0903709508025377,0.0,-0.05404090881347656,-442.703125,-19.454727172851562,0.3051758110523224,109.86329197883606,164.37716716733703,1,1789162843.071843,38.99142836,-76.93667692333334,-10.133000000000003,0,1,9.634816,7.513081000000001,65.302561,1,1,1789162843.361467,-0.8349855849330717,0.5480879427378798,0.0279633617039873,-0.040208585918267176,174.3874852652888,0.1502483607588421,-66.56948104238785,-0.14392072278407841,-0.04091051766674708,-0.07569004273708849,4.030435149974823,1.3571423158836367,-8.670745873508453
2026-09-11T17:40:43.403,43.637909568,-466.0589904785156,-41945.309143066406,-167781.23657226562,-319.25040847778325,-160.83661193847658,-4.136193752288818,-2.8332927203178406,-6.337895312092514,-0.038906645931914154,0.0,-0.03572654724121094,-292.671875,-12.861557006835938,0.3967285752296448,142.82228708267212,986.4021722530988,1,1789162843.071843,38.99142836,-76.93667692333334,-10.133000000000003,0,1,9.634816,7.513081000000001,65.302561,1,1,1789162843.4014668,-0.8358086430262774,0.546712894265124,0.030776005431453746,-0.03977135874605481,174.25294384619528,0.45600320902448044,-66.4012915390625,-0.1236433130014831,-0.09204360329535016,-0.06073833063402866,-0.17867716594696045,1.240247045955658,-10.438786831169129
2026-09-11T17:40:43.436,43.671322368000006,-466.1932067871094,-41957.388610839844,-167829.55444335938,-319.34234664916994,-160.9285501098633,-4.060194492340088,-2.7812332272529603,-6.221441542709729,1.5580703522263382,0.0,-0.03482246398925781,-285.265625,-12.536087036132812,0.0457763709127903,16.479493528604507,-3781.269260703627,1,1789162843.071843,38.99142836,-76.93667692333334,-10.133000000000003,0,1,9.634816,7.513081000000001,65.302561,1,1,1789162843.429467,-0.836095905353395,0.5464698263161593,0.029387048565104663,-0.03808894004702158,174.50188597188398,0.4304024405333037,-66.35769218702815,0.026947709117867247,-0.0805488648417155,-0.04474762402725662,1.4233372044754027,-1.130314497642517,-10.190188249568939
2026-09-11T17:40:43.469,43.70474284800002,-466.3228759765625,-41969.058837890625,-167876.2353515625,-319.4311700439453,-161.0173735046387,-3.906557083129883,-2.67599160194397,-5.986022731621258,3.1490159719110475,0.0,-0.033634185791015625,-275.53125,-12.108306884765625,-0.1831054836511612,-65.91797411441803,-2465.478282866621,1,1789162843.071843,38.99142836,-76.93667692333334,-10.133000000000003,0,1,9.634816,7.513081000000001,65.302561,1,1,1789162843.461467,-0.8363837971452247,0.546171080949334,0.031080414567787533,-0.03454420411394623,174.73604263663762,0.8168488917663245,-66.32782060446827,0.05620588509952459,-0.13251866131372467,-0.016891121967875924,-4.799766855163574,-1.580145540561676,-7.7224428028678895
2026-09-11T17:40:43.503,43.73815689600002,-466.452392578125,-41980.71533203125,-167922.861328125,-319.51988891601565,-161.106092376709,-3.8814733028411865,-2.658809212446213,-5.94758682096951,0.5142265162771821,0.0,-0.033660888671875,-275.75,-12.117919921875,0.0,0.0,1972.7622978940842,1,1789162843.071843,38.99142836,-76.93667692333334,-10.133000000000003,0,1,9.634816,7.513081000000001,65.302561,1,1,1789162843.501467,-0.8367203805651301,0.5455724053403713,0.03269932961455471,-0.03435853781557402,174.65281804934457,0.9872695051696957,-66.25775623194629,-0.020797866965540028,-0.08959647715112891,-0.03144123381005185,0.7575637249946594,1.1279609016036987,-9.002014515972139
2026-09-11T17:40:43.536,43.77156899200003,-466.5777282714844,-41991.995544433594,-167967.98217773438,-319.6057438659668,-161.19194732666017,-3.7787516117095947,-2.5884448540210725,-5.79018623394119,2.105954634666645,0.0,-0.03426933288574219,-280.734375,-12.336959838867188,-0.0762939527630806,-27.465822994709015,-822.0323260984215,1,1789162843.071843,38.99142836,-76.93667692333334,-10.133000000000003,0,1,9.634816,7.513081000000001,65.302561,1,1,1789162843.5294669,-0.8370015481017999,0.5451669760869802,0.033685194406676715,-0.03296489552770712,174.72531332926587,1.171572628466592,-66.20904305410969,-0.06507512475938418,-0.027322954907046032,-0.03220481535779937,4.254320973167419,3.910892084503174,-9.814691614875795
2026-09-11T17:40:43.570,43.80498982400002,-466.70220947265625,-42003.19885253906,-168012.79541015625,-319.69101348876956,-161.2772169494629,-3.727354049682617,-2.553237524032593,-5.711429679743626,1.053454623406434,0.0,-0.03650093078613281,-299.015625,-13.140335083007812,-0.1373291164636612,-49.43848192691803,-657.4539775734916,1,1789162843.071843,38.99142836,-76.93667692333334,-10.133000000000003,0,1,9.634816,7.513081000000001,65.302561,1,1,1789162843.561467,-0.8376110324745545,0.5443545432223529,0.03320529818658653,-0.031357578389190136,174.91104447423035,1.2312073139656343,-66.09354165524185,0.13077490285805712,-0.02133246131542589,-0.06346278959639182,-2.2643555223464964,-2.5369803968429565,-10.519593628501893
2026-09-11T17:40:43.604,43.838413951999996,-466.8238220214844,-42014.143981933594,-168056.57592773438,-319.7743180847168,-161.36052154541017,-3.6490120887756348,-2.49957328081131,-5.591386186496303,1.605554024365787,0.0,-0.04159736633300781,-340.765625,-14.975051879882812,-0.1678466945886612,-60.42481005191803,-328.69453243498197,1,1789162843.071843,38.99142836,-76.93667692333334,-10.133000000000003,0,1,9.634816,7.513081000000001,65.302561,1,1,1789162843.601467,-0.8385420140127976,0.5430548324836089,0.031677976146653304,-0.030581783447217126,175.08309039668544,1.1409178627399514,-65.90462036866099,0.017568135184724522,0.027384041430865834,-0.09591352184579718,-4.0061146575737,-1.3743039536666868,-6.922122083168031
2026-09-11T17:40:43.637,43.871830655999986,-466.9453125,-42025.078125,-168100.3125,-319.85753906250005,-161.44374252319338,-3.6236677169799805,-2.482212386131287,-5.552550971124026,0.5195274399302913,0.0,-0.045917510986328125,-376.15625,-16.530303955078125,-0.061035171151161194,-21.97266161441803,1150.686448235942,1,1789162843.071843,38.99142836,-76.93667692333334,-10.133000000000003,0,1,9.634816,7.513081000000001,65.302561,1,1,1789162843.629467,-0.8393137369511693,0.5417940514813242,0.030904036229569606,-0.032505342472234196,174.94777016175811,0.9542458423009751,-65.72822700868126,-0.09251030433733344,0.017651736455895052,-0.11892568803334241,-3.0614400474929813,0.21653083557128905,-5.4704436597251895
2026-09-11T17:40:43.670,43.905255711999985,-467.06640625,-42035.9765625,-168143.90625,-319.94048828125,-161.52669174194338,-3.6240861415863037,-2.482499006986618,-5.553192123717375,-0.008575029921600304,0.0,-0.0485382080078125,-397.625,-17.4737548828125,-0.0610351599752903,-21.972657591104507,0.00012036819092656199,1,1789162843.071843,38.99142836,-76.93667692333334,-10.133000000000003,0,1,9.634816,7.513081000000001,65.302561,1,1,1789162843.6614668,-0.8402665420327616,0.5403644994075568,0.030486730971681593,-0.0320765545996775,175.01669136288027,0.9493140235735082,-65.53039934880783,-0.0032628930366033993,0.01741472074347422,-0.07112059622244213,0.059526366481781,0.8452351774406434,-8.886492177066803
2026-09-11T17:40:43.704,43.93867766400001,-467.1866455078125,-42046.798095703125,-168187.1923828125,-320.0228521728516,-161.60905563354493,-3.5987794399261475,-2.465163916349411,-5.514414630344954,0.5186737937147912,0.0,-0.04995918273925781,-409.265625,-17.985305786132812,-0.015258789993822575,-5.493164397776127,493.07392917432014,1,1789162843.071843,38.99142836,-76.93667692333334,-10.133000000000003,0,1,9.634816,7.513081000000001,65.302561,1,1,1789162843.701467,-0.8413124196834398,0.538769399838806,0.03068743290867234,-0.03129261486684032,175.08174339742317,1.0265907620931785,-65.31440384734742,-0.016640667220214733,-0.013457535730427477,-0.05608371205188499,6.144650858345032,4.446531316337586,-9.25316282661438
2026-09-11T17:40:43.737,43.97208735999999,-467.3075866699219,-42057.68280029297,-168230.73120117188,-320.10569686889653,-161.69190032958986,-3.651825428009033,-2.501500418186188,-5.595697070029942,-1.0876034860299388,0.0,-0.049152374267578125,-402.65625,-17.694854736328125,-0.03051757998764515,-10.986328795552254,-164.41826940836842,1,1789162843.071843,38.99142836,-76.93667692333334,-10.133000000000003,0,1,9.634816,7.513081000000001,65.302561,1,1,1789162843.729467,-0.8421145850550334,0.5375126781456907,0.032370025235992396,-0.029585941534061664,175.14410458749566,1.301465420838571,-65.15448999677157,0.04363008970720465,-0.059328977263043245,-0.11881974654774637,-0.7522681339073182,1.9096489859962462,-6.150534848442077
2026-09-11T17:40:43.770,44.005510464,-467.4308776855469,-42068.77899169922,-168275.11596679688,-320.1901512145996,-161.776354675293,-3.7046167850494385,-2.5376624977588658,-5.6765893382222234,-1.0819485698476563,0.0,-0.05034446716308594,-412.421875,-18.124008178710938,-0.030517585575580597,-10.986330807209015,-6.018761037780843e-05,1,1789162843.071843,38.99142836,-76.93667692333334,-10.133000000000003,0,1,9.634816,7.513081000000001,65.302561,1,1,1789162843.761467,-0.8430177758917966,0.5360740397897045,0.0321429205296692,-0.03020738409425899,175.10022526387974,1.2495663322706394,-64.95793253787406,-0.05068453601084053,-0.13841525619158748,-0.0965877425358426,2.876486625442505,1.0402894491577148,-9.177357420864105
2026-09-11T17:40:43.804,44.038936320000005,-467.5539855957031,-42079.85870361328,-168319.43481445312,-320.27448013305667,-161.86068359375003,-3.7056972980499268,-2.5384026491642,-5.678245009762431,-0.022143080055579644,0.0,-0.0516815185546875,-423.375,-18.6053466796875,-0.0762939602136612,-27.46582567691803,-493.0163903567663,1,1789162843.071843,38.99142836,-76.93667692333334,-10.133000000000003,0,1,9.634816,7.513081000000001,65.302561,1,1,1789162843.801467,-0.8440846296663745,0.5344465407235395,0.03157807081314661,-0.029847253028394305,175.17227208100542,1.2265445697950665,-64.73298971391979,0.122747086430584,-0.08005476213047591,-0.10659772939480566,0.49543196617126467,1.4265733990287779,-7.325077338314056
2026-09-11T17:40:43.837,44.07235046400001,-467.67694091796875,-42090.92468261719,-168363.69873046875,-320.35870452880863,-161.94490798950196,-3.7061688899993896,-2.5387256896495822,-5.6789676307479855,-0.009667776776863047,0.0,-0.05397987365722656,-442.203125,-19.432754516601562,-0.1831054836511612,-65.91797411441803,-1150.7746072290192,1,1789162843.071843,38.99142836,-76.93667692333334,-10.133000000000003,0,1,9.634816,7.513081000000001,65.302561,1,1,1789162843.8294668,-0.8451513774643004,0.5329087263652122,0.03071546371643405,-0.02799997897655418,175.40654642190555,1.2649395553464253,-64.51755410373454,-0.027228532594513136,-0.08708302849533188,-0.14892388361784537,2.6010178223991396,0.09551677257537843,-12.566927982769014
2026-09-11T17:40:43.871,44.10577452800004,-467.7989501953125,-42101.905517578125,-168407.6220703125,-320.44228088378907,-162.02848434448242,-3.6817831993103027,-2.5220214915275574,-5.641601403739161,0.49976562161949256,0.0,-0.0634918212890625,-520.125,-22.8570556640625,-0.3204346001148224,-115.35645604133606,-1479.1283886625288,1,1789162843.071843,38.99142836,-76.93667692333334,-10.133000000000003,0,1,9.634816,7.513081000000001,65.302561,1,1,1789162843.861467,-0.8464267477725103,0.5310007722672376,0.03139075381256022,-0.02479034251332123,175.67978599805664,1.536430959548682,-64.26167426057577,0.006670648401122328,-0.021448176644833117,-0.1330637276391225,0.6768549941635131,-2.897963189296722,-10.476640500793456
2026-09-11T17:40:43.904,44.139197056,-467.92138671875,-42112.9248046875,-168451.69921875,-320.5261499023438,-162.11235336303713,-3.6825308799743652,-2.5225336527824402,-5.642747075837593,-0.015323833519818142,0.0,-0.06959342956542969,-570.109375,-25.053634643554688,-0.1525879204273224,-54.93165135383606,1807.9064721726688,1,1789162843.071843,38.99142836,-76.93667692333334,-10.133000000000003,0,1,9.634816,7.513081000000001,65.302561,1,1,1789162843.897467,-0.8480109979365256,0.528361885684708,0.031092556530544175,-0.02728219314484411,175.4602871840713,1.3697240649377462,-63.905074891684265,-0.08133408847218775,-0.004017224339315348,-0.18332886103070878,4.076624472236634,5.139959549274445,-4.80604311126709
2026-09-11T17:40:43.938,44.172610624000015,-468.0455017089844,-42124.095153808594,-168496.38061523438,-320.6111686706543,-162.19737213134766,-3.658188819885254,-2.5058593416213992,-5.605447704056452,0.49902815410296136,0.0,-0.07670783996582031,-628.390625,-27.614822387695312,-0.12207034230232239,-43.94532322883606,328.79841281826697,1,1789162843.071843,38.99142836,-76.93667692333334,-10.133000000000003,0,1,9.634816,7.513081000000001,65.302561,1,1,1789162843.929467,-0.8497000144496707,0.5257700094480497,0.028061598889308793,-0.02807720208644389,175.5703470660111,1.0407537271288907,-63.53632111667941,0.12427075886757505,0.06570763208030692,-0.2028381514095014,0.17583323740005494,0.6744033316230774,-8.424893153953551
2026-09-11T17:40:43.971,44.20603164800002,-468.16717529296875,-42135.04577636719,-168540.18310546875,-320.6945150756836,-162.28071853637695,-3.5815107822418213,-2.453334885835648,-5.487953842688898,1.5715992360300435,0.0,-0.08110618591308594,-664.421875,-29.198226928710938,-0.015258817933499813,-5.493174456059933,1150.5377205907598,1,1789162843.071843,38.99142836,-76.93667692333334,-10.133000000000003,0,1,9.634816,7.513081000000001,65.302561,1,1,1789162843.961467,-0.8513628109680109,0.5230575343769346,0.029316844448283322,-0.027068477307820735,175.59667448079256,1.237788260332793,-63.17878786369145,0.09861249900108121,0.13414600630828416,-0.19088456589551744,-2.2416040939712527,0.10326402620315552,-10.58804404663086
2026-09-11T17:40:44.005,44.239455264000014,-468.28875732421875,-42145.98815917969,-168583.95263671875,-320.77779876708985,-162.3640022277832,-3.5834341049194336,-2.454652361869812,-5.490900952643632,-0.03941751946182572,0.0,-0.08172416687011719,-669.484375,-29.420700073242188,0.0,0.0,164.3500947372375,1,1789162843.071843,38.99142836,-76.93667692333334,-10.133000000000003,0,1,9.634816,7.513081000000001,65.302561,1,1,1789162844.001467,-0.8533908644670267,0.5198248079687857,0.025294492819065727,-0.029434505218574027,175.61018820540738,0.7202616479249533,-62.72118693318894,-0.0012761847490582539,0.05102609694545582,-0.18806533555477098,1.304774804019928,1.7019441355705263,-11.130842133083343
2026-09-11T17:40:44.038,44.27286700799999,-468.4078063964844,-42156.702575683594,-168626.81030273438,-320.8593473815918,-162.44555084228517,-3.5327889919281006,-2.419960459470749,-5.413297377126759,1.0383146237169383,0.0,-0.082000732421875,-671.75,-29.520263671875,0.0,0.0,0.0,1,1789162843.071843,38.99142836,-76.93667692333334,-10.133000000000003,0,1,9.634816,7.513081000000001,65.302561,1,1,1789162844.0294669,-0.8548316301607893,0.5175635853580265,0.02287703807124883,-0.02945267928523408,175.75407513091952,0.4941686411483617,-62.404503214455396,0.027799080726990083,0.06686618163778076,-0.19473912554854692,-3.1932414256668094,-2.3206456942749023,-5.562920370750427
2026-09-11T17:40:44.071,44.30628793599999,-468.5287170410156,-42167.584533691406,-168670.33813476562,-320.94217117309574,-162.52837463378907,-3.533970594406128,-2.4207698571681977,-5.4151079482108875,-0.02421828913453966,0.0,-0.08218574523925781,-673.265625,-29.586868286132812,0.0,0.0,0.0,1,1789162843.071843,38.99142836,-76.93667692333334,-10.133000000000003,0,1,9.634816,7.513081000000001,65.302561,1,1,1789162844.061467,-0.8563819476387692,0.5150914912631387,0.020360685314081663,-0.029599964193988287,175.88987710519302,0.2509372537915123,-62.0606352632825,-0.019776500287272947,0.10668028346842501,-0.20591377061736582,-0.4857233825111389,-1.7935382480812072,-10.879497689437866
2026-09-11T17:40:44.105,44.33971366399999,-468.64703369140625,-42178.23303222656,-168712.93212890625,-321.0232180786133,-162.60942153930665,-3.534669876098633,-2.4212488651275637,-5.416179458499376,-0.014330516881068022,0.0,-0.08506965637207031,-696.890625,-30.625076293945312,-0.1220703274011612,-43.94531786441803,-1314.715355322146,1,1789162844.0798256,38.991416593333334,-76.93668465,-10.075000000000003,0,1,11.744329,9.474084,65.31872400000002,1,1,1789162844.101467,-0.8584552061511685,0.5117009579671936,0.01619808802931654,-0.03089353640497045,176.0078905286108,-0.2180590013703245,-61.58835716189468,0.03798045891849901,0.07868206067378236,-0.1781845030604555,4.971971632003784,-0.976055890598297,-9.778014743270873
2026-09-11T17:40:44.138,44.373127392000015,-468.76361083984375,-42188.72497558594,-168754.89990234375,-321.103073425293,-162.68927688598635,-3.4827475547790527,-2.3856820750236514,-5.336618814924053,1.064436452702397,0.0,-0.09183120727539062,-752.28125,-33.059234619140625,-0.2746582329273224,-98.87696385383606,-1643.9843524605349,1,1789162844.0798256,38.991416593333334,-76.93668465,-10.075000000000003,0,1,11.744329,9.474084,65.31872400000002,1,1,1789162844.129467,-0.8599127123920571,0.5091541258150379,0.013694259489099388,-0.033536107244358224,175.892658446736,-0.6072526143677804,-61.237756070583366,0.0028783970023890486,0.0930759655479048,-0.20115722480690568,1.4348109851646422,0.12170052850723266,-9.778407009277343
2026-09-11T17:40:44.171,44.406551584,-468.8844909667969,-42199.60418701172,-168798.41674804688,-321.18587631225586,-162.77207977294924,-3.5101730823516846,-2.404468561410904,-5.378642988123884,-0.562062544017867,0.0,-0.09982109069824219,-817.734375,-35.93559265136719,-0.1373291313648224,-49.43848729133606,1479.122563756324,1,1789162844.0798256,38.991416593333334,-76.93668465,-10.075000000000003,0,1,11.744329,9.474084,65.31872400000002,1,1,1789162844.1614668,-0.8616257646145034,0.5061777774526655,0.009698218609581347,-0.035931099640189056,175.88547862851513,-1.1266553542244122,-60.8252941277362,0.014283425532471195,0.12320488629338212,-0.21055337936794233,1.4584450120544432,0.7163757943153382,-9.562660705718994
2026-09-11T17:40:44.205,44.43997676800001,-469.0010681152344,-42210.096130371094,-168840.38452148438,-321.2657316589356,-162.8519351196289,-3.5374975204467773,-2.4231858015060426,-5.420512261779796,-0.5599741827938283,0.0,-0.10074043273925781,-825.265625,-36.26655578613281,0.0,0.0,1479.0789870093865,1,1789162844.0798256,38.991416593333334,-76.93668465,-10.075000000000003,0,1,11.744329,9.474084,65.31872400000002,1,1,1789162844.201467,-0.8641966068445798,0.5018054919624302,0.008148934867946236,-0.03590359056106049,175.97160717464234,-1.2576673860642813,-60.239918375143056,0.031657305571448746,0.12780662139919036,-0.2656813491214352,-3.0254496413993834,-0.38167482429504396,-10.361902693901062
2026-09-11T17:40:44.238,44.47339251200003,-469.1180725097656,-42220.626525878906,-168882.50610351562,-321.34587966918946,-162.9320831298828,-3.5384466648101807,-2.423835965394974,-5.42196663697873,-0.01945681319952383,0.0,-0.10232734680175781,-838.265625,-36.83784484863281,0.0,0.0,0.0,1,1789162844.0798256,38.991416593333334,-76.93668465,-10.075000000000003,0,1,11.744329,9.474084,65.31872400000002,1,1,1789162844.229467,-0.8659278538864722,0.4987939344346619,0.007727030761899791,-0.036247149272228225,175.9572068815619,-1.3051740282840139,-59.8397540763708,-0.18320145199531318,0.04037016373032964,-0.21159481733260735,-0.00598205659866333,-2.067045721092224,-16.83321306913376
2026-09-11T17:40:44.272,44.50681872000001,-469.230712890625,-42230.76416015625,-168923.056640625,-321.42303833007816,-163.00924179077148,-3.4095702171325684,-2.3355555987358096,-5.224489080922976,2.641052393954364,0.0,-0.10357284545898438,-848.46875,-37.286224365234375,-0.0610351637005806,-21.972658932209015,-657.3482380119804,1,1789162844.0798256,38.991416593333334,-76.93668465,-10.075000000000003,0,1,11.744329,9.474084,65.31872400000002,1,1,1789162844.2694669,-0.868255910906304,0.4947046811097435,0.006417566512301976,-0.03684788331005226,175.96539672076113,-1.4505093933646025,-59.29514296405447,-0.09186453251409553,0.02112371993688737,-0.2566333877461714,4.726413111953735,2.004087027053833,-15.19207016456604
2026-09-11T17:40:44.305,44.540260192000005,-469.34368896484375,-42240.93200683594,-168963.72802734375,-321.500426940918,-163.08663040161133,-3.332472562789917,-2.2827437055110935,-5.1063522403165065,1.5792335105562239,0.0,-0.10373115539550781,-849.765625,-37.34321594238281,-0.1220703199505806,-43.945315182209015,-657.0481182767552,1,1789162844.0798256,38.991416593333334,-76.93668465,-10.075000000000003,0,1,11.744329,9.474084,65.31872400000002,1,1,1789162844.301467,-0.8702345131665123,0.49126197183884074,0.006919365343254136,-0.03613432581498802,176.00276676100626,-1.3442765410372177,-58.84399986805696,0.014390937814394046,0.031574402431979016,-0.24745749373673642,-2.743116183242798,-2.004087027053833,-8.751356537837982
2026-09-11T17:40:44.338,44.57367235200002,-469.4546813964844,-42250.921325683594,-169003.68530273438,-321.5764567565918,-163.16266021728518,-3.3069536685943604,-2.265263262987137,-5.067249604033497,0.523176068950658,0.0,-0.103607177734375,-848.75,-37.298583984375,0.0,0.0,1315.2491542658017,1,1789162844.0798256,38.991416593333334,-76.93668465,-10.075000000000003,0,1,11.744329,9.474084,65.31872400000002,1,1,1789162844.3294668,-0.8717755582257878,0.48864830150023625,0.006848922289036851,-0.03439921197540477,176.17634285447588,-1.2420856885771432,-58.50160870062435,0.017939715782474115,-0.0015667820695153096,-0.22946698887302927,-4.299823829917908,-0.4527730379676819,-10.291687078742981
2026-09-11T17:40:44.372,44.60709344000003,-469.56494140625,-42260.8447265625,-169043.37890625,-321.65198486328126,-163.2381883239746,-3.3079075813293457,-2.265916693210602,-5.068711285814691,-0.019551434814595706,0.0,-0.10379219055175781,-850.265625,-37.36518859863281,0.0,0.0,0.0,1,1789162844.0798256,38.991416593333334,-76.93668465,-10.075000000000003,0,1,11.744329,9.474084,65.31872400000002,1,1,1789162844.369467,-0.874036134334879,0.48455669285095265,0.006342364865650661,-0.03500602374163568,176.13779834588055,-1.3086287155611125,-57.96295077913757,-0.0040844195155171304,0.0030075513670366288,-0.22522147546755306,1.2958507523727418,1.7172425098228454,-10.405934553127288
2026-09-11T17:40:44.405,44.64051564800002,-469.6729736328125,-42270.567626953125,-169082.2705078125,-321.7259869384766,-163.31219039916994,-3.230942726135254,-2.2131957674026492,-4.950777933524174,1.5774219886360583,0.0,-0.10501289367675781,-860.265625,-37.80464172363281,-0.045776382088661194,-16.47949755191803,-493.0702828467455,1,1789162844.0798256,38.991416593333334,-76.93668465,-10.075000000000003,0,1,11.744329,9.474084,65.31872400000002,1,1,1789162844.4014668,-0.8758583975289216,0.4812367427601965,0.004867190753660865,-0.03549049661237952,176.1654361760927,-1.4688076722007046,-57.52364949229532,-0.02772385703622913,0.02958193455790229,-0.25796681929469506,4.099179767608643,3.9903259508132933,-9.881376835975647
2026-09-11T17:40:44.439,44.67392768000002,-469.7805480957031,-42280.24932861328,-169120.99731445312,-321.79967544555666,-163.38587890625,-3.180778741836548,-2.1788334381580357,-4.873911592157376,1.0284417674630641,0.0,-0.10571479797363281,-866.015625,-38.05732727050781,0.03051757998764515,10.986328795552254,822.0340010290122,1,1789162844.0798256,38.991416593333334,-76.93668465,-10.075000000000003,0,1,11.744329,9.474084,65.31872400000002,1,1,1789162844.429467,-0.8773754948003175,0.47850738245728885,0.004421230343526202,-0.03497683204667553,176.23705848116026,-1.4735340801383028,-57.166364208420234,-0.019950509613696783,-0.03688386854947097,-0.23334895019531507,-2.4631363211250306,0.5919294037628173,-11.433573423576354
2026-09-11T17:40:44.472,44.70734748800004,-469.8858642578125,-42289.727783203125,-169158.9111328125,-321.8718170166016,-163.45802047729492,-3.1562023162841797,-2.161998586654663,-4.836253101858135,0.50373872594848,0.0,-0.10698699951171875,-876.4375,-38.51531982421875,-0.015258791856467724,-5.493165068328381,-493.1055816918866,1,1789162844.0798256,38.991416593333334,-76.93668465,-10.075000000000003,0,1,11.744329,9.474084,65.31872400000002,1,1,1789162844.469467,-0.8795204884097307,0.4744960228303139,0.002129003228713261,-0.035954167087767615,176.25618623854487,-1.740639339451665,-56.63629716206487,0.009353219461437613,0.09644392740547826,-0.21589845020217496,-1.5418015384292603,-2.8852145440864567,-11.19742928768158
2026-09-11T17:40:44.506,44.74076979200004,-469.98736572265625,-42298.86291503906,-169195.45166015625,-321.9413455200196,-163.5275489807129,-3.0537662506103516,-2.091829881668091,-4.6792901791072135,2.099457445739692,0.0,-0.10639190673828125,-871.5625,-38.30108642578125,0.0457763746380806,16.479494869709015,657.4250517869289,1,1789162844.0798256,38.991416593333334,-76.93668465,-10.075000000000003,0,1,11.744329,9.474084,65.31872400000002,1,1,1789162844.501467,-0.8811142286653693,0.4717019660590021,0.0006100065545340516,-0.03368381141596972,176.5623499303063,-1.759398395003466,-56.27168304781357,0.033332298054587706,0.025241300708192395,-0.19328352095238363,-1.38793519739151,-1.79304791557312,-13.578582013454438
2026-09-11T17:40:44.539,44.77419315200001,-470.0849609375,-42307.646484375,-169230.5859375,-322.0081982421875,-163.59440170288087,-2.9249322414398193,-2.0035785853862764,-4.481877651633577,2.6404076754069177,0.0,-0.10580062866210938,-866.71875,-38.088226318359375,-0.0762939527630806,-27.465822994709015,-1314.8085011337819,1,1789162844.0798256,38.991416593333334,-76.93668465,-10.075000000000003,0,1,11.744329,9.474084,65.31872400000002,1,1,1789162844.5294669,-0.8825455846706928,0.4691325462971686,0.00043051914646771407,-0.032058690495165826,176.731510739883,-1.6801326732723099,-55.9393806095725,0.014279760341042004,0.08398751253399472,-0.22710974718528573,-2.178841532936096,1.1176639189338684,-6.288122150211334
2026-09-11T17:40:44.573,44.807618623999986,-470.1775817871094,-42315.982360839844,-169263.92944335938,-322.07164352416993,-163.65784698486328,-2.7961573600769043,-1.9153677916526797,-4.28455572577997,2.6390291132959742,0.0,-0.105438232421875,-863.75,-37.957763671875,0.0,0.0,821.7033702539347,1,1789162844.0798256,38.991416593333334,-76.93668465,-10.075000000000003,0,1,11.744329,9.474084,65.31872400000002,1,1,1789162844.5694668,-0.8845132737447492,0.46547442210358647,-0.0025181167839585794,-0.031040135704294244,176.98508888180152,-1.9112485415438472,-55.460806304965686,0.03711215761563183,0.09247120896208877,-0.19749534950329634,-2.138340067768097,-2.627495777835846,-8.496285567131043
2026-09-11T17:40:44.606,44.841131872000005,-470.2669982910156,-42324.029846191406,-169296.11938476562,-322.13289382934573,-163.7190972900391,-2.6934876441955566,-1.8450390362739564,-4.127234780498287,2.09853593953895,0.0,-0.10550308227539062,-864.28125,-37.981109619140625,-0.015258791856467724,-5.493165068328381,-163.9102562761193,1,1789162844.0798256,38.991416593333334,-76.93668465,-10.075000000000003,0,1,11.744329,9.474084,65.31872400000002,1,1,1789162844.601467,-0.8859161504780177,0.46284258843537135,-0.0018068235902338034,-0.03043103746456176,177.00367673344996,-1.7977179085359007,-55.1221760198099,-0.0016701055612333739,0.06857922229861318,-0.18749653275154604,-2.475688833332062,-0.23486927137374877,-9.606202232437134
2026-09-11T17:40:44.639,44.87454496000004,-470.3522033691406,-42331.698303222656,-169326.79321289062,-322.19125930786134,-163.7774627685547,-2.5639913082122803,-1.7563340461254122,-3.928807368748681,2.6547977292149776,0.0,-0.10494613647460938,-859.71875,-37.780609130859375,0.0305175818502903,10.986329466104507,493.2047745607138,1,1789162844.0798256,38.991416593333334,-76.93668465,-10.075000000000003,0,1,11.744329,9.474084,65.31872400000002,1,1,1789162844.629467,-0.887247935944471,0.46038693872056285,-0.0024085890768404546,-0.028795234266165756,177.19697854213783,-1.7642973029123807,-54.805816762612835,0.030205017100864266,0.04416573125464171,-0.18664969899847839,1.4698207262420655,-0.6250758813095093,-7.855126779556275
2026-09-11T17:40:44.674,44.90796393599999,-470.4364929199219,-42339.28436279297,-169357.13745117188,-322.2489976501465,-163.83520111083985,-2.5121066570281982,-1.720793060064316,-3.849304447173215,1.0634971598516072,0.0,-0.10455703735351562,-856.53125,-37.640533447265625,0.030517585575580597,10.986330807209015,4.013002994012387e-05,1,1789162844.0798256,38.991416593333334,-76.93668465,-10.075000000000003,0,1,11.744329,9.474084,65.31872400000002,1,1,1789162844.669467,-0.8889344840360502,0.4570816075054658,-0.0039490294206799385,-0.029262473210837452,177.22336719297869,-1.935334333468549,-54.376680024153835,0.008555953059126603,0.036340373020399934,-0.1595276314883369,-0.1773042349243164,-3.046141673240662,-8.102646629638672
2026-09-11T17:40:44.706,44.94137913600002,-470.51727294921875,-42346.55456542969,-169386.21826171875,-322.3043319702149,-163.89053543090822,-2.4600987434387207,-1.6851676392555237,-3.7696126504463177,1.0661441741708584,0.0,-0.105072021484375,-860.75,-37.825927734375,-0.03051757998764515,-10.986328795552254,-657.5648089114445,1,1789162844.0798256,38.991416593333334,-76.93668465,-10.075000000000003,0,1,11.744329,9.474084,65.31872400000002,1,1,1789162844.701467,-0.8902653063682533,0.4545839185033867,-0.0021416800717953396,-0.027866799629959034,177.26648112140734,-1.6703469673990499,-54.059333037161345,-0.058628227568367525,0.032167639844731886,-0.1727057400055201,-1.9196517691612245,0.12268119352340698,-13.178078420848847
2026-09-11T17:40:44.739,44.974795072000006,-470.5943908691406,-42353.495178222656,-169413.98071289062,-322.35715774536135,-163.9433612060547,-2.329707145690918,-1.595849394798279,-3.56981342787732,2.672923615166428,0.0,-0.10586929321289062,-867.28125,-38.112945556640625,-0.015258795581758022,-5.493166409432888,164.3875061923195,1,1789162844.0798256,38.991416593333334,-76.93668465,-10.075000000000003,0,1,11.744329,9.474084,65.31872400000002,1,1,1789162844.729467,-0.8913251385184211,0.4525698486427323,-0.003939390601865776,-0.026542621315496073,177.49126971500507,-1.7791672285433684,-53.79935492014426,0.033624466171371555,0.03523173987953313,-0.16084326067849025,-0.34342888866424565,-1.5510197895812987,-6.855338795566558
2026-09-11T17:40:44.773,45.008216256000026,-470.66943359375,-42360.2490234375,-169440.99609375,-322.4085620117188,-163.99476547241213,-2.2517411708831787,-1.5424427020549776,-3.450346058641231,1.5979892496708228,0.0,-0.105682373046875,-865.75,-38.045654296875,0.0,0.0,164.3618134363434,1,1789162844.0798256,38.991416593333334,-76.93668465,-10.075000000000003,0,1,11.744329,9.474084,65.31872400000002,1,1,1789162844.7694669,-0.8929640187360864,0.44932329210789085,-0.0032831676259767956,-0.02670320621882324,177.4346092509479,-1.7111204273726965,-53.38310546276594,-0.06279991354648437,0.009711710089797248,-0.18606972608804065,3.83126208518982,-0.13366464170455933,-8.441564459228516
2026-09-11T17:40:44.806,45.041630048,-470.7422180175781,-42366.79962158203,-169467.19848632812,-322.45841934204105,-164.04462280273438,-2.2001941204071045,-1.5071329724788667,-3.371360443089802,1.0567411677230785,0.0,-0.105560302734375,-864.75,-38.001708984375,0.0,0.0,0.0,1,1789162844.0798256,38.991416593333334,-76.93668465,-10.075000000000003,0,1,11.744329,9.474084,65.31872400000002,1,1,1789162844.8014364,-0.8941343385779799,0.44694037788457724,-0.00457823444637824,-0.027333550107219478,177.43164827647556,-1.8693226741119657,-53.07519398384511,0.01506638023491585,0.051610956777799116,-0.16182797544246544,0.7722737002372742,0.7142183312797546,-8.559636527175902
2026-09-11T17:40:44.840,45.075046240000006,-470.81195068359375,-42373.07556152344,-169492.30224609375,-322.50618621826175,-164.0923896789551,-2.123128890991211,-1.4543432903289797,-3.2532732872427035,1.579763551450755,0.0,-0.10575675964355469,-866.359375,-38.07243347167969,-0.015258795581758022,-5.493166409432888,-164.38636722676816,1,1789162844.0798256,38.991416593333334,-76.93668465,-10.075000000000003,0,1,11.744329,9.474084,65.31872400000002,1,1,1789162844.8294365,-0.8950483208015813,0.44497408817798034,-0.006669325337765933,-0.029018690183804742,177.36095445388673,-2.164224825944129,-52.81876270966149,-0.09241605655772574,0.006432410958225101,-0.14954504629863016,2.097446336593628,-0.5967346623420715,-10.720924156322479
2026-09-11T17:40:44.873,45.10846614400003,-470.8785705566406,-42379.071350097656,-169516.28540039062,-322.55182083129887,-164.1380242919922,-2.0463485717773438,-1.4017487716674806,-3.1356226996856633,1.5737483465379312,0.0,-0.10509300231933594,-860.921875,-37.83348083496094,-0.03051757998764515,-10.986328795552254,-164.36798819394886,1,1789162844.0798256,38.991416593333334,-76.93668465,-10.075000000000003,0,1,11.744329,9.474084,65.31872400000002,1,1,1789162844.8694365,-0.8963886613083736,0.44234477722461635,-0.009202372158266654,-0.027088416095212498,177.6814443667139,-2.3189717390054554,-52.48337805448693,0.077563304623254,0.0253006419027602,-0.14610133715152013,1.031267331008911,1.4338303201484681,-11.090340667915344
2026-09-11T17:40:44.906,45.14187625599999,-470.9411926269531,-42384.70733642578,-169538.82934570312,-322.5947169494629,-164.18092041015626,-1.9434524774551392,-1.3312649470567703,-2.977954874411169,2.1096554423643727,0.0,-0.1054534912109375,-863.875,-37.9632568359375,-0.015258789993822575,-5.493164397776127,164.41622218397157,1,1789162844.0798256,38.991416593333334,-76.93668465,-10.075000000000003,0,1,11.744329,9.474084,65.31872400000002,1,1,1789162844.9014363,-0.8972461334328322,0.44064287011176223,-0.010278441565990701,-0.0260305723808667,177.84025684218827,-2.3718607052500413,-52.26713929264819,-0.05627849079640756,-0.12263014937070038,-0.08296579678987726,0.5101419414138794,-4.092217045993805,-9.162745512123108
2026-09-11T17:40:44.940,45.17529148800003,-470.9990234375,-42389.912109375,-169559.6484375,-322.63433105468755,-164.22053451538088,-1.8153958320617676,-1.2435461449623109,-2.781733502510535,2.6251142620933607,0.0,-0.10435867309570312,-854.90625,-37.569122314453125,-0.015258789993822575,-5.493164397776127,0.0,1,1789162844.0798256,38.991416593333334,-76.93668465,-10.075000000000003,0,1,11.744329,9.474084,65.31872400000002,1,1,1789162844.9294364,-0.8983100697426167,0.4386049576735522,-0.0072543140434949815,-0.024740344196369512,177.81601829729993,-1.990610704812701,-52.01046202902213,0.017105448400020824,-0.02891329892146326,-0.20429689759831823,-4.424662486476898,1.5515101220893859,-8.614161502075195
2026-09-11T17:40:44.973,45.208716863999996,-471.05810546875,-42395.2294921875,-169580.91796875,-322.67480224609375,-164.26100570678713,-1.8164668083190918,-1.244279763698578,-2.783374560886222,-0.021947957631588074,0.0,-0.10444068908691406,-855.578125,-37.59864807128906,0.0,0.0,164.3411400302972,1,1789162844.0798256,38.991416593333334,-76.93668465,-10.075000000000003,0,1,11.744329,9.474084,65.31872400000002,1,1,1789162844.9694364,-0.9002230596906086,0.4347122534966733,-0.005641697629287629,-0.0243283930620673,177.76971371418338,-1.794182457522047,-51.5163022284193,-0.018942232904819657,-0.02709292051163318,-0.21824696524365855,6.149161917419434,2.2507242786216737,-11.093380729465485
2026-09-11T17:40:45.007,45.24212931200003,-471.1127624511719,-42400.14862060547,-169600.59448242188,-322.71224227905276,-164.29844573974611,-1.6610478162765503,-1.137817754149437,-2.545225828000706,3.1862977998208315,0.0,-0.10575294494628906,-866.328125,-38.07106018066406,-0.1678466945886612,-60.42481005191803,-1808.452049124141,1,1789162844.0798256,38.991416593333334,-76.93668465,-10.075000000000003,0,1,11.744329,9.474084,65.31872400000002,1,1,1789162845.0014365,-0.9015379999849592,0.4320409823198049,-0.0056048507910567945,-0.02320365977314072,177.87889880725217,-1.728064100014047,-51.17796684401198,0.1210546406549251,-0.08094592724654422,-0.15782069947988644,1.2181820830917358,-0.25634583522796633,-9.466065201625824
2026-09-11T17:40:45.040,45.275541632,-471.1669921875,-42405.029296875,-169620.1171875,-322.7493896484375,-164.33559310913088,-1.6096396446228027,-1.10260315656662,-2.4664530166576117,1.0539405100529007,0.0,-0.11380386352539062,-932.28125,-40.969390869140625,-0.16784673929214478,-60.42482614517212,-0.0004816562899364918,1,1789162844.0798256,38.991416593333334,-76.93668465,-10.075000000000003,0,1,11.744329,9.474084,65.31872400000002,1,1,1789162845.0294363,-0.9026156022601874,0.42980616335281024,-0.004860277813611853,-0.022980735410140913,177.86106561500142,-1.6347815029838715,-50.89505347528026,0.013898929498256843,-0.07908261373711507,-0.18849433748491118,1.6043679664611816,2.109508516292572,-7.191412696609497
2026-09-11T17:40:45.074,45.308967327999994,-471.2210388183594,-42409.893493652344,-169639.57397460938,-322.7864115905762,-164.37261505126955,-1.6101269721984863,-1.1029369759559633,-2.4671997493646254,-0.009986909153468514,0.0,-0.12247657775878906,-1003.328125,-44.09156799316406,-0.13732916116714478,-49.43849802017212,328.67911336840115,1,1789162844.0798256,38.991416593333334,-76.93668465,-10.075000000000003,0,1,11.744329,9.474084,65.31872400000002,1,1,1789162845.0694363,-0.9042198946707152,0.426356222627794,-0.0026651465377116115,-0.024487762294093687,177.59138267364077,-1.4727081938926883,-50.45850888844028,-0.06799994751987627,-0.07594433720910405,-0.2006880803039696,-2.353792171821594,-1.3469433997154237,-10.542246990375519
2026-09-11T17:40:45.107,45.34237814400001,-471.27398681640625,-42414.65881347656,-169658.63525390625,-322.8226809692383,-164.40888442993165,-1.5594077110290527,-1.0681942820549013,-2.3894825564936024,1.0398636747168122,0.0,-0.13656044006347656,-1118.703125,-49.16175842285156,-0.4577637314796448,-164.79494333267212,-3452.6677023527677,1,1789162844.0798256,38.991416593333334,-76.93668465,-10.075000000000003,0,1,11.744329,9.474084,65.31872400000002,1,1,1789162845.1014364,-0.9052213096827059,0.4243199485869769,-0.004313931107033827,-0.022546656645178596,177.86971338735424,-1.543971048312143,-50.200698260408075,0.048070207324278226,0.0007127924665144842,-0.1441422050661565,0.868575004825592,-0.07658993776321411,-9.424681137943267
2026-09-11T17:40:45.140,45.375790048,-471.32244873046875,-42419.02038574219,-169676.08154296875,-322.8558773803711,-164.44208084106447,-1.404217004776001,-0.9618886482715607,-2.1516836262338037,3.1816694368381637,0.0,-0.14466094970703125,-1185.0625,-52.07794189453125,-0.4425049424171448,-159.30177927017212,164.40739391869323,1,1789162844.0798256,38.991416593333334,-76.93668465,-10.075000000000003,0,1,11.744329,9.474084,65.31872400000002,1,1,1789162845.1294365,-0.9062746488115514,0.42216931686568593,-0.003615754420508501,-0.020645947268888614,178.02985353272155,-1.3744228806891827,-49.931336070668706,0.012780871579429276,-0.04245181792918328,-0.1772894982200328,0.3038100220108032,0.43619979919433594,-8.31388187412262
2026-09-11T17:40:45.175,45.40921609600002,-471.3706359863281,-42423.35723876953,-169693.42895507812,-322.8888856506348,-164.47508911132815,-1.4562934637069702,-0.9975610226392747,-2.2314804550806944,-1.0672028702791445,0.0,-0.1632213592529297,-1337.109375,-58.75968933105469,-0.6256104111671448,-225.21974802017212,-1972.0539128631913,1,1789162844.0798256,38.991416593333334,-76.93668465,-10.075000000000003,0,1,11.744329,9.474084,65.31872400000002,1,1,1789162845.1694365,-0.9076998724726717,0.41906986064449153,-0.00542323735470926,-0.02078417448677441,178.09751668144634,-1.562385160772191,-49.5380185937366,0.03326056502233074,0.009723578328710809,-0.18620690896724743,1.0517632298469544,0.8688692043304443,-9.303372875442504
2026-09-11T17:40:45.207,45.442631232,-471.4126281738281,-42427.13653564453,-169708.54614257812,-322.9176502990723,-164.50385375976563,-1.274822473526001,-0.8732533943653107,-1.9534122100154565,3.720099426620974,0.0,-0.175994873046875,-1441.75,-63.358154296875,0.0305175818502903,10.986329466104507,7068.834838393671,1,1789162844.0798256,38.991416593333334,-76.93668465,-10.075000000000003,0,1,11.744329,9.474084,65.31872400000002,1,1,1789162845.2014365,-0.908805523617249,0.4166818208690965,-0.007435568039798021,-0.019836651126581038,178.28819028790133,-1.7217746749473306,-49.23661304264932,0.025224021948597648,-0.042796694989377354,-0.16156216179738672,2.804015480747223,-1.0999138821411132,-10.774272333202362
2026-09-11T17:40:45.241,45.47604710400003,-471.45550537109375,-42430.99548339844,-169723.98193359375,-322.9470211791992,-164.53322463989258,-1.2500237226486206,-0.8562662500143052,-1.9154130503183255,0.5083555608241458,0.0,-0.1769886016845703,-1449.890625,-63.71589660644531,-0.1831054836511612,-65.91797411441803,-2301.4303975201638,1,1789162844.0798256,38.991416593333334,-76.93668465,-10.075000000000003,0,1,11.744329,9.474084,65.31872400000002,1,1,1789162845.2294364,-0.909853803218624,0.4143674600921492,-0.0066052241157382105,-0.020543509918409076,178.17065499789925,-1.6643728279300574,-48.94455531373576,-0.0017654005383922645,-0.08524449866128105,-0.2067986525481269,0.887894105644226,0.6092871745491028,-11.049446936740875
2026-09-11T17:40:45.274,45.509469120000006,-471.4986267089844,-42434.876403808594,-169739.50561523438,-322.97655929565434,-164.56276275634767,-1.302629828453064,-0.8923014324903489,-1.9960214577897903,-1.0781869793872136,0.0,-0.18543243408203125,-1519.0625,-66.75567626953125,-0.4119873344898224,-148.31544041633606,-2465.36493495727,1,1789162844.0798256,38.991416593333334,-76.93668465,-10.075000000000003,0,1,11.744329,9.474084,65.31872400000002,1,1,1789162845.2694364,-0.9114310935770861,0.410902455681305,-0.008045423640514833,-0.01969275842524149,178.32102998571932,-1.767815401949391,-48.50886134657809,0.04063754817173517,-0.07462172670194275,-0.2057584363139383,-0.08433719139099122,0.008727918643951416,-10.083884161815643
2026-09-11T17:40:45.307,45.54287708800001,-471.53717041015625,-42438.34533691406,-169753.38134765625,-323.00296173095705,-164.5891651916504,-1.1995216608047485,-0.8216723376512528,-1.8380286722692643,2.1141392029315766,0.0,-0.20198631286621094,-1654.671875,-72.71507263183594,-0.7934570908546448,-285.6445527076721,-4110.669415491293,1,1789162845.2933803,38.99140789166667,-76.93668763166667,-10.014000000000003,0,1,16.982641000000005,6.937956,72.82915600000001,1,1,1789162845.3014364,-0.9128606390592796,0.4077396217178582,-0.009093897373510731,-0.018739145343946852,178.46370443497955,-1.8271458380671768,-48.11244503059867,0.014783811429017968,-0.11044338786864998,-0.2260218834625177,1.1283531676101684,-1.052351628856659,-11.174972058811187
2026-09-11T17:40:45.341,45.57628950399999,-471.5766906738281,-42441.90216064453,-169767.60864257812,-323.03003311157227,-164.61623657226565,-1.1236634254455566,-0.7697094464302063,-1.7217909950568304,1.555197062705186,0.0,-0.219451904296875,-1797.75,-79.002685546875,-0.12207037210464478,-43.94533395767212,7233.814482322185,1,1789162845.2933803,38.99140789166667,-76.93668763166667,-10.014000000000003,0,1,16.982641000000005,6.937956,72.82915600000001,1,1,1789162845.3294365,-0.9140306905042612,0.4051446686517358,-0.008734979835470004,-0.018149226062081268,178.50370386533845,-1.7577781340280847,-47.78773473724167,0.06264300844673007,-0.08923327413378888,-0.20981266163339593,1.905039860420227,0.29047297779083253,-9.986209926204682
