timestamp,time_s,drive_pos_turns,drive_encoder_count,drive_wheel_angle_deg,drive_distance_m,drive_distance_since_start_m,drive_velocity_turns_s,drive_velocity_mps,drive_velocity_mph,drive_acceleration_mps2,drive_iq_A,steer_pos_turns,steer_encoder_count,steer_angle_deg,steer_velocity_turns_s,steer_velocity_deg_s,steer_acceleration_deg_s2,gps_received,gps_ros_stamp_s,gps_latitude_deg,gps_longitude_deg,gps_altitude_m,gps_status,gps_service,gps_cov_x_m2,gps_cov_y_m2,gps_cov_z_m2,gps_covariance_type,imu_received,imu_ros_stamp_s,imu_qx,imu_qy,imu_qz,imu_qw,imu_roll_deg,imu_pitch_deg,imu_yaw_deg,imu_gyro_x_rad_s,imu_gyro_y_rad_s,imu_gyro_z_rad_s,imu_accel_x_mps2,imu_accel_y_mps2,imu_accel_z_mps2
2026-09-11T17:38:59.693,7.712000012816134e-06,-14.088629722595215,-1267.9766750335693,-5071.906700134277,-9.650711359977723,-0.0089778470993042,-3.744708776473999,-2.5651255118846894,-5.738022351209481,0.0,0.0,-0.21196365356445312,-1736.40625,-76.30691528320312,0.0,0.0,1541.2780799258826,1,1789162739.099963,38.991374361666665,-76.93665763999999,-9.527000000000001,0,1,17.230801,6.969600000000001,72.36904899999999,1,1,1789162739.6895914,-0.771057832423493,-0.6319787994589497,-0.07721767897791028,-0.01049028817877002,173.42985427530286,-6.07437272361404,79.02683656556441,-0.03225926963046159,0.05396907113016866,-0.5943922971189173,4.984426077709198,2.0432155611991885,-7.523760070590972
2026-09-11T17:38:59.727,0.03341932800000791,-14.215401649475098,-1279.3861484527588,-5117.544593811035,-9.737550129890442,-0.09581661701202393,-3.7977702617645264,-2.601472629308701,-5.8193285372868155,-1.0878587083012348,0.0,-0.21224594116210938,-1738.71875,-76.40853881835938,-0.015258789993822575,-5.493164397776127,-164.40882110511907,1,1789162739.099963,38.991374361666665,-76.93665763999999,-9.527000000000001,0,1,17.230801,6.969600000000001,72.36904899999999,1,1,1789162739.7215915,-0.7650378463606142,-0.6393332810729927,-0.0766652106340132,-0.009617423085068246,173.49030169036314,-6.0275178894324055,80.113322728058,0.12286192909536522,0.06554374566354465,-0.60257282985594,-6.010593950634002,-2.4760810993385314,-18.54104119480133
2026-09-11T17:38:59.761,0.06683631999999307,-14.343008041381836,-1290.8707237243652,-5163.482894897461,-9.824960508346559,-0.18322699546813967,-3.772723436355591,-2.58431555390358,-5.780949252647587,0.5134236919088505,0.0,-0.21380615234375,-1751.5,-76.97021484375,0.0,0.0,164.38237163232904,1,1789162739.099963,38.991374361666665,-76.93665763999999,-9.527000000000001,0,1,17.230801,6.969600000000001,72.36904899999999,1,1,1789162739.7495914,-0.7593828270451671,-0.6458052953476704,-0.07873389612341182,-0.008614876146861955,173.36992790317117,-6.226045878506083,81.11895240434178,0.03688613747749856,0.0815690097895062,-0.5923890082034782,5.020416483802795,-0.5599597242355346,-12.016676842193604
2026-09-11T17:38:59.795,0.10024985600000491,-14.473082542419434,-1302.577428817749,-5210.309715270996,-9.914061541557313,-0.27232802867889405,-3.852295398712158,-2.6388223481178286,-5.90287747878898,-1.631278839037844,0.0,-0.21532249450683594,-1763.921875,-77.51609802246094,-0.1525879055261612,-54.93164598941803,-1643.9937990818619,1,1789162739.099963,38.991374361666665,-76.93665763999999,-9.527000000000001,0,1,17.230801,6.969600000000001,72.36904899999999,1,1,1789162739.7895913,-0.7511286703433676,-0.6556393681868504,-0.07647998917033914,-0.009672162542945865,173.37208388632655,-5.86643047608619,82.57359651376494,0.09373343107713106,0.03856060636186192,-0.6911915735601015,-2.263570990333557,2.6567195953178406,-7.304385306472778
2026-09-11T17:38:59.829,0.13367328000001066,-14.608960151672363,-1314.8064136505127,-5259.225654602051,-10.00713770389557,-0.3654041910171509,-4.009754180908203,-2.7466816139221195,-6.144151784900941,-3.2270561449441084,0.0,-0.2180500030517578,-1786.265625,-78.49800109863281,-0.015258789993822575,-5.493164397776127,1479.1567013491315,1,1789162739.099963,38.991374361666665,-76.93665763999999,-9.527000000000001,0,1,17.230801,6.969600000000001,72.36904899999999,1,1,1789162739.8215914,-0.7442149416506219,-0.6635069836164248,-0.07631924375104387,-0.008830421816843372,173.39530117875498,-5.847309951104116,83.7750711801885,0.053078778678726346,0.08589149221499534,-0.6898687885200151,1.1152122563934326,-2.5921918372535706,-8.730174173488617
2026-09-11T17:38:59.862,0.1670940479999956,-14.747761726379395,-1327.2985553741455,-5309.194221496582,-10.102216782569887,-0.4604832696914673,-4.141138553619385,-2.8366799092292787,-6.345472237896554,-2.6928853133237314,0.0,-0.2262420654296875,-1853.375,-81.4471435546875,-0.3662109673023224,-131.83594822883606,-3780.367459871564,1,1789162739.099963,38.991374361666665,-76.93665763999999,-9.527000000000001,0,1,17.230801,6.969600000000001,72.36904899999999,1,1,1789162739.8615913,-0.7346486386111903,-0.673833257568011,-0.07873580909430068,-0.006386794835691411,173.3293720709586,-6.146962240051296,85.41381695080072,0.11404260585211268,0.0007316420224360229,-0.7457229897752627,0.8654368767738342,0.9107436005210876,-13.570932826328278
2026-09-11T17:38:59.896,0.20051286399998958,-14.891965866088867,-1340.276927947998,-5361.107711791992,-10.200996618270874,-0.559263105392456,-4.29691219329834,-2.943384852409363,-6.584164397837688,-3.192960013308181,0.0,-0.24504470825195312,-2007.40625,-88.21609497070312,-0.7171631455421448,-258.1787323951721,-3780.5882819534622,1,1789162739.099963,38.991374361666665,-76.93665763999999,-9.527000000000001,0,1,17.230801,6.969600000000001,72.36904899999999,1,1,1789162739.8895915,-0.7274701246914907,-0.6813650169379195,-0.08054953487427317,-0.006379953453896711,173.12193762920958,-6.228889298483424,86.62593998594869,0.028910157328809673,0.04721063266767101,-0.7846326619875236,6.953601430187225,-0.6066393790054321,-4.9769730235862735
2026-09-11T17:38:59.928,0.233919807999996,-15.03735637664795,-1353.3620738983154,-5413.448295593262,-10.300589118003845,-0.6588556051254273,-4.427320957183838,-3.032714855670929,-6.783989924102823,-2.673995061073196,0.0,-0.2463970184326172,-2018.484375,-88.70292663574219,0.1373291164636612,49.43848192691803,9208.181817589508,1,1789162739.099963,38.991374361666665,-76.93665763999999,-9.527000000000001,0,1,17.230801,6.969600000000001,72.36904899999999,1,1,1789162739.9215913,-0.7187181242827774,-0.6903175896133598,-0.08290327085237328,-0.005738552066985839,172.90733812033477,-6.38710776823011,88.08684982925169,-0.09247993560834873,0.09960402054913918,-0.7934441312491421,9.365841236972809,0.20044792930603028,0.2721345419883728
2026-09-11T17:38:59.963,0.26733577600001013,-15.192214965820312,-1367.2993469238281,-5469.1973876953125,-10.406667251586915,-0.7649337387084961,-4.58427619934082,-3.140229196548462,-7.024492655128084,-3.2174540290883553,0.0,-0.24918556213378906,-2041.328125,-89.70680236816406,-0.045776382088661194,-16.47949755191803,-1972.6491083187598,1,1789162739.099963,38.991374361666665,-76.93665763999999,-9.527000000000001,0,1,17.230801,6.969600000000001,72.36904899999999,1,1,1789162739.9615915,-0.7067701417884903,-0.7025539515877649,-0.08269815697704573,-0.007411249374708786,172.68061028797763,-6.1126481787053315,90.04852352489027,0.08095378122817819,0.015038804032734339,-0.8839994922913167,-0.8275832071495057,-0.6345883319664002,-6.7871825769424445
2026-09-11T17:38:59.996,0.3007528320000006,-15.34717845916748,-1381.2460613250732,-5524.984245300293,-10.512817244529725,-0.8710837316513063,-4.611394882202148,-3.158805494308472,-7.066046649759459,-0.5558927082031169,0.0,-0.2504310607910156,-2051.53125,-90.15518188476562,0.0,0.0,493.1463008567463,1,1789162739.099963,38.991374361666665,-76.93665763999999,-9.527000000000001,0,1,17.230801,6.969600000000001,72.36904899999999,1,1,1789162739.9895914,-0.6979095963495454,-0.7114577322038731,-0.08179191251658008,-0.007757168131269098,172.6521748653504,-5.919376707370085,91.4819451986719,0.06326574192384166,0.02105669929361079,-0.8924812688572336,-3.508132962360382,-1.4696245932388305,-9.269539932384491
2026-09-11T17:39:00.029,0.3341709119999905,-15.502577781677246,-1395.2320003509521,-5580.928001403809,-10.619265780448915,-0.9775322675704957,-4.665173053741455,-3.195643541812897,-7.14845101515053,-1.1023388388691355,0.0,-0.25046730041503906,-2051.828125,-90.16822814941406,0.0457763746380806,16.479494869709015,493.1311095584782,1,1789162739.099963,38.991374361666665,-76.93665763999999,-9.527000000000001,0,1,17.230801,6.969600000000001,72.36904899999999,1,1,1789162740.0215914,-0.6878599215547533,-0.7216213199375633,-0.07768339438509077,-0.008757235126922624,172.8355030401216,-5.407105235763365,93.08304935727013,-0.0010761700167797035,-0.019823449644151593,-0.8701850367288565,-2.438913895225525,-0.48484078399658204,-13.626830732250214
2026-09-11T17:39:00.063,0.3675871039999947,-15.656939506530762,-1409.1245555877686,-5636.498222351074,-10.725003561973573,-1.083270049095154,-4.639347553253174,-3.1779530739784243,-7.108878565628178,0.529398078466578,0.0,-0.2501544952392578,-2049.265625,-90.05561828613281,0.0,0.0,-493.1589712468413,1,1789162739.099963,38.991374361666665,-76.93665763999999,-9.527000000000001,0,1,17.230801,6.969600000000001,72.36904899999999,1,1,1789162740.0615914,-0.6752601398790966,-0.7335472257463419,-0.07643043664160949,-0.00951837407758975,172.7911611010402,-5.120835585176733,95.06112101435733,0.0038273325166983656,-0.054300858220972775,-0.8556956623446499,1.8141322134208677,1.2437774400138855,-8.4887344465065
2026-09-11T17:39:00.096,0.40101395199999956,-15.812762260437012,-1423.148603439331,-5692.594413757324,-10.831742148399353,-1.1900086355209352,-4.640773773193359,-3.1789300346374514,-7.111063964382265,-0.029226825665014555,0.0,-0.248870849609375,-2038.75,-89.593505859375,0.030517585575580597,10.986330807209015,328.66786623756525,1,1789162740.070632,38.99137993833333,-76.936643935,-9.555000000000003,0,1,17.230801,6.969600000000001,72.36904899999999,1,1,1789162740.0895913,-0.666554967889018,-0.7415829148736908,-0.07541472671426923,-0.008477862025439403,172.89813985248227,-5.046375901190178,96.41321647569549,0.09465636118558567,0.06587169302999439,-0.8633740638558737,-0.10404855821609496,0.3270517828941345,-4.590787140216827
2026-09-11T17:39:00.129,0.43443209599999477,-15.966361045837402,-1436.9724941253662,-5747.889976501465,-10.93695731639862,-1.2952238035202028,-4.563788890838623,-3.1261953902244572,-6.993099924446255,1.5780243335177948,0.0,-0.24720382690429688,-2025.09375,-88.99337768554688,-0.0457763709127903,-16.479493528604507,-821.8835952055704,1,1789162740.070632,38.99137993833333,-76.936643935,-9.555000000000003,0,1,17.230801,6.969600000000001,72.36904899999999,1,1,1789162740.1215913,-0.6566740642498891,-0.7503806178845265,-0.07536392360567615,-0.005327350516613566,173.07326110944447,-5.220217651241503,97.93642774214254,0.01366313551631241,0.07518930777469131,-0.8410797515896737,1.1213904459953308,-0.48582144901275637,-17.103974680099487
2026-09-11T17:39:00.163,0.46784867200000235,-16.118328094482422,-1450.649528503418,-5802.598114013672,-11.04105474472046,-1.3993212318420412,-4.56593132019043,-3.1276629543304444,-6.9963827718558536,-0.04391724951074603,0.0,-0.24379920959472656,-1997.203125,-87.76771545410156,0.4272461533546448,153.80861520767212,5095.917329658131,1,1789162740.070632,38.99137993833333,-76.936643935,-9.555000000000003,0,1,17.230801,6.969600000000001,72.36904899999999,1,1,1789162740.1615913,-0.6445308195270668,-0.7610225195863211,-0.07340372436432367,-0.006053148907930154,173.10991683385788,-4.899530569788435,99.77077651932362,0.21960710032973774,-0.07244826818443421,-0.7870630329709257,-0.2622298253250122,0.712060868244171,-4.647273445148468
2026-09-11T17:39:00.197,0.5012690560000124,-16.268680572509766,-1464.181251525879,-5856.725006103516,-11.14404619216919,-1.5023126792907715,-4.515933990478516,-3.0934147834777836,-6.919771795539058,1.024768921046822,0.0,-0.24017906188964844,-1967.546875,-86.46446228027344,0.1525879055261612,54.93164598941803,-2958.58267870963,1,1789162740.070632,38.99137993833333,-76.936643935,-9.555000000000003,0,1,17.230801,6.969600000000001,72.36904899999999,1,1,1789162740.1895914,-0.6361326693474227,-0.7682484027508598,-0.07112177049000529,-0.008444668261231492,173.08571182798164,-4.445486749694219,101.01714675621695,0.008335867040450117,-0.09639837431200121,-0.7988932237067936,-3.429777827568054,-0.32813051441192626,1.8251156616020203
2026-09-11T17:39:00.230,0.5346891199999959,-16.417774200439453,-1477.5996780395508,-5910.398712158203,-11.246175327301026,-1.6044418144226076,-4.464801788330078,-3.0583892250061036,-6.841421852644283,1.0480398383347604,0.0,-0.23184776306152344,-1899.296875,-83.46519470214844,0.2288818508386612,82.39746630191803,821.8362571811211,1,1789162740.070632,38.99137993833333,-76.936643935,-9.555000000000003,0,1,17.230801,6.969600000000001,72.36904899999999,1,1,1789162740.2215915,-0.6270077214744173,-0.7757897845019898,-0.07024933377720986,-0.008749775864215336,173.09033688569338,-4.273515367491925,102.36654215410192,-0.06387137117428368,-0.1985217776363942,-0.7279091122318575,-2.713107833747864,-3.0738944931983947,-5.8589831391334535
2026-09-11T17:39:00.263,0.5681058560000167,-16.57038116455078,-1491.3343048095703,-5965.337219238281,-11.350711097717285,-1.7089775848388673,-4.518076419830322,-3.094882347583771,-6.923054642948657,-1.092061252710154,0.0,-0.22646713256835938,-1855.21875,-81.52816772460938,0.1373291164636612,49.43848192691803,-986.3017254282246,1,1789162740.070632,38.99137993833333,-76.936643935,-9.555000000000003,0,1,17.230801,6.969600000000001,72.36904899999999,1,1,1789162740.2615914,-0.6155613505787848,-0.7847800431396128,-0.07164168108287917,-0.00848393157851732,172.92106128049278,-4.294537690129962,104.04630259118137,-0.057466187352389696,0.02341952603496071,-0.7431465347334688,7.982024832649231,-0.6658715459823609,-9.415168687286377
2026-09-11T17:39:00.297,0.6015231679999999,-16.719844818115234,-1504.786033630371,-6019.144134521484,-11.453093700408937,-1.8113601875305176,-4.4666428565979,-3.059650356769562,-6.844242924055025,1.0543035542244275,0.0,-0.21865463256835938,-1791.21875,-78.71566772460938,0.4730224907398224,170.28809666633606,3616.377485402738,1,1789162740.070632,38.99137993833333,-76.936643935,-9.555000000000003,0,1,17.230801,6.969600000000001,72.36904899999999,1,1,1789162740.2895913,-0.6076093390306415,-0.7910454080960244,-0.07064914064054621,-0.008170212952753053,172.99090563413034,-4.182187195672085,105.19983668535508,0.03292424007547143,0.15339192650295083,-0.6573882111404006,3.312098025627136,-0.6165440956687926,-9.092333763961792
2026-09-11T17:39:00.330,0.6349407360000043,-16.868345260620117,-1518.1510734558105,-6072.604293823242,-11.554816503524782,-1.9130829906463624,-4.440430164337158,-3.0416946625709538,-6.804077180053128,0.5373130144780655,0.0,-0.21628570556640625,-1771.8125,-77.86285400390625,-0.1068115308880806,-38.452151119709015,-6246.422474131499,1,1789162740.070632,38.99137993833333,-76.936643935,-9.555000000000003,0,1,17.230801,6.969600000000001,72.36904899999999,1,1,1789162740.3215914,-0.598937511297844,-0.7974083082329035,-0.07339216822957892,-0.005238049641333065,172.89351745599322,-4.56332766081507,106.46270620027705,-0.10153644909694731,0.1414201895647461,-0.707562412877958,6.626157381286621,-0.5122013379478454,-6.923789213695526
2026-09-11T17:39:00.363,0.6683595519999983,-17.014972686767578,-1531.347541809082,-6125.390167236328,-11.655256290435792,-2.013522777557373,-4.388969421386719,-3.0064440536499024,-6.7252238136406115,1.0548132202247298,0.0,-0.21460342407226562,-1758.03125,-77.25723266601562,0.1220703199505806,43.945315182209015,2465.6010045937264,1,1789162740.070632,38.99137993833333,-76.936643935,-9.555000000000003,0,1,17.230801,6.969600000000001,72.36904899999999,1,1,1789162740.3615913,-0.5876975472220105,-0.8057245791040709,-0.07355454920289244,-0.003037088796802205,172.9631687911857,-4.678328873761773,108.07359557390268,-0.02980673296555916,0.10395495184143586,-0.6611476503491963,-2.2352297713661193,-2.762337217559814,-0.032656145038604735
2026-09-11T17:39:00.397,0.7017781119999995,-17.161401748657227,-1544.5261573791504,-6178.104629516602,-11.755560197830201,-2.1138266849517824,-4.363361358642578,-2.9889025306701664,-6.685984544269334,0.524903615827114,0.0,-0.20789527893066406,-1703.078125,-74.84230041503906,0.5798340439796448,208.74025583267212,4931.240025017749,1,1789162740.070632,38.99137993833333,-76.936643935,-9.555000000000003,0,1,17.230801,6.969600000000001,72.36904899999999,1,1,1789162740.3895915,-0.5801272919700557,-0.8113385243505324,-0.07196179882534338,-0.0019035561485703087,173.1444949335587,-4.611854147389309,109.14495689991534,0.04068886085174381,0.023442389848161837,-0.6574054898999953,-1.8762083089447021,-1.285946035709381,-6.958798954772949
2026-09-11T17:39:00.430,0.7351937919999898,-17.306182861328125,-1557.5564575195312,-6230.225830078125,-11.854735260009766,-2.2130017471313477,-4.312461853027344,-2.9540363693237306,-6.607991162588868,1.0434072072286413,0.0,-0.1979198455810547,-1621.359375,-71.25114440917969,0.4272461533546448,153.80861520767212,-1643.8881574463235,1,1789162740.070632,38.99137993833333,-76.936643935,-9.555000000000003,0,1,17.230801,6.969600000000001,72.36904899999999,1,1,1789162740.4215913,-0.5719360617576988,-0.8169513842965839,-0.07402080406859006,0.000705352414392664,173.07437334213077,-4.92334140837701,110.30746141128625,-0.04545884569744431,0.1169955284135619,-0.5912060240364764,1.4450099013328552,0.1153262059020996,-10.251381746578216
2026-09-11T17:39:00.464,0.7686111360000041,-17.448198318481445,-1570.33784866333,-6281.35139465332,-11.95201584815979,-2.3102823352813724,-4.28761625289917,-2.9370171332359316,-6.569920215721028,0.5092935000397312,0.0,-0.1775951385498047,-1454.859375,-63.93424987792969,1.0681153535842896,384.52152729034424,6903.9871056949805,1,1789162740.070632,38.99137993833333,-76.936643935,-9.555000000000003,0,1,17.230801,6.969600000000001,72.36904899999999,1,1,1789162740.4615915,-0.5623772523932314,-0.8237373836708652,-0.07203103405606859,-0.00028083185542843376,173.1440752454232,-4.620442945763962,111.63309653020698,-0.1481943359905117,0.039723693775390936,-0.5782549828549778,-3.4887157950401306,0.25634583522796633,-12.539273229312897
2026-09-11T17:39:00.497,0.8020371839999996,-17.59177589416504,-1583.2598304748535,-6333.039321899414,-12.050366487503053,-2.4086329746246338,-4.262765884399414,-2.9199946308135987,-6.531841962270928,0.5092586004284814,0.0,-0.1717967987060547,-1407.359375,-61.84684753417969,-0.04577639698982239,-16.47950291633606,-11996.662908122864,1,1789162740.070632,38.99137993833333,-76.936643935,-9.555000000000003,0,1,17.230801,6.969600000000001,72.36904899999999,1,1,1789162740.4895914,-0.5557151447487844,-0.8281942830339809,-0.07255652823819415,-0.003233830033927498,172.86958390224316,-4.31760043234272,112.54621980375038,-0.0940310097145961,0.0717471694239081,-0.5353849840370166,-2.155795905056,2.450976074924469,-9.948650456085206
2026-09-11T17:39:00.531,0.8354677119999963,-17.733983993530273,-1596.0585594177246,-6384.234237670898,-12.147779035568238,-2.5060455226898197,-4.3151936531066895,-2.9559076523780825,-6.612177103565854,-1.0742582816666073,0.0,-0.15972900390625,-1308.5,-57.50244140625,0.2593994736671448,93.38381052017212,3286.3170284513326,1,1789162740.070632,38.99137993833333,-76.936643935,-9.555000000000003,0,1,17.230801,6.969600000000001,72.36904899999999,1,1,1789162740.5215914,-0.5495914017975191,-0.8322639807041143,-0.07269434331582804,-0.0012206320739555456,172.95111666801293,-4.466292901917219,113.39710215293093,-0.2967518749983635,-0.06101985224237535,-0.4400519587004327,1.2705495949554444,-0.29880863042831424,-15.45292705886841
2026-09-11T17:39:00.564,0.8688877120000029,-17.873552322387695,-1608.6197090148926,-6434.47883605957,-12.243383340835573,-2.6016498279571536,-4.212186813354492,-2.8853479671478275,-6.454339582918362,2.111301173855205,0.0,-0.15449905395507812,-1265.65625,-55.619659423828125,0.1831054985523224,65.91797947883606,-821.8381520446014,1,1789162740.070632,38.99137993833333,-76.936643935,-9.555000000000003,0,1,17.230801,6.969600000000001,72.36904899999999,1,1,1789162740.5615914,-0.5414947208882013,-0.8375118722586583,-0.07317143588746398,-0.0018088798115942723,172.82582039827508,-4.370977663934685,114.50462820489,-0.015304268611962678,0.13608384537677348,-0.43703760054931334,-1.0743185252189635,5.287255434703827,-17.357182387275696
2026-09-11T17:39:00.597,0.9023059840000087,-18.016874313354492,-1621.5186882019043,-6486.074752807617,-12.341558904647828,-2.6998253917694095,-4.291335105895996,-2.9395645475387577,-6.575618619225918,-1.6223633702820073,0.0,-0.150177001953125,-1230.25,-54.063720703125,0.0762939527630806,27.465822994709015,-1150.6326983070928,1,1789162740.070632,38.99137993833333,-76.936643935,-9.555000000000003,0,1,17.230801,6.969600000000001,72.36904899999999,1,1,1789162740.5895913,-0.5361081789135969,-0.8407098697463636,-0.07611685929160732,0.0010766357697116486,172.68792412044027,-4.785405867137485,115.25584484815448,-0.17293507626923216,0.12069178670343549,-0.4445964470067756,7.4583497140121455,2.0671437875938414,-6.702256986541749
2026-09-11T17:39:00.631,0.935730656000004,-18.159360885620117,-1634.3424797058105,-6537.369918823242,-12.439162206649781,-2.7974286937713626,-4.266526699066162,-2.9225707888603214,-6.537604663699709,0.5084196092766059,0.0,-0.14425277709960938,-1181.71875,-51.930999755859375,0.1983642876148224,71.41114354133606,1314.756971934779,1,1789162740.070632,38.99137993833333,-76.936643935,-9.555000000000003,0,1,17.230801,6.969600000000001,72.36904899999999,1,1,1789162740.6215913,-0.5300699938523464,-0.8444134781359393,-0.07738936408500147,0.001601838399549495,172.56133140321845,-4.861579320972733,116.08015483362409,-0.06708679125523284,0.09093566828618416,-0.46525259323705365,2.3421222581291197,1.8331571147346497,-14.645643617553713
2026-09-11T17:39:00.665,0.9691544640000131,-18.305776596069336,-1647.5198936462402,-6590.079574584961,-12.539456968307496,-2.897723455429077,-4.37221097946167,-2.9949645209312443,-6.69954483028642,-2.165933099870105,0.0,-0.14150047302246094,-1159.171875,-50.94017028808594,-0.1373291164636612,-49.43848192691803,-3615.6749544582467,1,1789162740.070632,38.99137993833333,-76.936643935,-9.555000000000003,0,1,17.230801,6.969600000000001,72.36904899999999,1,1,1789162740.6615913,-0.5224865849312452,-0.8488146043563498,-0.08074793836216665,0.0011429997889980275,172.16072069018605,-4.951923901928245,117.11087632655388,-0.04732704612877904,-0.008160112384774288,-0.41753372069120187,1.8633615972328188,3.2850316711807253,-9.173238627796172
2026-09-11T17:39:00.698,1.002581632000016,-18.453868865966797,-1660.8481979370117,-6643.392791748047,-12.640900173187257,-2.999166660308838,-4.450771808624268,-3.0487786889076234,-6.819923695659494,-1.6098931257465305,0.0,-0.13994216918945312,-1146.40625,-50.379180908203125,0.015258791856467724,5.493165068328381,1643.3233887848846,1,1789162740.070632,38.99137993833333,-76.936643935,-9.555000000000003,0,1,17.230801,6.969600000000001,72.36904899999999,1,1,1789162740.6895914,-0.5175333483623625,-0.8519207276512708,-0.07990728067211554,0.0022657507715081867,172.28137257255963,-4.966303175025589,117.77870782398573,0.10069938918769084,0.15941540681743366,-0.4080742106783178,-2.909633102989197,-0.12562318857192994,-3.8540135135650635
2026-09-11T17:39:00.731,1.0360126399999956,-18.603246688842773,-1674.2922019958496,-6697.168807983398,-12.743223981857302,-3.101490468978882,-4.477090835571289,-3.066807222366333,-6.860252376445799,-0.5392757962524143,0.0,-0.139251708984375,-1140.75,-50.130615234375,0.015258789993822575,5.493164397776127,-2.0057793462989646e-05,1,1789162740.070632,38.99137993833333,-76.936643935,-9.555000000000003,0,1,17.230801,6.969600000000001,72.36904899999999,1,1,1789162740.7215915,-0.5117440915577723,-0.855381305457033,-0.0800147105182337,0.006201058862449669,172.46674750100632,-5.307599181836524,118.56852129268253,0.041429404053365,0.008990190977022791,-0.4518927959447378,1.7238129654312133,-0.05717277044296265,-5.9354750103950495
2026-09-11T17:39:00.765,1.0694292480000058,-18.75722885131836,-1688.1505966186523,-6752.602386474609,-12.848701763153077,-3.2069682502746586,-4.5810627937316895,-3.1380280137062075,-7.019568749342797,-2.131299243174309,0.0,-0.13910484313964844,-1139.546875,-50.07774353027344,0.030517585575580597,10.986330807209015,164.38432079734744,1,1789162740.070632,38.99137993833333,-76.936643935,-9.555000000000003,0,1,17.230801,6.969600000000001,72.36904899999999,1,1,1789162740.7615914,-0.5040271595686614,-0.859990211822726,-0.07934659258376608,0.008807737030348121,172.63572362784592,-5.459079035435771,119.60374340212718,0.1265295639855061,0.0958473738671466,-0.4430738217673357,1.951817581691742,0.07296147720336915,-6.990376368293762
2026-09-11T17:39:00.798,1.1028459839999982,-18.914081573486328,-1702.2673416137695,-6809.069366455078,-12.956145877838136,-3.314412364959717,-4.659877300262451,-3.1920159506797794,-7.140336324892125,-1.6155957593699197,0.0,-0.1388988494873047,-1137.859375,-50.00358581542969,0.1068115308880806,38.452151119709015,821.9181045242195,1,1789162740.070632,38.99137993833333,-76.936643935,-9.555000000000003,0,1,17.230801,6.969600000000001,72.36904899999999,1,1,1789162740.7895913,-0.49837597623995544,-0.8631279831273821,-0.08102251872083811,0.008174503621654564,172.39664428799563,-5.443874366950584,120.3571537448036,0.13234622278362762,0.09060161226735244,-0.44217270827453103,4.193813941669464,0.6326270019340515,-7.167680603218079
2026-09-11T17:39:00.832,1.1362704960000087,-19.076425552368164,-1716.8782997131348,-6867.513198852539,-13.067351503372194,-3.4256179904937745,-4.842341423034668,-3.317003874778748,-7.419926348377649,-3.739409092911487,0.0,-0.13875579833984375,-1136.6875,-49.95208740234375,0.0,0.0,-1150.4177269572979,1,1789162740.070632,38.99137993833333,-76.936643935,-9.555000000000003,0,1,17.230801,6.969600000000001,72.36904899999999,1,1,1789162740.8295913,-0.4897059924492078,-0.8677164961679796,-0.08484133614770184,0.007620427676563139,171.92751216859645,-5.527262015687378,121.51287827636907,0.0016566665259930176,0.06403246506424276,-0.48776105740247333,-0.435317200679779,1.8949390107536317,-11.973135315475464
2026-09-11T17:39:00.865,1.1696896640000034,-19.241172790527344,-1731.705551147461,-6926.822204589844,-13.180203361511232,-3.5384698486328126,-4.947464942932129,-3.3890134859085084,-7.581007260890535,-2.154739792737271,0.0,-0.13892745971679688,-1138.09375,-50.013885498046875,0.0915527418255806,32.958987057209015,986.2300299401311,1,1789162740.070632,38.99137993833333,-76.936643935,-9.555000000000003,0,1,17.230801,6.969600000000001,72.36904899999999,1,1,1789162740.8615913,-0.48300182556026466,-0.871398843723718,-0.08527447731643607,0.010077459046183984,171.97645139006275,-5.73562494360979,122.4048504838196,0.10191832713728367,0.05055712697544495,-0.47962136536994737,4.333558706474304,1.2621158758163453,-10.373572607593536
2026-09-11T17:39:00.898,1.2031116800000063,-19.41170310974121,-1747.053279876709,-6988.213119506836,-13.297016630172731,-3.655283117294312,-5.103959083557129,-3.4962119722366336,-7.820803445411215,-3.2074213095977155,0.0,-0.13860702514648438,-1135.46875,-49.898529052734375,0.0457763709127903,16.479493528604507,-493.0729950163107,1,1789162740.070632,38.99137993833333,-76.936643935,-9.555000000000003,0,1,17.230801,6.969600000000001,72.36904899999999,1,1,1789162740.8895915,-0.47703317167921067,-0.87465741602799,-0.08564231068399607,0.008896759276179935,171.83636807553842,-5.582083135652584,123.18306298839224,-0.1612467808015513,-0.13007904008528698,-0.5071375282251892,0.128369050617218,2.0548854748916625,2.5460025149917604
2026-09-11T17:39:00.932,1.236536319999999,-19.58424186706543,-1762.5817680358887,-7050.327072143555,-13.41520567893982,-3.7734721660614015,-5.183313846588135,-3.5505699849128725,-7.942398856730647,-1.6262856586114542,0.0,-0.1351337432861328,-1107.015625,-48.64814758300781,0.2899170219898224,104.37012791633606,2629.5162606912386,1,1789162740.070632,38.99137993833333,-76.936643935,-9.555000000000003,0,1,17.230801,6.969600000000001,72.36904899999999,1,1,1789162740.9295914,-0.4680894208070755,-0.8794540835012487,-0.08589081107219719,0.008693544434569905,171.74410709924845,-5.49162806249452,124.34835993948988,-0.0825518046913042,0.016779769961598683,-0.5511955726649828,-0.8050279117774963,0.8359188597869873,-3.7557508789443967
2026-09-11T17:39:00.965,1.2699551999999983,-19.759309768676758,-1778.3378791809082,-7113.351516723633,-13.53512719154358,-3.8933936786651615,-5.236583709716797,-3.587059841156006,-8.02402434045276,-1.0918934519389796,0.0,-0.13098526000976562,-1073.03125,-47.154693603515625,0.2746582329273224,98.87696385383606,-164.37307481579637,1,1789162740.070632,38.99137993833333,-76.936643935,-9.555000000000003,0,1,17.230801,6.969600000000001,72.36904899999999,1,1,1789162740.9615915,-0.46164718915991937,-0.882811040727269,-0.08656949651907053,0.005679910493705673,171.47704306601392,-5.161173887879944,125.17212550551879,-0.036277541167328134,-0.07921752768829422,-0.460942851715104,-3.8488159889793394,0.25114831064224247,-3.7634000660705564
2026-09-11T17:39:00.999,1.303378400000014,-19.933551788330078,-1794.019660949707,-7176.078643798828,-13.654482975006104,-4.012749462127686,-5.186203479766846,-3.5525493836402897,-7.946826645580453,1.0325300245248903,0.0,-0.125244140625,-1026.0,-45.087890625,0.2899170517921448,104.37013864517212,164.3521503426808,1,1789162740.070632,38.99137993833333,-76.936643935,-9.555000000000003,0,1,17.230801,6.969600000000001,72.36904899999999,1,1,1789162740.9895914,-0.45568880706776504,-0.8859635455336258,-0.08600015056110612,0.004503465566813105,171.44042576296746,-4.954144138556463,125.93359674671524,0.13541398800985804,-0.2552315392909696,-0.45103618834785897,2.6466187456512453,0.3627479894828797,-12.351770078220367
2026-09-11T17:39:01.032,1.336809695999989,-20.102869033813477,-1809.258213043213,-7237.032852172852,-13.770465288162233,-4.128731775283814,-5.057318210601807,-3.4642629742622377,-7.749335572347516,2.640831195360123,0.0,-0.10948562622070312,-896.90625,-39.414825439453125,0.2899170517921448,104.37013864517212,0.0,1,1789162740.070632,38.99137993833333,-76.936643935,-9.555000000000003,0,1,17.230801,6.969600000000001,72.36904899999999,1,1,1789162741.0295913,-0.4485091647101849,-0.8899396510889022,-0.08269115759479796,0.003019775880320746,171.66672842704673,-4.562718627778721,126.83845717050791,0.09297595818176553,-0.12305234451675781,-0.3786894983258909,2.3176056327247623,1.3194847792625428,1.4273579310417177
2026-09-11T17:39:01.066,1.3702277760000072,-20.274198532104492,-1824.6778678894043,-7298.711471557617,-13.887825994491578,-4.246092481613159,-5.1111650466918945,-3.501148056983948,-7.831845152523139,-1.1037463170143218,0.0,-0.1044464111328125,-855.625,-37.6007080078125,0.015258791856467724,5.493165068328381,-2958.786787774447,1,1789162740.070632,38.99137993833333,-76.936643935,-9.555000000000003,0,1,17.230801,6.969600000000001,72.36904899999999,1,1,1789162741.0615914,-0.44362085677347124,-0.892445267622338,-0.08209980242957636,-0.0012657705516645663,171.4871389465747,-4.0474796618883495,127.43882853098039,-0.004824788184213125,-0.40124107212383475,-0.3432123651535273,-0.03412714256286621,3.462041706600189,-6.560747024707794
2026-09-11T17:39:01.099,1.4036479359999987,-20.44290542602539,-1839.8614883422852,-7359.445953369141,-14.003390216827393,-4.361656703948975,-5.085509300231934,-3.4835738706588746,-7.792532817329256,0.5258558404591069,0.0,-0.10429000854492188,-854.34375,-37.544403076171875,-0.0915527492761612,-32.95898973941803,-1150.5676456293509,1,1789162741.066874,38.991393151666664,-76.9366343,-9.599000000000004,0,1,17.230801,6.969600000000001,72.36904899999999,1,1,1789162741.0895913,-0.4389378934187139,-0.8946994923628301,-0.08266945625852745,-0.003479236806419347,171.29677868909258,-3.8042418184643223,128.02462978237304,-0.1969897276189936,-0.23695741842381335,-0.37700473199894075,1.6220199367523191,-2.7575319589805605,-3.332986190471649
2026-09-11T17:39:01.132,1.4370694719999904,-20.609203338623047,-1854.8283004760742,-7419.313201904297,-14.117304286956788,-4.47557077407837,-5.007421493530273,-3.4300837230682375,-7.672878764916414,1.6004694574974188,0.0,-0.10461044311523438,-856.96875,-37.659759521484375,-0.0915527418255806,-32.958987057209015,8.025391217486977e-05,1,1789162741.066874,38.991393151666664,-76.9366343,-9.599000000000004,0,1,17.230801,6.969600000000001,72.36904899999999,1,1,1789162741.1295915,-0.43308345435411233,-0.8977390834158646,-0.08054718846423117,-0.003925570386668271,171.47082999340248,-3.595896052682301,128.76144420392617,-0.03677478547122132,-0.07667702642909129,-0.37095367548227637,-0.5637843177986145,-2.3874289818763734,-7.4695292951965335
2026-09-11T17:39:01.166,1.4704963199999952,-20.774415969848633,-1869.697437286377,-7478.789749145508,-14.230474939346315,-4.588741426467896,-4.930240154266357,-3.377214505672455,-7.554613693791274,1.5816393276379181,0.0,-0.104949951171875,-859.75,-37.781982421875,-0.0610351599752903,-21.972657591104507,328.6678261169859,1,1789162741.066874,38.991393151666664,-76.9366343,-9.599000000000004,0,1,17.230801,6.969600000000001,72.36904899999999,1,1,1789162741.1615913,-0.42767569098196984,-0.9004940903746788,-0.07858636920722685,-0.005298973315646099,171.5869031585546,-3.3064016495331727,129.43394402587367,0.00036163222101322505,0.03696031397070832,-0.37151654416604457,-2.3975298315429687,0.4937648356437683,-7.709105758647919
2026-09-11T17:39:01.199,1.503921536000007,-20.937477111816406,-1884.3729400634766,-7537.491760253906,-14.34217182159424,-4.700438308715821,-4.905378818511963,-3.360184490680695,-7.516518635201976,0.5094960341244725,0.0,-0.10628318786621094,-870.671875,-38.26194763183594,0.0762939602136612,27.46582567691803,1479.0774506290375,1,1789162741.066874,38.991393151666664,-76.9366343,-9.599000000000004,0,1,17.230801,6.969600000000001,72.36904899999999,1,1,1789162741.1895914,-0.4230932171654621,-0.9028405259138736,-0.07660413906468018,-0.0017088693040962573,171.9500834170104,-3.5394463960827025,130.0312489441884,0.2614772000192313,0.20784061411156754,-0.3703272768137356,-1.8480632229804994,-0.45483243450164795,-5.589888658695221
2026-09-11T17:39:01.233,1.5373406399999965,-21.102371215820312,-1899.2134094238281,-7596.8536376953125,-14.455124282836914,-4.813390769958496,-4.9056549072265625,-3.3603736114501954,-7.516941686314852,-0.005659061640325696,0.0,-0.10679817199707031,-874.890625,-38.44734191894531,-0.1068115308880806,-38.452151119709015,-1972.4639175439295,1,1789162741.066874,38.991393151666664,-76.9366343,-9.599000000000004,0,1,17.230801,6.969600000000001,72.36904899999999,1,1,1789162741.2295914,-0.4160917791728447,-0.9060232512829367,-0.07738824393333853,-0.0007477569038835805,171.88652070166918,-3.6146815907641323,130.92247613675622,0.057922940017636614,0.10679233360640304,-0.3944538357286792,-5.401208709583282,2.9281676717948915,-9.985327327690124
2026-09-11T17:39:01.266,1.5707609920000039,-21.269630432128906,-1914.2667388916016,-7657.066955566406,-14.569696846008302,-4.927963333129883,-4.984061241149902,-3.4140819501876836,-7.637083818422691,-1.6070548490176377,0.0,-0.10677146911621094,-874.671875,-38.43772888183594,0.01525880303233862,5.493169091641903,1314.9269107441246,1,1789162741.066874,38.991393151666664,-76.9366343,-9.599000000000004,0,1,17.230801,6.969600000000001,72.36904899999999,1,1,1789162741.2615914,-0.4107859411007236,-0.9083624846724365,-0.078275293994136,0.0023420896315200436,171.91677421910745,-3.9314958300496747,131.61037106505285,0.0004707152992628707,0.0602655209396634,-0.38190107868248563,0.5390715593910217,-0.22467035520553588,-6.313521374130249
2026-09-11T17:39:01.299,1.6041828799999962,-21.436349868774414,-1929.2714881896973,-7717.085952758789,-14.683899660110475,-5.042166147232056,-5.0108466148376465,-3.4324299311637883,-7.678127082954063,-0.5489809844407618,0.0,-0.10517311096191406,-861.578125,-37.86231994628906,0.0915527492761612,32.95898973941803,821.7914154874319,1,1789162741.066874,38.991393151666664,-76.9366343,-9.599000000000004,0,1,17.230801,6.969600000000001,72.36904899999999,1,1,1789162741.2895913,-0.4065253949946692,-0.9101397224525648,-0.07981346719089202,0.003549548332481762,171.79237022987527,-4.091735638884748,132.15663705772099,0.09890047832766027,0.08906240640001864,-0.33319382618122945,0.852197899055481,-3.3403411780929564,-8.376154102649688
2026-09-11T17:39:01.333,1.6376013120000152,-21.60097312927246,-1944.0875816345215,-7776.350326538086,-14.796666593551636,-5.154933080673218,-4.934168338775635,-3.37990531206131,-7.560632856257396,1.5717260194149225,0.0,-0.10323715209960938,-845.71875,-37.165374755859375,0.10681155323982239,38.45215916633606,164.3754388869861,1,1789162741.066874,38.991393151666664,-76.9366343,-9.599000000000004,0,1,17.230801,6.969600000000001,72.36904899999999,1,1,1789162741.3295913,-0.40059346847413374,-0.9128694128191006,-0.07849869524090436,0.005680052873813098,172.00184308421086,-4.201391736500336,132.9073452883503,-0.013426817935592377,-0.03233379518952175,-0.3019149079916131,-0.603893516960144,-0.25742456674575803,-9.214426558475493
2026-09-11T17:39:01.366,1.671029279999999,-21.76749610900879,-1959.074649810791,-7836.298599243164,-14.910734834671022,-5.269001321792603,-4.962401390075684,-3.3992449522018435,-7.6038943991630275,-0.5785466870299393,0.0,-0.10059165954589844,-824.046875,-36.21299743652344,0.1831054836511612,65.91797411441803,821.6417745791567,1,1789162741.066874,38.991393151666664,-76.9366343,-9.599000000000004,0,1,17.230801,6.969600000000001,72.36904899999999,1,1,1789162741.3615913,-0.3961969209716826,-0.9150267482445049,-0.0756086128094555,0.006114530127145804,172.3072097996243,-4.077268608385349,133.45003908099181,0.12800541440099253,-0.1024995217781978,-0.32661201503903364,-2.4954002001571656,-2.699770789527893,-7.986339758720398
2026-09-11T17:39:01.399,1.7044557760000032,-21.93354606628418,-1974.0191459655762,-7896.076583862305,-15.024479055404663,-5.382745542526245,-4.990528583526611,-3.418512079715729,-7.646993735942478,-0.5764028486229305,0.0,-0.09997367858886719,-818.984375,-35.99052429199219,0.061035171151161194,21.97266161441803,-1314.6849882199606,1,1789162741.066874,38.991393151666664,-76.9366343,-9.599000000000004,0,1,17.230801,6.969600000000001,72.36904899999999,1,1,1789162741.3895915,-0.392275101218772,-0.9168882547147187,-0.07352921439940127,0.0054431571542585535,172.4803803797922,-3.8801070878394657,133.9294002189817,-0.00879715756175222,-0.08000624197727046,-0.334945438618531,-4.632857669410706,-1.9649584929084778,-2.6590731913566588
2026-09-11T17:39:01.433,1.7378708159999974,-22.098257064819336,-1988.8431358337402,-7955.372543334961,-15.137306089401246,-5.495572576522828,-4.913664817810059,-3.36586040019989,-7.529215283195881,1.5756880589054476,0.0,-0.10034942626953125,-822.0625,-36.12579345703125,-0.015258789993822575,-5.493164397776127,-821.9599920334957,1,1789162741.066874,38.991393151666664,-76.9366343,-9.599000000000004,0,1,17.230801,6.969600000000001,72.36904899999999,1,1,1789162741.4295914,-0.38671103430681963,-0.9194306216431151,-0.0711211818091066,0.006609495319689944,172.76412328342462,-3.8509196815696014,134.6204942571196,-0.10001190399533028,-0.1020347405983917,-0.3465436750968089,3.467435364189148,1.016949621772766,-4.781722618865967
2026-09-11T17:39:01.466,1.7712958399999934,-22.263296127319336,-2003.6966514587402,-8014.786605834961,-15.250357847213746,-5.608624334335327,-4.915149211883545,-3.3668772101402284,-7.531489822253545,-0.030420619603395944,0.0,-0.102874755859375,-842.75,-37.034912109375,0.0,0.0,164.34287071197852,1,1789162741.066874,38.991393151666664,-76.9366343,-9.599000000000004,0,1,17.230801,6.969600000000001,72.36904899999999,1,1,1789162741.4615915,-0.38231965072837515,-0.9213431042267356,-0.06974750640822551,0.009687843444761032,173.02576017539178,-4.081957179528957,135.17595099840827,0.007833561281726149,-0.025677633021190974,-0.2925452824352068,9.368881298522949,-0.8732821969032288,-12.006772125530244
2026-09-11T17:39:01.500,1.8047182720000023,-22.427669525146484,-2018.4902572631836,-8073.961029052734,-15.362953624725343,-5.721220111846924,-4.915159702301025,-3.3668843960762027,-7.531505896734518,-0.00021500338378312148,0.0,-0.10704803466796875,-876.9375,-38.53729248046875,-0.1525879055261612,-54.93164598941803,-1643.5562196492265,1,1789162741.066874,38.991393151666664,-76.9366343,-9.599000000000004,0,1,17.230801,6.969600000000001,72.36904899999999,1,1,1789162741.4895914,-0.377889659038071,-0.9231418746013734,-0.06976656095166664,0.011879053940874594,173.09829939669785,-4.281700074595555,135.734672094483,0.04377093777784059,0.07257585175275501,-0.3631117366201407,10.097515405540467,0.5408367564201355,-7.719304674816132
2026-09-11T17:39:01.533,1.8381417280000107,-22.59286880493164,-2033.3581924438477,-8133.432769775391,-15.476115131378174,-5.834381618499756,-4.941897392272949,-3.3851997137069705,-7.572476095443286,-0.5479779718399906,0.0,-0.11185073852539062,-916.28125,-40.266265869140625,-0.015258817933499813,-5.493174456059933,1479.1549842525462,1,1789162741.066874,38.991393151666664,-76.9366343,-9.599000000000004,0,1,17.230801,6.969600000000001,72.36904899999999,1,1,1789162741.5295913,-0.3703787348699936,-0.9261321614767675,-0.07033746828089361,0.01230661571302213,173.02082036452182,-4.2953679861341385,136.66714319264665,-0.06881047842450244,0.12493031879190371,-0.4166565182091495,-5.583122070083618,0.8253276776123046,-4.69836609249115
2026-09-11T17:39:01.567,1.8715662719999955,-22.758161544799805,-2048.2345390319824,-8192.93815612793,-15.589340658187867,-5.947607145309449,-4.969579219818115,-3.404161765575409,-7.614892997439615,-0.567309216498129,0.0,-0.11443710327148438,-937.46875,-41.197357177734375,0.0,0.0,164.34553171652666,1,1789162741.066874,38.991393151666664,-76.9366343,-9.599000000000004,0,1,17.230801,6.969600000000001,72.36904899999999,1,1,1789162741.5615914,-0.36383043417919,-0.9287907617081231,-0.06953397648524673,0.01183901367408982,173.05773632747793,-4.162709457376159,137.4695803649355,-0.15155147680672282,0.011313747810202841,-0.4596605583136638,-7.363323273944855,0.8158152269554139,-11.603718803882598
2026-09-11T17:39:01.600,1.9049926719999917,-22.9239501953125,-2063.155517578125,-8252.6220703125,-15.702905883789064,-6.061172370910645,-4.970931529998779,-3.405088098049164,-7.616965144168666,-0.02771260063168811,0.0,-0.11441230773925781,-937.265625,-41.18843078613281,0.0,0.0,0.0,1,1789162741.066874,38.991393151666664,-76.9366343,-9.599000000000004,0,1,17.230801,6.969600000000001,72.36904899999999,1,1,1789162741.5895913,-0.35835749597771527,-0.930762622014689,-0.0712907381877714,0.013359535379859037,172.90635835934634,-4.356628009773472,138.1552659782553,0.24326346754419406,0.12110647693370932,-0.40515602016898333,-3.391139625930786,1.7992261051750182,-15.022218983764649
2026-09-11T17:39:01.634,1.9384172800000101,-23.090757369995117,-2078.1681632995605,-8312.672653198242,-15.817168798446657,-6.175435285568238,-4.970895290374756,-3.405063273906708,-7.616909614143487,0.0007426906085434296,0.0,-0.11337089538574219,-928.734375,-40.81352233886719,0.0762939527630806,27.465822994709015,821.7246106429685,1,1789162741.066874,38.991393151666664,-76.9366343,-9.599000000000004,0,1,17.230801,6.969600000000001,72.36904899999999,1,1,1789162741.6295915,-0.35028777689653495,-0.9336343235055905,-0.07324765910866808,0.01613083272004941,172.7678260627631,-4.671118588656084,139.16445154217163,-0.002515892116749826,0.13630253513204837,-0.41999009708045865,3.340439244594574,-0.27007514545440675,-7.980848034629822
2026-09-11T17:39:01.667,1.9718427520000148,-23.256933212280273,-2093.1239891052246,-8372.495956420898,-15.930999250411988,-6.28926573753357,-5.024259567260742,-3.4416178035736085,-7.6986797681943555,-1.0936129687830647,0.0,-0.11079788208007812,-907.65625,-39.887237548828125,0.045776382088661194,16.47949755191803,-328.68123575904775,1,1789162741.066874,38.991393151666664,-76.9366343,-9.599000000000004,0,1,17.230801,6.969600000000001,72.36904899999999,1,1,1789162741.6615913,-0.3440276210147131,-0.93575784150929,-0.0750996140570722,0.019034337427670623,172.64932383629784,-5.008052179111707,139.95039730318024,-0.03859359308472461,0.1876300504393236,-0.40004063466431306,2.8236287810707092,1.015576690750122,-6.180641264438629
2026-09-11T17:39:01.701,2.0052604159999987,-23.427581787109375,-2108.4823608398438,-8433.929443359375,-16.047893524169922,-6.4061600112915045,-5.0780110359191895,-3.478437559604645,-7.781043216724769,-1.1018052019151936,0.0,-0.10730552673339844,-879.046875,-38.62998962402344,0.1678467094898224,60.42481541633606,1315.0326086359353,1,1789162741.066874,38.991393151666664,-76.9366343,-9.599000000000004,0,1,17.230801,6.969600000000001,72.36904899999999,1,1,1789162741.6895914,-0.3385606119064524,-0.9376970857091727,-0.07571638570934032,0.019181148379788373,172.55907572899346,-5.0049257378977865,140.62087244104387,-0.03154630263102191,0.06815580542207937,-0.388357400651463,-4.1835169589996335,0.8582780221557618,-16.780061025257112
2026-09-11T17:39:01.734,2.0386844159999953,-23.59583282470703,-2123.624954223633,-8494.499816894531,-16.163145484924318,-6.5214119720458985,-5.053006172180176,-3.4613092279434206,-7.7427282300094324,0.5124560693282089,0.0,-0.10339546203613281,-847.015625,-37.22236633300781,0.1373291313648224,49.43848729133606,-328.6957911979754,1,1789162741.066874,38.991393151666664,-76.9366343,-9.599000000000004,0,1,17.230801,6.969600000000001,72.36904899999999,1,1,1789162741.7295914,-0.3314143567053043,-0.9400903971754521,-0.07679890052001734,0.02228223927316389,172.51952687526216,-5.324661022579018,141.50970409142172,-0.0014723597569824165,0.1450365117748784,-0.3473849237962702,-0.562509453277588,-0.37539856819152834,-14.689185144271852
2026-09-11T17:39:01.767,2.0721069120000095,-23.768556594848633,-2139.170093536377,-8556.680374145508,-16.281461267471315,-6.639727754592896,-5.13240909576416,-3.51570023059845,-7.864397437809695,-1.6273770413498208,0.0,-0.09554100036621094,-782.671875,-34.39476013183594,0.3356933891773224,120.84962010383606,2136.618785517084,1,1789162741.066874,38.991393151666664,-76.9366343,-9.599000000000004,0,1,17.230801,6.969600000000001,72.36904899999999,1,1,1789162741.7615914,-0.3265073085563798,-0.9416625875482177,-0.07758581023935418,0.02539666751302849,172.52070829534748,-5.652503918454604,142.1233220965486,-0.012716643462955883,0.1049595633588838,-0.3120580634725033,3.721329536876678,1.0539206928825378,-7.5821096390533445
2026-09-11T17:39:01.801,2.105531008000014,-23.942054748535156,-2154.784927368164,-8619.139709472656,-16.400307502746582,-6.7585739898681645,-5.185678482055664,-3.55218976020813,-7.946022190873582,-1.0917132840234536,0.0,-0.08472633361816406,-694.078125,-30.501480102539062,0.2136230766773224,76.90430760383606,-1314.7793884984674,1,1789162741.066874,38.991393151666664,-76.9366343,-9.599000000000004,0,1,17.230801,6.969600000000001,72.36904899999999,1,1,1789162741.7895913,-0.32252439264570004,-0.9429679037360297,-0.07831093343225168,0.025630965201677364,172.4262804309855,-5.673109265161418,142.61123522575724,-0.001208989572856472,0.057254304381197586,-0.27044871597325776,-4.172925776824951,0.8798526525115966,-12.796697796058654
2026-09-11T17:39:01.835,2.1389523200000156,-24.115360260009766,-2170.382423400879,-8681.529693603516,-16.51902177810669,-6.877288265228272,-5.212707996368408,-3.57070497751236,-7.987439552416688,-0.5539943286555942,0.0,-0.07290458679199219,-597.234375,-26.245651245117188,0.4730225205421448,170.28810739517212,2794.139254357572,1,1789162741.066874,38.991393151666664,-76.9366343,-9.599000000000004,0,1,17.230801,6.969600000000001,72.36904899999999,1,1,1789162741.8295913,-0.3178255605205367,-0.9445542924224437,-0.07675140020763714,0.030221255968449007,172.73304276247686,-6.077774276581735,143.19198291158702,0.12928543887440516,0.08303037397220105,-0.19085925862136352,0.7960057936286927,0.22231675916671753,-7.385878569316864
2026-09-11T17:39:01.868,2.1723789760000045,-24.291841506958008,-2186.2657356262207,-8745.062942504883,-16.639911432266235,-6.9981779193878175,-5.264514446258545,-3.6061923956871036,-8.066822646043082,-1.0616502642308963,0.0,-0.06357002258300781,-520.765625,-22.885208129882812,0.2746582627296448,98.87697458267212,-2136.352879944784,1,1789162741.066874,38.991393151666664,-76.9366343,-9.599000000000004,0,1,17.230801,6.969600000000001,72.36904899999999,1,1,1789162741.8615913,-0.3147466639901153,-0.9455601056248185,-0.07700201139777196,0.030353161261601473,172.69056047871538,-6.07750815882412,143.5666589497156,-0.04765167736964998,0.03504516418249494,-0.18575591588853207,-4.679243124675751,-2.7500789048576357,-9.424877270946503
2026-09-11T17:39:01.902,2.205800511999996,-24.471921920776367,-2202.472972869873,-8809.891891479492,-16.763266515731814,-7.121533002853394,-5.31715202331543,-3.6422491359710696,-8.147479276957466,-1.0788474917482849,0.0,-0.04573822021484375,-374.6875,-16.46575927734375,0.7781983017921448,280.1513886451721,5423.880400426398,1,1789162741.066874,38.991393151666664,-76.9366343,-9.599000000000004,0,1,17.230801,6.969600000000001,72.36904899999999,1,1,1789162741.9015913,-0.31305668931272074,-0.9461366492810463,-0.07559379553931528,0.03326451923225769,172.9366477677942,-6.331217251401279,143.77456003758022,0.1379523948739586,-0.005317494632051124,-0.03673289756917345,6.804050015220642,-3.186867103061676,-13.465609403591156
2026-09-11T17:39:01.935,2.239219296000016,-24.647192001342773,-2218.2472801208496,-8872.989120483398,-16.883326520919802,-7.241593008041383,-5.2665019035339355,-3.607553803920746,-8.06986802952922,1.0381985188420646,0.0,-0.030294418334960938,-248.171875,-10.905990600585938,0.22888189554214478,82.39748239517212,-5917.447691989128,1,1789162741.066874,38.991393151666664,-76.9366343,-9.599000000000004,0,1,17.230801,6.969600000000001,72.36904899999999,1,1,1789162741.9295914,-0.3123983455134442,-0.946476207114771,-0.07337425581611587,0.0347315658951787,173.2273277728995,-6.406933737384197,143.8470414724872,0.2723076661595569,0.02171835361304184,-0.017606706961193597,4.56205365524292,-1.6801733722114565,0.3976596640586853
2026-09-11T17:39:01.968,2.272649472000012,-24.82588768005371,-2234.329891204834,-8937.319564819336,-17.005733060836793,-7.363999547958374,-5.371355056762695,-3.6793782138824467,-8.23053465882794,-2.1484903328570306,0.0,-0.017942428588867188,-146.984375,-6.4592742919921875,0.5035400986671448,181.27443552017212,2957.7156017668553,1,1789162741.066874,38.991393151666664,-76.9366343,-9.599000000000004,0,1,17.230801,6.969600000000001,72.36904899999999,1,1,1789162741.9615915,-0.31291242239292844,-0.9464561149985934,-0.07123129787558061,0.03511040439697607,173.47919960622966,-6.375226069941452,143.7742434487719,0.03360230048987123,-0.14101282971733065,0.05191761112737452,6.161027964115142,-0.8315058672142029,-6.353826706295013
2026-09-11T17:39:02.001,2.3060711040000115,-25.007564544677734,-2250.680809020996,-9002.723236083984,-17.13018171310425,-7.488448200225831,-5.450016021728516,-3.7332609748840335,-8.351066962428483,-1.6122121445651578,0.0,-0.009212493896484375,-75.46875,-3.316497802734375,0.21362310647964478,76.90431833267212,-3122.831260529147,1,1789162741.066874,38.991393151666664,-76.9366343,-9.599000000000004,0,1,17.230801,6.969600000000001,72.36904899999999,1,1,1789162741.9895914,-0.31361222046155757,-0.9462374945384199,-0.07175151914553926,0.03367044114847047,173.37602233741615,-6.241809616707588,143.68799761458547,-0.10808597164798124,-0.049531396974047875,0.05005150509114219,-4.199697931766511,-1.2963410848808288,-3.894416912231445
2026-09-11T17:39:02.035,2.3394932799999992,-25.190759658813477,-2267.168369293213,-9068.673477172852,-17.255670366287234,-7.613936853408814,-5.476531505584717,-3.7514240813255313,-8.391696674403917,-0.543444760793086,0.0,0.0005168916541151702,4.234376430511475,0.1860809954814613,0.12207037210464478,43.94533395767212,-986.1411888625107,1,1789162741.066874,38.991393151666664,-76.9366343,-9.599000000000004,0,1,17.230801,6.969600000000001,72.36904899999999,1,1,1789162742.0295913,-0.3148534079676022,-0.9454537743972155,-0.07514659689346342,0.03657158657451755,173.11471705438214,-6.688639649696589,143.56542569375577,-0.20741492830700614,0.10239323122675133,0.06369422025520627,3.5034257702827456,-0.41178124029159546,-8.264750556812286
2026-09-11T17:39:02.068,2.3729200639999988,-25.374286651611328,-2283.6857986450195,-9134.743194580078,-17.38138635635376,-7.739652843475342,-5.477931499481201,-3.752383077144623,-8.393841886955572,-0.028689443145110252,0.0,0.0018615724984556437,15.250001907348633,0.6701660994440317,0.015258789993822575,5.493164397776127,-1150.3400853607848,1,1789162741.066874,38.991393151666664,-76.9366343,-9.599000000000004,0,1,17.230801,6.969600000000001,72.36904899999999,1,1,1789162742.0615914,-0.31665674476561007,-0.9448477231089765,-0.07500819052085268,0.036946684357568337,173.15598290319937,-6.737554193996217,143.3471703082027,-0.07033886325047388,0.0190520141147701,0.14887187280613592,2.715853695793152,0.7778634908294678,-15.644941269035339
2026-09-11T17:39:02.102,2.4063398400000153,-25.55683708190918,-2300.115337371826,-9200.461349487305,-17.50643340110779,-7.864699888229371,-5.505644798278809,-3.771366686820984,-8.436307012394819,-0.5680352159257895,0.0,0.008348465897142887,68.39063262939453,3.0054477229714394,0.06103518605232239,21.97266697883606,493.1063146877995,1,1789162742.075852,38.99140985,-76.93662966166667,-9.685000000000002,0,1,17.230801,6.969600000000001,72.36904899999999,1,1,1789162742.1015913,-0.31928535918550205,-0.9440496983701476,-0.0735276192675935,0.03769238148297302,173.36365607985923,-6.783588715213862,143.0218384145478,0.03689975104566411,0.019797793304147278,0.174328198078174,-0.3613750584602356,-3.1031183106803892,-13.044806045150757
2026-09-11T17:39:02.135,2.439757312000012,-25.73894500732422,-2316.5050506591797,-9266.020202636719,-17.631177330017092,-7.989443817138673,-5.480847358703613,-3.754380440711975,-8.398309862007808,0.5083043417829661,0.0,0.010528565384447575,86.25000762939453,3.790283538401127,0.0,0.0,-657.5203228669839,1,1789162742.075852,38.99140985,-76.93662966166667,-9.685000000000002,0,1,17.230801,6.969600000000001,72.36904899999999,1,1,1789162742.1295915,-0.32124389671865644,-0.9431965963899464,-0.07468496730140961,0.04005864499232955,173.33655492139363,-7.097058712631694,142.79696301433484,0.03805812607021275,0.19186055401323268,0.1614412104802235,2.8410846183586123,0.3756927676963806,-4.706897878131866
2026-09-11T17:39:02.169,2.4731884800000046,-25.92352867126465,-2333.1175804138184,-9332.470321655273,-17.757617139816286,-8.115883626937867,-5.481552600860596,-3.7548635315895083,-8.399390505524122,-0.014450314076168971,0.0,0.013595581986010075,111.37500762939453,4.894409514963627,0.1373291164636612,49.43848192691803,1478.8140793324567,1,1789162742.075852,38.99140985,-76.93662966166667,-9.685000000000002,0,1,17.230801,6.969600000000001,72.36904899999999,1,1,1789162742.1615913,-0.3237848223559376,-0.941978465329028,-0.07685395748611554,0.04397077310015708,173.26070906927643,-7.62028619792698,142.51072763244582,-0.019872493396132635,0.09420850969952393,0.19627798235003033,1.793734381084442,-0.010983448181152343,-4.087019521408081
2026-09-11T17:39:02.203,2.506612992000015,-26.106491088867188,-2349.584197998047,-9398.336791992188,-17.882946395874026,-8.241212882995606,-5.5076069831848145,-3.7727107834815983,-8.439313670994975,-0.5339569921644454,0.0,0.01965522952377796,161.01564025878906,7.075882628560066,0.3356933891773224,120.84962010383606,2136.490075813091,1,1789162742.075852,38.99140985,-76.93662966166667,-9.685000000000002,0,1,17.230801,6.969600000000001,72.36904899999999,1,1,1789162742.2015913,-0.3271069856633872,-0.940507670537934,-0.07962205935805101,0.04589846678381251,173.05555551120824,-7.956751801262757,142.12838110286341,0.008069006197820184,0.12710325371063663,0.18918269534189777,-1.1286473671150208,0.6712652035713196,-10.438198432159425
2026-09-11T17:39:02.236,2.5400368319999984,-26.291364669799805,-2366.2228202819824,-9464.89128112793,-18.009584798812867,-8.36785128593445,-5.5338945388793945,-3.7907177591323857,-8.479594128338363,-0.5387464651217946,0.0,0.03215790167450905,263.4375305175781,11.576844602823257,0.4272461533546448,153.80861520767212,986.0924149903931,1,1789162742.075852,38.99140985,-76.93662966166667,-9.685000000000002,0,1,17.230801,6.969600000000001,72.36904899999999,1,1,1789162742.2295914,-0.33010955898064936,-0.9395622611632971,-0.07849268043829892,0.04570925053995593,173.19745949324363,-7.915687553150773,141.75396360132189,0.03081954753049147,0.08173289620626846,0.23519917373535426,-0.12513285606384278,-0.3915795409584045,-8.342615359096527
2026-09-11T17:39:02.269,2.573483392000014,-26.47566032409668,-2382.809429168701,-9531.237716674805,-18.13582732200623,-8.494093809127808,-5.482575416564941,-3.755564160346985,-8.40095776741898,1.0510377983680235,0.0,0.034505847841501236,282.6719055175781,12.422105222940445,0.2746582329273224,98.87696385383606,-1642.370735699281,1,1789162742.075852,38.99140985,-76.93662966166667,-9.685000000000002,0,1,17.230801,6.969600000000001,72.36904899999999,1,1,1789162742.2615914,-0.3338041694141542,-0.9383289309986566,-0.07739320491383382,0.04608563296528269,173.36281786042898,-7.941116274018792,141.29585993221474,-0.01986847913885305,-0.04076321187787876,0.28649038619418804,-0.843568046913147,-3.3614254759407047,-4.767208776626587
2026-09-11T17:39:02.303,2.6069105280000144,-26.660886764526367,-2399.479808807373,-9597.919235229492,-18.262707433700562,-8.620973920822145,-5.509578704833984,-3.7740614128112795,-8.442334942759652,-0.5533603735687739,0.0,0.0342254675924778,280.3750305175781,12.321168333292007,0.1068115383386612,38.45215380191803,-1807.65740899602,1,1789162742.075852,38.99140985,-76.93662966166667,-9.685000000000002,0,1,17.230801,6.969600000000001,72.36904899999999,1,1,1789162742.3015914,-0.33820306725347515,-0.9365012933250874,-0.07889668179124648,0.04857289885430745,173.33091213646867,-8.29925675282321,140.7715820015731,0.019308926580663667,0.01617152271727866,0.2675523420795731,2.7527267004013063,-1.509929925403595,-2.2845572216796874
2026-09-11T17:39:02.336,2.6403309760000013,-26.84945297241211,-2416.45076751709,-9665.80307006836,-18.391875286102298,-8.750141773223877,-5.588414192199707,-3.8280637216567994,-8.563134667270926,-1.6158463478868121,0.0,0.030118945986032486,246.73440551757812,10.842820554971695,0.0,0.0,-1150.5577005410912,1,1789162742.075852,38.99140985,-76.93662966166667,-9.685000000000002,0,1,17.230801,6.969600000000001,72.36904899999999,1,1,1789162742.3295913,-0.34087965556551897,-0.9353721470350936,-0.07915176210822758,0.05113712474958639,173.42530215779794,-8.605307530839763,140.44847072551858,0.017619971463508754,0.2165028577221406,0.20174173557339856,10.905191112861633,2.203652357845306,-2.424694252490997
2026-09-11T17:39:02.369,2.6737506880000126,-27.038663864135742,-2433.479747772217,-9733.918991088867,-18.521484746932984,-8.879751234054567,-5.693267345428467,-3.8998881316185,-8.723801296569649,-2.149163043705352,0.0,0.02227211371064186,182.45315551757812,8.01796093583107,-0.12207034230232239,-43.94532322883606,-1314.9521823773123,1,1789162742.075852,38.99140985,-76.93662966166667,-9.685000000000002,0,1,17.230801,6.969600000000001,72.36904899999999,1,1,1789162742.3615913,-0.34291415408960907,-0.9344620417097154,-0.08070802900983191,0.05173769981421623,173.29768048706558,-8.745495606268772,140.2104282007273,-0.06433231262973539,0.06540342119168431,0.12040468004148241,-0.9944923929023742,0.2405571284675598,-9.260125548229219
2026-09-11T17:39:02.403,2.7071691840000085,-27.23221206665039,-2450.899085998535,-9803.59634399414,-18.654065265655518,-9.0123317527771,-5.772278308868408,-3.9540106415748597,-8.844869903308105,-1.619537574532571,0.0,0.004106525331735611,33.640655517578125,1.47834911942482,-0.5035400986671448,-181.27443552017212,-4109.374410247333,1,1789162742.075852,38.99140985,-76.93662966166667,-9.685000000000002,0,1,17.230801,6.969600000000001,72.36904899999999,1,1,1789162742.4015913,-0.3453725311302313,-0.9334569334373927,-0.08208255579163114,0.051365574007015316,173.1566062225707,-8.777237628632337,139.91758277106823,-0.06338110818739848,0.09182962592905565,0.15582543907900656,5.04199111415863,-3.304743038005829,-17.740720475101472
2026-09-11T17:39:02.436,2.740588800000012,-27.42366600036621,-2468.129940032959,-9872.519760131836,-18.785211210250857,-9.143477697372438,-5.722047805786133,-3.919602746963501,-8.767901635118774,1.0295718122959645,0.0,7.629725587321445e-05,0.6250271201133728,0.027467012114357203,-0.030517637729644775,-10.98634958267212,5095.453099685021,1,1789162742.075852,38.99140985,-76.93662966166667,-9.685000000000002,0,1,17.230801,6.969600000000001,72.36904899999999,1,1,1789162742.4295914,-0.3460629654953827,-0.9331991366685464,-0.08121396209894852,0.052764453885282406,173.31217065036728,-8.898804655151705,139.82789592879982,0.028519203576362943,0.0929874773548287,0.03227270866570195,0.7593289220237732,0.7876701409912109,-8.410673511219025
2026-09-11T17:39:02.470,2.774008992000006,-27.613479614257812,-2485.213165283203,-9940.852661132812,-18.915233535766603,-9.273500022888184,-5.724219799041748,-3.921090562343598,-8.77122978333839,-0.04451845698842939,0.0,-0.00589752197265625,-48.3125,-2.12310791015625,-0.030517637729644775,-10.98634958267212,0.0,1,1789162742.075852,38.99140985,-76.93662966166667,-9.685000000000002,0,1,17.230801,6.969600000000001,72.36904899999999,1,1,1789162742.4615915,-0.3470558719763609,-0.9328466598850546,-0.08105556845266117,0.05271931041697003,173.3371313494983,-8.894740033536051,139.70441722604608,-0.038326906775019876,-0.10874762596741229,0.06912184516305822,6.748446308803559,0.017357770786285403,-12.495731702594759
2026-09-11T17:39:02.503,2.807430079999989,-27.80828094482422,-2502.7452850341797,-10010.981140136719,-19.04867244720459,-9.406938934326172,-5.828902244567871,-3.992798037528992,-8.931634836992188,-2.1455757270807756,0.0,-0.011770248413085938,-96.421875,-4.2372894287109375,-0.1831054985523224,-65.91797947883606,-1643.6218323051567,1,1789162742.075852,38.99140985,-76.93662966166667,-9.685000000000002,0,1,17.230801,6.969600000000001,72.36904899999999,1,1,1789162742.5015914,-0.34799330360083874,-0.9323513288375361,-0.08150136538907585,0.054581935689119364,173.37059557427887,-9.120012143681837,139.59387805341294,-0.09462075646884498,-0.06606996243302095,-0.00824580805104721,8.295445371818543,3.672590485572815,-14.107944989185333
2026-09-11T17:39:02.536,2.840880768000005,-28.004369735717773,-2520.3932762145996,-10081.573104858398,-19.182993268966676,-9.541259756088257,-5.8812336921691895,-4.028645079135895,-9.011822385325454,-1.0716383952068724,0.0,-0.021512985229492188,-176.234375,-7.7446746826171875,-0.3509521782398224,-126.34278416633606,-1806.384511059103,1,1789162742.075852,38.99140985,-76.93662966166667,-9.685000000000002,0,1,17.230801,6.969600000000001,72.36904899999999,1,1,1789162742.5295913,-0.34778346434832863,-0.9326324277601663,-0.08128764598451768,0.05133941201795051,173.2647809682629,-8.760389207052263,139.61500428852779,-0.012030030935221316,-0.16536104544727753,-0.004588470603493093,2.8638360467338564,-0.17906943195343017,-4.193813941669464
2026-09-11T17:39:02.570,2.874302623999995,-28.203487396240234,-2538.313865661621,-10153.255462646484,-19.31938886642456,-9.677655353546143,-5.933469772338867,-4.064426794052125,-9.091863802013512,-1.0706082545577484,0.0,-0.029912948608398438,-245.046875,-10.768661499023438,0.1983642727136612,71.41113817691803,5916.904265978377,1,1789162742.075852,38.99140985,-76.93662966166667,-9.685000000000002,0,1,17.230801,6.969600000000001,72.36904899999999,1,1,1789162742.5615914,-0.348131496504431,-0.9327525937741276,-0.07986295722647765,0.048979261042448534,173.33040721287898,-8.451761570881601,139.55917492618482,-0.054321976704921913,-0.26224933368031356,0.00048171087355043494,1.2120038934898376,-1.9405399340057372,-4.566760847320556
2026-09-11T17:39:02.603,2.9077206080000053,-28.39986228942871,-2555.987606048584,-10223.950424194336,-19.453905668258667,-9.81217215538025,-5.933899402618408,-4.0647210907936095,-9.092522125075172,-0.008806537865505731,0.0,-0.0295867919921875,-242.375,-10.6512451171875,0.061035171151161194,21.97266161441803,-1479.3973377473826,1,1789162742.075852,38.99140985,-76.93662966166667,-9.685000000000002,0,1,17.230801,6.969600000000001,72.36904899999999,1,1,1789162742.6015913,-0.3480597424550884,-0.9330587353135867,-0.07905232070781062,0.04479444974343188,173.25372829746954,-7.968090065742708,139.5562590149605,0.051548997589353315,-0.07688803673565739,-0.03306212108637898,-2.473433303794861,-0.6673425435066223,-10.408876548175812
2026-09-11T17:39:02.636,2.941138144000007,-28.598251342773438,-2573.8426208496094,-10295.370483398438,-19.589802169799807,-9.948068656921388,-5.909064292907715,-4.047709040641785,-9.054467252688307,0.5090755390171013,0.0,-0.03128623962402344,-256.296875,-11.263046264648438,-0.0762939527630806,-27.465822994709015,-1479.4174115387939,1,1789162742.075852,38.99140985,-76.93662966166667,-9.685000000000002,0,1,17.230801,6.969600000000001,72.36904899999999,1,1,1789162742.6295915,-0.34822269121240684,-0.9331244169517144,-0.07770199289153004,0.04452168139228454,173.39102328540335,-7.886070297484455,139.5269817632687,0.06053517430909652,-0.29779401109472925,0.01643122770997542,6.975666393051147,-1.0824580448532104,-14.48756041694641
2026-09-11T17:39:02.670,2.974561792000003,-28.798830032348633,-2591.894702911377,-10367.578811645508,-19.727198572158816,-10.085465059280397,-5.935207843780518,-4.065617372989655,-9.094527051247429,-0.5357982572061463,0.0,-0.03389739990234375,-277.6875,-12.20306396484375,-0.1678466945886612,-60.42481005191803,-986.0978387880668,1,1789162742.075852,38.99140985,-76.93662966166667,-9.685000000000002,0,1,17.230801,6.969600000000001,72.36904899999999,1,1,1789162742.6575913,-0.3471758502098352,-0.9336591558201983,-0.07613539364395175,0.04419175962635124,173.5393764624069,-7.780872862377393,139.64509181474102,-0.0448471077946203,-0.09461220435551022,-0.07893059555926635,0.19073934564590453,-1.8202123365211487,-13.562989439697265
2026-09-11T17:39:02.703,3.007988127999994,-28.996957778930664,-2609.7262001037598,-10438.904800415039,-19.862916078567505,-10.221182565689087,-5.962470531463623,-4.084292314052582,-9.136301704663067,-0.5586894436450374,0.0,-0.04364585876464844,-357.546875,-15.712509155273438,-0.2899170517921448,-104.37013864517212,-1314.6917626049728,1,1789162742.075852,38.99140985,-76.93662966166667,-9.685000000000002,0,1,17.230801,6.969600000000001,72.36904899999999,1,1,1789162742.7015913,-0.3445881352428336,-0.9345056751420281,-0.07721074239808819,0.04468401767461154,173.420096681884,-7.858481213011463,139.97070592459966,-0.012995896143274977,0.031196364115997046,-0.10413559341901726,-1.6585987418556214,1.122371111011505,-11.597932880287171
2026-09-11T17:39:02.736,3.041413535999993,-29.192907333374023,-2627.361660003662,-10509.446640014648,-19.997141523361208,-10.355408010482789,-5.937933921813965,-4.067484736442566,-9.0987042243257,0.502838368046731,0.0,-0.055286407470703125,-452.90625,-19.903106689453125,-0.3356934189796448,-120.84963083267212,-493.0229179999929,1,1789162742.075852,38.99140985,-76.93662966166667,-9.685000000000002,0,1,17.230801,6.969600000000001,72.36904899999999,1,1,1789162742.7295914,-0.34197372123368097,-0.9354910604388866,-0.07583881665528351,0.046464219705514676,173.61606349012342,-7.97861523567525,140.2853633284633,-0.04785849888601131,0.1468455455445705,-0.24194417316261155,-1.9385786039733885,-1.2556434867095947,-4.355035270328521
2026-09-11T17:39:02.770,3.0748378560000162,-29.392581939697266,-2645.332374572754,-10581.329498291016,-20.13391862869263,-10.492185115814209,-5.965504169464111,-4.0863703560829165,-9.140950152297137,-0.5650262934395556,0.0,-0.06059455871582031,-496.390625,-21.814041137695312,-0.045776426792144775,-16.47951364517212,3122.580120924765,1,1789162742.075852,38.99140985,-76.93662966166667,-9.685000000000002,0,1,17.230801,6.969600000000001,72.36904899999999,1,1,1789162742.7615914,-0.3388127839178693,-0.9363462865824512,-0.07732343728062246,0.049825847751812875,173.55568360263166,-8.378096637024113,140.68762993057416,-0.0032651619646309918,0.034177910077178957,-0.1757501178197738,6.996652624397278,-3.135480256214142,-2.9860269077491757
2026-09-11T17:39:02.803,3.1082653120000145,-29.589515686035156,-2663.056411743164,-10652.225646972656,-20.268818244934085,-10.627084732055664,-5.888370037078857,-4.033533475399017,-9.022757416336374,1.5806431899544473,0.0,-0.060272216796875,-493.75,-21.697998046875,-0.1220703199505806,-43.945315182209015,-821.6539582622827,1,1789162742.075852,38.99140985,-76.93662966166667,-9.685000000000002,0,1,17.230801,6.969600000000001,72.36904899999999,1,1,1789162742.8015914,-0.33467971493884696,-0.9372805172397074,-0.08058596940552118,0.05477793302317251,173.34868877514094,-9.01108542967637,141.22392122555712,-0.12772808158285062,0.010049082234207751,-0.1985343440070086,6.784534781398773,3.3588757468986508,-6.724518082408905
2026-09-11T17:39:02.836,3.14168905599999,-29.78260612487793,-2680.4345512390137,-10721.738204956055,-20.401085195541384,-10.759351682662965,-5.785048961639404,-3.9627585387229924,-8.864438391917922,2.1175047497993336,0.0,-0.05146980285644531,-421.640625,-18.529129028320312,0.4577637314796448,164.79494333267212,6245.268588552942,1,1789162742.075852,38.99140985,-76.93662966166667,-9.685000000000002,0,1,17.230801,6.969600000000001,72.36904899999999,1,1,1789162742.8295913,-0.3324232814824526,-0.9380492362151112,-0.08063035161655491,0.05529139863374349,173.34132157693114,-9.052471263811775,141.50137348900108,0.015593818734868538,0.041770092323354296,-0.15854919990966887,2.0875416199302674,1.084419374885559,-12.61056757598877
2026-09-11T17:39:02.870,3.1751165120000167,-29.975175857543945,-2697.765827178955,-10791.06330871582,-20.532995462417603,-10.891261949539185,-5.758523464202881,-3.9445885729789736,-8.823793336119742,0.5435641211824296,0.0,-0.031078338623046875,-254.59375,-11.188201904296875,0.07629400491714478,27.46584177017212,-4108.272599697393,1,1789162742.075852,38.99140985,-76.93662966166667,-9.685000000000002,0,1,17.230801,6.969600000000001,72.36904899999999,1,1,1789162742.8615913,-0.33109417315395173,-0.9386765619234025,-0.07947503646186788,0.05428332320839177,173.41748414830286,-8.889910514578341,141.6542687962642,0.03402414657007826,-0.08387493879724109,-0.06529363998173386,-1.874835377922058,0.29243430782318114,-12.329018649845123
2026-09-11T17:39:02.904,3.208535871999999,-30.166250228881836,-2714.9625205993652,-10859.850082397461,-20.66388140678406,-11.02214789390564,-5.707062721252441,-3.9093379640579227,-8.744939969707225,1.0547960499862883,0.0,-0.031452178955078125,-257.65625,-11.322784423828125,0.030517593026161194,10.98633348941803,-493.11262336450784,1,1789162742.075852,38.99140985,-76.93662966166667,-9.685000000000002,0,1,17.230801,6.969600000000001,72.36904899999999,1,1,1789162742.9015913,-0.33115015459653063,-0.9387265892795359,-0.07842508070739906,0.05460286078898411,173.544871926193,-8.885205060605271,141.6399056052173,0.13439855545104776,-0.09435529188961664,-0.011151606722692569,1.6339840499496459,-1.5572960456848144,0.9798804841613769
2026-09-11T17:39:02.937,3.2419596160000026,-30.357282638549805,-2732.1554374694824,-10928.62174987793,-20.794738607406618,-11.153005094528199,-5.6823906898498535,-3.89243762254715,-8.707134982433665,0.5056387911171999,0.0,-0.026920318603515625,-220.53125,-9.691314697265625,0.2899170219898224,104.37012791633606,2793.935784899124,1,1789162742.075852,38.99140985,-76.93662966166667,-9.685000000000002,0,1,17.230801,6.969600000000001,72.36904899999999,1,1,1789162742.9295914,-0.3319610197080168,-0.9384009272870405,-0.07934345835936205,0.05394623876428009,173.42752540767071,-8.854412874177097,141.5467691122321,-0.008634667408391547,-0.18317387579313166,0.07703865865010451,-0.9405558170127868,-4.812221300868988,-3.000638816490173
2026-09-11T17:39:02.970,3.2753870079999956,-30.544078826904297,-2748.9670944213867,-10995.868377685547,-20.922693996429444,-11.280960483551027,-5.605691909790039,-3.839898958206177,-8.589609337433279,1.5717248997763298,0.0,-0.024854660034179688,-203.609375,-8.947677612304688,0.2441406399011612,87.89063036441803,-492.9938163264869,1,1789162742.075852,38.99140985,-76.93662966166667,-9.685000000000002,0,1,17.230801,6.969600000000001,72.36904899999999,1,1,1789162742.9615915,-0.33275959209521083,-0.9382255612952212,-0.07802348370579006,0.054001722114282676,173.58156255773724,-8.815763529326906,141.43923089246834,-0.14396854480558305,-0.1793503830007877,0.02990516953537164,5.105636273708344,-1.3126201241493225,-14.29329067724228
2026-09-11T17:39:03.004,3.308810464000004,-30.72768783569336,-2765.4919052124023,-11061.96762084961,-21.048466167449952,-11.406732654571535,-5.476688385009766,-3.75153154373169,-8.391937060960284,2.6438742443170695,0.0,-0.026773452758789062,-219.328125,-9.638442993164062,-0.2288818508386612,-82.39746630191803,-5094.868007254943,1,1789162742.075852,38.99140985,-76.93662966166667,-9.685000000000002,0,1,17.230801,6.969600000000001,72.36904899999999,1,1,1789162743.0015914,-0.3332214822974652,-0.9381323765486889,-0.07791463856677071,0.05291877647488689,173.5571865255628,-8.69736140446116,141.38072054913215,-0.060718259347630726,-0.09496353913393668,0.04821506965219375,7.895628244724274,-1.708220391674042,-11.741502238655091
2026-09-11T17:39:03.037,3.3422332800000163,-30.91054344177246,-2781.9489097595215,-11127.795639038086,-21.173722257614138,-11.531988744735719,-5.451376914978027,-3.734193186759949,-8.353152261005604,0.5187581133718449,0.0,-0.032276153564453125,-264.40625,-11.619415283203125,-0.04577639698982239,-16.47950291633606,1972.2444507834928,1,1789162742.075852,38.99140985,-76.93662966166667,-9.685000000000002,0,1,17.230801,6.969600000000001,72.36904899999999,1,1,1789162743.0295913,-0.33314198812560336,-0.9380673794051307,-0.0786720420708361,0.05344826695146862,173.4934709776728,-8.783084420946919,141.39660089839134,0.011062769463766059,-0.10016549296950578,-0.03644596544014559,6.913884497032165,-1.6979234090042112,-14.758223961410522
2026-09-11T17:39:03.071,3.3756523200000004,-31.09296417236328,-2798.3667755126953,-11193.467102050781,-21.298680458068848,-11.65694694519043,-5.401256084442139,-3.6998604178428653,-8.276352044208261,1.0273415668762529,0.0,-0.035289764404296875,-289.09375,-12.704315185546875,-0.2746582329273224,-98.87696385383606,-2465.584317728434,1,1789162742.075852,38.99140985,-76.93662966166667,-9.685000000000002,0,1,17.230801,6.969600000000001,72.36904899999999,1,1,1789162743.0615914,-0.33211481276423616,-0.9383962338562502,-0.08017139600729295,0.0518151202760762,173.25879723813506,-8.655813201561886,141.5312406515008,-0.05902162478176704,-0.045255514839586966,-0.0849242307435401,2.8572655911254885,0.9394770854949951,-8.082641063308717
2026-09-11T17:39:03.104,3.4090758080000114,-31.276315689086914,-2814.8684120178223,-11259.473648071289,-21.424276247024537,-11.78254273414612,-5.454610347747803,-3.736408088207245,-8.358106854436384,-1.0934726610330912,0.0,-0.04420661926269531,-362.140625,-15.914382934570312,-0.3204346001148224,-115.35645604133606,-493.0512395203802,1,1789162743.0742195,38.99142796666667,-76.93662402,-9.748000000000001,0,1,8.614225000000001,6.937956,63.776196,1,1,1789162743.1015913,-0.3300610321540387,-0.9389879185455693,-0.08127490197406725,0.05249565875361039,173.1442473420356,-8.756582521927443,141.79164595099218,-0.0631631165638244,-0.06385479054638973,-0.12003467024005962,6.190644047603607,0.42678541503906253,-16.45634350341797
2026-09-11T17:39:03.137,3.4425009280000154,-31.458009719848633,-2831.220874786377,-11324.883499145508,-21.548736658096317,-11.907003145217896,-5.455714225769043,-3.7371642446517948,-8.359798328229667,-0.022622400295037037,0.0,-0.05097389221191406,-417.578125,-18.350601196289062,-0.1831054985523224,-65.91797947883606,1479.0814980617608,1,1789162743.0742195,38.99142796666667,-76.93662402,-9.748000000000001,0,1,8.614225000000001,6.937956,63.776196,1,1,1789162743.1295915,-0.32740935628940343,-0.9397430071941312,-0.08307629041989296,0.05276858737885127,172.93203534712507,-8.834318659294677,142.12968093621006,-0.004795815718630019,-0.011617958698825455,-0.1856299031165381,-2.642303819580078,-0.48944990957260137,-5.736792278118133
2026-09-11T17:39:03.171,3.47592294399999,-31.638608932495117,-2847.4748039245605,-11389.899215698242,-21.672447118759155,-12.030713605880738,-5.430948257446289,-3.720199556350708,-8.321849401285576,0.5075902154166728,0.0,-0.053470611572265625,-438.03125,-19.249420166015625,-0.1678466945886612,-60.42481005191803,164.35781213563592,1,1789162743.0742195,38.99142796666667,-76.93662402,-9.748000000000001,0,1,8.614225000000001,6.937956,63.776196,1,1,1789162743.1615913,-0.32451765742102023,-0.9410327556181046,-0.08103161850294349,0.05078897201719168,173.05725600289205,-8.521501729911485,142.46409435087605,0.08576757383810374,0.036360095240947465,-0.2009905458633402,-0.4443393188285828,-0.1434712918663025,-11.080239818248748
2026-09-11T17:39:03.204,3.509344607999992,-31.818838119506836,-2863.6954307556152,-11454.781723022461,-21.795904111862185,-12.154170598983766,-5.378437042236328,-3.684229373931885,-8.241386394801093,1.0762534869245464,0.0,-0.052539825439453125,-430.40625,-18.914337158203125,0.1068115308880806,38.452151119709015,2958.4691286352595,1,1789162743.0742195,38.99142796666667,-76.93662402,-9.748000000000001,0,1,8.614225000000001,6.937956,63.776196,1,1,1789162743.2015913,-0.32133315484327135,-0.9417794378911766,-0.08219820564171237,0.0551357320902929,173.05686366605073,-9.014093798633533,142.8688970467225,0.07284777405021572,0.13401196502173102,-0.1321978697972081,4.039653401126862,-0.8519036995506287,-7.231521895771027
2026-09-11T17:39:03.238,3.5427656960000036,-32.0000114440918,-2880.0010299682617,-11520.004119873047,-21.92000783920288,-12.278274326324464,-5.404671669006348,-3.7022000932693486,-8.28158574908139,-0.537705993816158,0.0,-0.04944801330566406,-405.078125,-17.801284790039062,0.2288818508386612,82.39746630191803,1314.8978029139564,1,1789162743.0742195,38.99142796666667,-76.93662402,-9.748000000000001,0,1,8.614225000000001,6.937956,63.776196,1,1,1789162743.2295914,-0.31915169888252093,-0.9423837805705084,-0.08351025863394339,0.055507115948572015,172.90487721856226,-9.086354036062835,143.14568932963826,0.00590043460221723,0.13917709241008303,-0.15385059903037496,-0.08188552885055542,1.108936000289917,-10.831935436153412
2026-09-11T17:39:03.271,3.576187648000001,-32.182044982910156,-2896.384048461914,-11585.536193847656,-22.04470081329346,-12.40296730041504,-5.4835124015808105,-3.7562059950828557,-8.40239351083315,-1.6158811374485509,0.0,-0.03956794738769531,-324.140625,-14.244461059570312,0.3509521782398224,126.34278416633606,1314.8638913855518,1,1789162743.0742195,38.99142796666667,-76.93662402,-9.748000000000001,0,1,8.614225000000001,6.937956,63.776196,1,1,1789162743.2615914,-0.3170831826197201,-0.9430173549080776,-0.08555450890750758,0.053450441041372386,172.58686506444735,-8.920576439651132,143.40932207468092,-0.18894323616852413,0.010089050274078422,-0.08678318092983925,-0.23261374183654787,0.31302827316284176,-5.489370494537354
2026-09-11T17:39:03.305,3.609616447999997,-32.36387252807617,-2912.7485275268555,-11650.994110107422,-22.16925268173218,-12.527519168853761,-5.458460330963135,-3.7390453267097477,-8.364006188953434,0.513349817316511,0.0,-0.03616523742675781,-296.265625,-13.019485473632812,0.0,0.0,-3779.4591539735757,1,1789162743.0742195,38.99142796666667,-76.93662402,-9.748000000000001,0,1,8.614225000000001,6.937956,63.776196,1,1,1789162743.3015914,-0.31496679901013963,-0.9436403402756249,-0.08525889513654694,0.05540527525339662,172.6682439002108,-9.106654548614916,143.66888515220955,0.023110079158582115,0.09725986883078562,-0.08472857933439153,2.7052625136184694,-0.45591116601943965,-12.436891801624299
2026-09-11T17:39:03.338,3.6430399040000054,-32.542240142822266,-2928.801612854004,-11715.206451416016,-22.291434497833254,-12.649700984954835,-5.354944229125977,-3.6681367969512944,-8.20538832532053,2.121519981609187,0.0,-0.03482246398925781,-285.265625,-12.536087036132812,0.0,0.0,0.0,1,1789162743.0742195,38.99142796666667,-76.93662402,-9.748000000000001,0,1,8.614225000000001,6.937956,63.776196,1,1,1789162743.3295913,-0.31399095987920334,-0.944101653269902,-0.08371394462756795,0.055441147914404125,172.83046247938026,-9.047602496100211,143.77562298380093,0.040380635705841605,0.0010485938145981932,-0.07143615175120271,-4.227843017730713,1.0643157420539857,-8.078914536247254
2026-09-11T17:39:03.371,3.6764604159999976,-32.721412658691406,-2944.9271392822266,-11779.708557128906,-22.414167671203614,-12.772434158325197,-5.356173515319824,-3.66897885799408,-8.207271962227264,-0.025195934843418893,0.0,-0.03399085998535156,-278.453125,-12.236709594726562,-0.030517578125,-10.986328125,-328.7300962056646,1,1789162743.0742195,38.99142796666667,-76.93662402,-9.748000000000001,0,1,8.614225000000001,6.937956,63.776196,1,1,1789162743.3615913,-0.31342638405801626,-0.9441875564059163,-0.08388224406569476,0.056899290285947285,172.85758375783058,-9.20858068417487,143.8484091958746,0.022380706064173684,0.04072411650263409,-0.05562364326105928,-1.616037880153656,1.5799494075584413,-13.02980187040329
2026-09-11T17:39:03.405,3.7098817920000045,-32.899742126464844,-2960.976791381836,-11843.907165527344,-22.53632335662842,-12.894589843750001,-5.331524848937988,-3.6520945215225225,-8.169502777206779,0.5051957307668588,0.0,-0.029973983764648438,-245.546875,-10.790634155273438,0.04577639698982239,16.47950291633606,821.8043159363172,1,1789162743.0742195,38.99142796666667,-76.93662402,-9.748000000000001,0,1,8.614225000000001,6.937956,63.776196,1,1,1789162743.4015913,-0.31326177980271097,-0.9442965845928076,-0.08401197970916668,0.05579430890819357,172.8029693016239,-9.091305938248814,143.8673520975028,-0.18319447067830522,-0.10662286213603439,-0.03310296179087565,-6.620665657196046,-5.484172969951629,-10.670321841487885
2026-09-11T17:39:03.438,3.7433031680000113,-33.07959747314453,-2977.163772583008,-11908.655090332031,-22.659524269104004,-13.017790756225587,-5.359498023986816,-3.6712561464309696,-8.212366111379218,-0.5733344105414235,0.0,-0.026556015014648438,-217.546875,-9.560165405273438,0.12207034230232239,43.94532322883606,821.8039949191316,1,1789162743.0742195,38.99142796666667,-76.93662402,-9.748000000000001,0,1,8.614225000000001,6.937956,63.776196,1,1,1789162743.4295914,-0.3132861194918998,-0.9442528576333307,-0.08446273331876669,0.05571709670575715,172.7507790814759,-9.099187185059277,143.86777344786364,0.06486498711744405,-0.052340329872207554,0.005392892855737279,6.113073444824219,-2.226697985725403,-7.4608994430542
2026-09-11T17:39:03.472,3.776727168000008,-33.25762176513672,-2993.1859588623047,-11972.743835449219,-22.781470909118653,-13.139737396240236,-5.360474109649658,-3.671924765110016,-8.213861768767922,-0.020004149085878338,0.0,-0.023105621337890625,-189.28125,-8.318023681640625,0.2288818657398224,82.39747166633606,1150.4352691929137,1,1789162743.0742195,38.99142796666667,-76.93662402,-9.748000000000001,0,1,8.614225000000001,6.937956,63.776196,1,1,1789162743.4695914,-0.3129794697765823,-0.9445608249527392,-0.08397284112799014,0.052889142703047703,172.7029429824953,-8.77053306419579,143.89519646540933,0.10031908194368128,0.019526220072536963,0.02218854531352911,-3.768891790161133,-4.524886451129913,-2.4515644739341735
2026-09-11T17:39:03.505,3.8101488000000074,-33.436317443847656,-3009.268569946289,-12037.074279785156,-22.903877449035647,-13.262143936157228,-5.335660457611084,-3.654927413463593,-8.175839776001228,0.5085733589078842,0.0,-0.01873016357421875,-153.4375,-6.74285888671875,-0.1525879055261612,-54.93164598941803,-4108.988982218336,1,1789162743.0742195,38.99142796666667,-76.93662402,-9.748000000000001,0,1,8.614225000000001,6.937956,63.776196,1,1,1789162743.5015914,-0.3135591017176352,-0.9445403570361833,-0.08282884278645476,0.05160994538502806,172.78954677758875,-8.594407204876562,143.8132742858902,-0.06433580328823937,-0.08719822022596349,0.041828386320370906,-4.534496968288422,-1.7743172137641907,-8.375565703639984
2026-09-11T17:39:03.538,3.843573952000014,-33.61079025268555,-3024.971122741699,-12099.884490966797,-23.0233913230896,-13.381657810211182,-5.257705211639404,-3.6015280699729924,-8.056388846575224,1.5975796756463525,0.0,-0.018344879150390625,-150.28125,-6.604156494140625,-0.045776382088661194,-16.47949755191803,1150.3956193674867,1,1789162743.0742195,38.99142796666667,-76.93662402,-9.748000000000001,0,1,8.614225000000001,6.937956,63.776196,1,1,1789162743.5295913,-0.3139656606372086,-0.9445605607424866,-0.08096204417804687,0.0517306334099288,173.00310028053212,-8.543719486389383,143.75036177472106,0.10038505538940666,-0.06712501396585152,0.06499745760767042,1.7904001200294495,0.48229105495452884,-18.672548373470306
2026-09-11T17:39:03.572,3.8769972160000066,-33.78813934326172,-3040.9325408935547,-12163.730163574219,-23.14487545013428,-13.50314193725586,-5.309844493865967,-3.6372434782981875,-8.136281939643395,-1.0685793082687303,0.0,-0.01889801025390625,-154.8125,-6.80328369140625,-0.1220703199505806,-43.945315182209015,-821.7574929335788,1,1789162743.0742195,38.99142796666667,-76.93662402,-9.748000000000001,0,1,8.614225000000001,6.937956,63.776196,1,1,1789162743.5695913,-0.31458623054744284,-0.944535731805686,-0.07851535086290116,0.05218327865440895,173.294017895496,-8.509745926994597,143.6578671567362,-0.024043132176698286,-0.07902693773397645,0.03804643236422439,-2.089306816959381,1.1799361474609376,-13.969965421409606
2026-09-11T17:39:03.605,3.9104158080000104,-33.96538162231445,-3056.884346008301,-12227.537384033203,-23.266286411285403,-13.624552898406984,-5.284442901611328,-3.61984338760376,-8.097359045283993,0.5206709694539308,0.0,-0.022230148315429688,-182.109375,-8.002853393554688,-0.1068115383386612,-38.45215380191803,164.3744111149372,1,1789162743.0742195,38.99142796666667,-76.93662402,-9.748000000000001,0,1,8.614225000000001,6.937956,63.776196,1,1,1789162743.6015913,-0.3149508551401322,-0.9443570274595157,-0.07816124131754931,0.05372693821563529,173.39082921885196,-8.66800031119084,143.61350753272043,0.02320485053696541,-0.05985746296054713,-0.0030916762369827553,-6.2354604388427735,0.7082362746810914,-7.941131101474761
2026-09-11T17:39:03.639,3.9438390079999976,-34.14535903930664,-3073.0823135375977,-12292.32925415039,-23.38957094192505,-13.747837429046632,-5.363580703735352,-3.674052782058716,-8.218622007110577,-1.6219091665363194,0.0,-0.028125762939453125,-230.40625,-10.125274658203125,-0.1831054985523224,-65.91797947883606,-821.7593072156027,1,1789162743.0742195,38.99142796666667,-76.93662402,-9.748000000000001,0,1,8.614225000000001,6.937956,63.776196,1,1,1789162743.6295915,-0.31460096906049906,-0.9446807239456656,-0.07723469414214104,0.051374722310275914,173.4065357040765,-8.375595106000285,143.64536216916363,0.01100028667654466,-0.06101828144604856,-0.019627972767928232,-2.686335678806305,-0.6239971497917176,-13.859444474086763
2026-09-11T17:39:03.672,3.9772592959999997,-34.32081985473633,-3088.8737869262695,-12355.495147705078,-23.509761600494386,-13.868028087615969,-5.312437534332275,-3.639019711017609,-8.140255259076604,1.0482576045157035,0.0,-0.030170440673828125,-247.15625,-10.861358642578125,0.1068115308880806,38.452151119709015,3122.9572467639596,1,1789162743.0742195,38.99142796666667,-76.93662402,-9.748000000000001,0,1,8.614225000000001,6.937956,63.776196,1,1,1789162743.6695914,-0.31444779348808743,-0.9447663287431631,-0.07486900688120332,0.05416457377530633,173.76404666254413,-8.593925756661518,143.65089907476064,0.02267479404313473,0.0001736602605734358,0.016179202165987436,1.3750884856796266,-2.8638360467338564,-2.9088485709762573
2026-09-11T17:39:03.706,4.010674848000008,-34.4963493347168,-3104.6714401245117,-12418.685760498047,-23.629999294281006,-13.988265781402589,-5.261331081390381,-3.604011790752411,-8.061944771726036,1.0476535077196854,0.0,-0.03141212463378906,-257.328125,-11.308364868164062,0.0457763709127903,16.479493528604507,-657.5578219117604,1,1789162743.0742195,38.99142796666667,-76.93662402,-9.748000000000001,0,1,8.614225000000001,6.937956,63.776196,1,1,1789162743.7015913,-0.3134387922698096,-0.9448149957641724,-0.07585572336757572,0.05767717496524861,173.76995726796076,-9.006166933232109,143.78499759280788,0.05390414488199447,0.010855773414479531,-0.05576955278652601,2.9000225858306883,1.2274003342437743,-11.301870111904146
2026-09-11T17:39:03.739,4.044095200000015,-34.670318603515625,-3120.3286743164062,-12481.314697265625,-23.749168243408207,-14.107434730529786,-5.236294746398926,-3.5868619012832643,-8.02358156156778,0.513157056788117,0.0,-0.031696319580078125,-259.65625,-11.410675048828125,-0.015258795581758022,-5.493166409432888,-657.4634503560151,1,1789162743.0742195,38.99142796666667,-76.93662402,-9.748000000000001,0,1,8.614225000000001,6.937956,63.776196,1,1,1789162743.7295914,-0.3133044371819167,-0.9449379810672094,-0.07397800738180749,0.058820030623639295,174.01583549889065,-9.062851909129032,143.7876957953927,0.04906731392594258,-0.05360848610670663,-0.030178488096233955,-6.444832419795991,-1.415393817844391,-11.6616761063385
2026-09-11T17:39:03.773,4.07751574400001,-34.844642639160156,-3136.017837524414,-12544.071350097656,-23.86858020782471,-14.22684669494629,-5.185883045196533,-3.5523298859596255,-7.946335643252554,1.033257128419099,0.0,-0.0319061279296875,-261.375,-11.4862060546875,0.1220703199505806,43.945315182209015,1479.284166997687,1,1789162743.0742195,38.99142796666667,-76.93662402,-9.748000000000001,0,1,8.614225000000001,6.937956,63.776196,1,1,1789162743.7695913,-0.3124305585088537,-0.9453026386404612,-0.07231749536558409,0.05966780834986537,174.22025231365137,-9.090634536480522,143.8815441022448,0.05171794546094637,0.08515129807922454,-0.05593274107158748,-1.663502066936493,1.6148610821342468,-7.867483158760071
2026-09-11T17:39:03.806,4.110932256000012,-35.02001953125,-3151.8017578125,-12607.20703125,-23.98871337890625,-14.346979866027834,-5.21367073059082,-3.571364450454712,-7.988914751375063,-0.5696155390211093,0.0,-0.03247261047363281,-266.015625,-11.690139770507812,0.0457763709127903,16.479493528604507,-821.9236541983385,1,1789162743.0742195,38.99142796666667,-76.93662402,-9.748000000000001,0,1,8.614225000000001,6.937956,63.776196,1,1,1789162743.8015914,-0.31152005195328036,-0.9453152639218467,-0.07500687903355578,0.06089562484317164,173.9579747012465,-9.315072417840396,144.01435868995853,-0.033512590566318716,0.1340158047460854,-0.06480320246192346,7.539352644348145,2.9229701472091674,-4.474382202796936
2026-09-11T17:39:03.839,4.144357216000003,-35.19416809082031,-3167.475128173828,-12669.900512695312,-24.108005142211915,-14.466271629333498,-5.241035461425781,-3.5901092910766605,-8.030845765651074,-0.5608036814989027,0.0,-0.03145027160644531,-257.640625,-11.322097778320312,0.0762939602136612,27.46582567691803,328.6864710777984,1,1789162743.0742195,38.99142796666667,-76.93662402,-9.748000000000001,0,1,8.614225000000001,6.937956,63.776196,1,1,1789162743.8295913,-0.3112550351336941,-0.9453398383686936,-0.075170848569102,0.061662278764056264,173.9641063568718,-9.403035350352525,144.0483921096808,-0.009051626566692991,0.03675890297502817,0.00715934059168074,-1.738915206680298,0.15592573757171632,-14.923956349143982
2026-09-11T17:39:03.873,4.1777747840000075,-35.36671447753906,-3183.0043029785156,-12732.017211914062,-24.22619941711426,-14.584465904235842,-5.164093017578125,-3.5374037170410157,-7.912946754297181,1.5771816200280604,0.0,-0.03133201599121094,-256.671875,-11.279525756835938,0.015258789993822575,5.493164397776127,-657.5182634217731,1,1789162743.0742195,38.99142796666667,-76.93662402,-9.748000000000001,0,1,8.614225000000001,6.937956,63.776196,1,1,1789162743.8695915,-0.3106352544297703,-0.9454524835141296,-0.07541800467071975,0.06274922066291908,173.96861849444778,-9.526734584207686,144.12642394953716,0.014305242148121122,0.09345574919313876,-0.025734007156030393,-3.3850595028305053,-3.6979897094917296,-14.053125814781188
2026-09-11T17:39:03.906,4.211199552000011,-35.53820037841797,-3198.438034057617,-12793.752136230469,-24.34366725921631,-14.701933746337891,-5.138054847717285,-3.5195675706863407,-7.873048431206015,0.5336206478582967,0.0,-0.030120849609375,-246.75,-10.843505859375,-0.0457763709127903,-16.479493528604507,-657.3765276808648,1,1789162743.0742195,38.99142796666667,-76.93662402,-9.748000000000001,0,1,8.614225000000001,6.937956,63.776196,1,1,1789162743.9015913,-0.3103118142376262,-0.9453159101134817,-0.07612421994119502,0.0654943598275256,173.98316334956147,-9.850049166572038,144.17280285118548,-0.023895477321979566,0.1581512648402142,-0.022931706509028295,4.670907472038269,2.2615115937995913,-19.509545964775086
2026-09-11T17:39:03.940,4.244617599999998,-35.70932388305664,-3213.8391494750977,-12855.35659790039,-24.4608868598938,-14.819153347015382,-5.164548873901367,-3.537715978622437,-7.913645263561276,-0.5430720530445998,0.0,-0.030961990356445312,-253.640625,-11.146316528320312,-0.2288818508386612,-82.39746630191803,-1972.5261264014775,1,1789162743.0742195,38.99142796666667,-76.93662402,-9.748000000000001,0,1,8.614225000000001,6.937956,63.776196,1,1,1789162743.9295914,-0.3096925255255892,-0.9451601001969215,-0.07748306690105737,0.06898767261571988,173.94810624580685,-10.276615712580305,144.26074791593703,0.09372714789182389,0.14735640341662926,-0.03573736176383589,2.1913940451431273,2.419594794406891,-10.505079786262513
2026-09-11T17:39:03.973,4.278035071999994,-35.882362365722656,-3229.412612915039,-12917.650451660156,-24.579418220520022,-14.937684707641603,-5.165253639221191,-3.5381987428665163,-7.914725176419363,-0.014446462140508385,0.0,-0.030223846435546875,-247.59375,-10.880584716796875,-0.0762939527630806,-27.465822994709015,1643.8000847944109,1,1789162743.0742195,38.99142796666667,-76.93662402,-9.748000000000001,0,1,8.614225000000001,6.937956,63.776196,1,1,1789162743.9695914,-0.30951400698046677,-0.9448886028086343,-0.0787095751465571,0.07205144374328087,173.91702700342043,-10.654404869100482,144.2936002656265,0.030937880853776686,0.19554651486051947,-0.07309508720522331,-1.3740097541618348,3.2403133464431764,-5.216255287532807
2026-09-11T17:39:04.006,4.311456319999991,-36.0562629699707,-3245.0636672973633,-12980.254669189453,-24.698540134429933,-15.056806621551514,-5.218316078186035,-3.5745465135574346,-7.99603282381315,-1.087564733995643,0.0,-0.0311431884765625,-255.125,-11.2115478515625,0.0762939527630806,27.465822994709015,1643.614445200377,1,1789162743.0742195,38.99142796666667,-76.93662402,-9.748000000000001,0,1,8.614225000000001,6.937956,63.776196,1,1,1789162744.0015914,-0.3087552743776806,-0.9451316536638958,-0.0788268127820676,0.0719907728332867,173.89333155322996,-10.647018049770507,144.3872376903227,0.20722538555023953,0.013946402453911088,-0.006806958615703085,-6.989493769779205,-2.1980625672531127,-12.03629014251709
2026-09-11T17:39:04.040,4.344875935999994,-36.23200988769531,-3260.880889892578,-13043.523559570312,-24.81892677307129,-15.177193260192873,-5.245028495788574,-3.5928445196151735,-8.036964297635938,-0.547522929579355,0.0,-0.030605316162109375,-250.71875,-11.017913818359375,0.015258817933499813,5.493174456059933,-657.477588570943,1,1789162743.0742195,38.99142796666667,-76.93662402,-9.748000000000001,0,1,8.614225000000001,6.937956,63.776196,1,1,1789162744.0295913,-0.30822009940977113,-0.9451134666254372,-0.07918149572857504,0.07410260627849186,173.92113183260574,-10.887511135230183,144.45551235945052,0.15154083029828566,0.11784410749588153,-0.004877148061772955,9.502938206233978,0.18524762155532837,-12.035799810009001
2026-09-11T17:39:04.074,4.378291520000005,-36.40626525878906,-3276.5638732910156,-13106.255493164062,-24.93829170227051,-15.29655818939209,-5.219679832458496,-3.57548068523407,-7.998122506339626,0.5196328270395556,0.0,-0.030107498168945312,-246.640625,-10.838699340820312,-0.1373291164636612,-49.43848192691803,-1643.8933517654596,1,1789162744.0723798,38.991445365,-76.936619425,-9.823000000000004,0,1,8.614225000000001,6.932689,63.792169,1,1,1789162744.0695913,-0.30726577770061614,-0.944984471120571,-0.08125829985829375,0.07738979195701316,173.79312757279277,-11.314838191819774,144.59114966115573,0.11676863561080263,0.05670731819362256,0.006443231999587466,9.49597548461914,0.6669502775001526,-15.65141365814209
2026-09-11T17:39:04.107,4.41172774399999,-36.58115005493164,-3292.3035049438477,-13169.21401977539,-25.058087787628175,-15.416354274749757,-5.221137046813965,-3.5764788770675664,-8.000355397878405,-0.02985360528439776,0.0,-0.0302581787109375,-247.875,-10.8929443359375,0.030517593026161194,10.98633348941803,1807.1662462951415,1,1789162744.0723798,38.991445365,-76.936619425,-9.823000000000004,0,1,8.614225000000001,6.932689,63.792169,1,1,1789162744.1015913,-0.30677650207094703,-0.9454259332209335,-0.07931272456334515,0.07594388910755016,173.9533465491047,-11.084775029216475,144.6323467547652,0.2663609803321618,0.09225217014096349,-0.0016610298491230035,-0.6797969892120362,1.3118355921363831,-5.346389535179138
2026-09-11T17:39:04.140,4.445145311999994,-36.75890350341797,-3308.301315307617,-13233.205261230469,-25.17984889984131,-15.538115386962891,-5.2491374015808105,-3.5956591200828556,-8.043260379569729,-0.5739568784684355,0.0,-0.030879974365234375,-252.96875,-11.116790771484375,0.0457763709127903,16.479493528604507,164.37940783679278,1,1789162744.0723798,38.991445365,-76.936619425,-9.823000000000004,0,1,8.614225000000001,6.932689,63.792169,1,1,1789162744.1295915,-0.3071218288389989,-0.9454740502949774,-0.07868918430081884,0.07458562021912093,173.9796780600921,-10.916129485353817,144.58468341887732,-0.13575903960297733,-0.07621416511146238,0.00588525023772488,3.4261493670082093,-3.4763594158363347,3.6492506581878663
2026-09-11T17:39:04.174,4.478567808000008,-36.935035705566406,-3324.1532135009766,-13296.612854003906,-25.30049945831299,-15.658765945434572,-5.3028364181518555,-3.632442946434021,-8.125543455695277,-1.1005708954576534,0.0,-0.03134727478027344,-256.796875,-11.285018920898438,-0.1678466945886612,-60.42481005191803,-2300.974277339723,1,1789162744.0723798,38.991445365,-76.936619425,-9.823000000000004,0,1,8.614225000000001,6.932689,63.792169,1,1,1789162744.1695914,-0.30611754781618156,-0.9453531525694305,-0.08111861056100028,0.07758372810518523,173.80146957116352,-11.323697213319395,144.72987694521964,-0.3340528772390611,0.021275738114736074,-0.047781529865998366,2.587876911182404,-1.2910454937934874,-9.013194097156525
2026-09-11T17:39:04.207,4.511994304000012,-37.107704162597656,-3339.693374633789,-13358.773498535156,-25.418777351379397,-15.777043838500978,-5.199601173400879,-3.561726803779602,-7.967355949757512,2.1155715111272864,0.0,-0.03191375732421875,-261.4375,-11.48895263671875,-0.10681158304214478,-38.45216989517212,657.3420126579583,1,1789162744.0723798,38.991445365,-76.936619425,-9.823000000000004,0,1,8.614225000000001,6.932689,63.792169,1,1,1789162744.2015913,-0.3060324668997507,-0.945454959800847,-0.0798286381869972,0.07801561841350362,173.95857077599644,-11.325398368027273,144.72729865470674,-0.12494724848564806,0.07894647805545951,0.0033183945068168187,-2.1987490327644346,-4.1888125500869755,-19.111199835205078
2026-09-11T17:39:04.240,4.545414464000004,-37.28081130981445,-3355.273017883301,-13421.092071533203,-25.537355747222904,-15.895622234344483,-5.149095058441162,-3.5271301150321963,-7.88996536111353,1.0352041626196482,0.0,-0.028646469116210938,-234.671875,-10.312728881835938,0.030517585575580597,10.986330807209015,1479.3017359101134,1,1789162744.0723798,38.991445365,-76.936619425,-9.823000000000004,0,1,8.614225000000001,6.932689,63.792169,1,1,1789162744.2295914,-0.30540229045994494,-0.945556663863645,-0.08039887016855594,0.078664210925255,173.90988227626482,-11.412484699016666,144.80957242159744,-0.007355864665455301,0.09450713553454015,-0.04753840550119555,-1.0351899910736084,-1.5279741617012024,-13.351656128711701
2026-09-11T17:39:04.274,4.578829055999989,-37.45062255859375,-3370.5560302734375,-13482.22412109375,-25.65367645263672,-16.011942939758303,-5.096811771392822,-3.4913160634040836,-7.809851609261095,1.0718087363786513,0.0,-0.021535873413085938,-176.421875,-7.7529144287109375,0.1831054985523224,65.91797947883606,1643.9419242841818,1,1789162744.0723798,38.991445365,-76.936619425,-9.823000000000004,0,1,8.614225000000001,6.932689,63.792169,1,1,1789162744.2695913,-0.30584572316395003,-0.9456708293486178,-0.07765721429948934,0.0783226225854388,174.20801453285574,-11.28194316728791,144.72842854644946,0.05137481373000429,-0.05182667947334562,-0.008097455064627692,-6.407272949676514,-1.7194980393600463,-10.035047044010163
2026-09-11T17:39:04.307,4.612253664000008,-37.622379302978516,-3386.0141372680664,-13544.056549072266,-25.771329822540284,-16.129596309661867,-5.1234917640686035,-3.509591858386994,-7.850733398324512,-0.5467766438098577,0.0,-0.016511917114257812,-135.265625,-5.9442901611328125,0.0,0.0,-1972.1391939375824,1,1789162744.0723798,38.991445365,-76.936619425,-9.823000000000004,0,1,8.614225000000001,6.932689,63.792169,1,1,1789162744.3015914,-0.3059206122820298,-0.9453837143765553,-0.0800323586972722,0.07910141044208473,173.97194540042406,-11.450979415496835,144.7423889851544,-0.018435563822965705,0.054909105465292804,0.05443908829773073,3.0042672770500185,1.392936588973999,-9.40899049768448
2026-09-11T17:39:04.341,4.645702080000007,-37.79404067993164,-3401.4636611938477,-13605.85464477539,-25.888917865753175,-16.247184352874758,-5.124181270599365,-3.5100641703605655,-7.8517899301193665,-0.014120608090131607,0.0,-0.008447647094726562,-69.203125,-3.0411529541015625,0.3509521782398224,126.34278416633606,3777.2426702161483,1,1789162744.0723798,38.991445365,-76.936619425,-9.823000000000004,0,1,8.614225000000001,6.932689,63.792169,1,1,1789162744.3295913,-0.3068811737661389,-0.9451329377802273,-0.07964422282817707,0.07876847644159095,174.01528683630477,-11.406934923565922,144.6214138724994,-0.06671416345993204,0.06398027971960814,0.08000955810284925,2.4739236363029478,1.4785486448860168,-7.798248208618165
2026-09-11T17:39:04.374,4.679121503999994,-37.96676254272461,-3417.008628845215,-13668.03451538086,-26.00723234176636,-16.36549882888794,-5.151702880859375,-3.528916473388672,-7.893961330951745,-0.5641121471188003,0.0,0.00030326846172101796,2.484375238418579,0.10917664621956646,0.2441406548023224,87.89063572883606,-1150.592794104245,1,1789162744.0723798,38.991445365,-76.936619425,-9.823000000000004,0,1,8.614225000000001,6.932689,63.792169,1,1,1789162744.3695915,-0.3086120456280216,-0.9443622809545693,-0.08161595673171135,0.07922956020538167,173.83348348477978,-11.538020462288616,144.42942266161742,-0.009965480963037223,0.06800972136368744,0.14501329889582687,4.663552484416962,-2.4690203112220765,-11.139864251232147
2026-09-11T17:39:04.408,4.712551103999999,-38.13761901855469,-3432.385711669922,-13729.542846679688,-26.124269027709964,-16.482535514831543,-5.127578258514404,-3.512391107082367,-7.856995139321678,0.49433335446138793,0.0,0.008064270950853825,66.06250762939453,2.903137542307377,0.4119873642921448,148.31545114517212,1807.524332218355,1,1789162744.0723798,38.991445365,-76.936619425,-9.823000000000004,0,1,8.614225000000001,6.932689,63.792169,1,1,1789162744.4015913,-0.31016455656952824,-0.94388938048822,-0.08281696929005705,0.07753795746085823,173.66038182018107,-11.40531574395482,144.25239425077527,-0.011336611623403969,-0.0015378096039322037,0.11747479582615954,-5.307162934532165,0.805420177783966,-6.577418329982758
2026-09-11T17:39:04.441,4.745967776000015,-38.30998992919922,-3447.8990936279297,-13791.596374511719,-26.24234310150147,-16.600609588623048,-5.154570579528809,-3.5308808469772344,-7.898355509523153,-0.5533088362257846,0.0,0.016979219391942024,139.09376525878906,6.112518981099129,0.3356934189796448,120.84963083267212,-821.9196786707917,1,1789162744.0723798,38.991445365,-76.936619425,-9.823000000000004,0,1,8.614225000000001,6.932689,63.792169,1,1,1789162744.4295914,-0.3128830837871152,-0.9430086232739759,-0.08182591847834485,0.0783800445008854,173.8329994218534,-11.480242228246425,143.909600408367,0.0024617869099380018,0.1271238485958102,0.2089583229645447,0.3650035190200806,-0.7569753259849548,-9.164412642650603
2026-09-11T17:39:04.475,4.77938454400001,-38.482261657714844,-3463.403549194336,-13853.614196777344,-26.36034923553467,-16.718615722656253,-5.1555562019348145,-3.531555998325348,-7.899865780076379,-0.020203969100599455,0.0,0.0341339148581028,279.6250305175781,12.288209348917007,0.6866455674171448,247.19240427017212,3780.819660283087,1,1789162744.0723798,38.991445365,-76.936619425,-9.823000000000004,0,1,8.614225000000001,6.932689,63.792169,1,1,1789162744.4695914,-0.3171254072291004,-0.9414165327390603,-0.08252074455084106,0.07972900785860636,173.85639178933826,-11.680572900688581,143.39579858971283,-0.06529939956826544,0.12800332000589013,0.19775453089721753,3.1179263524246217,-1.0093004346466063,-5.610776823539734
2026-09-11T17:39:04.508,4.81280422399999,-38.65957260131836,-3479.3615341186523,-13917.44613647461,-26.48180723190308,-16.84007371902466,-5.261369228363037,-3.604037921428681,-8.062003224384119,-2.1688395311797013,0.0,0.038732532411813736,317.2969055175781,13.943711668252945,0.3967285454273224,142.82227635383606,-3123.0139820727763,1,1789162744.0723798,38.991445365,-76.936619425,-9.823000000000004,0,1,8.614225000000001,6.932689,63.792169,1,1,1789162744.5015914,-0.321209921115621,-0.9398425796196592,-0.08607298855152302,0.07817642069428958,173.45853847641067,-11.668098927925147,142.93133490187125,-0.17551135677810098,-0.056688992236476624,0.2812180955897635,-2.9360129919242857,-0.5480936775398254,-4.3710201100921635
2026-09-11T17:39:04.541,4.846223903999999,-38.8365364074707,-3495.2882766723633,-13981.153106689453,-26.603027439117433,-16.961293926239016,-5.314898490905762,-3.640705466270447,-8.144026186181199,-1.0971841993028337,0.0,0.04909515753388405,402.1875305175781,17.674256712198257,0.21362310647964478,76.90431833267212,-1972.4293596212458,1,1789162744.0723798,38.991445365,-76.936619425,-9.823000000000004,0,1,8.614225000000001,6.932689,63.792169,1,1,1789162744.5295913,-0.3255263024530891,-0.9380812796933117,-0.08832376598728332,0.07896234204988074,173.2926828688535,-11.867529100228362,142.42305007542478,-0.18213924461254943,0.1273666238947626,0.3390951334480727,1.603779567451477,0.3669648490524292,-6.546331248970032
2026-09-11T17:39:04.575,4.879641888000009,-39.01179885864258,-3511.061897277832,-14044.247589111328,-26.72308221817017,-17.08134870529175,-5.290232181549072,-3.623809044361115,-8.10622996680635,0.505608653990831,0.0,0.0633697584271431,519.1250610351562,22.813113033771515,0.6408692002296448,230.71291208267212,4602.569495214079,1,1789162744.0723798,38.991445365,-76.936619425,-9.823000000000004,0,1,8.614225000000001,6.932689,63.792169,1,1,1789162744.5695913,-0.33199822710814925,-0.935175627698643,-0.09275770355497892,0.08136172925092852,172.97557892132664,-12.343129503649234,141.66960236047007,-0.20850907521508139,0.21082076380934786,0.3634679583204727,0.5211253895950317,2.9284618712997434,2.641813487071991
2026-09-11T17:39:04.608,4.913062432000004,-39.18531036376953,-3526.677932739258,-14106.711730957031,-26.84193759918213,-17.200204086303714,-5.187654495239258,-3.553543329238892,-7.949050038562294,2.102470717479454,0.0,0.07940865308046341,650.5156860351562,28.587115108966827,0.2746582627296448,98.87697458267212,-3944.7573773790273,1,1789162744.0723798,38.991445365,-76.936619425,-9.823000000000004,0,1,8.614225000000001,6.932689,63.792169,1,1,1789162744.6015913,-0.33826142158579037,-0.93305866203557,-0.0914509540903248,0.08134781412626578,173.20265181608266,-12.337699953658904,140.88137884263526,0.006232396225946552,0.08462089251954347,0.40200029034845236,-1.5458222649955748,-5.254010890655517,-3.4599823100662235
2026-09-11T17:39:04.642,4.946522336000015,-39.3579216003418,-3542.2129440307617,-14168.851776123047,-26.960176296234135,-17.318442783355714,-5.108850955963135,-3.4995629048347476,-7.828299268152165,1.6132868882148015,0.0,0.09179497510194778,751.9844360351562,33.0461910367012,0.5035400986671448,181.27443552017212,2462.5731423937104,1,1789162744.0723798,38.991445365,-76.936619425,-9.823000000000004,0,1,8.614225000000001,6.932689,63.792169,1,1,1789162744.641627,-0.3475074116689132,-0.9298209826474277,-0.08917296131387512,0.08197391069272301,173.6011612583752,-12.381423277125876,139.70976681526233,-0.07479922668687058,-0.004073598474154765,0.5284061104899921,5.8533933485412595,-0.012258312702178956,-7.337335651016235
2026-09-11T17:39:04.675,4.979937664000005,-39.52936553955078,-3557.6428985595703,-14230.571594238281,-27.077615394592286,-17.43588188171387,-5.135429382324219,-3.51776912689209,-7.869025427013436,-0.5448464266862242,0.0,0.10809899121522903,885.5469360351562,38.91563683748245,0.3814697861671448,137.32912302017212,-1315.1243794468724,1,1789162744.0723798,38.991445365,-76.936619425,-9.823000000000004,0,1,8.614225000000001,6.932689,63.792169,1,1,1789162744.669627,-0.35434135315631105,-0.9273183242686658,-0.08934993294560464,0.08086730118857836,173.62958022737612,-12.315823605168434,138.8628978225792,-0.08055898775137707,-0.040958863287027324,0.5654721914133712,0.9140778615760803,0.09433997455596924,-8.943566881008147
2026-09-11T17:39:04.708,5.013351040000003,-39.70389175415039,-3573.350257873535,-14293.40103149414,-27.19716585159302,-17.555432338714603,-5.21382474899292,-3.5714699530601504,-7.9891507539820745,-1.6071655305965642,0.0,0.10992241650819778,900.4844360351562,39.5720699429512,0.0762939527630806,27.465822994709015,-3288.003583518998,1,1789162744.0723798,38.991445365,-76.936619425,-9.823000000000004,0,1,8.614225000000001,6.932689,63.792169,1,1,1789162744.701627,-0.36286356192363,-0.9241607959846728,-0.08942610406837058,0.07911909064331214,173.66409559119026,-12.188960767154075,137.80314803237613,-0.099969667027432,0.08134333871722332,0.5629803848402989,-3.7264289949607847,-3.0613419809913633,-7.644381867580414
2026-09-11T17:39:04.742,5.046769024000014,-39.8779296875,-3589.013671875,-14356.0546875,-27.316381835937502,-17.674648323059085,-5.214635372161865,-3.572025229930878,-7.990392872966343,-0.0166161091802356,0.0,0.11096001416444778,908.9844360351562,39.9456050992012,0.1525879055261612,54.93164598941803,821.8874901220993,1,1789162744.0723798,38.991445365,-76.936619425,-9.823000000000004,0,1,8.614225000000001,6.932689,63.792169,1,1,1789162744.741627,-0.37373304342027625,-0.9196418671281579,-0.09040285349233534,0.08006105520973976,173.74359457821288,-12.40544038104755,136.44798887461138,-0.006421066318087139,0.09210119916066596,0.6329223602188693,1.4639367361450195,-0.1484726834487915,-9.755263314895629
2026-09-11T17:39:04.775,5.080183231999996,-40.05062484741211,-3604.55623626709,-14418.22494506836,-27.434678020477296,-17.79294450759888,-5.189022064208984,-3.5544801139831548,-7.951145566354579,0.5250795095227898,0.0,0.11404610425233841,934.2656860351562,41.05659753084183,0.06103518605232239,21.97266697883606,-986.3761849629818,1,1789162744.0723798,38.991445365,-76.936619425,-9.823000000000004,0,1,8.614225000000001,6.932689,63.792169,1,1,1789162744.769627,-0.38198947873096717,-0.9164736030041875,-0.08846016894236766,0.07959253511514158,174.0461856993949,-12.325817544806792,135.3903665893021,-0.10488049994376845,-0.0009293878266869804,0.5878687799737381,-8.275832071495056,-4.319044864234924,-10.421232927379608
2026-09-11T17:39:04.808,5.113601727999992,-40.221954345703125,-3619.9758911132812,-14479.903564453125,-27.552038726806643,-17.910305213928225,-5.112857818603516,-3.5023076057434084,-7.834438989225583,1.5611866027649113,0.0,0.11976815015077591,981.1406860351562,43.11653405427933,0.2441406548023224,87.89063572883606,1972.4995628171914,1,1789162744.0723798,38.991445365,-76.936619425,-9.823000000000004,0,1,8.614225000000001,6.932689,63.792169,1,1,1789162744.801627,-0.39103266704327155,-0.9124643726018598,-0.08941115720186822,0.08067135182419528,174.11540828008273,-12.541390573840724,134.25249233085415,-0.048936763297893406,0.08974186307782003,0.6381014502412372,5.507316664333344,3.1137094928550724,-13.599960510807039
2026-09-11T17:39:04.842,5.1470194560000095,-40.39017105102539,-3635.115394592285,-14540.46157836914,-27.667267169952396,-18.025533657073975,-5.036604404449463,-3.4500740170478825,-7.7175957790083185,1.563050267675238,0.0,0.12838555872440338,1051.7344970703125,46.21880114078522,0.16784673929214478,60.42482614517212,-821.893384961702,1,1789162744.0723798,38.991445365,-76.936619425,-9.823000000000004,0,1,8.614225000000001,6.932689,63.792169,1,1,1789162744.8416271,-0.4028073437781001,-0.9072902212088284,-0.09050293310316183,0.07987438511182142,174.12637122007035,-12.582725126778294,132.76879098734454,-0.06616246488337664,-0.024922952652628626,0.6537101042747477,0.5308339732551575,2.6734889670944213,-10.471541042709351
2026-09-11T17:39:04.875,5.180437823999995,-40.56175231933594,-3650.5577087402344,-14602.230834960938,-27.784800338745118,-18.1430668258667,-5.116611957550049,-3.5048791909217836,-7.8401914614392,-1.6399715831103756,0.0,0.1341724544763565,1099.1407470703125,48.30208361148834,0.22888189554214478,82.39748239517212,657.5023726475707,1,1789162744.0723798,38.991445365,-76.936619425,-9.823000000000004,0,1,8.614225000000001,6.932689,63.792169,1,1,1789162744.869627,-0.41147275317681353,-0.9032698123897303,-0.0911651277086675,0.08051545757416288,174.20802456124676,-12.737127204772001,131.66496658382852,-0.010530967640683385,0.04059112241363212,0.7045192567941807,2.824315246582031,0.27674366756439206,-12.271649746398927
2026-09-11T17:39:04.909,5.213861056000013,-40.730552673339844,-3665.749740600586,-14662.998962402344,-27.900428581237794,-18.258695068359376,-5.065786361694336,-3.4700636577606203,-7.76231133178377,1.0416566884119467,0.0,0.14106370508670807,1155.5938720703125,50.782933831214905,0.2746582627296448,98.87697458267212,493.0550159688621,1,1789162744.0723798,38.991445365,-76.936619425,-9.823000000000004,0,1,8.614225000000001,6.932689,63.792169,1,1,1789162744.901627,-0.4216581438931122,-0.8984203922005966,-0.09262192359727084,0.08041385350723712,174.1945790187311,-12.861817079365256,130.3704977027,-0.12387020580424236,0.12064728080750962,0.7000077552107005,0.598205659866333,1.4318689901161195,-10.777704660758973
2026-09-11T17:39:04.943,5.247290432,-40.901885986328125,-3681.1697387695312,-14724.678955078125,-28.01779190063477,-18.37605838775635,-5.067106246948242,-3.470967779159546,-7.76433379375345,-0.027045715688087578,0.0,0.1482410579919815,1214.3907470703125,53.36678087711334,0.10681158304214478,38.45216989517212,-1807.5361229454047,1,1789162744.0723798,38.991445365,-76.936619425,-9.823000000000004,0,1,8.614225000000001,6.932689,63.792169,1,1,1789162744.941627,-0.43450618179810085,-0.891826802037336,-0.09543743264871928,0.08210377333908035,174.16944928963267,-13.260631387808756,128.7267864021921,-0.09855682299794259,0.14470123402557028,0.7283192646060761,7.297128385353088,4.513118470935821,-10.195778040161132
2026-09-11T17:39:04.976,5.280709024000004,-41.071990966796875,-3696.4791870117188,-14785.916748046875,-28.13431381225586,-18.492580299377444,-5.093087196350098,-3.488764729499817,-7.8041444378574925,-0.5325463843679894,0.0,0.15340997278690338,1256.7344970703125,55.22759020328522,0.12207037210464478,43.94533395767212,164.37449137591932,1,1789162744.0723798,38.991445365,-76.936619425,-9.823000000000004,0,1,8.614225000000001,6.932689,63.792169,1,1,1789162744.969627,-0.444435812074297,-0.8872007745517162,-0.09432248177350201,0.08034216833508048,174.34662682185615,-13.085207772663727,127.43250564143192,-0.1943165813366391,-0.04348418018173792,0.7675813187943147,-0.23781126642227174,-1.3875429313850403,-13.426382802944184
2026-09-11T17:39:05.009,5.314125824000001,-41.24087905883789,-3711.67911529541,-14846.71646118164,-28.250002155303957,-18.60826864242554,-5.066391944885254,-3.470478482246399,-7.7632392677308415,0.5472171857694109,0.0,0.15770532190799713,1291.9219970703125,56.77391588687897,0.3051758110523224,109.86329197883606,1972.5993518580024,1,1789162744.0723798,38.991445365,-76.936619425,-9.823000000000004,0,1,8.614225000000001,6.932689,63.792169,1,1,1789162745.001627,-0.45538109356540246,-0.8818778386384974,-0.09412848800349802,0.07784192371496118,174.40005475266534,-12.886639027169368,126.01137437797843,-0.1074808659963148,0.023378336264613647,0.7579361057490184,-5.421802674922943,1.3593978454208373,-8.945234011535645
2026-09-11T17:39:05.043,5.347544607999993,-41.41105270385742,-3726.994743347168,-14907.978973388672,-28.366571102142338,-18.724837589263917,-5.066826820373535,-3.4707763719558717,-7.76390562803299,-0.008913840475841648,0.0,0.1648712307214737,1350.6251220703125,59.35364305973053,0.2593994438648224,93.38379979133606,-493.12064099951334,1,1789162744.0723798,38.991445365,-76.936619425,-9.823000000000004,0,1,8.614225000000001,6.932689,63.792169,1,1,1789162745.041627,-0.46954865637851634,-0.8747480969743358,-0.09314545213502808,0.07525789579485632,174.57273775472248,-12.658293901402068,124.15024772257742,-0.2051409388245827,-0.01947682725470552,0.7829679669469713,-2.7740071312522887,-1.3480221312332152,-6.938793388442993
2026-09-11T17:39:05.076,5.381078848000016,-41.58241653442383,-3742.4174880981445,-14969.669952392578,-28.483955326080324,-18.842221813201906,-5.120307922363281,-3.507410926818848,-7.84585479334924,-1.0924522178809255,0.0,0.1750946193933487,1434.3751220703125,63.03406298160553,0.09155279397964478,32.95900583267212,-1801.8835064883726,1,1789162744.0723798,38.991445365,-76.936619425,-9.823000000000004,0,1,8.614225000000001,6.932689,63.792169,1,1,1789162745.069627,-0.479431037134337,-0.8691203416867269,-0.09546454791058466,0.07524780655187706,174.47984670088172,-12.846282485481625,122.85720762518005,-0.047722537737280954,0.10618164290113022,0.860252717021607,0.9028982803916931,2.4381293632125853,-10.40858234867096
2026-09-11T17:39:05.110,5.414501184000017,-41.75452423095703,-3757.907180786133,-15031.628723144531,-28.60184909820557,-18.96011558532715,-5.121346950531006,-3.5081226611137395,-7.847446897623782,-0.021295169041788187,0.0,0.17715837061405182,1451.2813720703125,63.777013421058655,0.1220703199505806,43.945315182209015,328.71159423256853,1,1789162745.0776465,38.99145995833333,-76.936611615,-9.887000000000004,0,1,8.614225000000001,6.932689,63.808144000000006,1,1,1789162745.101627,-0.49052752802244776,-0.8629820450728984,-0.09560622824348204,0.07419018300987991,174.57255795666345,-12.817396325198636,121.38141361030902,-0.0013990559283986546,0.0277626033456234,0.7939501021992953,-2.683785949764252,3.5665805973243714,-11.302752710418702
2026-09-11T17:39:05.143,5.447927808000003,-41.92523956298828,-3773.2715606689453,-15093.086242675781,-28.718789100646976,-19.077055587768555,-5.174212455749512,-3.544335532188416,-7.928452783170212,-1.0833541273773606,0.0,0.18082620203495026,1481.3282470703125,65.09743273258209,0.030517593026161194,10.98633348941803,-986.0098851982327,1,1789162745.0776465,38.99145995833333,-76.936611615,-9.887000000000004,0,1,8.614225000000001,6.932689,63.808144000000006,1,1,1789162745.141627,-0.5054212566302042,-0.8541911812433339,-0.09702418385916128,0.07411536263776226,174.65117278259382,-12.984858354043311,119.38390082471483,-0.12449503367645633,-0.01076030390439544,0.8921082919960824,10.283645625610351,1.7449953297805785,-9.641604239521026
2026-09-11T17:39:05.176,5.4813466559999995,-42.0983772277832,-3788.8539505004883,-15155.415802001953,-28.837388401031497,-19.19565488815308,-5.1494669914245605,-3.527384889125824,-7.890535274529841,0.5072180543923405,0.0,0.184724822640419,1513.2657470703125,66.50093615055084,0.061035171151161194,21.97266161441803,328.74646442035083,1,1789162745.0776465,38.99145995833333,-76.936611615,-9.887000000000004,0,1,8.614225000000001,6.932689,63.808144000000006,1,1,1789162745.169627,-0.5162359569229417,-0.8476894451630566,-0.09785559617833117,0.07312539665251458,174.67634862159215,-13.003372613166963,117.92499573920126,-0.11894837731361835,0.05342784452912521,0.8936947962861452,0.7079420751762391,-0.49602036518096926,-6.421590658912658
2026-09-11T17:39:05.209,5.514763775999995,-42.27206802368164,-3804.4861221313477,-15217.94448852539,-28.956366596221926,-19.31463308334351,-5.203218936920166,-3.564204971790314,-7.972899453718482,-1.1018329127254138,0.0,0.1887378841638565,1546.1407470703125,67.94563829898834,0.2746582329273224,98.87696385383606,2301.3444078791895,1,1789162745.0776465,38.99145995833333,-76.936611615,-9.887000000000004,0,1,8.614225000000001,6.932689,63.808144000000006,1,1,1789162745.201627,-0.5283346660793695,-0.8398457161368678,-0.10187453921292972,0.071716329838511,174.3806549357901,-13.185766553143276,116.30319107988217,-0.1933849245819245,-0.022491359938750125,0.9393030421675603,2.950330701160431,0.8492559040069579,-5.425921467990875
2026-09-11T17:39:05.243,5.548182271999991,-42.44707107543945,-3820.236396789551,-15280.945587158203,-29.076243686676026,-19.43451017379761,-5.256648063659668,-3.6008039236068727,-8.054768977288091,-1.095170525225404,0.0,0.19876481592655182,1628.2813720703125,71.55533373355865,0.2136230766773224,76.90430760383606,-657.4998542723972,1,1789162745.0776465,38.99145995833333,-76.936611615,-9.887000000000004,0,1,8.614225000000001,6.932689,63.808144000000006,1,1,1789162745.241627,-0.5437845454604179,-0.8300186447273408,-0.1032727810945919,0.06857222621720437,174.29332135000698,-13.070437231000604,114.19286585522094,-0.2584213030319144,-0.1775095842387093,0.8947116251083571,-1.881405833530426,3.9187374046325685,-5.589300259685516
2026-09-11T17:39:05.277,5.58160492799999,-42.623783111572266,-3836.140480041504,-15344.561920166016,-29.197291431427004,-19.555557918548587,-5.258153915405273,-3.6018354320526127,-8.057076395965929,-0.030862551609901635,0.0,0.205415740609169,1682.7657470703125,73.94966661930084,0.3509521782398224,126.34278416633606,1479.1905395699673,1,1789162745.0776465,38.99145995833333,-76.936611615,-9.887000000000004,0,1,8.614225000000001,6.932689,63.808144000000006,1,1,1789162745.269627,-0.5554542524017319,-0.8227666265859199,-0.10071983772217306,0.06619037660021238,174.57516048180304,-12.756553305118441,112.55985567984176,0.006511823439190843,-0.14691448605002427,0.9986393498134619,-2.9338555288887025,-0.8560224926185609,-9.620421875171662
2026-09-11T17:39:05.310,5.615031968000011,-42.799217224121094,-3851.9295501708984,-15407.718200683594,-29.31746379852295,-19.675730285644534,-5.285576343536377,-3.6206197953224186,-8.09909581988729,-0.5619511410461195,0.0,0.2106170803308487,1725.3751220703125,75.82214891910553,0.06103518605232239,21.97266697883606,-3122.3260326799887,1,1789162745.0776465,38.99145995833333,-76.936611615,-9.887000000000004,0,1,8.614225000000001,6.932689,63.808144000000006,1,1,1789162745.301627,-0.5681327817076014,-0.8139529034514064,-0.10272662467423312,0.06444419209865196,174.46803580907962,-12.805012103447426,110.79174977929446,0.007548199949025076,-0.07309246921134534,0.9494809297005652,3.8805895355033875,4.5891200096893305,-6.514949968452454
2026-09-11T17:39:05.344,5.648451007999995,-42.979488372802734,-3868.153953552246,-15472.615814208984,-29.440949535369874,-19.799216022491457,-5.363856315612793,-3.6742415761947633,-8.219044327565227,-1.6045278641268645,0.0,0.2115650326013565,1733.1407470703125,76.16341173648834,0.0457763709127903,16.479493528604507,-164.3725687582339,1,1789162745.0776465,38.99145995833333,-76.936611615,-9.887000000000004,0,1,8.614225000000001,6.932689,63.808144000000006,1,1,1789162745.337627,-0.5830869303515259,-0.8036111929690313,-0.1015986337967449,0.06242114864979779,174.6784520003853,-12.638933190217362,108.6617228909094,-0.041509165600181135,-0.2630961674333812,1.0627491329635679,0.943988144569397,0.7325567670822144,-12.305188489952087
2026-09-11T17:39:05.377,5.681861216000016,-43.16048812866211,-3884.44393157959,-15537.77572631836,-29.564934368133546,-19.92320085525513,-5.415948867797852,-3.709924974441529,-8.298865816127247,-1.0680387936149145,0.0,0.21197129786014557,1736.4688720703125,76.3096672296524,-0.2288818508386612,-82.39746630191803,-2959.483515650704,1,1789162745.0776465,38.99145995833333,-76.936611615,-9.887000000000004,0,1,8.614225000000001,6.932689,63.808144000000006,1,1,1789162745.369627,-0.5970575391289622,-0.7938397339343548,-0.09838164652043876,0.060513002108873,175.0710045410298,-12.330722645547546,106.63813479604136,-0.02988317838679651,-0.2825115590984166,1.0482770373389563,-2.476375298843384,4.715723863277436,-9.091745364952088
2026-09-11T17:39:05.410,5.715279712000012,-43.3438835144043,-3900.9495162963867,-15603.798065185547,-29.690560207366946,-20.048826694488525,-5.46839714050293,-3.745852041244507,-8.379232375725893,-1.0750653411506819,0.0,0.21113397181034088,1729.6094970703125,76.00822985172272,0.0,0.0,2465.624614043915,1,1789162745.0776465,38.99145995833333,-76.936611615,-9.887000000000004,0,1,8.614225000000001,6.932689,63.808144000000006,1,1,1789162745.401627,-0.6110253319059717,-0.7837355101431535,-0.09605995739869488,0.05638420429880046,175.21294421406782,-11.874621204396336,104.61588847654497,-0.11311758134855569,-0.21393076600347655,1.0796582318227395,-0.2045667223739624,0.20652805240631103,-10.210978347911835
2026-09-11T17:39:05.444,5.748701791999991,-43.52883529663086,-3917.5951766967773,-15670.38070678711,-29.817252178192142,-20.17551866531372,-5.495728492736816,-3.7645740175247195,-8.421112243926082,-0.5601678973966834,0.0,0.2117004543542862,1734.2501220703125,76.21216356754303,0.0,0.0,0.0,1,1789162745.0776465,38.99145995833333,-76.936611615,-9.887000000000004,0,1,8.614225000000001,6.932689,63.808144000000006,1,1,1789162745.441627,-0.6292931390560251,-0.7692562791653967,-0.09696029100527202,0.05323179566571791,175.18482141982267,-11.76690911567459,101.92644791635041,-0.2446668867957227,-0.29364728332491596,1.1737264170504031,2.8037212812423706,1.190723462638855,-9.328968232364653
2026-09-11T17:39:05.477,5.782118464000007,-43.71305465698242,-3934.174919128418,-15736.699676513672,-29.94344244003296,-20.301708927154543,-5.522747039794922,-3.7830817222595217,-8.462512800329987,-0.5538464373350381,0.0,0.21151544153690338,1732.7344970703125,76.14555895328522,0.0,0.0,0.0,1,1789162745.0776465,38.99145995833333,-76.936611615,-9.887000000000004,0,1,8.614225000000001,6.932689,63.808144000000006,1,1,1789162745.469627,-0.6423958235963467,-0.759107462959778,-0.09305839257884699,0.04923008303244923,175.43739753576966,-11.203980025007665,99.96852438076318,-0.15587273750173558,-0.40221182425379404,1.174683032013421,-0.027850886459350587,-3.1181224854278566,-12.364616789932251
2026-09-11T17:39:05.511,5.815531456000002,-43.89482879638672,-3950.5345916748047,-15802.138366699219,-30.067957725524906,-20.426224212646485,-5.446339130401611,-3.730742304325104,-8.345432856847486,1.5664391244706575,0.0,0.21085359156131744,1727.3126220703125,75.90729296207428,-0.1068115308880806,-38.452151119709015,-1150.8143634582163,1,1789162745.0776465,38.99145995833333,-76.936611615,-9.887000000000004,0,1,8.614225000000001,6.932689,63.808144000000006,1,1,1789162745.501627,-0.6567909486853808,-0.7473663890798274,-0.08961728476848,0.04514280085974577,175.64308345057236,-10.672563748465121,97.78868031990297,-0.16509121754491923,-0.2646751668076605,1.1488715322386023,-1.9918287143516542,0.14278482635498047,-12.887801576061248
2026-09-11T17:39:05.544,5.848961824000014,-44.076446533203125,-3966.8801879882812,-15867.520751953125,-30.192365875244143,-20.550632362365725,-5.447453022003174,-3.7315053200721744,-8.347139674463516,-0.02282403074564159,0.0,0.2043018490076065,1673.6407470703125,73.54866564273834,-0.1373291313648224,-49.43848729133606,-328.6334201173958,1,1789162745.0776465,38.99145995833333,-76.936611615,-9.887000000000004,0,1,8.614225000000001,6.932689,63.808144000000006,1,1,1789162745.541627,-0.6746824109274232,-0.7320633411395467,-0.08608801178237631,0.03841566310921111,175.67952183719507,-9.927943990797642,95.0470133488338,-0.055172824715269145,-0.181045795836175,1.1670491363981232,-2.656523462314606,0.4259028165245056,-13.641246507987976
2026-09-11T17:39:05.577,5.882373728000005,-44.25703430175781,-3983.133087158203,-15932.532348632812,-30.316068496704105,-20.674334983825684,-5.423604488372803,-3.7151690745353703,-8.310596533946327,0.4889348879012933,0.0,0.19353105127811432,1585.4063720703125,69.67117846012115,-0.3051758408546448,-109.86330270767212,-1808.4816542138167,1,1789162745.0776465,38.99145995833333,-76.936611615,-9.887000000000004,0,1,8.614225000000001,6.932689,63.808144000000006,1,1,1789162745.569627,-0.6860857340844974,-0.7216757523627745,-0.08503175500809096,0.035214692638207805,175.67139809144717,-9.642805094139497,93.26168856493439,-0.1176692255048317,-0.2170222677075341,1.0180367645872017,-0.7126492672538757,0.2923362413215637,-2.8851164775848392
2026-09-11T17:39:05.611,5.915783040000008,-44.43556594848633,-3999.2009353637695,-15996.803741455078,-30.438362674713137,-20.79662916183472,-5.372917175292969,-3.680448265075684,-8.23292829517645,1.039255446495963,0.0,0.18550874292850494,1519.6876220703125,66.78314745426178,-0.12207037210464478,-43.94533395767212,1973.0417899654226,1,1789162745.0776465,38.99145995833333,-76.936611615,-9.887000000000004,0,1,8.614225000000001,6.932689,63.808144000000006,1,1,1789162745.601627,-0.6973097089299831,-0.7110196642359444,-0.0845723684168983,0.03252262907797568,175.64481188886606,-9.450457600985747,91.47566754095357,-0.19291438381558682,-0.17802079117661843,0.9190570483115009,-0.84994236951828,1.536309814338684,-11.72502706638336
2026-09-11T17:39:05.644,5.949205120000016,-44.61101150512695,-4014.991035461426,-16059.964141845703,-30.558542881011967,-20.916809368133546,-5.296785354614258,-3.628297967910767,-8.116271402806825,1.5603546267887565,0.0,0.1828174740076065,1497.6407470703125,65.81429064273834,-0.2899170219898224,-104.37012791633606,-1807.9303849027065,1,1789162745.0776465,38.99145995833333,-76.936611615,-9.887000000000004,0,1,8.614225000000001,6.932689,63.808144000000006,1,1,1789162745.641627,-0.7101038785628142,-0.6980466669868639,-0.08664679795362297,0.031235632904783046,175.54405369814648,-9.593931485787026,89.39296594295686,-0.18579064794064679,-0.12587244752213025,0.8532406822187947,1.2679017994117736,0.5271074461936951,-13.828455459575652
2026-09-11T17:39:05.678,5.9826188480000155,-44.785099029541016,-4030.6589126586914,-16122.635650634766,-30.677792835235596,-21.03605932235718,-5.193364143371582,-3.557454438209534,-7.957798940160902,2.1201923263765883,0.0,0.18026544153690338,1476.7344970703125,64.89555895328522,0.0,0.0,3123.5702857322062,1,1789162745.0776465,38.99145995833333,-76.936611615,-9.887000000000004,0,1,8.614225000000001,6.932689,63.808144000000006,1,1,1789162745.669627,-0.718476054695067,-0.6895399382911457,-0.08649965659165333,0.029062720808280533,175.49205734043616,-9.460968230646868,88.01858831530974,-0.20686846571820672,-0.26432400656215926,0.8422688444090576,6.037856438083648,-1.7208709703826903,-10.424861387939453
2026-09-11T17:39:05.711,6.016035904000006,-44.95327377319336,-4045.7946395874023,-16183.17855834961,-30.792992534637452,-21.151259021759035,-5.037023067474365,-3.4503608012199405,-7.7182372969307815,3.2047597786478854,0.0,0.17928887903690338,1468.7344970703125,64.54399645328522,0.0,0.0,0.0,1,1789162745.0776465,38.99145995833333,-76.936611615,-9.887000000000004,0,1,8.614225000000001,6.932689,63.808144000000006,1,1,1789162745.701627,-0.7283612642307299,-0.6793309499984539,-0.08450365035230469,0.029299525926993822,175.80752502370902,-9.375641537396312,86.35429614969348,-0.05220838298075678,-0.12732822665121873,0.8547111221135999,7.5699493928527835,-3.0247631758880615,-13.800996839122773
2026-09-11T17:39:05.745,6.049475328,-45.119163513183594,-4060.7247161865234,-16242.898864746094,-30.906627006530766,-21.264893493652345,-4.958632469177246,-3.3966632413864137,-7.598119276544403,1.605815932521348,0.0,0.18044663965702057,1478.2188720703125,64.9607902765274,0.0762939527630806,27.465822994709015,821.3605292577446,1,1789162745.0776465,38.99145995833333,-76.936611615,-9.887000000000004,0,1,8.614225000000001,6.932689,63.808144000000006,1,1,1789162745.741627,-0.7398620011319731,-0.6673463343303169,-0.08082461079093761,0.026841602548556782,176.0436600215454,-8.941353270802454,84.40959041246293,0.05716808511614906,-0.10089067727370941,0.8407896778679923,-6.765411813583374,-2.2355239708709718,-8.867369209251404
2026-09-11T17:39:05.778,6.082896992000002,-45.280601501464844,-4075.254135131836,-16301.016540527344,-31.01721202850342,-21.375478515625,-4.85520601272583,-3.325816118717194,-7.439638776657995,2.119796389228706,0.0,0.1819324642419815,1490.3907470703125,65.49568712711334,0.015258788131177425,5.493163727223873,-657.437620924071,1,1789162745.0776465,38.99145995833333,-76.936611615,-9.887000000000004,0,1,8.614225000000001,6.932689,63.808144000000006,1,1,1789162745.769627,-0.7480520773059817,-0.6583052252249971,-0.07889591584856114,0.02877072369767639,176.46924253992026,-8.96994499694175,82.97426101734261,-0.004781504018763665,-0.12300906035130836,0.8302443985274426,2.116373171405792,-3.1955950217056275,-18.060221137371066
2026-09-11T17:39:05.811,6.116307104000015,-45.44059371948242,-4089.653434753418,-16358.613739013672,-31.12680669784546,-21.485073184967042,-4.804523944854736,-3.2910989022254946,-7.361978575128604,1.0391230203504283,0.0,0.18608857691287994,1524.4376220703125,66.99188768863678,0.07629397511482239,27.46583104133606,657.6651797546741,1,1789162745.0776465,38.99145995833333,-76.936611615,-9.887000000000004,0,1,8.614225000000001,6.932689,63.808144000000006,1,1,1789162745.801627,-0.7570648498002199,-0.6478844837222424,-0.07902193092518275,0.029224020630121406,176.62445762779666,-9.062805125745625,81.38040771441271,-0.010688047273362877,-0.04569394154768794,0.8470705942471443,1.9572112392807008,-2.063613393535614,-12.480531394844053
2026-09-11T17:39:05.845,6.149737920000007,-45.5967903137207,-4103.711128234863,-16414.844512939453,-31.233801364898685,-21.592067852020264,-4.649196624755859,-3.184699687957764,-7.123970311287044,3.1826687768481623,0.0,0.19289018213748932,1580.1563720703125,69.44046556949615,0.3814697563648224,137.32911229133606,3286.28775468795,1,1789162745.0776465,38.99145995833333,-76.936611615,-9.887000000000004,0,1,8.614225000000001,6.932689,63.808144000000006,1,1,1789162745.8416271,-0.7684207046592814,-0.6349510343596191,-0.07528250079036249,0.02644522057635594,176.81373858936243,-8.585209901414286,79.37351263535759,-0.04849955832026883,-0.06311756347034733,0.8293816822781818,-1.9975165714454652,2.7273274764823916,-9.896871343231203
2026-09-11T17:39:05.878,6.183152768000014,-45.7523307800293,-4117.709770202637,-16470.839080810547,-31.34034658432007,-21.698613071441653,-4.649991512298584,-3.1852441859245304,-7.125188318549855,-0.01629509033727997,0.0,0.1969471126794815,1613.3907470703125,70.90096056461334,0.10681155323982239,38.45215916633606,-2959.072359837762,1,1789162745.0776465,38.99145995833333,-76.936611615,-9.887000000000004,0,1,8.614225000000001,6.932689,63.808144000000006,1,1,1789162745.869627,-0.7762204618231471,-0.6254936240790652,-0.07410672598081626,0.027344360440531786,177.08666595183186,-8.583683366348605,77.94377703548996,0.0025054201412378603,-0.08007937127292902,0.8645640293398835,-2.6517182037353515,-0.7825706829071044,-10.469775845680237
2026-09-11T17:39:05.912,6.216566432000008,-45.903507232666016,-4131.315650939941,-16525.262603759766,-31.44390245437622,-21.802168941497804,-4.520956516265869,-3.0968552136421206,-6.927467818633941,2.6452942210236405,0.0,0.2017212063074112,1652.5001220703125,72.61963427066803,0.1831054985523224,65.91797947883606,821.9936703890037,1,1789162745.0776465,38.99145995833333,-76.936611615,-9.887000000000004,0,1,8.614225000000001,6.932689,63.808144000000006,1,1,1789162745.909627,-0.787010778409394,-0.612161495040605,-0.07237237549448912,0.02519083012478427,177.16399647147577,-8.323230530472214,75.96017249588671,-0.08447445939530114,-0.096033251432484,0.8465394905557625,1.1314912956619263,2.3263335513687133,-12.669897809467317
2026-09-11T17:39:05.945,6.250000832000012,-46.05466842651367,-4144.9201583862305,-16579.680633544922,-31.547447872161868,-21.90571435928345,-4.496535778045654,-3.0801270079612735,-6.890047888245504,0.5003291723747065,0.0,0.20536042749881744,1682.3126220703125,73.92975389957428,0.1831054836511612,65.91797411441803,-0.00016044606841410187,1,1789162745.0776465,38.99145995833333,-76.936611615,-9.887000000000004,0,1,8.614225000000001,6.932689,63.808144000000006,1,1,1789162745.941627,-0.7955055353076265,-0.6013715230435378,-0.07070542179051986,0.022890563484699537,177.18535328131318,-8.049268291309703,74.37382556234134,0.08722579642814501,-0.12775530871918173,0.8737800659221143,-0.5683934433746337,0.7028426170921326,-11.037678956546783
2026-09-11T17:39:05.979,6.283423904000017,-46.20192337036133,-4158.1731033325195,-16632.692413330078,-31.648317508697513,-22.006583995819092,-4.44588041305542,-3.045428082942963,-6.8124286035767705,1.038172823201448,0.0,0.21385766565799713,1751.9219970703125,76.98875963687897,0.09155276417732239,32.95899510383606,-986.1145920571571,1,1789162745.0776465,38.99145995833333,-76.936611615,-9.887000000000004,0,1,8.614225000000001,6.932689,63.808144000000006,1,1,1789162745.969627,-0.8028852062829855,-0.591344681299098,-0.07159555849206077,0.023683104429224753,177.29865607020997,-8.220078909924434,72.93926347834795,0.06546066799114972,-0.10580430271684906,0.846614365180673,1.501790405769348,-0.3237175218391418,-5.977447473087311
2026-09-11T17:39:06.012,6.316839680000015,-46.346946716308594,-4171.225204467773,-16684.900817871094,-31.74765850067139,-22.10592498779297,-4.3174543380737305,-2.9574562215805056,-6.615641154215512,2.632644573702614,0.0,0.21583177149295807,1768.0938720703125,77.6994377374649,0.1220703199505806,43.945315182209015,328.7764461424908,1,1789162745.0776465,38.99145995833333,-76.936611615,-9.887000000000004,0,1,8.614225000000001,6.932689,63.808144000000006,1,1,1789162746.009627,-0.8133469743747014,-0.5772789253174913,-0.06863093757024934,0.022484129247746187,177.5313171424917,-7.909036187122941,70.90169291522255,0.133523621897023,-0.13731988755303584,0.8816277643707817,-2.9411124500083923,-1.0721610621833801,-9.281307912578583
2026-09-11T17:39:06.045,6.35026067199999,-46.49356460571289,-4184.42081451416,-16737.68325805664,-31.848091754913334,-22.206358242034913,-4.371110439300537,-2.994210650920868,-6.697858471100718,-1.0997408257777022,0.0,0.21737290918827057,1780.7188720703125,78.2542473077774,0.0762939527630806,27.465822994709015,-493.0880623624906,1,1789162745.0776465,38.99145995833333,-76.936611615,-9.887000000000004,0,1,8.614225000000001,6.932689,63.808144000000006,1,1,1789162746.041627,-0.821654210524283,-0.5655731550007942,-0.06765487743747842,0.020837039834984177,177.55415523689206,-7.744023374324764,69.24754153771912,-0.09972950972235758,-0.17021323530074697,0.8394529301938899,-2.6559350633049013,0.20858744894027711,-9.615714683094025
2026-09-11T17:39:06.079,6.383674495999998,-46.63728713989258,-4197.355842590332,-16789.423370361328,-31.946541690826418,-22.304808177948,-4.320189952850342,-2.959330117702484,-6.619832940458306,1.0438952817365754,0.0,0.21636392176151276,1772.4532470703125,77.89101183414459,-0.2441406399011612,-87.89063036441803,-3452.3571249762376,1,1789162746.0762398,38.991464201666666,-76.93659457333334,-9.817000000000004,0,1,8.614225000000001,6.932689,63.824121,1,1,1789162746.069627,-0.8285486464491957,-0.5557684508692087,-0.06530472892343323,0.01907516358731615,177.6314758217177,-7.436022030174256,67.85925637999588,-0.03507448571392845,-0.21090995013412478,0.8534684476861799,-2.8000928206825257,1.9587803033065796,-5.815147412910461
2026-09-11T17:39:06.112,6.417091935999991,-46.78034973144531,-4210.231475830078,-16840.925903320312,-32.044539566040044,-22.402806053161623,-4.242112636566162,-2.9058471560478214,-6.500194962526437,1.6004505927046697,0.0,0.21627618372440338,1771.7344970703125,77.85942614078522,0.0,0.0,2630.08268629896,1,1789162746.0762398,38.991464201666666,-76.93659457333334,-9.817000000000004,0,1,8.614225000000001,6.932689,63.824121,1,1,1789162746.109627,-0.8379224912951443,-0.5416311628961356,-0.06457985248744068,0.018735650888590232,177.77170232035076,-7.384160717967631,65.90087427502415,-0.07838064231196294,-0.14372803843465826,0.8001109399259101,-6.730304006004333,-1.9834930617141724,-11.001786616954803
2026-09-11T17:39:06.146,6.450513344000001,-46.920692443847656,-4222.862319946289,-16891.449279785156,-32.14067432403565,-22.49894081115723,-4.215825080871582,-2.887840180397034,-6.45991450518305,0.5387856684787892,0.0,0.21500016748905182,1761.2813720703125,77.40006029605865,-0.015258789993822575,-5.493164397776127,-164.3606516450345,1,1789162746.0762398,38.991464201666666,-76.93659457333334,-9.817000000000004,0,1,8.614225000000001,6.932689,63.824121,1,1,1789162746.141627,-0.8452133619149923,-0.5303358380711,-0.06308178194961657,0.01946690740311602,178.03548702531288,-7.312622689834608,64.33863189518075,0.016905782733592674,-0.14422859886413023,0.8064684762592246,1.8290383216667176,-2.0314475810050965,-13.052062966270446
2026-09-11T17:39:06.179,6.4839486079999915,-47.057125091552734,-4235.141258239746,-16940.565032958984,-32.23413068771362,-22.592397174835206,-4.138393878936768,-2.834799807071686,-6.341266569147466,1.586360237064752,0.0,0.21061517298221588,1725.3594970703125,75.82146227359772,-0.2746582329273224,-98.87696385383606,-2792.9732947849934,1,1789162746.0762398,38.991464201666666,-76.93659457333334,-9.817000000000004,0,1,8.614225000000001,6.932689,63.824121,1,1,1789162746.169627,-0.8510805638474745,-0.5209447921471103,-0.0626461335701491,0.01881114894364539,178.07914998028892,-7.251962858980681,63.06317758347968,0.05007297264094172,-0.13883238988281416,0.7570960787800335,-3.6762189461326598,-1.0179302867889404,-10.452712274398802
2026-09-11T17:39:06.213,6.517368959999999,-47.19411087036133,-4247.4699783325195,-16989.879913330078,-32.327965946197516,-22.686232433319095,-4.113320350646973,-2.8176244401931765,-6.302846367647578,0.5139193889551477,0.0,0.20061303675174713,1643.4219970703125,72.22069323062897,-0.3967285454273224,-142.82227635383606,-1314.926680005953,1,1789162746.0762398,38.991464201666666,-76.93659457333334,-9.817000000000004,0,1,8.614225000000001,6.932689,63.824121,1,1,1789162746.209627,-0.858904805609789,-0.5081394600871766,-0.06193234863258685,0.015530878776651947,177.90622510321836,-7.017453514484172,61.346637551101196,-0.20133071053455387,-0.15883560843992114,0.7131657924414858,-2.7897958380126955,0.7901218035316467,-5.631959187889099
2026-09-11T17:39:06.246,6.550879103999989,-47.330177307128906,-4259.715957641602,-17038.863830566406,-32.4211714553833,-22.779437942504885,-4.088199615478516,-2.8004167366027835,-6.264353830983313,0.513507300666867,0.0,0.18397332727909088,1507.1094970703125,66.23039782047272,-0.2899170517921448,-104.37013864517212,1147.4775431784199,1,1789162746.0762398,38.991464201666666,-76.93659457333334,-9.817000000000004,0,1,8.614225000000001,6.932689,63.824121,1,1,1789162746.241627,-0.864791101747502,-0.497834852840834,-0.06336455851763668,0.01678518272619089,178.03243209189714,-7.256222931598412,59.98031240322821,-0.1501058205872959,-0.1006180568445479,0.6741936374420036,4.433978804130554,-1.7329331500816345,-10.71445176721573
2026-09-11T17:39:06.279,6.5842990399999906,-47.46470642089844,-4271.823577880859,-17087.294311523438,-32.513323898315434,-22.871590385437013,-4.037150859832764,-2.7654483389854434,-6.186131753278096,1.046333470457233,0.0,0.1804962307214737,1478.6251220703125,64.97864305973053,-0.07629397511482239,-27.46583104133606,2301.1506546222263,1,1789162746.0762398,38.991464201666666,-76.93659457333334,-9.817000000000004,0,1,8.614225000000001,6.932689,63.824121,1,1,1789162746.269627,-0.869689828940198,-0.48935027456133784,-0.06242398785562221,0.016707961123770872,178.14983555771198,-7.176777222116465,58.84653039655785,-0.04564088353842732,-0.028793394801851252,0.6516439835062369,1.3100703951072692,2.11990356546402,-11.641278274002074
2026-09-11T17:39:06.313,6.617715263999997,-47.59682083129883,-4283.7138748168945,-17134.855499267578,-32.603822269439696,-22.962088756561283,-3.9595611095428467,-2.7122993600368503,-6.067240873382354,1.5905142049736711,0.0,0.17484094202518463,1432.2969970703125,62.94273912906647,-0.1373291164636612,-49.43848192691803,-657.5443977625195,1,1789162746.0762398,38.991464201666666,-76.93659457333334,-9.817000000000004,0,1,8.614225000000001,6.932689,63.824121,1,1,1789162746.309627,-0.8757303616384187,-0.4779791047737507,-0.06612188290969337,0.016130892870673257,177.97921263396645,-7.5406947539971,57.38515969835084,-0.15401937236904278,-0.05873765971246756,0.5875120346746304,1.4168648153686523,-0.15759286809921266,-12.625669817237855
2026-09-11T17:39:06.346,6.651130047999999,-47.726600646972656,-4295.394058227539,-17181.576232910156,-32.692721443176275,-23.050987930297854,-3.8833110332489014,-2.6600680577754976,-5.950402777772671,1.563119553948053,0.0,0.16859056055545807,1381.0938720703125,60.692601799964905,-0.1983642876148224,-71.41114354133606,-657.573055519889,1,1789162746.0762398,38.991464201666666,-76.93659457333334,-9.817000000000004,0,1,8.614225000000001,6.932689,63.824121,1,1,1789162746.3416271,-0.8803184820435463,-0.469462203043454,-0.06626129338835332,0.01593898003750064,178.02569288044683,-7.5636540570789395,56.27133720753413,0.057904963126341066,-0.03978163870655715,0.5537706314433752,-1.2017069108200074,0.1344491737174988,-5.958226438770295
2026-09-11T17:39:06.379,6.684547487999993,-47.853912353515625,-4306.852111816406,-17227.408447265625,-32.77992996215821,-23.138196449279786,-3.8068439960479736,-2.607688137292862,-5.833232232670139,1.5674426432020327,0.0,0.16716767847537994,1369.4376220703125,60.18036425113678,-0.015258789993822575,-5.493164397776127,1972.562205350624,1,1789162746.0762398,38.991464201666666,-76.93659457333334,-9.817000000000004,0,1,8.614225000000001,6.932689,63.824121,1,1,1789162746.369627,-0.8841199528541346,-0.4621993122416452,-0.06701225572612145,0.014596654104622363,177.91084381497612,-7.584421153659296,55.33773536403085,-0.07587661843412669,-0.11477180441359591,0.5594645935950816,-3.9792444361305237,-5.250676629600525,-7.389703162879944
2026-09-11T17:39:06.413,6.7179613440000026,-47.979976654052734,-4318.197898864746,-17272.791595458984,-32.86628400802613,-23.224550495147707,-3.7566800117492676,-2.5733258080482484,-5.756365891303341,1.028385626747281,0.0,0.16647149622440338,1363.7344970703125,59.92973864078522,0.0,0.0,164.3977994570426,1,1789162746.0762398,38.991464201666666,-76.93659457333334,-9.817000000000004,0,1,8.614225000000001,6.932689,63.824121,1,1,1789162746.409627,-0.8895901112592722,-0.4514447901144743,-0.06763044184925109,0.01591096362539321,178.10571024057313,-7.740844115059291,53.94148286540033,-0.0971104686468149,-0.09071313880655488,0.5558325634216813,2.692317735404968,-2.774203264255523,-11.257151787166595
2026-09-11T17:39:06.447,6.75137516800001,-48.10621643066406,-4329.559478759766,-17318.237915039062,-32.95275825500489,-23.311024742126467,-3.7064688205718994,-2.538931142091751,-5.679427214772164,1.0293543760956498,0.0,0.16660119593143463,1364.7969970703125,59.97643053531647,0.0762939527630806,27.465822994709015,821.9898145959903,1,1789162746.0762398,38.991464201666666,-76.93659457333334,-9.817000000000004,0,1,8.614225000000001,6.932689,63.824121,1,1,1789162746.441627,-0.8939029107252128,-0.4430041763536047,-0.0665133988439208,0.016150966054265223,178.26212629439982,-7.655873218309026,52.84086827723535,-0.16043869335787794,-0.07179132625398356,0.55734105149418,2.117648035926819,-0.4378669297218323,-12.805229581699372
2026-09-11T17:39:06.480,6.784799104000001,-48.22992706298828,-4340.693435668945,-17362.77374267578,-33.03750003814697,-23.395766525268556,-3.682359218597412,-2.5224160647392275,-5.642484038876218,0.49410929199145986,0.0,0.1669311672449112,1367.5001220703125,60.09522020816803,-0.061035171151161194,-21.97266161441803,-1479.134133368971,1,1789162746.0762398,38.991464201666666,-76.93659457333334,-9.817000000000004,0,1,8.614225000000001,6.932689,63.824121,1,1,1789162746.469627,-0.8975709079417411,-0.4355958093897639,-0.06624002176868674,0.015330217702271184,178.25476370956653,-7.600543346868027,51.891014075350576,-0.035904564306176945,-0.09315520349594535,0.556983084464596,0.7539352644348145,-0.6029128519439697,-7.327136734848023
2026-09-11T17:39:06.514,6.818212192000004,-48.35389709472656,-4351.850738525391,-17407.402954101562,-33.1224195098877,-23.480685997009278,-3.6318299770355225,-2.487803534269333,-5.565058013308273,1.0358973845784922,0.0,0.16788484156131744,1375.3126220703125,60.43854296207428,0.01525880303233862,5.493169091641903,822.00815159788,1,1789162746.0762398,38.991464201666666,-76.93659457333334,-9.817000000000004,0,1,8.614225000000001,6.932689,63.824121,1,1,1789162746.509627,-0.9023930241347764,-0.42522898228499556,-0.06784455075912606,0.01625606194783588,178.35955428061874,-7.832064012001332,50.57415272572471,-0.03522598029300155,-0.08998586010724884,0.5192707081192034,-7.2703562304115295,-1.3224267743110656,-7.76059067199707
2026-09-11T17:39:06.547,6.851628223999995,-48.476646423339844,-4362.898178100586,-17451.592712402344,-33.206502799987796,-23.564769287109378,-3.63305401802063,-2.4886420023441316,-5.566933612974519,-0.025091790515360916,0.0,0.16693688929080963,1367.5469970703125,60.09728014469147,-0.04577639698982239,-16.47950291633606,-657.5488079489476,1,1789162746.0762398,38.991464201666666,-76.93659457333334,-9.817000000000004,0,1,8.614225000000001,6.932689,63.824121,1,1,1789162746.541627,-0.9060985886384225,-0.41667479582438066,-0.07129421184992688,0.016870019231388422,178.3300621895658,-8.236404836325164,49.5114767281039,-0.11214840001492324,0.04613463718381652,0.5186649043358361,2.7593952225112917,2.4244981194877626,-5.899288471298218
2026-09-11T17:39:06.581,6.885047839999999,-48.596763610839844,-4373.708724975586,-17494.834899902344,-33.28878307342529,-23.647049560546876,-3.6072022914886475,-2.470933569669724,-5.527320977249734,0.5298813928444281,0.0,0.16807176172733307,1376.8438720703125,60.505834221839905,0.015258791856467724,5.493165068328381,657.4781704452337,1,1789162746.0762398,38.991464201666666,-76.93659457333334,-9.817000000000004,0,1,8.614225000000001,6.932689,63.824121,1,1,1789162746.569627,-0.9094233478407479,-0.4091933597184672,-0.0722293108304689,0.017114187722316068,178.37923480424402,-8.359288657204175,48.569000742616836,-0.09237347052397708,0.046470962130675815,0.5586142691835099,2.62926097486496,0.4011900581169129,-14.547969381942748
2026-09-11T17:39:06.614,6.918461503999993,-48.716529846191406,-4384.487686157227,-17537.950744628906,-33.37082294464111,-23.7290894317627,-3.6327433586120605,-2.4884292006492617,-5.566457589140254,-0.523607078216292,0.0,0.16750146448612213,1372.1719970703125,60.30052721500397,0.03051757998764515,10.986328795552254,164.39872404369834,1,1789162746.0762398,38.991464201666666,-76.93659457333334,-9.817000000000004,0,1,8.614225000000001,6.932689,63.824121,1,1,1789162746.609627,-0.9139147422304355,-0.39885439531854994,-0.07380842465968164,0.015077523609885837,178.1855891273056,-8.449444626478241,47.289270432192154,-0.12324851952468197,0.07770677068776795,0.5355998340679371,-0.5186737270545959,0.532304970779419,-12.451013377857208
2026-09-11T17:39:06.647,6.9518753600000025,-48.8387565612793,-4395.488090515137,-17581.952362060547,-33.45454824447632,-23.812814731597904,-3.6334474086761475,-2.488911474943161,-5.567536406011002,-0.014433362432019883,0.0,0.1681213527917862,1377.2501220703125,60.52368700504303,0.0,0.0,-328.7955989140852,1,1789162746.0762398,38.991464201666666,-76.93659457333334,-9.817000000000004,0,1,8.614225000000001,6.932689,63.824121,1,1,1789162746.641627,-0.9172104288891877,-0.39073064244935746,-0.07616992031452975,0.015897717675915645,178.23968922492253,-8.751608988451279,46.28261470257697,0.04316129427011897,0.17864788797686,0.5438482601128622,0.3419578911399841,1.1124663943481445,-10.894305731182099
2026-09-11T17:39:06.681,6.985291872000005,-48.96186065673828,-4406.567459106445,-17626.26983642578,-33.538874549865724,-23.897141036987307,-3.660184383392334,-2.507226302623749,-5.608505508732431,-0.5480771805443528,0.0,0.1677551418542862,1374.2501220703125,60.39185106754303,-0.03051757998764515,-10.986328795552254,-328.7694656926343,1,1789162746.0762398,38.991464201666666,-76.93659457333334,-9.817000000000004,0,1,8.614225000000001,6.932689,63.824121,1,1,1789162746.669627,-0.9198754400868959,-0.38362023641211607,-0.08006129036154778,0.015964921725318347,178.13923915351535,-9.180299546252183,45.42509177334003,-0.027450538475366815,0.18486422717368817,0.5283898789279485,3.1184166849327086,-0.3485283467483521,-13.528764230632783
2026-09-11T17:39:06.714,7.0187055680000014,-49.08848190307617,-4417.9633712768555,-17671.853485107422,-33.62561010360718,-23.983876590728762,-3.7913553714752197,-2.5970784294605256,-5.809498992171892,-2.6890807540951367,0.0,0.16822244226932526,1378.0782470703125,60.56007921695709,0.1068115383386612,38.45215380191803,1479.5873703248878,1,1789162746.0762398,38.991464201666666,-76.93659457333334,-9.817000000000004,0,1,8.614225000000001,6.932689,63.824121,1,1,1789162746.709627,-0.924000462398469,-0.3732964766354719,-0.08140776590148655,0.01567359786031859,178.15244843488043,-9.331330189455675,44.14824212629407,-0.07633703629080278,0.11677177720345622,0.5609844263077183,5.825150196075439,7.3695014635467535,-11.535072252750396
2026-09-11T17:39:06.747,7.052117535999997,-49.215538024902344,-4429.398422241211,-17717.593688964844,-33.71264354705811,-24.07091003417969,-3.8188979625701904,-2.6159451043605806,-5.851702541966217,-0.5646681721967822,0.0,0.1679077297449112,1375.5001220703125,60.44678270816803,0.015258789993822575,5.493164397776127,-986.4426245154445,1,1789162746.0762398,38.991464201666666,-76.93659457333334,-9.817000000000004,0,1,8.614225000000001,6.932689,63.824121,1,1,1789162746.741627,-0.927316793872247,-0.36446938922013455,-0.08339221793562303,0.017069449662363817,178.30691064124343,-9.619516385962271,43.05575432155049,0.03612220686390064,0.1426630385250913,0.6033191326440926,-2.9899495678138734,0.9808611491775513,-7.937698773918152
2026-09-11T17:39:06.781,7.085538431999993,-49.34650421142578,-4441.18537902832,-17764.74151611328,-33.80235538482666,-24.160621871948244,-3.8712756633758545,-2.6518238294124608,-5.931960964147409,-1.0735416863714533,0.0,0.16843606531620026,1379.8282470703125,60.63698351383209,-0.1678466796875,-60.4248046875,-1972.3579249725958,1,1789162746.0762398,38.991464201666666,-76.93659457333334,-9.817000000000004,0,1,8.614225000000001,6.932689,63.824121,1,1,1789162746.769627,-0.9300655924711865,-0.35685926563662507,-0.08566652829599597,0.017050048686764917,178.2883719395242,-9.876201976611354,42.13077070130966,0.0008665559736151846,0.10684242455593528,0.5828129101965608,-3.223151708660126,-0.9707602995109558,-10.355724504299163
2026-09-11T17:39:06.814,7.118951455999991,-49.48246383666992,-4453.421745300293,-17813.686981201172,-33.8954877281189,-24.25375421524048,-4.027853965759277,-2.759079966545105,-6.171886109844985,-3.2100098791612246,0.0,0.1684875637292862,1380.2501220703125,60.65552294254303,0.0,0.0,1808.4207130579916,1,1789162746.0762398,38.991464201666666,-76.93659457333334,-9.817000000000004,0,1,8.614225000000001,6.932689,63.824121,1,1,1789162746.809627,-0.934580505813836,-0.34517660715079757,-0.08455570882248903,0.01620864380954197,178.3675559747457,-9.74351329089039,40.681411947732975,0.050908112688021,0.0636202182949217,0.5943954387115709,-3.9167760746002194,1.7944208465957643,-10.428097582492828
2026-09-11T17:39:06.848,7.152368224000014,-49.61935043334961,-4465.741539001465,-17862.96615600586,-33.989255046844484,-24.347521533966066,-4.081171035766602,-2.795602159500122,-6.253583928731476,-1.0929301407901377,0.0,0.1703357845544815,1395.3907470703125,61.32088243961334,0.045776382088661194,16.47949755191803,493.15055100201363,1,1789162746.0762398,38.991464201666666,-76.93659457333334,-9.817000000000004,0,1,8.614225000000001,6.932689,63.824121,1,1,1789162746.8416271,-0.9379965356572234,-0.33535388910718217,-0.08610175815431687,0.016933853621380897,178.48844625730993,-9.95554164083663,39.477780712939555,-0.0815035599425564,0.07348097950283926,0.6045277731510987,2.650737538719177,-0.5337759683036805,-10.696603663921357
2026-09-11T17:39:06.881,7.185791072000001,-49.760005950927734,-4478.400535583496,-17913.602142333984,-34.0856040763855,-24.443870563507083,-4.160743236541748,-2.8501091170310975,-6.3755125202019824,-1.6308292318774669,0.0,0.17269326746463776,1414.7032470703125,62.16957628726959,0.030517585575580597,10.986330807209015,-164.35364050098994,1,1789162746.0762398,38.991464201666666,-76.93659457333334,-9.817000000000004,0,1,8.614225000000001,6.932689,63.824121,1,1,1789162746.869627,-0.9412743493283332,-0.32654810349794494,-0.08433153180970161,0.016035215653290757,178.55291125269522,-9.743096490540953,38.38883904166065,-0.027880587603058216,-0.0656493380832903,0.7079645367376175,1.4395181772422792,-1.491101157093048,-5.43455132013321
2026-09-11T17:39:06.915,7.219211872000017,-49.90329360961914,-4491.296424865723,-17965.18569946289,-34.183756122589116,-24.542022609710695,-4.265410423278809,-2.9218061399459843,-6.535894192792549,-2.1452814688712545,0.0,0.17813493311405182,1459.2813720703125,64.12857592105865,0.0152588477358222,5.493185184895992,-164.3630799475294,1,1789162746.0762398,38.991464201666666,-76.93659457333334,-9.817000000000004,0,1,8.614225000000001,6.932689,63.824121,1,1,1789162746.909627,-0.9458839906602711,-0.3134778939129222,-0.08278019383920286,0.013510209045868509,178.46957799929217,-9.501372036117125,36.79889033442406,-0.05161898529235829,-0.06887331027757423,0.6800654486444881,-1.4289269950675965,-0.6208590217399598,-7.62467050075531
2026-09-11T17:39:06.949,7.252631839999992,-50.0474853515625,-4504.273681640625,-18017.0947265625,-34.282527465820316,-24.640793952941895,-4.344728469848633,-2.9761390018463136,-6.6574333434285755,-1.6257604405955461,0.0,0.17867852747440338,1463.7344970703125,64.32426989078522,0.0762939527630806,27.465822994709015,657.4703425757041,1,1789162746.0762398,38.991464201666666,-76.93659457333334,-9.817000000000004,0,1,8.614225000000001,6.932689,63.824121,1,1,1789162746.941627,-0.9496433070947702,-0.30232497893611454,-0.08119475762241214,0.0135870429462679,178.64757122438886,-9.347826416639375,35.42898405130393,0.03406935059770491,-0.04898650518157525,0.73760790688519,1.128255101108551,0.31538186920166017,-14.668885378437043
2026-09-11T17:39:06.981,7.286054304000004,-50.192718505859375,-4517.344665527344,-18069.378662109375,-34.382012176513676,-24.740278663635255,-4.319957256317139,-2.9591707205772404,-6.619476379243999,0.5076909131854358,0.0,0.18185235559940338,1489.7344970703125,65.46684801578522,0.015258789993822575,5.493164397776127,-657.4218644360054,1,1789162746.0762398,38.991464201666666,-76.93659457333334,-9.817000000000004,0,1,8.614225000000001,6.932689,63.824121,1,1,1789162746.969627,-0.952894428863786,-0.29208683115634343,-0.0804564846324401,0.014291416514643525,178.85242394054313,-9.304523978519686,34.17670673703496,-0.03145205485141422,-0.062003170742948956,0.7570039253955282,-4.003564928531647,1.288888030757904,-6.902704915847778
2026-09-11T17:39:07.014,7.319468192000016,-50.33736038208008,-4530.362434387207,-18121.449737548828,-34.481091861724856,-24.83935834884644,-4.346478462219238,-2.9773377466201785,-6.660114859118144,-0.543696861704069,0.0,0.18375398218631744,1505.3126220703125,66.15143358707428,0.0610351637005806,21.972658932209015,493.1929661830045,1,1789162746.0762398,38.991464201666666,-76.93659457333334,-9.817000000000004,0,1,8.614225000000001,6.932689,63.824121,1,1,1789162747.009627,-0.9573195639557962,-0.2775859468901782,-0.07915528601934645,0.014823469626323133,179.09665153192918,-9.19432313720888,32.41290097783741,0.09622576124897897,-0.0369665971560155,0.7547119590218092,-1.5257186321640015,3.4367405491828915,-5.980389468135834
2026-09-11T17:39:07.048,7.352890688000002,-50.480674743652344,-4543.260726928711,-18173.042907714844,-34.57926219940186,-24.93752868652344,-4.268660545349121,-2.9240324735641483,-6.540874359261241,1.5948920468433236,0.0,0.1844940334558487,1511.3751220703125,66.41785204410553,0.0457763746380806,16.479494869709015,-164.3552911937616,1,1789162746.0762398,38.991464201666666,-76.93659457333334,-9.817000000000004,0,1,8.614225000000001,6.932689,63.824121,1,1,1789162747.041627,-0.9610687882941599,-0.2651674680854844,-0.07642159461883696,0.013883008025746432,179.19716267679829,-8.873618103807619,30.911608321398635,0.08821609624572659,-0.053001111527012604,0.7498480754623514,-8.008600854587554,-3.594921816291809,-6.806501677761077
2026-09-11T17:39:07.082,7.386306944000012,-50.62672424316406,-4556.405181884766,-18225.620727539062,-34.67930610656739,-25.037572593688967,-4.293962001800537,-2.9413639712333683,-6.579643815393175,-0.5186546831941646,0.0,0.18462182581424713,1512.4219970703125,66.46385729312897,0.1068115383386612,38.45215380191803,657.5440088860569,1,1789162747.075933,38.991458873333336,-76.93658169666666,-9.847000000000001,0,1,8.614225000000001,6.932689,63.84010000000001,1,1,1789162747.0816271,-0.9649397771291426,-0.2505095151819339,-0.07708171144053391,0.013950594204960386,179.32154856083855,-8.960176427490934,29.15989302628825,0.050631478001579903,0.012615763432190612,0.7084071522359232,2.784107980918884,0.8422931823921203,-3.472240622768402
2026-09-11T17:39:07.115,7.419722784000015,-50.76701736450195,-4569.031562805176,-18276.126251220703,-34.77540689468384,-25.133673381805423,-4.269006252288818,-2.924269282817841,-6.54140408647512,0.5115744035022196,0.0,0.18365289270877838,1504.4844970703125,66.11504137516022,-0.015258789993822575,-5.493164397776127,-1315.104399580843,1,1789162747.075933,38.991458873333336,-76.93658169666666,-9.847000000000001,0,1,8.614225000000001,6.932689,63.84010000000001,1,1,1789162747.109627,-0.9675717673331047,-0.24004116673829537,-0.07742689326920757,0.01379092199560986,179.391817700327,-9.001071149541831,27.913856267813536,-0.09671323170906099,-0.03828100461569243,0.7540513518999293,1.760489837036133,-3.6150254491233826,-7.902983232345582
2026-09-11T17:39:07.148,7.453144479999992,-50.912864685058594,-4582.157821655273,-18328.631286621094,-34.87531230926514,-25.23357879638672,-4.347894191741943,-2.9783075213432313,-6.662284183391258,-1.6168610511396073,0.0,0.18268395960330963,1496.5469970703125,65.76622545719147,0.0,0.0,164.35923532366505,1,1789162747.075933,38.991458873333336,-76.93658169666666,-9.847000000000001,0,1,8.614225000000001,6.932689,63.84010000000001,1,1,1789162747.141627,-0.970310663544998,-0.2283188364441411,-0.0784693767577296,0.014501105023847426,179.55366741517705,-9.143117721378271,26.517896917084496,-0.05839190998764749,0.014253231336411692,0.7514700099362298,5.557036380653382,1.1341390912055969,-15.628662229766846
2026-09-11T17:39:07.182,7.486563775999997,-51.0567512512207,-4595.107612609863,-18380.430450439453,-34.97387460708619,-25.332141094207767,-4.323774814605713,-2.9617857480049135,-6.625326029001678,0.49437825794760115,0.0,0.17841722071170807,1461.5938720703125,64.2301994562149,-0.1983642727136612,-71.41113817691803,-2136.8235338322743,1,1789162747.075933,38.991458873333336,-76.93658169666666,-9.847000000000001,0,1,8.614225000000001,6.932689,63.84010000000001,1,1,1789162747.181627,-0.9735979256415038,-0.21404731590390189,-0.07796250884068508,0.014583310877925203,179.71110518830798,-9.093805396262018,24.821619299676655,-0.06871727784244594,-0.003876725334529805,0.6932671191065732,1.4088233622360231,-0.7766866928100586,-14.95876995721817
2026-09-11T17:39:07.215,7.520082943999995,-51.20184326171875,-4608.1658935546875,-18432.66357421875,-35.07326263427735,-25.431529121398928,-4.298229217529297,-2.9442870140075685,-6.586182475858011,0.5220515615824941,0.0,0.17389871180057526,1424.5782470703125,62.60353624820709,-0.07629397511482239,-27.46583104133606,1311.0500575546687,1,1789162747.075933,38.991458873333336,-76.93658169666666,-9.847000000000001,0,1,8.614225000000001,6.932689,63.84010000000001,1,1,1789162747.209627,-0.975502683907668,-0.2040730394582457,-0.08032733563874103,0.017211258071122542,-179.95388647705914,-9.424265321077522,23.627703042922075,0.021987483383699363,0.07546629152698282,0.6468834234384971,3.072913828182221,-0.03677493810653686,-13.371661695041656
2026-09-11T17:39:07.251,7.553509536000007,-51.344947814941406,-4621.045303344727,-18484.181213378906,-35.17128925323487,-25.529555740356447,-4.272991180419922,-2.926998958587647,-6.547510197270141,0.5171946760206809,0.0,0.17344285547733307,1420.8438720703125,62.439427971839905,0.030517585575580597,10.986330807209015,1150.3464621380242,1,1789162747.075933,38.991458873333336,-76.93658169666666,-9.847000000000001,0,1,8.614225000000001,6.932689,63.84010000000001,1,1,1789162747.241627,-0.9775881324569262,-0.1931284743885458,-0.08219587818880511,0.016330133756443845,-179.98956536191147,-9.614313324044637,22.349579389826527,0.03582410462766,0.04859799489008131,0.664346838868102,-0.42668734853744505,0.3836361543273926,-8.18443409198761
2026-09-11T17:39:07.282,7.586928544000017,-51.48517990112305,-4633.666191101074,-18534.664764404297,-35.26734823226929,-25.62561471939087,-4.2483320236206055,-2.910107436180115,-6.5097249377686826,0.5054465532767067,0.0,0.17386628687381744,1424.3126220703125,62.59186327457428,0.015258795581758022,5.493166409432888,-164.3724552737923,1,1789162747.075933,38.991458873333336,-76.93658169666666,-9.847000000000001,0,1,8.614225000000001,6.932689,63.84010000000001,1,1,1789162747.277627,-0.9796837879157652,-0.1814171773793291,-0.0840436498772065,0.015625247583730982,-179.9929248461503,-9.807691406410022,20.98169714285919,-0.11219569843765229,-0.006437472413055885,0.6451956900518186,1.7743172137641907,1.7310698865509033,-9.81027862230301
2026-09-11T17:39:07.316,7.620343296000016,-51.62492752075195,-4646.243476867676,-18584.973907470703,-35.36307535171509,-25.721341838836672,-4.197692394256592,-2.8754192900657656,-6.432129764821409,1.038108740545219,0.0,0.17662431299686432,1446.9063720703125,63.584752678871155,0.0762939602136612,27.46582567691803,657.5736150154863,1,1789162747.075933,38.991458873333336,-76.93658169666666,-9.847000000000001,0,1,8.614225000000001,6.932689,63.84010000000001,1,1,1789162747.309627,-0.9816082991565275,-0.1709619869822481,-0.08364445155320994,0.01485771713533032,-179.96692858375272,-9.746679403899652,19.756837561517063,-0.06162722682206938,-0.04303371070179819,0.6787978160087645,-3.758202541484833,-0.3050848865318298,-4.991388799324035
2026-09-11T17:39:07.349,7.653760288000001,-51.76398468017578,-4658.75862121582,-18635.03448486328,-35.45832950592041,-25.816595993041993,-4.146793365478516,-2.8405534553527834,-6.354137113799168,1.0433564670631545,0.0,0.17828179895877838,1460.4844970703125,64.18144762516022,0.1373291164636612,49.43848192691803,657.5294463969037,1,1789162747.075933,38.991458873333336,-76.93658169666666,-9.847000000000001,0,1,8.614225000000001,6.932689,63.84010000000001,1,1,1789162747.3416271,-0.9833303247809704,-0.15981376976117181,-0.08530842929956614,0.015604590712843338,-179.80093971524656,-9.948352792187043,18.445012348972984,-0.0964324082324151,0.06709429617101642,0.6344128714000724,3.312588358135223,1.5062033983421326,-5.642942636070252
2026-09-11T17:39:07.382,7.687182112000016,-51.89996337890625,-4670.9967041015625,-18683.98681640625,-35.55147491455078,-25.909741401672367,-4.147779941558838,-2.841229259967804,-6.355648845668846,-0.020220458794238134,0.0,0.17934228479862213,1469.1719970703125,64.56322252750397,-0.1068115308880806,-38.452151119709015,-2629.7377739343715,1,1789162747.075933,38.991458873333336,-76.93658169666666,-9.847000000000001,0,1,8.614225000000001,6.932689,63.84010000000001,1,1,1789162747.381627,-0.9852879566186619,-0.14597415145869255,-0.08769480431308029,0.014450292198670188,-179.83274455193646,-10.196697261046513,16.839649097097713,-0.022712842220828207,0.06832161170101883,0.6992110124071651,6.28714148519516,-0.07305954370498657,-8.190808414592743
2026-09-11T17:39:07.415,7.720594559999995,-52.03719711303711,-4683.34774017334,-18733.39096069336,-35.64548002243042,-26.003746509552006,-4.096960067749023,-2.8064176464080814,-6.277777483912129,1.0418755776213924,0.0,0.18026162683963776,1476.7032470703125,64.89418566226959,0.061035171151161194,21.97266161441803,1808.4521294029585,1,1789162747.075933,38.991458873333336,-76.93658169666666,-9.847000000000001,0,1,8.614225000000001,6.932689,63.84010000000001,1,1,1789162747.409627,-0.9867443080653391,-0.13636556750622986,-0.08690081783010431,0.013724079561797695,-179.80307741791793,-10.09266906559811,15.719197849803635,-0.08665891348709724,-0.03725160942286617,0.6875310945198938,1.8677745898056028,1.8759141094398497,-7.7757909797477724
2026-09-11T17:39:07.449,7.754006239999995,-52.17804718017578,-4696.02424621582,-18784.09698486328,-35.74196231842041,-26.100228805541995,-4.202751159667969,-2.878884544372559,-6.439881317941472,-2.1689091349036183,0.0,0.18020059168338776,1476.2032470703125,64.87221300601959,-0.03051757998764515,-10.986328795552254,-986.4511574985125,1,1789162747.075933,38.991458873333336,-76.93658169666666,-9.847000000000001,0,1,8.614225000000001,6.932689,63.84010000000001,1,1,1789162747.437627,-0.9882507946322735,-0.12647809776727206,-0.08461487084623265,0.014282203104826264,-179.6031209583377,-9.837487662667892,14.552183171224373,-0.015202690449496608,-0.07672362672011954,0.7084432805514395,-6.52387402009964,2.305543453025818,-7.401765342578888
2026-09-11T17:39:07.483,7.787430496000013,-52.31985092163086,-4708.786582946777,-18835.14633178711,-35.839097881317144,-26.197364368438723,-4.2813591957092285,-2.9327310490608216,-6.5603325184789245,-1.6110008458597913,0.0,0.1805725246667862,1479.2501220703125,65.00610888004303,0.01525880303233862,5.493169091641903,493.0400810472911,1,1789162747.075933,38.991458873333336,-76.93658169666666,-9.847000000000001,0,1,8.614225000000001,6.932689,63.84010000000001,1,1,1789162747.481627,-0.9899822970108108,-0.11038526527024473,-0.0872667737028897,0.011604095135142484,-179.78410059169497,-10.09884991818991,12.705581087017919,-0.04083930823326572,0.014274000754510425,0.7077039590802947,3.4391922117233276,3.223445908164978,-5.054739759368896
2026-09-11T17:39:07.516,7.820869727999991,-52.466148376464844,-4721.953353881836,-18887.813415527344,-35.93931163787842,-26.297578125,-4.385257720947266,-3.003901538848877,-6.719536370009113,-2.128353001292089,0.0,0.18037225306034088,1477.6094970703125,64.93401110172272,-0.015258795581758022,-5.493166409432888,-328.5462866217159,1,1789162747.075933,38.991458873333336,-76.93658169666666,-9.847000000000001,0,1,8.614225000000001,6.932689,63.84010000000001,1,1,1789162747.509627,-0.9911499233402268,-0.10049707320313635,-0.08613763446492566,0.010123026674524813,-179.8398143391037,-9.949801284919083,11.565427480360796,-0.13954204075667503,-0.08179677525689144,0.7238698967439671,-4.134483708190918,0.37794829723358153,-6.6407692900276185
2026-09-11T17:39:07.549,7.85428310399999,-52.61685562133789,-4735.51700592041,-18942.06802368164,-36.042546100616455,-26.400812587738038,-4.4898457527160645,-3.0755443406105045,-6.879796753334156,-2.1441353834353793,0.0,0.1810608059167862,1483.2501220703125,65.18189013004303,0.1068115383386612,38.45215380191803,1315.2014394281125,1,1789162747.075933,38.991458873333336,-76.93658169666666,-9.847000000000001,0,1,8.614225000000001,6.932689,63.84010000000001,1,1,1789162747.541627,-0.9922736559517696,-0.08813043395617781,-0.0866951288531839,0.010486798745788112,-179.67821602806492,-10.014592921021856,10.122810148004154,0.0066730918620751195,-0.04966980158373103,0.7579451814611287,1.6865476948165894,0.6462582456588745,-10.614031669559479
2026-09-11T17:39:07.583,7.887706815999991,-52.769195556640625,-4749.227600097656,-18996.910400390625,-36.146898956298834,-26.505165443420413,-4.5947771072387695,-3.1474223184585575,-7.040583210581948,-2.150508532626491,0.0,0.18087197840213776,1481.7032470703125,65.11391222476959,-0.0610351599752903,-21.972657591104507,-1807.8426295984252,1,1789162747.075933,38.991458873333336,-76.93658169666666,-9.847000000000001,0,1,8.614225000000001,6.932689,63.84010000000001,1,1,1789162747.5816271,-0.993762886487201,-0.07297525978536294,-0.08381644491434022,0.009205458261628921,-179.64760726321046,-9.667538124604336,8.369955792610574,0.03817261966914358,-0.0193305686633884,0.7406302935508685,-4.471734407253265,3.5506938240623476,-5.395226652984619
2026-09-11T17:39:07.616,7.921118368000009,-52.93113327026367,-4763.8019943237305,-19055.207977294922,-36.257826290130616,-26.6160927772522,-4.82981014251709,-3.308419947624207,-7.400724650197305,-4.818621690053836,0.0,0.18049432337284088,1478.6094970703125,64.97795641422272,0.03051757998764515,10.986328795552254,986.454816185695,1,1789162747.075933,38.991458873333336,-76.93658169666666,-9.847000000000001,0,1,8.614225000000001,6.932689,63.84010000000001,1,1,1789162747.609627,-0.994714333012413,-0.06149084476860856,-0.08150032251038977,0.010953042500409012,-179.31657524223698,-9.409300313779264,7.0185272782760055,0.07369338607280697,-0.11418205765934704,0.8202845026180118,-1.6815463032341005,-0.9764481566047669,-7.5700474593544005
2026-09-11T17:39:07.649,7.954531456000012,-53.09772491455078,-4778.79524230957,-19115.18096923828,-36.371941566467285,-26.730208053588868,-4.960541725158691,-3.397971081733704,-7.601044832081469,-2.6801214574806265,0.0,0.18035699427127838,1477.4844970703125,64.92851793766022,0.0762939602136612,27.46582567691803,493.20484480106114,1,1789162747.075933,38.991458873333336,-76.93658169666666,-9.847000000000001,0,1,8.614225000000001,6.932689,63.84010000000001,1,1,1789162747.641627,-0.9956070152235074,-0.04768759067394573,-0.08005990669107861,0.00910913135644039,-179.39035737926994,-9.223450313506946,5.435338794878728,-0.16461736065300275,-0.306013988272847,0.8687278613363664,2.6020965539169314,0.12601545457839966,-7.776281312255859
2026-09-11T17:39:07.683,7.987955200000016,-53.26882553100586,-4794.194297790527,-19176.77719116211,-36.48914548873902,-26.8474119758606,-5.117773532867432,-3.505674870014191,-7.841971344877834,-3.222373540213649,0.0,0.17942430078983307,1469.8438720703125,64.5927482843399,0.2441406399011612,87.89063036441803,1807.840698142408,1,1789162747.075933,38.991458873333336,-76.93658169666666,-9.847000000000001,0,1,8.614225000000001,6.932689,63.84010000000001,1,1,1789162747.681627,-0.9965801545132749,-0.03126354741061032,-0.0763982688684982,0.003727029312734149,-179.8462758306466,-8.772241111177898,3.581862867072079,-0.24674260687511954,-0.06725591365975109,0.8215367763563177,9.016724491214752,-1.5869121291732786,1.3868564658737181
2026-09-11T17:39:07.716,8.021369727999996,-53.433494567871094,-4809.014511108398,-19236.058044433594,-36.6019437789917,-26.960210266113283,-4.989495754241943,-3.4178045916557314,-7.645411130224874,2.62970281544936,0.0,0.17904473841190338,1466.7344970703125,64.45610582828522,0.015258789993822575,5.493164397776127,-2465.9173987641134,1,1789162747.075933,38.991458873333336,-76.93658169666666,-9.847000000000001,0,1,8.614225000000001,6.932689,63.84010000000001,1,1,1789162747.709627,-0.997022416936741,-0.02018118805942324,-0.07424553019691964,0.005159556173517924,-179.5775462495971,-8.52594037316024,2.287693566028981,0.04050228515470561,-0.12962473088099286,0.7925669287670898,-9.539222811832428,3.8505811860084536,-14.436271636600493
2026-09-11T17:39:07.750,8.054782848000002,-53.60230255126953,-4824.207229614258,-19296.82891845703,-36.71757724761963,-27.075843734741213,-4.990201473236084,-3.4182880091667176,-7.646492504399413,-0.014467894976169682,0.0,0.17409516870975494,1426.1876220703125,62.67426073551178,-0.2593994438648224,-93.38379979133606,-2959.2257229823163,1,1789162747.075933,38.991458873333336,-76.93658169666666,-9.847000000000001,0,1,8.614225000000001,6.932689,63.84010000000001,1,1,1789162747.741627,-0.9974230443861227,-0.006829935587952945,-0.07139436848555988,0.001861895789588612,-179.84145230261484,-8.18942270164538,0.7733126381309565,-0.104775082056948,-0.15030915144515328,0.73638704907342,2.5549265666389465,1.0636292765426636,-0.44257412179946903
2026-09-11T17:39:07.784,8.088205471999999,-53.771080017089844,-4839.397201538086,-19357.588806152344,-36.833189811706546,-27.191456298828125,-5.017469882965088,-3.4369668698310853,-7.688275925713765,-0.5588687669875877,0.0,0.163759246468544,1341.5157470703125,58.95332872867584,-0.0152588477358222,-5.493185184895992,2629.674277113895,1,1789162747.075933,38.991458873333336,-76.93658169666666,-9.847000000000001,0,1,8.614225000000001,6.932689,63.84010000000001,1,1,1789162747.781627,-0.9974931511856847,0.008779292757733972,-0.07018971693203534,-0.0019341647623155292,179.84803166289973,-8.051404136165795,-0.9978399395630776,-0.21694878934602513,-0.10112734392027985,0.6658579449344787,0.9550696592521668,0.7432460157585143,-4.929312703800202
2026-09-11T17:39:07.816,8.121624671999996,-53.934913635253906,-4854.142227172852,-19416.568908691406,-36.945415840148925,-27.30368232727051,-4.940676212310791,-3.384363205432892,-7.570604879726396,1.5740551658387252,0.0,0.15359117090702057,1258.2188720703125,55.292821526527405,-0.3509521782398224,-126.34278416633606,-3616.1727085462776,1,1789162747.075933,38.991458873333336,-76.93658169666666,-9.847000000000001,0,1,8.614225000000001,6.932689,63.84010000000001,1,1,1789162747.809627,-0.9976161796989145,0.018619864297994657,-0.06628627376106738,-0.004624777544950862,179.60929236241196,-7.609962765725227,-2.112544447181475,-0.3436228665935964,-0.42874519220723784,0.7039389348178925,-3.866075693264008,1.2770219840621948,-4.825460278587341
2026-09-11T17:39:07.850,8.155038015999992,-54.09379577636719,-4868.441619873047,-19473.766479492188,-37.05425010681152,-27.41251659393311,-4.7598876953125,-3.2605230712890627,-7.293582389247179,3.7063076998173035,0.0,0.14721299707889557,1205.9688720703125,52.996678948402405,-0.2136230766773224,-76.90430760383606,1479.6027767381192,1,1789162747.075933,38.991458873333336,-76.93658169666666,-9.847000000000001,0,1,8.614225000000001,6.932689,63.84010000000001,1,1,1789162747.8416271,-0.997472360689495,0.028914050598177293,-0.06473673594218143,-0.004692798534380314,179.6753649308237,-7.435938103916012,-3.2996767958979083,-0.054010435433440925,-0.10215464471800371,0.6113303684436717,8.143442294311523,2.1148041073799133,-2.21610680355072
2026-09-11T17:39:07.883,8.188457024000002,-54.25298309326172,-4882.768478393555,-19531.07391357422,-37.16329341888428,-27.521559906005862,-4.7599358558654785,-3.2605560612678532,-7.29365618572801,-0.0009871621201479757,0.0,0.13881875574588776,1137.2032470703125,49.97475206851959,-0.18310552835464478,-65.91799020767212,328.74456944265677,1,1789162747.075933,38.991458873333336,-76.93658169666666,-9.847000000000001,0,1,8.614225000000001,6.932689,63.84010000000001,1,1,1789162747.881627,-0.9972545751573997,0.041346952169177824,-0.06117962863360966,-0.005549316553175188,179.6530967508428,-7.035380513019499,-4.727010744337401,-0.05093464169265132,-0.05082189342297248,0.5461679772216879,-0.16200586067199707,-0.3573543318939209,-8.61210210554123
2026-09-11T17:39:07.916,8.22186511999999,-54.4102897644043,-4896.926078796387,-19587.704315185547,-37.27104848861695,-27.629314975738527,-4.708071708679199,-3.2250291204452517,-7.214184682456263,1.063423094288709,0.0,0.1258239895105362,1030.7501220703125,45.29663622379303,-0.22888189554214478,-82.39748239517212,-493.2784013643246,1,1789162747.075933,38.991458873333336,-76.93658169666666,-9.847000000000001,0,1,8.614225000000001,6.932689,63.84010000000001,1,1,1789162747.909627,-0.9970114436368648,0.04949201372256028,-0.05876902268150949,-0.008057531128139962,179.40859392121428,-6.775787533445887,-5.648690647814953,-0.010963809295177979,-0.08596235258262631,0.5430431397289173,-10.04583435918808,-0.7175525923347473,-6.603896285419464
2026-09-11T17:39:07.951,8.255278943999997,-54.5680046081543,-4911.120414733887,-19644.481658935547,-37.37908315658569,-27.737349643707276,-4.682229995727539,-3.2073275470733646,-7.174587390554226,0.5297679598684426,0.0,0.11322404444217682,927.5313720703125,40.760655999183655,-0.13732916116714478,-49.43849802017212,986.3876811882665,1,1789162747.075933,38.991458873333336,-76.93658169666666,-9.847000000000001,0,1,8.614225000000001,6.932689,63.84010000000001,1,1,1789162747.941627,-0.9966550792396784,0.058050105634490354,-0.056604641099001256,-0.010234884837051582,179.20240157614512,-6.547038704244298,-6.6212250248919915,0.018218270331092412,-0.0868917404093133,0.57363178019937,10.322087694244384,2.586209780654907,-4.790058271503448
2026-09-11T17:39:07.984,8.28870291199999,-54.71983337402344,-4924.785003662109,-19699.140014648438,-37.48308586120606,-27.84135234832764,-4.579099655151367,-3.1366832637786866,-7.016560629426188,2.113581585965225,0.0,0.11319734156131744,927.3126220703125,40.75104296207428,-0.015258789993822575,-5.493164397776127,1314.7850555147727,1,1789162747.075933,38.991458873333336,-76.93658169666666,-9.847000000000001,0,1,8.614225000000001,6.932689,63.84010000000001,1,1,1789162747.981627,-0.9958974538340891,0.06857394615230764,-0.05806195832575008,-0.010709077983534581,179.22878471453285,-6.7257016577282815,-7.832613856782795,0.004618315733702196,-0.049409398459333474,0.5431808462068997,10.683070486698151,2.4222425899505615,-10.885185546531677
2026-09-11T17:39:08.017,8.322117087999999,-54.87249755859375,-4938.5247802734375,-19754.09912109375,-37.587660827636725,-27.945927314758304,-4.554233551025391,-3.1196499824523927,-6.978458264254629,0.5097621239048312,0.0,0.11190034449100494,916.6876220703125,40.28412401676178,-0.0457763746380806,-16.479494869709015,-328.79250028282223,1,1789162747.075933,38.991458873333336,-76.93658169666666,-9.847000000000001,0,1,8.614225000000001,6.932689,63.84010000000001,1,1,1789162748.009627,-0.9954438698542561,0.07519511558026172,-0.0577615241645204,-0.01004006417536767,179.34799627281467,-6.690533245481352,-8.601644163174765,0.08077820110542756,-0.028199110191547184,0.4753515918878684,-5.820835270004272,-2.139026533279419,-11.50329870622635
2026-09-11T17:39:08.050,8.355531423999992,-55.02306365966797,-4952.075729370117,-19808.30291748047,-37.69079860687256,-28.04906509399414,-4.529212951660156,-3.1025108718872074,-6.9401191658178325,0.5129268636428673,0.0,0.1118946224451065,916.6407470703125,40.28206408023834,0.0457763709127903,16.479493528604507,986.3726874093998,1,1789162747.075933,38.991458873333336,-76.93658169666666,-9.847000000000001,0,1,8.614225000000001,6.932689,63.84010000000001,1,1,1789162748.041627,-0.9948022813584132,0.08334804688019604,-0.05777805262540439,-0.00912253912950117,179.50855369356273,-6.688775528050313,-9.549795629968651,0.03926065792483684,-0.10867763826440732,0.4643605554563593,0.6903881713867188,3.4607668420791624,-12.986554543190003
2026-09-11T17:39:08.084,8.38896060799999,-55.171875,-4965.46875,-19861.875,-37.792734375,-28.151000862121585,-4.47807502746582,-3.067481393814087,-6.861760455024346,1.0478711676935122,0.0,0.1134185940027237,929.1251220703125,40.83069384098053,0.0915527492761612,32.95898973941803,492.9673488534429,1,1789162748.0774472,38.99144722,-76.93657424833333,-9.889000000000003,0,1,12.103441,15.539364,157.50250000000003,1,1,1789162748.0816271,-0.9940025937781626,0.09461527733427322,-0.054179919893917704,-0.008445657909995805,179.62316724138032,-6.275434324031828,-10.854107340988715,-0.05578107195958917,-0.26506193176990245,0.5276269955119017,3.720839204368591,-0.5291668427276611,-4.735239097099305
2026-09-11T17:39:08.117,8.422377823999994,-55.31676483154297,-4978.508834838867,-19914.03533935547,-37.891983909606935,-28.250250396728518,-4.375560283660889,-2.997258794307709,-6.704676973666127,2.1013898795869275,0.0,0.11665154993534088,955.6094970703125,41.99455797672272,-0.015258795581758022,-5.493166409432888,-1150.669048817432,1,1789162748.0774472,38.99144722,-76.93657424833333,-9.889000000000003,0,1,12.103441,15.539364,157.50250000000003,1,1,1789162748.109627,-0.993459634119031,0.10202808873819254,-0.05063632042772964,-0.008011712554293456,179.67825952832845,-5.868469204009548,-11.710921474731306,-0.09238586236166624,-0.2139860929407648,0.5337857388434142,0.783355214920044,1.7324428175735476,-4.228137217235565
2026-09-11T17:39:08.151,8.455790944,-55.45589828491211,-4991.03084564209,-19964.12338256836,-37.9872903251648,-28.34555681228638,-4.168670177459717,-2.8555390715599063,-6.38765898255168,4.241439373149764,0.0,0.11653710901737213,954.6719970703125,41.95335924625397,-0.030517585575580597,-10.986330807209015,-164.40142069268495,1,1789162748.0774472,38.99144722,-76.93657424833333,-9.889000000000003,0,1,12.103441,15.539364,157.50250000000003,1,1,1789162748.141627,-0.9926683300800124,0.1101157349518972,-0.04961338661545714,-0.004756389461336399,-179.9145834391669,-5.713072771436105,-12.664034628417006,0.10664694767971192,-0.11712974423304025,0.4613451501076887,3.9921892143440245,2.371444142112732,-13.953588315639497
2026-09-11T17:39:08.184,8.489214432000011,-55.5860481262207,-5002.744331359863,-20010.977325439453,-38.07644296646119,-28.434709453582766,-3.9113364219665527,-2.679265449047089,-5.9933461190208615,5.273944553984286,0.0,0.1131134182214737,926.6251220703125,40.72083055973053,-0.18310546875,-65.91796875,-1643.5040514853754,1,1789162748.0774472,38.99144722,-76.93657424833333,-9.889000000000003,0,1,12.103441,15.539364,157.50250000000003,1,1,1789162748.181627,-0.9916699180206046,0.11957050830546236,-0.047863626481721974,-0.0016554445320602247,-179.53015846928778,-5.470067377949156,-13.772931935236405,0.11986764223064376,-0.20493865516427656,0.41225287797344257,-1.839825636844635,0.29929896293640135,-10.468108715152741
2026-09-11T17:39:08.217,8.522630528000008,-55.710819244384766,-5013.973731994629,-20055.894927978516,-38.161911182403564,-28.52017766952515,-3.757284641265869,-2.5737399792671205,-5.75729236593396,3.157923348675443,0.0,0.10225297510623932,837.6563720703125,36.811071038246155,-0.3662109375,-131.8359375,-1972.641231040494,1,1789162748.0774472,38.99144722,-76.93657424833333,-9.889000000000003,0,1,12.103441,15.539364,157.50250000000003,1,1,1789162748.209627,-0.9909768994666727,0.12472375582346815,-0.049042161575880074,-0.001906789100302487,-179.5132724166999,-5.605298959393867,-14.37081473751174,0.021155310396348468,0.10888376164906784,0.30853808343708117,-3.7613406695365907,0.2659563523864746,-2.7943068970870972
2026-09-11T17:39:08.252,8.556043455999998,-55.83635711669922,-5025.27214050293,-20101.08856201172,-38.24790462493897,-28.60617111206055,-3.7067553997039795,-2.539127448797226,-5.679866340366015,1.0359023450415576,0.0,0.0840912014245987,688.8751220703125,30.27283251285553,-0.518798828125,-186.767578125,-1644.02355354839,1,1789162748.0774472,38.99144722,-76.93657424833333,-9.889000000000003,0,1,12.103441,15.539364,157.50250000000003,1,1,1789162748.249627,-0.9901094191723002,0.13118065305850074,-0.0497405608608372,-0.000922461210352268,-179.35377944307942,-5.666573430314016,-15.126427658490623,-0.00946474600064005,-0.056686897841374234,0.3442284958440385,11.419942179851532,-0.8410183178710938,-9.689264559307098
2026-09-11T17:39:08.285,8.58946729600001,-55.95363235473633,-5035.8269119262695,-20143.307647705078,-38.32823816299439,-28.686504650115968,-3.5784239768981934,-2.4512204241752626,-5.4832239266626255,2.6300695737513293,0.0,0.07183267176151276,588.4532470703125,25.859761834144592,-0.518798828125,-186.767578125,0.0,1,1789162748.0774472,38.99144722,-76.93657424833333,-9.889000000000003,0,1,12.103441,15.539364,157.50250000000003,1,1,1789162748.281627,-0.9895030918799721,0.13516652939369098,-0.05111072461109173,-0.0011551282911476818,-179.3358854546646,-5.823290826260371,-15.590746588530005,0.00014660765716752367,0.10696442307064968,0.21866828772508995,10.038675504570007,0.43816112922668454,-1.447461563873291
2026-09-11T17:39:08.318,8.622886464000004,-56.07143020629883,-5046.4287185668945,-20185.714874267578,-38.408929691314704,-28.767196178436283,-3.5527892112731934,-2.433660609722138,-5.443943740430689,0.5254414009686783,0.0,0.053796783089637756,440.7032470703125,19.366841912269592,-0.7171630859375,-258.1787109375,-2136.8315576411533,1,1789162748.0774472,38.99144722,-76.93657424833333,-9.889000000000003,0,1,12.103441,15.539364,157.50250000000003,1,1,1789162748.309627,-0.9889585126897505,0.1380707730963244,-0.05382478956656432,0.0006432908942801379,-179.07018898566025,-6.101109628329871,-15.945198540737804,0.1526967618618815,0.16055842294456477,0.17324679207363836,7.606430131454467,-0.19917306478500368,-6.366085018997192
2026-09-11T17:39:08.351,8.65630483199999,-56.18865203857422,-5056.97868347168,-20227.91473388672,-38.48922664642334,-28.847493133544923,-3.5012433528900146,-2.39835169672966,-5.364959951524824,1.0565720322576269,0.0,0.038927093148231506,318.8907470703125,14.013753533363342,0.1068115308880806,38.452151119709015,8876.282111003724,1,1789162748.0774472,38.99144722,-76.93657424833333,-9.889000000000003,0,1,12.103441,15.539364,157.50250000000003,1,1,1789162748.3416271,-0.9885382969499065,0.1410233244580395,-0.05387379186292701,-0.0014394347817940924,-179.28835406877133,-6.137716644207465,-16.276042965809108,-0.042748872967872706,0.047658658686657966,0.15202725356081648,-0.07766866928100585,0.5997747238922119,-5.887128225097656
2026-09-11T17:39:08.385,8.689728416000008,-56.30257797241211,-5067.23201751709,-20268.92807006836,-38.5672659111023,-28.92553239822388,-3.450136184692383,-2.3633432865142825,-5.286648368186918,1.0474164055942565,0.0,0.038377776741981506,314.3907470703125,13.815999627113342,0.0457763746380806,16.479494869709015,-657.3997644892754,1,1789162748.0774472,38.99144722,-76.93657424833333,-9.889000000000003,0,1,12.103441,15.539364,157.50250000000003,1,1,1789162748.381627,-0.987920554739406,0.14445683835290649,-0.056068112098874766,-0.001251471987218486,-179.20862234904533,-6.381223003221256,-16.68214053550902,0.07715262865025974,0.021114818757702197,0.13959282983790808,-6.314011706638336,0.13945056529998778,-3.982284497680664
2026-09-11T17:39:08.418,8.723140096000009,-56.41743469238281,-5077.569122314453,-20310.276489257812,-38.64594276428223,-29.00420925140381,-3.4506125450134277,-2.363669593334198,-5.287378295754732,-0.009766250003457443,0.0,0.038408294320106506,314.6407470703125,13.826985955238342,-0.045776382088661194,-16.47949755191803,-986.451217706702,1,1789162748.0774472,38.99144722,-76.93657424833333,-9.889000000000003,0,1,12.103441,15.539364,157.50250000000003,1,1,1789162748.409627,-0.987578985412306,0.14710266602739602,-0.0550832580486562,-0.0037931388555942683,-179.49768963818056,-6.310363713502927,-16.971844337610495,-0.05848441243800319,0.10189581238993294,0.1811658744887122,2.2241482566833497,1.7783379403305053,-7.899747037792205
2026-09-11T17:39:08.451,8.756553792000005,-56.53507995605469,-5088.157196044922,-20352.628784179688,-38.72652976989746,-29.084796257019047,-3.503446340560913,-2.3998607432842256,-5.368335592529132,-1.0831232183961692,0.0,0.03860093653202057,316.2188720703125,13.896337151527405,-0.0762939527630806,-27.465822994709015,-328.7970729964169,1,1789162748.0774472,38.99144722,-76.93657424833333,-9.889000000000003,0,1,12.103441,15.539364,157.50250000000003,1,1,1789162748.441627,-0.987142576405975,0.14987555544458742,-0.05528298239715923,-0.005535664732055387,-179.67472366196125,-6.36164701036251,-17.284379445977574,-0.11447789096756007,-0.00967697803768256,0.1770692376684311,-1.2725109249877928,2.1192170999526976,-8.151777946949005
2026-09-11T17:39:08.485,8.789978144000003,-56.65460968017578,-5098.91487121582,-20395.65948486328,-38.808407630920414,-29.166674118041996,-3.556063175201416,-2.4359032750129703,-5.448960439810683,-1.0783315029936156,0.0,0.03864099085330963,316.5469970703125,13.910756707191467,0.0,0.0,821.7309043032834,1,1789162748.0774472,38.99144722,-76.93657424833333,-9.889000000000003,0,1,12.103441,15.539364,157.50250000000003,1,1,1789162748.481627,-0.986798547516225,0.15322229040554627,-0.05232595750703949,-0.0036811022423346943,-179.49474896200707,-5.992507593274265,-17.678360545444754,0.07591361941426895,-0.14960194403224514,0.11402183643401395,-7.983005497665405,1.0356803235816956,-4.4363324001693725
2026-09-11T17:39:08.518,8.823389952000014,-56.778533935546875,-5110.068054199219,-20440.272216796875,-38.89329574584961,-29.251562232971192,-3.712742328643799,-2.5432284951210025,-5.6890401197230664,-3.212194326867821,0.0,0.038604751229286194,316.2501220703125,13.89771044254303,0.0,0.0,0.0,1,1789162748.0774472,38.99144722,-76.93657424833333,-9.889000000000003,0,1,12.103441,15.539364,157.50250000000003,1,1,1789162748.509627,-0.9863369297887623,0.15577527041096534,-0.053453622728559164,-0.004029426815537363,-179.49838391213797,-6.125231154628622,-17.976383280948458,0.004006054232102585,0.0580171877972443,0.2109006998890892,3.48989259305954,-0.535050832824707,-11.941754034957885
2026-09-11T17:39:08.552,8.856804863999997,-56.90677261352539,-5121.609535217285,-20486.43814086914,-38.981139240264895,-29.339405727386477,-3.7909204959869385,-2.596780539751053,-5.808832631869744,-1.6026391040645833,0.0,0.037569060921669006,307.7657470703125,13.524861931800842,0.0457763709127903,16.479493528604507,493.17782218347907,1,1789162748.0774472,38.99144722,-76.93657424833333,-9.889000000000003,0,1,12.103441,15.539364,157.50250000000003,1,1,1789162748.549627,-0.9858019365445208,0.15898096154976726,-0.05383510141180426,-0.0046235944637293015,-179.53885840069339,-6.177654231766675,-18.347386225987073,0.0929251691005325,0.06907105608182519,0.1438252532739943,-2.208947948932648,0.8245431455993653,-11.188897502040863
2026-09-11T17:39:08.585,8.890223423999998,-57.03520965576172,-5133.168869018555,-20532.67547607422,-39.06911861419678,-29.42738510131836,-3.869771718978882,-2.6507936275005344,-5.929656468102477,-1.6162601784600945,0.0,0.037668243050575256,308.5782470703125,13.560567498207092,-0.015258791856467724,-5.493165068328381,-657.4986653204714,1,1789162748.0774472,38.99144722,-76.93657424833333,-9.889000000000003,0,1,12.103441,15.539364,157.50250000000003,1,1,1789162748.5816271,-0.9853989303589512,0.16148370004569118,-0.053620450407554504,-0.0060671216469472475,-179.69106474423648,-6.178975700494883,-18.630087538419545,-0.1524229197022436,-0.12921684743480177,0.08832203773132265,-7.354105022792816,2.2886760147476197,-7.188764901065826
2026-09-11T17:39:08.618,8.923639104000017,-57.17015838623047,-5145.314254760742,-20581.25701904297,-39.16155849456788,-29.519824981689457,-4.0008745193481445,-2.7405990457534792,-6.130545467415614,-2.687523290051095,0.0,0.03836633265018463,314.2969970703125,13.811879754066467,0.030517585575580597,10.986330807209015,493.1665576019452,1,1789162748.0774472,38.99144722,-76.93657424833333,-9.889000000000003,0,1,12.103441,15.539364,157.50250000000003,1,1,1789162748.609627,-0.9848418797544992,0.16417600256344392,-0.055466398704217934,-0.007496044203270157,-179.8012185914242,-6.414049220573817,-18.939822858992557,-0.006801373562096703,-0.0007417649320975901,0.2594976475816193,6.040308100624085,2.9670020064353944,-4.916269859085083
2026-09-11T17:39:08.652,8.957053856000016,-57.310367584228516,-5157.933082580566,-20631.732330322266,-39.257601795196535,-29.615868282318118,-4.185267925262451,-2.866908528804779,-6.413091734083697,-3.7800514889742263,0.0,0.03800775110721588,311.3594970703125,13.682790398597717,0.015258795581758022,5.493166409432888,-164.39339121165193,1,1789162748.0774472,38.99144722,-76.93657424833333,-9.889000000000003,0,1,12.103441,15.539364,157.50250000000003,1,1,1789162748.649627,-0.9844374711971874,0.1673997942210863,-0.05244524973050077,-0.010472343497522355,179.8236617861487,-6.128823492581978,-19.291789286826695,-0.14137742899807226,-0.04721167986522221,0.15061266420207506,-0.8071853748130797,4.7771134932899475,-9.853231750011444
2026-09-11T17:39:08.685,8.990474624,-57.45509719848633,-5170.9587478637695,-20683.834991455078,-39.35674158096314,-29.715008068084718,-4.316434860229492,-2.9567578792572022,-6.614079006928237,-2.6884286576677,0.0,0.037263885140419006,305.2657470703125,13.414998650550842,-0.2288818359375,-82.3974609375,-2629.820695531966,1,1789162748.0774472,38.99144722,-76.93657424833333,-9.889000000000003,0,1,12.103441,15.539364,157.50250000000003,1,1,1789162748.681627,-0.9839693757472313,0.17011726624423243,-0.05258286834371708,-0.009971222289175175,179.9001777935422,-6.135055348167622,-19.612318763387304,-0.11290918903586757,0.06649599730343277,0.1660242705630354,-0.2526193081665039,3.621301705226898,-12.373344708576203
2026-09-11T17:39:08.719,9.023884288000005,-57.60160827636719,-5184.144744873047,-20736.578979492188,-39.45710166931153,-29.81536815643311,-4.3958001136779785,-3.0111230778694154,-6.735690492728642,-1.6272297324572442,0.0,0.036272063851356506,297.1407470703125,13.057942986488342,-0.1525879055261612,-54.93164598941803,822.0919237044284,1,1789162748.0774472,38.99144722,-76.93657424833333,-9.889000000000003,0,1,12.103441,15.539364,157.50250000000003,1,1,1789162748.709627,-0.9836758049814739,0.17231055128665732,-0.05085425771400215,-0.010238607409958937,179.84921768716194,-5.945167240170693,-19.863569185114358,0.047213076128623806,-0.02376737015488318,0.13996266510640568,-3.0681085696029666,3.310332828598023,-6.998613954429626
2026-09-11T17:39:08.752,9.057296736000012,-57.753082275390625,-5197.777404785156,-20791.109619140625,-39.56086135864258,-29.919127845764162,-4.501506328582764,-3.083531835079193,-6.89766426959375,-2.1671191889251107,0.0,0.033990874886512756,278.4532470703125,12.236714959144592,-0.2136230766773224,-76.90430760383606,-657.6190291239171,1,1789162748.0774472,38.99144722,-76.93657424833333,-9.889000000000003,0,1,12.103441,15.539364,157.50250000000003,1,1,1789162748.749627,-0.9829630154311374,0.17662764622143823,-0.04977163819988562,-0.010448392972099343,179.82959957507617,-5.827760049612511,-20.3647530831811,-0.014662685578929562,-0.013063963984102756,0.16919553381390912,2.34172999212265,4.179300099430084,-5.679325308170319
2026-09-11T17:39:08.786,9.090717728000016,-57.90861129760742,-5211.775016784668,-20847.100067138672,-39.66739873886109,-30.025665225982667,-4.606104850769043,-3.1551818227767945,-7.057940727399765,-2.143861788949708,0.0,0.03300096094608307,270.3438720703125,11.880345940589905,0.01525880303233862,5.493169091641903,2465.440783309765,1,1789162748.0774472,38.99144722,-76.93657424833333,-9.889000000000003,0,1,12.103441,15.539364,157.50250000000003,1,1,1789162748.777627,-0.9826622646236036,0.179339292482532,-0.04586024409768066,-0.010446524205537612,179.76509646998556,-5.386699710631684,-20.67465082075998,0.04003156985544274,-0.04737888240756327,0.18450102415634817,-2.551200039577484,0.39805193006515505,1.9224956977081298
2026-09-11T17:39:08.819,9.124131487999989,-58.06490707397461,-5225.841636657715,-20903.36654663086,-39.77446134567261,-30.132727832794192,-4.658033847808838,-3.1907531857490543,-7.137511600190253,-1.0645722891493803,0.0,0.032203689217567444,263.8126220703125,11.59332811832428,0.0762939602136612,27.46582567691803,657.593057030802,1,1789162748.0774472,38.99144722,-76.93657424833333,-9.889000000000003,0,1,12.103441,15.539364,157.50250000000003,1,1,1789162748.809627,-0.9819143869900095,0.18258362661241578,-0.04925786740638067,-0.009001022923380685,-179.98209740593416,-5.740373772742238,-21.068197119535135,0.19265921667894528,0.08154841490433266,0.1991356099343206,5.5709618238830565,1.8466902919578552,-9.83087258764267
2026-09-11T17:39:08.852,9.157548544000008,-58.221256256103516,-5239.913063049316,-20959.652252197266,-39.881560535430914,-30.239827022552493,-4.683897018432617,-3.208469457626343,-7.1771417717124635,-0.5301565726579487,0.0,0.033737197518348694,276.3751220703125,12.14539110660553,0.030517607927322388,10.98633885383606,-493.14597979764176,1,1789162748.0774472,38.99144722,-76.93657424833333,-9.889000000000003,0,1,12.103441,15.539364,157.50250000000003,1,1,1789162748.849627,-0.9812898675757721,0.18574534428791464,-0.0494315383039146,-0.011197584087491417,179.79193399455878,-5.806728718409,-21.426506415078002,-0.17421440261094398,-0.14046305100295245,0.15551564313677754,-4.273836206989288,-4.016901972751617,-7.192295295124054
2026-09-11T17:39:08.886,9.190949824,-58.38039016723633,-5254.2351150512695,-21016.940460205078,-39.99056726455689,-30.34883375167847,-4.763724327087402,-3.2631511640548707,-7.299461265333901,-1.6371140994758246,0.0,0.033683791756629944,275.9376220703125,12.12616503238678,-0.0915527418255806,-32.958987057209015,-1315.6778995013033,1,1789162748.0774472,38.99144722,-76.93657424833333,-9.889000000000003,0,1,12.103441,15.539364,157.50250000000003,1,1,1789162748.881627,-0.980864430271527,0.18869492700461854,-0.04681906033795726,-0.010352272209762528,179.84808028317943,-5.494669427643636,-21.771329248790547,0.038447683559257886,0.04624651278886935,0.194646448565266,-12.922713250637054,-2.1196093659591675,-10.377887533664703
2026-09-11T17:39:08.919,9.224393759999998,-58.535831451416016,-5268.224830627441,-21072.899322509766,-40.097044544219976,-30.455311031341555,-4.660811424255371,-3.1926558256149296,-7.141767684356939,2.107866084899402,0.0,0.030921950936317444,253.3126220703125,11.13190233707428,-0.2441406399011612,-87.89063036441803,-1642.499354956693,1,1789162748.0774472,38.99144722,-76.93657424833333,-9.889000000000003,0,1,12.103441,15.539364,157.50250000000003,1,1,1789162748.909627,-0.980351115924411,0.1910699283668858,-0.04823131387481323,-0.008815460370542158,-179.9339864651986,-5.6203275771458285,-22.060561984945203,0.18293633648193525,0.04875263106180801,0.1174220868827493,-4.413679038295746,2.2963252018737794,-3.6667064954757693
2026-09-11T17:39:08.953,9.257800607999997,-58.692466735839844,-5282.322006225586,-21129.288024902344,-40.2043397140503,-30.562606201171878,-4.636623382568359,-3.1760870170593263,-7.104704315182809,0.4959704236569707,0.0,0.019706740975379944,161.4376220703125,7.09442675113678,-0.3356934189796448,-120.84963083267212,-986.5941398678373,1,1789162748.0774472,38.99144722,-76.93657424833333,-9.889000000000003,0,1,12.103441,15.539364,157.50250000000003,1,1,1789162748.949627,-0.9798618730053471,0.193868608623217,-0.046946410005531805,-0.00903919291438837,-179.97187963703382,-5.48049144437156,-22.38454774518889,-0.06215990130977805,-0.01654380144672905,0.0831031542020092,-0.22143416065216065,0.3030254899978638,-12.967235442371368
2026-09-11T17:39:08.986,9.291208224000002,-58.8409538269043,-5295.685844421387,-21182.743377685547,-40.30605337142945,-30.66431985855103,-4.506755352020264,-3.087127416133881,-6.905707355346004,2.662853911079186,0.0,0.003730788826942444,30.5626220703125,1.3430839776992798,-0.10681158304214478,-38.45216989517212,2466.427443894446,1,1789162748.0774472,38.99144722,-76.93657424833333,-9.889000000000003,0,1,12.103441,15.539364,157.50250000000003,1,1,1789162748.981627,-0.9796517159985239,0.19532606246433407,-0.04552967991004159,-0.007569208057380354,-179.8299157833703,-5.288077333980212,-22.559746223479248,0.16193601132316388,0.055928028682607094,0.05873347092226278,12.884369248504637,-3.6416014710617066,-10.484583887424469
2026-09-11T17:39:09.019,9.324613247999991,-58.99094009399414,-5309.184608459473,-21236.73843383789,-40.40879396438599,-30.76706045150757,-4.507662773132324,-3.087748999595642,-6.907097797950159,-0.018607484364074233,0.0,0.0036678463220596313,30.0469970703125,1.3204246759414673,-0.2288818508386612,-82.39746630191803,-1315.5295564750825,1,1789162748.0774472,38.99144722,-76.93657424833333,-9.889000000000003,0,1,12.103441,15.539364,157.50250000000003,1,1,1789162749.009627,-0.9796590840456885,0.19619953635754134,-0.04132091255482881,-0.00814881374707628,-179.98573034337971,-4.827631429252669,-22.650575833909386,-0.16778914750265206,-0.2017960153131356,0.019603189092549912,-4.014156110706329,1.5231689031219484,-6.791203303508758
2026-09-11T17:39:09.053,9.358014176000012,-59.1375617980957,-5322.380561828613,-21289.522247314453,-40.509229831695556,-30.867496318817143,-4.406123638153076,-3.0181946921348572,-6.751509243322419,2.0824064367535766,0.0,-0.0040378570556640625,-33.078125,-1.4536285400390625,-0.10681155323982239,-38.45215916633606,1315.6912028179372,1,1789162748.0774472,38.99144722,-76.93657424833333,-9.889000000000003,0,1,12.103441,15.539364,157.50250000000003,1,1,1789162749.049627,-0.9794837270210711,0.19697999919106018,-0.04190450145108773,-0.007383845728195927,-179.88246291212508,-4.875938290134716,-22.746700789763473,-0.10771997610383803,-0.06234612794096584,0.026566703742156885,-2.279359697093964,0.29204204181671145,-9.117536854877471
2026-09-11T17:39:09.086,9.391421600000001,-59.28065872192383,-5335.2592849731445,-21341.037139892578,-40.607251224517825,-30.965517711639407,-4.277068138122559,-2.929791674613953,-6.5537573251027865,2.646208744527342,0.0,-0.01556396484375,-127.5,-5.60302734375,-0.3662109673023224,-131.83594822883606,-2795.3005015451026,1,1789162748.0774472,38.99144722,-76.93657424833333,-9.889000000000003,0,1,12.103441,15.539364,157.50250000000003,1,1,1789162749.0816271,-0.9794116488049451,0.19710480247209447,-0.04309976558351274,-0.006702927290508868,-179.77796639541108,-4.994906553068057,-22.76704485472416,0.09315782148982334,0.2485813112420956,0.013839588303689037,-2.7495885723495483,-2.6210233887290957,-7.501498974723815
2026-09-11T17:39:09.120,9.424834816000015,-59.423072814941406,-5348.076553344727,-21392.306213378906,-40.70480487823487,-31.063071365356446,-4.253659248352051,-2.913756585121155,-6.5178878514700065,0.4799026077822459,0.0,-0.029232025146484375,-239.46875,-10.523529052734375,-0.10681158304214478,-38.45216989517212,2794.815630247187,1,1789162749.0882647,38.99143415,-76.93657161666667,-9.955000000000002,0,1,9.622404,7.535025000000001,63.904036,1,1,1789162749.109627,-0.9792426035242358,0.19752662860871387,-0.04502759122756727,-0.006298449157910586,-179.68627926117037,-5.202388410428372,-22.822875516544375,-0.049839971185800476,0.08682576696358792,-0.04702807122791241,-8.531785640716553,-1.1787593494415283,-2.0385083691215513
2026-09-11T17:39:09.153,9.458239679999991,-59.56563949584961,-5360.907554626465,-21443.63021850586,-40.80246305465698,-31.16072954177857,-4.228374004364014,-2.8964361929893494,-6.479143237717757,0.5184991063522273,0.0,-0.028520584106445312,-233.640625,-10.267410278320312,-0.0457763709127903,-16.479493528604507,657.7687718346378,1,1789162749.0882647,38.99143415,-76.93657161666667,-9.955000000000002,0,1,9.622404,7.535025000000001,63.904036,1,1,1789162749.149627,-0.9788416522895883,0.19788053085632082,-0.051798879703825206,-0.005402898521908097,-179.42838260660358,-5.943290042696927,-22.887201509636018,0.03435157033775239,0.21340908709005543,0.010397799018756218,2.1712904123115537,1.1300202981376648,-13.777853144741057
2026-09-11T17:39:09.186,9.491637983999993,-59.702388763427734,-5373.214988708496,-21492.859954833984,-40.896136302948,-31.254402790069584,-4.151706218719482,-2.8439187598228455,-6.3616650855020636,1.5724580854914256,0.0,-0.027667999267578125,-226.65625,-9.960479736328125,0.1831054836511612,65.91797411441803,2467.115325467346,1,1789162749.0882647,38.99143415,-76.93657161666667,-9.955000000000002,0,1,9.622404,7.535025000000001,63.904036,1,1,1789162749.181627,-0.9787122470711723,0.1976056195020816,-0.05504870292928258,-0.006633014390043093,-179.49429119271622,-6.336940113853841,-22.857539638300366,-0.0453995045028765,0.1846118525638498,0.00951675681234948,7.341160244579315,2.7490982398414614,-7.471980957736969
2026-09-11T17:39:09.220,9.525041055999992,-59.839019775390625,-5385.511779785156,-21542.047119140625,-40.98972854614258,-31.347995033264162,-4.126098155975342,-2.8263772368431095,-6.322425816130785,0.5251469978490803,0.0,-0.022594451904296875,-185.09375,-8.134002685546875,0.1983642876148224,71.41114354133606,164.45102495118542,1,1789162749.0882647,38.99143415,-76.93657161666667,-9.955000000000002,0,1,9.622404,7.535025000000001,63.904036,1,1,1789162749.209627,-0.9784331055289662,0.1980421794770759,-0.058062213992295754,-0.008759706571874427,-179.66215227210495,-6.724162823701453,-22.90485552475601,-0.042178848434171363,0.18712058883066646,-0.019805472752856053,-3.902850631370544,1.1004042146492006,-5.466226800155639
2026-09-11T17:39:09.253,9.558462464000002,-59.972999572753906,-5397.569961547852,-21590.279846191406,-41.08150470733643,-31.43977119445801,-4.046854496002197,-2.7720953297615054,-6.20100064817802,1.6241657766659228,0.0,-0.015291213989257812,-125.265625,-5.5048370361328125,0.2136230617761612,76.90430223941803,164.36048110481798,1,1789162749.0882647,38.99143415,-76.93657161666667,-9.955000000000002,0,1,9.622404,7.535025000000001,63.904036,1,1,1789162749.249627,-0.9779034157416711,0.19959520509531178,-0.06127380080867747,-0.010591738204456599,-179.78378377010685,-7.126927829698981,-23.08530239980346,0.005145056101954084,0.09993615670579373,0.06800448537593146,0.3222465243148804,-4.9064632089233395,-9.888437624092102
2026-09-11T17:39:09.286,9.591867680000007,-60.10710525512695,-5409.639472961426,-21638.557891845703,-41.17336709976197,-31.531633586883547,-4.046313762664795,-2.771724927425385,-6.200172081749691,0.011088158691162527,0.0,-0.0005474090576171875,-4.484375,-0.1970672607421875,0.6103516221046448,219.72658395767212,4275.448532295983,1,1789162749.0882647,38.99143415,-76.93657161666667,-9.955000000000002,0,1,9.622404,7.535025000000001,63.904036,1,1,1789162749.281627,-0.9777097769539199,0.20073807254797255,-0.06075061034987668,-0.00985807387670613,-179.70479858428573,-7.050880769009849,-23.223031629612084,0.08596374884602792,0.012246102696618213,0.11095686373458671,-7.037154089565276,-0.37500630218505865,-0.6426297850990296
2026-09-11T17:39:09.320,9.625273407999998,-60.241233825683594,-5421.711044311523,-21686.844177246094,-41.26524517059327,-31.623511657714847,-4.047288417816162,-2.772392566204071,-6.201665547163717,-0.01998575749304256,0.0,0.005193710792809725,42.546878814697266,1.869735885411501,0.3662109673023224,131.83594822883606,-2631.004950075014,1,1789162749.0882647,38.99143415,-76.93657161666667,-9.955000000000002,0,1,9.622404,7.535025000000001,63.904036,1,1,1789162749.309627,-0.9772893122609558,0.2023139260433394,-0.06168558059403311,-0.0130216979006183,179.9715714040651,-7.229166741726473,-23.390000832272165,-0.046793673509369575,0.03241669832899148,0.12746820205722867,0.6955856959724427,2.1211784299850462,-3.6423860030746456
2026-09-11T17:39:09.353,9.658679871999993,-60.3764533996582,-5433.880805969238,-21735.523223876953,-41.35787057876587,-31.716137065887455,-4.047828674316406,-2.7727626419067386,-6.202493382933821,-0.011077966906868783,0.0,0.014015198685228825,114.81250762939453,5.045471526682377,0.4425049126148224,159.30176854133606,822.1708323426268,1,1789162749.0882647,38.99143415,-76.93657161666667,-9.955000000000002,0,1,9.622404,7.535025000000001,63.904036,1,1,1789162749.349627,-0.9768633460175922,0.20511804697354583,-0.05950154804649438,-0.011142521848442121,-179.84760882814615,-6.939477207791038,-23.726185293913627,-0.008546702814091032,-0.05304038143518248,0.11624067351207434,0.14052929681777954,2.6508356052207946,-6.645770681610107
2026-09-11T17:39:09.387,9.69207948799999,-60.51237487792969,-5446.113739013672,-21784.454956054688,-41.45097679138184,-31.80924327850342,-4.074645519256592,-2.7911321806907656,-6.243584870908112,-0.5499925144058152,0.0,0.028652193024754524,234.71876525878906,10.314789488911629,0.7171631455421448,258.1787323951721,2960.4221753281545,1,1789162749.0882647,38.99143415,-76.93657161666667,-9.955000000000002,0,1,9.622404,7.535025000000001,63.904036,1,1,1789162749.381627,-0.9765713767298853,0.2075022130761625,-0.05587706277718178,-0.011354804084012128,-179.94165593505164,-6.537193968180781,-23.99497451708043,0.025041460508839045,-0.09847479252309886,0.157965561807802,-2.4977537961959837,0.8017917172241211,-6.912707699012756
2026-09-11T17:39:09.420,9.725494784000006,-60.649654388427734,-5458.468894958496,-21833.875579833984,-41.545013256073,-31.90327974319458,-4.1017327308654785,-2.809686920642853,-6.285090642096569,-0.5552768394473906,0.0,0.039617542177438736,324.5469055175781,14.262315183877945,-0.1220703274011612,-43.94531786441803,-9041.489569909878,1,1789162749.0882647,38.99143415,-76.93657161666667,-9.955000000000002,0,1,9.622404,7.535025000000001,63.904036,1,1,1789162749.409627,-0.9760509809581592,0.21060622500672294,-0.053858213832992455,-0.008294176375786019,-179.625664809632,-6.236366421673944,-24.372892105649317,0.08675717552398453,-0.12274935535861159,0.21534971868534794,-0.03510780757904053,-0.07747253627777101,-9.156861522026063
2026-09-11T17:39:09.454,9.758912416000015,-60.79105758666992,-5471.195182800293,-21884.780731201172,-41.6418744468689,-32.00014093399048,-4.153804302215576,-2.8453559470176697,-6.3648799816966415,-1.067371451538103,0.0,0.044034961611032486,360.7344055175781,15.852586179971695,0.2136230766773224,76.90430760383606,3616.343176806156,1,1789162749.0882647,38.99143415,-76.93657161666667,-9.955000000000002,0,1,9.622404,7.535025000000001,63.904036,1,1,1789162749.449627,-0.9753225822450058,0.21478873605258286,-0.050286070513934106,-0.009108816615537063,-179.77919325909005,-5.854536656065436,-24.850531449747287,0.1229336621276222,-0.09406591629963598,0.22886240682013845,-2.2536662736701962,1.3422362076377867,-17.124274445934294
2026-09-11T17:39:09.487,9.792313248,-60.92860794067383,-5483.5747146606445,-21934.298858642578,-41.736096439361575,-32.09436292648316,-4.207752227783203,-2.8823102760314945,-6.447544461416185,-1.1063894759819937,0.0,0.045095447450876236,369.4219055175781,16.234361082315445,-0.015258789993822575,-5.493164397776127,-2466.928728052401,1,1789162749.0882647,38.99143415,-76.93657161666667,-9.955000000000002,0,1,9.622404,7.535025000000001,63.904036,1,1,1789162749.481627,-0.9746207355206761,0.21838095273167105,-0.0484884994857435,-0.008546741763095823,-179.73986297097275,-5.6383308926846265,-25.271862643055435,0.05863887407680469,-0.12670811116798514,0.18758118122026776,-6.6768577626228325,2.1950225057029726,-9.749869657306672
2026-09-11T17:39:09.520,9.825713535999995,-61.07162857055664,-5496.446571350098,-21985.78628540039,-41.8340655708313,-32.19233205795288,-4.261058330535889,-2.918824956417084,-6.529225475163477,-1.0932444769815834,0.0,0.04337311163544655,355.3125305175781,15.614320188760757,-0.015258789993822575,-5.493164397776127,0.0,1,1789162749.0882647,38.99143415,-76.93657161666667,-9.955000000000002,0,1,9.622404,7.535025000000001,63.904036,1,1,1789162749.509627,-0.974011618767701,0.22168745534115147,-0.04551890047460503,-0.009168879401020999,-179.86645530300652,-5.321091699427456,-25.650665641930676,0.026022161015534655,-0.030229975309167788,0.22205946246171493,-2.5026571212768554,1.6488901581954958,-2.9686691369628906
2026-09-11T17:39:09.554,9.859117056000002,-61.21644973754883,-5509.4804763793945,-22037.921905517578,-41.93326807022095,-32.29153455734253,-4.288140773773193,-2.9373764300346377,-6.570723939769673,-0.5553748113237624,0.0,0.041959766298532486,343.7344055175781,15.105515867471695,0.0,0.0,164.4486688161882,1,1789162749.0882647,38.99143415,-76.93657161666667,-9.955000000000002,0,1,9.622404,7.535025000000001,63.904036,1,1,1789162749.549627,-0.9730788102557779,0.2258232318229069,-0.04469086438044916,-0.011145565987672372,179.91331287648106,-5.279212474942156,-26.1268102840133,-0.08594716821813396,-0.01666771982362065,0.200747945097313,7.724011866893769,0.3123418076515198,-8.856483827571868
2026-09-11T17:39:09.587,9.892522111999995,-61.36234664916992,-5522.611198425293,-22090.444793701172,-42.0332074546814,-32.39147394180298,-4.419625282287598,-3.0274433183670046,-6.772197830992755,-2.696205278996918,0.0,0.0399475134909153,327.2500305175781,14.381104856729507,0.015258791856467724,5.493165068328381,164.44112736496064,1,1789162749.0882647,38.99143415,-76.93657161666667,-9.955000000000002,0,1,9.622404,7.535025000000001,63.904036,1,1,1789162749.5816271,-0.9723605995330277,0.2287987222893618,-0.04461516127036086,-0.01324751068488102,179.69231345716014,-5.326210238005457,-26.467620780529803,0.04200047578461754,0.09612383402066249,0.21383564555924287,3.6500351902008052,1.4393220442390442,-9.897361675739289
2026-09-11T17:39:09.620,9.925936927999999,-61.510589599609375,-5535.953063964844,-22143.812255859375,-42.13475387573243,-32.493020362854004,-4.419896125793457,-3.0276288461685184,-6.772612844865146,-0.005552261652845397,0.0,0.03695106878876686,302.7031555175781,13.30238476395607,-0.030517593026161194,-10.98633348941803,-493.1793895780963,1,1789162749.0882647,38.99143415,-76.93657161666667,-9.955000000000002,0,1,9.622404,7.535025000000001,63.904036,1,1,1789162749.609627,-0.9716386131019481,0.23151920929814684,-0.04631258364541781,-0.013130340870287631,179.76564187720192,-5.513370876493793,-26.79342964937857,-0.08659520896939946,-0.028905968538604887,0.15521160678108012,-3.6879869263267517,3.4011424090957645,-11.670992423992157
2026-09-11T17:39:09.654,9.959342719999995,-61.659236907958984,-5549.331321716309,-22197.325286865234,-42.23657728195191,-32.59484376907349,-4.394526481628418,-3.0102506399154665,-6.733738904606888,0.5202153642414389,0.0,0.03534889593720436,289.5781555175781,12.72560253739357,-0.01525880303233862,-5.493169091641903,164.43748430741357,1,1789162749.0882647,38.99143415,-76.93657161666667,-9.955000000000002,0,1,9.622404,7.535025000000001,63.904036,1,1,1789162749.6495981,-0.9708085137032962,0.23488134935877575,-0.04734611373095506,-0.010951116800271134,-179.94366639755,-5.570613683826083,-27.20475369520137,0.09319674233214281,-0.009082518894453292,0.17388052112503746,3.6098279245376586,-1.469036194229126,-9.545695200939178
2026-09-11T17:39:09.687,9.992741056,-61.80784606933594,-5562.706146240234,-22250.824584960938,-42.33837455749512,-32.696641044616705,-4.498695373535156,-3.0816063308715824,-6.893357039351241,-2.1365043742330694,0.0,0.03473663702607155,284.5625305175781,12.505189329385757,0.03051757998764515,10.986328795552254,493.4227228324134,1,1789162749.0882647,38.99143415,-76.93657161666667,-9.955000000000002,0,1,9.622404,7.535025000000001,63.904036,1,1,1789162749.6815982,-0.9701830168010593,0.2376145994588732,-0.046347655957694196,-0.011666654277113815,179.96478440491973,-5.478702869971736,-27.521975525470925,-0.041106867207596445,-0.02783468544373077,0.18349484184257342,-1.5461164645004273,0.2774301330757141,-8.929837570781707
2026-09-11T17:39:09.721,10.026147903999998,-61.962398529052734,-5576.615867614746,-22306.463470458984,-42.44424299240113,-32.802509479522705,-4.602853775024414,-3.152954835891724,-7.052959099614622,-2.135744893386676,0.0,0.03568649664521217,292.3437805175781,12.847138792276382,0.0457763746380806,16.479494869709015,164.43233657234018,1,1789162749.0882647,38.99143415,-76.93657161666667,-9.955000000000002,0,1,9.622404,7.535025000000001,63.904036,1,1,1789162749.709598,-0.9693847206694994,0.2401399691056566,-0.0493553733341918,-0.013787882125025205,179.8256430841769,-5.872248346953505,-27.8179565138674,-0.011242189310871075,0.09782710083768377,0.20438521125846915,3.4815569404220583,1.08324257686615,-8.482556256904601
2026-09-11T17:39:09.754,10.059566399999994,-62.12159729003906,-5590.943756103516,-22363.775024414062,-42.55329414367676,-32.91156063079834,-4.733802795410156,-3.242654914855957,-7.25361246164986,-2.6841447013128303,0.0,0.035177234560251236,288.1719055175781,12.663804441690445,-0.1068115308880806,-38.452151119709015,-1643.7497962034183,1,1789162749.0882647,38.99143415,-76.93657161666667,-9.955000000000002,0,1,9.622404,7.535025000000001,63.904036,1,1,1789162749.7495983,-0.968486992581235,0.2439043520820103,-0.0479957124221712,-0.015492702330376237,179.6201366558986,-5.769340990123338,-28.2517706608223,-0.23129312686939094,-0.06850207874567504,0.16114904236343963,-4.867236608276367,3.3265138013648987,-7.76823985912323
2026-09-11T17:39:09.787,10.092972832000015,-62.28333282470703,-5605.499954223633,-22421.99981689453,-42.66408298492432,-33.0223494720459,-4.8124213218688965,-3.296508605480194,-7.3740797366682855,-1.612075501634037,0.0,0.03518104925751686,288.2031555175781,12.66517773270607,-0.0457763709127903,-16.479493528604507,657.7373360642272,1,1789162749.0882647,38.99143415,-76.93657161666667,-9.955000000000002,0,1,9.622404,7.535025000000001,63.904036,1,1,1789162749.781598,-0.9676969272677506,0.24705797058473283,-0.047028548334472675,-0.01770117986629781,179.36535263051044,-5.725649732915667,-28.61219232194225,-0.07739208782363335,0.019502832660560236,0.18480872570347479,3.7994885386657717,-2.5553188326454164,-2.5181516285324097
2026-09-11T17:39:09.821,10.126374623999993,-62.44959259033203,-5620.463333129883,-22481.85333251953,-42.77797092437744,-33.136237411499025,-4.969111919403076,-3.4038416647911074,-7.614176952378095,-3.2133922428767803,0.0,0.032522205263376236,266.4219055175781,11.707993894815445,-0.03051757998764515,-10.986328795552254,164.4571864005339,1,1789162749.0882647,38.99143415,-76.93657161666667,-9.955000000000002,0,1,9.622404,7.535025000000001,63.904036,1,1,1789162749.8095982,-0.9671447363730876,0.24950268588370547,-0.045081390885218,-0.01863160858600229,179.22037706818872,-5.537529665343858,-28.893657524697783,0.06661275983039118,-0.023070983783337447,0.1684930387899814,-2.2688665814208986,-0.6245855488014221,-10.26844531785965
2026-09-11T17:39:09.854,10.159778144,-62.61759948730469,-5635.583953857422,-22542.335815429688,-42.89305564880372,-33.25132213592529,-5.022274494171143,-3.440258028507233,-7.695638037999349,-1.0901953960575907,0.0,0.02810097113251686,230.20315551757812,10.11634960770607,-0.12207034230232239,-43.94532322883606,-986.6922537887192,1,1789162749.0882647,38.99143415,-76.93657161666667,-9.955000000000002,0,1,9.622404,7.535025000000001,63.904036,1,1,1789162749.8495982,-0.9663860010510306,0.25273412665520784,-0.04380966564650982,-0.017443376747851312,179.33417529073333,-5.36448360917847,-29.280868460831016,0.0454616382242475,-0.10026078794666465,0.14049813212091755,-0.22888721477508545,-0.7948289956092834,-8.262887293281555
2026-09-11T17:39:09.888,10.193182336000007,-62.78715896606445,-5650.844306945801,-22603.377227783203,-43.009203891754154,-33.36747037887574,-5.048769474029541,-3.458407089710236,-7.736236331671063,-0.5433168748101898,0.0,0.01893043890595436,155.07815551757812,6.81495800614357,-0.3356933891773224,-120.84962010383606,-2302.2349073728815,1,1789162749.0882647,38.99143415,-76.93657161666667,-9.955000000000002,0,1,9.622404,7.535025000000001,63.904036,1,1,1789162749.8815982,-0.9657080361790774,0.25532183216786164,-0.04410444541467774,-0.01653930990881707,179.4577326839358,-5.372457500187404,-29.5934975850144,-0.07786105779364423,0.042095072630075635,0.12004933100577637,0.6583204253578185,-0.7243191809463501,-13.072460798606873
2026-09-11T17:39:09.921,10.226596544000017,-62.95650100708008,-5666.085090637207,-22664.340362548828,-43.125203189849856,-33.48346967697144,-5.0762128829956055,-3.47720582485199,-7.778287904554371,-0.5625970587645843,0.0,0.0026168860495090485,21.437530517578125,0.9420789778232574,-0.3662109971046448,-131.83595895767212,-328.7924362544392,1,1789162749.0882647,38.99143415,-76.93657161666667,-9.955000000000002,0,1,9.622404,7.535025000000001,63.904036,1,1,1789162749.909598,-0.9652785578286588,0.2567888338924635,-0.044273278459010475,-0.018348771045065066,179.26985495992443,-5.445311665979716,-29.759519984419747,-0.07405990521572578,-0.12137246511171328,0.10172354839276111,-0.4527730379676819,1.0381319861221312,-5.913213914527892
2026-09-11T17:39:09.955,10.260003839999996,-63.12881088256836,-5681.592979431152,-22726.37191772461,-43.24323545455933,-33.60150194168091,-5.104026794433594,-3.496258354187012,-7.820907198879313,-0.5703104296448902,0.0,-0.0037403106689453125,-30.640625,-1.3465118408203125,-0.3204346001148224,-115.35645604133606,493.2905349881223,1,1789162749.0882647,38.99143415,-76.93657161666667,-9.955000000000002,0,1,9.622404,7.535025000000001,63.904036,1,1,1789162749.949598,-0.9650195949195717,0.257849048912024,-0.042767695410876584,-0.02054199663307223,178.98762037225538,-5.344090633792525,-29.872171965643695,-0.02385044782727811,-0.1268407561911367,0.005220279792715039,-4.249907980594635,-0.2736055395126343,-4.677674060649872
2026-09-11T17:39:09.988,10.293403040000015,-63.295249938964844,-5696.572494506836,-22786.289978027344,-43.35724620819092,-33.715512695312505,-5.053149223327637,-3.4614072179794313,-7.742947427477245,1.043472185188875,0.0,-0.015222549438476562,-124.703125,-5.4801177978515625,-0.4730225205421448,-170.28810739517212,-1644.6996141765121,1,1789162749.0882647,38.99143415,-76.93657161666667,-9.955000000000002,0,1,9.622404,7.535025000000001,63.904036,1,1,1789162749.9815981,-0.9650340455109521,0.25781189687019485,-0.04166577947685045,-0.022500659046890616,178.7372456204265,-5.279807718718798,-29.856650214257172,0.049992163896574376,-0.14939948583901383,-0.01684574340732407,3.935310643405914,1.6977272760009765,-11.036600225028993
2026-09-11T17:39:10.021,10.326801504000002,-63.466453552246094,-5711.980819702148,-22847.923278808594,-43.474520683288574,-33.83278717041016,-5.10620641708374,-3.4977513957023625,-7.824247037630545,-1.0881990777463728,0.0,-0.03606414794921875,-295.4375,-12.98309326171875,-0.13732916116714478,-49.43849802017212,3618.4181815980323,1,1789162749.0882647,38.99143415,-76.93657161666667,-9.955000000000002,0,1,9.622404,7.535025000000001,63.904036,1,1,1789162750.0095983,-0.9650923961184691,0.25755673507186855,-0.042254679608840634,-0.021811401252222994,178.82981296868178,-5.3244039047003415,-29.83045392411719,0.006281789043777991,-0.14960124590054436,-0.019907749047022923,2.963471612377167,-1.657814209842682,-6.580948724040986
2026-09-11T17:39:10.055,10.36020787199999,-63.63594055175781,-5727.234649658203,-22908.938598632812,-43.590619277954104,-33.94888576507569,-5.080582618713379,-3.4801990938186647,-7.784983656537806,0.5254178449960366,0.0,-0.037158966064453125,-304.40625,-13.377227783203125,-0.0762939602136612,-27.46582567691803,657.7390377565891,1,1789162749.0882647,38.99143415,-76.93657161666667,-9.955000000000002,0,1,9.622404,7.535025000000001,63.904036,1,1,1789162750.0495982,-0.9656610201475818,0.256264742717711,-0.03777549818852539,-0.0200046880497026,178.89174380577504,-4.7730803118488705,-29.67868375559375,0.037852002685552215,-0.13504048754993128,-0.11833087982426276,-1.442460172290802,-0.8592586871719361,-13.245253974456787
2026-09-11T17:39:10.089,10.393619392000005,-63.80462646484375,-5742.4163818359375,-22969.66552734375,-43.70616912841797,-34.06443561553955,-5.054337501525879,-3.4622211885452274,-7.744768227776538,0.5380750493670703,0.0,-0.045684814453125,-374.25,-16.446533203125,-0.3051758408546448,-109.86330270767212,-2466.1397335624265,1,1789162750.0748088,38.99141925666667,-76.93657083166667,-9.932000000000002,0,1,17.205903999999997,6.964320999999999,72.403081,1,1,1789162750.081598,-0.965896146467438,0.2546556536316984,-0.04219958382181744,-0.020355034709662122,178.97408015257068,-5.272224781326339,-29.492304293673545,-0.08520802127991436,0.13713802424497804,-0.1649135430270662,2.8306895691871645,-1.2882996317481994,-10.904798846855163
2026-09-11T17:39:10.122,10.427029120000014,-63.969398498535156,-5757.245864868164,-23028.983459472656,-43.819037971496584,-34.17730445861817,-4.951371669769287,-3.3916895937919618,-7.586993543736485,2.1111095173611045,0.0,-0.05057525634765625,-414.3125,-18.20709228515625,-0.07629400491714478,-27.46584177017212,2466.2715283846906,1,1789162750.0748088,38.99141925666667,-76.93657083166667,-9.932000000000002,0,1,17.205903999999997,6.964320999999999,72.403081,1,1,1789162750.1215982,-0.9665467864152283,0.2516648577974718,-0.04530292201255298,-0.01999385598872652,179.0875965110272,-5.603188809989487,-29.14405568368707,-0.073995328033402,0.1976944915709489,-0.21795148100129588,-2.8408884853553773,-1.4986522777175904,-0.7970845251464844
2026-09-11T17:39:10.156,10.46046649600001,-64.13898468017578,-5772.50862121582,-23090.03448486328,-43.93520450592041,-34.29347099304199,-4.926621437072754,-3.3747356843948366,-7.549068728513853,0.5070346846931937,0.0,-0.0506134033203125,-414.625,-18.2208251953125,0.045776382088661194,16.47949755191803,1314.25801241392,1,1789162750.0748088,38.99141925666667,-76.93657083166667,-9.932000000000002,0,1,17.205903999999997,6.964320999999999,72.403081,1,1,1789162750.1495981,-0.966926132177936,0.250002119460501,-0.04634529324927218,-0.020122350019644478,179.09356543305012,-5.721101381085116,-28.94782166970154,-0.07253867623968753,0.1649486241450313,-0.07335950458690046,3.0440822767066957,0.2863541847229004,-15.960323138237
2026-09-11T17:39:10.189,10.493899168000013,-64.29804992675781,-5786.824493408203,-23147.297973632812,-44.044164199829105,-34.40243068695069,-4.823645114898682,-3.304196903705597,-7.391277969992827,2.109875653648981,0.0,-0.04876899719238281,-399.515625,-17.556838989257812,0.0762939527630806,27.465822994709015,328.6104515603724,1,1789162750.0748088,38.99141925666667,-76.93657083166667,-9.932000000000002,0,1,17.205903999999997,6.964320999999999,72.403081,1,1,1789162750.1815982,-0.9672920095408157,0.24826331961824852,-0.04605794751538916,-0.024293165320470825,178.6102923508343,-5.806270255776356,-28.71895600849864,-0.0947706802515913,-0.088891189600398,-0.13081504543085298,-3.221386511631012,-0.894954893760681,-0.343526955165863
2026-09-11T17:39:10.222,10.527300928000017,-64.4545669555664,-5800.911026000977,-23203.644104003906,-44.151378364562994,-34.50964485168457,-4.720546245574951,-3.233574178218842,-7.233299432307709,2.1143414444851767,0.0,-0.04588890075683594,-375.921875,-16.520004272460938,0.1525879055261612,54.93164598941803,822.2866997040235,1,1789162750.0748088,38.99141925666667,-76.93657083166667,-9.932000000000002,0,1,17.205903999999997,6.964320999999999,72.403081,1,1,1789162750.2215981,-0.9675169589466863,0.246639770304893,-0.0487822858081169,-0.02645839083997949,178.43605607965333,-6.168153309277273,-28.518265038076198,-0.06285611314839858,0.09726842094412039,-0.09268850245396207,-2.6142568001174924,0.3088114135932922,-9.717605778274537
2026-09-11T17:39:10.256,10.560703872000005,-64.61196899414062,-5815.077209472656,-23260.308837890625,-44.25919876098633,-34.61746524810791,-4.695727348327637,-3.2165732336044313,-7.195269402300527,0.5089654556920685,0.0,-0.03768157958984375,-308.6875,-13.56536865234375,0.18310552835464478,65.91799020767212,328.9034708514914,1,1789162750.0748088,38.99141925666667,-76.93657083166667,-9.932000000000002,0,1,17.205903999999997,6.964320999999999,72.403081,1,1,1789162750.2495983,-0.9675985240974,0.2457775244315489,-0.05110257234692512,-0.027111468945075476,178.42301289111012,-6.443323553451658,-28.415546141178552,-0.09531243045141034,0.0869516052026567,-0.04535447500817504,7.524740735607148,0.22506262121200563,-11.086025741844178
2026-09-11T17:39:10.289,10.594110432000008,-64.76417541503906,-5828.775787353516,-23315.103149414062,-44.36346015930176,-34.72172664642334,-4.56726598739624,-3.128577201366425,-6.998427884230542,2.6340943885871018,0.0,-0.03791236877441406,-310.578125,-13.648452758789062,0.1068115383386612,38.45215380191803,-822.1689514200671,1,1789162750.0748088,38.99141925666667,-76.93657083166667,-9.932000000000002,0,1,17.205903999999997,6.964320999999999,72.403081,1,1,1789162750.281598,-0.9678597996817687,0.2441562283029222,-0.05331718965373922,-0.028149984516602257,178.35815653750868,-6.716290706962512,-28.220189333331508,0.024535489558685886,0.15631238594031294,-0.08431947415772405,6.321366694259643,-1.2122980929946898,-0.5183795275497436
2026-09-11T17:39:10.322,10.627529503999995,-64.91746520996094,-5842.571868896484,-23370.287475585938,-44.46846366882325,-34.82673015594483,-4.5423264503479,-3.111493618488312,-6.960212997692172,0.5111926171414823,0.0,-0.0384063720703125,-314.625,-13.8262939453125,0.0762939453125,27.4658203125,-328.7444214316422,1,1789162750.0748088,38.99141925666667,-76.93657083166667,-9.932000000000002,0,1,17.205903999999997,6.964320999999999,72.403081,1,1,1789162750.321598,-0.9683361917292488,0.24239153215823325,-0.050713345384357955,-0.03161521034576153,177.88634685730568,-6.519517033567183,-27.986334514131553,0.018030647436503018,0.1065252982308479,-0.11282506416592145,-0.4250202180099487,1.1353158892250061,-13.314390858097077
2026-09-11T17:39:10.355,10.660985312000008,-65.07212829589844,-5856.491546630859,-23425.966186523438,-44.57440788269043,-34.93267436981201,-4.596846103668213,-3.148839581012726,-7.043753536624737,-1.1162774046407422,0.0,-0.04052162170410156,-331.953125,-14.587783813476562,0.0610351637005806,21.972658932209015,-164.19156220315335,1,1789162750.0748088,38.99141925666667,-76.93657083166667,-9.932000000000002,0,1,17.205903999999997,6.964320999999999,72.403081,1,1,1789162750.3495982,-0.9687267934957081,0.24089453326561794,-0.05016765925563718,-0.03195980868331321,177.8226941433969,-6.464950617389979,-27.806155702393756,-0.050809327052358126,0.021820106308433108,-0.13504362914258486,8.847853975429535,-2.9416027825164797,2.8298069706726072
2026-09-11T17:39:10.389,10.694389728000004,-65.22109985351562,-5869.898986816406,-23479.595947265625,-44.67645339965821,-35.03471988677979,-4.493462085723877,-3.078021528720856,-6.885338065320447,2.1200206670841966,0.0,-0.040073394775390625,-328.28125,-14.426422119140625,0.1220703199505806,43.945315182209015,657.7769912218339,1,1789162750.0748088,38.99141925666667,-76.93657083166667,-9.932000000000002,0,1,17.205903999999997,6.964320999999999,72.403081,1,1,1789162750.3815982,-0.9691631236065326,0.23910430666516916,-0.05049532286736542,-0.031657427942238296,177.85347930660132,-6.489161740147686,-27.595915977462212,-0.06013968270059461,0.018925303211075314,-0.10873383786632153,-5.680502106189728,0.2627201578330994,-13.694006285858155
2026-09-11T17:39:10.423,10.727804992000017,-65.37052917480469,-5883.347625732422,-23533.390502929688,-44.778812484741216,-35.1370789718628,-4.469120025634766,-3.0613472175598146,-6.848038693539306,0.49900282580544963,0.0,-0.03701210021972656,-303.203125,-13.324356079101562,0.015258789993822575,5.493164397776127,-1150.7361062422926,1,1789162750.0748088,38.99141925666667,-76.93657083166667,-9.932000000000002,0,1,17.205903999999997,6.964320999999999,72.403081,1,1,1789162750.4215982,-0.9695076677143671,0.237598144826837,-0.05051704167502822,-0.03240420217035364,177.76039095831982,-6.508561316369258,-27.412910617661996,-0.06742765405814732,-0.043300397011502914,-0.0608484609098295,1.2680979324150086,3.556872013664246,-8.774990564727783
2026-09-11T17:39:10.456,10.761212032000003,-65.51603698730469,-5896.443328857422,-23585.773315429688,-44.87848533630371,-35.236751823425294,-4.391175746917725,-3.0079553866386415,-6.728604569252501,1.5982209414900457,0.0,-0.035121917724609375,-287.71875,-12.643890380859375,0.1068115308880806,38.452151119709015,986.5880581442339,1,1789162750.0748088,38.99141925666667,-76.93657083166667,-9.932000000000002,0,1,17.205903999999997,6.964320999999999,72.403081,1,1,1789162750.449598,-0.9697102831600282,0.23699179271620022,-0.04997691776745066,-0.031609565155582435,177.83061982470457,-6.425354166746254,-27.345345372784532,0.04983892398824928,-0.08637023602881738,-0.07363421941116437,-0.9464398071098328,0.7398136882019042,-14.632894972343445
2026-09-11T17:39:10.489,10.794633344000005,-65.66344451904297,-5909.710006713867,-23638.84002685547,-44.97945949554444,-35.337725982666015,-4.416964530944824,-3.025620703697205,-6.76812075809145,-0.5285644399167404,0.0,-0.03233909606933594,-264.921875,-11.642074584960938,-0.0915527418255806,-32.958987057209015,-2136.694638945196,1,1789162750.0748088,38.99141925666667,-76.93657083166667,-9.932000000000002,0,1,17.205903999999997,6.964320999999999,72.403081,1,1,1789162750.4815981,-0.9696817906957276,0.23660645470455727,-0.05146629559965523,-0.032951946869894194,177.71803181705366,-6.626993793676957,-27.29279654520477,-0.11960601737576981,-0.021064029676469163,-0.03403950546749581,4.269129014911652,0.7991439216804505,-14.21385681093216
2026-09-11T17:39:10.523,10.828034144000014,-65.81382751464844,-5923.244476318359,-23692.977905273438,-45.08247184753418,-35.44073833465576,-4.496538162231445,-3.0801286411285402,-6.890051541536634,-1.6319350863248645,0.0,-0.0267181396484375,-218.875,-9.6185302734375,0.5798340439796448,208.74025583267212,7236.330952845776,1,1789162750.0748088,38.99141925666667,-76.93657083166667,-9.932000000000002,0,1,17.205903999999997,6.964320999999999,72.403081,1,1,1789162750.521598,-0.9699306030236107,0.2354067161443365,-0.052286362314120136,-0.032930830969642395,177.7342014813393,-6.715104932226001,-27.15139591778427,0.17951671287850277,0.003972718443389493,-0.041224502399180865,-2.3374150660514834,8.549927943515778,-17.073574064598084
2026-09-11T17:39:10.557,10.861439039999993,-65.96794891357422,-5937.11540222168,-23748.46160888672,-45.188045005798344,-35.546311492919926,-4.497364521026611,-3.080694696903229,-6.891317772242362,-0.01694529372847885,0.0,-0.02437591552734375,-199.6875,-8.77532958984375,0.5187988877296448,186.76759958267212,-657.7675395251568,1,1789162750.0748088,38.99141925666667,-76.93657083166667,-9.932000000000002,0,1,17.205903999999997,6.964320999999999,72.403081,1,1,1789162750.5495982,-0.9697702897654348,0.23523497510654012,-0.05440013356395543,-0.0353654781264761,177.51696500784948,-7.016181929366453,-27.117274075944568,0.11298179473275052,0.14705271612678222,0.023836659726187356,4.267559950885773,-1.0262659394264222,-1.63192465341568
2026-09-11T17:39:10.590,10.894857728000005,-66.11914825439453,-5950.723342895508,-23802.89337158203,-45.29161655426026,-35.64988304138184,-4.549388885498047,-3.1163313865661624,-6.971034776678057,-1.0663700999548704,0.0,-0.0202178955078125,-165.625,-7.2784423828125,0.0,0.0,-5588.717294425388,1,1789162750.0748088,38.99141925666667,-76.93657083166667,-9.932000000000002,0,1,17.205903999999997,6.964320999999999,72.403081,1,1,1789162750.581598,-0.9696768679006692,0.23528140465092817,-0.054323605244593946,-0.03766136477962547,177.25793783019125,-7.069587101504616,-27.107814284146208,-0.1271535191930941,0.09756687224621141,-0.005549448889641171,-4.881162051506043,3.447233664855957,1.8052081617736815
2026-09-11T17:39:10.623,10.928259872000012,-66.27496337890625,-5964.7467041015625,-23858.98681640625,-45.398349914550785,-35.75661640167237,-4.68036413192749,-3.206049430370331,-7.171728324915729,-2.685996557710469,0.0,-0.018014907836914062,-147.578125,-6.4853668212890625,0.045776382088661194,16.47949755191803,493.3664603060955,1,1789162750.0748088,38.99141925666667,-76.93657083166667,-9.932000000000002,0,1,17.205903999999997,6.964320999999999,72.403081,1,1,1789162750.6215982,-0.9691987517052568,0.23626031392725078,-0.05664374432663919,-0.04032778179651195,177.02856516673975,-7.403362910287775,-27.20717148517646,-0.060413873926082926,0.10898429261398272,0.0628824676201037,4.68993237335205,2.1385362007713318,-10.460557594528199
2026-09-11T17:39:10.656,10.961660671999994,-66.43630981445312,-5979.267883300781,-23917.071533203125,-45.50887222290039,-35.867138710021976,-4.8111114501953125,-3.2956113433837895,-7.372072618521353,-2.681430175729584,0.0,-0.017641067504882812,-144.515625,-6.3507843017578125,0.1068115383386612,38.45215380191803,657.8482027380284,1,1789162750.0748088,38.99141925666667,-76.93657083166667,-9.932000000000002,0,1,17.205903999999997,6.964320999999999,72.403081,1,1,1789162750.6495981,-0.9691489270543878,0.23647518441328794,-0.0559001480495725,-0.04129186111167739,176.90213343688055,-7.34711071467896,-27.225848774120763,-0.0491226408632308,0.06250390570534613,0.004706454860927909,4.147134286899567,1.5219921051025391,-4.626875612812042
2026-09-11T17:39:10.690,10.995065312000008,-66.60250091552734,-5994.225082397461,-23976.900329589844,-45.62271312713624,-35.98097961425781,-4.890005111694336,-3.3496535015106206,-7.492961483336204,-1.6178039376208588,0.0,-0.012454986572265625,-102.03125,-4.483795166015625,0.4425049424171448,159.30177927017212,3617.749673943522,1,1789162750.0748088,38.99141925666667,-76.93657083166667,-9.932000000000002,0,1,17.205903999999997,6.964320999999999,72.403081,1,1,1789162750.6815982,-0.9689805313775125,0.23734884477766335,-0.05516635268180617,-0.04121806916691667,176.8972736029546,-7.26602203068933,-27.32981883195884,0.09346238144429636,0.06233705222885547,0.031914043504417115,0.33813329757690425,-1.4326535221290588,-17.841140572757723
2026-09-11T17:39:10.723,11.028475584000006,-66.76667022705078,-6009.00032043457,-24036.00128173828,-45.73516910552979,-36.09343559265137,-4.918036460876465,-3.3688549757003785,-7.53591395781222,-0.5747176853202309,0.0,-0.0056705474853515625,-46.453125,-2.0413970947265625,0.3204346001148224,115.35645604133606,-1315.3237192693089,1,1789162750.0748088,38.99141925666667,-76.93657083166667,-9.932000000000002,0,1,17.205903999999997,6.964320999999999,72.403081,1,1,1789162750.7215981,-0.9686829652176848,0.2383288995907772,-0.055885688694138624,-0.04158651603710582,176.8828377257171,-7.3594406721497005,-27.443828586684905,0.117021882885267,-0.076211198051734,0.08598067853977226,3.7440809652519227,2.1707020133018493,-4.074761208705902
2026-09-11T17:39:10.757,11.061886976000011,-66.93538665771484,-6024.184799194336,-24096.739196777344,-45.850739860534674,-36.209006347656256,-4.997498512268066,-3.423286480903626,-7.657673767232512,-1.6291301243372094,0.0,0.006401062477380037,52.437503814697266,2.3043824918568134,0.16784673929214478,60.42482614517212,-1644.0988120505651,1,1789162750.0748088,38.99141925666667,-76.93657083166667,-9.932000000000002,0,1,17.205903999999997,6.964320999999999,72.403081,1,1,1789162750.7495983,-0.9685027460550716,0.23963557896087434,-0.05291969270509555,-0.042151231344652866,176.74884745304058,-7.048392046983227,-27.59474464608041,0.01978452880183212,-0.08201371968291435,0.10967893365627646,-2.2636690568351745,1.2729031909942627,-2.955528225746155
2026-09-11T17:39:10.790,11.095293951999992,-67.10253143310547,-6039.227828979492,-24156.91131591797,-45.96523403167725,-36.32350051879883,-5.050084114074707,-3.4593076181411746,-7.738250756400257,-1.0782519566443127,0.0,0.014291764236986637,117.07813262939453,5.145035125315189,0.4882813096046448,175.78127145767212,3453.064572877437,1,1789162750.0748088,38.99141925666667,-76.93657083166667,-9.932000000000002,0,1,17.205903999999997,6.964320999999999,72.403081,1,1,1789162750.7775981,-0.9681809913958707,0.24158198272099987,-0.05102467778498968,-0.04074550013483257,176.86839565849255,-6.804906708297772,-27.834643192289086,0.11382618502486538,-0.12558289739922437,0.13193188161920416,3.171862928314209,3.8635259642219544,-11.208608868865966
2026-09-11T17:39:10.823,11.128697312000014,-67.2761459350586,-6054.853134155273,-24219.412536621094,-46.08415996551514,-36.442426452636724,-5.155207633972168,-3.531317229270935,-7.899331668913143,-2.1557595143037105,0.0,0.02455139346420765,201.12501525878906,8.838501647114754,0.3662109971046448,131.83595895767212,-1315.5955718218274,1,1789162750.0748088,38.99141925666667,-76.93657083166667,-9.932000000000002,0,1,17.205903999999997,6.964320999999999,72.403081,1,1,1789162750.821598,-0.9674881934266467,0.24615914024935626,-0.045536835708022104,-0.036037062108915954,177.27286201776138,-6.0763947831840825,-28.40511691360887,0.06104062166047408,-0.1873851807452688,0.22036562042265445,-0.6636160164451599,-3.624537899780273,-13.618004747104644
2026-09-11T17:39:10.857,11.162107007999992,-67.44612121582031,-6070.150909423828,-24280.603637695312,-46.20059303283692,-36.558859519958496,-5.076875686645508,-3.477659845352173,-7.779303519488568,1.6060422674542367,0.0,0.03808975592255592,312.0312805175781,13.712312132120132,-0.09155268222093582,-32.958965599536896,-4932.547861474581,1,1789162750.0748088,38.99141925666667,-76.93657083166667,-9.932000000000002,0,1,17.205903999999997,6.964320999999999,72.403081,1,1,1789162750.8495982,-0.9668256314865985,0.2494281801622835,-0.04357236038529681,-0.0336931840573889,177.49893608301724,-5.800317420682826,-28.805505186126908,0.15591637073303546,-0.2238280045927608,0.24218886832374115,-8.766654912090301,-2.8149989289283757,-7.381759776248932
2026-09-11T17:39:10.890,11.195525696000004,-67.6188735961914,-6085.698623657227,-24342.794494628906,-46.31892841339112,-36.677194900512696,-5.154773235321045,-3.5310196661949163,-7.89866603926922,-1.5967060359378622,0.0,0.037656787782907486,308.4844055175781,13.556443601846695,0.0,0.0,986.2435532934525,1,1789162750.0748088,38.99141925666667,-76.93657083166667,-9.932000000000002,0,1,17.205903999999997,6.964320999999999,72.403081,1,1,1789162750.8815982,-0.9657624461750746,0.2536200864555619,-0.04357706463551722,-0.03287535158689046,177.61536971533283,-5.787882313977348,-29.307969630382267,-0.10862248586004429,-0.11220739214364064,0.22109394631951168,0.5317165717697143,0.21152944398880003,-9.968361822910309
2026-09-11T17:39:10.923,11.228925376000007,-67.78756713867188,-6100.881042480469,-24403.524169921875,-46.434483489990235,-36.79274997711182,-5.077518463134766,-3.4781001472473148,-7.78028844677727,1.5844319151440347,0.0,0.03663254156708717,300.0937805175781,13.187714964151382,-0.1373291164636612,-49.43848192691803,-1480.2082513040448,1,1789162750.0748088,38.99141925666667,-76.93657083166667,-9.932000000000002,0,1,17.205903999999997,6.964320999999999,72.403081,1,1,1789162750.9215982,-0.9647223365179699,0.2579592758687484,-0.041023371289111,-0.03293794809418996,177.559349126284,-5.517261067947857,-29.82282686435779,0.016127889485978802,0.029514215782924912,0.20510201798226324,-9.409480830192566,-3.1753933223724364,5.617053079643249
2026-09-11T17:39:10.957,11.262326239999993,-67.95927429199219,-6116.334686279297,-24465.338745117188,-46.55210289001465,-36.910369377136234,-5.130321025848389,-3.5142699027061464,-7.861197885437863,-1.0828987974336888,0.0,0.031332019716501236,256.6719055175781,11.279527097940445,-0.4882812798023224,-175.78126072883606,-3782.6200783898566,1,1789162750.0748088,38.99141925666667,-76.93657083166667,-9.932000000000002,0,1,17.205903999999997,6.964320999999999,72.403081,1,1,1789162750.949598,-0.9638757357768468,0.2607217166006508,-0.042409471065896875,-0.03419340926791168,177.4769625564543,-5.7152647448024965,-30.145845866902782,-0.0070502575134310935,0.1939120140160268,0.14876086986570908,-3.8384209398078917,0.200153729801178,-15.578550247440338
2026-09-11T17:39:10.990,11.295732192000003,-68.12578582763672,-6131.320724487305,-24525.28289794922,-46.666163291931156,-37.02442977905274,-5.001614093780518,-3.4261056542396546,-7.663980078381466,2.6391778467042744,0.0,0.01906586065888405,156.18753051757812,6.8637098371982574,-0.4882813096046448,-175.78127145767212,-0.00032116540368516434,1,1789162750.0748088,38.99141925666667,-76.93657083166667,-9.932000000000002,0,1,17.205903999999997,6.964320999999999,72.403081,1,1,1789162750.9815981,-0.9634218164943198,0.2627742938291868,-0.04121220815672438,-0.03270516632283376,177.61850016701098,-5.543280510411892,-30.39746164597612,0.04654670942021237,-0.06881327095130563,0.06738646428780026,-2.5927802362632755,-1.2936932893371582,-12.936050294857026
2026-09-11T17:39:11.024,11.32914233599999,-68.29339599609375,-6146.4056396484375,-24585.62255859375,-46.78097625732422,-37.1392427444458,-5.003029823303223,-3.427075428962708,-7.666149402654582,-0.029026355679689392,0.0,0.002298358827829361,18.828155517578125,0.82740917801857,-0.4730225205421448,-170.28810739517212,164.41605467196248,1,1789162750.0748088,38.99141925666667,-76.93657083166667,-9.932000000000002,0,1,17.205903999999997,6.964320999999999,72.403081,1,1,1789162751.021598,-0.9626855815363561,0.2651081065142879,-0.039738797386788725,-0.037080870333211294,177.10196772858635,-5.518826164594243,-30.653687430694685,-0.02941298668630924,-0.10317182260606601,0.13569236802555115,-0.3868723488807678,3.349069096736908,-9.17108116476059
2026-09-11T17:39:11.057,11.362557471999992,-68.46068572998047,-6161.461715698242,-24645.84686279297,-46.89556972503662,-37.253836212158205,-4.978873252868652,-3.410528178215027,-7.629134256923369,0.49520225647682176,0.0,0.0017395056784152985,14.250030517578125,0.6262220442295074,-0.0610351599752903,-21.972657591104507,4438.57088608163,1,1789162750.0748088,38.99141925666667,-76.93657083166667,-9.932000000000002,0,1,17.205903999999997,6.964320999999999,72.403081,1,1,1789162751.0495982,-0.962417003996743,0.26607333635163616,-0.03980102503220057,-0.03707247640809078,177.11033051914322,-5.528355633116918,-30.768828883649345,-0.04685388736856338,-0.1496213171869423,0.06221313385196388,2.0612597974967954,-1.3360580180358888,-9.76212797000885
2026-09-11T17:39:11.091,11.395962880000013,-68.62386322021484,-6176.147689819336,-24704.590759277344,-47.00734630584717,-37.365612792968754,-4.902332305908203,-3.358097629547119,-7.511850459795802,1.5695227751109664,0.0,-0.000194549560546875,-1.59375,-0.070037841796875,0.0915527418255806,32.958987057209015,1644.3937654728913,1,1789162751.0726094,38.991403575,-76.93657024333334,-9.945000000000004,0,1,23.687689,16.329681000000004,168.792064,1,1,1789162751.081598,-0.9620759070072494,0.267186343312842,-0.04049515211993224,-0.03716920443154339,177.12713960118305,-5.61140646378003,-30.901100597450466,-0.06767182562050134,-0.08606881766699796,0.04716926836439875,1.6089770920372009,-1.067355803604126,-8.11608174036026
2026-09-11T17:39:11.124,11.429361792000009,-68.78172302246094,-6190.355072021484,-24761.420288085938,-47.115480270385746,-37.47374675750733,-4.74815034866333,-3.252482988834381,-7.2755972370131925,3.1622180001777336,0.0,-0.0005207061767578125,-4.265625,-0.1874542236328125,0.0,0.0,-986.8281654568087,1,1789162751.0726094,38.991403575,-76.93657024333334,-9.945000000000004,0,1,23.687689,16.329681000000004,168.792064,1,1,1789162751.1215982,-0.961648121660634,0.2686828713361656,-0.04169095385525108,-0.03611466632501395,177.2894131476192,-5.715609686790096,-31.085211830614323,-0.015554025227923065,0.0011582004916234371,0.03643095560857844,3.7054427636146547,-0.5674127783584595,-8.905419011878967
2026-09-11T17:39:11.158,11.46276636799999,-68.94309997558594,-6204.878997802734,-24819.515991210938,-47.22602348327637,-37.584289970397954,-4.749830722808838,-3.253634045124054,-7.278172076601759,-0.034458042205765475,0.0,-6.866455078125e-05,-0.5625,-0.02471923828125,0.030517585575580597,10.986330807209015,328.88700060779854,1,1789162751.0726094,38.991403575,-76.93657024333334,-9.945000000000004,0,1,23.687689,16.329681000000004,168.792064,1,1,1789162751.1495981,-0.9614300227533531,0.26966666606481815,-0.04157380113395946,-0.03469610383381171,177.44887932312676,-5.661630607132833,-31.20985233411248,0.08505513043743967,0.026939157004532477,0.07918314470202993,-0.33362223850250244,-0.7323606340789794,-10.249028150539399
2026-09-11T17:39:11.191,11.496187711999994,-69.09799194335938,-6218.819274902344,-24875.277099609375,-47.33212448120118,-37.69039096832276,-4.698803424835205,-3.218680346012116,-7.199982878516715,1.0458495957533598,0.0,0.00042533877422101796,3.484375238418579,0.15312195871956646,0.030517585575580597,10.986330807209015,0.0,1,1789162751.0726094,38.991403575,-76.93657024333334,-9.945000000000004,0,1,23.687689,16.329681000000004,168.792064,1,1,1789162751.1775982,-0.9611162787114095,0.2708804296181261,-0.04186210279988712,-0.033568675800563455,177.5898471600906,-5.661718419374491,-31.36065984982724,0.02399583375396924,-0.0349964694963643,0.09232093611349206,5.178990016918182,0.2725268079948425,-7.71901047531128
2026-09-11T17:39:11.224,11.529587520000007,-69.25118255615234,-6232.606430053711,-24930.425720214844,-47.43706005096436,-37.79532653808594,-4.621060848236084,-3.1654266810417178,-7.080857822659525,1.5944302724847275,0.0,0.000762939453125,6.25,0.274658203125,0.0,0.0,-328.9339509737537,1,1789162751.0726094,38.991403575,-76.93657024333334,-9.945000000000004,0,1,23.687689,16.329681000000004,168.792064,1,1,1789162751.2215981,-0.9604389591117208,0.2736592872007626,-0.04128491123514165,-0.031034762017315854,177.86863253768516,-5.5255243516935035,-31.704976410338983,-0.014659893052126371,-0.05071647553615202,0.07249033061940728,-1.1367868867492674,-1.8579679396438598,-13.049415170726776
2026-09-11T17:39:11.258,11.562993952,-69.40068817138672,-6246.061935424805,-24984.24774169922,-47.53947139739991,-37.89773788452149,-4.464333534240723,-3.058068470954895,-6.840704346266311,3.213698789707527,0.0,0.0009860992431640625,8.078125,0.3549957275390625,-0.0762939527630806,-27.465822994709015,-822.1717001898074,1,1789162751.0726094,38.991403575,-76.93657024333334,-9.945000000000004,0,1,23.687689,16.329681000000004,168.792064,1,1,1789162751.2495983,-0.9599368657809687,0.2752488082193581,-0.04292031769671166,-0.03028454419744132,178.01226187135796,-5.685801412887911,-31.90032646689358,0.06071773574885513,-0.0266862587959185,0.07377506748180032,-1.6306497888946534,-0.7851204119491578,-10.483603222408293
2026-09-11T17:39:11.291,11.596416032000008,-69.54875946044922,-6259.38835144043,-25037.55340576172,-47.640900230407716,-37.9991667175293,-4.438952445983887,-3.0406824254989626,-6.801812870210628,0.5201963928016506,0.0,0.0012722015380859375,10.421875,0.4579925537109375,0.045776382088661194,16.47949755191803,1314.858935967367,1,1789162751.0726094,38.991403575,-76.93657024333334,-9.945000000000004,0,1,23.687689,16.329681000000004,168.792064,1,1,1789162751.281598,-0.9596144088192826,0.2764189723010778,-0.044685084565902373,-0.027128976312657573,178.42399147815857,-5.782868918007528,-32.05871094356062,0.10651709518336352,0.012260588929409766,0.07217442602479632,0.1025775606918335,-0.8798526525115966,-8.711149272174836
2026-09-11T17:39:11.324,11.629823743999992,-69.69340515136719,-6272.406463623047,-25089.625854492188,-47.739982528686525,-38.09824901580811,-4.361892223358154,-2.987896173000336,-6.683733386274903,1.5800618880649722,0.0,-0.0062713623046875,-51.375,-2.2576904296875,-0.2899170219898224,-104.37012791633606,-3617.4170044422494,1,1789162751.0726094,38.991403575,-76.93657024333334,-9.945000000000004,0,1,23.687689,16.329681000000004,168.792064,1,1,1789162751.321598,-0.9592793682994082,0.27727933376150965,-0.046741392358608067,-0.026730261207856567,178.53866402186915,-5.998337421090304,-32.16726683036616,0.010426422418488925,-0.04096846259791329,0.05267543308859046,8.005953059043884,-3.5946276167869566,-8.29779896785736
2026-09-11T17:39:11.358,11.66322428800001,-69.83771514892578,-6285.39436340332,-25141.57745361328,-47.838834877014165,-38.19710136413575,-4.284805774688721,-2.935091955661774,-6.565613716136745,1.5809388415510586,0.0,-0.017101287841796875,-140.09375,-6.156463623046875,-0.5798340439796448,-208.74025583267212,-3124.8032342312517,1,1789162751.0726094,38.991403575,-76.93657024333334,-9.945000000000004,0,1,23.687689,16.329681000000004,168.792064,1,1,1789162751.3495982,-0.9593730814406124,0.27742502981873746,-0.04424181351729355,-0.02610182702260393,178.5295013844073,-5.702974642003732,-32.18366130595572,0.032755641269728776,-0.03727656763116969,-0.016789194739559452,-2.748804040336609,-0.11356100887298584,-7.104231576671601
2026-09-11T17:39:11.391,11.696631359999998,-69.97653198242188,-6297.887878417969,-25191.551513671875,-47.93392440795899,-38.292190895080566,-4.207650661468506,-2.8822407031059267,-6.447388831214038,1.5820378558128458,0.0,-0.03205299377441406,-262.578125,-11.539077758789062,0.015258789993822575,5.493164397776127,6412.816430919816,1,1789162751.0726094,38.991403575,-76.93657024333334,-9.945000000000004,0,1,23.687689,16.329681000000004,168.792064,1,1,1789162751.3815982,-0.9593308922011164,0.2774716271886551,-0.04456135483420191,-0.02660866455180264,178.48392987628688,-5.754399888800229,-32.187190173118736,0.05123448925814394,-0.013258917261550523,-0.022409853062681992,-1.8503187525177,0.6792085902023316,-8.891787768154144
2026-09-11T17:39:11.425,11.730038048000011,-70.11685943603516,-6310.517349243164,-25242.069396972656,-48.03004871368409,-38.388315200805664,-4.20864725112915,-2.8829233670234684,-6.448915906906463,-0.020434947563236504,0.0,-0.030704498291015625,-251.53125,-11.053619384765625,0.0610351637005806,21.972658932209015,493.2992619449777,1,1789162751.0726094,38.991403575,-76.93657024333334,-9.945000000000004,0,1,23.687689,16.329681000000004,168.792064,1,1,1789162751.4215982,-0.9595549312849059,0.2770656586268109,-0.04254940626640937,-0.0260480840540621,178.47953756730396,-5.514119355688019,-32.138278856404135,-0.020567832570127176,-0.010288890473431771,-0.02628832372646379,2.731838535556793,3.0205463163185122,-12.874268398838044
2026-09-11T17:39:11.458,11.76344774399999,-70.2566146850586,-6323.095321655273,-25292.381286621094,-48.125781059265144,-38.48404754638672,-4.183828353881836,-2.865922422409058,-6.410885876899281,0.5088625952903498,0.0,-0.02974700927734375,-243.6875,-10.70892333984375,0.01525880303233862,5.493169091641903,-493.2547078721637,1,1789162751.0726094,38.991403575,-76.93657024333334,-9.945000000000004,0,1,23.687689,16.329681000000004,168.792064,1,1,1789162751.449598,-0.9596631931325342,0.27709781517561344,-0.04111092645961206,-0.02394260422765518,178.6666506569103,-5.288698039562367,-32.150018751629766,0.06506046399366743,-0.03851749672933766,-0.013000433999330162,1.9700579509925844,0.09061344749450684,-14.269460517349243
2026-09-11T17:39:11.491,11.796858495999999,-70.39364624023438,-6335.428161621094,-25341.712646484375,-48.21964767456055,-38.57791416168213,-4.159237384796143,-2.849077608585358,-6.373205101524147,0.5041734416422405,0.0,-0.028888702392578125,-236.65625,-10.399932861328125,0.01525880303233862,5.493169091641903,0.0,1,1789162751.0726094,38.991403575,-76.93657024333334,-9.945000000000004,0,1,23.687689,16.329681000000004,168.792064,1,1,1789162751.4815981,-0.959874090815956,0.27690822411588895,-0.03740902257379118,-0.02375142579509715,178.5692143348004,-4.874290171412337,-32.12309851869704,0.0774730711009259,-0.03807715015905949,-0.007045719657375909,-3.560108208217621,1.7856929279518128,-13.645561434059143
2026-09-11T17:39:11.525,11.830259552000001,-70.53132629394531,-6347.819366455078,-25391.277465820312,-48.313958511352546,-38.67222499847412,-4.108369827270508,-2.814233331680298,-6.295260673944826,1.0432088406144207,0.0,-0.0271759033203125,-222.625,-9.7833251953125,0.2136230766773224,76.90430760383606,2137.9904429425515,1,1789162751.0726094,38.991403575,-76.93657024333334,-9.945000000000004,0,1,23.687689,16.329681000000004,168.792064,1,1,1789162751.521598,-0.9600071625473025,0.2766046119554907,-0.03586149133815681,-0.024291766955756133,178.45896749193653,-4.720380067150217,-32.08278870452222,-0.05154655412840053,-0.1211171234421465,-0.035286368685120556,-1.7658834946250916,2.432049240112305,-4.698464158992767
2026-09-11T17:39:11.558,11.863667264000014,-70.66903686523438,-6360.213317871094,-25440.853271484375,-48.40829025268555,-38.76655673980713,-4.109621047973633,-2.8150904178619385,-6.297177921129956,-0.025655339151631797,0.0,-0.025970458984375,-212.75,-9.349365234375,0.0,0.0,-2301.9926537862225,1,1789162751.0726094,38.991403575,-76.93657024333334,-9.945000000000004,0,1,23.687689,16.329681000000004,168.792064,1,1,1789162751.5495982,-0.9598658837958937,0.2768779064358452,-0.036866748942181594,-0.025237925328075513,178.3877076160465,-4.861644276496013,-32.112469724438164,-0.16062683985124293,0.0006972590361717346,-0.027877620543329828,2.0299765834808348,1.8546336785888673,-6.403154156608581
2026-09-11T17:39:11.592,11.897073696000007,-70.80732727050781,-6372.659454345703,-25490.637817382812,-48.503019180297855,-38.86128566741944,-4.1371169090271,-2.8339250826835634,-6.339309866418128,-0.5638035460245834,0.0,-0.025911331176757812,-212.265625,-9.328079223632812,0.0,0.0,0.0,1,1789162751.0726094,38.991403575,-76.93657024333334,-9.945000000000004,0,1,23.687689,16.329681000000004,168.792064,1,1,1789162751.5895982,-0.9599337005957962,0.2767907685171221,-0.03632834406820948,-0.024380573033111006,178.46487702291398,-4.774954306327629,-32.10515055628753,-0.02829824489306046,-0.024449968425338163,-0.01911135530933791,3.456844182014465,0.44581031635284424,-5.135154290695191
2026-09-11T17:39:11.625,11.930487072000005,-70.94517517089844,-6385.065765380859,-25540.263061523438,-48.597444992065434,-38.955711479187016,-4.0865349769592285,-2.799276459217072,-6.261803103116206,1.0369686519103307,0.0,-0.027254104614257812,-223.265625,-9.811477661132812,0.0,0.0,0.0,1,1789162751.0726094,38.991403575,-76.93657024333334,-9.945000000000004,0,1,23.687689,16.329681000000004,168.792064,1,1,1789162751.6215982,-0.9598869837324953,0.2768034771141292,-0.036974029278871015,-0.025094514885626938,178.40656778637782,-4.868795337623258,-32.104297054752905,0.11250619251158207,0.032564178650785,0.008552113334772215,-4.211367845458985,0.22241482566833495,-5.428765396537781
2026-09-11T17:39:11.659,11.963894720000013,-71.07857513427734,-6397.071762084961,-25588.287048339844,-48.68882396697998,-39.047090454101564,-4.060969352722168,-2.781764006614685,-6.222628862327045,0.5242048947110117,0.0,-0.02922821044921875,-239.4375,-10.52215576171875,0.0457763709127903,16.479493528604507,493.2850564218301,1,1789162751.0726094,38.991403575,-76.93657024333334,-9.945000000000004,0,1,23.687689,16.329681000000004,168.792064,1,1,1789162751.6495981,-0.9597908806883924,0.277152478355382,-0.03807239217690185,-0.023204784911687513,178.65188815822265,-4.930402579933284,-32.1555215688251,0.07210566005226773,0.01730162340794499,-0.0030611329750728543,2.863149581222534,0.4731708703041077,-12.61095984199524
2026-09-11T17:39:11.692,11.997301568000012,-71.21163177490234,-6409.046859741211,-25636.187438964844,-48.77996776580811,-39.13823425292969,-4.007981300354004,-2.745467190742493,-6.141435197616522,1.0865082474166308,0.0,-0.029844284057617188,-244.484375,-10.743942260742188,-0.0305175818502903,-10.986329466104507,-822.1614620664079,1,1789162751.0726094,38.991403575,-76.93657024333334,-9.945000000000004,0,1,23.687689,16.329681000000004,168.792064,1,1,1789162751.689598,-0.9601127189833152,0.27666964403029304,-0.03488897409174504,-0.020499619641403247,178.84711488121692,-4.493036884620157,-32.10489502506008,0.05357933910819832,-0.06133802576501391,-0.016111134325159655,-0.8997601523399353,-0.16808598377227782,-12.416493969287872
2026-09-11T17:39:11.725,12.030701375999996,-71.34564208984375,-6421.1077880859375,-25684.43115234375,-48.871764831542976,-39.23003131866455,-4.008511066436768,-2.745830080509186,-6.142246958905653,-0.010865025532283162,0.0,-0.031045913696289062,-254.328125,-11.176528930664062,0.0457763709127903,16.479493528604507,822.3347569759029,1,1789162751.0726094,38.991403575,-76.93657024333334,-9.945000000000004,0,1,23.687689,16.329681000000004,168.792064,1,1,1789162751.7215981,-0.9603427764426845,0.2759791263581118,-0.03372909244680768,-0.020967161746027297,178.75557099600744,-4.379137594964494,-32.01914313003051,0.04191547825004542,0.056279712526883956,-0.07823647811574821,-0.07884546730041504,1.1702275638008117,-7.70331983505249
2026-09-11T17:39:11.759,12.064111359999998,-71.4791030883789,-6433.119277954102,-25732.477111816406,-48.96318561553955,-39.321452102661134,-3.9576101303100586,-2.7109629392623904,-6.064251385250508,1.0436144251608601,0.0,-0.03147697448730469,-257.859375,-11.331710815429688,0.03051757998764515,10.986328795552254,-164.4168621287546,1,1789162751.0726094,38.991403575,-76.93657024333334,-9.945000000000004,0,1,23.687689,16.329681000000004,168.792064,1,1,1789162751.7495983,-0.9604765095984719,0.27545154801250227,-0.03388537291315255,-0.021519774849877042,178.69707705056896,-4.413130433866148,-31.95413205003109,-0.006311459641061895,0.12151052065554602,-0.03837368159897333,5.243517774982452,-0.3472534822273254,-8.79764392660141
2026-09-11T17:39:11.793,12.097533792000007,-71.61116790771484,-6445.005111694336,-25780.020446777344,-49.05365001678467,-39.411916503906255,-3.9844534397125244,-2.7293506062030795,-6.1053834247563445,-0.5501594540063433,0.0,-0.03201484680175781,-262.265625,-11.525344848632812,0.0,0.0,-328.71123189208123,1,1789162751.0726094,38.991403575,-76.93657024333334,-9.945000000000004,0,1,23.687689,16.329681000000004,168.792064,1,1,1789162751.7895982,-0.9608631544503511,0.2745196950759038,-0.03258530283480206,-0.017864307272270567,179.0555517585485,-4.153469415692831,-31.855150598490074,0.16335444040625968,-0.06115127553505052,-0.07536855308887112,2.4833380204582216,0.44208378929138187,-8.841479652824402
2026-09-11T17:39:11.825,12.130972256000007,-71.74309539794922,-6456.87858581543,-25827.51434326172,-49.144020347595216,-39.5022868347168,-3.959057092666626,-2.711954108476639,-6.066468567637429,0.5202540920073498,0.0,-0.03274726867675781,-268.265625,-11.789016723632812,0.0,0.0,0.0,1,1789162751.0726094,38.991403575,-76.93657024333334,-9.945000000000004,0,1,23.687689,16.329681000000004,168.792064,1,1,1789162751.821598,-0.9612037658299413,0.27358893098596343,-0.03086403013881567,-0.016847226474631893,179.1098360010974,-3.9308043635610623,-31.745504404689854,-0.005004033498392943,-0.08090665733837434,-0.06832230983271963,-4.5479320790100095,-1.6832134337615965,-7.066279840545654
2026-09-11T17:39:11.859,12.164373439999991,-71.87635040283203,-6468.871536254883,-25875.48614501953,-49.23530002593994,-39.593566513061525,-3.986117362976074,-2.730490393638611,-6.107933056636114,-0.5549589248686654,0.0,-0.03385734558105469,-277.359375,-12.188644409179688,-0.015258795581758022,-5.493166409432888,-164.4602301952955,1,1789162751.0726094,38.991403575,-76.93657024333334,-9.945000000000004,0,1,23.687689,16.329681000000004,168.792064,1,1,1789162751.8495982,-0.9614209357993744,0.27280067772660854,-0.030801507670186103,-0.017344784916566106,179.0496997830182,-3.938735230387719,-31.64962692962971,0.10940264803568575,0.06444296650431183,-0.07019155746160555,-3.692596051902771,-0.36686678255081173,-16.934025432796478
2026-09-11T17:39:11.892,12.197782336000017,-72.00900268554688,-6480.810241699219,-25923.240966796875,-49.326166839599615,-39.6844333267212,-3.986859083175659,-2.730998471975327,-6.109069595506719,-0.015207875672256302,0.0,-0.03709220886230469,-303.859375,-13.353195190429688,-0.1373291164636612,-49.43848192691803,-1315.3776622086273,1,1789162751.0726094,38.991403575,-76.93657024333334,-9.945000000000004,0,1,23.687689,16.329681000000004,168.792064,1,1,1789162751.8895981,-0.9619274148600909,0.2714725259283285,-0.02669419950398007,-0.01690372501898345,178.96518491514715,-3.4704390872443547,-31.4886152742632,0.0656224600128096,-0.1434592577298511,-0.11226673333820845,-6.405017420139313,3.114592091369629,-1.900038468837738
2026-09-11T17:39:11.926,12.231192256000014,-72.14152526855469,-6492.737274169922,-25970.949096679688,-49.41694480895997,-39.775211296081544,-3.9617114067077637,-2.713772313594818,-6.070535776652682,0.5156001086057759,0.0,-0.042812347412109375,-350.71875,-15.412445068359375,-0.3051758110523224,-109.86329197883606,-1808.588887729264,1,1789162751.0726094,38.991403575,-76.93657024333334,-9.945000000000004,0,1,23.687689,16.329681000000004,168.792064,1,1,1789162751.9215982,-0.9621070811385495,0.27050000136884933,-0.0297875263566195,-0.01710020339256463,179.0358541093688,-3.8169333330364363,-31.374925687604083,0.03443342627967093,0.040071537895313404,-0.12867143204355355,1.2905551612854003,0.21868829860687256,-12.53917516281128
2026-09-11T17:39:11.959,12.264592224000012,-72.27635955810547,-6504.872360229492,-26019.48944091797,-49.50930629730225,-39.86757278442383,-4.014772891998291,-2.7501194310188297,-6.151841962730017,-1.0882380912464966,0.0,-0.053470611572265625,-438.03125,-19.249420166015625,-0.3509521782398224,-126.34278416633606,-493.39844240273374,1,1789162751.0726094,38.991403575,-76.93657024333334,-9.945000000000004,0,1,23.687689,16.329681000000004,168.792064,1,1,1789162751.949598,-0.9625707108861833,0.2687543618640592,-0.031040590728105378,-0.016285000778634134,179.15767111449796,-3.9284602445866663,-31.171088055925832,0.03379358857588981,-0.010734822097316325,-0.1293634550919693,-2.691337070388794,0.4764070648574829,-11.059841985912323
2026-09-11T17:39:11.993,12.297997151999994,-72.40827178955078,-6516.74446105957,-26066.97784423828,-49.59966617584229,-39.95793266296387,-3.9636406898498535,-2.71509387254715,-6.073492019835243,1.0485147123112735,0.0,-0.06824493408203125,-559.0625,-24.56817626953125,-0.2746582627296448,-98.87697458267212,822.2083156017866,1,1789162751.0726094,38.991403575,-76.93657024333334,-9.945000000000004,0,1,23.687689,16.329681000000004,168.792064,1,1,1789162751.989598,-0.9634700300668924,0.26562125029859385,-0.03024602574471076,-0.016000952451760024,179.15210968044042,-3.8292147693318745,-30.797897157324094,-0.09237608851785509,0.007799178295461861,-0.20605950560990732,-1.7819664008903504,1.7624511670684813,-4.519198594036102
2026-09-11T17:39:12.026,12.331399392000009,-72.54396057128906,-6528.956451416016,-26115.825805664062,-49.692612991333014,-40.05087947845459,-4.017226696014404,-2.751800286769867,-6.155601929961221,-1.098920737731976,0.0,-0.080474853515625,-659.25,-28.970947265625,-0.5340576767921448,-192.26076364517212,-2795.7343298670303,1,1789162751.0726094,38.991403575,-76.93657024333334,-9.945000000000004,0,1,23.687689,16.329681000000004,168.792064,1,1,1789162752.021598,-0.9643072047417467,0.2620907690093468,-0.03247130736921672,-0.01912218295545925,178.85910432502848,-4.166101143110486,-30.368937217496548,-0.1478965828201215,-0.03017080864752518,-0.28150921650899624,3.868331222801208,4.640506856536866,-5.503492070770264
2026-09-11T17:39:12.060,12.364807040000017,-72.6848373413086,-6541.635360717773,-26166.541442871094,-49.78911357879639,-40.14738006591797,-4.14932107925415,-2.8422849392890934,-6.358010333055409,-2.708501134806167,0.0,-0.10401153564453125,-852.0625,-37.44415283203125,-0.7324219346046448,-263.6718964576721,-2137.5684038721683,1,1789162751.0726094,38.991403575,-76.93657024333334,-9.945000000000004,0,1,23.687689,16.329681000000004,168.792064,1,1,1789162752.0495982,-0.965262089944333,0.25853023021932253,-0.031161869103981114,-0.02145123989397692,178.5465922362018,-4.085805176573716,-29.935862023953927,-0.061401904815636905,0.07615866364124897,-0.29389791260550235,2.4424442892837526,1.741464935722351,-7.269081365890503
2026-09-11T17:39:12.093,12.398229024000017,-72.82441711425781,-6554.197540283203,-26216.790161132812,-49.884725723266605,-40.24299221038819,-4.228209972381592,-2.8963238310813906,-6.478891891288,-1.6168666645372303,0.0,-0.11123847961425781,-911.265625,-40.04585266113281,-0.3509521782398224,-126.34278416633606,4108.945545881862,1,1789162752.0741813,38.99138930833333,-76.93656962166666,-9.919000000000004,0,1,18.395521,8.3521,72.42009999999999,1,1,1789162752.0895982,-0.9668341189054005,0.2524216039341257,-0.033035922787740334,-0.02058514496679396,178.6711382264761,-4.259439425896752,-29.214966073184858,0.027758763621269014,0.038985244968872144,-0.3659000746331268,-2.813429864902496,-0.4039359201622009,-7.865914094734192
2026-09-11T17:39:12.126,12.431636032,-72.96627044677734,-6566.964340209961,-26267.857360839844,-49.981895256042485,-40.34016174316407,-4.306600570678711,-2.9500213909149173,-6.599009911674378,-1.6073741124483099,0.0,-0.12965011596679688,-1062.09375,-46.674041748046875,-0.5340576767921448,-192.26076364517212,-1973.1781870100128,1,1789162752.0741813,38.99138930833333,-76.93656962166666,-9.919000000000004,0,1,18.395521,8.3521,72.42009999999999,1,1,1789162752.1215982,-0.9683868130816121,0.24629917380595268,-0.03450582143543524,-0.019314386327545775,178.82708354850396,-4.378460741404261,-28.495203500697546,0.07214161383485881,-0.039980431708359306,-0.38933042170944987,6.528581212177277,2.016541472759247,-7.249468065567017
2026-09-11T17:39:12.160,12.465036192000014,-73.11656188964844,-6580.490570068359,-26321.962280273438,-50.08484489440919,-40.44311138153076,-4.46336030960083,-3.0574018120765687,-6.839213072826962,-3.214967268468408,0.0,-0.1434783935546875,-1175.375,-51.6522216796875,-0.10681158304214478,-38.45216989517212,4605.025657060852,1,1789162752.0741813,38.99138930833333,-76.93656962166666,-9.919000000000004,0,1,18.395521,8.3521,72.42009999999999,1,1,1789162752.1495981,-0.9699374893157366,0.23987681913796033,-0.03634769013033203,-0.018953202429375673,178.8889400473569,-4.56573747918204,-27.7380672774865,0.02747287868979234,0.05446265024263266,-0.5160486557870966,2.377818464717865,1.3800898772621155,-5.975682276058197
2026-09-11T17:39:12.193,12.498444191999994,-73.26771545410156,-6594.094390869141,-26376.377563476562,-50.188385086059576,-40.54665157318116,-4.541946887969971,-3.1112336182594302,-6.959631393744244,-1.6113447731948507,0.0,-0.15609169006347656,-1278.703125,-56.19300842285156,-0.5187988877296448,-186.76759958267212,-4439.518369480013,1,1789162752.0741813,38.99138930833333,-76.93656962166666,-9.919000000000004,0,1,18.395521,8.3521,72.42009999999999,1,1,1789162752.189598,-0.9723728857768645,0.22961680076345606,-0.037520326866633986,-0.018955761260072614,178.8712371948314,-4.684714444476792,-26.526769953410714,-0.03895993769471822,0.08334767483021362,-0.5628545466012301,5.126916704559327,3.349461362743378,-10.474875303764344
2026-09-11T17:39:12.227,12.531846336000001,-73.42369842529297,-6608.132858276367,-26432.53143310547,-50.29523342132569,-40.653499908447266,-4.698955059051514,-3.2187842154502873,-7.200215227832596,-3.21987107147475,0.0,-0.1765766143798828,-1446.515625,-63.56758117675781,-0.3051758408546448,-109.86330270767212,2302.3760652904034,1,1789162752.0741813,38.99138930833333,-76.93656962166666,-9.919000000000004,0,1,18.395521,8.3521,72.42009999999999,1,1,1789162752.2215981,-0.9742678031361381,0.22088228979594696,-0.03940755855254384,-0.021454746694155712,178.59681449393588,-4.948769991681986,-25.48724438983688,-0.0832560450444839,-0.005881585046295691,-0.5733680609493936,8.125790324020386,3.0688931016159056,-6.926142809734344
2026-09-11T17:39:12.260,12.565255903999997,-73.5840835571289,-6622.567520141602,-26490.270080566406,-50.4050972366333,-40.763363723754885,-4.777594089508057,-3.2726519513130192,-7.320713921154741,-1.612344579335421,0.0,-0.17633438110351562,-1444.53125,-63.480377197265625,-0.0610351599752903,-21.972657591104507,2630.7028308949607,1,1789162752.0741813,38.99138930833333,-76.93656962166666,-9.919000000000004,0,1,18.395521,8.3521,72.42009999999999,1,1,1789162752.2495983,-0.9759906204019628,0.212912113425309,-0.04076713331876847,-0.021184468016216117,178.6197961277424,-5.082929683352948,-24.551259505106184,-0.08776615036456245,0.028927610621329616,-0.6051222322943279,6.8499451379776,0.43080614160537717,-16.425844821414948
2026-09-11T17:39:12.293,12.598663455999997,-73.74468994140625,-6637.0220947265625,-26548.08837890625,-50.51511260986329,-40.87337909698487,-4.804978370666504,-3.2914101839065553,-7.36267489241802,-0.5614967715544108,0.0,-0.1816387176513672,-1487.984375,-65.38993835449219,-0.1525879204273224,-54.93165135383606,-986.5731485722646,1,1789162752.0741813,38.99138930833333,-76.93656962166666,-9.919000000000004,0,1,18.395521,8.3521,72.42009999999999,1,1,1789162752.2895982,-0.9785667342659362,0.20041784083252048,-0.041927935348771664,-0.021951854170442247,178.49494574181048,-5.212949088523137,-23.080567805323533,0.14633940006149215,0.08426536895091223,-0.6582430734080275,3.9086365549659727,-0.7260843779754638,-9.678771443634032
2026-09-11T17:39:12.327,12.63206841600001,-73.90697479248047,-6651.627731323242,-26606.51092529297,-50.626277732849125,-40.98454421997071,-4.831101417541504,-3.3093044710159303,-7.402703272673422,-0.5356775493629735,0.0,-0.18625259399414062,-1525.78125,-67.05093383789062,-0.1525879204273224,-54.93165135383606,0.0,1,1789162752.0741813,38.99138930833333,-76.93656962166666,-9.919000000000004,0,1,18.395521,8.3521,72.42009999999999,1,1,1789162752.321598,-0.9804384462456096,0.1901672169245949,-0.044935409381985855,-0.023615497333786987,178.31782362181008,-5.571888574811756,-21.871876637917932,-0.11513745089188873,0.10107236604884201,-0.6803761172513432,2.662799718418121,-3.0664414390754704,-5.589594459190369
2026-09-11T17:39:12.360,12.665479392000009,-74.07022857666016,-6666.320571899414,-26665.282287597656,-50.73810657501221,-41.09637306213379,-4.88479471206665,-3.346084377765656,-7.48497758090026,-1.1008330540756057,0.0,-0.1916351318359375,-1569.875,-68.9886474609375,-0.3356933891773224,-120.84962010383606,-1972.9435246070634,1,1789162752.0741813,38.99138930833333,-76.93656962166666,-9.919000000000004,0,1,18.395521,8.3521,72.42009999999999,1,1,1789162752.3495982,-0.9820750020539493,0.18122264929325946,-0.04584528161086235,-0.024191979619052728,178.22055130110488,-5.670953084623879,-20.822254472102383,-0.10101895897373099,0.21059230021026182,-0.7075385018672057,2.7269352104759217,2.314173305168152,-7.983691963176727
2026-09-11T17:39:12.394,12.69889897600001,-74.22998809814453,-6680.698928833008,-26722.79571533203,-50.84754184722901,-41.205808334350586,-4.781877040863037,-3.275585772991181,-7.327276693341037,2.109499770388336,0.0,-0.1894702911376953,-1552.140625,-68.20930480957031,0.2136230617761612,76.90430223941803,5917.3065213274385,1,1789162752.0741813,38.99138930833333,-76.93656962166666,-9.919000000000004,0,1,18.395521,8.3521,72.42009999999999,1,1,1789162752.3895981,-0.9844808862569241,0.16762086366427098,-0.045609939341143074,-0.024907109276719568,178.05646632676758,-5.6328869234091,-19.22977950822666,-0.08108188839527457,-0.01347254556199463,-0.6864763920529137,-2.5994487583732604,1.6429081015968323,-12.09817010503769
2026-09-11T17:39:12.427,12.732306208000011,-74.39081573486328,-6695.173416137695,-26780.69366455078,-50.95770877838135,-41.315975265502935,-4.810178279876709,-3.294972121715546,-7.3706427203729925,-0.5803039510835324,0.0,-0.1803264617919922,-1477.234375,-64.91752624511719,0.4119873344898224,148.31544041633606,2137.595182292089,1,1789162752.0741813,38.99138930833333,-76.93656962166666,-9.919000000000004,0,1,18.395521,8.3521,72.42009999999999,1,1,1789162752.4215982,-0.9861540888851359,0.15773039891702437,-0.04438796919549651,-0.025513573315071515,177.909096194503,-5.485583174666919,-18.074225922415355,0.021439624531498343,0.031048185662502725,-0.6345427238964209,-0.6835235162734985,0.47052307476043703,-11.69835297794342
2026-09-11T17:39:12.460,12.765706432000002,-74.54767608642578,-6709.29084777832,-26837.16339111328,-51.06515811920166,-41.423424606323245,-4.733427047729492,-3.2423975276947026,-7.253036702967741,1.5740790846450188,0.0,-0.17655372619628906,-1446.328125,-63.55934143066406,-0.1525879055261612,-54.93164598941803,-6085.201297027598,1,1789162752.0741813,38.99138930833333,-76.93656962166666,-9.919000000000004,0,1,18.395521,8.3521,72.42009999999999,1,1,1789162752.449598,-0.9876107907870875,0.14929513348772844,-0.042675599459794315,-0.022686609454317164,178.15462092731653,-5.225037842616938,-17.108195349257134,0.0846713325349261,-0.12759945081697863,-0.6133357517542134,2.1555017055511474,-1.1540465910339357,-9.219427950057982
2026-09-11T17:39:12.494,12.799114688000003,-74.70161437988281,-6723.145294189453,-26892.581176757812,-51.17060585021973,-41.52887233734131,-4.578485488891602,-3.1362625598907474,-7.0156195416310485,3.1769083607342754,0.0,-0.1634693145751953,-1339.140625,-58.84895324707031,0.6256104111671448,225.21974802017212,8385.693464800413,1,1789162752.0741813,38.99138930833333,-76.93656962166666,-9.919000000000004,0,1,18.395521,8.3521,72.42009999999999,1,1,1789162752.489598,-0.9892475880155093,0.13860219481562816,-0.042215133562180054,-0.019912902754619086,178.40663902360768,-5.108518442732758,-15.880353337540155,0.17244551141404774,-0.04444882365931519,-0.5247307961511424,3.4304642930793765,2.631320371398926,-14.345265923099518
2026-09-11T17:39:12.527,12.832523936000001,-74.85355377197266,-6736.819839477539,-26947.279357910156,-51.274684333801275,-41.63295082092286,-4.5015645027160645,-3.0835716843605043,-6.8977534098973265,1.5771344368555098,0.0,-0.15921401977539062,-1304.28125,-57.317047119140625,0.3814697563648224,137.32911229133606,-2630.7277472645005,1,1789162752.0741813,38.99138930833333,-76.93656962166666,-9.919000000000004,0,1,18.395521,8.3521,72.42009999999999,1,1,1789162752.521598,-0.990405370477468,0.13061665059470648,-0.03905781638921075,-0.022604860002145007,178.0118248147167,-4.776624306909575,-14.942920038267507,0.11298022393642375,-0.12233169806860934,-0.500586085811978,3.483126004447937,-0.8036549807548522,2.6172968616676333
2026-09-11T17:39:12.561,12.865942560000008,-75.00457000732422,-6750.41130065918,-27001.64520263672,-51.37813045501709,-41.736396942138676,-4.501087665557861,-3.083245050907135,-6.897022751671286,0.009773994685390908,0.0,-0.15769195556640625,-1291.8125,-56.76910400390625,-0.030517593026161194,-10.98633348941803,-4438.107499001911,1,1789162752.0741813,38.99138930833333,-76.93656962166666,-9.919000000000004,0,1,18.395521,8.3521,72.42009999999999,1,1,1789162752.5495982,-0.991252218386188,0.12452275965336558,-0.037271510199678844,-0.02289009393179694,177.9247347939741,-4.565091840264985,-14.237442464499685,-0.11567448870272738,-0.04347091567942277,-0.49850094095462044,-0.988510336303711,-1.867284257297516,-13.44521157125473
2026-09-11T17:39:12.594,12.899363232000013,-75.15322875976562,-6763.790588378906,-27055.162353515625,-51.47996170043946,-41.838228187561036,-4.475786209106445,-3.065913553237915,-6.858253295539352,0.5185861513861011,0.0,-0.1588459014892578,-1301.265625,-57.18452453613281,-0.0915527418255806,-32.958987057209015,-657.4569645932738,1,1789162752.0741813,38.99138930833333,-76.93656962166666,-9.919000000000004,0,1,18.395521,8.3521,72.42009999999999,1,1,1789162752.5895982,-0.9922804232812833,0.11548042905795067,-0.038421422796576024,-0.023824910232686514,177.79143790037162,-4.689293568338032,-13.18586762303593,-0.21142063347325832,-0.024851917752072458,-0.4757202054258896,6.88240515001297,1.4598179430770872,-15.148136371841431
2026-09-11T17:39:12.627,12.932764031999994,-75.30137634277344,-6777.123870849609,-27108.495483398438,-51.581442794799806,-41.93970928192139,-4.47654390335083,-3.0664325737953186,-6.8594143114605295,-0.015539165451240235,0.0,-0.16068458557128906,-1316.328125,-57.84645080566406,-0.015258795581758022,-5.493166409432888,822.3102634605024,1,1789162752.0741813,38.99138930833333,-76.93656962166666,-9.919000000000004,0,1,18.395521,8.3521,72.42009999999999,1,1,1789162752.6215982,-0.9931916844630253,0.10745650926866518,-0.03886279624896665,-0.022650818903580033,177.89304029447746,-4.707235578722014,-12.263370506004065,0.04836604063249127,0.08831627814479107,-0.5030897606239638,-4.845563911418915,-1.6109384220695495,-14.95769122570038
2026-09-11T17:39:12.661,12.966165664000016,-75.44837188720703,-6790.353469848633,-27161.41387939453,-51.68213474273682,-42.040401229858404,-4.426671981811523,-3.0322703075408937,-6.782995498257181,1.0227723679610272,0.0,-0.1641216278076172,-1344.484375,-59.08378601074219,-0.061035171151161194,-21.97266161441803,-493.3739526552012,1,1789162752.0741813,38.99138930833333,-76.93656962166666,-9.919000000000004,0,1,18.395521,8.3521,72.42009999999999,1,1,1789162752.6495981,-0.9938290902390886,0.10073488257932019,-0.04099956702903462,-0.02180042040208993,177.98267554054902,-4.926932145111769,-11.488710182819391,-0.009471901850573226,0.185970242320677,-0.5483841963058703,-7.409218396701813,-2.925617942752838,-12.934971563339232
2026-09-11T17:39:12.694,12.999573728000001,-75.59498596191406,-6803.548736572266,-27214.194946289062,-51.782565383911134,-42.14083187103272,-4.401137351989746,-3.014779086112976,-6.743868750252713,0.5235628567978413,0.0,-0.17047119140625,-1396.5,-61.36962890625,-0.1525879204273224,-54.93165135383606,-986.5579082772476,1,1789162752.0741813,38.99138930833333,-76.93656962166666,-9.919000000000004,0,1,18.395521,8.3521,72.42009999999999,1,1,1789162752.689598,-0.9948363982458367,0.09063932618289842,-0.04094271661252809,-0.020217498132739018,178.11327131899156,-4.883362996745382,-10.33120663949287,0.004695982885415943,0.06840887816361854,-0.5348514368846818,-1.5296412922286988,2.918753287639618,-12.650970974655152
2026-09-11T17:39:12.728,13.0329816,-75.7476577758789,-6817.289199829102,-27269.156799316406,-51.88714557647705,-42.245412063598636,-4.532653331756592,-3.1048675322532655,-6.945390864918714,-2.696623303043512,0.0,-0.1719036102294922,-1408.234375,-61.88529968261719,0.0457763709127903,16.479493528604507,2137.5544327530033,1,1789162752.0741813,38.99138930833333,-76.93656962166666,-9.919000000000004,0,1,18.395521,8.3521,72.42009999999999,1,1,1789162752.7215981,-0.9952745760649799,0.0824760861059343,-0.046880156453576294,-0.020699381396781184,178.0729027800639,-5.550995923170532,-9.380854869471937,0.05177571585918739,0.2915069860631953,-0.5329563583828665,9.994153312835694,1.2710399274635316,-12.691276306819915
2026-09-11T17:39:12.761,13.066390208000001,-75.90229797363281,-6831.206817626953,-27324.827270507812,-51.99307411193848,-42.35134059906006,-4.585482597351074,-3.141055579185486,-7.026341220439966,-1.0831952930280204,0.0,-0.17342376708984375,-1420.6875,-62.43255615234375,0.030517585575580597,10.986330807209015,-164.42357375066817,1,1789162752.0741813,38.99138930833333,-76.93656962166666,-9.919000000000004,0,1,18.395521,8.3521,72.42009999999999,1,1,1789162752.7495983,-0.9956488377743558,0.07487469790827683,-0.05139803063829625,-0.02086657370589538,178.04900921786668,-6.054449657654289,-8.49812784326988,-0.0450289711026781,0.18411146666730302,-0.5432785846450113,5.164378108177185,3.0789939512825013,-4.925488110237122
2026-09-11T17:39:12.795,13.099811136,-76.05699920654297,-6845.129928588867,-27380.51971435547,-52.099044456481934,-42.45731094360352,-4.69127893447876,-3.213526070117951,-7.188453091709796,-2.168416476420669,0.0,-0.17459678649902344,-1430.296875,-62.85484313964844,-0.1220703199505806,-43.945315182209015,-1643.6301825437347,1,1789162752.0741813,38.99138930833333,-76.93656962166666,-9.919000000000004,0,1,18.395521,8.3521,72.42009999999999,1,1,1789162752.7895982,-0.9961651565153434,0.06356229465084724,-0.05557102639100711,-0.022949437233411116,177.77003261680838,-6.524800908413095,-7.174716241397968,-0.03932750403518823,0.21263730249482357,-0.5646346079053391,5.241752577953339,-1.2644694718551637,-11.997455807876587
2026-09-11T17:39:12.828,13.133217760000008,-76.21475219726562,-6859.327697753906,-27437.310791015625,-52.207105255126955,-42.56537174224854,-4.744294166564941,-3.249841504096985,-7.269688403939203,-1.0870728505527836,0.0,-0.1752166748046875,-1435.375,-63.0780029296875,-0.015258791856467724,-5.493165068328381,1151.0337025935632,1,1789162752.0741813,38.99138930833333,-76.93656962166666,-9.919000000000004,0,1,18.395521,8.3521,72.42009999999999,1,1,1789162752.821598,-0.9966916334677021,0.0542731491095977,-0.05583431453869307,-0.023296831999345024,177.67068217650527,-6.536028962530024,-6.100710877433649,-0.06404503143485712,0.0862731957224065,-0.6173903261395214,3.6589592418479917,-3.911774683017731,-7.564555735263824
2026-09-11T17:39:12.861,13.166616863999991,-76.37586212158203,-6873.827590942383,-27495.31036376953,-52.3174655532837,-42.67573204040528,-4.849788188934326,-3.322104909420014,-7.431337037893724,-2.1636330520443185,0.0,-0.1755828857421875,-1438.375,-63.2098388671875,-0.015258795581758022,-5.493166409432888,-4.015390674692862e-05,1,1789162752.0741813,38.99138930833333,-76.93656962166666,-9.919000000000004,0,1,18.395521,8.3521,72.42009999999999,1,1,1789162752.8495982,-0.9970664729965165,0.04604314566286685,-0.05610025904648161,-0.024315388104505987,177.50071678120395,-6.55232207317129,-5.1448354206975955,0.075348307269548,0.07099353625289695,-0.6016757306204148,4.164197858181,-2.2689646479225156,-4.828500340137482
2026-09-11T17:39:12.895,13.200021343999992,-76.54073333740234,-6888.666000366211,-27554.664001464844,-52.43040233612061,-42.78866882324219,-4.902834892272949,-3.3584419012069704,-7.512620573566049,-1.087787978946382,0.0,-0.17847824096679688,-1462.09375,-64.25216674804688,-0.1525879055261612,-54.93164598941803,-1479.9954850362258,1,1789162752.0741813,38.99138930833333,-76.93656962166666,-9.919000000000004,0,1,18.395521,8.3521,72.42009999999999,1,1,1789162752.8895981,-0.9975429974429336,0.03338129909002454,-0.057261378948355396,-0.022689019471152597,177.60869040354845,-6.647240710518997,-3.6943151639580023,0.082921814492727,-0.059836693542448395,-0.6883095113662834,-0.042462795200347896,-0.27076161096572876,-18.813371869792938
2026-09-11T17:39:12.928,13.233422431999998,-76.7067642211914,-6903.608779907227,-27614.435119628906,-52.54413349151612,-42.902399978637696,-4.9559831619262695,-3.394848465919495,-7.594059739440523,-1.089981401579468,0.0,-0.1851978302001953,-1517.140625,-66.67121887207031,-0.2441406548023224,-87.89063572883606,-986.7639562942687,1,1789162752.0741813,38.99138930833333,-76.93656962166666,-9.919000000000004,0,1,18.395521,8.3521,72.42009999999999,1,1,1789162752.9215982,-0.997993643689625,0.021488101396698038,-0.05509960284878883,-0.022604920247080287,177.53456127400634,-6.370057604327075,-2.329709844673716,0.08106216617472703,-0.15825755539166061,-0.7276658133341295,-8.370662378559112,-0.5764348965072632,-5.816422277431489
2026-09-11T17:39:12.962,13.266831007999997,-76.87178802490234,-6918.460922241211,-27673.843688964844,-52.65717479705811,-43.015441284179694,-4.930018901824951,-3.3770629477500917,-7.554274668374392,0.532363850808956,0.0,-0.20519256591796875,-1680.9375,-73.86932373046875,-0.8239746689796448,-296.6308808326721,-6248.103633744823,1,1789162752.0741813,38.99138930833333,-76.93656962166666,-9.919000000000004,0,1,18.395521,8.3521,72.42009999999999,1,1,1789162752.9615982,-0.9981222511376447,0.006615984013134388,-0.05568238716555767,-0.024651010101075864,177.20419119569453,-6.400744236896151,-0.6031919426914827,0.07744374956949239,0.11311094909739812,-0.7689309819048817,0.3504896767807007,-0.5526047366142273,-5.4005222440719605
2026-09-11T17:39:12.995,13.300252352000001,-77.03557586669922,-6933.20182800293,-27732.80731201172,-52.76936946868897,-43.12763595581055,-4.904505252838135,-3.359586098194123,-7.51518006933187,0.5229247978766732,0.0,-0.2219409942626953,-1818.140625,-79.89875793457031,-0.3814697861671448,-137.32912302017212,4766.467734286211,1,1789162752.0741813,38.99138930833333,-76.93656962166666,-9.919000000000004,0,1,18.395521,8.3521,72.42009999999999,1,1,1789162752.989598,-0.9981058778063301,-0.004472986408413574,-0.05549661072539714,-0.026168211231170687,176.95851631483882,-6.346957434725414,0.6822083628587432,-0.11526067113707952,-0.11805302340734525,-0.813766570526439,10.09006235141754,-1.2326959253311158,-2.3395725290870666
2026-09-11T17:39:13.028,13.333660064000014,-77.19757843017578,-6947.78205871582,-27791.12823486328,-52.88034122467042,-43.23860771179199,-4.854187965393066,-3.3251187562942506,-7.438078821345399,1.0317181224460588,0.0,-0.25392913818359375,-2080.1875,-91.41448974609375,-0.7781983613967896,-280.15141010284424,-4275.129260052768,1,1789162752.0741813,38.99138930833333,-76.93656962166666,-9.919000000000004,0,1,18.395521,8.3521,72.42009999999999,1,1,1789162753.021598,-0.9979152002214438,-0.01807791632645222,-0.05682593661718375,-0.024683092105116062,177.03959382393583,-6.460746829281855,2.2428011927735323,-0.11501772130520191,-0.023154235988657575,-0.8904097375680415,-2.202867825832367,-2.756845493469238,-12.20771038734436
2026-09-11T17:39:13.062,13.367067808000002,-77.35755157470703,-6962.179641723633,-27848.71856689453,-52.989922828674324,-43.3481893157959,-4.7511701583862305,-3.254551558494568,-7.280224495558707,2.1123006031089426,0.0,-0.256103515625,-2098.0,-92.197265625,-0.6408692002296448,-230.71291208267212,1479.8514386422148,1,1789162752.0741813,38.99138930833333,-76.93656962166666,-9.919000000000004,0,1,18.395521,8.3521,72.42009999999999,1,1,1789162753.061598,-0.997567520178094,-0.036087579564532644,-0.05393410135118496,-0.025452740487847972,176.84812997265786,-6.071459902608799,4.310804273576728,-0.12539579810341062,-0.14722759811783206,-0.942048096015097,4.027591221427918,-0.37500630218505865,-8.912087533988952
2026-09-11T17:39:13.096,13.400485152000016,-77.51644134521484,-6976.479721069336,-27905.918884277344,-53.09876232147217,-43.457028808593755,-4.778661251068115,-3.273382956981659,-7.322349134264619,-0.563521699602544,0.0,-0.26191139221191406,-2145.578125,-94.28810119628906,-0.4425049126148224,-159.30176854133606,2136.9485121649864,1,1789162753.0763028,38.99137652833333,-76.93655993333333,-9.805000000000003,0,1,20.430399999999995,15.594600999999999,167.83202500000002,1,1,1789162753.0895982,-0.9969559794763806,-0.04987980880949174,-0.05355439817679788,-0.02688319354801314,176.60224258265532,-5.975367922884556,5.905868931523709,0.12173793705708087,-0.005647012794827653,-1.009318146841789,4.979718885631561,-6.879659287967682,-16.539700029792787
2026-09-11T17:39:13.129,13.433892960000009,-77.66649627685547,-6989.984664916992,-27959.93865966797,-53.201549949646,-43.55981643676758,-4.519160270690918,-3.0956247854232792,-6.924715429096447,5.320857075041227,0.0,-0.2760162353515625,-2261.125,-99.3658447265625,-0.3509522080421448,-126.34279489517212,986.5649864298546,1,1789162753.0763028,38.99137652833333,-76.93655993333333,-9.805000000000003,0,1,20.430399999999995,15.594600999999999,167.83202500000002,1,1,1789162753.1215982,-0.9962422557839394,-0.06480475165238835,-0.05132603146990843,-0.025833126937132685,176.65139489647933,-5.676873509239501,7.60967407996673,0.2814044967538766,-0.06612808189711236,-0.9240732991146577,4.618834159679413,1.8265866591262818,-6.32185702676773
2026-09-11T17:39:13.162,13.467300256000016,-77.81879425048828,-7003.691482543945,-28014.76593017578,-53.305874061584475,-43.66414054870606,-4.546286106109619,-3.1142059826850894,-6.966280383601212,-0.5562017728644129,0.0,-0.28616905212402344,-2344.296875,-103.02085876464844,-0.0152588477358222,-5.493185184895992,3617.4615781609596,1,1789162753.0763028,38.99137652833333,-76.93655993333333,-9.805000000000003,0,1,20.430399999999995,15.594600999999999,167.83202500000002,1,1,1789162753.1615982,-0.9949639769365067,-0.08281477975367178,-0.051096513622781885,-0.024032127426387512,176.7578584362569,-5.606623549249785,9.67477039053123,-0.07175432527384128,-0.20924787308745058,-0.9810905877834345,-0.1503359469795227,0.04138406368255615,-5.508297329349518
2026-09-11T17:39:13.195,13.500707167999991,-77.96997833251953,-7017.298049926758,-28069.19219970703,-53.40943515777588,-43.767701644897464,-4.52070426940918,-3.096682424545288,-6.9270813004323655,0.5245488759875245,0.0,-0.2930107116699219,-2400.34375,-105.48385620117188,-0.4272461235523224,-153.80860447883606,-4439.662645085228,1,1789162753.0763028,38.99137652833333,-76.93655993333333,-9.805000000000003,0,1,20.430399999999995,15.594600999999999,167.83202500000002,1,1,1789162753.189598,-0.9937016905725402,-0.0967222175192633,-0.051765812203009756,-0.022848708462291915,176.80731554611003,-5.650473988176329,11.276373069452704,0.04442281825346048,0.1178875661942562,-1.0412175295804895,7.048039471244812,2.6728025015830994,-16.526362985572813
2026-09-11T17:39:13.228,13.534107935999998,-78.12097930908203,-7030.888137817383,-28123.55255126953,-53.5128708267212,-43.87113731384278,-4.548672676086426,-3.115840783119202,-6.969937328022545,-0.573590360973426,0.0,-0.31204986572265625,-2556.3125,-112.33795166015625,-0.5493164658546448,-197.75392770767212,-1315.697987208762,1,1789162753.0763028,38.99137652833333,-76.93655993333333,-9.805000000000003,0,1,20.430399999999995,15.594600999999999,167.83202500000002,1,1,1789162753.2215981,-0.9918579107561135,-0.11266516887742785,-0.05488391652933461,-0.02263184258382625,176.69948499602597,-5.956562144242075,13.132670999776192,0.050914919472103776,0.06798441408953353,-1.0492006655791115,8.109413218250275,-3.5840364346122744,-10.496548000621795
2026-09-11T17:39:13.263,13.567514912000007,-78.2723388671875,-7044.510498046875,-28178.0419921875,-53.61655212402344,-43.974818611145025,-4.55010986328125,-3.1168252563476564,-6.972139531915831,-0.0294690913794248,0.0,-0.31649017333984375,-2592.6875,-113.93646240234375,0.0762939602136612,27.46582567691803,6741.6983023105395,1,1789162753.0763028,38.99137652833333,-76.93655993333333,-9.805000000000003,0,1,20.430399999999995,15.594600999999999,167.83202500000002,1,1,1789162753.261598,-0.9890665591555219,-0.1332457103922877,-0.05864967669056785,-0.02351887851074116,176.41490794704075,-6.300863356324226,15.542621806579467,0.02216358710522559,0.1663373826308432,-1.0458276422667074,6.09659827255249,0.8845598445892334,0.042462795200347896
2026-09-11T17:39:13.296,13.60099292800001,-78.42630767822266,-7058.367691040039,-28233.470764160156,-53.72202075958253,-44.0802872467041,-4.629821300506592,-3.1714275908470158,-7.094281475588342,-1.6309907522403175,0.0,-0.317352294921875,-2599.75,-114.246826171875,0.045776382088661194,16.47949755191803,-328.16544818542405,1,1789162753.0763028,38.99137652833333,-76.93655993333333,-9.805000000000003,0,1,20.430399999999995,15.594600999999999,167.83202500000002,1,1,1789162753.2895982,-0.986966080080819,-0.14773825580543706,-0.060069474243127474,-0.02151796471843757,176.52535001087458,-6.443017223134436,17.22234016411074,0.09548033112545219,0.14366293765355884,-1.0818795123617526,-1.0086139691352844,2.0362528395843507,-9.666415064430238
2026-09-11T17:39:13.329,13.63439840000001,-78.5800552368164,-7072.204971313477,-28288.819885253906,-53.82733783721924,-44.18560432434082,-4.62982702255249,-3.171431510448456,-7.094290243487054,-0.00011733411341427953,0.0,-0.31512451171875,-2581.5,-113.44482421875,0.1220703274011612,43.94531786441803,822.1952473086259,1,1789162753.0763028,38.99137652833333,-76.93655993333333,-9.805000000000003,0,1,20.430399999999995,15.594600999999999,167.83202500000002,1,1,1789162753.321598,-0.9841451473482158,-0.16403185360435074,-0.06361361560998868,-0.022476384564777657,176.24063858683246,-6.767250093653278,19.147861021629502,0.05821667893074726,0.11597835052549958,-1.044358773168229,7.268689099884033,1.1495355319595337,-6.953013031177521
2026-09-11T17:39:13.362,13.667797919999998,-78.73433685302734,-7086.090316772461,-28344.361267089844,-53.933020744323734,-44.29128723144532,-4.62962532043457,-3.171293344497681,-7.093981175057439,0.004136764563536799,0.0,-0.30908966064453125,-2532.0625,-111.27227783203125,0.2288818657398224,82.39747166633606,1151.278635199867,1,1789162753.0763028,38.99137652833333,-76.93655993333333,-9.805000000000003,0,1,20.430399999999995,15.594600999999999,167.83202500000002,1,1,1789162753.3615983,-0.9803259318101422,-0.1837732250478836,-0.06838931720319436,-0.022613501908303413,175.98431352417091,-7.225578499939243,21.488681174542904,0.014351842439149373,0.0986741091236766,-1.023359844272859,2.1483428509330746,0.3451940856933594,-10.825953379554747
2026-09-11T17:39:13.396,13.701205439999995,-78.88909149169922,-7100.01823425293,-28400.07293701172,-54.03902767181397,-44.39729415893555,-4.629842281341553,-3.171441962718964,-7.094313624550287,-0.004448645732544122,0.0,-0.30149078369140625,-2469.8125,-108.53668212890625,0.2288818657398224,82.39747166633606,0.0,1,1789162753.0763028,38.99137652833333,-76.93655993333333,-9.805000000000003,0,1,20.430399999999995,15.594600999999999,167.83202500000002,1,1,1789162753.3895981,-0.9773801429475106,-0.19770935290191702,-0.07142808476684157,-0.023175345812945277,175.74587824882823,-7.49622203706104,23.15034260448979,0.016416043345483067,0.11331777061375944,-1.0411550467932682,1.885916892604828,-1.272805124492645,-10.862336051654816
2026-09-11T17:39:13.429,13.73461465599999,-79.04562377929688,-7114.106140136719,-28456.424560546875,-54.14625228881837,-44.50451877593994,-4.6564106941223145,-3.1896413254737856,-7.135024439588811,-0.5447407911285401,0.0,-0.2951335906982422,-2417.734375,-106.24809265136719,0.06103518605232239,21.97266697883606,-1808.6268378015275,1,1789162753.0763028,38.99137652833333,-76.93655993333333,-9.805000000000003,0,1,20.430399999999995,15.594600999999999,167.83202500000002,1,1,1789162753.4215982,-0.9739366652982479,-0.21359083930275788,-0.07258212222633448,-0.023625428817136754,175.54376238877265,-7.544052084053768,25.032993051256938,0.06276605415899568,0.12007184575312708,-0.9867290484649274,9.386337135810852,2.7208550873756407,-7.272905959453583
2026-09-11T17:39:13.465,13.768016224000007,-79.20613098144531,-7128.551788330078,-28514.207153320312,-54.25619972229004,-44.614466209411624,-4.735188961029053,-3.243604438304901,-7.25573648511296,-1.615586215326451,0.0,-0.2841358184814453,-2327.640625,-102.28889465332031,0.030517637729644775,10.98634958267212,-328.91621723143527,1,1789162753.0763028,38.99137652833333,-76.93655993333333,-9.805000000000003,0,1,20.430399999999995,15.594600999999999,167.83202500000002,1,1,1789162753.4615982,-0.9694226986933043,-0.23219462940055424,-0.07535729669392852,-0.02503124389065178,175.16465557711845,-7.728662160449601,27.266095211101653,-0.00529707427980279,0.07134644182765021,-0.9860026424302473,1.0762798552513122,2.225423121204376,-11.598325146293641
2026-09-11T17:39:13.496,13.801424991999994,-79.3609619140625,-7142.486572265625,-28569.9462890625,-54.36225891113282,-44.720525398254395,-4.735968112945557,-3.2441381573677064,-7.25693038065431,-0.015975418872237496,0.0,-0.28397560119628906,-2326.328125,-102.23121643066406,-0.030517585575580597,-10.986330807209015,-657.6920283289046,1,1789162753.0763028,38.99137652833333,-76.93655993333333,-9.805000000000003,0,1,20.430399999999995,15.594600999999999,167.83202500000002,1,1,1789162753.489598,-0.9659281176451352,-0.24556861710987837,-0.07814737722293084,-0.023914708161392,175.10024241703138,-8.002950429179897,28.871278664136256,0.05142438108076093,0.19795960708432683,-0.9886623496773616,6.671562171535491,3.8411668018531797,-8.893651031684875
2026-09-11T17:39:13.529,13.834826464000002,-79.52103424072266,-7156.893081665039,-28627.572326660156,-54.47190845489502,-44.830174942016605,-4.788299083709717,-3.2799848723411564,-7.33711719832935,-1.0732076410716571,0.0,-0.2830772399902344,-2318.96875,-101.90780639648438,0.030517585575580597,10.986330807209015,657.8351281767608,1,1789162753.0763028,38.99137652833333,-76.93655993333333,-9.805000000000003,0,1,20.430399999999995,15.594600999999999,167.83202500000002,1,1,1789162753.521598,-0.9617795940668662,-0.26061462503917043,-0.0804480240157016,-0.024251702707968878,174.8657530201935,-8.169720446675306,30.689768427928772,0.08875261045778965,0.11513291303583355,-0.9919728902025443,2.197866434249878,1.559453508720398,-7.029995234947205
2026-09-11T17:39:13.563,13.868247584000017,-79.68590545654297,-7171.731491088867,-28686.92596435547,-54.58484523773194,-44.943111724853516,-4.919703960418701,-3.3699972128868105,-7.538469069628683,-2.6932772015305355,0.0,-0.2838459014892578,-2325.265625,-102.18452453613281,0.0,0.0,-328.72419617309026,1,1789162753.0763028,38.99137652833333,-76.93655993333333,-9.805000000000003,0,1,20.430399999999995,15.594600999999999,167.83202500000002,1,1,1789162753.561598,-0.9562656809389664,-0.2793278483190867,-0.08345665416142536,-0.023809399151280105,174.6544401654058,-8.413273864420347,32.95991900909117,-0.00796550817317692,0.13685283744520219,-1.036054671120165,6.2468361530303955,1.6491843577003478,-12.67391853603363
2026-09-11T17:39:13.596,13.901669888000015,-79.8533706665039,-7186.803359985352,-28747.213439941406,-54.69955890655518,-45.05782539367676,-4.998752117156982,-3.4241452002525334,-7.659594667708772,-1.620115338718886,0.0,-0.2853584289550781,-2337.65625,-102.72903442382812,-0.1678466945886612,-60.42481005191803,-1807.9187494650582,1,1789162753.0763028,38.99137652833333,-76.93655993333333,-9.805000000000003,0,1,20.430399999999995,15.594600999999999,167.83202500000002,1,1,1789162753.5895982,-0.9521035437964861,-0.29303113252533314,-0.08433572452120117,-0.022783389356663745,174.61584526823597,-8.467025789073022,34.612681181926824,-0.06190770123286487,0.024477021028744078,-1.068071863583375,-2.4560755330085753,-0.22535682071685792,-6.286160820178985
2026-09-11T17:39:13.629,13.935069631999994,-80.02568054199219,-7202.311248779297,-28809.244995117188,-54.81759117126465,-45.175857658386235,-5.156825542449951,-3.5324254965782167,-7.901810792274098,-3.2419498881713253,0.0,-0.2862834930419922,-2345.234375,-103.06205749511719,0.0457763709127903,16.479493528604507,2302.5417075223863,1,1789162753.0763028,38.99137652833333,-76.93655993333333,-9.805000000000003,0,1,20.430399999999995,15.594600999999999,167.83202500000002,1,1,1789162753.6215982,-0.9469214280954978,-0.309307568478002,-0.08458775870432944,-0.022661601293537337,174.4750633481826,-8.405449132990979,36.58508438473795,0.10368547300492793,0.12231616463826661,-1.0998506440707627,0.8789700539970398,1.578772609539032,-16.151356683387757
2026-09-11T17:39:13.664,13.968472928000011,-80.20132446289062,-7218.119201660156,-28872.476806640625,-54.937907257080084,-45.29617374420167,-5.236402988433838,-3.586936047077179,-8.02374742098509,-1.6318913708076697,0.0,-0.2866535186767578,-2348.265625,-103.19526672363281,0.0,0.0,-493.34932482698724,1,1789162753.0763028,38.99137652833333,-76.93655993333333,-9.805000000000003,0,1,20.430399999999995,15.594600999999999,167.83202500000002,1,1,1789162753.6615982,-0.9399793702765155,-0.32994948071479113,-0.08494972843563149,-0.018859142857440645,174.69132831987068,-8.467990630329407,39.0772527800689,0.12152273796030999,0.008212821328184516,-1.1070925387360628,1.9164155746078493,-1.6690918575286864,-10.368963482017516
2026-09-11T17:39:13.697,14.001892351999999,-80.38108825683594,-7234.297943115234,-28937.191772460938,-55.06104545593262,-45.419311943054204,-5.289174556732178,-3.623084571361542,-8.104609366860993,-1.0816620981970388,0.0,-0.2870063781738281,-2351.15625,-103.32229614257812,-0.015258789993822575,-5.493164397776127,-164.37040919012227,1,1789162753.0763028,38.99137652833333,-76.93655993333333,-9.805000000000003,0,1,20.430399999999995,15.594600999999999,167.83202500000002,1,1,1789162753.689598,-0.9346507089230744,-0.3449350922530846,-0.08383596873066519,-0.020478398104868303,174.4273128131175,-8.197587554537796,40.91305781487736,0.040721149442905696,-0.03427948823964503,-1.1191890667157849,9.69073555683136,-1.8746392449188232,-7.10462384267807
2026-09-11T17:39:13.730,14.035300895999995,-80.5576400756836,-7250.187606811523,-29000.750427246094,-55.181983451843266,-45.54024993896485,-5.314958572387695,-3.6407466220855715,-8.14411824911768,-0.5286686760138732,0.0,-0.28800010681152344,-2359.296875,-103.68003845214844,-0.045776382088661194,-16.47949755191803,-328.84800828623315,1,1789162753.0763028,38.99137652833333,-76.93655993333333,-9.805000000000003,0,1,20.430399999999995,15.594600999999999,167.83202500000002,1,1,1789162753.7215981,-0.9282321452636711,-0.3623244165719006,-0.08137834291426055,-0.021992429596657894,174.219203090705,-7.766669177892101,43.03793433286018,0.02916986232150643,-0.09376502153659216,-1.1478159571069961,10.99158770078659,2.6262209133148193,-6.7174572942924495
2026-09-11T17:39:13.764,14.068701247999996,-80.73897552490234,-7266.507797241211,-29066.031188964844,-55.30619823455811,-45.66446472167969,-5.3411664962768555,-3.658699049949646,-8.184276686537316,-0.537492175653539,0.0,-0.2900352478027344,-2375.96875,-104.41268920898438,-0.2441406399011612,-87.89063036441803,-2138.0353360496865,1,1789162753.0763028,38.99137652833333,-76.93655993333333,-9.805000000000003,0,1,20.430399999999995,15.594600999999999,167.83202500000002,1,1,1789162753.761598,-0.9197897135371299,-0.3838741094667406,-0.077586892303546,-0.02465410909116899,173.9305562802449,-7.111410763660837,45.683919136353694,0.19797601317929558,-0.15110135639263347,-1.1488900327286733,-0.41864589540481567,1.2409335114669802,-8.934642829360962
2026-09-11T17:39:13.797,14.10210700799999,-80.91360473632812,-7282.224426269531,-29128.897705078125,-55.42581924438477,-45.78408573150635,-5.3156633377075195,-3.641229386329651,-8.145198161975767,0.5229536349419505,0.0,-0.3026599884033203,-2479.390625,-108.95759582519531,-0.6408692002296448,-230.71291208267212,-4275.378908256566,1,1789162753.0763028,38.99137652833333,-76.93655993333333,-9.805000000000003,0,1,20.430399999999995,15.594600999999999,167.83202500000002,1,1,1789162753.7895982,-0.9135894128620721,-0.3989681115150263,-0.07507620595247202,-0.02328935379631384,174.0772172150386,-6.810978823665902,47.53492890788339,0.2257684616551281,0.0496170926403208,-1.1807463058348495,-0.6696961395454407,-2.6350468984603883,-7.439422879199982
2026-09-11T17:39:13.830,14.135521216,-81.0931396484375,-7298.382568359375,-29193.5302734375,-55.54880065917969,-45.90706714630127,-5.342349052429199,-3.659509100914002,-8.186088718937897,-0.5470641286588376,0.0,-0.31965065002441406,-2618.578125,-115.07423400878906,-0.21362310647964478,-76.90431833267212,4603.089612357449,1,1789162753.0763028,38.99137652833333,-76.93655993333333,-9.805000000000003,0,1,20.430399999999995,15.594600999999999,167.83202500000002,1,1,1789162753.821598,-0.9056749108968755,-0.4162931165390728,-0.07697373888971612,-0.022979129997903663,173.887340147669,-6.909085511862553,49.74106414207716,0.09262759046306747,0.05460751257054818,-1.2148020428643889,7.64722579612732,-0.7426576167488099,-6.420315794391632
2026-09-11T17:39:13.865,14.16892899199999,-81.27364349365234,-7314.627914428711,-29258.511657714844,-55.67244579315186,-46.03071228027344,-5.369192600250244,-3.6778969311714174,-8.227221123772846,-0.550405697686099,0.0,-0.3188457489013672,-2611.984375,-114.78446960449219,-0.1373291164636612,-49.43848192691803,822.1390255299336,1,1789162753.0763028,38.99137652833333,-76.93655993333333,-9.805000000000003,0,1,20.430399999999995,15.594600999999999,167.83202500000002,1,1,1789162753.8615983,-0.8950940679623143,-0.43845214255617077,-0.07678009466218677,-0.025906471204021696,173.4273979680679,-6.588243537344125,52.57355761579375,-0.2014825541794774,0.03968128227456748,-1.2623811145371557,-1.1157025889015197,1.3276242988967895,-13.635460584392549
2026-09-11T17:39:13.897,14.202350880000012,-81.45036315917969,-7330.532684326172,-29322.130737304688,-55.79349876403809,-46.151765251159674,-5.34434700012207,-3.6608776950836184,-8.189150176905008,0.5092242571032614,0.0,-0.317840576171875,-2603.75,-114.422607421875,0.0,0.0,1479.2246903253133,1,1789162753.0763028,38.99137652833333,-76.93655993333333,-9.805000000000003,0,1,20.430399999999995,15.594600999999999,167.83202500000002,1,1,1789162753.8895981,-0.8873375250993866,-0.4537301833936019,-0.07847138172463264,-0.024561748275130694,173.36221009771137,-6.717402606809073,54.55484459301563,0.05109643371431119,0.20709221692831237,-1.2330531253854187,5.731104421024322,0.37010297710418705,-16.13370471309662
2026-09-11T17:39:13.930,14.235748864000016,-81.62477111816406,-7346.229400634766,-29384.917602539062,-55.912968215942385,-46.27123470306397,-5.293867111206055,-3.6262989711761477,-8.111799774463456,1.035353628155114,0.0,-0.31337738037109375,-2567.1875,-112.81585693359375,0.2288818657398224,82.39747166633606,2467.139084392821,1,1789162753.0763028,38.99137652833333,-76.93655993333333,-9.805000000000003,0,1,20.430399999999995,15.594600999999999,167.83202500000002,1,1,1789162753.9215982,-0.8783862874769975,-0.47038157442207323,-0.08100231645628568,-0.02484610925889571,173.0669395497197,-6.830258317740382,56.75291915909642,-0.07434526654842685,0.18627166068249643,-1.2183644344006346,7.820313171482086,2.669174041023254,-11.409547130680085
2026-09-11T17:39:13.965,14.26914844800001,-81.79737091064453,-7361.763381958008,-29447.05352783203,-56.031199073791505,-46.38946556091309,-5.165521621704102,-3.53838231086731,-7.915135806342399,2.6322681237243155,0.0,-0.3037300109863281,-2488.15625,-109.34280395507812,0.16784673929214478,60.42482614517212,-657.8718322110742,1,1789162753.0763028,38.99137652833333,-76.93655993333333,-9.805000000000003,0,1,20.430399999999995,15.594600999999999,167.83202500000002,1,1,1789162753.9615982,-0.867510566428006,-0.4900539364625143,-0.08192597845718409,-0.023678905109558362,172.97817517208378,-6.83066678838073,59.34351377774598,0.047683965960811876,0.0806120457606377,-1.105422956773605,1.1071708032608032,-0.588202876701355,-11.96224993379593
2026-09-11T17:39:13.997,14.302571967999995,-81.96435546875,-7376.7919921875,-29507.16796875,-56.14558349609376,-46.50384998321534,-5.037026882171631,-3.450363414287567,-7.71824314219659,2.6334418571048652,0.0,-0.28992271423339844,-2375.046875,-104.37217712402344,0.4882813096046448,175.78127145767212,3451.3553722812803,1,1789162753.0763028,38.99137652833333,-76.93655993333333,-9.805000000000003,0,1,20.430399999999995,15.594600999999999,167.83202500000002,1,1,1789162753.989598,-0.8600430962761886,-0.502808818513992,-0.08349151028556992,-0.023201988760978485,172.8321894804447,-6.908277734336259,61.05706233217653,0.023076743369869025,0.0034299210460192564,-1.0603971272635804,-2.4108668757629395,-5.276271986522675,-6.9866498412323
2026-09-11T17:39:14.031,14.335981472000014,-82.12773132324219,-7391.495819091797,-29565.983276367188,-56.257495956420904,-46.615762443542486,-4.934374809265137,-3.380046744346619,-7.560949231269272,2.1046906275803283,0.0,-0.2759685516357422,-2260.734375,-99.34867858886719,0.10681158304214478,38.45216989517212,-4110.480106571492,1,1789162753.0763028,38.99137652833333,-76.93655993333333,-9.805000000000003,0,1,20.430399999999995,15.594600999999999,167.83202500000002,1,1,1789162754.021598,-0.8521940374739344,-0.5162360673437605,-0.08268118323490892,-0.020723590572052544,173.0179447182111,-6.864648977586342,62.83197245719983,0.048579494400010165,-0.02237023408866172,-0.9671726341963309,1.487276563529968,-0.8761261254501344,-10.836250362224577
2026-09-11T17:39:14.065,14.369402559999997,-82.2900161743164,-7406.101455688477,-29624.405822753906,-56.36866107940674,-46.726927566528325,-4.804789066314697,-3.291280510425568,-7.362384821102283,2.6559947396415176,0.0,-0.2569599151611328,-2105.015625,-92.50556945800781,0.9155274033546448,329.5898652076721,8711.197412623074,1,1789162753.0763028,38.99137652833333,-76.93655993333333,-9.805000000000003,0,1,20.430399999999995,15.594600999999999,167.83202500000002,1,1,1789162754.061598,-0.8428928618171075,-0.5318762590232302,-0.07915825885939122,-0.019319385072246443,173.25074675872673,-6.482100900771804,64.88754138274145,0.06827780393679377,-0.06313082797266249,-0.8778826368618522,1.5919135207557678,-2.7773413923072816,-12.825333214530945
2026-09-11T17:39:14.097,14.40281894399999,-82.4493637084961,-7420.442733764648,-29681.770935058594,-56.47781414031983,-46.83608062744141,-4.805282115936279,-3.2916182494163517,-7.363140321708008,-0.010106987960869528,0.0,-0.2487640380859375,-2037.875,-89.5550537109375,-0.3967285454273224,-142.82227635383606,-14137.141276615255,1,1789162754.078958,38.991375561666665,-76.93654103166666,-9.792000000000002,0,1,17.197609000000003,6.964320999999999,72.42009999999999,1,1,1789162754.0895982,-0.8361385601289885,-0.5424127568740847,-0.07871892959109533,-0.021541577697772676,172.98450348727135,-6.21565655425856,66.32526477643968,0.020703095587156734,-0.028456022657440745,-0.8861727762759001,-0.8536688965797424,-1.090989830493927,-10.849293206939697
2026-09-11T17:39:14.131,14.436217408000005,-82.6103286743164,-7434.929580688477,-29739.718322753906,-56.58807514190674,-46.946341629028325,-4.831632614135742,-3.3096683406829834,-7.403517225937231,-0.5404467482882871,0.0,-0.2464160919189453,-2018.640625,-88.70979309082031,0.1373291313648224,49.43848729133606,5756.575022284972,1,1789162754.078958,38.991375561666665,-76.93654103166666,-9.792000000000002,0,1,17.197609000000003,6.964320999999999,72.42009999999999,1,1,1789162754.1215982,-0.8287179881319643,-0.5541859686501881,-0.07519120688593312,-0.021229477261564465,173.1577194265922,-5.80219751011013,67.89057745797652,0.06454733719358109,-0.020861396950312625,-0.8933186778323405,-1.6221180032539368,0.9145681940841675,-9.519315312004089
2026-09-11T17:39:14.165,14.469619552000012,-82.77442169189453,-7449.697952270508,-29798.79180908203,-56.70047885894776,-47.05874534606934,-4.885171890258789,-3.346342744827271,-7.485555531557058,-1.0979655720387163,0.0,-0.24791717529296875,-2030.9375,-89.25018310546875,-0.1068115308880806,-38.452151119709015,-2631.287333262984,1,1789162754.078958,38.991375561666665,-76.93654103166666,-9.792000000000002,0,1,17.197609000000003,6.964320999999999,72.42009999999999,1,1,1789162754.1615982,-0.8189186808483302,-0.5684954670695184,-0.07609009327217411,-0.019884561470464423,173.1248680339126,-5.855193759379072,69.88898344142146,0.06358147198552742,0.0803319204156926,-0.889177884181984,7.35969481338501,1.8935660797309877,-14.61318360551834
2026-09-11T17:39:14.198,14.503037312000004,-82.93798065185547,-7464.418258666992,-29857.67303466797,-56.812516746521,-47.17078323364258,-4.912382125854492,-3.3649817562103275,-7.527249812567832,-0.5577576529085465,0.0,-0.2496356964111328,-2045.015625,-89.86885070800781,-0.061035171151161194,-21.97266161441803,493.13567113100936,1,1789162754.078958,38.991375561666665,-76.93654103166666,-9.792000000000002,0,1,17.197609000000003,6.964320999999999,72.42009999999999,1,1,1789162754.189598,-0.811505220521965,-0.5788902869890833,-0.07746172715476322,-0.01857400122469424,173.0798729928102,-5.982031933396798,71.36662757363545,0.06937474337167221,0.1059720288579657,-0.9250841938174128,7.579657976512909,0.7848262124443055,-9.74114173866272
2026-09-11T17:39:14.231,14.536445119999996,-83.10423278808594,-7479.380950927734,-29917.523803710938,-56.92639945983887,-47.28466594696045,-4.990688323974609,-3.418621501922608,-7.647238506448201,-1.605605064309881,0.0,-0.2523212432861328,-2067.015625,-90.83564758300781,-0.1525879055261612,-54.93164598941803,-986.5653075774156,1,1789162754.078958,38.991375561666665,-76.93654103166666,-9.792000000000002,0,1,17.197609000000003,6.964320999999999,72.42009999999999,1,1,1789162754.2215981,-0.8026011240783606,-0.5913220213816801,-0.07635440796263503,-0.018431143261110273,173.07909034527927,-5.78332709616223,73.11239824809567,0.13353287214205856,0.11204525105613038,-0.9598052503578125,0.3580407974052429,-0.8520998325538635,-14.431368311519622
2026-09-11T17:39:14.265,14.569855391999994,-83.2769775390625,-7494.927978515625,-29979.7119140625,-57.04472961425782,-47.4029961013794,-5.095916748046875,-3.4907029724121097,-7.808480163770817,-2.1574643417900665,0.0,-0.2554206848144531,-2092.40625,-91.95144653320312,-0.0762939602136612,-27.46582567691803,822.0771238408952,1,1789162754.078958,38.991375561666665,-76.93654103166666,-9.792000000000002,0,1,17.197609000000003,6.964320999999999,72.42009999999999,1,1,1789162754.261598,-0.7906738412402218,-0.607023579539213,-0.07837000586493517,-0.014676268005295725,173.1641544813086,-6.091268853416506,75.39316272978452,0.13200047305880752,0.16972855736746814,-0.995390070345024,4.98207248167038,3.2924847253036496,-8.203066727294923
2026-09-11T17:39:14.298,14.603259936,-83.44932556152344,-7510.439300537109,-30041.757202148438,-57.162788009643556,-47.52105449676514,-5.226718425750732,-3.580302121639252,-8.00890775241421,-2.682244344575521,0.0,-0.255706787109375,-2094.75,-92.054443359375,0.0,0.0,822.2182490176316,1,1789162754.078958,38.991375561666665,-76.93654103166666,-9.792000000000002,0,1,17.197609000000003,6.964320999999999,72.42009999999999,1,1,1789162754.2895982,-0.7820376266701391,-0.6184176223149653,-0.0762745931177494,-0.012608779765033327,173.41491758130923,-5.952516290025872,77.0150458531655,0.16402918469508068,0.030445174405938687,-1.0313047575608625,-7.625553099269867,3.055261857891083,-7.330372929401397
2026-09-11T17:39:14.331,14.636664703999998,-83.62686157226562,-7526.417541503906,-30105.670166015625,-57.284400177001956,-47.64266666412354,-5.332329750061035,-3.6526458787918092,-8.170736128292335,-2.1656715937246984,0.0,-0.2556800842285156,-2094.53125,-92.04483032226562,0.030517585575580597,10.986330807209015,328.88511026958867,1,1789162754.078958,38.991375561666665,-76.93654103166666,-9.792000000000002,0,1,17.197609000000003,6.964320999999999,72.42009999999999,1,1,1789162754.321598,-0.7715288706762927,-0.6312010530472415,-0.07887950652547056,-0.01031774177405818,173.3279139946272,-6.23983380864845,78.93846304181733,0.04965060296195909,0.09186627784334754,-1.0577360237530646,7.901218035316467,3.64032660654068,-13.993403315296174
2026-09-11T17:39:14.365,14.670065824000005,-83.8111801147461,-7543.006210327148,-30172.024841308594,-57.41065837860108,-47.76892486572266,-5.489487171173096,-3.760298712253571,-8.411548658405437,-3.223030648724857,0.0,-0.257537841796875,-2109.75,-92.713623046875,-0.1678466945886612,-60.42481005191803,-2137.9864165965255,1,1789162754.078958,38.991375561666665,-76.93654103166666,-9.792000000000002,0,1,17.197609000000003,6.964320999999999,72.42009999999999,1,1,1789162754.3615983,-0.757812912907452,-0.647545188098798,-0.07970061870446517,-0.007254638443114504,173.4004009357557,-6.396077820246997,81.39641310247227,0.30162815039551044,0.1807012678418313,-1.091067972741802,0.11542427240371703,-3.277676683559418,-12.196628872661591
2026-09-11T17:39:14.398,14.70348752000001,-83.99557495117188,-7559.601745605469,-30238.406982421875,-57.53696884155274,-47.89523532867432,-5.516585350036621,-3.778860964775086,-8.453071234733093,-0.5553952893806552,0.0,-0.2593555450439453,-2124.640625,-93.36799621582031,-0.1525879055261612,-54.93164598941803,164.3592252918343,1,1789162754.078958,38.991375561666665,-76.93654103166666,-9.792000000000002,0,1,17.197609000000003,6.964320999999999,72.42009999999999,1,1,1789162754.3895981,-0.7478257671337236,-0.6591155157064394,-0.07921220127321019,-0.006984707248322901,173.36415607163715,-6.273028051982898,83.14837382383595,0.2452779265668459,0.03480273794939293,-1.0881469897056644,-1.6981195420074464,-5.968425354938507,-6.944971578044891
2026-09-11T17:39:14.432,14.736894591999999,-84.1787338256836,-7576.086044311523,-30304.344177246094,-57.66243267059327,-48.020699157714844,-5.51741886138916,-3.779431920051575,-8.454348425312212,-0.017090850598621733,0.0,-0.2580146789550781,-2113.65625,-92.88528442382812,0.030517607927322388,10.98633885383606,1973.1745674471733,1,1789162754.078958,38.991375561666665,-76.93654103166666,-9.792000000000002,0,1,17.197609000000003,6.964320999999999,72.42009999999999,1,1,1789162754.429598,-0.7343883632674691,-0.6742188951920332,-0.07786554790965186,-0.006290446096414046,173.4031850901972,-6.078147747464563,85.45875163905727,-0.014082712668491848,-0.20733411956263878,-1.0619476777710521,-0.30282935699462893,-2.6306339058876036,-0.7591327890205384
2026-09-11T17:39:14.466,14.770298112000006,-84.36469268798828,-7592.822341918945,-30371.28936767578,-57.789814491271976,-48.14808097839356,-5.490856170654297,-3.7612364768981936,-8.4136463781724,0.544716339876082,0.0,-0.258758544921875,-2119.75,-93.153076171875,0.0,0.0,-328.8976387468639,1,1789162754.078958,38.991375561666665,-76.93654103166666,-9.792000000000002,0,1,17.197609000000003,6.964320999999999,72.42009999999999,1,1,1789162754.4615982,-0.7230377671275476,-0.6865612745398064,-0.07619984872875242,-0.006602019630517336,173.40980917416746,-5.80397709166127,87.36979343091468,-0.07755318171359243,-0.13294487071706168,-1.088309479859025,0.3133224726676941,2.6814323537254334,-13.771871088142394
2026-09-11T17:39:14.498,14.803705855999993,-84.5491714477539,-7609.425430297852,-30437.701721191406,-57.91618244171143,-48.27444892883301,-5.595634460449219,-3.833009605407715,-8.574198294129632,-2.148397943589029,0.0,-0.25690460205078125,-2104.5625,-92.48565673828125,0.0762939602136612,27.46582567691803,822.139491877345,1,1789162754.078958,38.991375561666665,-76.93654103166666,-9.792000000000002,0,1,17.197609000000003,6.964320999999999,72.42009999999999,1,1,1789162754.489598,-0.712250030758986,-0.6978500376357405,-0.07518817744693258,-0.007208094604515638,173.3528580922693,-5.569046604179647,89.15348944157675,0.09856956390148215,-0.12376758044422509,-1.1303816886758993,-3.289346597251892,-0.3666706495475769,-5.220668280105591
2026-09-11T17:39:14.532,14.837114592000006,-84.73574829101562,-7626.217346191406,-30504.869384765625,-58.04398757934571,-48.402254066467286,-5.596127986907959,-3.833347671031952,-8.574954525393585,-0.01011907856186943,0.0,-0.2576713562011719,-2110.84375,-92.76168823242188,-0.015258789993822575,-5.493164397776127,-986.5380741935801,1,1789162754.078958,38.991375561666665,-76.93654103166666,-9.792000000000002,0,1,17.197609000000003,6.964320999999999,72.42009999999999,1,1,1789162754.5295982,-0.6966009206060441,-0.7133539458131,-0.07625927470561394,-0.007604500316692086,173.11128472893603,-5.474064184085876,91.69123045571425,-0.09956317984464252,-0.019550654682064884,-1.079033054884675,6.64528034910202,-1.6127036190986634,-8.523646121082306
2026-09-11T17:39:14.567,14.870532576000016,-84.92474365234375,-7643.2269287109375,-30572.90771484375,-58.17344940185547,-48.531715888977054,-5.5191850662231445,-3.780641770362854,-8.457054783381464,1.577171760842353,0.0,-0.2578887939453125,-2112.625,-92.8399658203125,0.0457763746380806,16.479494869709015,657.5100181829732,1,1789162754.078958,38.991375561666665,-76.93654103166666,-9.792000000000002,0,1,17.197609000000003,6.964320999999999,72.42009999999999,1,1,1789162754.561598,-0.6842719461847431,-0.7254100053834276,-0.07426939258894587,-0.006023709706549511,173.30990412931212,-5.330556458904325,93.65490793995534,-0.1408084516619221,0.08605049170985202,-1.0966771118918615,-1.4307902585983276,-0.9615420483589172,-18.257530938625337
2026-09-11T17:39:14.599,14.903953599999994,-85.10182189941406,-7659.163970947266,-30636.655883789062,-58.29474800109864,-48.653014488220215,-5.390223503112793,-3.6923030996322637,-8.259446804832363,2.643206585490898,0.0,-0.25288963317871094,-2071.671875,-91.04026794433594,0.2288818657398224,82.39747166633606,1972.35060172516,1,1789162754.078958,38.991375561666665,-76.93654103166666,-9.792000000000002,0,1,17.197609000000003,6.964320999999999,72.42009999999999,1,1,1789162754.5895982,-0.6732933381915365,-0.7354605166597786,-0.07581743639749589,-0.005062165499114507,173.1730072574633,-5.431100927302788,95.37774757694127,0.21485771036921075,0.15197820980883545,-1.0468905477811719,-0.17083184581756594,1.355671318359375,-5.391205926418304
2026-09-11T17:39:14.632,14.937354080000006,-85.28187561035156,-7675.368804931641,-30701.475219726562,-58.41808479309083,-48.7763512802124,-5.417321681976318,-3.710865352153778,-8.300969381160018,-0.5557480767194993,0.0,-0.24813270568847656,-2032.703125,-89.32777404785156,0.1525879204273224,54.93165135383606,-822.3181317301563,1,1789162754.078958,38.991375561666665,-76.93654103166666,-9.792000000000002,0,1,17.197609000000003,6.964320999999999,72.42009999999999,1,1,1789162754.6295981,-0.6580104851737061,-0.748799641011821,-0.07940123604014902,-0.004091789013209675,172.82491233605893,-5.6450755417390015,97.7391907653226,0.03884753849088979,0.23089100300973145,-1.0267941286420084,1.6915490863990783,-0.8969162237930298,-3.9260923922538757
2026-09-11T17:39:14.666,14.970753856000016,-85.46805572509766,-7692.125015258789,-30768.500061035156,-58.5456181716919,-48.90388465881348,-5.47029447555542,-3.747151715755463,-8.382139664807308,-1.086425358112393,0.0,-0.23516082763671875,-1926.4375,-84.65789794921875,0.8392334580421448,302.1240448951721,7401.0195020847,1,1789162754.078958,38.991375561666665,-76.93654103166666,-9.792000000000002,0,1,17.197609000000003,6.964320999999999,72.42009999999999,1,1,1789162754.6615913,-0.6462576269242126,-0.7586874676064496,-0.08207053154581659,-0.0029722030524396877,172.58583846474727,-5.829439376129871,99.52863806583305,-0.018376222628397897,0.2674313907624099,-0.931164920931361,3.4125181232833866,0.6393935905456543,-11.622743705196381
2026-09-11T17:39:14.699,15.004171775999993,-85.65072631835938,-7708.565368652344,-30834.261474609375,-58.67074752807618,-49.02901401519776,-5.47230339050293,-3.7485278224945073,-8.385217927913617,-0.041178707084261204,0.0,-0.2093830108642578,-1715.265625,-75.37788391113281,1.0223389863967896,368.04203510284424,1972.5342034369023,1,1789162754.078958,38.991375561666665,-76.93654103166666,-9.792000000000002,0,1,17.197609000000003,6.964320999999999,72.42009999999999,1,1,1789162754.6895914,-0.6369418835960786,-0.7662215072835125,-0.08490958665523009,-2.8130054717653524e-05,172.4770995586145,-6.207058962702756,100.93657784421615,0.01219531361538518,0.23344372157369836,-0.7703679114780487,7.202396144790649,0.2216302936553955,-16.326601521778105
2026-09-11T17:39:14.732,15.037581087999996,-85.82866668701172,-7724.580001831055,-30898.32000732422,-58.79263668060303,-49.150903167724614,-5.369264602661133,-3.6779462528228763,-8.227331453164979,2.1126316420890014,0.0,-0.18753623962402344,-1536.296875,-67.51304626464844,0.8697510957717896,313.11039447784424,-1644.201491637852,1,1789162754.078958,38.991375561666665,-76.93654103166666,-9.792000000000002,0,1,17.197609000000003,6.964320999999999,72.42009999999999,1,1,1789162754.7295914,-0.6250443283869488,-0.7757482777923719,-0.08679239884443406,-0.0011298479128538821,172.13424896257425,-6.1277265304897215,102.70274854709972,-0.12208054518924737,0.16597173615255037,-0.6760611397416375,3.8052744622612,0.11846433395385743,-12.98086668609619
2026-09-11T17:39:14.766,15.071043231999994,-86.00355529785156,-7740.319976806641,-30961.279907226562,-58.912435379028324,-49.270701866149906,-5.240520477294922,-3.589756526947022,-8.030056654766952,2.635507332580368,0.0,-0.16388511657714844,-1342.546875,-58.99864196777344,0.03051769733428955,10.986371040344238,-9028.830413183321,1,1789162754.078958,38.991375561666665,-76.93654103166666,-9.792000000000002,0,1,17.197609000000003,6.964320999999999,72.42009999999999,1,1,1789162754.7615912,-0.6173113832864636,-0.7817099310032795,-0.08860863214630088,-0.002179482728154794,171.83505505871602,-6.084253086728102,103.83880624237739,0.09868876988939336,0.12422904549845239,-0.6567433119817887,0.06707748710632323,-1.1927828591728211,-11.189976233558655
2026-09-11T17:39:14.799,15.10444591999999,-86.16910552978516,-7755.219497680664,-31020.877990722656,-59.02583728790284,-49.38410377502442,-5.033084869384766,-3.4476631355285647,-7.712202790641913,4.253950802356894,0.0,-0.1412792205810547,-1157.359375,-50.86051940917969,0.7171632051467896,258.17875385284424,7400.3739702785115,1,1789162754.078958,38.991375561666665,-76.93654103166666,-9.792000000000002,0,1,17.197609000000003,6.964320999999999,72.42009999999999,1,1,1789162754.7895913,-0.6118592154165475,-0.7858503932410014,-0.08978732391271871,-0.002386716866906015,171.67097322622232,-6.091882672776832,104.63568685741812,-0.12615292193292574,-0.019788717592036906,-0.43289000011487394,2.80450581325531,2.1161770384025576,-0.4326694051361084
2026-09-11T17:39:14.833,15.137844832000013,-86.33486938476562,-7770.138244628906,-31080.552978515625,-59.13938552856446,-49.497652015686036,-4.955277442932129,-3.3943650484085084,-7.592978365265982,1.5958030944246948,0.0,-0.1351757049560547,-1107.359375,-48.66325378417969,-0.01525880303233862,-5.493169091641903,-7894.6261166919685,1,1789162754.078958,38.991375561666665,-76.93654103166666,-9.792000000000002,0,1,17.197609000000003,6.964320999999999,72.42009999999999,1,1,1789162754.8295913,-0.6049165102064289,-0.7911696266353588,-0.09014336515592332,-0.0009007151094526975,171.68779775857107,-6.178896827560397,105.64744431139295,0.02667334335945374,-0.05587933399647645,-0.42228101625662645,-7.580834774532318,-3.540494907894135,-2.4438172203063964
2026-09-11T17:39:14.867,15.171261920000006,-86.50157165527344,-7785.141448974609,-31140.565795898438,-59.25357658386231,-49.61184307098389,-4.930421352386475,-3.3773386263847356,-7.554891343917171,0.5095124393776118,0.0,-0.131683349609375,-1078.75,-47.406005859375,0.0,0.0,164.38203986065562,1,1789162754.078958,38.991375561666665,-76.93654103166666,-9.792000000000002,0,1,17.197609000000003,6.964320999999999,72.42009999999999,1,1,1789162754.8615913,-0.5994789064525687,-0.7952504553383276,-0.09056077613339628,-0.000706985666076517,171.62053831520262,-6.168575631113395,106.43258476263348,-0.12463657987879306,-0.07240027163000437,-0.4643399605711858,-8.07293247964859,-3.897162774276733,-4.544401684951782
2026-09-11T17:39:14.900,15.204668224000017,-86.66106414794922,-7799.49577331543,-31197.98309326172,-59.36282894134522,-49.7210954284668,-4.8276896476745605,-3.306967408657074,-7.397475413066102,2.106525095611884,0.0,-0.13196754455566406,-1081.078125,-47.50831604003906,-0.0610351599752903,-21.972657591104507,-657.7398562587982,1,1789162754.078958,38.991375561666665,-76.93654103166666,-9.792000000000002,0,1,17.197609000000003,6.964320999999999,72.42009999999999,1,1,1789162754.8895912,-0.5948638850378852,-0.7988186971859442,-0.08957806480216109,-0.001190634320011409,171.64372065174624,-6.008229623450594,107.09071502299244,-0.01963006716303062,0.005767091447364863,-0.4300744349655567,-4.6476657111549375,-0.8436661134147644,-11.38454017276764
2026-09-11T17:39:14.933,15.238077024000006,-86.82514953613281,-7814.263458251953,-31257.053833007812,-59.47522743225098,-49.833493919372565,-4.880221843719482,-3.3429519629478457,-7.477970568512531,-1.0770980786733693,0.0,-0.1345958709716797,-1102.609375,-48.45451354980469,-0.0762939527630806,-27.465822994709015,-164.42270909479655,1,1789162754.078958,38.991375561666665,-76.93654103166666,-9.792000000000002,0,1,17.197609000000003,6.964320999999999,72.42009999999999,1,1,1789162754.9295914,-0.5878288183199784,-0.8040266421963596,-0.08943390947445456,-0.00012176658201589288,171.67679008305282,-6.024162071068915,108.09719614844977,-0.0012027063875492926,0.008962789307766481,-0.42068037479962245,6.488275880012512,0.580259490070343,-13.929562022743225
2026-09-11T17:39:14.967,15.271482240000012,-86.98847961425781,-7828.963165283203,-31315.852661132812,-59.5871085357666,-49.945375022888186,-4.88157320022583,-3.343877642154694,-7.48004125392513,-0.027710618810188447,0.0,-0.13510704040527344,-1106.796875,-48.63853454589844,0.0762939527630806,27.465822994709015,1644.4032569467258,1,1789162754.078958,38.991375561666665,-76.93654103166666,-9.792000000000002,0,1,17.197609000000003,6.964320999999999,72.42009999999999,1,1,1789162754.9615912,-0.5816165257333954,-0.8081349085697702,-0.09294991866505262,-0.0007065160324311632,171.26144962133566,-6.141283499444449,108.98437868492996,-0.03535949798077912,0.0920598348573937,-0.5112004801909067,-0.6089929750442505,3.041924813671112,-11.617546180610658
2026-09-11T17:39:15.000,15.304897728000014,-87.14990997314453,-7843.491897583008,-31373.96759033203,-59.697688331604006,-50.05595481872559,-4.856224536895752,-3.3265138077735905,-7.441199462628818,0.5196343199028508,0.0,-0.1393451690673828,-1141.515625,-50.16426086425781,-0.12207034230232239,-43.94532322883606,-2137.0672851923946,1,1789162754.078958,38.991375561666665,-76.93654103166666,-9.792000000000002,0,1,17.197609000000003,6.964320999999999,72.42009999999999,1,1,1789162754.9895914,-0.5759372605323534,-0.8122581583712971,-0.0923731245351056,0.00040243431615241817,171.34625225641886,-6.145635049872312,109.78781394126942,0.045711394840207885,-0.0019811232339387633,-0.5251964499955745,2.9215972161865236,2.0479227532768247,-9.901578535308836
2026-09-11T17:39:15.033,15.338307264000008,-87.31288146972656,-7858.159332275391,-31432.637329101562,-59.8093238067627,-50.16759029388428,-4.910177707672119,-3.363471729755402,-7.523871979588847,-1.1062087776920528,0.0,-0.14214515686035156,-1164.453125,-51.17225646972656,-0.030517593026161194,-10.98633348941803,986.5144412488823,1,1789162754.078958,38.991375561666665,-76.93654103166666,-9.792000000000002,0,1,17.197609000000003,6.964320999999999,72.42009999999999,1,1,1789162755.0295913,-0.5680238449818923,-0.8178060679889332,-0.09230795071149608,0.00462481652735546,171.5668222684777,-6.455450380542411,110.91104356218732,0.14783811429017968,0.09253404081516056,-0.49450989655408495,-1.640554505558014,-0.19309294168472288,-11.493982388572693
2026-09-11T17:39:15.067,15.371728447999999,-87.48316955566406,-7873.485260009766,-31493.941040039062,-59.92597114562989,-50.28423763275147,-5.119845390319824,-3.50709409236908,-7.84514605486998,-4.2973451393498445,0.0,-0.1455860137939453,-1192.640625,-52.41096496582031,-0.015258789993822575,-5.493164397776127,164.3618936912406,1,1789162754.078958,38.991375561666665,-76.93654103166666,-9.792000000000002,0,1,17.197609000000003,6.964320999999999,72.42009999999999,1,1,1789162755.0615914,-0.5608195995445023,-0.8224808681618632,-0.09475788247305438,0.005248045700515403,171.3158738748259,-6.598837170812613,111.92430158460633,-0.07733327022784114,0.14246825978056873,-0.595584007932179,1.382933805809021,5.604598633937836,-16.616388034057618
2026-09-11T17:39:15.100,15.405135615999995,-87.65505981445312,-7888.955383300781,-31555.821533203125,-60.043715972900394,-50.401982460021976,-5.172887325286865,-3.543427817821503,-7.926422283960046,-1.0876026801322018,0.0,-0.15069961547851562,-1234.53125,-54.251861572265625,-0.1831054836511612,-65.91797411441803,-1808.7378647794435,1,1789162755.0735788,38.99138747833333,-76.93652706333333,-9.851000000000003,0,1,17.197609000000003,6.964320999999999,72.43712099999999,1,1,1789162755.0895913,-0.5537658366733281,-0.8272314195987015,-0.0948711536348084,0.005571424432416359,171.2696240494358,-6.562705160020854,112.90316487404125,-0.05018118305456536,0.0678074377033813,-0.6076913569532637,0.7494242053604127,3.696126445960999,-3.541083306903839
2026-09-11T17:39:15.133,15.438536736000003,-87.82894897460938,-7904.605407714844,-31618.421630859375,-60.16283004760743,-50.52109653472901,-5.226505279541016,-3.580156116485596,-8.008581148187169,-1.099612787358167,0.0,-0.15298843383789062,-1253.28125,-55.075836181640625,-0.1983642727136612,-71.41113817691803,-164.46047505289434,1,1789162755.0735788,38.99138747833333,-76.93652706333333,-9.851000000000003,0,1,17.197609000000003,6.964320999999999,72.43712099999999,1,1,1789162755.1295912,-0.5435991791254983,-0.8340003560360439,-0.09437612417758823,0.006040345275983842,171.26762812676017,-6.4698790355672235,114.30211159277862,0.10026742019782224,0.04093390507872381,-0.6584088796869668,0.20201699333190917,1.9187691706466674,-1.6617368699073791
2026-09-11T17:39:15.167,15.471941407999992,-88.01178741455078,-7921.06086730957,-31684.24346923828,-60.28807437896729,-50.64634086608887,-5.43459939956665,-3.7227005887031557,-8.327444051322368,-4.267201672197433,0.0,-0.1600627899169922,-1311.234375,-57.62260437011719,-0.3662109673023224,-131.83594822883606,-1808.873023867379,1,1789162755.0735788,38.99138747833333,-76.93652706333333,-9.851000000000003,0,1,17.197609000000003,6.964320999999999,72.43712099999999,1,1,1789162755.1615913,-0.5352275720214896,-0.839527629509852,-0.09323337367415375,0.005687132043932252,171.2940270115876,-6.2779137690132165,115.44054619007763,0.12880686959350832,0.11074166463781582,-0.6259998608066842,4.014156110706329,3.049672067298889,-13.219266351528168
2026-09-11T17:39:15.200,15.505349536000011,-88.19770812988281,-7937.793731689453,-31751.174926757812,-60.415430068969734,-50.77369655609131,-5.565049648284912,-3.812059009075165,-8.52733314485317,-2.6747508981035484,0.0,-0.17205047607421875,-1409.4375,-61.93817138671875,-0.061035215854644775,-21.97267770767212,3288.519204700755,1,1789162755.0735788,38.99138747833333,-76.93652706333333,-9.851000000000003,0,1,17.197609000000003,6.964320999999999,72.43712099999999,1,1,1789162755.1895914,-0.5272168197790441,-0.8447090447212374,-0.09203214696789505,0.006256087650035354,171.38734358247214,-6.177614921459937,116.52574808252194,0.12876515622438564,-0.02559891867192603,-0.7090815474588938,-1.1730714923477172,-2.2206178626251223,-14.746259848213196
2026-09-11T17:39:15.234,15.538758559999991,-88.38838958740234,-7954.955062866211,-31819.820251464844,-60.54604686737061,-50.90431335449219,-5.669478416442871,-3.883592715263367,-8.687349488330714,-2.141149235255884,0.0,-0.17160797119140625,-1405.8125,-61.77886962890625,-0.1220703199505806,-43.945315182209015,-657.6857041543723,1,1789162755.0735788,38.99138747833333,-76.93652706333333,-9.851000000000003,0,1,17.197609000000003,6.964320999999999,72.43712099999999,1,1,1789162755.2295914,-0.5154730656878412,-0.8518994909425313,-0.0921639876658022,0.007783010970854679,171.3796649689267,-6.215989734789928,118.1137988828483,0.14046182927247605,0.03311395736516321,-0.7052189592913052,9.084292310829163,-0.12052373048782349,-11.028166505889892
2026-09-11T17:39:15.267,15.572180223999993,-88.58177947998047,-7972.360153198242,-31889.44061279297,-60.67851894378663,-51.03678543090821,-5.774936199188232,-3.9558312964439395,-8.848942592260055,-2.161429819310246,0.0,-0.1733875274658203,-1420.390625,-62.41950988769531,-0.0457763746380806,-16.479494869709015,821.796913298457,1,1789162755.0735788,38.99138747833333,-76.93652706333333,-9.851000000000003,0,1,17.197609000000003,6.964320999999999,72.43712099999999,1,1,1789162755.2615912,-0.5056184150073212,-0.8576838248935228,-0.0931186172938038,0.007576149073995408,171.2019543713734,-6.151677081166955,119.43362510586942,-0.19047423898837357,-0.17329496316099335,-0.7447623605549651,1.2674114669036864,3.828712356147766,1.2120038934898376
2026-09-11T17:39:15.300,15.60557801600001,-88.77413177490234,-7989.671859741211,-31958.687438964844,-60.81028026580811,-51.16854675292969,-5.776320457458496,-3.95677951335907,-8.85106369309025,-0.02839160490400091,0.0,-0.1743450164794922,-1428.234375,-62.76420593261719,-0.0457763709127903,-16.479493528604507,4.015548415433042e-05,1,1789162755.0735788,38.99138747833333,-76.93652706333333,-9.851000000000003,0,1,17.197609000000003,6.964320999999999,72.43712099999999,1,1,1789162755.2895913,-0.49662648697530176,-0.863018876786586,-0.09226330716010765,0.0069305769218598245,171.18813384376733,-5.9466993029149045,120.62182595367302,0.13731517516405548,-0.06412025512561807,-0.7402227591705278,-0.5179872615432739,3.0228999123573304,-9.933057882328034
2026-09-11T17:39:15.334,15.63898064,-88.96849822998047,-8007.164840698242,-32028.65936279297,-60.94342128753662,-51.301687774658205,-5.803381443023682,-3.9753162884712223,-8.892529278076275,-0.5549496683900602,0.0,-0.17684364318847656,-1448.703125,-63.66371154785156,-0.015258789993822575,-5.493164397776127,328.90617009105785,1,1789162755.0735788,38.99138747833333,-76.93652706333333,-9.851000000000003,0,1,17.197609000000003,6.964320999999999,72.43712099999999,1,1,1789162755.3295913,-0.48343596777759257,-0.870419671223345,-0.09275020789572155,0.007527279833191007,171.08284344223793,-5.899356086759629,122.36432537282022,0.08056125667940467,0.12192381462241828,-0.7525337881153202,8.003501396503449,-0.14435389038085938,-3.2676739003944397
2026-09-11T17:39:15.368,15.67240377600001,-89.16535949707031,-8024.882354736328,-32099.529418945312,-61.07827125549317,-51.43653774261475,-5.7792840003967285,-3.9588095402717594,-8.855604733965093,0.493871915533535,0.0,-0.17875099182128906,-1464.328125,-64.35035705566406,0.1068115308880806,38.452151119709015,1314.817242686968,1,1789162755.0735788,38.99138747833333,-76.93652706333333,-9.851000000000003,0,1,17.197609000000003,6.964320999999999,72.43712099999999,1,1,1789162755.3615913,-0.4721232177388512,-0.8767512236602811,-0.09131120436208202,0.008320038465011207,171.19698332944546,-5.785786234560769,123.84153485768697,0.0527859124302417,0.009864949998122348,-0.8123102677985748,6.184760057506561,-0.813559697418213,-0.23908613094329834
2026-09-11T17:39:15.402,15.705813632000002,-89.3587646484375,-8042.288818359375,-32169.1552734375,-61.210753784179694,-51.56902027130128,-5.781192779541016,-3.960117053985596,-8.858529558843932,-0.03913556867281492,0.0,-0.1774578094482422,-1453.734375,-63.88481140136719,0.0915527418255806,32.958987057209015,-164.4174719729826,1,1789162755.0735788,38.99138747833333,-76.93652706333333,-9.851000000000003,0,1,17.197609000000003,6.964320999999999,72.43712099999999,1,1,1789162755.4015913,-0.45840882982077985,-0.883855623619787,-0.09237285593147002,0.011306494818681073,171.15469066456137,-6.008481635351564,125.63841194527922,0.2007126894464227,0.16138344008198247,-0.7546129988532211,7.1646405416679375,-4.751910402374268,-8.004776261024475
2026-09-11T17:39:15.434,15.739216896000016,-89.54658508300781,-8059.192657470703,-32236.770629882812,-61.33941078186036,-51.697677268981934,-5.67818546295166,-3.8895570421218877,-8.700691307538214,2.112368775209434,0.0,-0.17253684997558594,-1413.421875,-62.11326599121094,0.5187988877296448,186.76759958267212,4604.59829690284,1,1789162755.0735788,38.99138747833333,-76.93652706333333,-9.851000000000003,0,1,17.197609000000003,6.964320999999999,72.43712099999999,1,1,1789162755.4295914,-0.44925659807332957,-0.8885925565623863,-0.09195663932421283,0.010758902996948174,171.10877745613388,-5.839653618939337,126.81370530859606,0.13650359706187812,0.08742458942994716,-0.6779427792082127,0.5691779753875733,-0.8270928746414185,-8.258278167705535
2026-09-11T17:39:15.468,15.772616896000017,-89.73712921142578,-8076.34162902832,-32305.36651611328,-61.46993350982667,-51.82819999694824,-5.601114273071289,-3.836763277053833,-8.582595018463289,1.5806516487441333,0.0,-0.15311813354492188,-1254.34375,-55.122528076171875,0.7019043564796448,252.68556833267212,1973.5918787424962,1,1789162755.0735788,38.99138747833333,-76.93652706333333,-9.851000000000003,0,1,17.197609000000003,6.964320999999999,72.43712099999999,1,1,1789162755.4615912,-0.4406216663289064,-0.8929933222497666,-0.09115478367572726,0.01030917028154766,171.1138697986154,-5.666710004361947,127.91527222050125,0.08631281469642678,-0.1110228371803121,-0.5675451189659649,-4.140367698287964,-3.4261493670082093,-8.043022196655274
2026-09-11T17:39:15.501,15.806036608,-89.91864013671875,-8092.6776123046875,-32370.71044921875,-61.59426849365235,-51.95253498077393,-5.470144748687744,-3.747049152851105,-8.38191023812433,2.684467304888026,0.0,-0.1289825439453125,-1056.625,-46.4337158203125,0.5493164658546448,197.75392770767212,-1643.6898266815767,1,1789162755.0735788,38.99138747833333,-76.93652706333333,-9.851000000000003,0,1,17.197609000000003,6.964320999999999,72.43712099999999,1,1,1789162755.4895914,-0.43372549485315764,-0.8962452729511751,-0.0922597185936441,0.01071214974125132,170.9755108381109,-5.694959518722883,128.8017587931549,0.017078046730764514,-0.009333497240890075,-0.47684507012879995,5.013944094696044,0.4242356859970093,-8.95268706565857
2026-09-11T17:39:15.534,15.839446463999991,-90.09691619873047,-8108.722457885742,-32434.88983154297,-61.716387596130375,-52.07465408325196,-5.366044521331787,-3.6757404971122742,-8.222397318164527,2.134359864910789,0.0,-0.10353279113769531,-848.140625,-37.27180480957031,0.7629395127296448,274.6582245826721,2301.8446076217565,1,1789162755.0735788,38.99138747833333,-76.93652706333333,-9.851000000000003,0,1,17.197609000000003,6.964320999999999,72.43712099999999,1,1,1789162755.5295913,-0.4261674734038787,-0.9000278428419551,-0.09060902303479997,0.011007800256647216,171.11522043388578,-5.5689697545100705,129.75743630900516,-0.08936382476183806,-0.07812966396552616,-0.4017878837784846,-0.24075326147079468,0.2791953301048279,-8.794701931552886
2026-09-11T17:39:15.568,15.872864128000003,-90.27613830566406,-8124.852447509766,-32499.409790039062,-61.839154739379886,-52.19742122650147,-5.3158135414123535,-3.6413322758674624,-8.14542831931697,1.029641726148156,0.0,-0.09131813049316406,-748.078125,-32.87452697753906,0.6103516221046448,219.72658395767212,-1643.7905601354937,1,1789162755.0735788,38.99138747833333,-76.93652706333333,-9.851000000000003,0,1,17.197609000000003,6.964320999999999,72.43712099999999,1,1,1789162755.5615914,-0.42184819145214103,-0.9020897205689495,-0.09035726061752312,0.010667936355706056,171.0990294703571,-5.47900293983362,130.3019497618723,0.040674200086027054,-0.1422890144663889,-0.2967670593628558,1.5742615504646302,1.797755107650757,-9.900990136299132
2026-09-11T17:39:15.601,15.90627004800001,-90.44963836669922,-8140.46745300293,-32561.86981201172,-61.95800228118897,-52.31626876831055,-5.264489650726318,-3.6061754107475283,-8.066784651815329,1.0524142164001697,0.0,-0.07471466064453125,-612.0625,-26.89727783203125,0.4119873642921448,148.31545114517212,-2137.6789746393783,1,1789162755.0735788,38.99138747833333,-76.93652706333333,-9.851000000000003,0,1,17.197609000000003,6.964320999999999,72.43712099999999,1,1,1789162755.5895913,-0.41875872167429207,-0.9034118460757342,-0.09145787809521357,0.011118719623563604,170.98632669248994,-5.548432565363667,130.69937786044997,-0.08251044038803193,-0.06933407720010074,-0.2417356063169982,0.9474204721260071,1.4573662805366516,-9.346914402160644
2026-09-11T17:39:15.634,15.939673152000012,-90.6237564086914,-8156.138076782227,-32624.552307128906,-62.07727313995362,-52.4355396270752,-5.239136219024658,-3.588808310031891,-8.027935553936755,0.5199247565626415,0.0,-0.06460380554199219,-529.234375,-23.257369995117188,0.22888189554214478,82.39748239517212,-1973.4084817386233,1,1789162755.0735788,38.99138747833333,-76.93652706333333,-9.851000000000003,0,1,17.197609000000003,6.964320999999999,72.43712099999999,1,1,1789162755.6295912,-0.4153472872069853,-0.9051412058821169,-0.09008736435635979,0.009502379038415484,171.03381646805462,-5.280809362896012,131.11585381296058,-0.03948074394351333,-0.09895667792957451,-0.15431276221630302,3.1730397263336183,-0.07835513479232789,-12.01030251958847
2026-09-11T17:39:15.668,15.973082175999991,-90.79673767089844,-8171.706390380859,-32686.825561523438,-62.195765304565434,-52.55403179168702,-5.162395000457764,-3.536240575313568,-7.910344880354251,1.5734591563750862,0.0,-0.05501365661621094,-450.671875,-19.804916381835938,0.3814697861671448,137.32912302017212,1644.2156653553714,1,1789162755.0735788,38.99138747833333,-76.93652706333333,-9.851000000000003,0,1,17.197609000000003,6.964320999999999,72.43712099999999,1,1,1789162755.6615913,-0.4135706319876643,-0.9057956588667428,-0.09137178365083247,0.012031370992223898,171.00666743322284,-5.5879333444352675,131.3585611569166,0.022894880061811215,0.03760538766224542,-0.10924539387008106,6.121311030960083,2.3996872945785523,-7.742840635204315
2026-09-11T17:39:15.701,16.006505440000012,-90.96559143066406,-8186.903228759766,-32747.612915039062,-62.31143013000489,-52.66969661712647,-5.033370494842529,-3.447858788967133,-7.712640454919312,2.6443194281198794,0.0,-0.044071197509765625,-361.03125,-15.865631103515625,0.3967285752296448,142.82228708267212,164.3515146365286,1,1789162755.0735788,38.99138747833333,-76.93652706333333,-9.851000000000003,0,1,17.197609000000003,6.964320999999999,72.43712099999999,1,1,1789162755.6895914,-0.4122203190108978,-0.9066697966446265,-0.08891980173075817,0.010842384751884539,171.20118475985356,-5.334493594971621,131.5125652621361,0.13301695281516904,-0.09210643514842196,-0.13889138201153156,-1.9536808452224732,-0.653417100276947,-5.919097904624939
2026-09-11T17:39:15.735,16.039907840000012,-91.13336944580078,-8202.00325012207,-32808.01300048828,-62.42635807037354,-52.78462455749512,-5.060929775238037,-3.466736896038056,-7.754869577751548,-0.5651721753802953,0.0,-0.038204193115234375,-312.96875,-13.753509521484375,-0.03051757998764515,-10.986328795552254,-4604.717501683252,1,1789162755.0735788,38.99138747833333,-76.93652706333333,-9.851000000000003,0,1,17.197609000000003,6.964320999999999,72.43712099999999,1,1,1789162755.7295914,-0.4105640363736005,-0.9074138181602025,-0.08880308507626902,0.012302305860157427,171.27162117329658,-5.465436804941619,131.72818542422547,-0.006148794954776023,-0.009549394469361774,-0.10805490478729574,2.2170874685668944,-0.38353808782577514,-12.048646521720887
2026-09-11T17:39:15.768,16.07331030399999,-91.30253601074219,-8217.228240966797,-32868.91296386719,-62.5422371673584,-52.900503654479984,-5.036545753479004,-3.4500338411331177,-7.7175059080465145,0.5000545739664493,0.0,-0.03862953186035156,-316.453125,-13.906631469726562,-0.01525880303233862,-5.493169091641903,164.45372724342022,1,1789162755.0735788,38.99138747833333,-76.93652706333333,-9.851000000000003,0,1,17.197609000000003,6.964320999999999,72.43712099999999,1,1,1789162755.7615912,-0.40959573914243,-0.9078676429988286,-0.08848925429953074,0.013316348810054819,171.34588595566652,-5.547366060875783,131.85385731945465,-0.009114807485615188,-0.1513189989503572,-0.08345710697431366,1.7549000464439393,0.5312262392616273,-11.205568807315826
2026-09-11T17:39:15.801,16.106715584,-91.46824645996094,-8232.142181396484,-32928.56872558594,-62.655748825073246,-53.01401531219483,-5.011234283447266,-3.432695484161377,-7.678721108091834,0.5190304338636003,0.0,-0.03882789611816406,-318.078125,-13.978042602539062,0.0762939527630806,27.465822994709015,986.6401983860096,1,1789162755.0735788,38.99138747833333,-76.93652706333333,-9.851000000000003,0,1,17.197609000000003,6.964320999999999,72.43712099999999,1,1,1789162755.7895913,-0.4081575985994757,-0.90875095172649,-0.08637305736984978,0.01089850458973622,171.44873499817308,-5.181768885504024,132.01402922840242,0.007121466946912463,-0.12164281661284719,-0.10685516545947484,-1.4201010099220275,-0.2392822639465332,-9.635818315925599
2026-09-11T17:39:15.835,16.140123232000008,-91.6366195678711,-8247.295761108398,-32989.183044433594,-62.7710844039917,-53.12935089111328,-5.0387043952941895,-3.45151251077652,-7.7208135978358,-0.5632550551041015,0.0,-0.04031562805175781,-330.265625,-14.513626098632812,-0.0457763709127903,-16.479493528604507,-1315.4268305060928,1,1789162755.0735788,38.99138747833333,-76.93652706333333,-9.851000000000003,0,1,17.197609000000003,6.964320999999999,72.43712099999999,1,1,1789162755.8295913,-0.4062207319043182,-0.909824375443258,-0.08416302813698628,0.010995795342697453,171.6754408476542,-5.070762739096736,132.24939817563384,0.11150245365876015,-0.05564493627793361,-0.12843371819943195,-2.168348417263031,-1.3010482769584657,-8.597097930793762
2026-09-11T17:39:15.870,16.17353289600001,-91.80555725097656,-8262.50015258789,-33050.00061035156,-62.88680671691895,-53.24507320404053,-4.986130237579346,-3.415499212741852,-7.64025414446548,1.0779305662775671,0.0,-0.043487548828125,-356.25,-15.655517578125,-0.1831054836511612,-65.91797411441803,-1479.7658721083646,1,1789162755.0735788,38.99138747833333,-76.93652706333333,-9.851000000000003,0,1,17.197609000000003,6.964320999999999,72.43712099999999,1,1,1789162755.8615913,-0.40398665044107424,-0.9110268388371116,-0.08217348527093515,0.008509024755408694,171.75936137668435,-4.697664415127411,132.5096735325417,0.14443542038049154,-0.14338176511106257,-0.15104026986881366,-5.2949046218299864,0.32832664741516115,-11.293926725273131
2026-09-11T17:39:15.901,16.206939008000006,-91.97310638427734,-8277.579574584961,-33110.318298339844,-63.001577873229984,-53.359844360351566,-5.038296222686768,-3.451232912540436,-7.72018815439431,-1.0696755072422057,0.0,-0.0488128662109375,-399.875,-17.5726318359375,-0.045776426792144775,-16.47951364517212,1479.9226102473147,1,1789162755.0735788,38.99138747833333,-76.93652706333333,-9.851000000000003,0,1,17.197609000000003,6.964320999999999,72.43712099999999,1,1,1789162755.8895912,-0.40190077479613806,-0.9119922813663112,-0.08147156456608405,0.010403370304350942,171.90912507868373,-4.845120498257816,132.77818990791096,0.14412422817486095,-0.06489448318180276,-0.19139943802485573,-0.3538239378356934,0.5698644408988953,-7.782655634860993
2026-09-11T17:39:15.935,16.240339680000005,-92.14231872558594,-8292.808685302734,-33171.23474121094,-63.11748832702637,-53.475754814147955,-5.091602802276611,-3.487747919559479,-7.801869898799828,-1.093241687444006,0.0,-0.06101226806640625,-499.8125,-21.96441650390625,-0.3967285752296448,-142.82228708267212,-3782.6416617457126,1,1789162755.0735788,38.99138747833333,-76.93652706333333,-9.851000000000003,0,1,17.197609000000003,6.964320999999999,72.43712099999999,1,1,1789162755.9295914,-0.39877337058803336,-0.9131672975175252,-0.0835291402734533,0.011321147449640547,171.71639721691702,-5.007986193078995,133.18180737287688,-0.1128063891429251,-0.05148494400580513,-0.19146104814745116,2.2093402149391173,1.9632913623809813,-12.379620964679718
2026-09-11T17:39:15.968,16.273748704000013,-92.3136978149414,-8308.232803344727,-33232.931213378906,-63.23488300323487,-53.59314949035645,-5.118144512176514,-3.505928990840912,-7.842539796977693,-0.5441964207463417,0.0,-0.07304191589355469,-598.359375,-26.295089721679688,-0.3204346299171448,-115.35646677017212,822.1078326769864,1,1789162755.0735788,38.99138747833333,-76.93652706333333,-9.851000000000003,0,1,17.197609000000003,6.964320999999999,72.43712099999999,1,1,1789162755.9615912,-0.3954178432410389,-0.9145476720732573,-0.08418832579074395,0.012633706999241897,171.68704418187713,-5.1456229593590335,133.61031876789497,-0.03507239131882605,-0.012663061854919657,-0.2326579743444505,5.325599436836242,3.3848633698272708,-5.467011332168579
2026-09-11T17:39:16.002,16.307165696,-92.48648834228516,-8323.783950805664,-33295.135803222656,-63.35324451446534,-53.71151100158692,-5.17022705078125,-3.5416055297851567,-7.922345941716967,-1.0676167066222082,0.0,-0.0883941650390625,-724.125,-31.8218994140625,-0.5798340439796448,-208.74025583267212,-2794.500147186841,1,1789162755.0735788,38.99138747833333,-76.93652706333333,-9.851000000000003,0,1,17.197609000000003,6.964320999999999,72.43712099999999,1,1,1789162756.0015912,-0.3899854854567693,-0.9168497402573819,-0.08445854175363976,0.012830808543043293,171.63687214457823,-5.129266382160896,134.2899440514096,-0.1769001152639129,-0.20899846553734056,-0.3151425838595529,1.7445049972724913,-1.077554719772339,0.20093826181411745
2026-09-11T17:39:16.035,16.340574016000005,-92.66053771972656,-8339.44839477539,-33357.79357910156,-63.4724683380127,-53.83073482513428,-5.170969009399414,-3.542113771438599,-7.923482845916685,-0.015213026379117485,0.0,-0.10575485229492188,-866.34375,-38.071746826171875,-0.21362310647964478,-76.90431833267212,3946.2007517879965,1,1789162755.0735788,38.99138747833333,-76.93652706333333,-9.851000000000003,0,1,17.197609000000003,6.964320999999999,72.43712099999999,1,1,1789162756.0295913,-0.3855312039166058,-0.9186777651172605,-0.08501294938681445,0.013025095866181557,171.56168611089134,-5.133808869497697,134.84741027248234,0.07921735315536903,-0.013806077982050744,-0.37572488205845334,6.555745633125305,0.4456141833496094,-7.571126190872192
2026-09-11T17:39:16.068,16.373980447999998,-92.83583068847656,-8355.22476196289,-33420.89904785156,-63.59254402160645,-53.95081050872803,-5.250462532043457,-3.5965668344497685,-8.045290878779896,-1.630017327536863,0.0,-0.10752105712890625,-880.8125,-38.70758056640625,-0.1831054836511612,-65.91797411441803,328.8691297010276,1,1789162755.0735788,38.99138747833333,-76.93652706333333,-9.851000000000003,0,1,17.197609000000003,6.964320999999999,72.43712099999999,1,1,1789162756.0615914,-0.37931750818492616,-0.9213317247166488,-0.08442057691048407,0.011800305467438862,171.53825309563607,-4.921362316656624,135.60980418305152,0.16503466887715462,0.07975229657110529,-0.39281706595615895,5.7651334970855705,-3.9427636975288394,-8.186101222515106
2026-09-11T17:39:16.102,16.407386911999993,-93.01090240478516,-8370.981216430664,-33483.924865722656,-63.71246814727784,-54.07073463439942,-5.277332782745361,-3.614972956180573,-8.086464200475502,-0.550974857165575,0.0,-0.11599922180175781,-950.265625,-41.75971984863281,-0.2746582329273224,-98.87696385383606,-986.6051593913928,1,1789162756.0748284,38.99140524333333,-76.93652227,-9.870000000000001,0,1,17.197609000000003,6.964320999999999,72.43712099999999,1,1,1789162756.1015913,-0.37114986307256975,-0.924518615208849,-0.08578695676011697,0.012397875760084654,171.37400928920323,-4.968254160051376,136.62874593444104,0.0018216001403064818,-0.03786195106228859,-0.5061580494489699,-5.760426305007935,-2.9486635706329345,1.1129567268562317
2026-09-11T17:39:16.136,16.440790112000002,-93.1871337890625,-8386.842041015625,-33547.3681640625,-63.833186645507816,-54.1914531326294,-5.278722286224365,-3.6159247660636904,-8.088593338546184,-0.028494571870878838,0.0,-0.12379646301269531,-1014.140625,-44.56672668457031,-0.2746582329273224,-98.87696385383606,0.0,1,1789162756.0748284,38.99140524333333,-76.93652227,-9.870000000000001,0,1,17.197609000000003,6.964320999999999,72.43712099999999,1,1,1789162756.1295912,-0.36429126861415556,-0.9270410592711463,-0.0878056529264364,0.01330087783125526,171.1578329013412,-5.085060643213703,137.48760017506538,-0.07213707597880363,0.09970594777745566,-0.5153517458167752,3.319943345756531,-0.0988510336303711,-6.23026291425705
2026-09-11T17:39:16.169,16.474199967999994,-93.36520385742188,-8402.868347167969,-33611.473388671875,-63.95516464233399,-54.31343112945557,-5.331489086151123,-3.6520700240135198,-8.169447977839825,-1.0818741017572324,0.0,-0.1332111358642578,-1091.265625,-47.95600891113281,-0.2593994438648224,-93.38379979133606,164.4174719729826,1,1789162756.0748284,38.99140524333333,-76.93652227,-9.870000000000001,0,1,17.197609000000003,6.964320999999999,72.43712099999999,1,1,1789162756.1615913,-0.35667432374096797,-0.9298616202685865,-0.08915813344784053,0.01384273005946502,170.99266655538153,-5.1258966786859546,138.43259986071962,-0.020479169844125865,0.029770255584192478,-0.526264591497795,-4.526651648159027,3.1380299852561953,-9.130187433586121
2026-09-11T17:39:16.203,16.507620704000004,-93.54431915283203,-8418.988723754883,-33675.95489501953,-64.07785861968995,-54.43612510681153,-5.3317694664001465,-3.6522620844841005,-8.169877604876737,-0.005746745690480106,0.0,-0.13469696044921875,-1103.4375,-48.49090576171875,-0.0762939602136612,-27.46582567691803,1972.367518010282,1,1789162756.0748284,38.99140524333333,-76.93652227,-9.870000000000001,0,1,17.197609000000003,6.964320999999999,72.43712099999999,1,1,1789162756.2015913,-0.3470075245007219,-0.9335522039360352,-0.0888115426874481,0.013363021796278575,170.9592762117434,-4.9672727599870035,139.61208763072062,0.06699952479263312,-0.05866837014116339,-0.4868163106783688,-2.4158682673454286,-2.353007639808655,-12.57957856147766
2026-09-11T17:39:16.236,16.54102752,-93.72300720214844,-8435.07064819336,-33740.28259277344,-64.20025993347168,-54.55852642059327,-5.357352256774902,-3.6697862958908085,-8.209078149362036,-0.524569938263802,0.0,-0.133758544921875,-1095.75,-48.153076171875,0.0,0.0,822.1623298946373,1,1789162756.0748284,38.99140524333333,-76.93652227,-9.870000000000001,0,1,17.197609000000003,6.964320999999999,72.43712099999999,1,1,1789162756.2295914,-0.34049654615751096,-0.935610115985339,-0.0924398910796944,0.012275156124496735,170.4895721379395,-4.928956289237099,140.4143435394669,-0.20580974899394694,-0.09064751442667988,-0.524495874833824,-1.3064419345474243,-1.7917730510520937,4.754558197917938
2026-09-11T17:39:16.269,16.57442934400001,-93.9003677368164,-8451.033096313477,-33804.132385253906,-64.32175189971925,-54.68001838684082,-5.331971168518066,-3.6524002504348756,-8.170186673306352,0.520511857553892,0.0,-0.129913330078125,-1064.25,-46.768798828125,0.1678467094898224,60.42481541633606,1809.0274176739433,1,1789162756.0748284,38.99140524333333,-76.93652227,-9.870000000000001,0,1,17.197609000000003,6.964320999999999,72.43712099999999,1,1,1789162756.2615912,-0.33338258336464616,-0.9383374174600714,-0.09063830883755684,0.01279222711439953,170.66838426762757,-4.84389923780731,141.27625679429693,0.09792902806600023,0.09262427433748867,-0.5081915325604686,-1.102365544681549,-4.811240635852814,-3.29591705286026
2026-09-11T17:39:16.303,16.607835999999992,-94.08062744140625,-8467.256469726562,-33869.02587890625,-64.44522979736328,-54.803496284484865,-5.384608745574951,-3.688456990718842,-8.250843304220735,-1.0793280322336127,0.0,-0.124725341796875,-1021.75,-44.901123046875,0.030517607927322388,10.98633885383606,-1479.898992659599,1,1789162756.0748284,38.99140524333333,-76.93652227,-9.870000000000001,0,1,17.197609000000003,6.964320999999999,72.43712099999999,1,1,1789162756.3015914,-0.32513930871770014,-0.9408503392699392,-0.09420425691561059,0.014512994218780734,170.30002990488637,-5.081237723508969,142.3031498100448,-0.03647074911552391,0.039348971584987756,-0.4004931985393552,3.904517761898041,2.563360285778046,-5.597243646316529
2026-09-11T17:39:16.336,16.641253792000015,-94.26106262207031,-8483.495635986328,-33933.98254394531,-64.56882789611817,-54.92709438323975,-5.386119842529297,-3.6894920921325687,-8.253158760139058,-0.03097456030984742,0.0,-0.12085151672363281,-990.015625,-43.50654602050781,0.3051758110523224,109.86329197883606,2958.8116750781187,1,1789162756.0748284,38.99140524333333,-76.93652227,-9.870000000000001,0,1,17.197609000000003,6.964320999999999,72.43712099999999,1,1,1789162756.3295913,-0.319291391728472,-0.9429970516942227,-0.09246784461079754,0.016101719694877413,170.51603669348378,-5.130017916612976,143.01443838860396,0.1948907946605452,0.0955408940504964,-0.41768085194714494,1.3060496685409546,-4.661100821876526,-10.63237010536194
2026-09-11T17:39:16.369,16.67467171199999,-94.4415512084961,-8499.739608764648,-33998.958435058594,-64.69246257781982,-55.05072906494141,-5.412920951843262,-3.7078508520126348,-8.29422613639189,-0.5493687183427003,0.0,-0.116424560546875,-953.75,-41.912841796875,-0.03051757998764515,-10.986328795552254,-3616.3118702322786,1,1789162756.0748284,38.99140524333333,-76.93652227,-9.870000000000001,0,1,17.197609000000003,6.964320999999999,72.43712099999999,1,1,1789162756.3615913,-0.3128369156749829,-0.9451795656293901,-0.09226826840141687,0.015975592439879283,170.49904790499474,-5.044500898343165,143.79230429463536,0.03479470943483375,-0.062020274969618504,-0.39066839111402873,4.077997403259277,-0.7606037865447999,-5.583514336090087
2026-09-11T17:39:16.403,16.708086143999992,-94.62077331542969,-8515.869598388672,-34063.47839355469,-64.81522972106934,-55.17349620819092,-5.414134979248047,-3.7086824607849125,-8.29608639223539,-0.02488771235966865,0.0,-0.11800765991210938,-966.71875,-42.482757568359375,0.0457763709127903,16.479493528604507,821.9748378232547,1,1789162756.0748284,38.99140524333333,-76.93652227,-9.870000000000001,0,1,17.197609000000003,6.964320999999999,72.43712099999999,1,1,1789162756.4015913,-0.30504425078098374,-0.9476868052075279,-0.09239439755378633,0.017349340093800347,170.49134675320468,-5.120590529938317,144.7411926578406,-0.19255973291158157,-0.14248292054628547,-0.41794369853249536,2.2702395124435424,-2.2217946606445316,2.4038060876464846
2026-09-11T17:39:16.436,16.74148611199999,-94.80331420898438,-8532.298278808594,-34129.193115234375,-64.94027023315431,-55.298536720275884,-5.493814468383789,-3.763262910842896,-8.418179381806755,-1.634146776966589,0.0,-0.11812591552734375,-967.6875,-42.52532958984375,0.0457763746380806,16.479494869709015,4.0152868034076636e-05,1,1789162756.0748284,38.99140524333333,-76.93652227,-9.870000000000001,0,1,17.197609000000003,6.964320999999999,72.43712099999999,1,1,1789162756.4295914,-0.29857817688857036,-0.9497396736703886,-0.09256476891792863,0.016654972156450665,170.4150755101992,-4.985947759035293,145.51418144151083,-0.08028584372343996,0.0038200021338399893,-0.548291170256739,-5.066900005569458,1.4562875490188598,-10.643451620044708
2026-09-11T17:39:16.470,16.774887008000007,-94.9871826171875,-8548.846435546875,-34195.3857421875,-65.06622009277345,-55.424486579895024,-5.469679832458496,-3.7467306852340703,-8.381197846353942,0.49496353657150083,0.0,-0.11886787414550781,-973.765625,-42.79243469238281,-0.09155276417732239,-32.95899510383606,-1480.1546034429439,1,1789162756.0748284,38.99140524333333,-76.93652227,-9.870000000000001,0,1,17.197609000000003,6.964320999999999,72.43712099999999,1,1,1789162756.4615912,-0.2908672940649844,-0.9518434879851672,-0.09549243827959814,0.01647379297436552,170.04594363093588,-4.9859928406495735,146.4499411753506,-0.1017249446561627,0.0047549750141333514,-0.5338536321513168,-0.7677626411628723,3.7304497215271,-12.860048756103517
2026-09-11T17:39:16.503,16.808307455999994,-95.16864776611328,-8565.178298950195,-34260.71319580078,-65.1905237197876,-55.54879020690918,-5.444669723510742,-3.729598760604859,-8.342874822398118,0.5126180423798671,0.0,-0.11780548095703125,-965.0625,-42.40997314453125,0.0762939527630806,27.465822994709015,1808.019392755261,1,1789162756.0748284,38.99140524333333,-76.93652227,-9.870000000000001,0,1,17.197609000000003,6.964320999999999,72.43712099999999,1,1,1789162756.5015912,-0.28180961991070275,-0.9545136037652902,-0.09608128225041475,0.015984541091313507,169.9189487046828,-4.856944378501818,147.53133494805888,0.26287852487565755,0.09927083719493347,-0.47706428348285046,-0.09326124303817748,1.1799361474609376,-14.197773904666901
2026-09-11T17:39:16.536,16.841717439999996,-95.34929656982422,-8581.43669128418,-34325.74676513672,-65.3142681503296,-55.67253463745118,-5.419861316680908,-3.7126050019264225,-8.304860866871909,0.508643125313536,0.0,-0.116180419921875,-951.75,-41.824951171875,0.030517593026161194,10.98633348941803,-493.25044589335675,1,1789162756.0748284,38.99140524333333,-76.93652227,-9.870000000000001,0,1,17.197609000000003,6.964320999999999,72.43712099999999,1,1,1789162756.5295913,-0.2757416563884226,-0.9563901545200904,-0.0949025299790253,0.016670964962679346,170.04070681863593,-4.831464000076106,148.25508351107138,0.10211275681595584,0.05347653921525586,-0.4298119374460568,2.845497610931396,-2.3161346352005006,-8.610827241020202
2026-09-11T17:39:16.570,16.875121215999997,-95.53148651123047,-8597.833786010742,-34391.33514404297,-65.43906826019288,-55.79733474731446,-5.42059850692749,-3.713109977245331,-8.305990464489367,-0.015117312453196405,0.0,-0.111419677734375,-912.75,-40.111083984375,0.2746582329273224,98.87696385383606,2631.158536221107,1,1789162756.0748284,38.99140524333333,-76.93652227,-9.870000000000001,0,1,17.197609000000003,6.964320999999999,72.43712099999999,1,1,1789162756.5615914,-0.2694721541016965,-0.9580768030393695,-0.09574757645922066,0.017492834071078173,169.94034947667078,-4.8830155642392485,149.01130577208488,0.007282909902721938,-0.14397971491279582,-0.40321940283097035,3.1801005144500736,-0.2745862045288086,-2.1953167052078246
2026-09-11T17:39:16.603,16.908526240000015,-95.71183013916016,-8614.064712524414,-34456.258850097656,-65.56260364532471,-55.9208701324463,-5.395529747009277,-3.6959378767013553,-8.267577569571742,0.5140574227387614,0.0,-0.10206413269042969,-836.109375,-36.74308776855469,0.4577637314796448,164.79494333267212,1973.2953785275035,1,1789162756.0748284,38.99140524333333,-76.93652227,-9.870000000000001,0,1,17.197609000000003,6.964320999999999,72.43712099999999,1,1,1789162756.6015913,-0.26143383755329513,-0.9606098036619003,-0.09298818650035275,0.015308522534138308,170.14424619194602,-4.47542813093424,149.93697964219035,0.017900794940154643,-0.03961862495442088,-0.38008401639823436,-5.6767755791282655,-0.5106322739219665,-1.7781418073272706
2026-09-11T17:39:16.637,16.941935168000015,-95.89308166503906,-8630.377349853516,-34521.50939941406,-65.68676094055176,-56.04502742767335,-5.422262668609619,-3.7142499279975896,-8.30854046169825,-0.5481184938419521,0.0,-0.08354949951171875,-684.4375,-30.07781982421875,0.7019043564796448,252.68556833267212,2630.752623969253,1,1789162756.0748284,38.99140524333333,-76.93652227,-9.870000000000001,0,1,17.197609000000003,6.964320999999999,72.43712099999999,1,1,1789162756.6295912,-0.25750401393586736,-0.9614916301989941,-0.09458926489307302,0.016685287866431822,169.98715203529792,-4.634537436189619,150.4203234147004,-0.0848872297633978,-0.033955380597549684,-0.2568091424018472,-3.46125717458725,-2.6293590413665773,-13.924658697662354
2026-09-11T17:39:16.670,16.975344352000008,-96.07257080078125,-8646.531372070312,-34586.12548828125,-65.80971099853517,-56.16797748565674,-5.371774673461914,-3.6796656513214114,-8.231177638066857,1.035172744003133,0.0,-0.06233787536621094,-510.671875,-22.441635131835938,0.5493164658546448,197.75392770767212,-1644.207791037692,1,1789162756.0748284,38.99140524333333,-76.93652227,-9.870000000000001,0,1,17.197609000000003,6.964320999999999,72.43712099999999,1,1,1789162756.6615913,-0.253878917616018,-0.9622241565154597,-0.09694925778454574,0.016462357767255215,169.70006339856906,-4.640742364349659,150.857633267229,-0.07540014354833223,0.043887700304799014,-0.17296998285427204,8.856483827571868,4.508313212356567,-11.998730672397613
2026-09-11T17:39:16.703,17.008748671999996,-96.24958801269531,-8662.462921142578,-34649.85168457031,-65.9309677886963,-56.289234275817876,-5.346951007843018,-3.6626614403724673,-8.193140301477415,0.5090422720459533,0.0,-0.038265228271484375,-313.46875,-13.775482177734375,0.8392335176467896,302.12406635284424,3124.450329933636,1,1789162756.0748284,38.99140524333333,-76.93652227,-9.870000000000001,0,1,17.197609000000003,6.964320999999999,72.43712099999999,1,1,1789162756.7015913,-0.25162109465520477,-0.9628846099481587,-0.09609330665427461,0.01749654439443548,169.81396497098717,-4.706554019591726,151.12962505569044,-0.10480038933110192,0.01860259183238156,-0.10155268065899085,-5.644805899600982,0.2745862045288086,-7.645362532596589
2026-09-11T17:39:16.737,17.042148096000005,-96.42762756347656,-8678.48648071289,-34713.94592285156,-66.05292488098145,-56.41119136810303,-5.347173690795898,-3.6628139781951905,-8.193481518868975,-0.004567079441942835,0.0,-0.030389785766601562,-248.953125,-10.940322875976562,0.1068115308880806,38.452151119709015,-7894.504864307247,1,1789162756.0748284,38.99140524333333,-76.93652227,-9.870000000000001,0,1,17.197609000000003,6.964320999999999,72.43712099999999,1,1,1789162756.7295914,-0.2511274191302197,-0.962839074829685,-0.0973710192439164,0.019870076837097423,169.73485104081303,-5.000730181615323,151.21305204400903,-0.11582004916234372,0.10675934688354034,-0.004200483910774753,-5.554094385604858,-1.6970408104896546,-7.431675625572205
2026-09-11T17:39:16.770,17.07555407999999,-96.60379028320312,-8694.341125488281,-34777.364501953125,-66.17359634399415,-56.531862831115724,-5.2708234786987305,-3.610514082908631,-8.076489985031824,1.565584635572625,0.0,-0.015939712524414062,-130.578125,-5.7382965087890625,0.3662109971046448,131.83595895767212,2795.421557946273,1,1789162756.0748284,38.99140524333333,-76.93652227,-9.870000000000001,0,1,17.197609000000003,6.964320999999999,72.43712099999999,1,1,1789162756.7575912,-0.2514060306944962,-0.962720211147987,-0.09720707241417456,0.022706559631052798,169.83359519208005,-5.313029254432228,151.2020383897719,0.14747107154848527,0.11883213838543552,0.07584049011861041,-1.4371645812034608,-2.993283828868866,-13.932994350299836
2026-09-11T17:39:16.804,17.108973792,-96.7807388305664,-8710.266494750977,-34841.065979003906,-66.294806098938,-56.65307258605957,-5.27237606048584,-3.6115776014328005,-8.078869008215811,-0.03182309064091514,0.0,0.0016803742619231343,13.765625953674316,0.6049347342923284,0.4272461533546448,153.80861520767212,657.4759306720715,1,1789162756.0748284,38.99140524333333,-76.93652227,-9.870000000000001,0,1,17.197609000000003,6.964320999999999,72.43712099999999,1,1,1789162756.8015914,-0.2527749097592867,-0.9620689548053941,-0.09846507257486965,0.028858286135292746,169.87194165062058,-6.044815363889821,151.0937168496037,0.06261927196890295,0.1905821003361468,0.13537052931148338,0.5823188866043091,1.0705919981575012,-10.131838681106569
2026-09-11T17:39:16.837,17.14238064,-96.95777893066406,-8726.200103759766,-34904.80041503906,-66.41607856750488,-56.77434505462647,-5.326276779174805,-3.6484995937347415,-8.161461152770977,-1.1052222676602925,0.0,0.014823914505541325,121.43750762939453,5.336609221994877,0.7019043564796448,252.68556833267212,2959.780974397958,1,1789162756.0748284,38.99140524333333,-76.93652227,-9.870000000000001,0,1,17.197609000000003,6.964320999999999,72.43712099999999,1,1,1789162756.8295913,-0.254717736743411,-0.9613763043469049,-0.09934024554322365,0.031717371328873034,169.86618603853202,-6.40710150080571,150.8894554612479,-0.047626370095496064,0.19369489505707868,0.1814765430955672,3.5113691569137573,0.4946474341583252,-1.51355838596344
2026-09-11T17:39:16.870,17.17578076800001,-97.13663482666016,-8742.297134399414,-34969.188537597656,-66.53859485626221,-56.89686134338379,-5.379392147064209,-3.6848836207389835,-8.242849903227853,-1.089337951166835,0.0,0.04342270269989967,355.7187805175781,15.632172971963882,0.39672863483428955,142.82230854034424,-3289.3065497321445,1,1789162756.0748284,38.99140524333333,-76.93652227,-9.870000000000001,0,1,17.197609000000003,6.964320999999999,72.43712099999999,1,1,1789162756.8615913,-0.2583245145082319,-0.9604453466390336,-0.09890104953783528,0.032121079119914756,169.95064508874134,-6.476645586642235,150.4616542149053,-0.10605458293158504,0.013176014122080791,0.26856445851280464,-1.0751030572319031,-0.8396453868484497,-10.506060451278687
2026-09-11T17:39:16.904,17.209186848,-97.31292724609375,-8758.163452148438,-35032.65380859375,-66.65935516357422,-57.01762165069581,-5.301956653594971,-3.6318403077125554,-8.124195391268234,1.5878341016497926,0.0,0.05404091253876686,442.7031555175781,19.45472851395607,0.5187988877296448,186.76759958267212,1315.4878106721496,1,1789162756.0748284,38.99140524333333,-76.93652227,-9.870000000000001,0,1,17.197609000000003,6.964320999999999,72.43712099999999,1,1,1789162756.9015913,-0.26499000488533625,-0.9588140078269114,-0.09681735674001499,0.032899774157911045,170.25083195616895,-6.5690648836315155,149.6621519805765,-0.09390098268532253,-0.06573136855813404,0.3694966746227115,0.2948859703636169,-2.9666097404289244,-7.42687036699295
2026-09-11T17:39:16.937,17.242588640000008,-97.48882293701172,-8773.994064331055,-35095.97625732422,-66.77984371185303,-57.138110198974616,-5.301797389984131,-3.63173121213913,-8.123951351420736,0.0032661592954440757,0.0,0.07481957226991653,612.9219360351562,26.935046017169952,0.6561279892921448,236.20607614517212,1480.1144969255065,1,1789162756.0748284,38.99140524333333,-76.93652227,-9.870000000000001,0,1,17.197609000000003,6.964320999999999,72.43712099999999,1,1,1789162756.9295914,-0.2704006707645575,-0.9575434932446796,-0.09517545422309544,0.030587067663985973,170.40164250771977,-6.318077294410735,148.99269284697525,0.03383285848405968,-0.11065457270814129,0.4105042325958695,-1.9023920648765564,2.7215415528869626,-12.217124771499634
2026-09-11T17:39:16.971,17.275998144,-97.66805267333984,-8790.124740600586,-35160.498962402344,-66.9026160812378,-57.26088256835938,-5.302274227142334,-3.6320578455924992,-8.124682009646778,-0.00977666275348565,0.0,0.08447647839784622,692.0313110351562,30.41153222322464,0.19836431741714478,71.41115427017212,-4932.576127889986,1,1789162756.0748284,38.99140524333333,-76.93652227,-9.870000000000001,0,1,17.197609000000003,6.964320999999999,72.43712099999999,1,1,1789162756.9615912,-0.27751982039777506,-0.9556208834694916,-0.09419119530853834,0.0299915836481442,170.53960411748596,-6.292316324376657,148.13375639024855,0.09662596524646128,-0.07855255724328439,0.504177624346732,0.5869280121803284,2.272004709472656,-12.497006567115784
2026-09-11T17:39:17.004,17.309419007999992,-97.84307098388672,-8805.876388549805,-35223.50555419922,-67.02250362396241,-57.38077011108399,-5.225087642669678,-3.5791850352287296,-8.006408901281151,1.5820300266259102,0.0,0.09263802319765091,758.8906860351562,33.34968835115433,0.3967285752296448,142.82228708267212,2136.7231203991373,1,1789162756.0748284,38.99140524333333,-76.93652227,-9.870000000000001,0,1,17.197609000000003,6.964320999999999,72.43712099999999,1,1,1789162757.0015912,-0.2881547097743015,-0.9526556775293065,-0.09195730456558988,0.030949595200866698,170.88790358250108,-6.428571421930356,146.85427466010344,0.08431860149309806,-0.11572737217906282,0.5437486018125733,4.773092766723632,3.0087783361244202,-16.890581972579955
2026-09-11T17:39:17.037,17.342825664000003,-98.01864624023438,-8821.678161621094,-35286.712646484375,-67.14277267456055,-57.50103916168214,-5.252387523651123,-3.5978854537010196,-8.048240546038421,-0.5597812146263283,0.0,0.10515785962343216,861.4531860351562,37.85682946443558,0.12207037210464478,43.94533395767212,-2959.7979853166794,1,1789162756.0748284,38.99140524333333,-76.93652227,-9.870000000000001,0,1,17.197609000000003,6.964320999999999,72.43712099999999,1,1,1789162757.0295913,-0.29560651339133426,-0.9505319239056974,-0.09028004523270841,0.030908968108504898,171.12219359108548,-6.438384078522514,145.94992014031806,-0.05216056095925213,-0.11848516693013905,0.5302109554694794,-2.8221577835464475,-2.9777893216133116,-3.806157060775757
2026-09-11T17:39:17.071,17.376233024000015,-98.19419860839844,-8837.47787475586,-35349.91149902344,-67.26302604675294,-57.62129253387452,-5.226894855499268,-3.5804229760169988,-8.009178095957845,0.5227134884053806,0.0,0.10677910596132278,874.7344360351562,38.4404781460762,-0.045776382088661194,-16.47949755191803,-1808.7281218739722,1,1789162756.0748284,38.99140524333333,-76.93652227,-9.870000000000001,0,1,17.197609000000003,6.964320999999999,72.43712099999999,1,1,1789162757.0615914,-0.30417882785272654,-0.9479432622135403,-0.08916879713131041,0.030458790656354002,171.2874680446491,-6.430212100948366,144.90925293392533,-0.17049842210052288,0.049728793712448434,0.5613190059253255,1.5125777209472655,-0.18652248607635497,-13.457764083461761
2026-09-11T17:39:17.104,17.409637951999997,-98.36528015136719,-8852.875213623047,-35411.50085449219,-67.38021690368653,-57.73848339080811,-5.176635265350342,-3.5459951567649846,-7.932165257616725,1.0306209686197507,0.0,0.11359215527772903,930.5469360351562,40.89317589998245,0.3509522080421448,126.34279489517212,4275.485714178705,1,1789162757.0771432,38.991422165,-76.93652327333334,-9.956000000000003,0,1,17.189315999999998,6.964320999999999,72.43712099999999,1,1,1789162757.1015913,-0.3146446043075901,-0.9445357017693039,-0.08821110207658048,0.032709058893887526,171.54289699761355,-6.736305827988762,143.65063997757585,0.02502959226992548,0.015205657509224998,0.566606306361317,-7.572989454402923,-1.730285354537964,-15.235709757785797
2026-09-11T17:39:17.138,17.443044544000003,-98.53570556640625,-8868.213500976562,-35472.85400390625,-67.49695831298828,-57.855224800109866,-5.099459171295166,-3.493129532337189,-7.813908223732072,1.5824907978576905,0.0,0.12106133252382278,991.7344360351562,43.5820797085762,0.2746582627296448,98.87697458267212,-822.1676821297812,1,1789162757.0771432,38.991422165,-76.93652327333334,-9.956000000000003,0,1,17.189315999999998,6.964320999999999,72.43712099999999,1,1,1789162757.1295912,-0.3234049123002677,-0.9416903367754139,-0.08725483327235042,0.03186167595212285,171.67951006608612,-6.686974461062341,142.57890610173885,-0.07308374256508535,-0.05460541817544579,0.6573904800684282,4.803395315723419,-1.705768729133606,-5.436120384159088
2026-09-11T17:39:17.171,17.47645286400001,-98.70638275146484,-8883.574447631836,-35534.297790527344,-67.61387218475342,-57.972138671875,-5.075727462768555,-3.47687331199646,-7.777544094480262,0.4865919729194953,0.0,0.13553620874881744,1110.3126220703125,48.79303514957428,0.4425049424171448,159.30177927017212,1808.6753445694985,1,1789162757.0771432,38.991422165,-76.93652327333334,-9.956000000000003,0,1,17.189315999999998,6.964320999999999,72.43712099999999,1,1,1789162757.1615913,-0.33337358412241913,-0.9382053387139727,-0.0856841883159436,0.03593070679251887,172.0738973504531,-7.1547956892312365,141.37289643593937,0.03978879455649033,0.05572836301617894,0.6987099283789175,8.431169410057068,-1.1221749780082704,-12.093266779956819
2026-09-11T17:39:17.205,17.509861856000015,-98.87533569335938,-8898.780212402344,-35595.120849609375,-67.72960494995118,-58.08787143707276,-5.077747344970703,-3.478256931304932,-7.78063916272577,-0.041414578101354536,0.0,0.14876939356327057,1218.7188720703125,53.556981682777405,0.2899170517921448,104.37013864517212,-1644.2172402265592,1,1789162757.0771432,38.991422165,-76.93652327333334,-9.956000000000003,0,1,17.189315999999998,6.964320999999999,72.43712099999999,1,1,1789162757.2015913,-0.3465423677185242,-0.933588839862057,-0.08395335962375129,0.03566649504706892,172.35261860220436,-7.16819419448078,139.75048605653126,-0.08642364310392842,-0.18364319482899294,0.7031949009577674,-7.0237189788436885,2.4046886861610415,-9.07791798822403
2026-09-11T17:39:17.238,17.54326246400001,-99.04342651367188,-8913.908386230469,-35655.633544921875,-67.84474716186524,-58.20301364898682,-5.026185512542725,-3.442937076091767,-7.701630896769334,1.0574614454075695,0.0,0.16148187220096588,1322.8594970703125,58.13347399234772,0.2746582627296448,98.87697458267212,-164.46299607782657,1,1789162757.0771432,38.991422165,-76.93652327333334,-9.956000000000003,0,1,17.189315999999998,6.964320999999999,72.43712099999999,1,1,1789162757.2295914,-0.3565190345380937,-0.9295788403504371,-0.08623401235907567,0.03662038636083242,172.2210311210734,-7.444814675861332,138.540490597192,0.0012515756066051337,0.16415118320979508,0.7307374182847143,2.8541274630737306,0.4839581854820251,-4.836345660266876
2026-09-11T17:39:17.272,17.576669376000012,-99.21485137939453,-8929.336624145508,-35717.34649658203,-67.96217319488525,-58.32043968200684,-5.079189777374268,-3.4792449975013735,-7.782849403859542,-1.086838598239867,0.0,0.17630769312381744,1444.3126220703125,63.47076952457428,0.21362310647964478,76.90431833267212,-657.7278453631844,1,1789162757.0771432,38.991422165,-76.93652327333334,-9.956000000000003,0,1,17.189315999999998,6.964320999999999,72.43712099999999,1,1,1789162757.2695913,-0.37132947605617556,-0.9237987047229411,-0.08630333429056244,0.035526157326596926,172.28739806759933,-7.454104748921626,136.7069265541957,-0.017528167144853852,-0.06153297904246169,0.8516620319103657,-1.0833406433677673,-1.5646510333061219,0.28910004676818846
2026-09-11T17:39:17.305,17.61009039999999,-99.38673400878906,-8944.806060791016,-35779.22424316406,-68.07991279602051,-58.43817928314209,-5.131827354431152,-3.5153017377853395,-7.863506034773925,-1.078864019366673,0.0,0.1783752590417862,1461.2501220703125,64.21509325504303,0.0,0.0,-2301.076063160824,1,1789162757.0771432,38.991422165,-76.93652327333334,-9.956000000000003,0,1,17.189315999999998,6.964320999999999,72.43712099999999,1,1,1789162757.3015914,-0.38382202612441607,-0.9184904082893816,-0.0875744236190832,0.03723899125833777,172.32694737933457,-7.795242026894949,135.16506071450524,-0.18878720373339586,-0.07921386249686503,0.808578753857811,-2.063123061027527,-1.0758875892448425,6.1917227791214
2026-09-11T17:39:17.339,17.643506496000015,-99.55664825439453,-8960.098342895508,-35840.39337158203,-68.19630405426025,-58.55457054138184,-5.106627464294434,-3.498039813041687,-7.824892208844138,0.51657514820521,0.0,0.17831231653690338,1460.7344970703125,64.19243395328522,0.015258789993822575,5.493164397776127,164.3867792866068,1,1789162757.0771432,38.991422165,-76.93652327333334,-9.956000000000003,0,1,17.189315999999998,6.964320999999999,72.43712099999999,1,1,1789162757.3295913,-0.3945764124861379,-0.9140348947560577,-0.08770744078746168,0.03401574206695839,172.26108440222148,-7.5503689659817175,133.81302692532878,-0.17475423294858583,-0.1226818111165594,0.8376339480474614,-3.148130834922791,0.3072423495674133,-6.058744602928162
2026-09-11T17:39:17.372,17.676911328000017,-99.72664642333984,-8975.398178100586,-35901.592712402344,-68.31275279998779,-58.67101928710938,-5.081145763397217,-3.4805848479270938,-7.78584656390276,0.5225281514540255,0.0,0.1778869777917862,1457.2501220703125,64.03931200504303,0.0,0.0,-164.4422099705744,1,1789162757.0771432,38.991422165,-76.93652327333334,-9.956000000000003,0,1,17.189315999999998,6.964320999999999,72.43712099999999,1,1,1789162757.3695912,-0.41059135672060454,-0.9069686298750661,-0.08755059813897825,0.03402256566436358,172.41155033968633,-7.6782411979931355,131.7967473432738,-0.005417327465265199,-0.03750311136807855,0.8431003192647076,-0.08816178495407104,1.7325408840751648,-9.814789681377412
2026-09-11T17:39:17.405,17.710316927999997,-99.89579010009766,-8990.621109008789,-35962.484436035156,-68.4286162185669,-58.786882705688484,-5.055792331695557,-3.4632177472114565,-7.746997466024188,0.5198859088191032,0.0,0.17705728113651276,1450.4532470703125,63.74062120914459,-0.0457763709127903,-16.479493528604507,-493.3152982917274,1,1789162757.0771432,38.991422165,-76.93652327333334,-9.956000000000003,0,1,17.189315999999998,6.964320999999999,72.43712099999999,1,1,1789162757.4015913,-0.422175084763831,-0.9019216819778769,-0.08556531508348524,0.03136963878518948,172.5920055606574,-7.40216123878465,130.312778145963,-0.027161511951236554,-0.12903934744987397,0.8200323025410985,-5.422096874427795,-2.1555017055511474,-9.87284505033493
2026-09-11T17:39:17.439,17.743717728000007,-100.06509399414062,-9005.858459472656,-36023.433837890625,-68.54458938598633,-58.90285587310792,-5.056136131286621,-3.4634532499313355,-7.747524270605163,-0.007050810755400339,0.0,0.17496873438358307,1433.3438720703125,62.988744378089905,-0.015258789993822575,-5.493164397776127,328.9241314826352,1,1789162757.0771432,38.991422165,-76.93652327333334,-9.956000000000003,0,1,17.189315999999998,6.964320999999999,72.43712099999999,1,1,1789162757.4295914,-0.432171223466584,-0.8971510664654937,-0.08431752345069457,0.03519307867130215,172.9920962870034,-7.817966012360911,129.03781090034718,0.08923501946304088,-0.019642808066570185,0.7919295345242615,3.653957850265503,-1.3625359734725953,-16.309930216503144
2026-09-11T17:39:17.473,17.777127167999993,-100.23226165771484,-9020.903549194336,-36083.614196777344,-68.65909923553467,-59.01736572265625,-5.005098342895508,-3.428492364883423,-7.669318998039144,1.0464373257357114,0.0,0.17369462549686432,1422.9063720703125,62.530065178871155,-0.2136230617761612,-76.90430223941803,-2137.45390050455,1,1789162757.0771432,38.991422165,-76.93652327333334,-9.956000000000003,0,1,17.189315999999998,6.964320999999999,72.43712099999999,1,1,1789162757.4695914,-0.4460254025246414,-0.8902792079017755,-0.08541415164869627,0.03418618110658771,172.94930194362084,-7.878002755047177,127.26482308244404,-0.06052435326773416,0.041157656288829475,0.7611654884639835,-7.004497944526673,1.7073377931594849,-7.332628458938599
2026-09-11T17:39:17.506,17.810543424000002,-100.39930725097656,-9035.93765258789,-36143.75061035156,-68.77352546691895,-59.13179195404053,-4.9809794425964355,-3.4119709181785587,-7.632361574307791,0.4944134586729138,0.0,0.17085649073123932,1399.6563720703125,61.508336663246155,-0.0610351637005806,-21.972658932209015,1643.859901815253,1,1789162757.0771432,38.991422165,-76.93652327333334,-9.956000000000003,0,1,17.189315999999998,6.964320999999999,72.43712099999999,1,1,1789162757.5015912,-0.4564080610625795,-0.8850013553393724,-0.08510087445836254,0.03495889029978963,173.11418699837049,-8.022315606706847,125.92179820870466,0.07806281785517478,0.0777177662620555,0.7459415049976125,8.78813147594452,-0.5270093796920776,-12.178878835868835
2026-09-11T17:39:17.539,17.843952032000004,-100.56372833251953,-9050.735549926758,-36202.94219970703,-68.88615390777588,-59.24442039489747,-4.956150054931641,-3.3949627876281743,-7.594315469819637,0.509094259490949,0.0,0.16865159571170807,1381.5938720703125,60.714574456214905,-0.015258791856467724,-5.493165068328381,493.27089185756097,1,1789162757.0771432,38.991422165,-76.93652327333334,-9.956000000000003,0,1,17.189315999999998,6.964320999999999,72.43712099999999,1,1,1789162757.5295913,-0.46576662445520584,-0.8803804749728111,-0.08241323119504271,0.03463712104438157,173.4580525257558,-7.918152611980956,124.69095942531678,0.08506647507757763,-0.08846393299950978,0.6818071127050532,-8.372623708591462,3.3337707224845885,-3.866860225276947
2026-09-11T17:39:17.572,17.87735724800001,-100.7254638671875,-9065.291748046875,-36261.1669921875,-68.99694274902345,-59.35520923614502,-4.827930450439453,-3.3071323585510255,-7.397844395470253,2.629242962450359,0.0,0.1660328060388565,1360.1407470703125,59.77181017398834,-0.4119873046875,-148.3154296875,-4275.448020427343,1,1789162757.0771432,38.991422165,-76.93652327333334,-9.956000000000003,0,1,17.189315999999998,6.964320999999999,72.43712099999999,1,1,1789162757.5695913,-0.47903849438567697,-0.8732643452962686,-0.07957295798665771,0.03999560586160516,174.16009225331663,-8.400432325175139,122.9343649039064,0.10237577793423139,0.060709881767221155,0.7784877067571019,3.6169867791557313,-3.2058920043754577,-11.00874933856964
2026-09-11T17:39:17.607,17.910771552,-100.88910675048828,-9080.019607543945,-36320.07843017578,-69.10903812408448,-59.46730461120606,-4.855946063995361,-3.326323053836823,-7.44077275822481,-0.574325752402417,0.0,0.1655445247888565,1356.1407470703125,59.59602892398834,0.0915527418255806,32.958987057209015,5425.054394212808,1,1789162757.0771432,38.991422165,-76.93652327333334,-9.956000000000003,0,1,17.189315999999998,6.964320999999999,72.43712099999999,1,1,1789162757.6015913,-0.48933200070189486,-0.867689822143092,-0.07873305519989036,0.038336296864213505,174.25212846005,-8.255130336995277,121.57365675367363,0.09649087676235692,0.014018310019093256,0.7904695666049683,-4.846348443431855,-1.2783949150848388,-2.901003250846863
2026-09-11T17:39:17.639,17.944181087999993,-101.04682159423828,-9094.213943481445,-36376.85577392578,-69.21707279205323,-59.57533927917481,-4.779189109802246,-3.2737445402145386,-7.323157972920846,1.573757672728363,0.0,0.16500283777713776,1351.7032470703125,59.40102159976959,-0.015258795581758022,-5.493166409432888,-1150.933477994108,1,1789162757.0771432,38.991422165,-76.93652327333334,-9.956000000000003,0,1,17.189315999999998,6.964320999999999,72.43712099999999,1,1,1789162757.6295912,-0.497919596013321,-0.8629292201080606,-0.07672260460591607,0.03927949760510933,174.59002762064853,-8.290621569923598,120.42155015311911,0.07901210243533449,-0.04673136525507337,0.712395927708431,-2.9375820559501644,2.409493944740295,-16.055839910812377
2026-09-11T17:39:17.673,17.977590272000015,-101.20442199707031,-9108.397979736328,-36433.59191894531,-69.32502906799317,-59.68329555511475,-4.700687408447266,-3.219970874786377,-7.202869709167801,1.609547405531585,0.0,0.16601182520389557,1359.9688720703125,59.764257073402405,0.0915527418255806,32.958987057209015,1150.9456042571244,1,1789162757.0771432,38.991422165,-76.93652327333334,-9.956000000000003,0,1,17.189315999999998,6.964320999999999,72.43712099999999,1,1,1789162757.6695912,-0.5102266245667401,-0.8558307945850276,-0.0742333888611005,0.04137446798918041,175.07981018129152,-8.42825078324884,118.75790908342904,0.2773520167636709,0.0673143821896929,0.7405192906104416,5.141234413795471,-1.6636001334381105,-7.569459060344696
2026-09-11T17:39:17.707,18.011007936,-101.36054992675781,-9122.449493408203,-36489.79797363281,-69.43197669982911,-59.79024318695069,-4.648928165435791,-3.1845157933235173,-7.123558950705784,1.0609682790178532,0.0,0.16666413843631744,1365.3126220703125,59.99908983707428,0.061035171151161194,21.97266161441803,-328.7580317641674,1,1789162757.0771432,38.991422165,-76.93652327333334,-9.956000000000003,0,1,17.189315999999998,6.964320999999999,72.43712099999999,1,1,1789162757.7015913,-0.520071384813713,-0.8498163373985147,-0.07460098806302706,0.04210273112923559,175.1849037625865,-8.577952406706892,117.42965478527937,-0.0732844554290647,0.07600088587686867,0.7199085229407155,1.2363243858909605,-2.190805646133423,-14.28672022163391
2026-09-11T17:39:17.739,18.044406879999997,-101.51136779785156,-9136.02310180664,-36544.09240722656,-69.53528694152833,-59.89355342864991,-4.57266902923584,-3.1322782850265507,-7.006706972589807,1.5640467044996813,0.0,0.1671447902917862,1369.2501220703125,60.17212450504303,0.0,0.0,-657.884920386082,1,1789162757.0771432,38.991422165,-76.93652327333334,-9.956000000000003,0,1,17.189315999999998,6.964320999999999,72.43712099999999,1,1,1789162757.7295914,-0.5283507400048726,-0.8446836448159297,-0.07292006367727413,0.04514089088711251,175.61882329382703,-8.819043305741326,116.28594146374576,0.047964789437457765,0.033602125956946026,0.6767231431269191,0.1949562052154541,-2.1618760281562808,-12.282142862071991
2026-09-11T17:39:17.773,18.077811136000008,-101.66309356689453,-9149.678421020508,-36598.71368408203,-69.63921909332277,-59.99748558044434,-4.521345138549805,-3.0971214199066166,-6.928063305088164,1.0524666413741441,0.0,0.16753961145877838,1372.4844970703125,60.31426012516022,0.015258795581758022,5.493166409432888,164.44510572039124,1,1789162757.0771432,38.991422165,-76.93652327333334,-9.956000000000003,0,1,17.189315999999998,6.964320999999999,72.43712099999999,1,1,1789162757.7695913,-0.5401043917470647,-0.8369679694077116,-0.07323860295532238,0.04907108352398769,175.9565744890384,-9.279738682262472,114.65912118253674,0.1147164774763077,0.101017213644479,0.7204434663564517,-3.937468106441498,0.6997044890403747,-11.36316167541504
2026-09-11T17:39:17.806,18.11123151999999,-101.8144760131836,-9163.302841186523,-36653.211364746094,-69.74291606903077,-60.101182556152345,-4.52231502532959,-3.0977857923507695,-6.9295494639199315,-0.01987925824410682,0.0,0.1672668606042862,1370.2501220703125,60.21606981754303,0.0,0.0,-164.36574784526454,1,1789162757.0771432,38.991422165,-76.93652327333334,-9.956000000000003,0,1,17.189315999999998,6.964320999999999,72.43712099999999,1,1,1789162757.8015914,-0.5492671835348996,-0.8310397925076921,-0.07272303652005069,0.048885420318476654,176.09751382282727,-9.273084506057222,113.3920159920173,-0.014374531719425298,0.07561673890850472,0.6882622129435543,2.394882035999298,2.1886481830978393,-10.109283385734559
2026-09-11T17:39:17.839,18.144637727999992,-101.96463012695312,-9176.816711425781,-36707.266845703125,-69.8457716369629,-60.20403812408448,-4.522897720336914,-3.0981849384307862,-6.930442328272152,-0.011948260635171746,0.0,0.16855241358280182,1380.7813720703125,60.678868889808655,0.0762939527630806,27.465822994709015,822.1772131307767,1,1789162757.0771432,38.991422165,-76.93652327333334,-9.956000000000003,0,1,17.189315999999998,6.964320999999999,72.43712099999999,1,1,1789162757.8295913,-0.5572027974481988,-0.8258550641112996,-0.07126888355731824,0.04908362083339252,176.33951281659904,-9.235591580193292,112.28083428349657,-0.0038451348750687077,0.1083446294431268,0.6815954042667863,-3.6428763355827334,1.7470547263145446,-10.694642333889007
2026-09-11T17:39:17.871,18.178038848,-102.11605072021484,-9190.444564819336,-36761.778259277344,-69.94949474334717,-60.307761230468756,-4.5496416091918945,-3.116504502296448,-6.971422025537859,-0.5484715442373626,0.0,0.1694641262292862,1388.2501220703125,61.00708544254303,-0.0457763709127903,-16.479493528604507,-1315.6839208776041,1,1789162757.0771432,38.991422165,-76.93652327333334,-9.956000000000003,0,1,17.189315999999998,6.964320999999999,72.43712099999999,1,1,1789162757.8615913,-0.5665053950049745,-0.8196423801054177,-0.07015562789474694,0.048334191211582375,176.50190516961257,-9.132642289460026,110.97798289663386,0.033707369310841284,0.02719606947042604,0.6936060620473105,-5.553604053096771,-2.5154057664871217,-16.094674245452882
2026-09-11T17:39:17.905,18.211447872000008,-102.26746368408203,-9204.071731567383,-36816.28692626953,-70.0532126235962,-60.41147911071778,-4.524775505065918,-3.099471220970154,-6.933319660366299,0.5098407342366486,0.0,0.17119790613651276,1402.4532470703125,61.63124620914459,0.0610351637005806,21.972658932209015,1150.9510861737328,1,1789162757.0771432,38.991422165,-76.93652327333334,-9.956000000000003,0,1,17.189315999999998,6.964320999999999,72.43712099999999,1,1,1789162757.9015913,-0.5780156398325164,-0.8113349892151375,-0.07255792944317524,0.04867034270681312,176.42787817227875,-9.372657788906029,109.35884534095015,0.002032086848096998,0.09338523789135819,0.7302951518522589,5.172713760814666,1.4007819091033935,-10.199602633724213
2026-09-11T17:39:17.938,18.244848415999996,-102.41786193847656,-9217.60757446289,-36870.43029785156,-70.15623542785644,-60.514501914978034,-4.499967098236084,-3.0824774622917177,-6.895305704840091,0.5087868831849622,0.0,0.17451287806034088,1429.6094970703125,62.82463610172272,0.2288818657398224,82.39747166633606,1809.0966642383992,1,1789162757.0771432,38.991422165,-76.93652327333334,-9.956000000000003,0,1,17.189315999999998,6.964320999999999,72.43712099999999,1,1,1789162757.9295914,-0.5864374079164567,-0.8055311345316389,-0.07020493548845712,0.047770544579894304,176.6856564259093,-9.166437691150357,108.1555272988671,-0.1330909547754536,-0.020841674729765086,0.67065044452753,-3.181571511974335,-1.246425235557556,-5.669028325500489
2026-09-11T17:39:17.973,18.27825510400001,-102.57135009765625,-9231.421508789062,-36925.68603515625,-70.26137481689453,-60.61964130401612,-4.553671360015869,-3.119264881610871,-6.977596818206128,-1.1011992364863594,0.0,0.17560578882694244,1438.5626220703125,63.21808397769928,0.03051757998764515,10.986328795552254,-2137.630131749504,1,1789162757.0771432,38.991422165,-76.93652327333334,-9.956000000000003,0,1,17.189315999999998,6.964320999999999,72.43712099999999,1,1,1789162757.9695914,-0.5976109468512073,-0.7974414813088926,-0.06939993664534838,0.046172382276682265,176.77875526396681,-9.008899101050421,106.55729232549083,-0.006067113545782688,0.08263488236369913,0.7016693086585991,0.8890709036636353,0.6394916570472717,-12.043743196640015
2026-09-11T17:39:18.006,18.31167673600001,-102.72338104248047,-9245.104293823242,-36980.41717529297,-70.36551601409913,-60.72378250122071,-4.528873920440674,-3.102278635501862,-6.939599667819118,0.5082410729975455,0.0,0.1764221340417862,1445.2501220703125,63.51196825504303,0.0,0.0,-328.7191001191201,1,1789162757.0771432,38.991422165,-76.93652327333334,-9.956000000000003,0,1,17.189315999999998,6.964320999999999,72.43712099999999,1,1,1789162758.0015912,-0.6067275345383384,-0.7903522829068544,-0.07038789548505466,0.047649888836577406,176.89617513542157,-9.249441542673392,105.22660199920585,0.023089309740483385,-0.024402844535534318,0.7303501297236967,1.335959951534271,0.8771067904663087,-12.059041570892335
2026-09-11T17:39:18.038,18.345081408,-102.87464141845703,-9258.717727661133,-37034.87091064453,-70.46912937164308,-60.82739585876465,-4.582429885864258,-3.1389644718170167,-7.021663546476855,-1.0982247128535454,0.0,0.17703820765018463,1450.2969970703125,63.73375475406647,0.0457763746380806,16.479494869709015,493.3290430067523,1,1789162757.0771432,38.991422165,-76.93652327333334,-9.956000000000003,0,1,17.189315999999998,6.964320999999999,72.43712099999999,1,1,1789162758.0295913,-0.6145852741667321,-0.7840423358315796,-0.0719712128267802,0.04881291760800054,176.9279224248421,-9.497680790608644,104.07178286795724,-0.13191233393158183,0.0685793968315384,0.7217697420550422,3.6833778007507325,-0.39187374046325685,-6.85416199754715
2026-09-11T17:39:18.072,18.378487648000004,-103.02780151367188,-9272.502136230469,-37090.008544921875,-70.57404403686525,-60.93231052398682,-4.582398414611816,-3.1389429140090943,-7.021615323033936,0.0006453227876690784,0.0,0.1778869777917862,1457.2501220703125,64.03931200504303,-0.0457763709127903,-16.479493528604507,-986.6117347629832,1,1789162757.0771432,38.991422165,-76.93652327333334,-9.956000000000003,0,1,17.189315999999998,6.964320999999999,72.43712099999999,1,1,1789162758.0695913,-0.6262273642751442,-0.7747775342673124,-0.07202349942620963,0.04869985788554058,177.0583358423337,-9.536116736713245,102.35046722628108,0.010376156936031488,0.052528127299722144,0.7513218314827355,0.8278774066543578,-1.684194098777771,-12.024129896316529
2026-09-11T17:39:18.105,18.411895904000005,-103.18074035644531,-9286.266632080078,-37145.06652832031,-70.67880714416505,-61.037073631286624,-4.5824456214904785,-3.138975250720978,-7.0216876581983145,-0.0009679257691194374,0.0,0.1786193996667862,1463.2501220703125,64.30298388004303,0.0,0.0,493.27607908068785,1,1789162758.090361,38.99143471833333,-76.93651292833333,-9.901000000000003,0,1,17.189315999999998,6.964320999999999,72.43712099999999,1,1,1789162758.1015913,-0.63579912341977,-0.766932642620187,-0.07267792960588992,0.04787185906636612,177.05857465049863,-9.546390272669274,100.92714373388654,-0.03229330355087548,0.031011010149435247,0.7573559583056555,-1.0090062351417541,2.305543453025818,-8.614161502075195
2026-09-11T17:39:18.140,18.445297248000003,-103.33595275878906,-9300.235748291016,-37200.94299316406,-70.78512763977051,-61.1433941268921,-4.635486602783203,-3.1753083229064942,-7.102962425971928,-1.0877727610457393,0.0,0.17927362024784088,1468.6094970703125,64.53850328922272,0.0457763709127903,16.479493528604507,493.37815653782,1,1789162758.090361,38.99143471833333,-76.93651292833333,-9.901000000000003,0,1,17.189315999999998,6.964320999999999,72.43712099999999,1,1,1789162758.1295912,-0.6439022017293827,-0.7600536890406865,-0.07401743371968322,0.047220375784707135,176.99396371220902,-9.619250611251191,99.71178964473917,-0.010749482863033075,0.06806120857662128,0.771801699458562,-2.2979923324012757,0.7387349566841125,-9.816652944908142
2026-09-11T17:39:18.174,18.478707360000016,-103.49501037597656,-9314.55093383789,-37258.20373535156,-70.89408210754395,-61.252348594665534,-4.7148895263671875,-3.2296993255615236,-7.224631633772191,-1.6279802550499864,0.0,0.18099595606327057,1482.7188720703125,65.1585441827774,0.0762939527630806,27.465822994709015,328.8324644377221,1,1789162758.090361,38.99143471833333,-76.93651292833333,-9.901000000000003,0,1,17.189315999999998,6.964320999999999,72.43712099999999,1,1,1789162758.1695912,-0.6557935272412808,-0.7497020510698583,-0.07493399877815632,0.04760861347699941,177.09685133844806,-9.768459064554888,97.89323477714308,0.12758548818296267,-0.017497798415869154,0.8040248407735074,-2.6212195217323306,-1.489924359073639,-10.04122523361206
2026-09-11T17:39:18.206,18.512116448,-103.65396118164062,-9328.856506347656,-37315.426025390625,-71.00296340942383,-61.36122989654542,-4.767204761505127,-3.2655352616310123,-7.304794339725771,-1.0726403567048843,0.0,0.1821594387292862,1492.2501220703125,65.57739794254303,0.0,0.0,-822.1063380934388,1,1789162758.090361,38.99143471833333,-76.93651292833333,-9.901000000000003,0,1,17.189315999999998,6.964320999999999,72.43712099999999,1,1,1789162758.2015913,-0.6655190473172032,-0.7412539503994153,-0.07427104251268893,0.045943344668645136,177.15397552359835,-9.61163440783683,96.40251827949517,-0.03355535113299258,-0.005814913468869508,0.8085300591716804,-2.5477677120208737,2.0898952159690856,-9.320632579727173
2026-09-11T17:39:18.239,18.54551702399999,-103.81613159179688,-9343.451843261719,-37373.807373046875,-71.11405014038087,-61.472316627502444,-4.872618675231934,-3.3377437925338747,-7.4663202230983154,-2.1618947799846793,0.0,0.18196870386600494,1490.6876220703125,65.50873339176178,-0.0457763746380806,-16.479494869709015,-493.3895412376538,1,1789162758.090361,38.99143471833333,-76.93651292833333,-9.901000000000003,0,1,17.189315999999998,6.964320999999999,72.43712099999999,1,1,1789162758.2295914,-0.6739684426248267,-0.7336982294635375,-0.07361659110894662,0.04510037628927417,177.25494122384342,-9.521090842787357,95.08805652162484,-0.03924861515299809,-0.04135610022478124,0.8409525170872034,1.5066937308502197,3.4830279379463196,-11.104854510154723
2026-09-11T17:39:18.272,18.578925696,-103.98133087158203,-9358.319778442383,-37433.27911376953,-71.2272116470337,-61.58547813415528,-4.925235748291016,-3.373786487579346,-7.54694543570898,-1.0788424947110635,0.0,0.18185235559940338,1489.7344970703125,65.46684801578522,0.0,0.0,493.2699770199011,1,1789162758.090361,38.99143471833333,-76.93651292833333,-9.901000000000003,0,1,17.189315999999998,6.964320999999999,72.43712099999999,1,1,1789162758.2695913,-0.6860081021486714,-0.7224000417178915,-0.07385569826198873,0.04556752513139852,177.43125790868808,-9.623153504580158,93.17654118601216,-0.0019943877362539205,0.04929717378843024,0.8409291296752267,5.399247379550934,3.806647393283844,-7.189255233573913
2026-09-11T17:39:18.307,18.612343167999995,-104.1502914428711,-9373.526229858398,-37494.104919433594,-71.3429496383667,-61.70121612548829,-5.004342079162598,-3.42797432422638,-7.668160174092645,-1.6215420677853607,0.0,0.18120576441287994,1484.4376220703125,65.23407518863678,0.03051757998764515,10.986328795552254,328.7600209720658,1,1789162758.090361,38.99143471833333,-76.93651292833333,-9.901000000000003,0,1,17.189315999999998,6.964320999999999,72.43712099999999,1,1,1789162758.3015914,-0.6956992018030965,-0.7131884241045714,-0.07296576169139052,0.045176210050947845,177.60444031708457,-9.55316680802796,91.62261271566284,0.10838529561469827,-0.018698934007091647,0.838388802948949,-3.527648196182251,-2.437050631694794,-11.896447311210633
2026-09-11T17:39:18.339,18.645765408000017,-104.31889343261719,-9388.700408935547,-37554.80163574219,-71.45844200134277,-61.81670848846436,-5.05756950378418,-3.4644351100921633,-7.74972062923264,-1.0909138904442093,0.0,0.1814270168542862,1486.2501220703125,65.31372606754303,0.0,0.0,-328.71312023207287,1,1789162758.090361,38.99143471833333,-76.93651292833333,-9.901000000000003,0,1,17.189315999999998,6.964320999999999,72.43712099999999,1,1,1789162758.3295913,-0.7040897170402458,-0.7048318879075175,-0.07414099982378775,0.044416126486226615,177.56041790020757,-9.61434691262506,90.26555864836902,0.022819307305199862,0.006572560897160247,0.8345155682729231,0.8340555962562561,-0.3636305879974365,-8.784895281391144
2026-09-11T17:39:18.373,18.67917161599999,-104.4840087890625,-9403.560791015625,-37614.2431640625,-71.57154602050782,-61.9298125076294,-4.980912685394287,-3.411925189495087,-7.632259282156145,1.5718611521881627,0.0,0.18042375147342682,1478.0313720703125,64.95255053043365,-0.1678466945886612,-60.42481005191803,-1808.7898528311005,1,1789162758.090361,38.99143471833333,-76.93651292833333,-9.901000000000003,0,1,17.189315999999998,6.964320999999999,72.43712099999999,1,1,1789162758.3695912,-0.7161063245982138,-0.6924727576401157,-0.07476310141942438,0.0456474584492947,177.78028127178797,-9.805023887754203,88.26794715834673,-0.13329655456133854,0.037618826697485785,0.8310015223569577,-4.189695148601532,0.870144068851471,-7.780792371330262
2026-09-11T17:39:18.406,18.712578336000007,-104.65074157714844,-9418.56674194336,-37674.26696777344,-71.68575798034668,-62.04402446746827,-4.982117176055908,-3.4127502655982975,-7.634104924835124,-0.02469790818165611,0.0,0.18106843531131744,1483.3126220703125,65.18463671207428,0.1068115159869194,38.452145755290985,2959.7923952773785,1,1789162758.090361,38.99143471833333,-76.93651292833333,-9.901000000000003,0,1,17.189315999999998,6.964320999999999,72.43712099999999,1,1,1789162758.4015913,-0.7254910690324904,-0.6827624723902246,-0.07411626834514498,0.04477604064979931,177.8930333323114,-9.711323428539126,86.70318917100911,-0.09981503085570531,-0.028439965628322402,0.8134171556101897,-4.344346021652222,0.14190222784042358,-14.884141349487304
2026-09-11T17:39:18.441,18.745983328000023,-104.8145751953125,-9433.311767578125,-37733.2470703125,-71.79798400878907,-62.15625049591065,-4.904744625091553,-3.3597500681877137,-7.515546859761341,1.586595123583903,0.0,0.18149186670780182,1486.7813720703125,65.33707201480865,0.015258789993822575,5.493164397776127,-986.6483834960837,1,1789162758.090361,38.99143471833333,-76.93651292833333,-9.901000000000003,0,1,17.189315999999998,6.964320999999999,72.43712099999999,1,1,1789162758.4295914,-0.7333331995228934,-0.6743499374708718,-0.07369432076024846,0.04520760332325681,178.0762051166896,-9.73296494482969,85.36512079129588,0.0301025662737722,-0.012695874044857152,0.8257014810174266,0.623408750782013,-2.524427884635925,-6.7352073310852045
2026-09-11T17:39:18.474,18.779392512000015,-104.97718048095703,-9447.946243286133,-37791.78497314453,-71.90936862945557,-62.267635116577154,-4.852488040924072,-3.32395430803299,-7.435474024769564,1.0714347334772243,0.0,0.18191339075565338,1490.2344970703125,65.48882067203522,0.0610351637005806,21.972658932209015,493.2624075594432,1,1789162758.090361,38.99143471833333,-76.93651292833333,-9.901000000000003,0,1,17.189315999999998,6.964320999999999,72.43712099999999,1,1,1789162758.4695914,-0.7450696774378981,-0.6613222657300762,-0.07295921097745446,0.04691471140028815,178.45362561531059,-9.832642548980537,83.31740682309325,-0.002524444230084598,0.018924954145224913,0.8247574324250228,0.4847427174949646,-0.5828092191123962,-3.4815569404220583
2026-09-11T17:39:18.508,18.812814240000023,-105.13780975341797,-9462.402877807617,-37849.61151123047,-72.01939968109131,-62.3776661682129,-4.774999141693115,-3.270874412059784,-7.316737679088629,1.5881852659800761,0.0,0.18165399134159088,1488.1094970703125,65.39543688297272,0.015258789993822575,5.493164397776127,-493.0772739946054,1,1789162758.090361,38.99143471833333,-76.93651292833333,-9.901000000000003,0,1,17.189315999999998,6.964320999999999,72.43712099999999,1,1,1789162758.5015912,-0.7539843413087381,-0.6511035006479604,-0.07306305342936507,0.04726134497427697,178.61132486129185,-9.887888045386623,81.74465730977748,0.0437369038574267,-0.018013543209833477,0.8586267682904491,3.6766112121391297,-2.595624164810181,-8.459118363018035
2026-09-11T17:39:18.540,18.846213439999985,-105.29436492919922,-9476.49284362793,-37905.97137451172,-72.12663997650147,-62.484906463623055,-4.7238664627075195,-3.2358485269546513,-7.238387005535629,1.0487043134318217,0.0,0.18169786036014557,1488.4688720703125,65.4112297296524,0.0,0.0,-164.4699393333459,1,1789162758.090361,38.99143471833333,-76.93651292833333,-9.901000000000003,0,1,17.189315999999998,6.964320999999999,72.43712099999999,1,1,1789162758.5295913,-0.7614626112076426,-0.6425249109854217,-0.07241753566704957,0.045739818800756823,178.63946368278565,-9.73342794806067,80.43143696804543,-0.12044464808135308,-0.056483217917666494,0.7799200984742136,1.1267841035842896,-0.1586715996170044,-8.841675785827636
2026-09-11T17:39:18.573,18.879623200000026,-105.4512710571289,-9490.614395141602,-37962.457580566406,-72.23412067413331,-62.59238716125489,-4.725552082061768,-3.237003176212311,-7.240969882364682,-0.03456023801602692,0.0,0.181398406624794,1486.0157470703125,65.30342638492584,-0.0610351599752903,-21.972657591104507,-657.6718177885111,1,1789162758.090361,38.99143471833333,-76.93651292833333,-9.901000000000003,0,1,17.189315999999998,6.964320999999999,72.43712099999999,1,1,1789162758.5695913,-0.7717525948678965,-0.6303782230198279,-0.07167474894147774,0.04340459216728872,178.6422283309933,-9.517739607522445,78.59789173167054,-0.10695918708289369,-0.07570540163450604,0.7508701402723192,-5.375809485664368,-1.41313828830719,-8.103823427658082
2026-09-11T17:39:18.607,18.913029408,-105.60501098632812,-9504.450988769531,-38017.803955078125,-72.33943252563478,-62.69769901275635,-4.621891975402832,-3.16599600315094,-7.082131359947514,2.1255681896438587,0.0,0.18001557886600494,1474.6876220703125,64.80560839176178,-0.030517585575580597,-10.986330807209015,328.8708129909284,1,1789162758.090361,38.99143471833333,-76.93651292833333,-9.901000000000003,0,1,17.189315999999998,6.964320999999999,72.43712099999999,1,1,1789162758.6015913,-0.7794518725597533,-0.6209514295000654,-0.07104131049321497,0.04274614331522727,178.74598219403677,-9.429454900443181,77.1886856308636,0.03892677643893033,-0.11964336742176249,0.7456285674627299,-9.435958785629273,-2.4385216292190552,-9.119203985404967
2026-09-11T17:39:18.641,18.946439392000002,-105.76094055175781,-9518.484649658203,-38073.93859863281,-72.44624427795411,-62.80451076507569,-4.623106002807617,-3.166827611923218,-7.083991615791013,-0.02489102575678191,0.0,0.17941094934940338,1469.7344970703125,64.58794176578522,0.0,0.0,328.8337643983398,1,1789162758.090361,38.99143471833333,-76.93651292833333,-9.901000000000003,0,1,17.189315999999998,6.964320999999999,72.43712099999999,1,1,1789162758.6295912,-0.7858910820823551,-0.612684521714103,-0.07211658101425339,0.04233299774644348,178.73163102509707,-9.510311273155986,75.98581820169387,-0.022460816676840228,-0.029178065368990803,0.7160017779430513,-0.6380206595230103,2.0389987016296387,-12.661954422836304
2026-09-11T17:39:18.674,18.97984783999999,-105.9136734008789,-9532.230606079102,-38128.922424316406,-72.55086627960206,-62.90913276672364,-4.572604656219482,-3.1322341895103456,-7.00660833372929,1.0354693044371281,0.0,0.17951013147830963,1470.5469970703125,64.62364733219147,0.015258789993822575,5.493164397776127,164.42441138774163,1,1789162758.090361,38.99143471833333,-76.93651292833333,-9.901000000000003,0,1,17.189315999999998,6.964320999999999,72.43712099999999,1,1,1789162758.6695912,-0.7952513530263456,-0.6009538021440515,-0.06972168644817917,0.039606813014892626,178.79265285665798,-9.11962458848126,74.25135656633041,-0.07423618347017721,0.015156962823094356,0.7433085012880538,9.251495696086883,-4.293155307807923,-2.084893824386597
2026-09-11T17:39:18.708,19.01325734400001,-106.06373596191406,-9545.736236572266,-38182.94494628906,-72.65365913391113,-63.01192562103272,-4.496721267700195,-3.080254068374634,-6.8903321142954335,1.555848333925627,0.0,0.17948724329471588,1470.3594970703125,64.61540758609772,-0.0762939527630806,-27.465822994709015,-986.5153158953244,1,1789162758.090361,38.99143471833333,-76.93651292833333,-9.901000000000003,0,1,17.189315999999998,6.964320999999999,72.43712099999999,1,1,1789162758.6975913,-0.8017275871374381,-0.5924452548210822,-0.06878213901584639,0.038865324071327916,178.88728654173474,-8.994533488868102,73.01341812854335,-0.07471230929012126,-0.07167316746362354,0.7381847382029741,-0.6555745633125306,-1.2265177357292174,-7.267512301864624
2026-09-11T17:39:18.740,19.046665152000003,-106.20994567871094,-9558.895111083984,-38235.58044433594,-72.75381278991699,-63.11207927703858,-4.4203081130981445,-3.027911057472229,-6.773244133572445,1.56678974275763,0.0,0.1798572689294815,1473.3907470703125,64.74861681461334,0.0457763746380806,16.479494869709015,1315.4205706770013,1,1789162758.090361,38.99143471833333,-76.93651292833333,-9.901000000000003,0,1,17.189315999999998,6.964320999999999,72.43712099999999,1,1,1789162758.7295914,-0.8086709737402474,-0.5827918702814724,-0.0696657746458336,0.039389998817203405,178.98475620913229,-9.1248159901602,71.6399878119127,-0.08447323766482474,-0.12836599942445454,0.7309313243646108,-2.0805788983154296,-0.3524510068130493,-5.363355039958954
2026-09-11T17:39:18.773,19.080069760000015,-106.35246276855469,-9571.721649169922,-38286.88659667969,-72.85143699645997,-63.20970348358155,-4.291771411895752,-2.9398634171485902,-6.576287171502744,2.6357932511468802,0.0,0.18001176416873932,1474.6563720703125,64.80423510074615,-0.015258795581758022,-5.493166409432888,-657.77336106246,1,1789162758.090361,38.99143471833333,-76.93651292833333,-9.901000000000003,0,1,17.189315999999998,6.964320999999999,72.43712099999999,1,1,1789162758.7695913,-0.8171162777557046,-0.5707428986499828,-0.07111430317968376,0.038939544816875456,178.9817685333887,-9.245569670678021,69.94972466226164,0.03586791239188506,-0.03217357396418867,0.6967961748541057,0.6685193415260314,3.030352966480255,-8.35585433681488
2026-09-11T17:39:18.807,19.113469183999996,-106.49481201171875,-9584.533081054688,-38338.13232421875,-72.94894622802735,-63.30721271514893,-4.241439342498779,-2.905385949611664,-6.499163273111266,1.0322773092417972,0.0,0.180208221077919,1476.2657470703125,64.87495958805084,0.0305175818502903,10.986329466104507,493.40658915395454,1,1789162758.090361,38.99143471833333,-76.93651292833333,-9.901000000000003,0,1,17.189315999999998,6.964320999999999,72.43712099999999,1,1,1789162758.8015914,-0.8239054598076075,-0.5609277080840814,-0.07048149230021991,0.03965171933080105,179.20286698024245,-9.243098027285884,68.55972957958646,-0.054265777103007694,0.007786786457772701,0.7180179822949553,6.734422799072266,2.434598969154358,-13.632518589344025
2026-09-11T17:39:18.842,19.14686943999999,-106.63458251953125,-9597.112426757812,-38388.44970703125,-73.04468902587891,-63.40295551300049,-4.138432025909424,-2.8348259377479557,-6.341325021805549,2.112559013431598,0.0,0.18021203577518463,1476.2969970703125,64.87633287906647,0.015258795581758022,5.493166409432888,-164.46469921286703,1,1789162758.090361,38.99143471833333,-76.93651292833333,-9.901000000000003,0,1,17.189315999999998,6.964320999999999,72.43712099999999,1,1,1789162758.8415914,-0.8319067658038913,-0.5491131441438113,-0.0698613018610807,0.03905491570189552,179.31845142682778,-9.156246074774884,66.90944345037528,0.055392212602244834,-0.013451601610970696,0.6607664704405608,-0.4832717199707031,0.42109755794525144,-10.813793133354187
2026-09-11T17:39:18.874,19.180284991999997,-106.77180480957031,-9609.462432861328,-38437.84973144531,-73.13868629455567,-63.49695278167725,-4.138442516326904,-2.8348331236839295,-6.341341096286521,-0.00021504765127978035,0.0,0.1800842434167862,1475.2501220703125,64.83032763004303,0.0,0.0,-164.38951567915302,1,1789162758.090361,38.99143471833333,-76.93651292833333,-9.901000000000003,0,1,17.189315999999998,6.964320999999999,72.43712099999999,1,1,1789162758.8695912,-0.837328220689453,-0.5407583583266575,-0.06977637026863111,0.03991374310971164,179.4995113203737,-9.2079890858583,65.75019110356787,0.00126501464184549,-0.04550893664697655,0.6872324686848776,2.267395583896637,-1.1817013444900513,-6.964682944869995
2026-09-11T17:39:18.908,19.213689887999976,-106.90714263916016,-9621.642837524414,-38486.571350097656,-73.23139270782471,-63.58965919494629,-4.086562633514404,-2.799295403957367,-6.2618454812933155,1.0638476385792295,0.0,0.18008042871952057,1475.2188720703125,64.8289543390274,0.015258789993822575,5.493164397776127,164.44189491802535,1,1789162758.090361,38.99143471833333,-76.93651292833333,-9.901000000000003,0,1,17.189315999999998,6.964320999999999,72.43712099999999,1,1,1789162758.9015913,-0.8428437768632087,-0.5318463375625031,-0.07132169895795248,0.04082960056215259,179.59121336428834,-9.41918203741203,64.53868717857509,0.05491451598597399,0.024656266342923894,0.6465799106815754,0.07668800426483155,1.3215441757965087,-9.556874782123566
2026-09-11T17:39:18.942,19.24709980800003,-107.04292297363281,-9633.863067626953,-38535.45227050781,-73.32440223693848,-63.682668724060065,-4.060736179351807,-2.7816042828559877,-6.222271570454511,0.5295170147474411,0.0,0.1796131283044815,1471.3907470703125,64.66072618961334,-0.0762939527630806,-27.465822994709015,-986.5030324057092,1,1789162758.090361,38.99143471833333,-76.93651292833333,-9.901000000000003,0,1,17.189315999999998,6.964320999999999,72.43712099999999,1,1,1789162758.9415913,-0.8499633231368745,-0.5205143843749274,-0.07074926309466746,0.040269923671057646,179.6982890878649,-9.334075600632048,62.9909265283669,-0.01342315274416319,-0.039706065949945794,0.6538563628660649,-1.6515379537391663,2.1416743288230897,-10.342779726085663
2026-09-11T17:39:18.974,19.280514175999997,-107.18277740478516,-9646.449966430664,-38585.799865722656,-73.42020252227783,-63.778469009399416,-4.16583251953125,-2.8535952758789063,-6.383310835448513,-2.15449213413193,0.0,0.1795520931482315,1470.8907470703125,64.63875353336334,-0.0457763709127903,-16.479493528604507,328.79058092959764,1,1789162758.090361,38.99143471833333,-76.93651292833333,-9.901000000000003,0,1,17.189315999999998,6.964320999999999,72.43712099999999,1,1,1789162758.9695914,-0.8547191436305573,-0.5125122735929749,-0.07055717951504863,0.0425210459288991,-179.97884210171776,-9.450662935922107,61.894290881930154,0.1413372864252764,0.053393112477010535,0.6289957184677325,0.6114446375846863,2.0005566329956053,-3.5002876422309877
2026-09-11T17:39:19.007,19.31391843199998,-107.32367706298828,-9659.130935668945,-38636.52374267578,-73.51671878814697,-63.87498527526856,-4.297310829162598,-2.9436579179763798,-6.584775228114657,-2.696142733953404,0.0,0.17745782434940338,1453.7344970703125,63.88481676578522,0.0,0.0,493.3351465338101,1,1789162758.090361,38.99143471833333,-76.93651292833333,-9.901000000000003,0,1,17.189315999999998,6.964320999999999,72.43712099999999,1,1,1789162759.0015912,-0.8601445469098993,-0.5036214706768091,-0.07038052422516675,0.03953927799394824,179.83331473428677,-9.25916871467664,60.71212237443764,-0.38127171295421647,-0.12092670802075392,0.641903824549632,-4.351602942771912,-0.9645821099090577,-8.489224779014588
2026-09-11T17:39:19.041,19.347319232000018,-107.46401977539062,-9671.761779785156,-38687.047119140625,-73.61285354614259,-63.971120033264164,-4.271516799926758,-2.925989007949829,-6.545251002035223,0.5289966116539253,0.0,0.17439843714237213,1428.6719970703125,62.78343737125397,-0.061035171151161194,-21.97266161441803,-657.8483633443801,1,1789162758.090361,38.99143471833333,-76.93651292833333,-9.901000000000003,0,1,17.189315999999998,6.964320999999999,72.43712099999999,1,1,1789162759.0295913,-0.8648782408826217,-0.49547838132573707,-0.06998756838985723,0.039856522144872675,179.97605038626486,-9.2392593203371,59.61769196591714,0.08147423841112289,-0.00691935781953152,0.6832560850500589,-2.7059489791297913,3.2135411915016174,-12.984495146656036
2026-09-11T17:39:19.076,19.380735488000028,-107.61151123046875,-9685.036010742188,-38740.14404296875,-73.7138851928711,-64.07215167999269,-4.350696563720703,-2.980227146148682,-6.666578261785698,-1.62310637669394,0.0,0.1710682064294815,1401.3907470703125,61.58455431461334,-0.2136230617761612,-76.90430223941803,-1643.85982154866,1,1789162758.090361,38.99143471833333,-76.93651292833333,-9.901000000000003,0,1,17.189315999999998,6.964320999999999,72.43712099999999,1,1,1789162759.0695913,-0.8716129405702692,-0.4836910726705402,-0.07013339154817669,0.037618285968668674,179.8683501206583,-9.128522955109329,58.06562030344107,0.08046159837911578,-0.006136054051236464,0.6607476208846392,-1.623981266784668,3.8496985874938967,-12.398547799491881
2026-09-11T17:39:19.108,19.41414556799998,-107.7569351196289,-9698.124160766602,-38792.496643066406,-73.81350055694581,-64.1717670440674,-4.325146198272705,-2.9627251458168034,-6.627427402059771,0.5238538887635981,0.0,0.1677856594324112,1374.5001220703125,60.40283739566803,-0.1525879204273224,-54.93165135383606,657.6653179403553,1,1789162759.078705,38.99143723833333,-76.93649561666666,-9.911000000000001,0,1,22.992024999999998,12.292035999999998,123.01028099999998,1,1,1789162759.1015913,-0.8767299601698069,-0.4741344762313593,-0.07149361005982516,0.03781189112008389,179.91329248516007,-9.277543591576114,56.81597087849762,-0.06490128996588554,-0.01426335424607326,0.6478121131334833,4.994330794372559,-1.7624511670684813,-2.4472495478630067
2026-09-11T17:39:19.142,19.44755600000002,-107.90287017822266,-9711.258316040039,-38845.033264160156,-73.91346607208253,-64.27173255920411,-4.352118015289307,-2.9812008404731754,-6.668756353957525,-0.5529917917957572,0.0,0.16466142237186432,1348.9063720703125,59.278112053871155,-0.1983642876148224,-71.41114354133606,-493.2439121852913,1,1789162759.078705,38.99143723833333,-76.93649561666666,-9.911000000000001,0,1,22.992024999999998,12.292035999999998,123.01028099999998,1,1,1789162759.1415913,-0.8831416074927655,-0.4621966753594559,-0.07171617022379757,0.03594336281139251,179.8370282858072,-9.20091043154805,55.2641962688265,-0.04848769008135527,-0.021882414562729307,0.658047596531804,0.35911952892303467,1.2248506052017212,-12.81709562839508
2026-09-11T17:39:19.174,19.481025215999978,-108.04796600341797,-9724.316940307617,-38897.26776123047,-74.01285671234132,-64.3711231994629,-4.353353500366211,-2.9820471477508548,-6.670649489421196,-0.025286139886888777,0.0,0.16316033899784088,1336.6094970703125,58.73772203922272,-0.1068115383386612,-38.45215380191803,984.7553566674437,1,1789162759.078705,38.99143723833333,-76.93649561666666,-9.911000000000001,0,1,22.992024999999998,12.292035999999998,123.01028099999998,1,1,1789162759.1695912,-0.8875302132478706,-0.45365762576140506,-0.07233645140635546,0.03538809063301397,179.8365373799554,-9.236483806474931,54.160545592026224,-0.03159778984395574,0.0204671270722871,0.6342303099603138,3.6347368159484867,1.9272028897857667,-8.720269456825257
2026-09-11T17:39:19.208,19.514432736000003,-108.19868469238281,-9737.881622314453,-38951.52648925781,-74.11609901428223,-64.47436550140381,-4.485235691070557,-3.0723864483833316,-6.872732749604796,-2.7041606390539448,0.0,0.16282464563846588,1333.8594970703125,58.61687242984772,-0.0762939527630806,-27.465822994709015,328.85801781157573,1,1789162759.078705,38.99143723833333,-76.93649561666666,-9.911000000000001,0,1,22.992024999999998,12.292035999999998,123.01028099999998,1,1,1789162759.2015913,-0.8921974444559451,-0.4442746621147962,-0.07341319054166395,0.034846063817277645,179.82278742269472,-9.320712979397257,52.95697313167263,-0.0357967029584037,0.09364511741698016,0.6622897938117015,3.474005819797516,-1.9796684681510925,-9.110966399269104
2026-09-11T17:39:19.243,19.54784598399999,-108.35162353515625,-9751.646118164062,-39006.58447265625,-74.22086212158203,-64.57912860870361,-4.51228666305542,-3.090916364192963,-6.914182990768073,-0.5545679309487633,0.0,0.16287042200565338,1334.2344970703125,58.63335192203522,-0.0762939527630806,-27.465822994709015,0.0,1,1789162759.078705,38.99143723833333,-76.93649561666666,-9.911000000000001,0,1,22.992024999999998,12.292035999999998,123.01028099999998,1,1,1789162759.2415912,-0.898146928636695,-0.4322471860020494,-0.0741083131396643,0.03166105963758348,179.58241740873848,-9.235403462937185,51.43354762508021,0.03159429918545175,-0.06348478074496694,0.660330836259263,-0.8466081084632874,0.9006427508544922,-5.959991635799408
2026-09-11T17:39:19.276,19.581256896000014,-108.50712585449219,-9765.641326904297,-39062.56530761719,-74.32738121032716,-64.68564769744873,-4.6432414054870605,-3.1806203627586367,-7.114845120702025,-2.684871294911508,0.0,0.16244317591190338,1330.7344970703125,58.47954332828522,0.0,0.0,822.0614568884214,1,1789162759.078705,38.99143723833333,-76.93649561666666,-9.911000000000001,0,1,22.992024999999998,12.292035999999998,123.01028099999998,1,1,1789162759.2695913,-0.9022854855924552,-0.42371642959619027,-0.07369515358671895,0.03023762750735645,179.54238198342958,-9.126369588762639,50.3463526881422,-0.005863957220850548,-0.03651124075417018,0.6911786581236368,-5.5473277969932555,0.06325289354324341,-11.515753151931763
2026-09-11T17:39:19.308,19.61466556800002,-108.66185760498047,-9779.567184448242,-39118.26873779297,-74.43337245941163,-64.79163894653321,-4.643231391906738,-3.180613503456116,-7.1148297768792785,0.00020531503079930483,0.0,0.16066743433475494,1316.1876220703125,57.84027636051178,-0.1678466945886612,-60.42481005191803,-1808.6564485982808,1,1789162759.078705,38.99143723833333,-76.93649561666666,-9.911000000000001,0,1,22.992024999999998,12.292035999999998,123.01028099999998,1,1,1789162759.3015914,-0.9071042786755156,-0.41379496075044137,-0.07178332794589769,0.027976988671488012,179.49838837616642,-8.823050876123432,49.08092207078796,-0.11464648977330272,0.0015713199255704949,0.6627098945626565,-2.0365470390892026,-0.03412714256286621,-5.330600828418731
2026-09-11T17:39:19.342,19.64807126400001,-108.81910705566406,-9793.719635009766,-39174.87854003906,-74.54108833312989,-64.89935482025147,-4.695742607116699,-3.216583685874939,-7.195292783363761,-1.0767679385825533,0.0,0.15920640528202057,1304.2188720703125,57.314305901527405,-0.0305175818502903,-10.986329466104507,1479.9416418634305,1,1789162759.078705,38.99143723833333,-76.93649561666666,-9.911000000000001,0,1,22.992024999999998,12.292035999999998,123.01028099999998,1,1,1789162759.3415914,-0.9129883254763849,-0.4007548279989657,-0.0709448554919957,0.028543175341333223,179.72498499646696,-8.767269460860163,47.419079948449465,-0.05539605232659922,-0.015932936208531034,0.692877387084603,-0.38824527990341184,-1.7657854281234742,-8.825102547054291
2026-09-11T17:39:19.375,19.681479264000018,-108.97554016113281,-9807.798614501953,-39231.19445800781,-74.64824501037599,-65.00651149749757,-4.670398712158203,-3.199223117828369,-7.156458298649708,0.5196530186352186,0.0,0.15487481653690338,1268.7344970703125,55.75493395328522,-0.09155276417732239,-32.95899510383606,-657.7067061100914,1,1789162759.078705,38.99143723833333,-76.93649561666666,-9.911000000000001,0,1,22.992024999999998,12.292035999999998,123.01028099999998,1,1,1789162759.3695912,-0.9168680033979498,-0.3916364573890902,-0.07164480014249527,0.028999520708494847,179.8295159191659,-8.864149988212949,46.27232347068584,0.02920424530777072,0.14954277737060256,0.6784108765135975,-2.120884230480194,-2.8109782023620604,-12.877504593391418
2026-09-11T17:39:19.408,19.714891072,-109.13037872314453,-9821.734085083008,-39286.93634033203,-74.75430942535401,-65.11257591247559,-4.645378112792969,-3.182084007263184,-7.118119200212913,0.5129656726506447,0.0,0.15141679346561432,1240.4063720703125,54.510045647621155,-0.1831054985523224,-65.91797947883606,-986.4471977995686,1,1789162759.078705,38.99143723833333,-76.93649561666666,-9.911000000000001,0,1,22.992024999999998,12.292035999999998,123.01028099999998,1,1,1789162759.4015913,-0.9211299809273755,-0.38175055244099715,-0.07020583529559495,0.029278228057277724,-179.98053050635102,-8.724956018773847,45.02038936741339,0.027249825611387467,-0.009964433765486025,0.6472164322597775,-4.183124692993164,-3.6347368159484867,-6.20505982334137
2026-09-11T17:39:19.443,19.748302048000028,-109.2828369140625,-9835.455322265625,-39341.8212890625,-74.85874328613282,-65.2170097732544,-4.543080806732178,-3.112010352611542,-6.961368899005768,2.097324383806824,0.0,0.14767076075077057,1209.7188720703125,53.161473870277405,-0.1373291313648224,-49.43848729133606,493.2358811513463,1,1789162759.078705,38.99143723833333,-76.93649561666666,-9.911000000000001,0,1,22.992024999999998,12.292035999999998,123.01028099999998,1,1,1789162759.4415913,-0.9258036827313343,-0.3699267690278892,-0.07166260383761035,0.030103119587505712,-179.8422887391601,-8.914644850111028,43.548402802162386,-0.10189389252775576,-0.005223072319518231,0.5893140871273146,4.691403370876312,2.2512146111297606,-4.601280255889892
2026-09-11T17:39:19.475,19.781710464000014,-109.43095397949219,-9848.785858154297,-39395.14343261719,-74.96020347595216,-65.31846996307374,-4.466195583343506,-3.059343974590302,-6.843557566639,1.5764404400753944,0.0,0.14278985559940338,1169.7344970703125,51.40434801578522,0.0,0.0,1479.821350744573,1,1789162759.078705,38.99143723833333,-76.93649561666666,-9.911000000000001,0,1,22.992024999999998,12.292035999999998,123.01028099999998,1,1,1789162759.4695914,-0.9289695009063192,-0.3622050397306958,-0.07026823513825628,0.029758204080625513,-179.74574637961322,-8.749295743225442,42.582151900001044,-0.03579391043160051,0.01519885072514222,0.5553758107564344,-2.811272401866913,0.2520309091567993,-5.7003115395164485
2026-09-11T17:39:19.509,19.815116448000026,-109.58023071289062,-9862.220764160156,-39448.883056640625,-75.06245803833008,-65.42072452545166,-4.466895580291748,-3.0598234724998474,-6.844630172914827,-0.014353653212110554,0.0,0.13780786097049713,1128.9219970703125,49.61082994937897,-0.0915527492761612,-32.95898973941803,-986.6193356078338,1,1789162759.078705,38.99143723833333,-76.93649561666666,-9.911000000000001,0,1,22.992024999999998,12.292035999999998,123.01028099999998,1,1,1789162759.5015912,-0.9321134515993632,-0.3534276664313724,-0.07344792685293455,0.02930528944409205,-179.8424924778325,-9.069835475571674,41.51776399360699,-0.1490341884265714,0.07243203662239067,0.6074138496021966,6.503574254264832,2.8049961457633974,-10.536363000278474
2026-09-11T17:39:19.542,19.848515487999975,-109.72708892822266,-9875.438003540039,-39501.752014160156,-75.16305591583253,-65.52132240295411,-4.390165328979492,-3.0072632503509524,-6.727056304471522,1.5737045780050796,0.0,0.136171355843544,1115.5157470703125,49.02168810367584,-0.1373291164636612,-49.43848192691803,-493.41215159253113,1,1789162759.078705,38.99143723833333,-76.93649561666666,-9.911000000000001,0,1,22.992024999999998,12.292035999999998,123.01028099999998,1,1,1789162759.5415914,-0.9361107552588839,-0.3422655097582925,-0.07603299546841663,0.027748122794846015,179.99440849612031,-9.28497695540794,40.167807142011384,-0.20300378315551565,-0.02646163492118683,0.5678330982925439,3.8177289079666137,3.5144092184638978,-7.526211733131409
2026-09-11T17:39:19.576,19.881923391999976,-109.87919616699219,-9889.127655029297,-39556.51062011719,-75.26724937438965,-65.62551586151123,-4.547672271728516,-3.1151555061340335,-6.968404407064312,-3.2295427987065306,0.0,0.13254357874393463,1085.7969970703125,47.71568834781647,-0.3051758110523224,-109.86329197883606,-1808.6980270272852,1,1789162759.078705,38.99143723833333,-76.93649561666666,-9.911000000000001,0,1,22.992024999999998,12.292035999999998,123.01028099999998,1,1,1789162759.5695913,-0.9388275457557004,-0.33475354258447027,-0.07693157865584142,0.024988742725388136,179.7337596490257,-9.275458747377277,39.27056219319873,-0.11207352539001268,0.030935088326973496,0.543145241490159,-13.766477430553437,-4.796628727111816,-13.950155988082885
2026-09-11T17:39:19.610,19.91534486400002,-110.02269744873047,-9902.042770385742,-39608.17108154297,-75.36554775238038,-65.72381423950196,-4.289321422576904,-2.9381851744651795,-6.572533049537348,5.29510883508139,0.0,0.12435342371463776,1018.7032470703125,44.76723253726959,-0.0457763709127903,-16.479493528604507,2794.1258377282384,1,1789162759.078705,38.99143723833333,-76.93649561666666,-9.911000000000001,0,1,22.992024999999998,12.292035999999998,123.01028099999998,1,1,1789162759.6015913,-0.9417746329373853,-0.3256435827260138,-0.0800433309715384,0.02469540345894134,179.67363977023007,-9.604684236408518,38.17578940538984,-0.10653332674540708,-0.005305277327287164,0.5122386020299929,3.4564519160079956,1.5178733120346068,-9.133717827644348
2026-09-11T17:39:19.642,19.948748223999985,-110.16239166259766,-9914.615249633789,-39658.460998535156,-75.4612382888794,-65.81950477600098,-4.21221399307251,-2.8853665852546695,-6.454381230437246,1.5812358161144335,0.0,0.12504197657108307,1024.3438720703125,45.015111565589905,0.01525880303233862,5.493169091641903,657.7979766187887,1,1789162759.078705,38.99143723833333,-76.93649561666666,-9.911000000000001,0,1,22.992024999999998,12.292035999999998,123.01028099999998,1,1,1789162759.6415913,-0.9455392270674867,-0.31492837031822596,-0.0784267408550337,0.02499875925288713,179.87669044075238,-9.442443950561135,36.8526615410205,-0.16220130136946703,-0.17163794756914996,0.5605124892779789,-1.0501941658210754,-2.363010422973633,-11.6464757985878
2026-09-11T17:39:19.676,19.982147392,-110.3038330078125,-9927.344970703125,-39709.3798828125,-75.55812561035157,-65.91639209747315,-4.239943027496338,-2.904360973834992,-6.496870467597953,-0.5687084355009322,0.0,0.12381555140018463,1014.2969970703125,44.57359850406647,-0.1983642727136612,-71.41113817691803,-2302.5815274356946,1,1789162759.078705,38.99143723833333,-76.93649561666666,-9.911000000000001,0,1,22.992024999999998,12.292035999999998,123.01028099999998,1,1,1789162759.6695945,-0.9482914077721868,-0.306947038507712,-0.07751105911500335,0.022780632380592546,179.74582998195444,-9.264424280911639,35.8924995889972,-0.06964265141185333,-0.09692686000950508,0.5607454907331202,-0.021966896362304686,0.5299513747406006,-12.124549993972778
2026-09-11T17:39:19.710,20.015568127999984,-110.44499969482422,-9940.04997253418,-39760.19989013672,-75.65482479095459,-66.01309127807617,-4.240208148956299,-2.9045425820350648,-6.4972767135716305,-0.0054339976256972365,0.0,0.1255054622888565,1028.1407470703125,45.18196642398834,0.1220703274011612,43.94531786441803,3451.643196648846,1,1789162759.078705,38.99143723833333,-76.93649561666666,-9.911000000000001,0,1,22.992024999999998,12.292035999999998,123.01028099999998,1,1,1789162759.7015946,-0.9510333384708834,-0.29850928629591006,-0.07728902633130422,0.021312004147695112,179.67461274688839,-9.191372452154411,34.878099303047975,-0.17616271365494526,-0.06389004619728002,0.5220260594093268,0.07766866928100585,3.9162857420921324,-8.8178456259346
2026-09-11T17:39:19.743,20.04898595200001,-110.58680725097656,-9952.81265258789,-39811.25061035156,-75.75196296691895,-66.11022945404054,-4.214000225067139,-2.88659015417099,-6.457118276151993,0.5372111560603361,0.0,0.12635041773319244,1035.0626220703125,45.48615038394928,-0.0762939527630806,-27.465822994709015,-2136.9177376442103,1,1789162759.078705,38.99143723833333,-76.93649561666666,-9.911000000000001,0,1,22.992024999999998,12.292035999999998,123.01028099999998,1,1,1789162759.7415946,-0.9546519857535314,-0.28711965448737703,-0.07587536957160897,0.021090718249041948,179.80843229155755,-9.031663169565263,33.49333787184029,-0.05021923123225884,-0.10611828744928282,0.5682612275580582,0.8404299188613892,-1.6750739141273499,-12.069044354057311
2026-09-11T17:39:19.776,20.082393376000027,-110.72956848144531,-9965.661163330078,-39862.64465332031,-75.84975440979005,-66.20802089691162,-4.267242908477783,-2.923061392307282,-6.538702112355223,-1.091710577154119,0.0,0.12614823877811432,1033.4063720703125,45.413365960121155,0.0457763746380806,16.479494869709015,1315.4356907133788,1,1789162759.078705,38.99143723833333,-76.93649561666666,-9.911000000000001,0,1,22.992024999999998,12.292035999999998,123.01028099999998,1,1,1789162759.7695947,-0.9569410564054708,-0.2797025378969181,-0.07513227057771851,0.019632798512724092,179.7416612916535,-8.903862979562557,32.606146224022744,-0.05028520467798423,-0.13735025628202055,0.555228504967566,5.575374816455841,0.7256921119689941,-7.473942287769318
2026-09-11T17:39:19.809,20.115798687999984,-110.87150573730469,-9978.435516357422,-39913.74206542969,-75.94698143005371,-66.3052479171753,-4.26869010925293,-2.924052724838257,-6.540919660071255,-0.029675894988690724,0.0,0.12596513330936432,1031.9063720703125,45.347447991371155,-0.03051757998764515,-10.986328795552254,-822.1992857093177,1,1789162759.078705,38.99143723833333,-76.93649561666666,-9.911000000000001,0,1,22.992024999999998,12.292035999999998,123.01028099999998,1,1,1789162759.8015945,-0.9595245755442794,-0.27152429400534484,-0.07232210790120279,0.018885428250271515,179.82429611887463,-8.571609280588513,31.61385383869947,0.05976007358828584,-0.0093261668580317,0.5241761305148587,3.4693966942214964,2.496675064678192,-0.27674366756439206
2026-09-11T17:39:19.843,20.14920563200002,-111.01549530029297,-9991.394577026367,-39965.57830810547,-76.04561428070069,-66.40388076782227,-4.321810245513916,-2.9604400181770325,-6.622315717110391,-1.0892134682758612,0.0,0.12459374964237213,1020.6719970703125,44.85374987125397,-0.1068115308880806,-38.452151119709015,-822.1590793856542,1,1789162759.078705,38.99143723833333,-76.93649561666666,-9.911000000000001,0,1,22.992024999999998,12.292035999999998,123.01028099999998,1,1,1789162759.8415947,-0.9625814758388397,-0.26094813619417573,-0.07128871143463324,0.016152158081713004,179.64615892067113,-8.376203096261378,30.361660236233753,-0.1494045472938446,-0.1849504464387367,0.5504546803975112,-2.06606505607605,2.446661148853302,-5.551152390556336
2026-09-11T17:39:19.877,20.182606080000028,-111.16185760498047,-10004.567184448242,-40018.26873779297,-76.14587245941162,-66.5041389465332,-4.400158405303955,-3.0141085076332095,-6.742368708914652,-1.6068194491332142,0.0,0.12225724756717682,1001.5313720703125,44.012609124183655,-0.0915527492761612,-32.95898973941803,164.46370360929023,1,1789162759.078705,38.99143723833333,-76.93649561666666,-9.911000000000001,0,1,22.992024999999998,12.292035999999998,123.01028099999998,1,1,1789162759.8695946,-0.9645844118639342,-0.25354495535933463,-0.07133689826459695,0.014244821758381428,179.49658073149882,-8.328264530258128,29.491216470477067,-0.025689850325954933,-0.11818462123294564,0.5267447315750187,-3.966986123428345,-2.5503174410629272,-12.717165863246919
2026-09-11T17:39:19.911,20.216024160000018,-111.31168365478516,-10018.051528930664,-40072.206115722656,-76.24850330352784,-66.60676979064942,-4.453278541564941,-3.050495800971985,-6.823764765953788,-1.0888505066355225,0.0,0.1150379329919815,942.3907470703125,41.41365587711334,-0.1373291313648224,-49.43848729133606,-493.13118982069,1,1789162759.078705,38.99143723833333,-76.93649561666666,-9.911000000000001,0,1,22.992024999999998,12.292035999999998,123.01028099999998,1,1,1789162759.9015946,-0.9667655930636545,-0.24545952575169724,-0.07036667128709859,0.012745228832992587,179.42686911719164,-8.181713454858427,28.53345732786977,-0.00037472219040318255,-0.07299787236588724,0.49710467755302495,-3.983559362201691,1.1273725025939942,-12.688138178768158
2026-09-11T17:39:19.944,20.249432608000006,-111.46275329589844,-10031.64779663086,-40126.59118652344,-76.35198600769044,-66.71025249481201,-4.506113052368164,-3.0866874408721925,-6.904723158715527,-1.0833080273654059,0.0,0.1135425716638565,930.1407470703125,40.87532579898834,-0.03051757998764515,-10.986328795552254,1150.971110534579,1,1789162759.078705,38.99143723833333,-76.93649561666666,-9.911000000000001,0,1,22.992024999999998,12.292035999999998,123.01028099999998,1,1,1789162759.9415946,-0.969446381894378,-0.23520962913408744,-0.06885982906855236,0.010414746043681753,179.29418517208168,-7.955915112436003,27.32454336030449,0.07459118344003286,-0.06744650361406887,0.4984663834354309,0.6711671370697021,0.718140991344452,-9.182358812446594
2026-09-11T17:39:19.977,20.282848160000015,-111.6192398071289,-10045.731582641602,-40182.926330566406,-76.4591792678833,-66.81744575500488,-4.663577556610107,-3.1945506262779237,-7.146006232726199,-3.2279336700978347,0.0,0.11162187159061432,914.4063720703125,40.183873772621155,-0.015258789993822575,-5.493164397776127,164.3894554779401,1,1789162759.078705,38.99143723833333,-76.93649561666666,-9.911000000000001,0,1,22.992024999999998,12.292035999999998,123.01028099999998,1,1,1789162759.9695947,-0.971328643943952,-0.22811246306111305,-0.06636880002317123,0.008975078477649206,179.25749635629575,-7.644516672356928,26.481965192065672,0.013182995439088768,-0.09069306752015693,0.49460204993859025,-1.6303555893898012,0.28311799016952516,-10.023180997314453
2026-09-11T17:39:20.010,20.31625267200002,-111.77556610107422,-10059.80094909668,-40239.20379638672,-76.56626277923584,-66.92452926635742,-4.742397785186768,-3.248542482852936,-7.26678257617424,-1.616304305687969,0.0,0.1106567531824112,906.5001220703125,39.83643114566803,0.0,0.0,164.4437852519876,1,1789162759.078705,38.99143723833333,-76.93649561666666,-9.911000000000001,0,1,22.992024999999998,12.292035999999998,123.01028099999998,1,1,1789162760.0015945,-0.9731920833820376,-0.22050453181236174,-0.0650762186456568,0.006325034349557373,179.0530110233976,-7.437968200053734,25.59444550498549,-0.062053610758331594,-0.10325699467356333,0.4705582196301912,-0.7655071116256714,2.3123100416374207,-11.447008534297943
2026-09-11T17:39:20.043,20.349653792000026,-111.94156646728516,-10074.740982055664,-40298.963928222656,-76.67997303009034,-67.03823951721192,-5.0042901039123535,-3.4279387211799626,-7.668080532346006,-5.370964755881994,0.0,0.109682098031044,898.5157470703125,39.48555529117584,-0.0457763746380806,-16.479494869709015,-493.38150546164934,1,1789162759.078705,38.99143723833333,-76.93649561666666,-9.911000000000001,0,1,22.992024999999998,12.292035999999998,123.01028099999998,1,1,1789162760.0415945,-0.9756705445145198,-0.20981971218951553,-0.06348611076623745,0.0034915158922939403,178.85482358774635,-7.200866307323549,24.345493940877848,-0.10971034958281237,-0.049986404310042795,0.5309392813663366,-2.4902026755714415,0.7434421487617493,-10.000821834945679
2026-09-11T17:39:20.078,20.383069567999996,-112.09978485107422,-10088.98063659668,-40355.92254638672,-76.78835262298584,-67.14661911010742,-4.667017936706543,-3.1969072866439823,-7.151277931827082,6.913843166059918,0.0,0.10990716516971588,900.3594970703125,39.56657946109772,-0.03051757998764515,-10.986328795552254,164.38840367381334,1,1789162759.078705,38.99143723833333,-76.93649561666666,-9.911000000000001,0,1,22.992024999999998,12.292035999999998,123.01028099999998,1,1,1789162760.0695946,-0.9769561086537258,-0.2034487330455306,-0.06425340376814029,0.006072469888465296,179.17503032525755,-7.3549816872764815,23.580182331559353,0.1990211163353898,0.00029251718263424963,0.43793312898851156,1.1540465910339357,-1.7566652434730532,2.3954704350090026
2026-09-11T17:39:20.111,20.416488351999988,-112.25848388671875,-10103.263549804688,-40413.05419921875,-76.89706146240235,-67.25532794952393,-4.720366477966309,-3.2334510374069216,-7.233023974156492,-1.0935092899534842,0.0,0.10883332788944244,891.5626220703125,39.17999804019928,0.015258789993822575,5.493164397776127,493.12067109720874,1,1789162760.0779464,38.99143135166667,-76.93647998333333,-10.182000000000002,0,1,22.992024999999998,12.285025,123.01028099999998,1,1,1789162760.1015947,-0.9785885241135509,-0.19554694024690883,-0.06381146965026085,0.007347855088933817,179.38906608025007,-7.340404063098869,22.639825708808395,-0.22578783480982523,0.02576559761549149,0.44449748683818746,-2.966707806930542,-3.063695577030182,-14.368507683982848
2026-09-11T17:39:20.143,20.449889600000006,-112.41289520263672,-10117.160568237305,-40468.64227294922,-77.00283321380616,-67.36109970092774,-4.6687517166137695,-3.1980949258804325,-7.153934605136965,1.0585266612334279,0.0,0.10759736597537994,881.4376220703125,38.73505175113678,0.0,0.0,-164.45985484653494,1,1789162760.0779464,38.99143135166667,-76.93647998333333,-10.182000000000002,0,1,22.992024999999998,12.285025,123.01028099999998,1,1,1789162760.1415946,-0.9804580487395773,-0.1854149891600932,-0.06518388345978222,0.008623096522984132,179.58024046724958,-7.5284127118902555,21.445166266405263,-0.09195581323397484,-0.08213659086225475,0.44766630662810836,1.003514511051178,-0.36804358057022096,-10.682580154190065
2026-09-11T17:39:20.177,20.48329024000003,-112.56195831298828,-10130.576248168945,-40522.30499267578,-77.10494144439699,-67.46320793151855,-4.486442565917969,-3.0732131576538086,-6.874582045574904,3.7389034529437453,0.0,0.10833360254764557,887.4688720703125,39.000096917152405,0.01525880303233862,5.493169091641903,164.46298908158096,1,1789162760.0779464,38.99143135166667,-76.93647998333333,-10.182000000000002,0,1,22.992024999999998,12.285025,123.01028099999998,1,1,1789162760.1695945,-0.9817393255919978,-0.1786208322782927,-0.06458262783684166,0.010563098222929113,179.86527915166027,-7.503120540441515,20.63239825958704,0.0332740040575711,0.1261075433723739,0.4930537683591461,14.781661855297088,-3.5548126171302794,-5.830641920166015
2026-09-11T17:39:20.210,20.516698399999996,-112.70716094970703,-10143.644485473633,-40574.57794189453,-77.20440525054933,-67.5626717376709,-4.331161022186279,-2.9668453001976016,-6.636643924923046,3.183888530715809,0.0,0.10883523523807526,891.5782470703125,39.18068468570709,0.045776382088661194,16.47949755191803,328.85164763002985,1,1789162760.0779464,38.99143135166667,-76.93647998333333,-10.182000000000002,0,1,22.992024999999998,12.285025,123.01028099999998,1,1,1789162760.2015946,-0.9830275962383231,-0.17132361894678994,-0.06451113874821866,0.01196977870671464,-179.91743169665747,-7.5235604649237,19.76717567478287,0.035995495960205855,-0.04036265881454606,0.5109332702824264,10.792904968509674,1.897096473789215,-4.693560833911896
2026-09-11T17:39:20.244,20.55009766400002,-112.84951782226562,-10156.456604003906,-40625.826416015625,-77.30191970825196,-67.66018619537354,-4.253746509552002,-2.9138163590431216,-6.518021561925372,1.5877278359918585,0.0,0.109010711312294,893.0157470703125,39.24385607242584,-0.1068115308880806,-38.452151119709015,-1644.6963822791556,1,1789162760.0779464,38.99143135166667,-76.93647998333333,-10.182000000000002,0,1,22.992024999999998,12.285025,123.01028099999998,1,1,1789162760.2415946,-0.9846828312389625,-0.16231520496034568,-0.062218549881764666,0.013503634788897467,-179.63057145249246,-7.291344589105122,18.697392660513383,-0.022677062971162322,-0.26665314844894566,0.4270761338435557,-8.251413512592315,-0.4195284939193725,-3.9445288945579526
2026-09-11T17:39:20.278,20.58350624000002,-112.9922866821289,-10169.305801391602,-40677.223205566406,-77.3997163772583,-67.75798286437988,-4.228466510772705,-2.8964995598793033,-6.47928498541361,0.5183339500557783,0.0,0.10955239832401276,897.4532470703125,39.43886339664459,0.1373291164636612,49.43848192691803,2630.7805830044576,1,1789162760.0779464,38.99143135166667,-76.93647998333333,-10.182000000000002,0,1,22.992024999999998,12.285025,123.01028099999998,1,1,1789162760.2695947,-0.9857390649590846,-0.15577366927070405,-0.06211944578174008,0.0139367941543407,-179.53079698812192,-7.2852410431867165,17.93020215317502,0.04717083916072554,0.032695951009310574,0.46673315604152044,4.287761650218964,1.7810838023757936,-4.826342877101898
2026-09-11T17:39:20.311,20.61692515200002,-113.13158416748047,-10181.842575073242,-40727.37030029297,-77.49513515472412,-67.8534016418457,-4.151788234710693,-2.843974940776825,-6.361790758716943,1.5717034445189355,0.0,0.11014749109745026,902.3282470703125,39.65309679508209,-0.015258789993822575,-5.493164397776127,-1643.7293447701413,1,1789162760.0779464,38.99143135166667,-76.93647998333333,-10.182000000000002,0,1,22.992024999999998,12.285025,123.01028099999998,1,1,1789162760.3015945,-0.9868892839807194,-0.14846175025615418,-0.06174519583939086,0.014006450858715476,-179.46216349494696,-7.240251756900808,17.07614418328836,-0.08760523100752857,0.037649719025246074,0.4221745511722548,-1.8377662403106692,-4.107319287242889,-10.51547483543396
2026-09-11T17:39:20.344,20.650330208000014,-113.26351928710938,-10193.716735839844,-40774.866943359375,-77.58551071166993,-67.94377719879151,-4.048563480377197,-2.7732659840583804,-6.203619327260149,2.1167142099226215,0.0,0.10945703089237213,896.6719970703125,39.40453112125397,-0.030517593026161194,-10.98633348941803,-164.44124780521742,1,1789162760.0779464,38.99143135166667,-76.93647998333333,-10.182000000000002,0,1,22.992024999999998,12.285025,123.01028099999998,1,1,1789162760.3415947,-0.9881048679535736,-0.13919102023640337,-0.06379844355744992,0.014296447518432948,-179.3936663306871,-7.473000529612265,15.997012505152174,-0.05470088768552988,-0.055544405313018734,0.4424350312611058,0.3294053789329529,0.9607575163459778,-1.3269378333854676
2026-09-11T17:39:20.377,20.683734496,-113.39698028564453,-10205.728225708008,-40822.91290283203,-77.67693149566651,-68.03519798278809,-3.971811294555664,-2.72069073677063,-6.086011848538447,1.5739071369452011,0.0,0.110170379281044,902.5157470703125,39.66133654117584,-0.0610351637005806,-21.972658932209015,-328.88967556487694,1,1789162760.0779464,38.99143135166667,-76.93647998333333,-10.182000000000002,0,1,22.992024999999998,12.285025,123.01028099999998,1,1,1789162760.3695946,-0.9889883561676992,-0.13297243645194973,-0.06310520826225104,0.015430333726861907,-179.20620156290306,-7.407433300316547,15.263944547512953,0.09553199287131123,-0.05180957524667607,0.43350121441892236,-7.959567603778839,2.3760532676887514,-14.054792945308686
2026-09-11T17:39:20.411,20.717144863999977,-113.53225708007812,-10217.903137207031,-40871.612548828125,-77.76959609985352,-68.1278625869751,-3.9993016719818115,-2.739521645307541,-6.128135391257019,-0.5636246968882189,0.0,0.11491967737674713,941.4219970703125,41.37108385562897,0.07629397511482239,27.46583104133606,1479.7349724965306,1,1789162760.0779464,38.99143135166667,-76.93647998333333,-10.182000000000002,0,1,22.992024999999998,12.285025,123.01028099999998,1,1,1789162760.4015946,-0.9899210880407004,-0.12512033100439848,-0.06429010870048248,0.01636838858731916,-179.05678209520687,-7.549362145099117,14.34508538879705,-0.029851936993185814,-0.08668491889295198,0.4952073301231819,2.419692860908508,1.143259275856018,-11.974704379501341
2026-09-11T17:39:20.444,20.75054640000002,-113.66553497314453,-10229.898147583008,-40919.59259033203,-77.86089145660401,-68.21915794372559,-3.974705934524536,-2.7226735651493073,-6.090447309299624,0.5044103408361982,0.0,0.12108232080936432,991.9063720703125,43.589635491371155,0.3051758110523224,109.86329197883606,2466.876401653985,1,1789162760.0779464,38.99143135166667,-76.93647998333333,-10.182000000000002,0,1,22.992024999999998,12.285025,123.01028099999998,1,1,1789162760.4415946,-0.9911988877532402,-0.1147360012122789,-0.06336924283568676,0.01856755247703113,-178.71319843116865,-7.462876431239108,13.121820777445757,0.06202271843057129,-0.12315479534384989,0.5272795004578297,1.404802635669708,-0.15700446908950805,-12.322840460243226
2026-09-11T17:39:20.479,20.783963200000017,-113.80020141601562,-10242.018127441406,-40968.072509765625,-77.95313796997071,-68.3114044570923,-4.002853870391846,-2.7419549012184143,-6.133578429711908,-0.5769952858774157,0.0,0.12748529016971588,1044.3594970703125,45.89470446109772,0.12207034230232239,43.94532322883606,-1972.599672919147,1,1789162760.0779464,38.99143135166667,-76.93647998333333,-10.182000000000002,0,1,22.992024999999998,12.285025,123.01028099999998,1,1,1789162760.4695947,-0.9920299861453907,-0.10751489893498081,-0.06330531196923682,0.01759234412619636,-178.76963775186493,-7.434021398380345,12.291062368892355,-0.060251383772722246,-0.09974364688929874,0.49220431661220043,-4.757009860458374,-1.6792907736968994,-2.5515923055839536
2026-09-11T17:39:20.511,20.817384704000006,-113.9344482421875,-10254.100341796875,-41016.4013671875,-78.04509704589844,-68.40336353302003,-4.003559112548828,-2.7424379920959474,-6.134659073228222,-0.014454492458903841,0.0,0.13383294641971588,1096.3594970703125,48.17986071109772,0.07629400491714478,27.46584177017212,-493.0801874945354,1,1789162760.0779464,38.99143135166667,-76.93647998333333,-10.182000000000002,0,1,22.992024999999998,12.285025,123.01028099999998,1,1,1789162760.5015945,-0.993068774830228,-0.09870223749380161,-0.0608119989350877,0.019343669673197412,-178.47448631841073,-7.157629249685864,11.25668616571586,0.114315924412975,-0.10600379385035201,0.5420449859297017,-5.32608976934433,-1.0154786242485048,-14.05302774827957
2026-09-11T17:39:20.544,20.850786688000028,-114.06578063964844,-10265.92025756836,-41063.68103027344,-78.13505973815919,-68.49332622528077,-3.978750228881836,-2.725443906784058,-6.096644387043788,0.5087747276292968,0.0,0.13580705225467682,1112.5313720703125,48.890538811683655,0.015258789993822575,5.493164397776127,-657.8255163639765,1,1789162760.0779464,38.99143135166667,-76.93647998333333,-10.182000000000002,0,1,22.992024999999998,12.285025,123.01028099999998,1,1,1789162760.5415945,-0.9941910371154393,-0.08751525488836727,-0.0591883707164441,0.020542605800723576,-178.23996855584832,-6.966250793586086,9.954035417377353,-0.04285498898639397,-0.1475187190370647,0.5332748809713554,0.4528711044692993,4.057207304916382,-13.90533959684372
2026-09-11T17:39:20.579,20.884192703999986,-114.1973876953125,-10277.764892578125,-41111.0595703125,-78.22521057128907,-68.58347705841065,-3.9534010887145996,-2.708079745769501,-6.05780186508925,0.5197914356078482,0.0,0.13664819300174713,1119.4219970703125,49.19334948062897,-0.03051757998764515,-10.986328795552254,-493.309145075817,1,1789162760.0779464,38.99143135166667,-76.93647998333333,-10.182000000000002,0,1,22.992024999999998,12.285025,123.01028099999998,1,1,1789162760.5695946,-0.9948954878012851,-0.0797992544347613,-0.05838690226087538,0.02014986324217051,-178.22370231742633,-6.857107931870056,9.065174683638825,0.08579043765130487,-0.016530886010264294,0.5368919013131884,-2.890510135173798,0.23045627880096436,-10.21725460401535
2026-09-11T17:39:20.612,20.917613535999976,-114.3302230834961,-10289.720077514648,-41158.880310058594,-78.31620281219483,-68.67446929931641,-3.9534387588500977,-2.708105549812317,-6.057859587089107,-0.0007720945671333444,0.0,0.1366272121667862,1119.2501220703125,49.18579638004303,0.0,0.0,328.72696872284513,1,1789162760.0779464,38.99143135166667,-76.93647998333333,-10.182000000000002,0,1,22.992024999999998,12.285025,123.01028099999998,1,1,1789162760.6095946,-0.9957438549185175,-0.06890711660990884,-0.05765347149859641,0.020544145070540438,-178.09751689497196,-6.756349918507399,7.804991250583714,0.10312958563816775,0.008244935386421213,0.5101415889337217,-8.083229462318421,0.05874183446884155,-9.921584101638793
2026-09-11T17:39:20.645,20.95102697599998,-114.46240997314453,-10301.616897583008,-41206.46759033203,-78.40675083160401,-68.7650173187256,-3.953925848007202,-2.708439205884934,-6.058605954467007,-0.009985684581310873,0.0,0.13644029200077057,1117.7188720703125,49.118505120277405,-0.015258795581758022,-5.493166409432888,-164.39990642784002,1,1789162760.0779464,38.99143135166667,-76.93647998333333,-10.182000000000002,0,1,22.992024999999998,12.285025,123.01028099999998,1,1,1789162760.6415946,-0.9963221350346819,-0.060402750824046565,-0.057833039132345894,0.018682893714247157,-178.25491597252082,-6.7477079247455425,6.835817644085844,-0.036259040677257,-0.07883617324673348,0.5169300470593537,-0.04716998727798462,2.8116646678733828,-8.54639754945755
2026-09-11T17:39:20.678,20.984431040000004,-114.59294891357422,-10313.36540222168,-41253.46160888672,-78.49617000579835,-68.85443649291993,-3.9017913341522217,-2.672727063894272,-5.978720167981096,1.0690957241201564,0.0,0.13544274866580963,1109.5469970703125,48.75938951969147,-0.045776382088661194,-16.47949755191803,-328.89205165207653,1,1789162760.0779464,38.99143135166667,-76.93647998333333,-10.182000000000002,0,1,22.992024999999998,12.285025,123.01028099999998,1,1,1789162760.6695945,-0.996927562803024,-0.05259524097382846,-0.05499610283122338,0.0185635078556095,-178.19922929671793,-6.407958404634675,5.93913319765725,0.040016385490950386,-0.1023422676125931,0.5247866466872062,-0.6871519768333434,-2.1339270751953126,-10.693563602371217
2026-09-11T17:39:20.711,21.017838240000003,-114.72160339355469,-10324.944305419922,-41299.77722167969,-78.58429832458496,-68.94256481170655,-3.877347707748413,-2.655983179807663,-5.941265165997808,0.5012058504337272,0.0,0.1356506496667862,1111.2501220703125,48.83423388004303,0.0,0.0,493.2917919465992,1,1789162760.0779464,38.99143135166667,-76.93647998333333,-10.182000000000002,0,1,22.992024999999998,12.285025,123.01028099999998,1,1,1789162760.7015946,-0.9973116032737971,-0.04422185703468991,-0.05547300302117059,0.01835045698790863,-178.17208766972126,-6.446229344895622,4.974840845103777,-0.04502321151614652,-0.10443439378695869,0.47838532319368493,-2.838338756313324,2.2263057197189333,-12.649009644622804
2026-09-11T17:39:20.745,21.051237888000003,-114.85049438476562,-10336.544494628906,-41346.177978515625,-78.67258865356446,-69.03085514068604,-3.8527026176452637,-2.639101293087006,-5.903501460914019,0.5054510371084522,0.0,0.13265611231327057,1086.7188720703125,47.756200432777405,-0.1068115383386612,-38.45215380191803,-1151.2742230672154,1,1789162760.0779464,38.99143135166667,-76.93647998333333,-10.182000000000002,0,1,22.992024999999998,12.285025,123.01028099999998,1,1,1789162760.7415946,-0.9974663163727217,-0.033687936851752476,-0.059058970011912904,0.02093104568906276,-177.81946765150954,-6.847603118573188,3.7382162396433714,-0.06413561402303562,0.07662676094663384,0.43125846633010967,0.1457268214035034,-1.1589499161148071,-11.057880655879975
2026-09-11T17:39:20.779,21.08464803200002,-114.98046112060547,-10348.241500854492,-41392.96600341797,-78.76161586761475,-69.11988235473633,-3.8526978492736816,-2.639098026752472,-5.903494154331758,9.776475473905032e-05,0.0,0.12672235071659088,1038.1094970703125,45.62004625797272,-0.1983642876148224,-71.41114354133606,-986.4964885934892,1,1789162760.0779464,38.99143135166667,-76.93647998333333,-10.182000000000002,0,1,22.992024999999998,12.285025,123.01028099999998,1,1,1789162760.7695947,-0.997634967716815,-0.026601931107468873,-0.05983572880238749,0.02089243903209765,-177.77721544330507,-6.920959244444222,2.920430158877109,-0.017395696654627483,0.18783617382398413,0.5314293698202966,11.313441959095002,-1.6704647885513304,-10.925490878696442
2026-09-11T17:39:20.813,21.118068128000004,-115.11009216308594,-10359.908294677734,-41439.63317871094,-78.85041313171388,-69.20867961883546,-3.878788709640503,-2.6569702661037446,-5.943473215156902,-0.5347752248012716,0.0,0.1201954036951065,984.6407470703125,43.27034533023834,-0.2441406548023224,-87.89063572883606,-493.10128215989596,1,1789162760.0779464,38.99143135166667,-76.93647998333333,-10.182000000000002,0,1,22.992024999999998,12.285025,123.01028099999998,1,1,1789162760.8095946,-0.9977827378099265,-0.017428001776115826,-0.06025115405166236,0.02226367710109931,-177.55605922739338,-6.950462250343036,1.8528965132348465,0.05669091209865381,-0.10703999582726102,0.46296725911449227,-6.986159508724213,-0.4080547132301331,-8.756161796417237
2026-09-11T17:39:20.846,21.15148652800002,-115.24108123779297,-10371.697311401367,-41486.78924560547,-78.94014064788819,-69.29840713500977,-3.932094097137451,-2.6934844565391542,-6.025153132916856,-1.0926373026653486,0.0,0.1193714290857315,977.8907470703125,42.97371447086334,0.1220703199505806,43.945315182209015,3945.0108596156733,1,1789162760.0779464,38.99143135166667,-76.93647998333333,-10.182000000000002,0,1,22.992024999999998,12.285025,123.01028099999998,1,1,1789162760.8415947,-0.9978096949229984,-0.009629436243953012,-0.061085806396541105,0.023486398876383152,-177.3612040050555,-7.028113315232243,0.9437659456402218,0.02255820604910151,0.050193574892254525,0.47017564345815405,-0.17642163640975952,1.6804675717163087,-11.559883077659606
2026-09-11T17:39:20.878,21.184885408000014,-115.37446594238281,-10383.701934814453,-41534.80773925781,-79.03150917053223,-69.38977565765381,-4.037476539611816,-2.7656714296340943,-6.186630792846482,-2.161359096321654,0.0,0.1196766048669815,980.3907470703125,43.08357775211334,0.01525880303233862,5.493169091641903,-1151.3004654819345,1,1789162760.0779464,38.99143135166667,-76.93647998333333,-10.182000000000002,0,1,22.992024999999998,12.285025,123.01028099999998,1,1,1789162760.8695946,-0.9979550442794274,-0.002891481431931287,-0.0596174527110724,0.02287199739021751,-177.3846511229359,-6.841510939564295,0.17565921423699882,0.03582009037038043,-0.0866126622619194,0.5098429630987056,-4.431232942085266,-1.1001100151443481,-6.1619105626297
2026-09-11T17:39:20.912,21.218294303999983,-115.510986328125,-10395.98876953125,-41583.955078125,-79.12502563476563,-69.48329212188722,-4.11674165725708,-2.8199680352211,-6.308088840419419,-1.6252140024937123,0.0,0.11983491480350494,981.6876220703125,43.14056932926178,-0.0305175818502903,-10.986329466104507,-493.26678013430035,1,1789162760.0779464,38.99143135166667,-76.93647998333333,-10.182000000000002,0,1,22.992024999999998,12.285025,123.01028099999998,1,1,1789162760.9095945,-0.9979178235305315,0.00820833093831546,-0.05947721205100245,0.02356060334401426,-177.2292957841352,-6.795152231177431,-1.1070712594417493,0.06538561883331397,0.2135464445021874,0.5395500377639758,6.385502186317444,0.6697942060470581,-5.3073590675354
2026-09-11T17:39:20.946,21.251701088000004,-115.65287017822266,-10408.758316040039,-41635.033264160156,-79.22221607208253,-69.58048255920411,-4.247982025146484,-2.909867687225342,-6.509188634630769,-2.6910597561316867,0.0,0.12199784815311432,999.4063720703125,43.919225335121155,-0.0457763709127903,-16.479493528604507,-164.4325913711552,1,1789162760.0779464,38.99143135166667,-76.93647998333333,-10.182000000000002,0,1,22.992024999999998,12.285025,123.01028099999998,1,1,1789162760.9415946,-0.9979077928757681,0.016210604912113655,-0.05871491565039359,0.0216751444369689,-177.39370527497644,-6.689077850102466,-2.0136664237877198,-0.06111636895001064,-0.025772404399574268,0.5077265768477373,0.8088525053405762,3.1442081748580932,-14.96485008031845
2026-09-11T17:39:20.980,21.285117695999986,-115.79854583740234,-10421.869125366211,-41687.476501464844,-79.32200389862061,-69.68027038574219,-4.3540849685668945,-2.982548203468323,-6.6717703191399425,-2.1749818606071702,0.0,0.12118150293827057,992.7188720703125,43.625341057777405,-0.061035171151161194,-21.97266161441803,-164.38437096357933,1,1789162760.0779464,38.99143135166667,-76.93647998333333,-10.182000000000002,0,1,22.992024999999998,12.285025,123.01028099999998,1,1,1789162760.9695947,-0.9979177802421652,0.02360415692680076,-0.05523899967312561,0.023486178221180164,-177.1466568991612,-6.265697591167723,-2.866180091503643,0.24940824824169047,-0.1393959566982831,0.5451775028711812,-9.369665830535888,0.69225143491745,-2.9931857623672484
2026-09-11T17:39:21.013,21.318536031999997,-115.94793701171875,-10435.314331054688,-41741.25732421875,-79.42433685302736,-69.78260334014894,-4.432962894439697,-3.0365795826911928,-6.792635072233334,-1.6168183605207564,0.0,0.1211395412683487,992.3751220703125,43.61023485660553,0.015258795581758022,5.493166409432888,821.8789835568653,1,1789162760.0779464,38.99143135166667,-76.93647998333333,-10.182000000000002,0,1,22.992024999999998,12.285025,123.01028099999998,1,1,1789162761.0095947,-0.9976732412202787,0.03439060339992377,-0.05436207232654647,0.022586616461436084,-177.18629981195278,-6.137660999512502,-4.099379947062369,0.03038618227722128,-0.06430613269095548,0.5680048386909402,-4.207739384899139,-1.6084867595291137,-4.214113707504272
2026-09-11T17:39:21.045,21.351941023999984,-116.09363555908203,-10448.427200317383,-41793.70880126953,-79.52414035797119,-69.88240684509277,-4.406723499298096,-3.018605597019196,-6.7524284113707775,0.5380628641373093,0.0,0.1188526302576065,973.6407470703125,42.78694689273834,-0.0762939602136612,-27.46582567691803,-986.6487046715566,1,1789162760.0779464,38.99143135166667,-76.93647998333333,-10.182000000000002,0,1,22.992024999999998,12.285025,123.01028099999998,1,1,1789162761.0415945,-0.99735215391167,0.04337061630727547,-0.05266467305846451,0.025181400686310338,-176.84198318881286,-5.904242190075026,-5.142863217081408,-0.024107709359022077,-0.06697142499167602,0.5296072460812146,-2.8008773526954647,0.11473780689239502,-3.6120834540748596
2026-09-11T17:39:21.079,21.385346528000014,-116.24641418457031,-10462.177276611328,-41848.70910644531,-79.62879371643066,-69.98706020355225,-4.485006809234619,-3.0722296643257145,-6.872382033656297,-1.6052464679614327,0.0,0.11752130091190338,962.7344970703125,42.30766832828522,0.0,0.0,822.1946202905324,1,1789162761.0752509,38.991421046666666,-76.93646944666666,-10.251000000000001,0,1,23.892543999999997,19.210689,183.60250000000002,1,1,1789162761.0695946,-0.9969107499672917,0.05090438587160875,-0.05417757054623107,0.025347405160976406,-176.76862916996302,-6.052506870373722,-6.017090422367031,0.06752068010727863,0.05440575250901764,0.5036245295067749,-7.212595060958862,-4.621678088226318,-10.732986336021423
2026-09-11T17:39:21.113,21.418752352000013,-116.39443969726562,-10475.499572753906,-41901.998291015625,-79.73019119262696,-70.08845767974854,-4.485738277435303,-3.072730720043183,-6.873502863375044,-0.014999052783978447,0.0,0.11600305140018463,950.2969970703125,41.76109850406647,-0.0457763746380806,-16.479494869709015,-493.3120305522023,1,1789162761.0752509,38.991421046666666,-76.93646944666666,-10.251000000000001,0,1,23.892543999999997,19.210689,183.60250000000002,1,1,1789162761.1095946,-0.9965230626967903,0.06123484050954241,-0.05127509599103327,0.023726448370756086,-176.9140727142792,-5.698163823937712,-7.186249999484259,-0.15256097524607634,-0.11305073523820432,0.5181535228650017,-5.855060479068756,0.30076996046066284,-11.622939838199617
2026-09-11T17:39:21.148,21.452166432000013,-116.54586791992188,-10489.128112792969,-41956.512451171875,-79.83391952514648,-70.19218601226807,-4.486548900604248,-3.0732859969139104,-6.874744982359312,-0.016618050556158927,0.0,0.11569024622440338,947.7344970703125,41.64848864078522,-0.015258789993822575,-5.493164397776127,328.79344491701954,1,1789162761.0752509,38.991421046666666,-76.93646944666666,-10.251000000000001,0,1,23.892543999999997,19.210689,183.60250000000002,1,1,1789162761.1415946,-0.9960530286280049,0.06965703704169458,-0.048939591261795326,0.02512325135564811,-176.72553857236733,-5.393354046042412,-8.154983834012466,0.034859810215933144,-0.02138848638441491,0.5339129733458845,-3.1239084090232847,1.0034164445495606,-15.526084669075013
2026-09-11T17:39:21.181,21.48558710399999,-116.69719696044922,-10502.74772644043,-42010.99090576172,-79.93757991790773,-70.29584640502931,-4.513504505157471,-3.091750586032868,-6.9160490918773805,-0.5524900612103233,0.0,0.11434747278690338,936.7344970703125,41.16509020328522,-0.045776382088661194,-16.47949755191803,-328.7286729048854,1,1789162761.0752509,38.991421046666666,-76.93646944666666,-10.251000000000001,0,1,23.892543999999997,19.210689,183.60250000000002,1,1,1789162761.1695945,-0.9954915323757366,0.07710657028930758,-0.04857614529021358,0.02629722219497558,-176.5540460925229,-5.316590553648042,-9.01813355830635,0.0009456193887305278,0.08064852314200438,0.49420882725811593,9.526081900615692,3.0220173138427735,-10.930492270278931
2026-09-11T17:39:21.214,21.51900463999999,-116.84300994873047,-10515.870895385742,-42063.48358154297,-80.03746181488037,-70.39572830200196,-4.3585100173950195,-2.9855793619155886,-6.678550827477598,3.1771110867442065,0.0,0.11403657495975494,934.1876220703125,41.05316698551178,-0.2593994438648224,-93.38379979133606,-2301.3157594687414,1,1789162761.0752509,38.991421046666666,-76.93646944666666,-10.251000000000001,0,1,23.892543999999997,19.210689,183.60250000000002,1,1,1789162761.2095945,-0.9946043775586924,0.08760290823903012,-0.047158399475443445,0.029392991818881314,-176.15858964766522,-5.086412004082492,-10.237718797474793,0.22633272660229786,0.02167384771711598,0.46311788102893936,5.34021134557724,1.455208817501068,-13.372250094051362
2026-09-11T17:39:21.247,21.552405856000007,-116.98702239990234,-10528.832015991211,-42115.328063964844,-80.13611034393311,-70.4943768310547,-4.334061145782471,-2.9688318848609927,-6.641087788253824,0.501403214020353,0.0,0.1124572902917862,921.2501220703125,40.48462450504303,0.0762939527630806,27.465822994709015,3618.1204536382265,1,1789162761.0752509,38.991421046666666,-76.93646944666666,-10.251000000000001,0,1,23.892543999999997,19.210689,183.60250000000002,1,1,1789162761.2415946,-0.9938059668849124,0.09532023020152182,-0.047832876812214445,0.031237314131351817,-175.90037029753518,-5.11287411907096,-11.140570760483937,0.09146781917511722,-0.023475725636874927,0.46600413201296237,-2.663878449935913,-2.9395433859825135,-3.279736080093384
2026-09-11T17:39:21.280,21.585807552000006,-117.1340560913086,-10542.065048217773,-42168.260192871094,-80.2368284225464,-70.59509490966798,-4.283358097076416,-2.9341002964973453,-6.563395437762487,1.0398151148866497,0.0,0.11271287500858307,923.3438720703125,40.576635003089905,0.01525880303233862,5.493169091641903,-657.8304857055185,1,1789162761.0752509,38.991421046666666,-76.93646944666666,-10.251000000000001,0,1,23.892543999999997,19.210689,183.60250000000002,1,1,1789162761.2695947,-0.9932539706155533,0.10196589815570127,-0.04647787708076425,0.029821341549366998,-176.04484490357,-4.947744817003326,-11.89367079864064,-0.023327721716305812,-0.004871737541091772,0.4622986234780532,6.365888885993958,-2.087933885936737,-7.167484470214844
2026-09-11T17:39:21.314,21.61922406399998,-117.27716064453125,-10554.944458007812,-42219.77783203125,-80.33485504150391,-70.6931215286255,-4.310859203338623,-2.952938554286957,-6.605535420291146,-0.5637409969546283,0.0,0.11183740198612213,916.1719970703125,40.26146471500397,-0.1373291164636612,-49.43848192691803,-1643.8475391627617,1,1789162761.0752509,38.991421046666666,-76.93646944666666,-10.251000000000001,0,1,23.892543999999997,19.210689,183.60250000000002,1,1,1789162761.3095946,-0.9924406789576564,0.11113273532264518,-0.04412952629072907,0.027633291500083118,-176.28044918391467,-4.671913630125078,-12.930423060231883,0.034295370735838174,-0.011932641562960032,0.46247437813372905,0.4844485179901123,1.6847824977874757,-7.283104875621796
2026-09-11T17:39:21.348,21.652640863999977,-117.41834259033203,-10567.650833129883,-42270.60333251953,-80.43156467437744,-70.78983116149902,-4.2080488204956055,-2.88251344203949,-6.447998930832782,2.107476246901915,0.0,0.11104775965213776,909.7032470703125,39.97719347476959,-0.1068115383386612,-38.45215380191803,328.76661215319115,1,1789162761.0752509,38.991421046666666,-76.93646944666666,-10.251000000000001,0,1,23.892543999999997,19.210689,183.60250000000002,1,1,1789162761.3415947,-0.9916497918916228,0.11822593540446143,-0.0435037014652518,0.027581631530121973,-176.26184269018964,-4.574721500839345,-13.746957870916063,0.05960124862635436,0.14788872883848753,0.4274388132621201,-8.375663770141601,-3.486362199001312,-6.405311619644165
2026-09-11T17:39:21.381,21.68605843199998,-117.56340789794922,-10580.70671081543,-42322.82684326172,-80.53093441009523,-70.8892008972168,-4.314327716827393,-2.955314486026764,-6.610850228227364,-2.1785260970297062,0.0,0.11042024195194244,904.5626220703125,39.75128710269928,-0.0762939527630806,-27.465822994709015,328.75913672735163,1,1789162761.0752509,38.991421046666666,-76.93646944666666,-10.251000000000001,0,1,23.892543999999997,19.210689,183.60250000000002,1,1,1789162761.3695946,-0.9909108785076618,0.124346997064901,-0.04308501394406464,0.02787717255310047,-176.20616634023048,-4.499703262655434,-14.454145795195556,-0.04676784263644006,0.022440570857517092,0.4119004959974649,4.938040622444153,0.8346439952659608,-12.846907844886779
2026-09-11T17:39:21.414,21.719466367999985,-117.70685577392578,-10593.61701965332,-42374.46807861328,-80.62919620513917,-70.98746269226075,-4.341278553009033,-2.973775808811188,-6.652147031163173,-0.5526029140028921,0.0,0.1093311458826065,895.6407470703125,39.35921251773834,-0.1068115383386612,-38.45215380191803,-328.8539228286341,1,1789162761.0752509,38.991421046666666,-76.93646944666666,-10.251000000000001,0,1,23.892543999999997,19.210689,183.60250000000002,1,1,1789162761.4095945,-0.9899564360559647,0.13289115997595227,-0.04037267279173075,0.026386390493406506,-176.3798676583677,-4.181796661719807,-15.423501149062263,-0.07274026176829286,-0.0002731440279371126,0.41006947107919767,-4.502527288761139,1.1210962464904786,-11.651575256671904
2026-09-11T17:39:21.447,21.752871200000016,-117.85260772705078,-10606.73469543457,-42426.93878173828,-80.7290362930298,-71.08730278015138,-4.368302822113037,-2.9922874331474305,-6.693556355465791,-0.5541600788839606,0.0,0.10968972742557526,898.5782470703125,39.48830187320709,0.015258789993822575,5.493164397776127,1315.537770094274,1,1789162761.0752509,38.991421046666666,-76.93646944666666,-10.251000000000001,0,1,23.892543999999997,19.210689,183.60250000000002,1,1,1789162761.4415946,-0.9889755181960496,0.14033700609546954,-0.03929317545276212,0.026248723623323002,-176.38202487259417,-4.034242083421077,-16.280327430875843,-0.11484528277510488,-0.05482951845140187,0.47829072634822684,7.297324518356323,2.517465163021088,-8.738215626621246
2026-09-11T17:39:21.481,21.786274112,-117.99903869628906,-10619.913482666016,-42479.65393066406,-80.82934150695802,-71.1876079940796,-4.3685150146484375,-2.99243278503418,-6.6938814983763795,-0.004351473510735221,0.0,0.11173249781131744,915.3126220703125,40.22369921207428,0.061035171151161194,21.97266161441803,493.3551067837761,1,1789162761.0752509,38.991421046666666,-76.93646944666666,-10.251000000000001,0,1,23.892543999999997,19.210689,183.60250000000002,1,1,1789162761.4695947,-0.9880794418028692,0.14707984793618512,-0.038510352910265465,0.02415549081110959,-176.60585446974994,-3.95638049863254,-17.050375072176312,-0.11866127065166529,-0.07404506991708383,0.4440906505895476,-6.398545031032562,-1.5171868465232847,-3.983265162696838
2026-09-11T17:39:21.515,21.819693088000008,-118.14661407470703,-10633.195266723633,-42532.78106689453,-80.93043064117433,-71.28869712829591,-4.395321369171143,-3.010795137882233,-6.7349569118696975,-0.5494588717514639,0.0,0.1156482845544815,947.3907470703125,41.63338243961334,0.07629397511482239,27.46583104133606,164.37276315458755,1,1789162761.0752509,38.991421046666666,-76.93646944666666,-10.251000000000001,0,1,23.892543999999997,19.210689,183.60250000000002,1,1,1789162761.5095947,-0.9864013073118232,0.15801624809697434,-0.03871357296831345,0.023336356590283516,-176.65133370364788,-3.956506090305625,-18.318004095343685,0.20170351286277988,0.062974621004609,0.5626170072900337,-2.3452603861808776,-2.084991890888214,-14.486873951435088
2026-09-11T17:39:21.548,21.853097919999982,-118.29596710205078,-10646.63703918457,-42586.54815673828,-81.0327374649048,-71.39100395202637,-4.396212577819824,-3.01140561580658,-6.736322512094167,-0.018275138289791215,0.0,0.12073136866092682,989.0313720703125,43.463292717933655,0.10681155323982239,38.45215916633606,328.88439986791786,1,1789162761.0752509,38.991421046666666,-76.93646944666666,-10.251000000000001,0,1,23.892543999999997,19.210689,183.60250000000002,1,1,1789162761.5415945,-0.9849624846735837,0.16711118552045764,-0.03755745596883459,0.022631680466469923,-176.71735024448702,-3.8084672630481626,-19.367668192414207,0.029518055507279296,-0.17952177433333355,0.6477206578806788,9.00338744699478,4.111241947307587,-8.166684055194855
2026-09-11T17:39:21.581,21.886502208000024,-118.44355773925781,-10659.920196533203,-42639.68078613281,-81.13383705139161,-71.49210353851319,-4.449901103973389,-3.0481822562217715,-6.818589513738744,-1.1009556741680866,0.0,0.12773896753787994,1046.4376220703125,45.98602831363678,0.1373291313648224,49.43848729133606,328.88975585966784,1,1789162761.0752509,38.991421046666666,-76.93646944666666,-10.251000000000001,0,1,23.892543999999997,19.210689,183.60250000000002,1,1,1789162761.5695946,-0.9835961465538406,0.17488058992126848,-0.0376642287055932,0.023169066214187666,-176.62448184313018,-3.783648665068871,-20.27487516677763,0.12101432354920404,0.06200735953315375,0.5231816419070722,11.12907693605423,3.6645490324401857,-12.404922122097016
2026-09-11T17:39:21.615,21.919901760000016,-118.5926513671875,-10673.338623046875,-42693.3544921875,-81.23596618652344,-71.59423267364502,-4.4507975578308105,-3.0487963271141054,-6.8199631512037,-0.01838560266718693,0.0,0.1348724514245987,1104.8751220703125,48.55408251285553,0.1678466945886612,60.42481005191803,328.9362312579734,1,1789162761.0752509,38.991421046666666,-76.93646944666666,-10.251000000000001,0,1,23.892543999999997,19.210689,183.60250000000002,1,1,1789162761.6095946,-0.9815258090697379,0.18696495056051696,-0.03326308905505709,0.023340100651349106,-176.65493008223035,-3.242930485024254,-21.664175326947475,-0.06809751142506275,-0.09486388083364779,0.6196671081487479,-0.6844061147880555,-1.4280443965530396,-12.648617378616333
2026-09-11T17:39:21.648,21.95331827199999,-118.7411117553711,-10686.700057983398,-42746.800231933594,-81.33766155242921,-71.6959280395508,-4.451570987701416,-3.0493261265754703,-6.821148278846338,-0.015854421352093917,0.0,0.13799478113651276,1130.4532470703125,49.67812120914459,0.1220703274011612,43.94531786441803,-493.1541684396292,1,1789162761.0752509,38.991421046666666,-76.93646944666666,-10.251000000000001,0,1,23.892543999999997,19.210689,183.60250000000002,1,1,1789162761.6415946,-0.9796474411438695,0.1969355870385695,-0.030897144044681534,0.02350812855003168,-176.6574421230901,-2.9392700467804826,-22.81878146167703,-0.06719674699810847,-0.24075001888839703,0.6191183766319209,2.167563885250092,-1.3467472667121887,-15.963755465793609
2026-09-11T17:39:21.682,21.986731711999994,-118.8851318359375,-10699.661865234375,-42798.6474609375,-81.43631530761719,-71.79458179473878,-4.296503067016602,-2.943104600906372,-6.583537493079744,3.17900598289448,0.0,0.13831330835819244,1133.0626220703125,49.79279100894928,-0.03051757998764515,-10.986328795552254,-1643.9985425015764,1,1789162761.0752509,38.991421046666666,-76.93646944666666,-10.251000000000001,0,1,23.892543999999997,19.210689,183.60250000000002,1,1,1789162761.6775947,-0.9774434467374667,0.20732549667817313,-0.029378148755382253,0.02752037850096612,-176.2128059416145,-2.637660747329228,-24.03825222868935,0.12932139265699624,-0.16751862146859295,0.6292231348692673,5.742087869205474,-3.506760031337738,-10.518220697479247
2026-09-11T17:39:21.715,22.020135200000027,-119.02642822265625,-10712.378540039062,-42849.51416015625,-81.53310333251953,-71.89136981964111,-4.245608806610107,-2.908242032527924,-6.505552148639765,1.0436804796676828,0.0,0.13852502405643463,1134.7969970703125,49.86900866031647,-0.0762939527630806,-27.465822994709015,-493.34650917713805,1,1789162761.0752509,38.991421046666666,-76.93646944666666,-10.251000000000001,0,1,23.892543999999997,19.210689,183.60250000000002,1,1,1789162761.7095945,-0.9754488657283117,0.21665187654082824,-0.02759432192367509,0.02828476866195528,-176.14707708913207,-2.3829195700628123,-25.12495573520047,0.10934121244601555,-0.008717396014936079,0.5360951585096531,-10.546365783443452,-0.5066115473556518,-7.5461192329597475
2026-09-11T17:39:21.748,22.053534560000003,-119.16366577148438,-10724.729919433594,-42898.919677734375,-81.6271110534668,-71.98537754058839,-4.142924785614014,-2.8379034781455994,-6.348209283611301,2.1059850961927262,0.0,0.13692475855350494,1121.6876220703125,49.29291307926178,-0.1831054985523224,-65.91797947883606,-1151.2842307204367,1,1789162761.0752509,38.991421046666666,-76.93646944666666,-10.251000000000001,0,1,23.892543999999997,19.210689,183.60250000000002,1,1,1789162761.7415946,-0.9736175758817405,0.2251043054464776,-0.025487499834435712,0.027335964512191745,-176.2875379366508,-2.1389625925769424,-26.10586299428176,-0.07752735084066291,-0.08658089726953311,0.5232148031628602,-7.78196916934967,4.0185691032791135,-7.8758188113975525
2026-09-11T17:39:21.782,22.086950848000015,-119.30760192871094,-10737.684173583984,-42950.73669433594,-81.725707321167,-72.08397380828858,-4.248939037322998,-2.910523240566254,-6.5106550656904325,-2.1731845984996343,0.0,0.13693048059940338,1121.7344970703125,49.29497301578522,0.0,0.0,1972.6302178988894,1,1789162761.0752509,38.991421046666666,-76.93646944666666,-10.251000000000001,0,1,23.892543999999997,19.210689,183.60250000000002,1,1,1789162761.7815945,-0.9710279388470898,0.23622893022997743,-0.026204520381427263,0.024778168058838437,-176.52875385988528,-2.2456528787573506,-27.414340515429554,-0.11368812948103263,-0.004504345733546965,0.5235581094267274,-1.1030520101928711,2.9995600849723814,-12.563495655212403
2026-09-11T17:39:21.815,22.120360672000004,-119.44971466064453,-10750.474319458008,-43001.89727783203,-81.82305454254151,-72.1813210296631,-4.250608921051025,-2.911667110919953,-6.513213830798026,-0.03423754503163988,0.0,0.13677217066287994,1120.4376220703125,49.23798143863678,0.03051757998764515,10.986328795552254,328.8352789753066,1,1789162761.0752509,38.991421046666666,-76.93646944666666,-10.251000000000001,0,1,23.892543999999997,19.210689,183.60250000000002,1,1,1789162761.8095946,-0.969075725462214,0.24386361535322765,-0.028644362676618202,0.024541310347798044,-176.46869751157433,-2.4958857132908143,-28.326845297155117,0.06387521089863807,0.11442780001802784,0.6134462310958646,3.9556104092407227,-0.14994368097305297,-7.541706240386962
2026-09-11T17:39:21.848,22.153766112000028,-119.59034729003906,-10763.131256103516,-43052.52502441406,-81.91938789367677,-72.27765438079834,-4.199731349945068,-2.8768159747123723,-6.435254059395958,1.0432772688387093,0.0,0.1365528255701065,1118.6407470703125,49.15901720523834,-0.0610351637005806,-21.972658932209015,-986.6353422597484,1,1789162761.0752509,38.991421046666666,-76.93646944666666,-10.251000000000001,0,1,23.892543999999997,19.210689,183.60250000000002,1,1,1789162761.8415947,-0.9667668758943712,0.2528439523270466,-0.030474886607249844,0.022428212843451544,-176.6265878110458,-2.7273088677216406,-29.393521468264492,-0.08499212405144267,0.09202719720038141,0.5293454466934154,6.663520718402863,-1.7102797882080079,-6.139845599765778
2026-09-11T17:39:21.882,22.187172959999998,-119.7319107055664,-10775.871963500977,-43103.487854003906,-82.01635883331299,-72.37462532043457,-4.201184272766113,-2.8778112268447877,-6.437480375010702,-0.029791859813184447,0.0,0.13717462122440338,1123.7344970703125,49.38286364078522,0.0,0.0,657.7291857115255,1,1789162761.0752509,38.991421046666666,-76.93646944666666,-10.251000000000001,0,1,23.892543999999997,19.210689,183.60250000000002,1,1,1789162761.8815947,-0.9636690296425492,0.2641424509798594,-0.03401502577574688,0.020340720725077522,-176.71749700761492,-3.1421144262310667,-30.746738045142227,-0.02399024870036286,0.022828732083160632,0.5789611430703346,-3.03476595905304,1.54601839799881,-3.0735022271919252
2026-09-11T17:39:21.915,22.220571584000027,-119.87275695800781,-10788.548126220703,-43154.19250488281,-82.11283851623536,-72.47110500335694,-4.201460361480713,-2.8780003476142886,-6.43790342612358,-0.005662531770790234,0.0,0.13716699182987213,1123.6719970703125,49.38011705875397,-0.0457763746380806,-16.479494869709015,-493.4183776461843,1,1789162761.0752509,38.991421046666666,-76.93646944666666,-10.251000000000001,0,1,23.892543999999997,19.210689,183.60250000000002,1,1,1789162761.9095945,-0.9614804986657375,0.2718853512997452,-0.03455598384632036,0.020964026676946062,-176.60649011829744,-3.155738592683973,-31.672956646537653,0.014657798657023977,0.06415376544725636,0.5687410185694315,6.178778000907897,1.1126625273513795,-7.969962652950287
2026-09-11T17:39:21.949,22.253981408000016,-120.01397705078125,-10801.257934570312,-43205.03173828125,-82.20957427978516,-72.56784076690674,-4.20098352432251,-2.8776737141609194,-6.43717276789754,0.00977656911240385,0.0,0.13790704309940338,1129.7344970703125,49.64653551578522,0.0,0.0,493.2529686392384,1,1789162761.0752509,38.991421046666666,-76.93646944666666,-10.251000000000001,0,1,23.892543999999997,19.210689,183.60250000000002,1,1,1789162761.9415946,-0.95891321768755,0.28097026874892067,-0.03412786581233364,0.0194020050088666,-176.76269409147537,-3.126953741078613,-32.75051047301294,0.1752886527655465,0.12589443867070538,0.617700645680526,8.718406193294525,-0.27468427103042603,-8.801272387161255
2026-09-11T17:39:21.982,22.287393536000025,-120.15562438964844,-10814.00619506836,-43256.02478027344,-82.30660270690919,-72.66486919403077,-4.227466583251953,-2.895814609527588,-6.477752795113602,-0.5429434296032783,0.0,0.13951493799686432,1142.9063720703125,50.225377678871155,0.1373291164636612,49.43848192691803,1479.6567859103336,1,1789162761.0752509,38.991421046666666,-76.93646944666666,-10.251000000000001,0,1,23.892543999999997,19.210689,183.60250000000002,1,1,1789162761.9815946,-0.9555272564091759,0.29211654492194505,-0.03576971657924998,0.018870978190290336,-176.72920341406902,-3.286731384517316,-34.0919503683151,0.06876824145660418,0.13779165004984992,0.6068605802293143,2.5542401011276246,-1.4969851471900941,-11.246070272483825
2026-09-11T17:39:22.016,22.320930079999982,-120.29756927490234,-10826.781234741211,-43307.124938964844,-82.4038349533081,-72.76210144042969,-4.228701114654541,-2.8966602635383607,-6.479644469260821,-0.025215896151186575,0.0,0.14152337610721588,1159.3594970703125,50.94841539859772,0.015258795581758022,5.493166409432888,-1310.3710244424856,1,1789162761.0752509,38.991421046666666,-76.93646944666666,-10.251000000000001,0,1,23.892543999999997,19.210689,183.60250000000002,1,1,1789162762.0095947,-0.9531063538344148,0.2999661912396679,-0.03593923441077252,0.01780263529935709,-176.81329955320427,-3.31511809329467,-35.032402062328096,0.008306720041941811,-0.03775758037301933,0.5591558448504037,2.959647018814087,0.6988218905258179,-7.0992301850891115
2026-09-11T17:39:22.049,22.354332960000022,-120.43981170654297,-10839.583053588867,-43358.33221435547,-82.50127101898194,-72.85953750610352,-4.282017707824707,-2.9331821298599245,-6.5613415574890865,-1.0933747725202283,0.0,0.1432361751794815,1173.3907470703125,51.56502306461334,0.01525880303233862,5.493169091641903,8.029873516563224e-05,1,1789162761.0752509,38.991421046666666,-76.93646944666666,-10.251000000000001,0,1,23.892543999999997,19.210689,183.60250000000002,1,1,1789162762.0415945,-0.9501771301306378,0.3091509146363556,-0.03651872193835296,0.01598487735952233,-176.95899930060605,-3.4119762815295194,-36.136365283637204,-0.11435973217720007,-0.013054713739067185,0.5663841259475383,-2.6500510732078553,0.8672020738029479,-4.238924532413483
2026-09-11T17:39:22.083,22.387737216000005,-120.58454895019531,-10852.609405517578,-43410.43762207031,-82.60041603088379,-72.95868251800538,-4.334057807922363,-2.968829598426819,-6.641082673646242,-1.0671534958573172,0.0,0.14458085596561432,1184.4063720703125,52.049108147621155,-0.0457763709127903,-16.479493528604507,-657.7803325497687,1,1789162762.0751467,38.991407968333334,-76.93646660666667,-10.251000000000001,0,1,20.430399999999995,15.665764000000001,168.246841,1,1,1789162762.0815947,-0.9465853516279831,0.3203163207116985,-0.03474139480232274,0.012909773671018391,-177.31905371872983,-3.2963810176306816,-37.46790830239436,-0.12510816784268194,0.011436095390767646,0.5975354605688339,1.7151831132888793,0.500727557258606,-3.903439030380249
2026-09-11T17:39:22.116,22.42113737599999,-120.73086547851562,-10865.777893066406,-43463.111572265625,-82.7006428527832,-73.05890933990479,-4.387209415435791,-3.005238449573517,-6.722526954128297,-1.0900801417332728,0.0,0.1476307064294815,1209.3907470703125,53.14705431461334,0.0915527492761612,32.95898973941803,1480.1870191054336,1,1789162762.0751467,38.991407968333334,-76.93646660666667,-10.251000000000001,0,1,20.430399999999995,15.665764000000001,168.246841,1,1,1789162762.1095946,-0.94392805275869,0.3283017187784762,-0.033384045055302375,0.010164555968234547,-177.64019511681846,-3.2303392266533035,-38.422282900249904,-0.06430403829585307,0.004595800986351469,0.5977075500330804,-0.08816178495407104,2.739389656181335,-7.733916583557129
2026-09-11T17:39:22.149,22.454554368000004,-120.8808364868164,-10879.275283813477,-43517.101135253906,-82.80337299346924,-73.16163948059082,-4.466761112213135,-3.0597313618659974,-6.844424127295083,-1.630694716402311,0.0,0.1504821926355362,1232.7501220703125,54.17358934879303,0.045776382088661194,16.47949755191803,-493.14708479725834,1,1789162762.0751467,38.991407968333334,-76.93646660666667,-10.251000000000001,0,1,20.430399999999995,15.665764000000001,168.246841,1,1,1789162762.1415946,-0.940514818241578,0.3379380405913193,-0.033936080709578646,0.008837409992978992,-177.72897960995604,-3.3170884481746907,-39.59368629832367,-0.03820735172125827,-0.024565858287670588,0.6260131253089993,0.812677098903656,2.5151115669822692,-8.333397107944489
2026-09-11T17:39:22.183,22.48797561600003,-121.02973937988281,-10892.676544189453,-43570.70617675781,-82.90537147521974,-73.26363796234132,-4.390274524688721,-3.007338049411774,-6.727223625205285,1.567664751902282,0.0,0.1559314876794815,1277.3907470703125,56.13533556461334,0.2136230766773224,76.90430760383606,1807.9758736679564,1,1789162762.0751467,38.991407968333334,-76.93646660666667,-10.251000000000001,0,1,20.430399999999995,15.665764000000001,168.246841,1,1,1789162762.1815946,-0.9361551062327286,0.3501622381358855,-0.029973181681823138,0.010081291480981476,-177.71247029948492,-2.811997751038528,-41.072066619034764,-0.0016969836317140866,-0.01608547798515534,0.6496234158312031,-2.525506616153717,-0.20446865587234497,-6.4351238361358645
2026-09-11T17:39:22.216,22.521376512000018,-121.17902374267578,-10906.11213684082,-43624.44854736328,-83.00763126373292,-73.3658977508545,-4.521669387817383,-3.0973435306549075,-6.928560152681872,-2.694702598492046,0.0,0.1604786068201065,1314.6407470703125,57.77229845523834,0.1983642876148224,71.41114354133606,-164.4615779918532,1,1789162762.0751467,38.991407968333334,-76.93646660666667,-10.251000000000001,0,1,20.430399999999995,15.665764000000001,168.246841,1,1,1789162762.2095945,-0.9328670026098727,0.35889925814074386,-0.02970600193544592,0.00824811473651563,-177.89351729605198,-2.837473443837288,-42.13835449820612,-0.08541658812552769,0.07024147387821258,0.6751415257587617,-0.4448296513366699,2.188353983592987,-7.347338434181213
2026-09-11T17:39:22.250,22.554779008000025,-121.33204650878906,-10919.884185791016,-43679.53674316406,-83.11245185852052,-73.4707183456421,-4.600442409515381,-3.151303050518036,-7.049264160965534,-1.615433764683803,0.0,0.1691284328699112,1385.5001220703125,60.88623583316803,0.2746582329273224,98.87696385383606,822.2685009076422,1,1789162762.0751467,38.991407968333334,-76.93646660666667,-10.251000000000001,0,1,20.430399999999995,15.665764000000001,168.246841,1,1,1789162762.2415946,-0.9288037604743324,0.36927001466681164,-0.030496924786749532,0.005759199185897283,-178.09357630754397,-3.0035550085728553,-43.413140038673745,-0.09934204662841485,0.03156829377959704,0.6674861625936642,4.340913694095612,2.9536649622154236,-14.113534779777526
2026-09-11T17:39:22.283,22.588185376000013,-121.49046325683594,-10934.141693115234,-43736.56677246094,-83.22096733093262,-73.5792338180542,-4.732139587402344,-3.241515617370606,-7.251063925757432,-2.7004601892850046,0.0,0.17533685266971588,1436.3594970703125,63.12126696109772,0.0152588477358222,5.493185184895992,-2795.3885519364408,1,1789162762.0751467,38.991407968333334,-76.93646660666667,-10.251000000000001,0,1,20.430399999999995,15.665764000000001,168.246841,1,1,1789162762.2815945,-0.9234622508452659,0.3827403524909693,-0.026874911184799205,0.0022434321236094097,-178.58212275052136,-2.746586942414709,-45.05832629655257,-0.13824124686516365,-0.19933928985802837,0.7319148173981097,2.941995048522949,2.2541566061782836,0.8462158424568177
2026-09-11T17:39:22.317,22.621591072,-121.64900970458984,-10948.410873413086,-43793.643493652344,-83.32957164764404,-73.68783813476563,-4.732850074768066,-3.2420023012161256,-7.252152606514231,-0.014568888057890533,0.0,0.17743684351444244,1453.5626220703125,63.87726366519928,0.0915527492761612,32.95898973941803,822.1892624099657,1,1789162762.0751467,38.991407968333334,-76.93646660666667,-10.251000000000001,0,1,20.430399999999995,15.665764000000001,168.246841,1,1,1789162762.3095946,-0.9194080817225208,0.3923697528834642,-0.02677208507176538,0.00424402478713778,-178.34716040416126,-2.6307139236973778,-46.25998868706479,0.0064917521527929085,-0.0388436987665354,0.7546791468318718,-4.007585655097961,0.24859858160018922,-16.938340358867645
2026-09-11T17:39:22.350,22.655000991999998,-121.80586242675781,-10962.527618408203,-43850.11047363281,-83.43701576232911,-73.7952822494507,-4.70712947845459,-3.2243836927413945,-7.212740901801608,0.527346622641803,0.0,0.17905427515506744,1466.8126220703125,64.45953905582428,-0.0457763709127903,-16.479493528604507,-1479.754613840056,1,1789162762.0751467,38.991407968333334,-76.93646660666667,-10.251000000000001,0,1,20.430399999999995,15.665764000000001,168.246841,1,1,1789162762.3415947,-0.914603888577734,0.40359279493389255,-0.02419851617085533,0.005197565878920994,-178.33455179476567,-2.2963829395176587,-47.65482083119986,0.10648358486172525,0.0008253662032681184,0.7593426665932005,-5.981566266155243,1.5082627948760985,-16.219120636005403
2026-09-11T17:39:22.383,22.688410143999988,-121.96369171142578,-10976.73225402832,-43906.92901611328,-83.54512882232666,-73.90339530944824,-4.733448505401611,-3.242412226200104,-7.253069582587912,-0.5396285861644936,0.0,0.18050958216190338,1478.7344970703125,64.98344957828522,0.0,0.0,493.26284991038847,1,1789162762.0751467,38.991407968333334,-76.93646660666667,-10.251000000000001,0,1,20.430399999999995,15.665764000000001,168.246841,1,1,1789162762.3815947,-0.9082338815390536,0.41774731502289925,-0.024242227770450767,0.0032728593597043353,-178.49743686834609,-2.3670329992707413,-49.43171035591433,-0.15145496009908754,-0.007597069168080918,0.7557022588393908,-1.7648047631072998,1.150320063972473,-12.745703215217592
2026-09-11T17:39:22.416,22.72180892800003,-122.12259674072266,-10991.033706665039,-43964.134826660156,-83.65397876739503,-74.01224525451661,-4.786755084991455,-3.278927233219147,-7.334751326993431,-1.0933034873065284,0.0,0.1820373684167862,1491.2501220703125,65.53345263004303,0.1373291164636612,49.43848192691803,1480.247961328656,1,1789162762.0751467,38.991407968333334,-76.93646660666667,-10.251000000000001,0,1,20.430399999999995,15.665764000000001,168.246841,1,1,1789162762.4095945,-0.9037044702368362,0.42761159553528005,-0.02125707890559414,0.003832810213447588,-178.5604341758464,-2.0139216498346575,-50.67011631161456,-0.07866059312398284,0.008403062216651899,0.7846569220641263,-0.4666004146957397,-0.3791250952529907,-8.245725655498504
2026-09-11T17:39:22.450,22.755226400000026,-122.28385925292969,-11005.547332763672,-44022.18933105469,-83.76444358825684,-74.12271007537842,-4.8135986328125,-3.297315063476563,-7.375883731828381,-0.5502459987822482,0.0,0.18353654444217682,1503.5313720703125,66.07315599918365,0.1678466945886612,60.42481005191803,328.76000090614775,1,1789162762.0751467,38.991407968333334,-76.93646660666667,-10.251000000000001,0,1,20.430399999999995,15.665764000000001,168.246841,1,1,1789162762.4415946,-0.8981879444736484,0.43898116629733247,-0.02338372691972775,0.0026745754391944918,-178.5471373132981,-2.272819829910339,-52.12212256982015,-0.020616876322108218,0.11651992619239343,0.8155565802072843,0.8400376528549194,-4.101729496650696,-6.817975458450317
2026-09-11T17:39:22.483,22.78864454400002,-122.44577026367188,-11020.119323730469,-44080.477294921875,-83.87535263061524,-74.23361911773682,-4.814843654632568,-3.29816790342331,-7.3777914804565725,-0.025520266677497693,0.0,0.1869373470544815,1531.3907470703125,67.29744493961334,0.1373291313648224,49.43848729133606,-328.7532294008771,1,1789162762.0751467,38.991407968333334,-76.93646660666667,-10.251000000000001,0,1,20.430399999999995,15.665764000000001,168.246841,1,1,1789162762.4815946,-0.8910260794794008,0.45341552677327096,-0.021943775066641264,0.0023144123034621635,-178.62246719982292,-2.1207816430100723,-53.96576089563109,-0.06538841136011715,-0.0025665066650576614,0.7996465078119543,-4.688559442329407,0.7523662004089355,-1.0788295842933655
2026-09-11T17:39:22.517,22.822044447999986,-122.60560607910156,-11034.50454711914,-44138.01818847656,-83.98484016418458,-74.34310665130616,-4.7891387939453125,-3.280560073852539,-7.3384038874654065,0.5271820413253187,0.0,0.190309539437294,1559.0157470703125,68.51143419742584,0.1220703274011612,43.94531786441803,-164.46662322514334,1,1789162762.0751467,38.991407968333334,-76.93646660666667,-10.251000000000001,0,1,20.430399999999995,15.665764000000001,168.246841,1,1,1789162762.5095947,-0.885823309350283,0.4636069278708904,-0.01946500981899087,0.0026066136219836298,-178.70054129281655,-1.8376893306678612,-55.27261197661549,-0.04038709342407399,0.08528115057557294,0.853845613337536,-2.751353769378662,0.19377940719604492,-9.467438132648468
2026-09-11T17:39:22.550,22.85544611199998,-122.7649154663086,-11048.842391967773,-44195.369567871094,-84.09396709442139,-74.45223358154297,-4.764335632324219,-3.26356990814209,-7.300397969179685,0.5086622543850298,0.0,0.19711114466190338,1614.7344970703125,70.96001207828522,0.3662109971046448,131.83595895767212,2631.325226589457,1,1789162762.0751467,38.991407968333334,-76.93646660666667,-10.251000000000001,0,1,20.430399999999995,15.665764000000001,168.246841,1,1,1789162762.5415945,-0.8795860794428074,0.475387335210979,-0.01776639440546337,0.0044233020770441936,-178.58566942873122,-1.5499586753138035,-56.798657950668535,0.146877485069882,0.08297452343613722,0.8410739920031423,-3.503327703781128,-1.0001802499961854,-6.922024016666412
2026-09-11T17:39:22.584,22.88885171200002,-122.9229965209961,-11063.069686889648,-44252.278747558594,-84.20225261688233,-74.56051910400392,-4.7662177085876465,-3.264859130382538,-7.303281877197867,-0.03859299759461585,0.0,0.20550347864627838,1683.4844970703125,73.98125231266022,0.18310552835464478,65.91799020767212,-1973.261032579158,1,1789162762.0751467,38.991407968333334,-76.93646660666667,-10.251000000000001,0,1,20.430399999999995,15.665764000000001,168.246841,1,1,1789162762.5815947,-0.8716134294127984,0.4898829412890348,-0.01687061333116443,0.004485076041133351,-178.60440164864787,-1.4334023998891359,-58.69304862676986,0.013817597155113907,0.018166957651083778,0.8859729360765467,0.40697598171234134,0.21398110652923583,-10.758973958950042
2026-09-11T17:39:22.617,22.922260607999988,-123.08343505859375,-11077.509155273438,-44310.03662109375,-84.31215301513673,-74.67041950225831,-4.76847505569458,-3.2664054131507876,-7.3067408132399425,-0.04628356376250699,0.0,0.21683885157108307,1776.3438720703125,78.0619865655899,0.07629400491714478,27.46584177017212,-1150.9553754046733,1,1789162762.0751467,38.991407968333334,-76.93646660666667,-10.251000000000001,0,1,20.430399999999995,15.665764000000001,168.246841,1,1,1789162762.6095946,-0.8657115055454992,0.5002896830085726,-0.015539924957919107,0.0035118333715182235,-178.76029088438426,-1.3404032238599553,-60.06124127132069,-0.07532579252219727,-0.02703689544264416,0.9137781254559187,-1.153262059020996,0.03863820163726807,-13.466884268112183
2026-09-11T17:39:22.650,22.955674559999977,-123.24476623535156,-11092.02896118164,-44368.11584472656,-84.42266487121583,-74.78093135833741,-4.848636150360107,-3.3213157629966736,-7.429571767619609,-1.6433359886883012,0.0,0.22122766077518463,1812.2969970703125,79.64195787906647,0.21362310647964478,76.90431833267212,1479.5758538982654,1,1789162762.0751467,38.991407968333334,-76.93646660666667,-10.251000000000001,0,1,20.430399999999995,15.665764000000001,168.246841,1,1,1789162762.6415946,-0.8583665042635902,0.5128692800572935,-0.012981947426233344,0.0018748260825694801,-179.05239408993512,-1.1668207501925068,-61.725820961492445,-0.12574695834891186,-0.16576526370203945,0.9611700978328721,0.05275977787017822,0.701567752571106,-3.8800992029953005
2026-09-11T17:39:22.684,22.989076704000013,-123.4074935913086,-11106.674423217773,-44426.697692871094,-84.5341331100464,-74.89239959716798,-4.87543249130249,-3.339671256542206,-7.470631837290181,-0.5495303997705356,0.0,0.22418023645877838,1836.4844970703125,80.70488512516022,0.04577639698982239,16.47950291633606,-1809.010086785796,1,1789162762.0751467,38.991407968333334,-76.93646660666667,-10.251000000000001,0,1,20.430399999999995,15.665764000000001,168.246841,1,1,1789162762.6815946,-0.8485303557729819,0.5291153203963724,-0.004735600643145589,0.0032843782013533833,-179.39349812167302,-0.2613253606224724,-63.89396989278517,-0.04083110518578134,-0.29490828370948186,0.9639554687861298,-3.8265548931121827,0.09433997455596924,-11.468190898647308
2026-09-11T17:39:22.717,23.02247663999998,-123.5732192993164,-11121.589736938477,-44486.358947753906,-84.64765522003175,-75.00592170715332,-4.953897953033447,-3.3934200978279114,-7.590864571018047,-1.6092498286750903,0.0,0.22420693933963776,1836.7032470703125,80.71449816226959,-0.030517585575580597,-10.986330807209015,-822.3319267310135,1,1789162762.0751467,38.991407968333334,-76.93646660666667,-10.251000000000001,0,1,20.430399999999995,15.665764000000001,168.246841,1,1,1789162762.7095945,-0.841440289555666,0.5403270311644933,-0.0019999896371562516,0.004575865698704448,-179.43494302897594,0.09048062374170417,-65.41227947565008,0.010903420903058977,-0.25349476215231,0.9941550753663129,-0.08325845987319945,0.6253700808143615,-19.172001066207887
2026-09-11T17:39:22.751,23.05587689600003,-123.73816680908203,-11136.435012817383,-44545.74005126953,-84.7606442642212,-75.11891075134278,-4.928119659423828,-3.3757619667053227,-7.551364456660073,0.5286825083784491,0.0,0.223451629281044,1830.5157470703125,80.44258654117584,0.03051757998764515,10.986328795552254,657.8590176892185,1,1789162762.0751467,38.991407968333334,-76.93646660666667,-10.251000000000001,0,1,20.430399999999995,15.665764000000001,168.246841,1,1,1789162762.7415946,-0.8335956312486126,0.5523371948715006,0.0012404197083418997,0.0063567352985997375,-179.47126618689487,0.5208338064535343,-67.05419431730732,0.11907072489418316,-0.16902274621796168,0.9568654177657533,3.7065214951324466,0.5994805243873595,-15.160492751045227
2026-09-11T17:39:22.784,23.089282688000026,-123.90052795410156,-11151.04751586914,-44604.19006347656,-84.87186164855957,-75.23012813568116,-4.876934051513672,-3.3406998252868654,-7.472932680043982,1.0495827016602723,0.0,0.22414208948612213,1836.1719970703125,80.69115221500397,-0.1220703199505806,-43.945315182209015,-1644.3748430741357,1,1789162762.0751467,38.991407968333334,-76.93646660666667,-10.251000000000001,0,1,20.430399999999995,15.665764000000001,168.246841,1,1,1789162762.7815945,-0.8232460179019357,0.5675676757197561,0.005498659541268185,0.010133717478225349,-179.4015020665045,1.1778916862704771,-69.16067054357114,-0.06370242330269063,-0.24520183021145897,0.9359890109838734,-2.9811235826683045,-0.07923773330688477,-15.40820873413086
2026-09-11T17:39:22.818,23.122690336000005,-124.06542205810547,-11165.887985229492,-44663.55194091797,-84.98481410980226,-75.34308059692384,-4.930473327636719,-3.3773742294311524,-7.554970985663807,-1.0977846792539725,0.0,0.22431565821170807,1837.5938720703125,80.7536369562149,0.0,0.0,1315.4267903635746,1,1789162762.0751467,38.991407968333334,-76.93646660666667,-10.251000000000001,0,1,20.430399999999995,15.665764000000001,168.246841,1,1,1789162762.8095946,-0.8157184363384857,0.5782887887874552,0.00857476691201554,0.010582190351637627,-179.5789111500755,1.5029441053590527,-70.66256204031308,0.03109932380958616,-0.046124339741229745,0.9886696800602198,1.5095376593971253,0.256051635723114,-11.028068439388274
2026-09-11T17:39:22.851,23.156098559999975,-124.22866821289062,-11180.580139160156,-44722.320556640625,-85.09663772583008,-75.45490421295166,-4.905294895172119,-3.360127003192902,-7.516390039354192,0.5162569024401285,0.0,0.2243042141199112,1837.5001220703125,80.74951708316803,-0.030517585575580597,-10.986330807209015,-328.8510879003566,1,1789162762.0751467,38.991407968333334,-76.93646660666667,-10.251000000000001,0,1,20.430399999999995,15.665764000000001,168.246841,1,1,1789162762.8415947,-0.8071176147053162,0.5901565633302974,0.011699337257454494,0.011811532428512544,-179.69859155117967,1.8811744338317133,-72.34286926526897,-0.07773434688994944,-0.3736240292378277,0.9575092697268139,-10.24441902496338,-0.38510715185165406,1.9035688628959657
2026-09-11T17:39:22.884,23.189506912000013,-124.39391326904297,-11195.452194213867,-44781.80877685547,-85.20983058929444,-75.56809707641602,-4.931879043579102,-3.378337144851685,-7.557124966114176,-0.5450775200992457,0.0,0.22542764246463776,1846.7032470703125,81.15395128726959,0.0915527418255806,32.958987057209015,1315.3991512172909,1,1789162762.0751467,38.991407968333334,-76.93646660666667,-10.251000000000001,0,1,20.430399999999995,15.665764000000001,168.246841,1,1,1789162762.8815947,-0.7959815711169465,0.6050180941634041,0.013698378181700749,0.013371559829384256,-179.72985511637822,2.177040611906436,-74.47111420143408,0.056401187442822756,0.028978050636712254,0.9583871703405671,0.39677706554412845,-1.5134603194618224,-11.917629675559997
2026-09-11T17:39:22.918,23.222909695999988,-124.56068420410156,-11210.46157836914,-44841.84631347656,-85.32406867980957,-75.68233516693115,-4.958981990814209,-3.3969026637077335,-7.598654849024091,-0.5558075295778483,0.0,0.22723199427127838,1861.4844970703125,81.80351793766022,0.0610351637005806,21.972658932209015,-328.9045645119959,1,1789162762.0751467,38.991407968333334,-76.93646660666667,-10.251000000000001,0,1,20.430399999999995,15.665764000000001,168.246841,1,1,1789162762.9095945,-0.7877688887833257,0.615634445037597,0.016087113574441363,0.012474482962320252,179.9911953188269,2.3328863144513967,-76.01480495400503,-0.12942227268776152,-0.0654058646526371,0.9997767808869865,-1.9487775201416015,-1.6566374118232727,-5.565862365798949
2026-09-11T17:39:22.951,23.256311712000013,-124.72590637207031,-11225.331573486328,-44901.32629394531,-85.43724586486817,-75.79551235198976,-5.0122880935668945,-3.433417344093323,-7.680335862771384,-1.0931879197220382,0.0,0.23235894739627838,1903.4844970703125,83.64922106266022,0.0,0.0,-657.8243340818877,1,1789162762.0751467,38.991407968333334,-76.93646660666667,-10.251000000000001,0,1,20.430399999999995,15.665764000000001,168.246841,1,1,1789162762.9415946,-0.7783295548809499,0.6274655277548556,0.01840929437820446,0.012296884102873126,179.7728678614687,2.5269176808601177,-77.75440952219083,-0.13470520980062314,-0.11043588295286641,1.0073806568391503,-1.352533190307617,-0.9548735262489318,-13.567598565273284
2026-09-11T17:39:22.985,23.289716415999976,-124.8910140991211,-11240.191268920898,-44960.765075683594,-85.55034465789795,-75.90861114501953,-4.988842964172363,-3.417357430458069,-7.6444108591134246,0.4807680270201356,0.0,0.23613931238651276,1934.4532470703125,85.01015245914459,0.3814697563648224,137.32911229133606,4111.071072250404,1,1789162762.0751467,38.991407968333334,-76.93646660666667,-10.251000000000001,0,1,20.430399999999995,15.665764000000001,168.246841,1,1,1789162762.9815946,-0.7657617485106744,0.6427520125236712,0.018190088561612482,0.012162055449884527,179.7271871791473,2.49274702917568,-80.02363770185326,0.012910898608702853,0.01698083189142843,1.062320305566353,4.384062954807281,2.358695496902466,-10.765054082050325
2026-09-11T17:39:23.019,23.32313398399998,-125.05619049072266,-11255.057144165039,-45020.228576660156,-85.66349048614502,-76.0217569732666,-4.938135147094727,-3.382622575759888,-7.566711202039826,1.0394189875869129,0.0,0.2412414699792862,1976.2501220703125,86.84692919254303,0.1068115383386612,38.45215380191803,-2958.831668702074,1,1789162762.0751467,38.991407968333334,-76.93646660666667,-10.251000000000001,0,1,20.430399999999995,15.665764000000001,168.246841,1,1,1789162763.0095947,-0.7566611210635203,0.6533631918946068,0.02058207404965021,0.012524598835979305,179.54447287599677,2.7233503120997367,-81.63085745995693,-0.06158306999199392,-0.2398918404951914,1.0243033692664874,-3.021330848331451,0.2512463771438599,0.2943956378555298
2026-09-11T17:39:23.054,23.356539903999987,-125.2182846069336,-11269.645614624023,-45078.582458496094,-85.77452495574951,-76.1327914428711,-4.835057735443115,-3.312014548778534,-7.40876554397488,2.113638151002543,0.0,0.24185945093631744,1981.3126220703125,87.06940233707428,-0.045776356011629105,-16.479488164186478,-1644.3684821760048,1,1789162762.0751467,38.991407968333334,-76.93646660666667,-10.251000000000001,0,1,20.430399999999995,15.665764000000001,168.246841,1,1,1789162763.0495946,-0.7434783840072193,0.6683075487967032,0.021160913328848556,0.012535090045359661,179.44673809619957,2.763871628803454,-83.91765182739569,0.059067876006944894,0.07746678791561872,1.0222735513464178,8.411850309238433,-4.3658225855064385,-14.802157754135132
2026-09-11T17:39:23.085,23.38994486400003,-125.37837219238281,-11284.053497314453,-45136.21398925781,-85.88418495178223,-76.24245143890381,-4.758110046386719,-3.2593053817749027,-7.290858495380501,1.5778844519965427,0.0,0.24201013147830963,1982.5469970703125,87.12364733219147,0.0,0.0,493.32458904803775,1,1789162763.0787215,38.99139662,-76.93647680833334,-10.274000000000001,0,1,20.693401000000005,7.529536000000001,72.88036900000002,1,1,1789162763.0815947,-0.7334177383877782,0.6792640632534096,0.02336860316357483,0.01235563745049446,179.21840327518106,2.926988945214365,-85.62937140316471,-0.017973575169962803,-0.017635679426776706,0.9770810428928279,4.5003698257255556,-2.00496962556839,-13.713031187171936
2026-09-11T17:39:23.118,23.423345120000022,-125.53121185302734,-11297.809066772461,-45191.236267089844,-85.98888011932374,-76.34714660644532,-4.679232597351074,-3.205274329185486,-7.169994472945335,1.6176837862987559,0.0,0.2422180324792862,1984.2501220703125,87.19849169254303,0.0,0.0,0.0,1,1789162763.0787215,38.99139662,-76.93647680833334,-10.274000000000001,0,1,20.693401000000005,7.529536000000001,72.88036900000002,1,1,1789162763.1095946,-0.7247580352170523,0.6883771258173438,0.026669230252390375,0.01230752605179246,178.91668614929407,3.1873989442736153,-87.08065391156549,-0.10538839075609881,-0.08609342680945109,0.9809275740312983,-4.37994416173935,-1.0541168258857727,-9.733296418533325
2026-09-11T17:39:23.152,23.456759264000027,-125.68482208251953,-11311.633987426758,-45246.53594970703,-86.09410312652588,-76.45236961364746,-4.600948333740234,-3.1516496086120607,-7.050039389343364,1.6048509449596247,0.0,0.24393846094608307,1998.3438720703125,87.8178459405899,0.0,0.0,0.0,1,1789162763.0787215,38.99139662,-76.93647680833334,-10.274000000000001,0,1,20.693401000000005,7.529536000000001,72.88036900000002,1,1,1789162763.1495945,-0.712439792775536,0.7010482970311743,0.02912345061072303,0.0106137422319496,178.52438200371608,3.2319868751553162,-89.11814305973166,-0.15018366227193486,-0.04369780848218203,0.9302550807922965,-0.9089784034919738,-0.957815521297455,-15.505000371227265
2026-09-11T17:39:23.185,23.490175264000015,-125.83850860595703,-11325.465774536133,-45301.86309814453,-86.19937839508057,-76.55764488220215,-4.601382732391357,-3.15194717168808,-7.050705018987286,-0.008904808355861323,0.0,0.2442932277917862,2001.2501220703125,87.94556200504303,0.015258789993822575,5.493164397776127,164.38725154949853,1,1789162763.0787215,38.99139662,-76.93647680833334,-10.274000000000001,0,1,20.693401000000005,7.529536000000001,72.88036900000002,1,1,1789162763.1815946,-0.7020285251182691,0.7112861840063935,0.03359730644161933,0.009956674231805471,178.05852482636078,3.5165370502468396,-90.81020383541936,-0.0842465193949907,-0.2075482714618585,0.9827706417214043,1.050978697834015,0.869947935848236,-8.661821821861267
2026-09-11T17:39:23.218,23.523591552000028,-125.99259185791016,-11339.333267211914,-45357.333068847656,-86.30492542266846,-76.66319190979004,-4.6026811599731445,-3.152836594581604,-7.052694601336794,-0.026616448048442504,0.0,0.24486161768436432,2005.9063720703125,88.15018236637115,-0.03051757998764515,-10.986328795552254,-493.1575043081499,1,1789162763.0787215,38.99139662,-76.93647680833334,-10.274000000000001,0,1,20.693401000000005,7.529536000000001,72.88036900000002,1,1,1789162763.2095945,-0.6928839677694264,0.7200903909082086,0.03613190017279943,0.00872478765717717,177.70615079565823,3.59111201175942,-92.27807418810661,-0.08539913483300775,-0.17206084084690818,0.9747873311898569,5.525066701126098,-2.605528881473541,-12.548785679969788
2026-09-11T17:39:23.251,23.556994815999985,-126.14681243896484,-11353.213119506836,-45412.852478027344,-86.41056652069092,-76.7688330078125,-4.629222869873047,-3.1710176658630376,-7.093364499514661,-0.5442902610192951,0.0,0.24129678308963776,1976.7032470703125,86.86684191226959,-0.1525879204273224,-54.93165135383606,-1315.5996539242212,1,1789162763.0787215,38.99139662,-76.93647680833334,-10.274000000000001,0,1,20.693401000000005,7.529536000000001,72.88036900000002,1,1,1789162763.2415946,-0.6824743294461325,0.7294866461801601,0.04399287244926036,0.011943611913363926,177.24723357624555,4.4433526784794415,-93.9208184162692,-0.033800046294122185,-0.2332126399807343,0.9197401701807314,-3.506073565826416,0.09502644006729127,-9.268657333869934
2026-09-11T17:39:23.286,23.590399104000028,-126.29826354980469,-11366.843719482422,-45467.37487792969,-86.51431053161622,-76.8725770187378,-4.525128364562988,-3.0997129297256474,-6.93386034745357,2.134598292808981,0.0,0.23432733118534088,1919.6094970703125,84.35783922672272,-0.2593994438648224,-93.38379979133606,-1151.1141455088375,1,1789162763.0787215,38.99139662,-76.93647680833334,-10.274000000000001,0,1,20.693401000000005,7.529536000000001,72.88036900000002,1,1,1789162763.2815945,-0.6693379155463918,0.7412698351747967,0.04783694404424368,0.014744933246673324,177.05534210524468,4.927671639780397,-95.96510742610401,-0.01784285000898843,-0.4091999480458542,0.8782369387000071,-6.3059702535057065,2.408415213222504,-5.178891950416565
2026-09-11T17:39:23.319,23.623807520000014,-126.44840240478516,-11380.356216430664,-45521.424865722656,-86.61715564727784,-76.97542213439942,-4.473788738250732,-3.064545285701752,-6.855192568230468,1.0526582291093989,0.0,0.22260285913944244,1823.5626220703125,80.13702929019928,-0.3814697861671448,-137.32912302017212,-1315.396791899811,1,1789162763.0787215,38.99139662,-76.93647680833334,-10.274000000000001,0,1,20.693401000000005,7.529536000000001,72.88036900000002,1,1,1789162763.3095946,-0.6610786459948336,0.7485284710812433,0.04906300637430561,0.01652190049385647,177.02994751120852,5.140782052010509,-97.23334316498628,0.13519110946437837,-0.1347849713474393,0.9061498148942272,-0.036480738601684576,-1.1819955439949035,-7.003615346012115
2026-09-11T17:39:23.352,23.657211168000003,-126.59385681152344,-11393.44711303711,-45573.78845214844,-86.71679191589357,-77.07505840301515,-4.370569229125977,-2.9938399219512943,-6.697029174014162,2.116695869579267,0.0,0.2145252376794815,1757.3907470703125,77.22908556461334,-0.2746582627296448,-98.87697458267212,1151.136200378835,1,1789162763.0787215,38.99139662,-76.93647680833334,-10.274000000000001,0,1,20.693401000000005,7.529536000000001,72.88036900000002,1,1,1789162763.3495946,-0.6494977542309301,0.7583390276637789,0.052594128247585865,0.017562575118954087,176.72013551817014,5.448805114008828,-98.99771800897902,0.07777064973839093,-0.21577400822650777,0.7870441834150042,-4.969323836460114,-2.2216965941429136,-13.216030156974794
2026-09-11T17:39:23.385,23.690620927999987,-126.73524475097656,-11406.17202758789,-45624.68811035156,-86.81364265441896,-77.17190914154054,-4.26910924911499,-2.9243398356437686,-6.5415619086519445,2.0802330309334676,0.0,0.202058807015419,1655.2657470703125,72.74117052555084,-0.3204346299171448,-115.35646677017212,-493.2538332363978,1,1789162763.0787215,38.99139662,-76.93647680833334,-10.274000000000001,0,1,20.693401000000005,7.529536000000001,72.88036900000002,1,1,1789162763.3815947,-0.640943131770831,0.7653015782900634,0.05564762320581915,0.020217273161345434,176.5848350966051,5.870394450629556,-100.28254273470512,0.07601415037918384,-0.09645544657854142,0.7289264646528449,-1.1064843377494813,-1.1947441892051696,-2.9467022406005863
2026-09-11T17:39:23.418,23.724021343999993,-126.87360382080078,-11418.62434387207,-45674.49737548828,-86.90841861724854,-77.26668510437013,-4.16706657409668,-2.8544406032562257,-6.385201778937506,2.0927653232681203,0.0,0.1847992092370987,1513.8751220703125,66.52771532535553,-0.6103516221046448,-219.72658395767212,-3124.814888158287,1,1789162763.0787215,38.99139662,-76.93647680833334,-10.274000000000001,0,1,20.693401000000005,7.529536000000001,72.88036900000002,1,1,1789162763.4095945,-0.6339275270943827,0.7709247798322532,0.058382916900597076,0.020057648086721964,176.27624001240002,6.024110255689956,-101.33543415234541,-0.015611970159089278,-0.11122040845163786,0.7039679072834757,0.6897017058753968,2.7048702476119995,-9.048203838233949
2026-09-11T17:39:23.453,23.757431871999984,-127.01007080078125,-11430.906372070312,-45723.62548828125,-87.00189849853517,-77.36016498565674,-4.012413024902344,-2.7485029220581056,-6.148225935169342,3.1707873996529097,0.0,0.17892266809940338,1465.7344970703125,64.41216051578522,0.0457763709127903,16.479493528604507,7069.80977631796,1,1789162763.0787215,38.99139662,-76.93647680833334,-10.274000000000001,0,1,20.693401000000005,7.529536000000001,72.88036900000002,1,1,1789162763.4495945,-0.6249443758013083,0.7780712512107988,0.06005034754534266,0.021062073811914505,176.12871216236138,6.190345801681411,-102.66677237329584,0.05658514514598296,0.02955121676306719,0.5874183104937983,-3.7037756330871585,-0.6436104501152038,-10.109871784744263
2026-09-11T17:39:23.486,23.790848063999988,-127.14053344726562,-11442.648010253906,-45770.592041015625,-87.09126541137697,-77.44953189849853,-3.9364285469055176,-2.69645355463028,-6.031794816191565,1.5576091802387042,0.0,0.17502404749393463,1433.7969970703125,63.00865709781647,-0.06103518605232239,-21.97266697883606,-1150.704440153914,1,1789162763.0787215,38.99139662,-76.93647680833334,-10.274000000000001,0,1,20.693401000000005,7.529536000000001,72.88036900000002,1,1,1789162763.4815946,-0.6177529722648397,0.7836989197908375,0.06156835652121785,0.020164470037834073,175.8707051678729,6.181238615824266,-103.72895422951343,0.09306584263824323,0.06338547151052847,0.6682357815073957,4.4596722275543215,-0.694310831451416,-11.040424818592072
2026-09-11T17:39:23.519,23.824258687999986,-127.2686767578125,-11454.180908203125,-45816.7236328125,-87.17904357910157,-77.53731006622316,-3.8599352836608887,-2.644055669307709,-5.914584084886601,1.5683001108441894,0.0,0.1737365871667862,1423.2501220703125,62.54517138004303,0.0,0.0,657.6550913516967,1,1789162763.0787215,38.99139662,-76.93647680833334,-10.274000000000001,0,1,20.693401000000005,7.529536000000001,72.88036900000002,1,1,1789162763.5095947,-0.611602212938279,0.7886262256720564,0.06074040422912449,0.01794470967526026,175.74217276093003,5.888982889654626,-104.62990354692847,-0.14307598342611313,0.011297341715234097,0.5766260670640914,6.9815503831481935,-0.038344002132415775,-12.620668425655365
2026-09-11T17:39:23.553,23.857664479999983,-127.39947509765625,-11465.952758789062,-45863.81103515625,-87.26864044189453,-77.62690692901612,-3.859956741333008,-2.6440703678131108,-5.914616964506773,-0.0004399987104542152,0.0,0.17336465418338776,1420.2032470703125,62.41127550601959,-0.1220703199505806,-43.945315182209015,-1315.4998744593086,1,1789162763.0787215,38.99139662,-76.93647680833334,-10.274000000000001,0,1,20.693401000000005,7.529536000000001,72.88036900000002,1,1,1789162763.5495946,-0.6028692865483014,0.7950152806456591,0.06465601900612547,0.017858501698799153,175.31164541365007,6.1051715016406005,-105.90323404851145,-0.04484920218972269,-0.07206237588681827,0.5884782489485345,0.6192899577140808,1.5693582253837586,-8.97710562456131
2026-09-11T17:39:23.586,23.89106848,-127.52119445800781,-11476.907501220703,-45907.63000488281,-87.35201820373535,-77.71028469085694,-3.7302064895629883,-2.5551914453506472,-5.7158004772518,2.6607269327749354,0.0,0.17345811426639557,1420.9688720703125,62.444921135902405,0.0915527418255806,32.958987057209015,2302.248300783592,1,1789162763.0787215,38.99139662,-76.93647680833334,-10.274000000000001,0,1,20.693401000000005,7.529536000000001,72.88036900000002,1,1,1789162763.5815947,-0.5960314221036572,0.8000281776733301,0.06613657393248885,0.01809454012277789,175.1385702747253,6.1880056191215465,-106.88975051569949,0.002329665485562031,-0.028304179012517243,0.613335402688363,1.4794312434005736,0.6626353514289857,-12.948995073070526
2026-09-11T17:39:23.619,23.924469536000004,-127.64525604248047,-11488.073043823242,-45952.29217529297,-87.43700038909913,-77.79526687622071,-3.7055978775024414,-2.5383345460891724,-5.678092667522302,0.5046816262777319,0.0,0.17287065088748932,1416.1563720703125,62.233434319496155,-0.0915527418255806,-32.958987057209015,-1973.52964272786,1,1789162763.0787215,38.99139662,-76.93647680833334,-10.274000000000001,0,1,20.693401000000005,7.529536000000001,72.88036900000002,1,1,1789162763.6095946,-0.5907934717549778,0.8039129873271214,0.06652367179632951,0.016173547205795055,174.93230609750225,6.004567913809419,-107.6418315260732,0.04800405934562764,0.019570376902612416,0.5366109033036174,-3.0061305405807492,-0.47003274225234987,-12.33372584192276
2026-09-11T17:39:23.654,23.957884576000026,-127.76920318603516,-11499.228286743164,-45996.913146972656,-87.52190418243408,-77.88017066955567,-3.654750108718872,-2.5035038244724275,-5.6001785622593605,1.0423665994929643,0.0,0.1712207943201065,1402.6407470703125,61.63948595523834,0.015258789993822575,5.493164397776127,1150.7438403473147,1,1789162763.0787215,38.99139662,-76.93647680833334,-10.274000000000001,0,1,20.693401000000005,7.529536000000001,72.88036900000002,1,1,1789162763.6495945,-0.5827222515013876,0.8096234980618674,0.0684608796382658,0.016052319158732543,174.6829500370452,6.07210901207283,-108.79370411744198,0.025549176788244192,0.06751422238904625,0.5039578873939059,5.520653708553314,-0.4031513881492615,-11.260878314228059
2026-09-11T17:39:23.686,23.991300384,-127.88867950439453,-11509.981155395508,-46039.92462158203,-87.60374546051025,-77.96201194763184,-3.6291840076446533,-2.4859910452365876,-5.561003590811974,0.524086660895773,0.0,0.1713104397058487,1403.3751220703125,61.67175829410553,0.0457763746380806,16.479494869709015,328.77644233357887,1,1789162763.0787215,38.99139662,-76.93647680833334,-10.274000000000001,0,1,20.693401000000005,7.529536000000001,72.88036900000002,1,1,1789162763.6815946,-0.5763946043930434,0.8139678391263301,0.07062355093708111,0.015425010458249639,174.39066892606252,6.1150350070698245,-109.69298981855637,0.010429913076992913,0.04370461526626481,0.5506770353442153,-0.8365072587966919,2.558260827693939,-6.679995890674592
2026-09-11T17:39:23.719,24.024705760000018,-128.00811767578125,-11520.730590820312,-46082.92236328125,-87.68556060791016,-78.04382709503174,-3.6038408279418945,-2.468630967140198,-5.5221702020852605,0.5196791706933659,0.0,0.17098809778690338,1400.7344970703125,61.55571520328522,0.0,0.0,-493.31864636697213,1,1789162763.0787215,38.99139662,-76.93647680833334,-10.274000000000001,0,1,20.693401000000005,7.529536000000001,72.88036900000002,1,1,1789162763.7095945,-0.5711014467775473,0.8176942567040105,0.0708073251002593,0.014337459817356768,174.2627484561404,5.98820047823474,-110.43719826065613,0.086858230087675,0.03727133164341371,0.5495083628770799,-4.00650692358017,0.1344491737174988,-7.499537644691467
2026-09-11T17:39:23.753,24.058105280000007,-128.1269073486328,-11531.421661376953,-46125.68664550781,-87.76693153381348,-78.12519802093506,-3.5790319442749023,-2.4516368818283083,-5.484155515900826,0.5088122617299617,0.0,0.17115212976932526,1402.0782470703125,61.61476671695709,-0.0457763709127903,-16.479493528604507,-493.4051006903669,1,1789162763.0787215,38.99139662,-76.93647680833334,-10.274000000000001,0,1,20.693401000000005,7.529536000000001,72.88036900000002,1,1,1789162763.7495947,-0.56319405557809,0.8231065186046779,0.0720294776303743,0.010948476802087055,173.87085749015228,5.6906100107154005,-111.54271517403627,-0.017170723714045412,-0.0008922123136195012,0.524650860071401,0.37294690565109256,0.14366742486953735,-4.028964152450562
2026-09-11T17:39:23.786,24.09151622400003,-128.24652099609375,-11542.186889648438,-46168.74755859375,-87.84886688232423,-78.20713336944581,-3.579556703567505,-2.451996341943741,-5.4849596052785845,-0.010758753641698877,0.0,0.17111016809940338,1401.7344970703125,61.59966051578522,0.0,0.0,493.2363936975949,1,1789162763.0787215,38.99139662,-76.93647680833334,-10.274000000000001,0,1,20.693401000000005,7.529536000000001,72.88036900000002,1,1,1789162763.7815945,-0.5565488255100846,0.8276572536173171,0.07187352977513115,0.0084303662820129,173.6802787187224,5.391301283051248,-112.46101903180535,-0.055551212097101524,-0.026652224875504612,0.5117080219373867,-5.400620310573578,0.6502789722251892,-4.475853200321198
2026-09-11T17:39:23.819,24.12492409600003,-128.36358642578125,-11552.722778320312,-46210.89111328125,-87.92905670166016,-78.28732318878174,-3.5546791553497314,-2.434955221414566,-5.4468397043096,0.5100929663875625,0.0,0.171175017952919,1402.2657470703125,61.62300646305084,0.015258791856467724,5.493165068328381,164.42726637388688,1,1789162763.0787215,38.99139662,-76.93647680833334,-10.274000000000001,0,1,20.693401000000005,7.529536000000001,72.88036900000002,1,1,1789162763.8095946,-0.5513732601388975,0.8310854266488673,0.07243782739217862,0.006107600050352906,173.44641301396393,5.165473162893351,-113.1723630401463,-0.011331026569797587,0.04622905949634941,0.5312565822243491,-1.9910441823387144,2.2164010030555725,-12.054432445316314
2026-09-11T17:39:23.853,24.158322655999996,-128.47854614257812,-11563.069152832031,-46252.276611328125,-88.00780410766602,-78.3660705947876,-3.451909065246582,-2.364557709693909,-5.289364955471337,2.1078008070026963,0.0,0.1714172512292862,1404.2501220703125,61.71021044254303,-0.03051757998764515,-10.986328795552254,-493.4192930442868,1,1789162763.0787215,38.99139662,-76.93647680833334,-10.274000000000001,0,1,20.693401000000005,7.529536000000001,72.88036900000002,1,1,1789162763.8495946,-0.5442644759094736,0.8356980391125828,0.07330160685734394,0.003441237931546174,173.15365669508463,4.907226795585771,-114.14378753124201,-0.16800940805425374,0.013667673372367595,0.5132184298720626,-2.7388012571716307,2.3034840564918517,-11.471034827194215
2026-09-11T17:39:23.886,24.191729887999998,-128.59613037109375,-11573.651733398438,-46294.60693359375,-88.08834930419923,-78.44661579132081,-3.4533560276031494,-2.3655488789081573,-5.2915821378582555,-0.029669300774404196,0.0,0.17086602747440338,1399.7344970703125,61.51176989078522,0.0,0.0,328.8607926436901,1,1789162763.0787215,38.99139662,-76.93647680833334,-10.274000000000001,0,1,20.693401000000005,7.529536000000001,72.88036900000002,1,1,1789162763.8815947,-0.5384098957121641,0.8395230747427391,0.07289586733763069,0.0014084384290623825,173.03424905748764,4.638031636575214,-114.93603408450588,-0.015323816299585015,0.0814431715504374,0.5561709827636431,5.455733684482574,-1.405194901676178,-10.956283760204315
2026-09-11T17:39:23.920,24.225133760000006,-128.71353149414062,-11584.217834472656,-46336.871337890625,-88.16876907348633,-78.52703556060791,-3.5072824954986572,-2.4024885094165804,-5.374213737957628,-1.1058487623355215,0.0,0.17064858973026276,1397.9532470703125,61.43349230289459,-0.0457763709127903,-16.479493528604507,-493.3408177531196,1,1789162763.0787215,38.99139662,-76.93647680833334,-10.274000000000001,0,1,20.693401000000005,7.529536000000001,72.88036900000002,1,1,1789162763.9095945,-0.5333217566164812,0.8427841528073271,0.07259796595208935,-0.003508708589511095,172.73635745649096,4.10140948251059,-115.6084080243301,0.002140646327571045,0.1342266405197263,0.5215954866828598,1.4514822904396056,-0.03000834949493408,-11.18713230501175
2026-09-11T17:39:23.954,24.258543487999987,-128.8311767578125,-11594.805908203125,-46379.2236328125,-88.24935607910157,-78.60762256622316,-3.508517265319824,-2.40333432674408,-5.37610577743396,-0.025316498461164492,0.0,0.17023278772830963,1394.5469970703125,61.28380358219147,-0.0915527418255806,-32.958987057209015,-493.2543458184959,1,1789162763.0787215,38.99139662,-76.93647680833334,-10.274000000000001,0,1,20.693401000000005,7.529536000000001,72.88036900000002,1,1,1789162763.9495945,-0.5258213907323511,0.8474235906346352,0.072881966046593,-0.008564000781252924,172.36935039885833,3.5621453268466845,-116.59891053024064,0.0024029693141457927,0.18515604622462165,0.4959604396954175,2.457154264526367,0.08345459287643432,-13.880724904937745
2026-09-11T17:39:23.987,24.291957567999987,-128.94924926757812,-11605.432434082031,-46421.729736328125,-88.33023574829102,-78.6885022354126,-3.5617551803588867,-2.4398022985458376,-5.457682307054927,-1.091395357937664,0.0,0.16927529871463776,1386.7032470703125,60.93910753726959,-0.0610351637005806,-21.972658932209015,328.793374679177,1,1789162763.0787215,38.99139662,-76.93647680833334,-10.274000000000001,0,1,20.693401000000005,7.529536000000001,72.88036900000002,1,1,1789162763.9815946,-0.5193153381199448,0.8514211389654686,0.07211716675303563,-0.013883010322920114,172.10233737708887,2.9384142251145065,-117.44155653066541,-0.0657734309931071,0.07861957788656097,0.519666897859406,-0.46640428169250486,0.5530950691223144,-14.693892336349487
2026-09-11T17:39:24.020,24.325357472000007,-129.06980895996094,-11616.282806396484,-46465.13122558594,-88.41281913757325,-78.77108562469483,-3.641061782836914,-2.4941273212432864,-5.57920392189353,-1.62650236052819,0.0,0.16828157007694244,1378.5626220703125,60.58136522769928,-0.0457763746380806,-16.479494869709015,164.46646261308354,1,1789162763.0787215,38.99139662,-76.93647680833334,-10.274000000000001,0,1,20.693401000000005,7.529536000000001,72.88036900000002,1,1,1789162764.0095947,-0.5136941680652121,0.8547811569891345,0.07173560997050266,-0.017929796827251474,171.88338950414624,2.467243980822838,-118.16622860995533,0.08604036880019046,0.1719925984731552,0.5470811334863314,1.4997310092353822,0.8179726899909973,-10.775841397228241
2026-09-11T17:39:24.056,24.358757184000012,-129.19161987304688,-11627.245788574219,-46508.983154296875,-88.49625961303711,-78.8545261001587,-3.6154956817626953,-2.4766145420074466,-5.5400289504461435,0.5243392289082388,0.0,0.16838456690311432,1379.4063720703125,60.618444085121155,0.0,0.0,493.40230447815213,1,1789162763.0787215,38.99139662,-76.93647680833334,-10.274000000000001,0,1,20.693401000000005,7.529536000000001,72.88036900000002,1,1,1789162764.0495946,-0.5063494528580069,0.8590052149682575,0.0727860840051701,-0.02055378852978598,171.60656337720607,2.2006281651634323,-119.12617578286563,-0.03109914927666096,0.03279246771694586,0.5537018654708467,0.15818126710891722,-1.7217535688972474,-12.43718600112915
2026-09-11T17:39:24.087,24.39217616000002,-129.31317138671875,-11638.185424804688,-46552.74169921875,-88.57952239990234,-78.93778888702393,-3.641322374343872,-2.4943058264255527,-5.579603226614061,-0.5293784111787945,0.0,0.16856767237186432,1380.9063720703125,60.684362053871155,-0.0457763709127903,-16.479493528604507,-493.1178480334333,1,1789162764.0723326,38.99139456166667,-76.93649200333333,-10.21,0,1,17.172736,6.959044,72.471169,1,1,1789162764.0815947,-0.4995258496038762,0.8629314653170457,0.0733872775785439,-0.020916960412828818,171.50889853986078,2.132919921475202,-120.0277588351282,0.040480992137831275,0.04102326593642592,0.5283839448084917,-7.359989012889862,1.4064697661972045,-3.3256312028503414
2026-09-11T17:39:24.120,24.425584287999982,-129.43731689453125,-11649.358520507812,-46597.43408203125,-88.66456207275391,-79.02282855987549,-3.718705654144287,-2.5473133730888367,-5.698177731497928,-1.5866661748704936,0.0,0.16846467554569244,1380.0626220703125,60.64728319644928,0.0610351599752903,21.972657591104507,1150.9819143339137,1,1789162764.0723326,38.99139456166667,-76.93649200333333,-10.21,0,1,17.172736,6.959044,72.471169,1,1,1789162764.1095946,-0.49369365920866787,0.8662026660292098,0.0737780245331906,-0.02272257285222925,171.35373360478442,1.9187805849612345,-120.78296594074928,0.09653206653270396,0.14098664977855074,0.5252306584489136,-2.3525173073005674,2.4044925531578065,-9.347208601665498
2026-09-11T17:39:24.154,24.458990303999997,-129.56475830078125,-11660.828247070312,-46643.31298828125,-88.75185943603516,-79.11012592315674,-3.7979376316070557,-2.6015872776508333,-5.819584998324156,-1.624674566460497,0.0,0.1695861965417862,1389.2501220703125,61.05103075504303,0.0,0.0,-657.7455267666368,1,1789162764.0723326,38.99139456166667,-76.93649200333333,-10.21,0,1,17.172736,6.959044,72.471169,1,1,1789162764.1495945,-0.4846533409184887,0.8711478026122739,0.07481325075981071,-0.02481174421728198,171.11433226039856,1.678295341452868,-121.95263706496753,-0.04643081955787995,0.10912217362489027,0.6140666956449485,-1.1824858765029909,0.02991028299331665,-8.661625688858033
2026-09-11T17:39:24.187,24.49239436800002,-129.6934051513672,-11672.406463623047,-46689.62585449219,-88.83998252868653,-79.19824901580812,-3.877445697784424,-2.6560503029823304,-5.941415316263259,-1.6304311155510307,0.0,0.17021562159061432,1394.4063720703125,61.277623772621155,0.030517585575580597,10.986330807209015,328.89204161509036,1,1789162764.0723326,38.99139456166667,-76.93649200333333,-10.21,0,1,17.172736,6.959044,72.471169,1,1,1789162764.1815946,-0.4775791313668017,0.8748992368777828,0.07576816249814705,-0.02699415020442127,170.88522123019442,1.440353522978708,-122.85742535650401,-0.0839932721205263,0.027074594554487238,0.5893887872192999,-3.2205039131164552,3.5887436266899106,-14.246807155475615
2026-09-11T17:39:24.220,24.525799360000008,-129.82485961914062,-11684.237365722656,-46736.949462890625,-88.93002883911133,-79.28829532623291,-3.9562180042266846,-2.7100093328952792,-6.062118228559584,-1.6152983935146525,0.0,0.17012406885623932,1393.6563720703125,61.244664788246155,-0.0305175818502903,-10.986329466104507,-657.7657696586801,1,1789162764.0723326,38.99139456166667,-76.93649200333333,-10.21,0,1,17.172736,6.959044,72.471169,1,1,1789162764.2095945,-0.4715766214922404,0.8781521637933403,0.07437038549871891,-0.030550172631438725,170.82489874200317,0.9446937815600338,-123.60330404184829,0.24713740035192067,0.2607329916261809,0.5787459439735637,-0.034813608074188235,-0.12748645210266113,-11.158202687034608
2026-09-11T17:39:24.254,24.559207071999992,-129.95880126953125,-11696.292114257812,-46785.16845703125,-89.02177886962892,-79.3800453567505,-4.0095391273498535,-2.74653430223465,-6.143822258040996,-1.0933095130665418,0.0,0.17327310144901276,1419.4532470703125,62.37831652164459,0.1525879055261612,54.93164598941803,1973.1364858375425,1,1789162764.0723326,38.99139456166667,-76.93649200333333,-10.21,0,1,17.172736,6.959044,72.471169,1,1,1789162764.2495947,-0.4617411849716108,0.8831115204917088,0.07661597515029668,-0.032235273034427074,170.49664420786658,0.7917852846410128,-124.85953539496157,-0.008467115800200091,0.09957365182015449,0.5931077347894494,0.17995203046798708,0.9894910013198853,-14.275148374443054
2026-09-11T17:39:24.289,24.592621087999987,-130.0972900390625,-11708.756103515625,-46835.0244140625,-89.11664367675782,-79.4749101638794,-4.061896800994873,-2.782399308681488,-6.224049992576694,-1.0733521659546732,0.0,0.176912322640419,1449.2657470703125,63.68843615055084,0.061035171151161194,21.97266161441803,-986.3820133145687,1,1789162764.0723326,38.99139456166667,-76.93649200333333,-10.21,0,1,17.172736,6.959044,72.471169,1,1,1789162764.2815945,-0.45456424860626204,0.8867363520829148,0.07715574064645521,-0.03342121285959566,170.37333158610727,0.622982055009798,-125.77073181459525,0.007004529887028843,0.09490943392712484,0.6352303836217066,-0.4478697128868103,-0.032558078536987306,-14.180416133880614
2026-09-11T17:39:24.321,24.62602252800002,-130.23365783691406,-11721.029205322266,-46884.11682128906,-89.21005561828613,-79.56832210540772,-4.114948272705078,-2.8187395668029787,-6.305340834831281,-1.0879847731550865,0.0,0.1779174953699112,1457.5001220703125,64.05029833316803,0.0610351599752903,21.972657591104507,-0.00012045329549668361,1,1789162764.0723326,38.99139456166667,-76.93649200333333,-10.21,0,1,17.172736,6.959044,72.471169,1,1,1789162764.3095946,-0.44771735747568664,0.890080412009122,0.07768207617410866,-0.035658421360734625,170.1994170617243,0.34844660191339977,-126.62437234311032,-0.05458604502074865,0.05551037139260485,0.6608896906857517,2.226697985725403,1.9994779014778137,-5.073960793685913
2026-09-11T17:39:24.354,24.659425055999975,-130.3715057373047,-11733.435516357422,-46933.74206542969,-89.30448143005371,-79.6627479171753,-4.142709255218506,-2.837755839824677,-6.347879026093132,-0.5693064016509363,0.0,0.1798858791589737,1473.6251220703125,64.75891649723053,0.1068115308880806,38.452151119709015,493.36066804965645,1,1789162764.0723326,38.99139456166667,-76.93649200333333,-10.21,0,1,17.172736,6.959044,72.471169,1,1,1789162764.3495946,-0.43688796158811427,0.8950676978589884,0.07918283052892436,-0.0413860437614001,169.75182212390965,-0.2806685653453707,-127.94026522527064,-0.03733363989770991,0.1404419325190033,0.6940542625992226,1.5081647283744812,0.33362223850250244,-3.9235426632118227
2026-09-11T17:39:24.387,24.69283625600002,-130.5106201171875,-11745.955810546875,-46983.8232421875,-89.39977478027345,-79.75804126739503,-4.17019510269165,-2.8565836453437807,-6.389995627558558,-0.5635177880195236,0.0,0.1809387356042862,1482.2501220703125,65.13794481754303,0.0,0.0,-1150.8760870503347,1,1789162764.0723326,38.99139456166667,-76.93649200333333,-10.21,0,1,17.172736,6.959044,72.471169,1,1,1789162764.3815947,-0.42869857863479055,0.898835863802567,0.07977692419042408,-0.04412778020157923,169.55692315988685,-0.6260693954686316,-128.94529217575828,-0.011571707473647604,0.11491649220858624,0.6783527570495061,-2.319861162261963,0.0913979795074463,-10.116736439857483
2026-09-11T17:39:24.421,24.726245791999986,-130.65087890625,-11758.5791015625,-47034.31640625,-89.49585205078125,-79.85411853790283,-4.197691440582275,-2.875418636798859,-6.432128303504956,-0.5637609410408372,0.0,0.18516923487186432,1516.9063720703125,66.66092455387115,0.1220703274011612,43.94531786441803,1315.352534811137,1,1789162764.0723326,38.99139456166667,-76.93649200333333,-10.21,0,1,17.172736,6.959044,72.471169,1,1,1789162764.4095945,-0.4210797519479738,0.9024197456560529,0.07853394472742721,-0.04650660893945067,169.57572717248328,-1.0198532100158877,-129.87833665642702,-0.042327375953516086,0.10842788164844692,0.7076133764921162,0.1444519568824768,0.05226944536209106,-12.056786041355132
2026-09-11T17:39:24.454,24.759653152,-130.7898712158203,-11771.088409423828,-47084.35363769531,-89.59106178283692,-79.9493282699585,-4.146559238433838,-2.840393078327179,-6.353778360610183,1.0484383821908292,0.0,0.18786241114139557,1538.9688720703125,67.6304680109024,0.1220703274011612,43.94531786441803,0.0,1,1789162764.0723326,38.99139456166667,-76.93649200333333,-10.21,0,1,17.172736,6.959044,72.471169,1,1,1789162764.4495945,-0.4090163946963968,0.9080532764635001,0.07662570216802084,-0.04767953167472798,169.7342055863668,-1.3700023314489786,-131.38026582292252,-0.04717363168752874,0.13140322138877508,0.7311151075348458,3.1233200100135803,3.90530229391098,-8.096664573040009
2026-09-11T17:39:24.488,24.79306073600003,-130.93109130859375,-11783.798217773438,-47135.19287109375,-89.68779754638672,-80.0460640335083,-4.174432277679443,-2.859486110210419,-6.396488256555154,-0.5715178889686292,0.0,0.18902207911014557,1548.4688720703125,68.0479484796524,0.0457763746380806,16.479494869709015,-822.1433490875472,1,1789162764.0723326,38.99139456166667,-76.93649200333333,-10.21,0,1,17.172736,6.959044,72.471169,1,1,1789162764.4815946,-0.39914553299373556,0.9124230377916094,0.07449343832052159,-0.05116415977483252,169.81165031896637,-1.942657285304232,-132.57221836773536,0.036346132606931515,0.13067262656389025,0.727054599030081,0.20790098342895508,-1.0503902988243103,-9.753694250869751
2026-09-11T17:39:24.521,24.826460096000005,-131.06680297851562,-11796.012268066406,-47184.049072265625,-89.78076004028321,-80.1390265274048,-4.149099349975586,-2.8421330547332766,-6.357670576980301,0.5195625148851645,0.0,0.18868829309940338,1545.7344970703125,67.92778551578522,0.0,0.0,-493.40750450670197,1,1789162764.0723326,38.99139456166667,-76.93649200333333,-10.21,0,1,17.172736,6.959044,72.471169,1,1,1789162764.5095947,-0.39034200054769386,0.9159222031760883,0.07605330730275135,-0.054180575724126316,169.527690562808,-2.285377401027441,-133.62567249086425,-0.11748893299310069,0.06745470666155325,0.7388610532881219,5.7119814532089235,-0.38147869129180906,-6.900547452812194
2026-09-11T17:39:24.555,24.85986118400001,-131.20565795898438,-11808.509216308594,-47234.036865234375,-89.8758757019043,-80.23414218902589,-4.148664951324463,-2.8418354916572572,-6.357004947336377,0.008908783930011889,0.0,0.18847467005252838,1543.9844970703125,67.85088121891022,-0.015258789993822575,-5.493164397776127,-164.46064265257743,1,1789162764.0723326,38.99139456166667,-76.93649200333333,-10.21,0,1,17.172736,6.959044,72.471169,1,1,1789162764.5495946,-0.3776031476485729,0.9210555732108745,0.07745437602794931,-0.05543747448431273,169.35506451132005,-2.500491489105376,-135.18290911710173,0.015044040020490323,-0.04982653215056011,0.7499805459525778,2.7615526855468753,-0.6430220511054993,-9.764579632549285
2026-09-11T17:39:24.588,24.89326576000002,-131.3450469970703,-11821.054229736328,-47284.21691894531,-89.97135719299317,-80.32962368011475,-4.174687385559082,-2.8596608591079713,-6.396879158706085,-0.5336205270412356,0.0,0.186708465218544,1529.5157470703125,67.21504747867584,-0.0915527492761612,-32.95898973941803,-822.2174513346354,1,1789162764.0723326,38.99139456166667,-76.93649200333333,-10.21,0,1,17.172736,6.959044,72.471169,1,1,1789162764.5815947,-0.36778130548736265,0.9251829330719356,0.07601757954689398,-0.0547245766201385,169.56616367210026,-2.5989567848290536,-136.40476486422156,-0.020029049430036527,-0.023214798913701776,0.7368263484461468,1.6201566732215882,-1.719694172363281,-9.697796344947815
2026-09-11T17:39:24.622,24.926672736,-131.4843292236328,-11833.589630126953,-47334.35852050781,-90.06676551818849,-80.42503200531006,-4.15009069442749,-2.842812125682831,-6.359189615432239,0.5043477573411584,0.0,0.18378068506717682,1505.5313720703125,66.16104662418365,-0.061035171151161194,-21.97266161441803,328.863292654994,1,1789162764.0723326,38.99139456166667,-76.93649200333333,-10.21,0,1,17.172736,6.959044,72.471169,1,1,1789162764.6215947,-0.355110983756892,0.9300179471787671,0.07697570075011853,-0.055113960433201464,169.48285506513292,-2.7423125361553655,-137.9506024652625,-0.06260024788005622,-0.1196390040986325,0.6912800617531777,-2.6712334375572206,-4.0477929207611085,-8.860602620639801
2026-09-11T17:39:24.655,24.960088224000003,-131.62368774414062,-11846.131896972656,-47384.527587890625,-90.16222610473633,-80.52049259185792,-4.151792526245117,-2.8439778804779055,-6.361797334640977,-0.034886660792570336,0.0,0.17907144129276276,1466.9532470703125,64.46571886539459,-0.1983642876148224,-71.41114354133606,-1479.5080032024027,1,1789162764.0723326,38.99139456166667,-76.93649200333333,-10.21,0,1,17.172736,6.959044,72.471169,1,1,1789162764.6495945,-0.34629118739261544,0.933153274144808,0.07724909247304425,-0.05779237146136384,169.36981340956658,-3.115957909621027,-138.99047763340354,-0.07664281797575219,-0.037526149714204884,0.6472569238984239,5.414055421295166,1.644673298625946,-9.014959294185639
2026-09-11T17:39:24.689,24.993494112000008,-131.76112365722656,-11858.50112915039,-47434.00451660156,-90.2563697052002,-80.61463619232178,-4.1272172927856445,-2.8271438455581666,-6.324140670987302,0.5039241860517737,0.0,0.17719461023807526,1451.5782470703125,63.79005968570709,-0.015258795581758022,-5.493166409432888,1973.244271545622,1,1789162764.0723326,38.99139456166667,-76.93649200333333,-10.21,0,1,17.172736,6.959044,72.471169,1,1,1789162764.681625,-0.33679241534500753,0.9366718114852982,0.07682886394449348,-0.05756832636028611,169.4559076747741,-3.215665994696552,-140.14979344631527,-0.022908842695827172,-0.09747960578361169,0.6375265387856304,-5.196543920707703,-0.07041174816131592,-9.63003239233017
2026-09-11T17:39:24.723,25.026893856000015,-131.89830017089844,-11870.84701538086,-47483.38806152344,-90.35033561706544,-80.70860210418702,-4.102471828460693,-2.8101932024955754,-6.286223162346931,0.507508173194003,0.0,0.1766967922449112,1447.5001220703125,63.61084520816803,0.0,0.0,164.46732075047177,1,1789162764.0723326,38.99139456166667,-76.93649200333333,-10.21,0,1,17.172736,6.959044,72.471169,1,1,1789162764.717625,-0.32751903879896044,0.9398314394618278,0.07716632601434278,-0.05910586056189147,169.39127163896703,-3.4715097136948905,-141.25202981773396,-0.050378405260040726,-0.08591138896846809,0.659278926319086,0.4054069176864624,-0.5101419414138794,-13.861111604614258
2026-09-11T17:39:24.755,25.06029548800001,-132.03060913085938,-11882.754821777344,-47531.019287109375,-90.44096725463868,-80.79923374176026,-3.9990246295928955,-2.7393318712711334,-6.127710878827689,2.1214930822678446,0.0,0.17728807032108307,1452.3438720703125,63.823705315589905,0.0762939527630806,27.465822994709015,822.2898508286833,1,1789162764.0723326,38.99139456166667,-76.93649200333333,-10.21,0,1,17.172736,6.959044,72.471169,1,1,1789162764.749625,-0.31872132979887563,0.9428962156272924,0.077524938202685,-0.05790789621145615,169.42997921237202,-3.427447316463835,-142.32990527235702,-0.03497884167091916,-0.043907946124122146,0.6136609065938599,-9.478127381324768,-4.710526338691711,-6.514459635944367
2026-09-11T17:39:24.789,25.093700351999985,-132.1620330810547,-11894.582977294922,-47578.33190917969,-90.53099266052247,-80.88925914764405,-3.9223406314849854,-2.6868033325672154,-6.010207884232311,1.5724817411007899,0.0,0.17670823633670807,1447.5938720703125,63.614965081214905,0.0,0.0,-822.2102923313319,1,1789162764.0723326,38.99139456166667,-76.93649200333333,-10.21,0,1,17.172736,6.959044,72.471169,1,1,1789162764.781625,-0.31011279841536,0.9457246462046578,0.07693372852233857,-0.05929710984289496,169.47447646605943,-3.694769496863204,-143.34985713416148,0.012203342129944353,0.016832478905008913,0.6105819712604167,-2.2850475541877744,0.49023444158554075,-10.878517024421692
2026-09-11T17:39:24.823,25.127109280000013,-132.29342651367188,-11906.408386230469,-47625.633544921875,-90.62099716186525,-80.97926364898682,-3.897489309310913,-2.6697801768779756,-5.972128169465758,0.5095391174845604,0.0,0.17658616602420807,1446.5938720703125,63.571019768714905,-0.015258791856467724,-5.493165068328381,-164.42206910451296,1,1789162764.0723326,38.99139456166667,-76.93649200333333,-10.21,0,1,17.172736,6.959044,72.471169,1,1,1789162764.821625,-0.3000263649977713,0.9488713369784348,0.07761468605781022,-0.06002771589132116,169.4129256896405,-3.861464060354756,-144.5489203661205,-0.0035569810155644437,0.013753718104490916,0.5899561937591232,-2.4568600650215147,2.5399223918914795,-9.93050815328598
2026-09-11T17:39:24.855,25.160510144,-132.4220733642578,-11917.986602783203,-47671.94641113281,-90.7091202545166,-81.06738674163819,-3.898883104324341,-2.6707349264621736,-5.974263883460475,-0.028584577458784583,0.0,0.17688371241092682,1449.0313720703125,63.678136467933655,-0.03051757998764515,-10.986328795552254,-164.46172551782152,1,1789162764.0723326,38.99139456166667,-76.93649200333333,-10.21,0,1,17.172736,6.959044,72.471169,1,1,1789162764.8496249,-0.292702123815688,0.9511451734965864,0.07621813155264798,-0.061960649371657905,169.5283332325738,-4.200604955605314,-145.4048068690338,0.037890748994946495,0.08695719025626308,0.5949385851747916,2.1087239842796324,-1.3097761956024172,-5.357471049861908
2026-09-11T17:39:24.889,25.19391436799998,-132.5538330078125,-11929.844970703125,-47719.3798828125,-90.79937561035158,-81.15764209747316,-3.9268972873687744,-2.6899246418476106,-6.017190054240354,-0.5744697253092397,0.0,0.1767883449792862,1448.2501220703125,63.64380419254303,0.0,0.0,328.8904060623807,1,1789162764.0723326,38.99139456166667,-76.93649200333333,-10.21,0,1,17.172736,6.959044,72.471169,1,1,1789162764.881625,-0.28401065728609926,0.953604783030697,0.07570073130441583,-0.06515568746373343,169.51437005971857,-4.661334645802844,-146.4019789092937,-0.05884813905411881,0.0953548419522338,0.6077330703223863,5.269505397911072,-0.5487801430511475,-7.949564820613861
2026-09-11T17:39:24.923,25.227314847999992,-132.68453979492188,-11941.608581542969,-47766.434326171875,-90.8889097595215,-81.24717624664308,-3.9541804790496826,-2.708613628149033,-6.0589961259597125,-0.559542446737767,0.0,0.17670823633670807,1447.5938720703125,63.614965081214905,0.0,0.0,0.0,1,1789162764.0723326,38.99139456166667,-76.93649200333333,-10.21,0,1,17.172736,6.959044,72.471169,1,1,1789162764.921625,-0.27361527438183186,0.9564181009017276,0.07579108988948616,-0.06822615763657892,169.4532211920542,-5.107821384849715,-147.59835891247593,-0.0427516654946759,0.031159363135854767,0.6049187269035454,-1.514244851474762,0.3807922257804871,-8.070873083114623
2026-09-11T17:39:24.956,25.260714112000016,-132.8183135986328,-11953.648223876953,-47814.59289550781,-90.98054481506348,-81.33881130218506,-4.034017086029053,-2.7633017039299013,-6.181329867416558,-1.6374036200566544,0.0,0.17732049524784088,1452.6094970703125,63.83537828922272,0.0610351599752903,21.972657591104507,657.8784966964621,1,1789162764.0723326,38.99139456166667,-76.93649200333333,-10.21,0,1,17.172736,6.959044,72.471169,1,1,1789162764.949625,-0.26552460350954926,0.9586739016295851,0.07428257892583004,-0.0701650463801846,169.60085684647845,-5.4561023344068635,-148.54077728362495,0.0566656048244999,0.06772366189928557,0.640532344823415,-0.3137147386741638,2.7212473533821107,-9.10841667022705
2026-09-11T17:39:24.989,25.294122080000022,-132.9568634033203,-11966.117706298828,-47864.47082519531,-91.07545143127442,-81.433717918396,-4.164032936096191,-2.8523625612258914,-6.380553331303436,-2.6658567589616466,0.0,0.17782403528690338,1456.7344970703125,64.01665270328522,0.015258789993822575,5.493164397776127,-493.28032142887207,1,1789162764.0723326,38.99139456166667,-76.93649200333333,-10.21,0,1,17.172736,6.959044,72.471169,1,1,1789162764.9816248,-0.2565865477777054,0.9609544233360794,0.07468937738565284,-0.07177350957063504,169.5556714391716,-5.71691821624985,-149.57726257034628,0.01431850665043628,0.00431532657555598,0.6991127503702779,0.22015929613113405,0.6937224324417114,-14.411951144199373
2026-09-11T17:39:25.023,25.327530879999983,-133.09957885742188,-11978.962097167969,-47915.848388671875,-91.173211517334,-81.53147800445558,-4.268170356750488,-2.9236966943740845,-6.540123242604871,-2.1351899244593135,0.0,0.1783752590417862,1461.2501220703125,64.21509325504303,0.0457763709127903,16.479493528604507,328.8453680120564,1,1789162764.0723326,38.99139456166667,-76.93649200333333,-10.21,0,1,17.172736,6.959044,72.471169,1,1,1789162765.021625,-0.2436669069484537,0.9642539246426666,0.07528672041946458,-0.07192160313751139,169.56114732700334,-5.855019823936399,-151.10119562994728,-0.009181828128891768,-0.10540566951569354,0.6856491059874683,-1.7806915363693236,4.4421183237648005,-11.132803463115692
2026-09-11T17:39:25.056,25.360984640000027,-133.24888610839844,-11992.39974975586,-47969.59899902344,-91.27548698425294,-81.63375347137452,-4.42495059967041,-3.0310911607742312,-6.780357822061175,-3.2102360511944976,0.0,0.1791076809167862,1467.2501220703125,64.47876513004303,0.015258795581758022,5.493166409432888,-328.4033579232192,1,1789162764.0723326,38.99139456166667,-76.93649200333333,-10.21,0,1,17.172736,6.959044,72.471169,1,1,1789162765.049625,-0.23447237411025484,0.9663708365965316,0.07690004223339503,-0.07236363354145992,169.42316356999282,-5.957938164830906,-152.1715586742015,-0.002221280539013183,-0.11479519182557264,0.7052697483725382,1.5919135207557678,1.3746962196731567,-5.3647279709815985
2026-09-11T17:39:25.090,25.39439071999999,-133.399658203125,-12005.96923828125,-48023.876953125,-91.37876586914064,-81.73703235626222,-4.530036926269531,-3.103075294494629,-6.94138174323243,-2.154821329544707,0.0,0.17936326563358307,1469.3438720703125,64.5707756280899,-0.015258789993822575,-5.493164397776127,-328.872193541447,1,1789162765.0749278,38.991400371666664,-76.93650610333333,-10.198000000000004,0,1,24.285184,32.524209000000006,192.265956,1,1,1789162765.081625,-0.22361931281501207,0.9687639062441405,0.07695725266971086,-0.07462223633921926,169.42058131313587,-6.324792731819975,-153.4180287655976,0.04094472612008617,-0.022163063506449993,0.748530700942946,3.2293298982620238,2.5852291156387333,-13.98516572916031
2026-09-11T17:39:25.123,25.427793536000024,-133.55467224121094,-12019.920501708984,-48079.68200683594,-91.4849504852295,-81.84321697235109,-4.635393142700195,-3.175244302749634,-7.102819216959625,-2.1605665898028055,0.0,0.17916680872440338,1467.7344970703125,64.50005114078522,0.0,0.0,164.45213474727626,1,1789162765.0749278,38.991400371666664,-76.93650610333333,-10.198000000000004,0,1,24.285184,32.524209000000006,192.265956,1,1,1789162765.121625,-0.20949035545303957,0.9720749288868367,0.07719534454754894,-0.07228417795061116,169.54694124072495,-6.210867265670892,-155.1078710756902,0.05682757137908497,-0.09244572715500965,0.763493059554443,-0.6213493542480468,3.9232484637069707,-10.7728013356781
2026-09-11T17:39:25.157,25.461213536000002,-133.71267700195312,-12034.140930175781,-48136.563720703125,-91.5931837463379,-81.95145023345948,-4.687952518463135,-3.2112474751472475,-7.183356019924937,-1.0772942069909324,0.0,0.17949868738651276,1470.4532470703125,64.61952745914459,0.0305175818502903,10.986329466104507,328.7351725347594,1,1789162765.0749278,38.991400371666664,-76.93650610333333,-10.198000000000004,0,1,24.285184,32.524209000000006,192.265956,1,1,1789162765.1496248,-0.19926942743493462,0.9743312269116938,0.07607551521323477,-0.07199216304256859,169.74573176406764,-6.313550255162488,-156.31557538889294,0.055609157028267735,-0.046265711410641286,0.7792931762068973,0.45895122756958007,-0.7296147720336913,-7.319879813728332
2026-09-11T17:39:25.190,25.494626719999985,-133.87159729003906,-12048.443756103516,-48193.77502441406,-91.70204414367676,-82.06031063079834,-4.792921543121338,-3.2831512570381167,-7.344200199172587,-2.1519583973471788,0.0,0.17938043177127838,1469.4844970703125,64.57695543766022,0.0,0.0,-328.80223166131634,1,1789162765.0749278,38.991400371666664,-76.93650610333333,-10.198000000000004,0,1,24.285184,32.524209000000006,192.265956,1,1,1789162765.181625,-0.1874650655264498,0.9766431885173197,0.07795937812476336,-0.07033681036475266,169.64756364296952,-6.209178572275207,-157.70562805616606,-0.027594702671581546,-0.1531865012499911,0.7892375386859855,-4.913916263046264,-0.010002783164978027,-7.0912867984581
2026-09-11T17:39:25.223,25.52802940800001,-134.030517578125,-12062.74658203125,-48250.986328125,-91.81090454101563,-82.16917102813721,-4.742053985595703,-3.248306980133057,-7.266255771593265,1.0431578711580058,0.0,0.17916490137577057,1467.7188720703125,64.4993644952774,0.0610351599752903,21.972657591104507,657.8110597293509,1,1789162765.0749278,38.991400371666664,-76.93650610333333,-10.198000000000004,0,1,24.285184,32.524209000000006,192.265956,1,1,1789162765.2216249,-0.17261699455567625,0.9794708591069103,0.07877065224655928,-0.06808372562946502,169.69880191838598,-6.095025664058085,-159.46032153391607,0.027276878214793382,-0.10071527168388397,0.8019847254108512,-5.598518510837555,-0.2002517963027954,-9.600220175838471
2026-09-11T17:39:25.257,25.561433056,-134.19137573242188,-12077.223815917969,-48308.895263671875,-91.921092376709,-82.27935886383057,-4.795286178588867,-3.2847710323333743,-7.3478235333155215,-1.091618861518625,0.0,0.17932511866092682,1469.0313720703125,64.55704271793365,-0.015258789993822575,-5.493164397776127,-822.2401933132949,1,1789162765.0749278,38.991400371666664,-76.93650610333333,-10.198000000000004,0,1,24.285184,32.524209000000006,192.265956,1,1,1789162765.249625,-0.16228842725920467,0.981154033773992,0.07852138121903504,-0.06952424813122948,169.76148172717137,-6.369607321947364,-160.64476576370578,-0.09239406540915063,-0.08041813968074113,0.7521540044700863,0.712257001247406,2.2672975173950194,-13.68419963569641
2026-09-11T17:39:25.290,25.594837184000028,-134.34523010253906,-12091.070709228516,-48364.28283691406,-92.02648262023926,-82.38474910736085,-4.667008876800537,-3.196901080608368,-7.151264049320787,2.630511765639547,0.0,0.17757226526737213,1454.6719970703125,63.92601549625397,0.0,0.0,164.44567562941083,1,1789162765.0749278,38.991400371666664,-76.93650610333333,-10.198000000000004,0,1,24.285184,32.524209000000006,192.265956,1,1,1789162765.281625,-0.15114733706453826,0.9830926558257957,0.07589743069840614,-0.07016332783629177,170.12048076151737,-6.6042431041466365,-161.94737065412912,0.007532317452831928,-0.07425032063711837,0.7518298968279911,0.33852556358337405,0.09326124303817748,-9.007113974056244
2026-09-11T17:39:25.324,25.62824556800001,-134.4984130859375,-12104.857177734375,-48419.4287109375,-92.13141296386719,-82.48967945098877,-4.591597557067871,-3.145244326591492,-7.03571118153071,1.5462212723878392,0.0,0.17557908594608307,1438.3438720703125,63.208470940589905,-0.2441406399011612,-87.89063036441803,-2630.7956219750563,1,1789162765.0749278,38.991400371666664,-76.93650610333333,-10.198000000000004,0,1,24.285184,32.524209000000006,192.265956,1,1,1789162765.321625,-0.13714138133824166,0.985391292093794,0.075054287571899,-0.06755069879310557,170.35704826225924,-6.461851016964228,-163.60793158660826,-0.03392169574298619,-0.10995574287564276,0.675659015881978,-3.2654183708572386,-0.12650578708648683,-4.778682557315826
2026-09-11T17:39:25.357,25.661653855999987,-134.64976501464844,-12118.47885131836,-48473.91540527344,-92.23508903503419,-82.59335552215576,-4.540740489959717,-3.1104072356224064,-6.957782828432362,1.0427679194190114,0.0,0.17313958704471588,1418.3594970703125,62.33025133609772,-0.1220703274011612,-43.94531786441803,1315.4015105482865,1,1789162765.0749278,38.991400371666664,-76.93650610333333,-10.198000000000004,0,1,24.285184,32.524209000000006,192.265956,1,1,1789162765.3496249,-0.12800661819037143,0.9866717873546088,0.0760983325376258,-0.065590651185358,170.32968411335634,-6.312474207326494,-164.6814415847527,-0.0897259805816269,-0.041421899137581424,0.6666009315970527,-0.9975324544525147,0.3807922257804871,-7.186019039020539
2026-09-11T17:39:25.390,25.69506364800003,-134.8001708984375,-12132.015380859375,-48528.0615234375,-92.3381170654297,-82.69638355255128,-4.489628791809082,-3.075395722389221,-6.879464303841307,1.047941670308513,0.0,0.16855241358280182,1380.7813720703125,60.678868889808655,-0.10681155323982239,-38.45215916633606,164.41762636758946,1,1789162765.0749278,38.991400371666664,-76.93650610333333,-10.198000000000004,0,1,24.285184,32.524209000000006,192.265956,1,1,1789162765.381625,-0.11752970493289473,0.9879078417663673,0.07642396870267099,-0.06621360617454905,170.3496658950222,-6.480306986105395,-165.88340158757083,-0.06505889319734062,-0.017043838277425425,0.6517141457421671,-5.948713988113403,-0.6528287012672425,-10.60981480998993
2026-09-11T17:39:25.423,25.72846457600002,-134.94711303710938,-12145.240173339844,-48580.960693359375,-92.43877243041993,-82.79703891754151,-4.436641216278076,-3.0390992331504822,-6.79827136978901,1.0866910416006355,0.0,0.16022874414920807,1312.5938720703125,57.682347893714905,-0.2136230766773224,-76.90430760383606,-1151.2299429976736,1,1789162765.0749278,38.991400371666664,-76.93650610333333,-10.198000000000004,0,1,24.285184,32.524209000000006,192.265956,1,1,1789162765.421625,-0.10506277546048132,0.9895266470223593,0.07499701806248463,-0.06460863198492446,170.617380389306,-6.436681719458678,-167.34991718507305,0.026278549882652623,-0.010444573842709666,0.6386761871639189,1.7362674111366274,-1.7265588274765014,-13.91338104997635
2026-09-11T17:39:25.457,25.76186960000001,-135.0952606201172,-12158.573455810547,-48634.29382324219,-92.54025352478028,-82.89852001190187,-4.384824275970459,-3.0036046290397644,-6.718872201681641,1.0625528696141266,0.0,0.15285111963748932,1252.1563720703125,55.026403069496155,-0.1373291313648224,-49.43848729133606,822.2062738978569,1,1789162765.0749278,38.991400371666664,-76.93650610333333,-10.198000000000004,0,1,24.285184,32.524209000000006,192.265956,1,1,1789162765.449625,-0.09661836058576455,0.9905529749085143,0.07337904200287164,-0.06391566703361656,170.86685992924436,-6.45623126366464,-168.34179791123026,0.16024426367920577,-0.07915417223644683,0.6122417793790633,-5.063173478507996,-2.4472495478630067,-10.171555614261626
2026-09-11T17:39:25.491,25.7952808,-135.23870849609375,-12171.483764648438,-48685.93505859375,-92.63851531982422,-82.9967818069458,-4.334178924560547,-2.968912563323975,-6.641268260835656,1.038336417602503,0.0,0.15145684778690338,1240.7344970703125,54.52446520328522,0.0,0.0,1479.698044109526,1,1789162765.0749278,38.991400371666664,-76.93650610333333,-10.198000000000004,0,1,24.285184,32.524209000000006,192.265956,1,1,1789162765.4816248,-0.08707760568252,0.9914308254120328,0.07212601761694014,-0.06542359355871426,171.05532659528455,-6.728503949044717,-169.43427882852671,0.07120088136803387,-0.028062799976966424,0.6170669166291268,6.514949968452454,-1.9985953029632568,-10.416231535797118
2026-09-11T17:39:25.524,25.82870575999999,-135.37982177734375,-12184.183959960938,-48736.73583984375,-92.73517791748047,-83.09344440460205,-4.231722354888916,-2.8987298130989076,-6.484273919781014,2.099710821646064,0.0,0.14949609339237213,1224.6719970703125,53.81859362125397,-0.0915527418255806,-32.958987057209015,-986.0591323734764,1,1789162765.0749278,38.991400371666664,-76.93650610333333,-10.198000000000004,0,1,24.285184,32.524209000000006,192.265956,1,1,1789162765.521625,-0.07604735751994567,0.9921630359557654,0.07228897173067542,-0.06784993782895987,171.0859019602661,-7.102318398918689,-170.679607421477,0.07523765339497157,0.04302795111526661,0.56707702166058,3.190691696624756,2.270533711948395,-6.532601938743591
2026-09-11T17:39:25.557,25.862109120000014,-135.51649475097656,-12196.48452758789,-48785.93811035156,-92.82879890441895,-83.18706539154053,-4.128953456878662,-2.8283331179618836,-6.3268009975883155,2.107473473835464,0.0,0.14474107325077057,1185.7188720703125,52.106786370277405,-0.06103518605232239,-21.97266697883606,328.898652062713,1,1789162765.0749278,38.991400371666664,-76.93650610333333,-10.198000000000004,0,1,24.285184,32.524209000000006,192.265956,1,1,1789162765.549625,-0.06890715759052439,0.992752682303563,0.07095443560334445,-0.06825967682377876,171.28670807592334,-7.224151257029082,-171.50781811868464,0.055794685527754725,-0.03136217039493651,0.5567790554750378,-1.1951364552116395,0.27291907400131227,-9.405852369632722
2026-09-11T17:39:25.590,25.89551673599999,-135.6539306640625,-12208.853759765625,-48835.4150390625,-92.92294250488283,-83.2812089920044,-4.1036577224731445,-2.8110055398941043,-6.288040309355094,0.5186714929850529,0.0,0.13759805262088776,1127.2032470703125,49.53529894351959,-0.3509521782398224,-126.34278416633606,-3124.1414289356226,1,1789162765.0749278,38.991400371666664,-76.93650610333333,-10.198000000000004,0,1,24.285184,32.524209000000006,192.265956,1,1,1789162765.581625,-0.060690971586858274,0.9932329107134793,0.07122374460882933,-0.06879076425923021,171.31069390366486,-7.354337093412551,-172.44713496420468,-0.07049699008070456,-0.03961495976299169,0.5606104022490158,5.273133858470917,2.5883672436904908,-5.874869912395477
2026-09-11T17:39:25.625,25.92893392000002,-135.78964233398438,-12221.067810058594,-48884.271240234375,-93.0159049987793,-83.37417148590089,-4.052535533905029,-2.7759868407249453,-6.209705710283067,1.0479248990318313,0.0,0.12757684290409088,1045.1094970703125,45.92766344547272,-0.3356933891773224,-120.84962010383606,164.38141713242973,1,1789162765.0749278,38.991400371666664,-76.93650610333333,-10.198000000000004,0,1,24.285184,32.524209000000006,192.265956,1,1,1789162765.621625,-0.05154421345827274,0.9936843111810738,0.06963148815396084,-0.0713171762552885,171.54266651226894,-7.732906862993106,-173.48862601652723,-0.03324852225049198,0.02808967804744714,0.41063565588854467,-7.1347302586746215,2.7257584124565124,-8.68692684627533
2026-09-11T17:39:25.658,25.962347360000024,-135.9270477294922,-12233.434295654297,-48933.73718261719,-93.11002769470215,-83.46829418182374,-4.105954170227051,-2.81257860660553,-6.291559159371705,-1.0951211811947676,0.0,0.11323167383670807,927.5938720703125,40.763402581214905,-0.21362310647964478,-76.90431833267212,1315.1983684157874,1,1789162765.0749278,38.991400371666664,-76.93650610333333,-10.198000000000004,0,1,24.285184,32.524209000000006,192.265956,1,1,1789162765.6496248,-0.04482228634292604,0.993856872896731,0.07066505984719948,-0.07242877991320378,171.46771261773458,-7.9108978817580615,-174.24443953950006,0.018252129718581103,0.014718187049142982,0.4712107982375119,-6.609093810005188,-2.395078169002533,-8.259454965724945
2026-09-11T17:39:25.691,25.99576953600001,-136.06637573242188,-12245.973815917969,-48983.895263671875,-93.205467376709,-83.56373386383058,-4.159313201904297,-2.8491295433044437,-6.373321276182088,-1.0936133152708853,0.0,0.11142350733280182,912.7813720703125,40.112462639808655,-0.015258789993822575,-5.493164397776127,2136.639874522896,1,1789162765.0749278,38.991400371666664,-76.93650610333333,-10.198000000000004,0,1,24.285184,32.524209000000006,192.265956,1,1,1789162765.681625,-0.038399108517729943,0.994145347064785,0.07129081059574296,-0.07154130065272722,171.4520024537707,-7.860976826404604,-174.98767148447425,-0.07457425374628851,-0.019180121281866486,0.41953282081643617,-5.072293663158416,-0.8655349432754517,-9.471360792713165
2026-09-11T17:39:25.724,26.02917772799998,-136.2054443359375,-12258.489990234375,-49033.9599609375,-93.3007293701172,-83.65899585723878,-4.187068939208984,-2.8681422233581544,-6.415851430203452,-0.569102334353477,0.0,0.1116809993982315,914.8907470703125,40.20515978336334,0.0915527418255806,32.958987057209015,1150.979719435953,1,1789162765.0749278,38.991400371666664,-76.93650610333333,-10.198000000000004,0,1,24.285184,32.524209000000006,192.265956,1,1,1789162765.7216249,-0.03007836079237988,0.9943777401465425,0.07216376766433112,-0.07141843424205928,171.41747095289642,-7.9143527356613,-175.9400319139491,0.019859228893817478,0.15625042675186715,0.4698562482050391,0.8562186256217956,0.88583470911026,-8.302702292938232
2026-09-11T17:39:25.758,26.06258092799999,-136.34698486328125,-12271.228637695312,-49084.91455078125,-93.39768463134766,-83.75595111846924,-4.240556240081787,-2.9047810244560246,-6.49781009407664,-1.096865003887652,0.0,0.11088372766971588,908.3594970703125,39.91814196109772,0.015258791856467724,5.493165068328381,-822.2512211067501,1,1789162765.0749278,38.991400371666664,-76.93650610333333,-10.198000000000004,0,1,24.285184,32.524209000000006,192.265956,1,1,1789162765.749625,-0.024312874886456448,0.9943145263948514,0.07390180564669388,-0.07270508811009033,171.25616075307045,-8.105132677512097,-176.5778877353875,0.02676828927076223,0.01060304973879075,0.4190685632354057,0.6666560779953002,1.3826396063041688,-14.695363333873749
2026-09-11T17:39:25.791,26.095995743999993,-136.4951629638672,-12284.564666748047,-49138.25866699219,-93.49918663024903,-83.85745311737061,-4.398873805999756,-3.013228557109833,-6.7404003156537,-3.2454924382583874,0.0,0.111146941781044,910.5157470703125,40.01289904117584,0.0457763709127903,16.479493528604507,328.7861426582385,1,1789162765.0749278,38.991400371666664,-76.93650610333333,-10.198000000000004,0,1,24.285184,32.524209000000006,192.265956,1,1,1789162765.781625,-0.01756284641097272,0.9943118786557821,0.0764648329120242,-0.0720316855119344,171.0170794365718,-8.080138943375655,-177.34038690070958,-0.007004006288253244,-0.09250890807393185,0.456340418477595,-2.415377934837341,3.0252535083961485,-8.17717717086792
2026-09-11T17:39:25.825,26.129416192000008,-136.64511108398438,-12298.059997558594,-49192.239990234375,-93.6019010925293,-83.96016757965089,-4.451592445373535,-3.049340825080872,-6.82118115846651,-1.080544101952861,0.0,0.11161424219608307,914.3438720703125,40.181127190589905,0.015258795581758022,5.493166409432888,-328.7306956258212,1,1789162765.0749278,38.991400371666664,-76.93650610333333,-10.198000000000004,0,1,24.285184,32.524209000000006,192.265956,1,1,1789162765.821625,-0.008636857806565819,0.9945949033756736,0.07605576666585179,-0.07015627714775864,171.14237769132356,-7.946037723497814,-178.3885193382703,0.040378890376589614,-0.07905660833126035,0.5118404924276131,-0.40364172065734866,0.20564545389175415,-9.473518255748749
2026-09-11T17:39:25.858,26.16282092800003,-136.7949676513672,-12311.547088623047,-49246.18835449219,-93.70455284118653,-84.06281932830811,-4.503409385681152,-3.08483542919159,-6.900580326573878,-1.0625620304466317,0.0,0.11270715296268463,923.2969970703125,40.57457506656647,0.030517607927322388,10.98633885383606,164.4429234345525,1,1789162765.0749278,38.991400371666664,-76.93650610333333,-10.198000000000004,0,1,24.285184,32.524209000000006,192.265956,1,1,1789162765.8496249,-0.0016525302520849687,0.9947750145927738,0.07494322742030281,-0.06930694156822606,171.32860121932325,-7.911418116179443,-179.20887018665508,0.2031044886533557,-0.046090654886666256,0.5184465636464116,-8.532472106227875,-1.0683364686203003,-8.756161796417237
2026-09-11T17:39:25.892,26.196226016000026,-136.949951171875,-12325.49560546875,-49301.982421875,-93.81071655273438,-84.16898303985596,-4.60748291015625,-3.1561257934570315,-7.060052329673023,-2.1341169424685362,0.0,0.11340905725955963,929.0469970703125,40.82726061344147,-0.1678466945886612,-60.42481005191803,-2137.732698257368,1,1789162765.0749278,38.991400371666664,-76.93650610333333,-10.198000000000004,0,1,24.285184,32.524209000000006,192.265956,1,1,1789162765.8896248,0.008326809595404714,0.9945483246890172,0.07667862863341278,-0.07017607862462887,171.2063182576222,-8.09784409248928,179.66428830699468,-0.1309668890757765,-0.008961916643140484,0.4934616518053372,5.303436407470703,3.8356750777626036,-13.837183378219605
2026-09-11T17:39:25.925,26.22964358400003,-137.1061248779297,-12339.551239013672,-49358.20495605469,-93.91769554138185,-84.27596202850343,-4.660709857940674,-3.192586252689362,-7.141612054154792,-1.0910566332153653,0.0,0.114107146859169,934.7657470703125,41.07857286930084,0.03051757998764515,10.986328795552254,2136.9340476081593,1,1789162765.0749278,38.991400371666664,-76.93650610333333,-10.198000000000004,0,1,24.285184,32.524209000000006,192.265956,1,1,1789162765.921625,0.017076699642030957,0.9945953874920039,0.07395739749834233,-0.07084281801452307,171.5927673975665,-8.247287899244812,178.63992362043996,-0.020788791253429657,0.022774975942199207,0.5389012988810096,1.9215150326919557,-1.383620271320343,-14.602984689350128
2026-09-11T17:39:25.958,26.263048640000022,-137.26663208007812,-12353.996887207031,-49415.987548828125,-94.02764297485352,-84.3859094619751,-4.791691303253174,-3.2823085427284244,-7.342315100949402,-2.6858895263963403,0.0,0.11336900293827057,928.7188720703125,40.812841057777405,-0.061035171151161194,-21.97266161441803,-986.6467641897638,1,1789162765.0749278,38.991400371666664,-76.93650610333333,-10.198000000000004,0,1,24.285184,32.524209000000006,192.265956,1,1,1789162765.949625,0.02444706375738561,0.9943636810889969,0.0754635864297723,-0.0703452765147607,171.47896825674766,-8.255481553225101,177.7993331531918,-0.12814713513625448,-0.049419172303144646,0.5215310840334612,-4.148997550430298,2.3811527257728575,-3.585899698143005
2026-09-11T17:39:25.991,26.296453215999975,-137.4300537109375,-12368.704833984375,-49474.8193359375,-94.1395867919922,-84.49785327911377,-4.896787643432617,-3.354299535751343,-7.503354365943403,-2.155123687934871,0.0,0.1132354885339737,927.6251220703125,40.76477587223053,-0.0762939602136612,-27.46582567691803,-164.44346015671005,1,1789162765.0749278,38.991400371666664,-76.93650610333333,-10.198000000000004,0,1,24.285184,32.524209000000006,192.265956,1,1,1789162765.9816248,0.03342844120514931,0.9944468869794095,0.07304484660786152,-0.06798807748119698,171.82859810330464,-8.053899893691549,176.72567682280535,0.10886770461994949,-0.2104706507613978,0.6120024947386148,-7.988595288257598,-0.7275553754997254,-14.380079531173708
2026-09-11T17:39:26.025,26.32985891200002,-137.5923309326172,-12383.309783935547,-49533.23913574219,-94.25074668884278,-84.60901317596436,-4.845479488372803,-3.3191534495353703,-7.424734810163222,1.0520986066545377,0.0,0.11310197412967682,926.5313720703125,40.716710686683655,-0.030517593026161194,-10.98633348941803,493.31384047432095,1,1789162765.0749278,38.991400371666664,-76.93650610333333,-10.198000000000004,0,1,24.285184,32.524209000000006,192.265956,1,1,1789162766.021625,0.043340141150423624,0.9943538802272444,0.07012917885947126,-0.06681235899577838,172.24227397824941,-7.987038253219198,175.55096085509442,0.051164676088064166,0.041349467973623655,0.5177288842579916,-2.8157834609413146,3.9732623795318607,-12.25164418006897
2026-09-11T17:39:26.058,26.363265791999993,-137.75735473632812,-12398.161926269531,-49592.647705078125,-94.36378799438478,-84.72205448150635,-4.976476669311523,-3.408886518478394,-7.625461968679291,-2.686065533300232,0.0,0.11246873438358307,921.3438720703125,40.488744378089905,-0.0762939527630806,-27.465822994709015,-493.29627625520385,1,1789162765.0749278,38.991400371666664,-76.93650610333333,-10.198000000000004,0,1,24.285184,32.524209000000006,192.265956,1,1,1789162766.049625,0.050157511962589225,0.9941159533061501,0.06933791302415092,-0.06640744832759489,172.38683808769193,-7.989350698126605,174.75568450661626,0.036979338059555056,0.08172731115266206,0.5253357272698836,0.7094130727005005,2.4260671835136414,-6.342254859104156
2026-09-11T17:39:26.092,26.396683488000008,-137.92430114746094,-12413.187103271484,-49652.74841308594,-94.47814628601076,-84.83641277313234,-5.00437593460083,-3.427997515201569,-7.6682120508266935,-0.5718825356232368,0.0,0.10895158350467682,892.5313720703125,39.222570061683655,-0.1831054836511612,-65.91797411441803,-1150.6523705192535,1,1789162766.0726695,38.991412286666666,-76.93651466166666,-10.294000000000004,0,1,22.982435999999996,12.257000999999999,122.9881,1,1,1789162766.089625,0.06018043941602831,0.9932837990700669,0.06993984876628778,-0.06981423043461428,172.4163714231977,-8.459409032446667,173.62735263856425,0.004802098903937198,0.07339371304023955,0.5080871618711992,-2.505501049823761,0.8057143772888183,-7.967903256416321
2026-09-11T17:39:26.125,26.430100639999978,-138.09324645996094,-12428.392181396484,-49713.56872558594,-94.59387382507325,-84.95214031219483,-5.005081653594971,-3.428480932712555,-7.669293425001233,-0.01446614932914312,0.0,0.10296441614627838,843.4844970703125,37.06718981266022,-0.1525879204273224,-54.93165135383606,328.7629885572487,1,1789162766.0726695,38.991412286666666,-76.93651466166666,-10.294000000000004,0,1,22.982435999999996,12.257000999999999,122.9881,1,1,1789162766.121625,0.06788495138338267,0.9928399850768278,0.06895380487453986,-0.0700412035993378,172.59754602303488,-8.536606464814852,172.7302743443191,-0.10407956835002825,0.029978124298105,0.5121895582780119,6.245463222007752,2.774301330757141,-12.397371001472473
2026-09-11T17:39:26.158,26.46350355200002,-138.26026916503906,-12443.424224853516,-49773.69689941406,-94.70828437805177,-85.06655086517334,-5.032604694366455,-3.447334215641022,-7.711467017808291,-0.5644203394136118,0.0,0.09501458704471588,778.3594970703125,34.20525133609772,-0.1373291313648224,-49.43848729133606,164.45165207431742,1,1789162766.0726695,38.991412286666666,-76.93651466166666,-10.294000000000004,0,1,22.982435999999996,12.257000999999999,122.9881,1,1,1789162766.1496248,0.07375297592034234,0.992647364284755,0.06527307801053397,-0.07036429498299017,173.07564779067968,-8.587639341540564,172.02206958568618,0.05573516980026172,-0.0009368927424705561,0.42187016575070696,-2.636615962486267,-0.6993122230339051,-6.597521962814331
2026-09-11T17:39:26.192,26.496909663999986,-138.4248809814453,-12458.239288330078,-49832.95715332031,-94.82104347229004,-85.17930995941163,-4.982172012329102,-3.4127878284454347,-7.634188950531118,1.0341337296487085,0.0,0.09041215479373932,740.6563720703125,32.548375725746155,0.0,0.0,1479.9234131582375,1,1789162766.0726695,38.991412286666666,-76.93651466166666,-10.294000000000004,0,1,22.982435999999996,12.257000999999999,122.9881,1,1,1789162766.189625,0.08176844491502047,0.9922549733604186,0.06331670291809884,-0.06881122284391991,173.35863225692492,-8.447966681696945,171.0692317933323,0.03286594607845482,-0.01225343307947659,0.4088946899596803,-7.282712609615326,-1.7352867461204529,-9.964439162845611
2026-09-11T17:39:26.226,26.530328415999975,-138.59091186523438,-12473.182067871094,-49892.728271484375,-94.93477462768556,-85.29304111480714,-4.930630683898926,-3.3774820184707646,-7.555212102878402,1.0564670390648374,0.0,0.08899499475955963,729.0469970703125,32.03819811344147,0.015258789993822575,5.493164397776127,164.37371442769583,1,1789162766.0726695,38.991412286666666,-76.93651466166666,-10.294000000000004,0,1,22.982435999999996,12.257000999999999,122.9881,1,1,1789162766.2216249,0.0881395692621041,0.9920520611741894,0.06206281427716122,-0.0649024755639704,173.5229904086438,-8.031276679223177,170.30086909233185,-0.030549719628133146,-0.09853989330419825,0.4064065485780372,-1.8410024348640444,-1.755096179447174,-6.588990177173614
2026-09-11T17:39:26.259,26.563735903999998,-138.75448608398438,-12487.903747558594,-49951.614990234375,-95.04682296752931,-85.40508945465089,-4.929910182952881,-3.3769884753227237,-7.554108078298855,0.0147734288803906,0.0,0.08918382227420807,730.5938720703125,32.106176018714905,-0.015258795581758022,-5.493166409432888,-328.8583328145308,1,1789162766.0726695,38.991412286666666,-76.93651466166666,-10.294000000000004,0,1,22.982435999999996,12.257000999999999,122.9881,1,1,1789162766.249625,0.09361911560306103,0.9913952531721064,0.064261239769758,-0.06512607960540537,173.31631311075623,-8.115180486080241,169.68557699556985,-0.10242359995573602,-0.016648346668923508,0.43105112121497274,2.736839927139282,1.7165560443115235,-13.169644701709746
2026-09-11T17:39:26.293,26.59714153599998,-138.9167938232422,-12502.511444091797,-50010.04577636719,-95.1580037689209,-85.51627025604249,-4.85188627243042,-3.323542096614838,-7.434551934088302,1.5999211961597544,0.0,0.08932115137577057,731.7188720703125,32.155614495277405,-0.030517585575580597,-10.986330807209015,-164.4382718991486,1,1789162766.0726695,38.991412286666666,-76.93651466166666,-10.294000000000004,0,1,22.982435999999996,12.257000999999999,122.9881,1,1,1789162766.289625,0.10242986144720116,0.990378242366439,0.06676720632227194,-0.06481666985420902,173.09691546582698,-8.167295817353704,168.68379072588118,-0.12297520096381966,-0.15498541211002168,0.4341309292130419,-4.2600088302612305,1.9931035788726807,-3.0346678925514223
2026-09-11T17:39:26.326,26.630547327999977,-139.0780029296875,-12517.020263671875,-50068.0810546875,-95.26843200683595,-85.62669849395752,-4.827373504638672,-3.3067508506774903,-7.396990986662238,0.5026447490707492,0.0,0.08934785425662994,731.9376220703125,32.16522753238678,0.1068115234375,38.4521484375,1479.9373487302553,1,1789162766.0726695,38.991412286666666,-76.93651466166666,-10.294000000000004,0,1,22.982435999999996,12.257000999999999,122.9881,1,1,1789162766.321625,0.1078528215001246,0.9897825629481714,0.06673281862171239,-0.06515349489484965,173.14943420958602,-8.242914298506832,168.0566865416786,0.048340384292486945,0.09270229055505282,0.37451013289906526,-5.083669377346039,2.0634172605323795,-9.038887520580293
2026-09-11T17:39:26.359,26.66395699200001,-139.23794555664062,-12531.415100097656,-50125.660400390625,-95.37799270629884,-85.73625919342042,-4.828121662139893,-3.3072633385658268,-7.3981373894188955,-0.015339510398427436,0.0,0.0894775539636612,733.0001220703125,32.21191942691803,-0.03051757998764515,-10.986328795552254,-1479.7657717540683,1,1789162766.0726695,38.991412286666666,-76.93651466166666,-10.294000000000004,0,1,22.982435999999996,12.257000999999999,122.9881,1,1,1789162766.3496249,0.11413099048625172,0.9890217881665196,0.06628523461476854,-0.06645515190406409,173.26877638396164,-8.428876033594213,167.3311974843218,-0.07309735613325091,-0.10531403972996384,0.4653007643244087,4.007683721599578,0.7905140695381164,-12.93389283182144
2026-09-11T17:39:26.393,26.697376064000025,-139.39825439453125,-12545.842895507812,-50183.37158203125,-95.48780426025391,-85.84607074737549,-4.7767558097839355,-3.272077729701996,-7.319429423993362,1.0528601411737213,0.0,0.0885486751794815,725.3907470703125,31.877523064613342,0.0762939527630806,27.465822994709015,1150.6050135157504,1,1789162766.0726695,38.991412286666666,-76.93651466166666,-10.294000000000004,0,1,22.982435999999996,12.257000999999999,122.9881,1,1,1789162766.3896248,0.12256765552824583,0.9881949985973092,0.06418740967354644,-0.06578594838545401,173.57352133404166,-8.380903026848843,166.33056105485326,0.18288100954464703,0.038176459393497966,0.4461665452018696,0.4345326686668396,-1.4881591620445251,-7.479335945358277
2026-09-11T17:39:26.426,26.730779935999976,-139.5568084716797,-12560.112762451172,-50240.45104980469,-95.59641380310059,-85.95468029022217,-4.777943134307861,-3.2728910470008854,-7.321248762976203,-0.02434799471422133,0.0,0.08926965296268463,731.2969970703125,32.13707506656647,0.0,0.0,-822.2347096393237,1,1789162766.0726695,38.991412286666666,-76.93651466166666,-10.294000000000004,0,1,22.982435999999996,12.257000999999999,122.9881,1,1,1789162766.421625,0.12908566780540942,0.9872799705950002,0.0651397275313455,-0.06612084335751578,173.52421226590448,-8.474937526368338,165.5821227556576,0.044957063537495935,0.1272039592084767,0.4050602015930488,7.498360846672058,-2.2822036256408693,-7.949760953617096
2026-09-11T17:39:26.459,26.76417827199998,-139.7108154296875,-12573.973388671875,-50295.8935546875,-95.70190856933594,-86.06017505645752,-4.675740718841553,-3.202882392406464,-7.164643862756041,2.096171934865601,0.0,0.08866693079471588,726.3594970703125,31.920095086097717,-0.0610351599752903,-21.972657591104507,-657.8967763873441,1,1789162766.0726695,38.991412286666666,-76.93651466166666,-10.294000000000004,0,1,22.982435999999996,12.257000999999999,122.9881,1,1,1789162766.449625,0.1346121609093251,0.9866648925218925,0.06499565480686315,-0.06440124887229708,173.56376855178033,-8.313150557683036,164.9302676711742,-0.19120902260346317,-0.11393299917508744,0.3874948589351275,0.2709577439689636,-2.619944657211304,-5.278331383056641
2026-09-11T17:39:26.493,26.797597536000012,-139.864501953125,-12587.80517578125,-50351.220703125,-95.80718383789063,-86.16545032501222,-4.625916957855225,-3.168753116130829,-7.0882988460335214,1.0212455988140012,0.0,0.084260955452919,690.2657470703125,30.333943963050842,-0.2441406548023224,-87.89063572883606,-1972.4545141888923,1,1789162766.0726695,38.991412286666666,-76.93651466166666,-10.294000000000004,0,1,22.982435999999996,12.257000999999999,122.9881,1,1,1789162766.489625,0.14211250700253372,0.9857441915779902,0.06518929832449707,-0.062151263122073995,173.57084413925554,-8.109126150187892,164.04884287986036,-0.09378945614612008,-0.13981745371263973,0.36375785750922895,-2.924245011730194,-0.7112763362312317,-7.259961181240082
2026-09-11T17:39:26.527,26.83106540800003,-140.0179901123047,-12601.619110107422,-50406.47644042969,-95.91232322692872,-86.2705897140503,-4.600574016571045,-3.151393201351166,-7.049465822635922,0.5187038715713451,0.0,0.07754899561405182,635.2813720703125,27.917638421058655,-0.09155276417732239,-32.95899510383606,1641.3245701720177,1,1789162766.0726695,38.991412286666666,-76.93651466166666,-10.294000000000004,0,1,22.982435999999996,12.257000999999999,122.9881,1,1,1789162766.521625,0.14765224020974546,0.9851143928611032,0.06390270579697199,-0.06053836081997248,173.73820677966867,-7.940529789332991,163.38657530146358,-0.036626083418951405,-0.10588441332951558,0.3743429303567242,1.4080388302230835,-2.3433971226501464,-6.989493769779205
2026-09-11T17:39:26.560,26.864482208000027,-140.17039489746094,-12615.335540771484,-50461.34216308594,-96.01672050476076,-86.37498699188234,-4.5499186515808105,-3.1166942763328556,-6.971846537967189,1.0383676778839657,0.0,0.07044221460819244,577.0626220703125,25.35919725894928,-0.07629397511482239,-27.46583104133606,164.38330607659557,1,1789162766.0726695,38.991412286666666,-76.93651466166666,-10.294000000000004,0,1,22.982435999999996,12.257000999999999,122.9881,1,1,1789162766.549625,0.15245794220226153,0.9843558337997395,0.0654240651224816,-0.059328408260467994,173.5831683841469,-7.859789448010945,162.8331376991693,-0.08343651208914013,-0.16509017034736806,0.3357482900744484,-3.1336169926834105,0.3894220779228211,-9.841071503810882
2026-09-11T17:39:26.593,26.89788966399999,-140.32464599609375,-12629.218139648438,-50516.87255859375,-96.12238250732423,-86.4806489944458,-4.603146076202393,-3.153155062198639,-7.053406993107184,-1.0913966590518984,0.0,0.06229974329471588,510.3594970703125,22.427907586097717,-0.4119873344898224,-148.31544041633606,-3617.4442428400394,1,1789162766.0726695,38.991412286666666,-76.93651466166666,-10.294000000000004,0,1,22.982435999999996,12.257000999999999,122.9881,1,1,1789162766.589625,0.15840146541215094,0.9835445562435927,0.06520322532014557,-0.05742491660183792,173.6233417336698,-7.67862646232215,162.1303365015686,0.02036903956832502,0.01760304176976441,0.2780094822928972,-1.1420824778366088,-1.418826145401001,-8.38488202129364
2026-09-11T17:39:26.626,26.931294719999983,-140.4751739501953,-12642.765655517578,-50571.06262207031,-96.2254941558838,-86.58376064300538,-4.525731563568115,-3.100126121044159,-6.934784630109511,1.5874525447432914,0.0,0.043413177132606506,355.6407470703125,15.628743767738342,-0.7476807236671448,-269.1650605201721,-3617.7044607817397,1,1789162766.0726695,38.991412286666666,-76.93651466166666,-10.294000000000004,0,1,22.982435999999996,12.257000999999999,122.9881,1,1,1789162766.621625,0.16260599818173518,0.982780496449857,0.06673804229007133,-0.05698963821944369,173.47338157472586,-7.684646161313243,161.64928296375487,-0.08265757164397505,-0.035740503356489484,0.2624633110466081,5.439160445709229,3.0443764762115477,-11.245776072978973
2026-09-11T17:39:26.660,26.96469500799998,-140.62586975097656,-12656.32827758789,-50625.31311035156,-96.32872077941896,-86.68698726654054,-4.4997358322143555,-3.082319045066834,-6.894951335600462,0.5331413901978183,0.0,0.038057342171669006,311.7657470703125,13.700643181800842,-0.2136230617761612,-76.90430223941803,5756.260493346006,1,1789162766.0726695,38.991412286666666,-76.93651466166666,-10.294000000000004,0,1,22.982435999999996,12.257000999999999,122.9881,1,1,1789162766.6496248,0.1652648021629002,0.9825062561558894,0.06510401597434752,-0.055950593246251235,173.66191510158416,-7.554108171361614,161.3224687488158,0.1875403405157711,-0.13969650239547654,0.15751893205221662,-4.993840461864471,-0.9548735262489318,-5.315106321163177
2026-09-11T17:39:26.694,26.99810086399998,-140.7774658203125,-12669.971923828125,-50679.8876953125,-96.43256408691407,-86.79083057403565,-4.526218891143799,-3.1004599404335025,-6.9355313628165245,-0.5430453680536645,0.0,0.031267181038856506,256.1407470703125,11.256185173988342,-0.3204346001148224,-115.35645604133606,-1151.0602752378536,1,1789162766.0726695,38.991412286666666,-76.93651466166666,-10.294000000000004,0,1,22.982435999999996,12.257000999999999,122.9881,1,1,1789162766.689625,0.16828939462589843,0.9819109254586811,0.06589904797705814,-0.05645289715366877,173.60377249589018,-7.645509101270156,160.97700372300116,4.4331363000655975e-05,0.012027587474268523,0.14501591688970486,3.3649558699989317,1.3861700003623962,-11.850748321456908
2026-09-11T17:39:26.727,27.031518559999995,-140.93150329589844,-12683.83529663086,-50735.34118652344,-96.53807975769044,-86.89634624481202,-4.604842185974121,-3.154316897392273,-7.05600594441721,-1.6116298669646891,0.0,0.02266313135623932,185.6563720703125,8.158727288246155,-0.2899170219898224,-104.37012791633606,328.7577972160341,1,1789162766.0726695,38.991412286666666,-76.93651466166666,-10.294000000000004,0,1,22.982435999999996,12.257000999999999,122.9881,1,1,1789162766.7216249,0.17005881338531342,0.9816492066031017,0.06687756572031216,-0.054518128808731685,173.47020852120582,-7.456971697489613,160.76947492679594,-0.10409230925356781,-0.01070811855976081,0.11780832824621565,-2.689375740356445,0.5322069042778015,-11.613917720050813
2026-09-11T17:39:26.760,27.064927264000005,-141.0865020751953,-12697.785186767578,-50791.14074707031,-96.64425392150879,-87.00252040863037,-4.631155967712402,-3.1723418378829957,-7.096326587963028,-0.5395282765448581,0.0,0.009290710091590881,76.1094970703125,3.3446556329727173,-0.3662109971046448,-131.83595895767212,-822.1160282460487,1,1789162766.0726695,38.991412286666666,-76.93651466166666,-10.294000000000004,0,1,22.982435999999996,12.257000999999999,122.9881,1,1,1789162766.749625,0.17121894870155774,0.9814705547189968,0.06719828851700596,-0.053702996615676034,173.42727666359244,-7.378707599745014,160.63278345856702,-0.05576309506829363,-0.07253693091043553,0.05914746302083584,-2.4330299051284787,4.7118012032127385,-3.682397135734558
2026-09-11T17:39:26.794,27.09834447999998,-141.2415771484375,-12711.741943359375,-50846.9677734375,-96.7504803466797,-87.10874683380128,-4.6324543952941895,-3.17323126077652,-7.098316170312536,-0.02661570890659398,0.0,0.005943313241004944,48.6876220703125,2.13959276676178,-0.0610351637005806,-21.972658932209015,3287.625756303111,1,1789162766.0726695,38.991412286666666,-76.93651466166666,-10.294000000000004,0,1,22.982435999999996,12.257000999999999,122.9881,1,1,1789162766.789625,0.17295786337419997,0.9809882221922649,0.06719085380714175,-0.05686013174236104,173.50069373954153,-7.74709041617871,160.44244027100595,0.06170978089568871,0.043418206736012536,0.04262233659710312,-1.4249062685012819,-1.0063584395980836,-9.1126335297966
2026-09-11T17:39:26.827,27.131751968000003,-141.39703369140625,-12725.733032226562,-50902.93212890625,-96.85696807861329,-87.21523456573487,-4.6593451499938965,-3.1916514277458194,-7.139520910311864,-0.5513783906556191,0.0,0.006382003426551819,52.2813720703125,2.297521233558655,-0.0762939527630806,-27.465822994709015,-164.42912626343573,1,1789162766.0726695,38.991412286666666,-76.93651466166666,-10.294000000000004,0,1,22.982435999999996,12.257000999999999,122.9881,1,1,1789162766.821625,0.17427533599385253,0.980580040898504,0.06840775171334522,-0.05840607983115558,173.40175729493092,-7.954533520300793,160.30373722630006,-0.04758291139712141,-0.040932334282397016,0.09475514682124855,0.7132376662635803,1.6029950354385376,-10.660024858818055
2026-09-11T17:39:26.860,27.16515820799998,-141.5506134033203,-12739.555206298828,-50958.22082519531,-96.96217018127442,-87.320436668396,-4.634824275970459,-3.1748546290397646,-7.101947541695958,0.5028042277750099,0.0,0.003555312752723694,29.1251220703125,1.2799125909805298,0.015258789993822575,5.493164397776127,986.6117046548256,1,1789162766.0726695,38.991412286666666,-76.93651466166666,-10.294000000000004,0,1,22.982435999999996,12.257000999999999,122.9881,1,1,1789162766.8496249,0.17470174972921826,0.980408095846271,0.06758161123580084,-0.060926103300733704,173.54726234556955,-8.226004405677166,160.25719494389438,0.1473469786386685,0.03862343821493371,0.0829534049521881,2.0692031841278076,0.35137227529525755,-8.417930432338714
2026-09-11T17:39:26.894,27.19856224,-141.7054901123047,-12753.494110107422,-51013.97644042969,-97.06826072692871,-87.4265272140503,-4.6355299949646,-3.175338046550751,-7.103028915870498,-0.014471831154572335,0.0,-3.24249267578125e-05,-0.265625,-0.0116729736328125,-0.015258789993822575,-5.493164397776127,-328.8922964612551,1,1789162766.0726695,38.991412286666666,-76.93651466166666,-10.294000000000004,0,1,22.982435999999996,12.257000999999999,122.9881,1,1,1789162766.8896248,0.1752008350854226,0.9802975435551392,0.06871475986625557,-0.059997293786080846,173.40457916942415,-8.146702526943002,160.20412414648035,0.037798595610441195,0.000693768377667746,0.09730943618154225,5.73963620666504,-0.29400337184906006,-9.836070112228393
2026-09-11T17:39:26.927,27.23198444799999,-141.85951232910156,-12767.35610961914,-51069.42443847656,-97.17376594543458,-87.53203243255616,-4.611421585083008,-3.1588237857818604,-7.066087566620117,0.4941104061375939,0.0,-0.00251007080078125,-20.5625,-0.90362548828125,-0.1525879055261612,-54.93164598941803,-1479.210517499505,1,1789162766.0726695,38.991412286666666,-76.93651466166666,-10.294000000000004,0,1,22.982435999999996,12.257000999999999,122.9881,1,1,1789162766.921625,0.1759124125526131,0.9801363521437428,0.06913420212596373,-0.06006676629120917,173.36401069612123,-8.167667451466807,160.12437327331116,-0.05335017737741147,-0.05433541574016227,-0.01263775458076574,0.9606594498443604,2.131573479156494,-3.987187822761536
2026-09-11T17:39:26.960,27.265390239999988,-142.01556396484375,-12781.400756835938,-51125.60302734375,-97.28066131591798,-87.63892780303956,-4.6649932861328125,-3.195520401000977,-7.148175556999314,-1.0985105582624886,0.0,-0.003528594970703125,-28.90625,-1.270294189453125,-0.1220703199505806,-43.945315182209015,328.87502883362873,1,1789162766.0726695,38.991412286666666,-76.93651466166666,-10.294000000000004,0,1,22.982435999999996,12.257000999999999,122.9881,1,1,1789162766.949625,0.17685259210971813,0.9798216538684115,0.07029335762104236,-0.061086259903555644,173.2592842892758,-8.312403115989902,160.0275402607208,-0.11408658814926294,-0.058481968977050394,0.056245329540619664,0.7140221982765198,-0.9680144374656677,-7.980749968128205
2026-09-11T17:39:26.993,27.29879648000002,-142.16873168945312,-12795.185852050781,-51180.743408203125,-97.3855812072754,-87.74384769439698,-4.614608287811279,-3.1610066771507266,-7.070970555544745,1.033152005440177,0.0,-0.0055999755859375,-45.875,-2.0159912109375,-0.061035171151161194,-21.97266161441803,657.7409959267785,1,1789162766.0726695,38.991412286666666,-76.93651466166666,-10.294000000000004,0,1,22.982435999999996,12.257000999999999,122.9881,1,1,1789162766.989625,0.177204599706329,0.979932732290602,0.06977197631762248,-0.058840813634145624,173.27849745039094,-8.050618532593283,159.97309635813176,-0.16579441070054776,-0.11142670636922358,0.011443076707775623,0.4606183580970764,-0.4686598112297058,1.342040074634552
2026-09-11T17:39:27.027,27.332201664000024,-142.32559204101562,-12809.303283691406,-51237.213134765625,-97.49303054809572,-87.85129703521729,-4.667295455932617,-3.197097387313843,-7.151703174914638,-1.0803924972577112,0.0,-0.011554718017578125,-94.65625,-4.159698486328125,-0.2441406548023224,-87.89063572883606,-1973.2857664969686,1,1789162766.0726695,38.991412286666666,-76.93651466166666,-10.294000000000004,0,1,22.982435999999996,12.257000999999999,122.9881,1,1,1789162767.021625,0.17716994735813024,0.9797771837910845,0.06923589719799542,-0.06207954908597007,173.4016459758494,-8.405691178788814,159.98571377852056,-0.04843061781481505,0.07283189155402257,-0.024372650339474815,5.950577251644135,-0.342840489654541,-13.050101636238098
2026-09-11T17:39:27.060,27.365608064000014,-142.47833251953125,-12823.049926757812,-51292.19970703125,-97.59765777587891,-87.9559242630005,-4.58902645111084,-3.1434831190109254,-7.031771472375899,1.6049100861791157,0.0,-0.026844024658203125,-219.90625,-9.663848876953125,-0.7324219346046448,-263.6718964576721,-5261.903728892951,1,1789162766.0726695,38.991412286666666,-76.93651466166666,-10.294000000000004,0,1,22.982435999999996,12.257000999999999,122.9881,1,1,1789162767.049625,0.17694471611731766,0.9799352001056179,0.06801893829365833,-0.06157105704410074,173.52868202387893,-8.322366813449369,160.0003535132147,0.16432309814111654,0.011224561485425933,-0.04365400071795697,-8.292797576274872,1.4783525118827818,-11.500160578174592
2026-09-11T17:39:27.094,27.39902793599998,-142.6341552734375,-12837.073974609375,-51348.2958984375,-97.70439636230469,-88.06266284942627,-4.590172290802002,-3.1442680191993717,-7.033527244093075,-0.023486032156170632,0.0,-0.03506660461425781,-287.265625,-12.623977661132812,-0.030517585575580597,-10.986330807209015,7560.937565850272,1,1789162767.0740535,38.99142765,-76.93651894999999,-10.243000000000002,0,1,17.172736,6.959044,72.48819599999999,1,1,1789162767.089625,0.17540369140693146,0.9805160192594017,0.06646825664880246,-0.0583425391510143,173.63068952531415,-7.916462807616353,160.15654605655024,0.02543869744659295,0.06462936766842482,-0.13599937144097693,-2.5306060742378236,-0.4292370775794983,-4.549206943531036
2026-09-11T17:39:27.127,27.432444095999983,-142.78456115722656,-12850.61050415039,-51402.44201660156,-97.8074243927002,-88.16569087982178,-4.538764476776123,-3.1090536665916444,-6.954754980743649,1.0538120660101475,0.0,-0.034358978271484375,-281.46875,-12.369232177734375,0.0457763709127903,16.479493528604507,821.9323924655682,1,1789162767.0740535,38.99142765,-76.93651894999999,-10.243000000000002,0,1,17.172736,6.959044,72.48819599999999,1,1,1789162767.121625,0.17431715474140969,0.9806139955659605,0.06604708489826785,-0.060394567963208766,173.70889916761175,-8.133137506938356,160.28812494185757,0.01390643441404042,0.14162823281158385,-0.04155611495705979,9.618656678142548,-0.8441564459228516,-11.435534753608703
2026-09-11T17:39:27.160,27.465851423999993,-142.93572998046875,-12864.215698242188,-51456.86279296875,-97.9109750366211,-88.26924152374268,-4.54021692276001,-3.110048592090607,-6.956980565700169,-0.02978165446103467,0.0,-0.03446006774902344,-282.296875,-12.405624389648438,-0.015258795581758022,-5.493166409432888,-657.7197654966886,1,1789162767.0740535,38.99142765,-76.93651894999999,-10.243000000000002,0,1,17.172736,6.959044,72.48819599999999,1,1,1789162767.1496248,0.17275047914207403,0.9808706879658138,0.06635078833049925,-0.06039485353551519,173.66128216753265,-8.129059854101436,160.47393520333318,-0.015831008980214566,0.15795194823963643,-0.08598469279705184,0.5030811532974243,0.6735207331085206,-12.643517920532226
2026-09-11T17:39:27.194,27.499256351999975,-143.0858612060547,-12877.727508544922,-51510.91003417969,-98.01381492614748,-88.37208141326904,-4.515297889709473,-3.092979054450989,-6.91879709746552,0.5109886074182609,0.0,-0.034877777099609375,-285.71875,-12.555999755859375,0.015258791856467724,5.493165068328381,328.8835550780793,1,1789162767.0740535,38.99142765,-76.93651894999999,-10.243000000000002,0,1,17.172736,6.959044,72.48819599999999,1,1,1789162767.189625,0.17182332906427705,0.9808389364837428,0.06689825113692299,-0.062899509231241,173.63792084015657,-8.417080553443473,160.5961344132605,-0.014311176267577904,0.12646324147393032,-0.08359428985352041,-3.8141985139083863,2.483239953956604,-16.49174551050186
2026-09-11T17:39:27.227,27.532662560000006,-143.23495483398438,-12891.145935058594,-51564.583740234375,-98.11594406127931,-88.47421054840089,-4.463316440582275,-3.057371761798859,-6.839145852270168,1.0658884915072497,0.0,-0.03439903259277344,-281.796875,-12.383651733398438,-0.0915527492761612,-32.95898973941803,-1151.0481766655753,1,1789162767.0740535,38.99142765,-76.93651894999999,-10.243000000000002,0,1,17.172736,6.959044,72.48819599999999,1,1,1789162767.2216249,0.17083158346017435,0.9809453720698103,0.06819449568191846,-0.06254804446183414,173.47494628389973,-8.395884913338488,160.7214870398093,-0.028554459227253227,-0.09056216782625738,-0.09151651386124786,-1.4800196424102783,0.5307359067535401,-7.6821374707031245
2026-09-11T17:39:27.261,27.56606671999998,-143.38296508789062,-12904.466857910156,-51617.867431640625,-98.21733108520509,-88.57559757232667,-4.412619113922119,-3.022644093036652,-6.761462269677542,1.0396210760046973,0.0,-0.03286933898925781,-269.265625,-11.832962036132812,-0.015258789993822575,-5.493164397776127,822.2276908523498,1,1789162767.0740535,38.99142765,-76.93651894999999,-10.243000000000002,0,1,17.172736,6.959044,72.48819599999999,1,1,1789162767.249625,0.17058353584385566,0.9811758020237534,0.06811071836672078,-0.05963415854710746,173.428484843667,-8.062910177355473,160.7383607381104,0.05802120205452389,0.04462248391988863,-0.03338710139310033,-7.142183312797546,0.5248519166564941,-7.6853736652565
2026-09-11T17:39:27.294,27.599485567999977,-143.5304718017578,-12917.742462158203,-51670.96984863281,-98.3183731842041,-88.67663967132569,-4.387753009796143,-3.005610811710358,-6.723359904505983,0.5096908584729077,0.0,-0.032684326171875,-267.75,-11.766357421875,0.0,0.0,164.37324224272132,1,1789162767.0740535,38.99142765,-76.93651894999999,-10.243000000000002,0,1,17.172736,6.959044,72.48819599999999,1,1,1789162767.289625,0.16972023582502221,0.9810461467374963,0.06955212568898138,-0.06249801064956814,173.30951517637664,-8.408840730519284,160.8624360312814,0.09107110583613892,0.10090289457847339,0.002373298716861889,4.791725402030945,-0.9220212482070923,-12.674016602535247
2026-09-11T17:39:27.327,27.632905568000012,-143.67807006835938,-12931.026306152344,-51724.105224609375,-98.41947799682617,-88.77774448394776,-4.38961935043335,-3.0068892550468447,-6.726219700802705,-0.038253840110275376,0.0,-0.03218841552734375,-263.6875,-11.58782958984375,0.1373291164636612,49.43848192691803,1479.308256339501,1,1789162767.0740535,38.99142765,-76.93651894999999,-10.243000000000002,0,1,17.172736,6.959044,72.48819599999999,1,1,1789162767.321625,0.16879551052718383,0.9812324563121464,0.07062409964424231,-0.06085374971962914,173.1492101014622,-8.236845831739622,160.97243912641747,0.034940444427375275,-0.0257636777533143,-0.05688603990902678,-8.505405751781463,2.5811103225708005,-6.474644636287689
2026-09-11T17:39:27.360,27.666313791999983,-143.82293701171875,-12944.064331054688,-51776.25732421875,-98.51871185302736,-88.87697834014894,-4.390329837799072,-3.007375938892365,-6.727308381559506,-0.014567785630287645,0.0,-0.033031463623046875,-270.59375,-11.891326904296875,0.015258795581758022,5.493166409432888,-1315.4041207794912,1,1789162767.0740535,38.99142765,-76.93651894999999,-10.243000000000002,0,1,17.172736,6.959044,72.48819599999999,1,1,1789162767.3496249,0.168142450868122,0.9812291600822919,0.07159387294274813,-0.061577341427824006,173.0461096055729,-8.332583160309872,161.059755496498,-0.03894457879730067,0.06357134907586587,-0.002982767691658309,7.17944858341217,-0.2586994312667847,-5.581062673549652
2026-09-11T17:39:27.393,27.69972179199999,-143.9695281982422,-12957.257537841797,-51829.03015136719,-98.61912681579591,-88.97739330291749,-4.391724586486816,-3.0083313417434696,-6.729445556870674,-0.02859802595499557,0.0,-0.03238677978515625,-265.3125,-11.65924072265625,0.1831054836511612,65.91797411441803,1808.6927593681062,1,1789162767.0740535,38.99142765,-76.93651894999999,-10.243000000000002,0,1,17.172736,6.959044,72.48819599999999,1,1,1789162767.3896248,0.16660270832174148,0.9811801925614141,0.07564791732093519,-0.06169570414552654,172.57191343373677,-8.411147636862816,161.27334961629182,0.011834030460222352,0.06441975362526031,-0.08193570346535019,0.17053764631271362,0.5777097610282897,-6.8115030693435665
2026-09-11T17:39:27.427,27.733127808000006,-144.11585998535156,-12970.42739868164,-51881.70959472656,-98.71936408996582,-89.0776305770874,-4.3663129806518555,-2.990924391746521,-6.690507318688524,0.5210723121530176,0.0,-0.0328369140625,-269.0,-11.8212890625,-0.0457763709127903,-16.479493528604507,-2466.5457755568864,1,1789162767.0740535,38.99142765,-76.93651894999999,-10.243000000000002,0,1,17.172736,6.959044,72.48819599999999,1,1,1789162767.417625,0.16578254126056893,0.9811545750665873,0.07511892625146616,-0.06487677363987147,172.6817817738505,-8.755316703014227,161.3799944752077,0.10238275925123937,0.13424426834517145,-0.009211149660325274,7.2752595554924016,-1.5978955773544312,-14.625539984722137
2026-09-11T17:39:27.462,27.766538175999983,-144.26376342773438,-12983.738708496094,-51934.954833984375,-98.82067794799805,-89.17894443511963,-4.418664932250977,-3.0267854785919193,-6.77072628532551,-1.0733520458506387,0.0,-0.03289985656738281,-269.515625,-11.843948364257812,0.0,0.0,493.2448971713153,1,1789162767.0740535,38.99142765,-76.93651894999999,-10.243000000000002,0,1,17.172736,6.959044,72.48819599999999,1,1,1789162767.4616249,0.16513499113989852,0.9810174992477991,0.07655614703867278,-0.06688988878308232,172.54699491990823,-9.005222973302038,161.4776472623509,-0.0719306035282927,-0.012883496939446543,0.0005082398781807488,7.1937662926483155,2.147166052913666,-6.171619146289825
2026-09-11T17:39:27.495,27.799953631999983,-144.40896606445312,-12996.806945800781,-51987.227783203125,-98.9201417541504,-89.27840824127198,-4.3670501708984375,-2.9914293670654297,-6.691636916305982,1.0580765836770072,0.0,-0.03372764587402344,-276.296875,-12.141952514648438,-0.0762939602136612,-27.46582567691803,-821.9497491495517,1,1789162767.0740535,38.99142765,-76.93651894999999,-10.243000000000002,0,1,17.172736,6.959044,72.48819599999999,1,1,1789162767.489625,0.1646255015600081,0.980969582599829,0.0777443642337919,-0.06747544797862783,172.4165192238743,-9.089675374220073,161.55056237619988,-0.01266847237560084,0.08775916904755447,-0.07348918255032363,6.160537631607055,-0.6452775806427001,-11.0675892395401
2026-09-11T17:39:27.528,27.83336009599998,-144.5556640625,-13010.009765625,-52040.0390625,-99.02062988281251,-89.37889636993408,-4.420319080352783,-3.0279185700416567,-6.773260938711644,-1.09227971497469,0.0,-0.033611297607421875,-275.34375,-12.100067138671875,-0.0915527492761612,-32.95898973941803,-164.43416646852535,1,1789162767.0740535,38.99142765,-76.93651894999999,-10.243000000000002,0,1,17.172736,6.959044,72.48819599999999,1,1,1789162767.521625,0.16313321528434618,0.9811413486656815,0.07771193803100017,-0.06862989652436213,172.4263980758357,-9.208408555373726,161.73051676882446,-0.04131770298123736,0.15282888328625746,-0.05257996357850637,5.167025903720855,1.9474045891189575,-12.114841410312653
2026-09-11T17:39:27.561,27.86676332799999,-144.702880859375,-13023.25927734375,-52093.037109375,-99.12147338867189,-89.47973987579347,-4.421818733215332,-3.0289458322525027,-6.775558858832541,-0.030753377722421257,0.0,-0.03348731994628906,-274.328125,-12.055435180664062,0.015258789993822575,5.493164397776127,1151.150707128592,1,1789162767.0740535,38.99142765,-76.93651894999999,-10.243000000000002,0,1,17.172736,6.959044,72.48819599999999,1,1,1789162767.549625,0.16223333545685958,0.9813392458078319,0.07853510506433965,-0.06697661365275519,172.29522633452444,-9.02907102003889,161.83498215583978,-0.0038802159930337934,0.03034569063857501,-0.060174589285634496,-2.2681801159095762,1.9607416333389283,-4.842523849868774
2026-09-11T17:39:27.596,27.900171424000007,-144.85415649414062,-13036.874084472656,-52147.496337890625,-99.22509719848634,-89.58336368560792,-4.4490814208984375,-3.04762077331543,-6.81733351224818,-0.5589944743608922,0.0,-0.03323554992675781,-272.265625,-11.964797973632812,0.0,0.0,-164.4261438237431,1,1789162767.0740535,38.99142765,-76.93651894999999,-10.243000000000002,0,1,17.172736,6.959044,72.48819599999999,1,1,1789162767.589625,0.1612144579573704,0.981472938800291,0.07967078388837673,-0.06613119644194389,172.14132904107043,-8.945802943130348,161.9597606920887,-0.021950482403557084,0.050070354647063726,-0.03675506325067379,-5.860748336162567,0.8438622464179992,-8.711247338676452
2026-09-11T17:39:27.629,27.933588639999982,-145.0045623779297,-13050.410614013672,-52201.64245605469,-99.32812522888185,-89.68639171600343,-4.527742385864258,-3.101503534317017,-6.937865815848724,-1.6124251942958598,0.0,-0.032558441162109375,-266.71875,-11.721038818359375,0.015258789993822575,5.493164397776127,164.38126975569097,1,1789162767.0740535,38.99142765,-76.93651894999999,-10.243000000000002,0,1,17.172736,6.959044,72.48819599999999,1,1,1789162767.621625,0.16048242312347166,0.9817387079644853,0.07899292731350331,-0.06476587517424509,172.18914446888664,-8.77300917937847,162.0323093690938,0.1267831603258209,-0.041683000393679774,-0.04278674661264099,-0.12434832405090332,0.007060788116455078,-15.68730599773407
2026-09-11T17:39:27.662,27.966996160000008,-145.1555633544922,-13064.000701904297,-52256.00280761719,-99.43156089782715,-89.78982738494874,-4.528054714202881,-3.1017174792289737,-6.93834439698678,-0.00640409440618561,0.0,-0.03261566162109375,-267.1875,-11.74163818359375,-0.0762939527630806,-27.465822994709015,-986.5739028955103,1,1789162767.0740535,38.99142765,-76.93651894999999,-10.243000000000002,0,1,17.172736,6.959044,72.48819599999999,1,1,1789162767.661625,0.15935180902626508,0.9821234898208306,0.07693608478971091,-0.06419727844262445,172.4050298801781,-8.66280709663377,162.14397521630104,-0.049009194461851174,-0.09810007033269569,-0.019087967897361186,0.2550709707069397,2.262884524822235,-9.935411478366852
2026-09-11T17:39:27.696,28.000401536000027,-145.3118896484375,-13078.070068359375,-52312.2802734375,-99.5386444091797,-89.89691089630128,-4.607738971710205,-3.1563011956214906,-7.060444693140406,-1.6339800034726801,0.0,-0.03255271911621094,-266.671875,-11.718978881835938,0.061035171151161194,21.97266161441803,1479.9559391009163,1,1789162767.0740535,38.99142765,-76.93651894999999,-10.243000000000002,0,1,17.172736,6.959044,72.48819599999999,1,1,1789162767.689625,0.1587890648761676,0.9823883614989997,0.07490107788179655,-0.06394504358594275,172.62882264979922,-8.593587255031638,162.19131782379418,0.16459694030075442,-0.0745161342821971,-0.07804868068823363,-1.7701984206962587,-0.7919850670623779,-4.482227522926331
2026-09-11T17:39:27.728,28.033807776000003,-145.46096801757812,-13091.487121582031,-52365.948486328125,-99.64076309204103,-89.99902957916261,-4.5577073097229,-3.122029507160187,-6.983781109431335,1.0259067905076256,0.0,-0.034053802490234375,-278.96875,-12.259368896484375,-0.0610351637005806,-21.972658932209015,-1315.482393309089,1,1789162767.0740535,38.99142765,-76.93651894999999,-10.243000000000002,0,1,17.172736,6.959044,72.48819599999999,1,1,1789162767.7216249,0.15713563416906973,0.9825495321749856,0.07566647149029962,-0.06464823577800564,172.53847041862002,-8.674448902664874,162.39437394599008,-0.19042083191326256,0.011736641087961068,-0.14309343671863312,-6.4934734045982365,2.336924733543396,5.144568674850463
2026-09-11T17:39:27.762,28.067208256000015,-145.6151123046875,-13105.360107421875,-52421.4404296875,-99.74635192871095,-90.10461841583253,-4.637582302093506,-3.1767438769340517,-7.1061736688753765,-1.6381312416422023,0.0,-0.036724090576171875,-300.84375,-13.220672607421875,-0.1220703274011612,-43.94531786441803,-657.8545856886301,1,1789162767.0740535,38.99142765,-76.93651894999999,-10.243000000000002,0,1,17.172736,6.959044,72.48819599999999,1,1,1789162767.761625,0.15521631392624202,0.9825649420755546,0.07799344313100155,-0.06626502338174962,172.28141438490195,-8.883802678035478,162.64676602209713,0.019971977163496312,0.3156700223595056,-0.07471527634984966,5.668145726985931,-1.0827522443580626,-10.051228016777038
2026-09-11T17:39:27.797,28.100624127999993,-145.77426147460938,-13119.683532714844,-52478.734130859375,-99.85536911010743,-90.21363559722901,-4.6906819343566895,-3.2131171250343327,-7.187538307610794,-1.0885021375562245,0.0,-0.04148674011230469,-339.859375,-14.935226440429688,-0.1220703274011612,-43.94531786441803,0.0,1,1789162767.0740535,38.99142765,-76.93651894999999,-10.243000000000002,0,1,17.172736,6.959044,72.48819599999999,1,1,1789162767.789625,0.15337464738066034,0.9829696426377111,0.0764992934087495,-0.06629296570157915,172.43657704681715,-8.846861806171384,162.84900743028567,-0.060826993360029974,-0.036608106527655865,-0.1343753425719962,-4.026316356906891,-0.1515127449989319,-8.613376970062255
2026-09-11T17:39:27.829,28.13404278400003,-145.92958068847656,-13133.66226196289,-52534.64904785156,-99.96176277160646,-90.32002925872803,-4.74386739730835,-3.2495491671562196,-7.2690344648268965,-1.0901707753251935,0.0,-0.051361083984375,-420.75,-18.489990234375,-0.1678467094898224,-60.42481541633606,-493.1226902691569,1,1789162767.0740535,38.99142765,-76.93651894999999,-10.243000000000002,0,1,17.172736,6.959044,72.48819599999999,1,1,1789162767.821625,0.15092209136717583,0.9834466826519144,0.07366444611417661,-0.06803450666385791,172.7674599273434,-8.977802539279592,163.1191898664871,0.1900553599678949,0.06197751440294464,-0.1490560050422213,2.550023241558075,0.29390530534744264,-12.57045837682724
2026-09-11T17:39:27.862,28.16744630400001,-146.09031677246094,-13148.128509521484,-52592.51403808594,-100.07186698913576,-90.43013347625732,-4.848052024841309,-3.3209156370162964,-7.4286767112927095,-2.1364954908980223,0.0,-0.06232643127441406,-510.578125,-22.437515258789062,-0.4272461533546448,-153.80861520767212,-2795.6275204348217,1,1789162767.0740535,38.99142765,-76.93651894999999,-10.243000000000002,0,1,17.172736,6.959044,72.48819599999999,1,1,1789162767.861625,0.1468720070363979,0.9836724924047427,0.07612418693259912,-0.07086712495362142,172.4918589060328,-9.31029318556645,163.62805510189202,-0.043372479109610285,0.06133767669916352,-0.20667979562606612,4.083685260353088,1.3760691506958007,-11.135451258659362
2026-09-11T17:39:27.896,28.20084847999999,-146.25811767578125,-13163.230590820312,-52652.92236328125,-100.18681060791016,-90.54507709503174,-4.926436901092529,-3.374609277248383,-7.548785963780376,-1.607489291479583,0.0,-0.07309150695800781,-598.765625,-26.312942504882812,-0.24414068460464478,-87.89064645767212,1973.4633081999414,1,1789162767.0740535,38.99142765,-76.93651894999999,-10.243000000000002,0,1,17.172736,6.959044,72.48819599999999,1,1,1789162767.8896248,0.14324752749673844,0.9841944987198238,0.07600776860292144,-0.07116286719709078,172.47541267382417,-9.314412469972183,164.05158144667962,0.018016161203711464,0.053906413810022064,-0.23750841886866797,-4.47879519536972,1.6496746902084352,-15.164023145103455
2026-09-11T17:39:27.929,28.234267552000006,-146.42578125,-13178.3203125,-52713.28125,-100.30166015625001,-90.65992664337159,-5.05771541595459,-3.4645350599288944,-7.749944210649809,-2.690852178075764,0.0,-0.08382987976074219,-686.734375,-30.178756713867188,-0.5035400986671448,-181.27443552017212,-2794.3262177494835,1,1789162767.0740535,38.99142765,-76.93651894999999,-10.243000000000002,0,1,17.172736,6.959044,72.48819599999999,1,1,1789162767.921625,0.1389528223463248,0.9847166097880777,0.07493957529281163,-0.0735484304686276,172.5921922023644,-9.53644029685953,164.5548777748015,0.017129883009548746,0.002627593188877463,-0.278061842170457,5.866043927249908,2.2277767172431946,2.3969414325332643
2026-09-11T17:39:27.962,28.26766758399998,-146.59799194335938,-13193.819274902344,-52775.277099609375,-100.41962448120118,-90.77789096832277,-5.1358513832092285,-3.5180581974983216,-7.869672059543481,-1.602487613468992,0.0,-0.10032081604003906,-821.828125,-36.11549377441406,-0.4882813096046448,-175.78127145767212,164.46583232328,1,1789162767.0740535,38.99142765,-76.93651894999999,-10.243000000000002,0,1,17.172736,6.959044,72.48819599999999,1,1,1789162767.9616249,0.13264423768384337,0.9852376781140744,0.07669347804635118,-0.07635662550698183,172.36754453584228,-9.834611899173238,165.32217369058546,0.03629673978910007,-0.057198977443909366,-0.3512757862977411,2.211693810977936,-0.10875575029373168,-3.786837959957123
2026-09-11T17:39:27.996,28.301069856000026,-146.77493286132812,-13209.743957519531,-52838.975830078125,-100.54082901000977,-90.89909549713136,-5.214983940124512,-3.572263998985291,-7.990926984129579,-1.6228177977502347,0.0,-0.10372352600097656,-849.703125,-37.34046936035156,-0.1220703199505806,-43.945315182209015,3946.9158348055116,1,1789162767.0740535,38.99142765,-76.93651894999999,-10.243000000000002,0,1,17.172736,6.959044,72.48819599999999,1,1,1789162767.989625,0.1272459588547559,0.9857186800448842,0.07756536379630032,-0.07842680731008064,172.23996833003238,-10.041026146171994,165.97153650897906,-0.07322319437231971,-0.04639888003256845,-0.3782111035779192,4.0834891273498535,4.866157876758575,-15.975621512489319
2026-09-11T17:39:28.029,28.334476896000012,-146.94834899902344,-13225.35140991211,-52901.40563964844,-100.65961906433107,-91.01788555145265,-5.267225742340088,-3.6080496335029606,-8.070977168716349,-1.0712003972122266,0.0,-0.10527610778808594,-862.421875,-37.89939880371094,-0.1831054836511612,-65.91797411441803,-657.7254055497958,1,1789162767.0740535,38.99142765,-76.93651894999999,-10.243000000000002,0,1,17.172736,6.959044,72.48819599999999,1,1,1789162768.021625,0.12102056742721697,0.986385754121144,0.07842030633076455,-0.07904063436894786,172.08540008700004,-10.073423700301205,166.70922289439721,0.08168001272993303,0.04955146826044581,-0.41058399414268565,-1.6191760082054139,1.7191057733535768,-2.3080931820678714
2026-09-11T17:39:28.063,28.367898175999983,-147.12608337402344,-13241.34750366211,-52965.39001464844,-100.78136711120607,-91.13963359832765,-5.29421329498291,-3.6265361070632935,-8.112330232335562,-0.553134815912176,0.0,-0.106536865234375,-872.75,-38.353271484375,0.0,0.0,1972.3354136788382,1,1789162767.0740535,38.99142765,-76.93651894999999,-10.243000000000002,0,1,17.172736,6.959044,72.48819599999999,1,1,1789162768.061625,0.11282025639510088,0.9872636778724253,0.07849127525616405,-0.0801320148842931,172.00588580972428,-10.132996330796129,167.67141559269254,-0.010029185480735016,0.13005338374528266,-0.43614608636739455,-0.4293351440811157,-0.12846711711883546,-12.980670553092956
2026-09-11T17:39:28.096,28.401315904,-147.29940795898438,-13256.946716308594,-53027.786865234375,-100.90009445190431,-91.25836093902589,-5.218071937561035,-3.5743792772293093,-7.995658726801417,1.5607533173397297,0.0,-0.107147216796875,-877.75,-38.572998046875,0.0,0.0,0.0,1,1789162768.072914,38.99144229,-76.936523135,-10.409000000000002,0,1,22.982435999999996,12.25,122.9881,1,1,1789162768.089625,0.10712308675812922,0.9879413784413734,0.07806598058777912,-0.0800136221004784,171.99548742369112,-10.06835062841019,168.3293774639612,0.05152648284200259,0.015299032624206694,-0.42031141219575086,-0.8647504112625122,-0.7655071116256714,-11.594402486228942
2026-09-11T17:39:28.129,28.434721792000005,-147.46881103515625,-13272.192993164062,-53088.77197265625,-101.01613555908204,-91.37440204620363,-5.063575744628906,-3.468549385070801,-7.758924000247846,3.168001166695364,0.0,-0.10555458068847656,-864.703125,-37.99964904785156,0.030517607927322388,10.98633885383606,328.8743246051306,1,1789162768.072914,38.99144229,-76.936523135,-10.409000000000002,0,1,22.982435999999996,12.25,122.9881,1,1,1789162768.121625,0.10092003912819568,0.9887221805929652,0.077443604202222,-0.07903216733726345,171.99486390125907,-9.899059902689423,169.0382476377032,-0.02299907621815528,-0.0063313563945346304,-0.3557743724447565,-1.688999357357025,-0.6574378268432618,-6.179268333415985
2026-09-11T17:39:28.163,28.46812150400001,-147.6422119140625,-13287.799072265625,-53151.1962890625,-101.13491516113282,-91.4931816482544,-5.169297695159912,-3.54096892118454,-7.920921888834413,-2.168268280688425,0.0,-0.10297775268554688,-843.59375,-37.071990966796875,0.1831054985523224,65.91797947883606,1644.6740805726686,1,1789162768.072914,38.99144229,-76.936523135,-10.409000000000002,0,1,22.982435999999996,12.25,122.9881,1,1,1789162768.161625,0.09387478924181725,0.9894171212619542,0.07900765423009683,-0.07745369372450427,171.72941555260883,-9.677464742332758,169.86147082166715,0.0035431929144736883,-0.01448483652815134,-0.38949395906036177,-3.1808850464630125,-0.5761406970024109,-10.85449073152542
2026-09-11T17:39:28.196,28.501526528,-147.81214904785156,-13303.09341430664,-53212.37365722656,-101.25132209777833,-91.60958858489991,-5.118542194366455,-3.506201403141022,-7.843149165938211,1.0407870996748585,0.0,-0.09671592712402344,-792.296875,-34.81773376464844,0.1373291313648224,49.43848729133606,-493.32376433871417,1,1789162768.072914,38.99144229,-76.936523135,-10.409000000000002,0,1,22.982435999999996,12.25,122.9881,1,1,1789162768.189625,0.0896585584337464,0.9896895547534368,0.08071184482808261,-0.07721092031555069,171.48895424769725,-9.631029088508045,170.3654375204878,-0.05635301635546772,0.034923514733630937,-0.29854240827798445,-2.1984548332595826,0.9827244127082824,-8.43185587556839
2026-09-11T17:39:28.230,28.534943424000005,-147.98301696777344,-13318.47152709961,-53273.88610839844,-101.36836662292481,-91.7266331100464,-5.092446804046631,-3.4883260607719424,-7.80316316385992,0.5349192925960682,0.0,-0.09360885620117188,-766.84375,-33.699188232421875,-0.2288818508386612,-82.39746630191803,-3945.1884936659544,1,1789162768.072914,38.99144229,-76.936523135,-10.409000000000002,0,1,22.982435999999996,12.25,122.9881,1,1,1789162768.2216249,0.08523030183369748,0.9899958144676245,0.08277266524485288,-0.07611024158538085,171.1987357770348,-9.486029846680074,170.89057495504247,-0.10228746427408048,-0.052132810224145426,-0.2670662678828927,9.491954758052826,-0.8095389708518982,-11.038757688064575
2026-09-11T17:39:28.263,28.568351647999975,-148.15072631835938,-13333.565368652344,-53334.261474609375,-101.48324752807618,-91.84151401519776,-5.041207313537598,-3.4532270097732547,-7.724648822864287,1.050611100988756,0.0,-0.09549522399902344,-782.296875,-34.37828063964844,-0.0915527492761612,-32.95898973941803,1479.8295342650974,1,1789162768.072914,38.99144229,-76.936523135,-10.409000000000002,0,1,22.982435999999996,12.25,122.9881,1,1,1789162768.261625,0.07923001915944763,0.9907480150694267,0.08207465536482773,-0.07351683920524352,171.2039003523614,-9.130221902220194,171.5592854080918,0.11465067856350751,0.015064111306888258,-0.29011386425425345,3.756143144950867,1.6205489392280579,-12.33372584192276
2026-09-11T17:39:28.297,28.601756672000022,-148.3218994140625,-13348.970947265625,-53395.8837890625,-101.60050109863282,-91.9587675857544,-5.0672607421875,-3.471073608398438,-7.764570527018687,-0.5342489388769298,0.0,-0.10050010681152344,-823.296875,-36.18003845214844,-0.12207034230232239,-43.94532322883606,-328.88267014574603,1,1789162768.072914,38.99144229,-76.936523135,-10.409000000000002,0,1,22.982435999999996,12.25,122.9881,1,1,1789162768.289625,0.07453417808070671,0.991232175877661,0.08213384833220733,-0.07181546324304619,171.14272785524062,-8.894477109655814,172.08989165805133,-0.17412888147759628,-0.08087873207034244,-0.27610515354604614,7.962705731830597,-2.732132735061646,-17.56518143720627
2026-09-11T17:39:28.330,28.635162783999988,-148.48435974121094,-13363.592376708984,-53454.36950683594,-101.7117864227295,-92.07005290985109,-4.990391731262207,-3.418418335914612,-7.646784037031604,1.5762167259655782,0.0,-0.10370635986328125,-849.5625,-37.33428955078125,0.015258735977113247,5.493144951760769,1479.9228410851022,1,1789162768.072914,38.99144229,-76.936523135,-10.409000000000002,0,1,22.982435999999996,12.25,122.9881,1,1,1789162768.317625,0.07009357745631602,0.9915623747118746,0.08199793695091602,-0.07188383539375964,171.11929106885498,-8.86168443031991,172.60248642098117,0.1602976707543168,0.15358077112801663,-0.3841827476136178,-0.43433653566360475,1.1200175149726868,-9.634151185398101
2026-09-11T17:39:28.363,28.66858431999998,-148.65052795410156,-13378.54751586914,-53514.19006347656,-101.82561164855957,-92.18387813568116,-4.938692569732666,-3.3830044102668766,-7.567565341506069,1.0596139461616707,0.0,-0.11534881591796875,-944.9375,-41.52557373046875,-0.6256104111671448,-225.21974802017212,-6903.120579855772,1,1789162768.072914,38.99144229,-76.936523135,-10.409000000000002,0,1,22.982435999999996,12.25,122.9881,1,1,1789162768.357625,0.06317288179529615,0.9917593344634238,0.08139846548190628,-0.07613737142517533,171.14986747351344,-9.28260759276142,173.43052736101473,0.09632873567484664,0.3407167188561006,-0.36960889929361473,6.407076816673279,-4.352975873794556,-1.217985950088501
2026-09-11T17:39:28.397,28.701998944000024,-148.81520080566406,-13393.368072509766,-53573.47229003906,-101.93841255187989,-92.29667903900148,-4.913671970367432,-3.365865299701691,-7.529226243069272,0.5129224427353304,0.0,-0.1271209716796875,-1041.375,-45.7635498046875,-0.4425049424171448,-159.30177927017212,1972.7281309498255,1,1789162768.072914,38.99144229,-76.936523135,-10.409000000000002,0,1,22.982435999999996,12.25,122.9881,1,1,1789162768.3896248,0.05637434062287638,0.9920636629996931,0.08337691687340464,-0.07536519095479477,170.8538389410764,-9.145072010273891,174.22831040594707,-0.020670283397219245,0.12311238384302642,-0.4079190509078155,3.606689796485901,-4.414757769813538,0.8157171604537964
2026-09-11T17:39:28.430,28.73541628800001,-148.97518920898438,-13407.767028808594,-53631.068115234375,-102.0480046081543,-92.40627109527588,-4.81054162979126,-3.2952210164070133,-7.371199481941235,2.1140005409977385,0.0,-0.13829803466796875,-1132.9375,-49.78729248046875,-0.15258795022964478,-54.93166208267212,3123.2319716236025,1,1789162768.072914,38.99144229,-76.936523135,-10.409000000000002,0,1,22.982435999999996,12.25,122.9881,1,1,1789162768.421625,0.04822660108989511,0.9925863470873112,0.0820489338464179,-0.07559438456558795,170.93419550937128,-9.089771491004923,175.1588756250997,-0.01778804667047581,-0.0021334904776378685,-0.5270997315448742,-8.927189775238038,-3.479791743392944,-11.926063394699097
2026-09-11T17:39:28.463,28.768815904000007,-149.135498046875,-13422.19482421875,-53688.779296875,-102.15781616210938,-92.51608264923097,-4.785680770874023,-3.2781913280487065,-7.333105154010162,0.5098767709876756,0.0,-0.14085960388183594,-1153.921875,-50.70945739746094,-0.1525879055261612,-54.93164598941803,0.0004818394944827189,1,1789162768.072914,38.99144229,-76.936523135,-10.409000000000002,0,1,22.982435999999996,12.25,122.9881,1,1,1789162768.4616249,0.03804806677011167,0.9929239115959321,0.08184706924867119,-0.07717193564692952,170.86887488599635,-9.176712882931046,176.3454387013693,0.18161320237599837,0.24605739061078657,-0.5239366713414849,0.0063743226051330565,-2.440777158756256,-12.14739948884964
2026-09-11T17:39:28.498,28.802220288,-149.29708862304688,-13436.737976074219,-53746.951904296875,-102.26850570678712,-92.62677219390869,-4.839692115783691,-3.3151890993118287,-7.415866811273768,-1.1075723253309901,0.0,-0.1431560516357422,-1172.734375,-51.53617858886719,0.015258795581758022,5.493166409432888,1808.8886895463347,1,1789162768.072914,38.99144229,-76.936523135,-10.409000000000002,0,1,22.982435999999996,12.25,122.9881,1,1,1789162768.489625,0.030415785086609935,0.9931771475949858,0.08270412275098057,-0.07638102901011498,170.69840061859162,-9.018351438246663,177.22691644487182,-0.0339494464780929,0.0787003866309283,-0.5210376794539223,3.013681661205292,0.10699055326461791,-9.043888912162782
2026-09-11T17:39:28.531,28.835637727999995,-149.45803833007812,-13451.223449707031,-53804.893798828125,-102.37875625610353,-92.73702274322511,-4.867018222808838,-3.333907482624054,-7.45773864223347,-0.5601381587646683,0.0,-0.14371109008789062,-1177.28125,-51.735992431640625,0.1373291164636612,49.43848192691803,1315.0413531824488,1,1789162768.072914,38.99144229,-76.936523135,-10.409000000000002,0,1,22.982435999999996,12.25,122.9881,1,1,1789162768.521625,0.0217936635912759,0.9932969179110405,0.0851870366663944,-0.07502958003145335,170.33234811011604,-8.787276314461337,178.2307427724072,-0.11684874622346916,0.04414024944756259,-0.5254706412210628,-1.1050133402252198,1.352533190307617,-9.574919018421173
2026-09-11T17:39:28.564,28.869058144000007,-149.61839294433594,-13465.655364990234,-53862.62145996094,-102.48859916687013,-92.84686565399171,-4.8419928550720215,-3.316765105724335,-7.419392237214413,0.5129312842698519,0.0,-0.1429920196533203,-1171.390625,-51.47712707519531,0.1983642727136612,71.41113817691803,657.4620809624773,1,1789162768.072914,38.99144229,-76.936523135,-10.409000000000002,0,1,22.982435999999996,12.25,122.9881,1,1,1789162768.561625,0.010995627852996865,0.9937288310310096,0.08510857292823182,-0.07168428949205856,170.25016542958906,-8.299127633332848,179.4411516323198,0.05111057088125234,-0.1386034026849525,-0.54355312493635,-0.18054042947769164,0.5613326552581787,0.9959633904266357
2026-09-11T17:39:28.598,28.90246976000003,-149.78033447265625,-13480.230102539062,-53920.92041015625,-102.59952911376953,-92.95779560089112,-4.764197826385498,-3.2634755110740663,-7.300186808952359,1.594942149767045,0.0,-0.1421356201171875,-1164.375,-51.1688232421875,0.1525879055261612,54.93164598941803,-493.2264332107852,1,1789162768.072914,38.99144229,-76.936523135,-10.409000000000002,0,1,22.982435999999996,12.25,122.9881,1,1,1789162768.589625,0.003988981876238974,0.993687918859603,0.08519496191743015,-0.07287130024879204,170.18031567127994,-8.36636987501373,-179.74003586295947,0.10379001822712239,0.06652078097881108,-0.5310815257003741,6.451402875404358,-2.4748062348175046,-18.42051746431351
2026-09-11T17:39:28.630,28.935872000000018,-149.93728637695312,-13494.355773925781,-53977.423095703125,-102.7070411682129,-93.06530765533448,-4.790252208709717,-3.2813227629661563,-7.340109974423212,-0.5343130248778862,0.0,-0.1419353485107422,-1162.734375,-51.09672546386719,0.0762939527630806,27.465822994709015,-822.2748832030411,1,1789162768.072914,38.99144229,-76.936523135,-10.409000000000002,0,1,22.982435999999996,12.25,122.9881,1,1,1789162768.621625,-0.004155492897649249,0.9937933391542698,0.08420333289142048,-0.0725763712330709,170.22831743052498,-8.253438621175857,-178.8141160787753,0.22573285693838743,0.06145635908829913,-0.46850658509447185,4.444668052806854,-1.3433149391555785,-10.304827989959715
2026-09-11T17:39:28.664,28.969272031999992,-150.10118103027344,-13509.10629272461,-54036.42517089844,-102.81930900573731,-93.17757549285889,-4.920671463012695,-3.3706599521636966,-7.5399515751693205,-2.6747635809932273,0.0,-0.1460742950439453,-1196.640625,-52.58674621582031,-0.2136230617761612,-76.90430223941803,-3124.8510550590668,1,1789162768.072914,38.99144229,-76.936523135,-10.409000000000002,0,1,22.982435999999996,12.25,122.9881,1,1,1789162768.661625,-0.01477219839422428,0.9937321433094009,0.08487346668481009,-0.07123695783235337,170.06890959820382,-7.994229964531123,-177.6009982071855,-0.03201911232538717,-0.09265987905422936,-0.5462959098558592,-2.4686280452156066,1.3341947545051576,-10.022690664806365
2026-09-11T17:39:28.698,29.002676640000004,-150.27029418945312,-13524.326477050781,-54097.305908203125,-102.9351515197754,-93.29341800689699,-5.02580451965332,-3.4426760959625247,-7.701047100846727,-2.155874536794503,0.0,-0.1545085906982422,-1265.734375,-55.62309265136719,-0.4272461235523224,-153.80860447883606,-2302.2063973745826,1,1789162768.072914,38.99144229,-76.936523135,-10.409000000000002,0,1,22.982435999999996,12.25,122.9881,1,1,1789162768.689625,-0.023201820298929993,0.993733820174269,0.08509819142836737,-0.06865178797591827,169.9883577609765,-7.613754628137049,-176.65711587726923,-0.026863409714995925,0.0015339698795778162,-0.6173123099219573,-6.571730472888946,-2.474904301319122,-11.14623857383728
2026-09-11T17:39:28.731,29.03608492799998,-150.43922424316406,-13539.530181884766,-54158.12072753906,-103.05086860656739,-93.40913509368897,-5.1306681632995605,-3.5145076918601994,-7.861729804626422,-2.1501130467304206,0.0,-0.17099952697753906,-1400.828125,-61.55982971191406,-0.5798340439796448,-208.74025583267212,-1644.2522093283048,1,1789162768.072914,38.99144229,-76.936523135,-10.409000000000002,0,1,22.982435999999996,12.25,122.9881,1,1,1789162768.7216249,-0.033145701115618764,0.9934401750139401,0.08306628836277088,-0.07125989688077938,170.13305887595882,-7.820977836024989,-175.50198073848924,0.023059639143199483,0.22811278790640688,-0.643543735914806,2.7525305673980713,-2.3260393518638613,-9.960516502780914
2026-09-11T17:39:28.764,29.069491647999996,-150.61192321777344,-13555.07308959961,-54220.29235839844,-103.16916740417481,-93.5274338912964,-5.183316707611084,-3.550571944713593,-7.942403240680004,-1.079550846457713,0.0,-0.1740398406982422,-1425.734375,-62.65434265136719,0.0305175818502903,10.986329466104507,6577.316937989401,1,1789162768.072914,38.99144229,-76.936523135,-10.409000000000002,0,1,22.982435999999996,12.25,122.9881,1,1,1789162768.761625,-0.04602135007501746,0.9927690624714094,0.08464072646392505,-0.07160706222552832,169.84876191327595,-7.723231876199908,-174.00473078993366,0.05264139916817657,-0.032854252372466454,-0.6967411969826679,-5.09278956199646,-1.3650857025146483,-6.723733550395965
2026-09-11T17:39:28.799,29.102897568000003,-150.7902069091797,-13571.118621826172,-54284.47448730469,-103.2912917327881,-93.64955821990968,-5.261769771575928,-3.6043122935295107,-8.062616977293994,-1.608707343366284,0.0,-0.17586898803710938,-1440.71875,-63.312835693359375,0.030517585575580597,10.986330807209015,4.014571391675515e-05,1,1789162768.072914,38.99144229,-76.936523135,-10.409000000000002,0,1,22.982435999999996,12.25,122.9881,1,1,1789162768.789625,-0.055333835064486234,0.9922623605688181,0.0839698751505639,-0.07281919089533762,169.8446116944874,-7.771268405304355,-172.92480600371022,0.23654464805571668,0.12575708125857343,-0.6420436254227168,-0.6889171738624573,4.169885715274811,-12.58271668952942
2026-09-11T17:39:28.831,29.136303552000015,-150.969970703125,-13587.29736328125,-54349.189453125,-103.41442993164063,-93.77269641876221,-5.419705390930176,-3.7124981927871707,-8.304621941631995,-3.2385185617528993,0.0,-0.18143081665039062,-1486.28125,-65.31509399414062,-0.1525879204273224,-54.93165135383606,-1973.2387515069415,1,1789162768.072914,38.99144229,-76.936523135,-10.409000000000002,0,1,22.982435999999996,12.25,122.9881,1,1,1789162768.821625,-0.06694700215534137,0.9912037644343586,0.08595989453201806,-0.07512717754323944,169.50234919926618,-7.898763388428226,-171.54532296503746,-0.18503300051235605,0.07893844954090035,-0.7826309438684114,3.9594350028038026,6.685095348758698,-20.061268102874756
2026-09-11T17:39:28.865,29.169711743999983,-151.15638732910156,-13604.07485961914,-54416.29943847656,-103.54212532043458,-93.90039180755616,-5.473583698272705,-3.7494048333168033,-8.387179745250535,-1.1047182837571203,0.0,-0.1927051544189453,-1578.640625,-69.37385559082031,-0.4425049126148224,-159.30176854133606,-3124.0875647386506,1,1789162768.072914,38.99144229,-76.936523135,-10.409000000000002,0,1,22.982435999999996,12.25,122.9881,1,1,1789162768.861625,-0.08329815592752449,0.9896719346269541,0.08910945207301284,-0.0753019560307901,169.00940226224498,-7.712544966952921,-169.63469353151936,0.038111358612398574,0.03865380694391842,-0.7855568138264546,3.595608281803131,2.226697985725403,5.420233610897064
2026-09-11T17:39:28.900,29.20313267199998,-151.350830078125,-13621.57470703125,-54486.298828125,-103.67531860351563,-94.03358509063722,-5.682558536529541,-3.892552597522736,-8.707392174129232,-4.283177421223625,0.0,-0.20765304565429688,-1701.09375,-74.75509643554688,-0.3967285752296448,-142.82228708267212,493.08868558840845,1,1789162768.072914,38.99144229,-76.936523135,-10.409000000000002,0,1,22.982435999999996,12.25,122.9881,1,1,1789162768.8896248,-0.09576601733109977,0.988357536785395,0.09030035231104992,-0.07631576361765809,168.76340982968668,-7.675308459292583,-168.17514150970317,0.040140652933692386,0.1379228988095999,-0.9081058053869373,0.7396175551986695,0.14268675985336304,-2.582777453098297
2026-09-11T17:39:28.932,29.236540256000012,-151.54086303710938,-13638.677673339844,-54554.710693359375,-103.80549118041993,-94.16375766754152,-5.735715866088867,-3.9289653682708745,-8.78884522251,-1.0899552253795062,0.0,-0.2095355987548828,-1716.515625,-75.43281555175781,0.0,0.0,4275.1456400600455,1,1789162768.072914,38.99144229,-76.936523135,-10.409000000000002,0,1,22.982435999999996,12.25,122.9881,1,1,1789162768.929625,-0.1145398081408159,0.9862704383433117,0.0900338454827212,-0.07775063645237912,168.62958327303755,-7.628035613732101,-165.9908384585967,-0.10974438350322625,0.1825450336636381,-0.9114475873057307,5.745618263263703,-1.8236446640777586,-12.07218248210907
2026-09-11T17:39:28.964,29.26994089599998,-151.732177734375,-13655.89599609375,-54623.583984375,-103.93654174804688,-94.29480823516846,-5.736326217651367,-3.929383459091187,-8.789780465039332,-0.012517449375605129,0.0,-0.20746231079101562,-1699.53125,-74.68643188476562,0.0610351637005806,21.972658932209015,657.851434350661,1,1789162768.072914,38.99144229,-76.936523135,-10.409000000000002,0,1,22.982435999999996,12.25,122.9881,1,1,1789162768.9616249,-0.12920213714256318,0.9847255567068343,0.08918488752366378,-0.07528905341150674,168.65896444049895,-7.194174121113119,-164.33500288374395,0.01609385556556491,0.034203740950108474,-0.8702061552128055,-4.470361476230621,0.35156840829849245,-11.014535262165069
2026-09-11T17:39:28.999,29.303345120000017,-151.9254608154297,-13673.291473388672,-54693.16589355469,-104.06894065856935,-94.42720714569093,-5.68450927734375,-3.893888854980469,-8.710381296931963,1.062578316762524,0.0,-0.20127105712890625,-1648.8125,-72.45758056640625,0.2441406548023224,87.89063572883606,1973.3425568141827,1,1789162768.072914,38.99144229,-76.936523135,-10.409000000000002,0,1,22.982435999999996,12.25,122.9881,1,1,1789162768.989625,-0.1413016326310596,0.9833810667769283,0.08786013920333344,-0.07263691939804862,168.77348503803444,-6.778420749797353,-162.97933732408276,0.14514786378115563,0.03669484939147998,-0.8581010751197485,4.17449484085083,-2.7972488921356202,-4.746222545280457
2026-09-11T17:39:29.031,29.336748032000003,-152.11050415039062,-13689.945373535156,-54759.781494140625,-104.19569534301759,-94.55396183013917,-5.633863925933838,-3.8591967892646792,-8.632777356085976,1.0385940517941958,0.0,-0.19069480895996094,-1562.171875,-68.65013122558594,0.5645752549171448,203.24709177017212,3453.485014761176,1,1789162768.072914,38.99144229,-76.936523135,-10.409000000000002,0,1,22.982435999999996,12.25,122.9881,1,1,1789162769.021625,-0.15391150469586604,0.9816194118973518,0.08817490017097218,-0.07042560534628552,168.69680399132207,-6.379883800901134,-161.54589390665168,0.058129587001072736,0.041957715217943684,-0.7456329307858599,6.037464172077179,-2.3858599178504942,-13.139146019706725
2026-09-11T17:39:29.065,29.370162912000012,-152.29800415039062,-13706.820373535156,-54827.281494140625,-104.32413284301758,-94.68239933013916,-5.58248233795166,-3.8240004014968876,-8.554045278938984,1.053314803697688,0.0,-0.17453765869140625,-1429.8125,-62.83355712890625,0.12207037210464478,43.94533395767212,-4767.389791986545,1,1789162768.072914,38.99144229,-76.936523135,-10.409000000000002,0,1,22.982435999999996,12.25,122.9881,1,1,1789162769.061625,-0.16957601829206556,0.9792160973495572,0.08843431704677891,-0.06752170229031138,168.63106603929302,-5.868404504963595,-159.7658122240914,0.007145727023515184,-0.06699777946338113,-0.7486537466552117,-4.433096205615997,-2.2180681335830688,-3.278853481578827
2026-09-11T17:39:29.100,29.403577856000027,-152.4840545654297,-13723.564910888672,-54894.25964355469,-104.45157737731934,-94.80984386444092,-5.479250907897949,-3.7532868719100954,-8.395863618267025,2.1162246923640273,0.0,-0.17545509338378906,-1437.328125,-63.16383361816406,0.1525879204273224,54.93165135383606,328.7845520902002,1,1789162769.0768745,38.99145492833333,-76.93653626666666,-10.503000000000004,0,1,17.164448999999998,6.959044,72.48819599999999,1,1,1789162769.089625,-0.17939178372375023,0.9771544063778531,0.09031495403402501,-0.06950584944152984,168.3152226070254,-5.936856353245888,-158.58626317621113,-0.12250605646088358,0.18243944124389247,-0.72468636176805,1.880032902507782,-4.86409848022461,-3.8272413586235046
2026-09-11T17:39:29.131,29.436976351999988,-152.65977478027344,-13739.37973022461,-54957.51892089844,-104.5719457244873,-94.93021221160889,-5.376175403594971,-3.6826801514625553,-8.237920882834985,2.114068862490759,0.0,-0.17341041564941406,-1420.578125,-62.42774963378906,0.061035171151161194,21.97266161441803,-986.8405373540287,1,1789162769.0768745,38.99145492833333,-76.93653626666666,-10.503000000000004,0,1,17.164448999999998,6.959044,72.48819599999999,1,1,1789162769.121625,-0.18973646334641667,0.975057177332253,0.0903446734391108,-0.0714241933159456,168.20468553015718,-6.027281040522058,-157.35365859674826,-0.05156906887575125,0.12040276017930522,-0.6532605074594341,7.34174864358902,-0.6855829128074646,-15.824991366004943
2026-09-11T17:39:29.165,29.470377152000026,-152.84095764160156,-13755.68618774414,-55022.74475097656,-104.69605598449708,-95.05432247161866,-5.351769924163818,-3.665962398052216,-8.20052433350978,0.5005195507389121,0.0,-0.17450714111328125,-1429.5625,-62.82257080078125,0.0,0.0,-657.8483633443801,1,1789162769.0768745,38.99145492833333,-76.93653626666666,-10.503000000000004,0,1,17.164448999999998,6.959044,72.48819599999999,1,1,1789162769.161625,-0.20331397867852746,0.9722262747688833,0.09089576211371857,-0.07195454921471758,168.04744245704424,-5.909153538819697,-155.7576654869967,-0.017858907038106775,0.1406004084150844,-0.7206855435237033,-7.801876669178009,2.9559204917526247,-11.30392950843811
2026-09-11T17:39:29.199,29.503795904000015,-153.01956176757812,-13771.760559082031,-55087.042236328125,-104.81839981079102,-95.1766662979126,-5.300658702850342,-3.6309512114524845,-8.122206539576952,1.0476509296260805,0.0,-0.1750812530517578,-1434.265625,-63.02925109863281,0.0,0.0,0.0,1,1789162769.0768745,38.99145492833333,-76.93653626666666,-10.503000000000004,0,1,17.164448999999998,6.959044,72.48819599999999,1,1,1789162769.189625,-0.21263647966828844,0.9699311125365451,0.0921292910171474,-0.07437444577659193,167.78861861699048,-6.032702260822813,-154.62360381863576,0.08391176524445818,0.29869721898263635,-0.6735033597228399,0.40275912214279175,-3.9333493133735655,-2.2771041675567627
2026-09-11T17:39:29.232,29.53721075200002,-153.19326782226562,-13787.394104003906,-55149.576416015625,-104.93738845825196,-95.29565494537354,-5.2233991622924805,-3.5780284261703494,-8.003821640502741,1.5838104450489907,0.0,-0.1757335662841797,-1439.609375,-63.26408386230469,-0.1831054836511612,-65.91797411441803,-1972.7150670984583,1,1789162769.0768745,38.99145492833333,-76.93653626666666,-10.503000000000004,0,1,17.164448999999998,6.959044,72.48819599999999,1,1,1789162769.229625,-0.22670540153354182,0.9668980065146358,0.09119800546461129,-0.07345631159278118,167.8345471619711,-5.779444238465646,-152.99241705141927,0.5427815148740434,0.002916270647157325,-0.6603229822776291,7.81060458782196,-6.286062753677368,-12.70981087562561
2026-09-11T17:39:29.265,29.570611552000003,-153.3496856689453,-13801.471710205078,-55205.88684082031,-105.04453468322755,-95.40280117034912,-4.731904983520508,-3.241354913711548,-7.250704441910219,10.079803850775743,0.0,-0.175872802734375,-1440.75,-63.314208984375,0.0,0.0,1973.5447688215565,1,1789162769.0768745,38.99145492833333,-76.93653626666666,-10.503000000000004,0,1,17.164448999999998,6.959044,72.48819599999999,1,1,1789162769.261625,-0.23632948008094518,0.9645877532613925,0.09200242472472696,-0.07248721920159476,167.71700313272538,-5.52930174298268,-151.8713648699543,-0.022689280275926284,-0.24061213787748947,-0.5956756377179087,0.8290542046737671,-2.3497714452552794,2.699966922531128
2026-09-11T17:39:29.299,29.604016672,-153.51263427734375,-13816.137084960938,-55264.54833984375,-105.15615447998047,-95.51442096710205,-4.8368377685546875,-3.3132338714599614,-7.41149309113269,-2.1517347564809963,0.0,-0.17676162719726562,-1448.03125,-63.634185791015625,-0.0762939527630806,-27.465822994709015,-822.2039913256102,1,1789162769.0768745,38.99145492833333,-76.93653626666666,-10.503000000000004,0,1,17.164448999999998,6.959044,72.48819599999999,1,1,1789162769.289625,-0.24464499004978488,0.962458617876612,0.09412994245260271,-0.07043998617583595,167.4948387094125,-5.136816619738599,-150.9131500899108,-0.15146857366725308,-0.20777917852189734,-0.652341591608259,3.0268225724220272,2.407826814212799,-15.004370880470276
2026-09-11T17:39:29.332,29.637416223999992,-153.6743927001953,-13830.695343017578,-55322.78137207031,-105.2669589996338,-95.62522548675538,-4.889137268066406,-3.3490590286254887,-7.491631685364811,-1.0726238832645476,0.0,-0.1763477325439453,-1444.640625,-63.48518371582031,0.015258789993822575,5.493164397776127,986.8092659594164,1,1789162769.0768745,38.99145492833333,-76.93653626666666,-10.503000000000004,0,1,17.164448999999998,6.959044,72.48819599999999,1,1,1789162769.329625,-0.2568791999316582,0.9593222894839059,0.09558356456518811,-0.0676579908572573,167.35764135178167,-4.629077547043776,-149.5059327215952,-0.028587271417190724,-0.02594135227116732,-0.6593117385090235,-4.344738287658691,1.6004453063964845,-12.425319954433443
2026-09-11T17:39:29.366,29.670830464000005,-153.8382110595703,-13845.438995361328,-55381.75598144531,-105.37917457580568,-95.73744106292726,-4.863438606262207,-3.331455445289612,-7.452253590930584,0.5268287812582231,0.0,-0.1766815185546875,-1447.375,-63.6053466796875,-0.0762939602136612,-27.46582567691803,-986.3755714534009,1,1789162769.0768745,38.99145492833333,-76.93653626666666,-10.503000000000004,0,1,17.164448999999998,6.959044,72.48819599999999,1,1,1789162769.361625,-0.26596370341758674,0.956936439182075,0.09734342582057934,-0.06371983427039184,167.2474162774831,-4.023867910719519,-148.48547675353257,-0.09357076639084519,-0.30101152557078087,-0.6239271077870158,2.4312647080993655,1.3638108379936218,-9.451747492389678
2026-09-11T17:39:29.399,29.70425100800003,-153.99935913085938,-13859.942321777344,-55439.769287109375,-105.48956100463867,-95.84782749176026,-4.889297008514404,-3.349168450832367,-7.491876455870534,-0.5300035075055304,0.0,-0.17790603637695312,-1457.40625,-64.04617309570312,-0.015258817933499813,-5.493174456059933,657.4594124153936,1,1789162769.0768745,38.99145492833333,-76.93653626666666,-10.503000000000004,0,1,17.164448999999998,6.959044,72.48819599999999,1,1,1789162769.3896248,-0.2746406806514725,0.954596825219429,0.09628330329169629,-0.06361543302943179,167.33311575227305,-3.931716570234858,-147.46203629969668,0.025744653664467557,0.10615232136969673,-0.6062779893249987,3.063303311023712,-2.9823984471893312,-17.042486983585356
2026-09-11T17:39:29.433,29.737654943999985,-154.15951538085938,-13874.356384277344,-55497.425537109375,-105.59926803588868,-95.95753452301027,-4.812768459320068,-3.2967463946342472,-7.374611655856844,1.569337703143371,0.0,-0.1830158233642578,-1499.265625,-65.88569641113281,-0.2441406548023224,-87.89063572883606,-2466.699172004264,1,1789162769.0768745,38.99145492833333,-76.93653626666666,-10.503000000000004,0,1,17.164448999999998,6.959044,72.48819599999999,1,1,1789162769.429625,-0.2877644323497832,0.9504972364049934,0.09879243120176205,-0.06314024547087542,167.0211432785587,-3.621864065652076,-145.9003518803374,0.045407707550360873,0.16354660115690425,-0.6384972909155895,0.5317165717697143,-1.5396440753936769,-11.927632458724975
2026-09-11T17:39:29.466,29.77107116799999,-154.32508850097656,-13889.25796508789,-55557.03186035156,-105.71268562316895,-96.07095211029053,-4.892133712768555,-3.3511115932464604,-7.496223141657249,-1.626910288014646,0.0,-0.1960430145263672,-1605.984375,-70.57548522949219,-0.4730225205421448,-170.28810739517212,-2465.7924146761497,1,1789162769.0768745,38.99145492833333,-76.93653626666666,-10.503000000000004,0,1,17.164448999999998,6.959044,72.48819599999999,1,1,1789162769.4616249,-0.2991469464996194,0.9469463485321157,0.09681402734689588,-0.06656396555585589,167.07354584544143,-3.907263407857945,-144.49381531250637,0.21333944845290087,0.1954199784897499,-0.7249567132691839,6.123860760002136,3.121849012489319,-14.5758202684021
2026-09-11T17:39:29.499,29.804470047999985,-154.48898315429688,-13904.008483886719,-55616.033935546875,-105.82495346069337,-96.18321994781495,-4.919247627258301,-3.3696846246719363,-7.537769829706363,-0.5560974327725927,0.0,-0.20990562438964844,-1719.546875,-75.56602478027344,-0.21362310647964478,-76.90431833267212,2796.01558682566,1,1789162769.0768745,38.99145492833333,-76.93653626666666,-10.503000000000004,0,1,17.164448999999998,6.959044,72.48819599999999,1,1,1789162769.489625,-0.30978917570601505,0.9437923453022607,0.09456731330799835,-0.06590674334203694,167.30184657538246,-3.773517325947886,-143.23630230237748,0.1702750199562676,0.1430906441918299,-0.732933740615424,-2.098427001609802,0.05040618183135986,-3.963651862373352
2026-09-11T17:39:29.533,29.837874495999984,-154.653564453125,-13918.82080078125,-55675.283203125,-105.93769165039063,-96.29595813751222,-4.919803619384766,-3.3700654792785647,-7.5386217771979265,-0.011401314179130071,0.0,-0.20749473571777344,-1699.796875,-74.69810485839844,-0.0762939527630806,-27.465822994709015,1479.9973745402044,1,1789162769.0768745,38.99145492833333,-76.93653626666666,-10.503000000000004,0,1,17.164448999999998,6.959044,72.48819599999999,1,1,1789162769.529625,-0.3240114872849823,0.9389957005688206,0.09367314724903947,-0.06729763669775943,167.2907994308091,-3.7660143585225225,-141.50525536384168,0.016437161829432195,-0.02014842995087294,-0.7542061626045812,-0.22212062616348266,-3.0471223382568358,-3.8339098807334904
2026-09-11T17:39:29.567,29.871276927999986,-154.82022094726562,-13933.819885253906,-55735.279541015625,-106.05185134887697,-96.41011783599855,-5.05162239074707,-3.4603613376617433,-7.740607859837463,-2.7032719768180815,0.0,-0.2049102783203125,-1678.625,-73.7677001953125,0.2288818657398224,82.39747166633606,3289.0807070885303,1,1789162769.0768745,38.99145492833333,-76.93653626666666,-10.503000000000004,0,1,17.164448999999998,6.959044,72.48819599999999,1,1,1789162769.561625,-0.33577557116780127,0.9349393964753315,0.09376138854764957,-0.06596887707772886,167.28947155726644,-3.4620974986388693,-140.10364198241552,0.06955311602122603,0.03393059692217136,-0.7549590976438916,-5.0361071240615845,-1.4041161701583862,-14.079701836719513
2026-09-11T17:39:29.600,29.904685888000017,-154.9905242919922,-13949.147186279297,-55796.58874511719,-106.16850914001466,-96.52677562713623,-5.078720569610596,-3.4789235901832583,-7.782130436165118,-0.5556070144505457,0.0,-0.20381927490234375,-1669.6875,-73.37493896484375,0.01525880303233862,5.493169091641903,-2301.9065117448285,1,1789162769.0768745,38.99145492833333,-76.93653626666666,-10.503000000000004,0,1,17.164448999999998,6.959044,72.48819599999999,1,1,1789162769.589625,-0.34566892379944325,0.9311685952825458,0.095074652269231,-0.06632384770766625,167.09786756853146,-3.3128921436494183,-138.89338436559598,0.02932275316398113,-0.050035971660799435,-0.8079567185124003,0.5493685420608521,1.7615685685539246,-10.37308227508545
2026-09-11T17:39:29.634,29.93809369600001,-155.16336059570312,-13964.702453613281,-55858.809814453125,-106.28690200805664,-96.64516849517823,-5.184150218963623,-3.551142899990082,-7.943680431259122,-2.1617494271650406,0.0,-0.20326805114746094,-1665.171875,-73.17649841308594,0.0915527418255806,32.958987057209015,822.137686063484,1,1789162769.0768745,38.99145492833333,-76.93653626666666,-10.503000000000004,0,1,17.164448999999998,6.959044,72.48819599999999,1,1,1789162769.6296248,-0.3598077001154014,0.9258415001935333,0.0963698243484849,-0.06378708656221548,167.01971566695687,-2.7950944660092762,-137.20694848987043,-0.18582258746595828,0.04125033327211038,-0.8025790100211553,-6.75717422744751,0.5844763496398926,2.1752130723762515
2026-09-11T17:39:29.666,29.971495328000003,-155.33934020996094,-13980.540618896484,-55922.16247558594,-106.40744804382325,-96.76571453094483,-5.315120220184326,-3.6408573508262636,-8.144365942256307,-2.6859301616220344,0.0,-0.20360755920410156,-1667.953125,-73.29872131347656,-0.0915527418255806,-32.958987057209015,-1973.4956098681455,1,1789162769.0768745,38.99145492833333,-76.93653626666666,-10.503000000000004,0,1,17.164448999999998,6.959044,72.48819599999999,1,1,1789162769.66162,-0.3716305920258012,0.9214237242901692,0.09414286068268297,-0.06329411637954768,167.2454116094691,-2.674889210735048,-135.77035949340495,0.016961633269656492,0.016695121492876958,-0.7313800485152986,5.279704314079284,-0.6528287012672425,-13.904653131332397
2026-09-11T17:39:29.700,30.004895904000023,-155.521484375,-13996.93359375,-55987.734375,-106.532216796875,-96.89048328399659,-5.445046901702881,-3.729857127666474,-8.343452773054915,-2.6646180245561664,0.0,-0.20830917358398438,-1706.46875,-74.99130249023438,-0.030517607927322388,-10.98633885383606,657.8523736644569,1,1789162769.0768745,38.99145492833333,-76.93653626666666,-10.503000000000004,0,1,17.164448999999998,6.959044,72.48819599999999,1,1,1789162769.6896198,-0.38278171370553354,0.9167121334298441,0.09370177830469888,-0.06585590951232678,167.1453030359933,-2.8090290706595584,-134.3566335100495,0.10698990487772879,0.14835019389271484,-0.8262273487210524,-1.44177370677948,2.5733630689430234,-9.20893483438492
2026-09-11T17:39:29.734,30.03829516799999,-155.70619201660156,-14013.55728149414,-56054.22912597656,-106.65874153137207,-97.01700801849366,-5.5235595703125,-3.783638305664063,-8.46375784194716,-1.6102503934709684,0.0,-0.2127056121826172,-1742.484375,-76.57402038574219,-0.09155276417732239,-32.95899510383606,-657.8784565438674,1,1789162769.0768745,38.99145492833333,-76.93653626666666,-10.503000000000004,0,1,17.164448999999998,6.959044,72.48819599999999,1,1,1789162769.7296197,-0.40008240650092347,0.9091919219623048,0.09413132982280406,-0.0666589063269891,167.01230588780274,-2.630278678813417,-132.1975544639462,-0.047425831764441914,0.12002088213896886,-0.9172258488603084,-3.7576141424751284,2.5416875889205937,-1.310952993621826
2026-09-11T17:39:29.767,30.07170431999998,-155.89791870117188,-14030.812683105469,-56123.250732421875,-106.79007431030274,-97.14834079742432,-5.732458591461182,-3.9267341351509097,-8.783854096167916,-4.283132642423521,0.0,-0.2195148468017578,-1798.265625,-79.02534484863281,0.0,0.0,986.5259406717583,1,1789162769.0768745,38.99145492833333,-76.93653626666666,-10.503000000000004,0,1,17.164448999999998,6.959044,72.48819599999999,1,1,1789162769.7616198,-0.41409604094439156,0.9029519624741664,0.09280540556181117,-0.06774495580292376,167.05972793704146,-2.6067215102953867,-130.43170946484577,-0.19675532990045078,0.10314494453558529,-0.9898256116238157,-11.133587995128632,5.536736614818573,-2.731544336051941
2026-09-11T17:39:29.800,30.10511270400002,-156.08917236328125,-14048.025512695312,-56192.10205078125,-106.92108306884766,-97.27934955596925,-5.759589672088623,-3.945318925380707,-8.825427087913168,-0.5562912061168503,0.0,-0.22648239135742188,-1855.34375,-81.53366088867188,-0.1525879204273224,-54.93165135383606,-1644.247484516754,1,1789162769.0768745,38.99145492833333,-76.93653626666666,-10.503000000000004,0,1,17.164448999999998,6.959044,72.48819599999999,1,1,1789162769.78962,-0.4259669216061008,0.8976135894765508,0.09052537346001459,-0.06817024603424335,167.24300971180935,-2.594061554585439,-128.93615309166572,0.2074248766837425,0.2433172236851555,-0.8817420834367873,10.31698823616028,-1.9142581115722657,-18.52191822698593
2026-09-11T17:39:29.833,30.138521631999993,-156.28314208984375,-14065.482788085938,-56261.93115234375,-107.05395233154297,-97.41221881866456,-5.812206745147705,-3.981361620426178,-8.906052300523832,-1.0788342279495373,0.0,-0.22774314880371094,-1865.671875,-81.98753356933594,0.2136230617761612,76.90430223941803,3946.1294176624288,1,1789162769.0768745,38.99145492833333,-76.93653626666666,-10.503000000000004,0,1,17.164448999999998,6.959044,72.48819599999999,1,1,1789162769.82962,-0.44378578282792486,0.8888534832136659,0.09094508655301013,-0.06872158009391766,167.12289834097143,-2.375393308741376,-126.66792351288247,0.10888795043927263,0.12647842583842267,-1.0292864588138564,-2.714480764770508,-0.8848540440940857,-10.7216106218338
2026-09-11T17:39:29.867,30.171922463999977,-156.47763061523438,-14082.986755371094,-56331.947021484375,-107.18717697143556,-97.54544345855713,-5.8132500648498535,-3.98207629442215,-8.907650980722408,-0.02139689202868206,0.0,-0.220611572265625,-1807.25,-79.420166015625,0.22888189554214478,82.39748239517212,164.46237494193971,1,1789162769.0768745,38.99145492833333,-76.93653626666666,-10.503000000000004,0,1,17.164448999999998,6.959044,72.48819599999999,1,1,1789162769.8616197,-0.4585620628604536,0.8816879026632051,0.08961070865837366,-0.06570538559561168,167.38485196729985,-1.930037818121123,-124.82915095944263,0.2019333727252675,0.020259607424224977,-0.9418330714512513,0.19250454267501832,0.5192621260643006,-14.314473041591645
2026-09-11T17:39:29.900,30.205323264000015,-156.67178344726562,-14100.460510253906,-56401.842041015625,-107.32017166137696,-97.67843814849854,-5.815376281738281,-3.983532752990723,-8.910908985752323,-0.04360549952609982,0.0,-0.21401023864746094,-1753.171875,-77.04368591308594,0.061035215854644775,21.97267770767212,-1809.0825575264992,1,1789162769.0768745,38.99145492833333,-76.93653626666666,-10.503000000000004,0,1,17.164448999999998,6.959044,72.48819599999999,1,1,1789162769.8896198,-0.47030140433664164,0.8754499710542085,0.0902619563572928,-0.06524351687886215,167.32019468126143,-1.6809681528780187,-123.32285375669731,0.014002951121675706,-0.046916544688709975,-0.9468831816418968,0.9295723688316345,-2.7243854814338686,-2.3364344010353086
2026-09-11T17:39:29.934,30.238731615999995,-156.8655548095703,-14117.899932861328,-56471.59973144531,-107.45290504455568,-97.81117153167726,-5.791383743286133,-3.9670978641510013,-8.87414518645087,0.49193952577280964,0.0,-0.2144603729248047,-1756.859375,-77.20573425292969,0.1373291164636612,49.43848192691803,822.1238874417294,1,1789162769.0768745,38.99145492833333,-76.93653626666666,-10.503000000000004,0,1,17.164448999999998,6.959044,72.48819599999999,1,1,1789162769.9296198,-0.4864810788650577,0.8667305169455352,0.08878722712313718,-0.06504766868535235,167.4510465562263,-1.5111214335245682,-121.22433141986924,-0.014667572500835146,-0.010462725266930406,-0.9377891435743805,1.9465219906044007,-2.6733909005928043,-4.316397068691254
2026-09-11T17:39:29.967,30.272140576000027,-157.0572052001953,-14135.148468017578,-56540.59387207031,-107.5841855621338,-97.94245204925538,-5.740681171417236,-3.932366602420807,-8.796453566617759,1.0395792544922646,0.0,-0.21482467651367188,-1759.84375,-77.33688354492188,0.1373291164636612,49.43848192691803,0.0,1,1789162769.0768745,38.99145492833333,-76.93653626666666,-10.503000000000004,0,1,17.164448999999998,6.959044,72.48819599999999,1,1,1789162769.9616199,-0.4996286789174391,0.8592505876487821,0.08867032800377916,-0.06478567557831884,167.45691319133363,-1.3024327398767737,-119.50340165083396,0.05479391373466118,0.22559759392135784,-0.9189556446819599,-8.258180101203918,-2.352321174297333,-8.820591487979888
2026-09-11T17:39:30.000,30.305539936000002,-157.24208068847656,-14151.78726196289,-56607.14904785156,-107.71082527160645,-98.06909175872804,-5.6120476722717285,-3.8442526555061343,-8.599348280928172,2.638192675390686,0.0,-0.2129688262939453,-1744.640625,-76.66877746582031,-0.0915527418255806,-32.958987057209015,-2467.037361919114,1,1789162769.0768745,38.99145492833333,-76.93653626666666,-10.503000000000004,0,1,17.164448999999998,6.959044,72.48819599999999,1,1,1789162769.9896197,-0.5103805039808584,0.852927518454198,0.08899521902621332,-0.06407995326375614,167.45183112784363,-1.058213603641346,-118.09216917945625,-0.3316664885528092,0.04405403018251407,-0.9490470408485194,-0.021770763359069824,0.5392676923942565,1.5248360336494444
2026-09-11T17:39:30.034,30.33894067199998,-157.4243621826172,-14168.192596435547,-56672.77038574219,-107.83568809509278,-98.19395458221436,-5.482213497161865,-3.755316245555878,-8.400403197825415,2.662708089735518,0.0,-0.21370506286621094,-1750.671875,-76.93382263183594,-0.1220703274011612,-43.94531786441803,-328.9248119327947,1,1789162769.0768745,38.99145492833333,-76.93653626666666,-10.503000000000004,0,1,17.164448999999998,6.959044,72.48819599999999,1,1,1789162770.02962,-0.5261671606299626,0.8434041912518325,0.08668618875515431,-0.06559720979242131,167.5672345877711,-1.1131592462931061,-115.96186748777342,-0.07989663530024523,0.187999711174896,-0.9784090639206704,-2.2041426903533936,-0.5937926672935486,-8.720563656330109
2026-09-11T17:39:30.067,30.37234927999998,-157.60096740722656,-14184.08706665039,-56736.34826660156,-107.9566626739502,-98.31492916107179,-5.274234771728516,-3.6128508186340333,-8.081717113980918,4.264332920480736,0.0,-0.21199607849121094,-1736.671875,-76.31858825683594,0.030517607927322388,10.98633885383606,1644.2366206413267,1,1789162769.0768745,38.99145492833333,-76.93653626666666,-10.503000000000004,0,1,17.164448999999998,6.959044,72.48819599999999,1,1,1789162770.0616198,-0.5386407317213773,0.8354522600626435,0.08831804595771102,-0.06391874564704687,167.4997301104173,-0.6680109983852276,-114.30469785434789,0.06850452220662784,-0.055761873337817236,-0.8970864946215459,-4.772210168209076,4.2283333502388,-9.597278180789948
2026-09-11T17:39:30.100,30.405759520000004,-157.77374267578125,-14199.636840820312,-56798.54736328125,-108.07501373291016,-98.43328022003175,-5.1716628074646,-3.542589023113251,-7.924545953635574,2.103001819823305,0.0,-0.20575714111328125,-1685.5625,-74.07257080078125,0.10681155323982239,38.45215916633606,822.0779112176627,1,1789162770.0740776,38.991457125,-76.936557255,-10.533000000000001,0,1,8.608356,9.665881,77.38720900000001,1,1,1789162770.0896199,-0.5478856458542597,0.8296048239956137,0.08722420385917581,-0.06300074071945747,167.65684623298102,-0.5130136865691536,-113.06157479498165,0.08122064207080812,0.18265568753821457,-0.7057444779290807,6.84268821685791,-0.540052224407196,-2.4785327618789674
2026-09-11T17:39:30.136,30.439163456000017,-157.94384765625,-14214.9462890625,-56859.78515625,-108.19153564453126,-98.54980213165284,-5.121007442474365,-3.5078900980949403,-7.846926668966841,1.0387675577601587,0.0,-0.20149803161621094,-1650.671875,-72.53929138183594,0.1525879204273224,54.93165135383606,493.33983239260834,1,1789162770.0740776,38.991457125,-76.936557255,-10.533000000000001,0,1,8.608356,9.665881,77.38720900000001,1,1,1789162770.1296198,-0.5604509400047694,0.8216692363401478,0.08393892768487297,-0.060898820342290536,168.099930584437,-0.34320792920349613,-111.36935137022071,0.07275474800108443,0.07137384349690651,-0.7275343900414543,-14.186496256980897,-6.282728492622375,0.2184921656036377
2026-09-11T17:39:30.167,30.472564767999984,-158.11129760742188,-14230.016784667969,-56920.067138671875,-108.306238861084,-98.66450534820558,-5.043661594390869,-3.454908192157746,-7.728409520753718,1.586222299808081,0.0,-0.1922931671142578,-1575.265625,-69.22554016113281,0.3662109971046448,131.83595895767212,2302.4337368517913,1,1789162770.0740776,38.991457125,-76.936557255,-10.533000000000001,0,1,8.608356,9.665881,77.38720900000001,1,1,1789162770.1576197,-0.5689247066983366,0.8159060946419493,0.08335644016163007,-0.06061045056683447,168.1711268272417,-0.23249519386632705,-110.20041188842474,0.09512445849097055,0.027064646177750867,-0.7423689905517054,-7.1447330418396,-3.1570548865699766,-6.921435617656708
2026-09-11T17:39:30.201,30.50596486400002,-158.27902221679688,-14245.111999511719,-56980.447998046875,-108.42113021850587,-98.77939670562745,-4.940542221069336,-3.3842714214324956,-7.570399564764879,2.114867296344676,0.0,-0.17346954345703125,-1421.0625,-62.44903564453125,0.5798340439796448,208.74025583267212,2302.51724051678,1,1789162770.0740776,38.991457125,-76.936557255,-10.533000000000001,0,1,8.608356,9.665881,77.38720900000001,1,1,1789162770.1896198,-0.5785167727087871,0.8095040831704328,0.08125957952455806,-0.05846677484263001,168.50935212488724,-0.03656195963992828,-108.8928907615495,0.07396879902877168,0.07156548064877548,-0.6469043673895211,-0.032656145038604735,-2.8500086700057983,-9.669553192481995
2026-09-11T17:39:30.234,30.53936918400001,-158.4444122314453,-14259.997100830078,-57039.98840332031,-108.53442237854004,-98.89268886566163,-4.968202590942383,-3.4032187747955325,-7.612783587141036,-0.567212664800347,0.0,-0.17478370666503906,-1431.828125,-62.92213439941406,0.2593994438648224,93.38379979133606,-3453.339449549536,1,1789162770.0740776,38.991457125,-76.936557255,-10.533000000000001,0,1,8.608356,9.665881,77.38720900000001,1,1,1789162770.2296197,-0.5888877143385853,0.8023048829271876,0.08113441109702364,-0.05417879722001788,168.8132942646991,0.4940268730505209,-107.49142184098656,-0.013895613372678054,-0.28392143606817755,-0.6454642962237005,-5.494960285129547,0.1596522646331787,-7.70714442861557
2026-09-11T17:39:30.268,30.572778143999983,-158.60897827148438,-14274.808044433594,-57099.232177734375,-108.64715011596681,-99.00541660308839,-4.996213436126709,-3.422406203746796,-7.6557046433133324,-0.5743198516589032,0.0,-0.1716632843017578,-1406.265625,-61.79878234863281,0.0,0.0,-2795.1723068125416,1,1789162770.0740776,38.991457125,-76.936557255,-10.533000000000001,0,1,8.608356,9.665881,77.38720900000001,1,1,1789162770.2616198,-0.5967323016931438,0.7963078900708837,0.08449298841320839,-0.05162595506008105,168.684429224511,1.0668563618228721,-106.41183581173402,-0.12978076331612115,-0.11402253456571475,-0.6347584465919673,-7.77127992067337,2.23444523935318,2.0100690836524966
2026-09-11T17:39:30.301,30.606186207999997,-158.7767791748047,-14289.910125732422,-57159.64050292969,-108.76209373474121,-99.1203602218628,-4.945558071136475,-3.3877072787284854,-7.578085358644599,1.038639204543434,0.0,-0.1703968048095703,-1395.890625,-61.34284973144531,-0.1525879055261612,-54.93164598941803,-1644.2630734123138,1,1789162770.0740776,38.991457125,-76.936557255,-10.533000000000001,0,1,8.608356,9.665881,77.38720900000001,1,1,1789162770.28962,-0.6031514055713774,0.7917103381746875,0.0820438891284854,-0.05169064365305262,168.9133833825577,0.9810513861839558,-105.49249043522357,0.15681399356733614,0.05245412533943758,-0.5745896168928644,3.4243841699790956,-1.8238407970809938,-15.421251578845977
2026-09-11T17:39:30.334,30.639591712000026,-158.9445037841797,-14305.005340576172,-57220.02136230469,-108.8769850921631,-99.23525157928468,-5.076407432556152,-3.4773390913009647,-7.778586013110596,-2.6831450461696504,0.0,-0.1723957061767578,-1412.265625,-62.06245422363281,0.0,0.0,1644.3890799962094,1,1789162770.0740776,38.991457125,-76.936557255,-10.533000000000001,0,1,8.608356,9.665881,77.38720900000001,1,1,1789162770.32962,-0.6137551398148043,0.7833381853772777,0.08588370375815163,-0.048061472194741474,168.83495745519275,1.7263742822505794,-104.01047804809336,-0.06799698046014788,-0.10484227723314977,-0.6477644656449039,-9.161764847106934,-2.1003883316421508,-15.74722463022232
2026-09-11T17:39:30.368,30.672994112000026,-159.1153106689453,-14320.377960205078,-57281.51184082031,-108.99398780822754,-99.35225429534913,-5.103489875793457,-3.4958905649185184,-7.820084477716792,-0.5553934333327436,0.0,-0.17538833618164062,-1436.78125,-63.139801025390625,-0.2136230617761612,-76.90430223941803,-2302.3585802043613,1,1789162770.0740776,38.991457125,-76.936557255,-10.533000000000001,0,1,8.608356,9.665881,77.38720900000001,1,1,1789162770.3616197,-0.6228044702531185,0.7762052121605535,0.08622275703412621,-0.04675143438394827,168.91858354139,1.995581313307442,-102.7085168152387,-0.08417740435661171,0.0020408134943569697,-0.6911168734681162,-4.581666955566407,5.910762251987457,-6.44404788778305
2026-09-11T17:39:30.401,30.706394304000014,-159.2888641357422,-14335.997772216797,-57343.99108886719,-109.11287193298341,-99.47113842010499,-5.206672668457031,-3.566570777893067,-7.978191611249693,-2.116161876392039,0.0,-0.1768054962158203,-1448.390625,-63.64997863769531,0.03051757998764515,10.986328795552254,2631.4408921662016,1,1789162770.0740776,38.991457125,-76.936557255,-10.533000000000001,0,1,8.608356,9.665881,77.38720900000001,1,1,1789162770.3896198,-0.6300538320223215,0.7701918571147172,0.08620295015303486,-0.049048174003572725,168.77291168263523,1.8952310241013648,-101.61667733792662,-0.07233063299284981,-0.03327819284777588,-0.7060034847900767,2.329373612918854,2.4051790186691284,-0.4899402420806884
2026-09-11T17:39:30.435,30.73980582400003,-159.46890258789062,-14352.201232910156,-57408.804931640625,-109.23619827270508,-99.59446475982666,-5.3629655838012695,-3.6736314249038697,-8.217679457998983,-3.2043033962762837,0.0,-0.17830276489257812,-1460.65625,-64.18899536132812,-0.0457763746380806,-16.479494869709015,-822.0465176456644,1,1789162770.0740776,38.991457125,-76.936557255,-10.533000000000001,0,1,8.608356,9.665881,77.38720900000001,1,1,1789162770.4296198,-0.6412898238979289,0.7612121884905395,0.08186516112693958,-0.05100452187861984,169.04009654306796,1.567123922802057,-99.92484575466713,-0.12474252136438913,0.18112817537686912,-0.7168203373622367,6.930065469799042,-5.437885581188201,-12.558200064125062
2026-09-11T17:39:30.468,30.773217279999983,-159.6494903564453,-14368.454132080078,-57473.81652832031,-109.35990089416505,-99.71816738128663,-5.415747165679932,-3.7097868084907533,-8.298556747697631,-1.0821253520628948,0.0,-0.17815017700195312,-1459.40625,-64.13406372070312,-0.030517593026161194,-10.98633348941803,164.40951810955625,1,1789162770.0740776,38.991457125,-76.936557255,-10.533000000000001,0,1,8.608356,9.665881,77.38720900000001,1,1,1789162770.4616199,-0.6503237342819401,0.7531290559831704,0.08451478302906272,-0.05227730973416409,168.73246740173957,1.7868188181207862,-98.55533908787469,-0.08767556777638395,0.07863528584982891,-0.7269647145736033,0.6217416202545166,1.4240236699867248,-1.636239579486847
2026-09-11T17:39:30.501,30.806620640000006,-159.83375549316406,-14385.037994384766,-57540.15197753906,-109.48612251281739,-99.84438899993897,-5.520791053771973,-3.7817418718338014,-8.459515640286769,-2.154126511315017,0.0,-0.1770782470703125,-1450.625,-63.7481689453125,0.030517578125,10.986328125,657.7979465060763,1,1789162770.0740776,38.991457125,-76.936557255,-10.533000000000001,0,1,8.608356,9.665881,77.38720900000001,1,1,1789162770.4896197,-0.6581725623658469,0.7461666736045425,0.08622849633831974,-0.05107660687575042,168.6937909914516,2.1366616006975883,-97.38231212835392,-0.0915371087464214,-0.12849864444760611,-0.711202122500067,-2.211301544971466,4.587845145168305,-4.4539843704605095
2026-09-11T17:39:30.535,30.840026016000024,-160.02120971679688,-14401.908874511719,-57607.635498046875,-109.61452865600587,-99.97279514312746,-5.599281311035156,-3.8355076980590823,-8.57978636824239,-1.6094962147784433,0.0,-0.17586135864257812,-1440.65625,-63.310089111328125,0.030517637729644775,10.98634958267212,0.0006423418829091625,1,1789162770.0740776,38.991457125,-76.936557255,-10.533000000000001,0,1,8.608356,9.665881,77.38720900000001,1,1,1789162770.52962,-0.6690966819796043,0.7365004358193666,0.08521748918142523,-0.05113431078425907,168.80793119563864,2.2188520119252453,-95.70832909852533,-0.023283215820379954,-0.1988607205771315,-0.6949726548516221,8.172371912288666,1.7025325345802307,-6.620273391189575
2026-09-11T17:39:30.568,30.873435168000015,-160.21336364746094,-14419.202728271484,-57676.81091308594,-109.74615409851076,-100.10442058563233,-5.730500221252441,-3.9253926515579227,-8.780853282833569,-2.690429062637293,0.0,-0.17679977416992188,-1448.34375,-63.647918701171875,0.3051758110523224,109.86329197883606,2959.576537476708,1,1789162770.0740776,38.991457125,-76.936557255,-10.533000000000001,0,1,8.608356,9.665881,77.38720900000001,1,1,1789162770.5616198,-0.6784106681389686,0.7276972897953956,0.08782132016589428,-0.050030345831241024,168.70226327176545,2.656263976233437,-94.27778028713512,0.1415847741132092,-0.1453944788044624,-0.7695090349531423,-1.7038073991012574,1.9641739608955382,-8.257885901699066
2026-09-11T17:39:30.600,30.906842015999985,-160.40774536132812,-14436.697082519531,-57746.788330078125,-109.87930557250978,-100.23757205963136,-5.809854984283447,-3.9797506642341616,-8.902448694153,-1.6271517946346676,0.0,-0.17966651916503906,-1471.828125,-64.67994689941406,-0.06103518605232239,-21.97266697883606,-3946.3752748475476,1,1789162770.0740776,38.991457125,-76.936557255,-10.533000000000001,0,1,8.608356,9.665881,77.38720900000001,1,1,1789162770.5896199,-0.6860895791490568,0.7202758206722464,0.08999968447963266,-0.04882507892015014,168.64283603175465,3.0473169860036324,-93.08805151326533,0.04600827534597213,-0.10500180032678207,-0.7835290903014875,1.9181807716369628,0.18769928409576417,-0.44463351833343506
2026-09-11T17:39:30.634,30.940244224000025,-160.60377502441406,-14454.339752197266,-57817.35900878906,-110.01358589172364,-100.37185237884522,-5.8379011154174805,-3.9989622640609745,-8.945423819034025,-0.5751595770791396,0.0,-0.18354225158691406,-1503.578125,-66.07521057128906,-0.04577639698982239,-16.47950291633606,164.45511813151015,1,1789162770.0740776,38.991457125,-76.936557255,-10.533000000000001,0,1,8.608356,9.665881,77.38720900000001,1,1,1789162770.6296198,-0.6978433626967486,0.7092432912239983,0.08722590694087218,-0.04878766393451535,168.92543470724485,3.011442668954895,-91.22039047845183,0.038761319225841265,-0.04366237829836654,-0.8367143340645855,-3.9619847318458556,-2.143929858360291,0.46650234819412234
2026-09-11T17:39:30.669,30.973645567999995,-160.80003356933594,-14472.003021240234,-57888.01208496094,-110.14802299499513,-100.50628948211671,-5.917712688446045,-4.053633191585541,-9.067719200934002,-1.6367882539282348,0.0,-0.192230224609375,-1574.75,-69.202880859375,-0.12207034230232239,-43.94532322883606,-822.2968606450432,1,1789162770.0740776,38.991457125,-76.936557255,-10.533000000000001,0,1,8.608356,9.665881,77.38720900000001,1,1,1789162770.6576197,-0.7062937673384393,0.701058810300352,0.08497999983046749,-0.04943741849999538,169.09213490308824,2.907553994029066,-89.85141889539088,-0.06330274290398394,0.08612955512496737,-0.857379556006974,5.1773228863906855,-1.9583880373001097,-9.168335302715303
2026-09-11T17:39:30.702,31.007055487999992,-161.0002899169922,-14490.026092529297,-57960.10437011719,-110.28519859313965,-100.64346508026124,-5.918423175811768,-4.054119875431061,-9.068807881690804,-0.014567046120440956,0.0,-0.20184707641601562,-1653.53125,-72.66494750976562,-0.3356933891773224,-120.84962010383606,-2301.8401982108066,1,1789162770.0740776,38.991457125,-76.936557255,-10.533000000000001,0,1,8.608356,9.665881,77.38720900000001,1,1,1789162770.69762,-0.7188448323157252,0.6887946833063465,0.08030028549896638,-0.048742747672565166,169.57729474266569,2.7684288443462006,-87.80663084100779,-0.017796075185034982,0.15896266840946632,-0.8768361374423564,3.3880014978790283,-3.0443764762115477,-9.374961421623231
2026-09-11T17:39:30.735,31.04046531199998,-161.19839477539062,-14507.855529785156,-58031.422119140625,-110.42090042114259,-100.77916690826417,-6.022089004516602,-4.125130968093872,-9.227655172006683,-2.12545545474393,0.0,-0.20735931396484375,-1698.6875,-74.64935302734375,0.244140625,87.890625,6247.870240319291,1,1789162770.0740776,38.991457125,-76.936557255,-10.533000000000001,0,1,8.608356,9.665881,77.38720900000001,1,1,1789162770.7296197,-0.7288118992037534,0.6780166806965797,0.0795183437020384,-0.052947420060800734,169.3279539664112,2.528100536587352,-86.10049807805505,-0.4969558009678298,0.29290691465622,-0.9277041075575816,3.284345205669403,-1.9391670029830932,-9.683870901718139
2026-09-11T17:39:30.767,31.07386694400003,-161.39259338378906,-14525.333404541016,-58101.33361816406,-110.55392646789552,-100.9121929550171,-5.788821697235107,-3.965342862606049,-8.870219359802354,4.783841265228705,0.0,-0.2052936553955078,-1681.765625,-73.90571594238281,0.10681155323982239,38.45215916633606,-1480.1212657390456,1,1789162770.0740776,38.991457125,-76.936557255,-10.533000000000001,0,1,8.608356,9.665881,77.38720900000001,1,1,1789162770.7616198,-0.737861379193383,0.6681699574262998,0.08042759445776021,-0.05138964037151362,169.4236751038142,2.8668332464485116,-84.59019902944702,0.20030724946118442,-0.0702988952106032,-0.7720881079888143,1.0202838828277587,-0.8089505718421935,3.7557508789443967
2026-09-11T17:39:30.801,31.107267584,-161.58486938476562,-14542.638244628906,-58170.552978515625,-110.68563552856446,-101.04390201568604,-5.738071441650391,-3.930578937530518,-8.792454674146638,1.0408161363244677,0.0,-0.19740676879882812,-1617.15625,-71.06643676757812,0.2288818657398224,82.39747166633606,1315.7027080930814,1,1789162770.0740776,38.991457125,-76.936557255,-10.533000000000001,0,1,8.608356,9.665881,77.38720900000001,1,1,1789162770.78962,-0.7455011268343038,0.6593791876584237,0.08121880824331215,-0.05339159071648407,169.2248492054887,2.905385759075232,-83.25815302870666,-0.24477614440689754,0.004594230190024674,-0.8347339089623476,-2.8000928206825257,0.08914244997024537,3.068010503101349
2026-09-11T17:39:30.835,31.140677024000013,-161.7794647216797,-14560.151824951172,-58240.60729980469,-110.81893333435059,-101.17719982147217,-5.739280700683594,-3.931407279968262,-8.794307623407878,-0.024793664238127445,0.0,-0.1673603057861328,-1371.015625,-60.24971008300781,0.32043468952178955,115.35648822784424,986.5180787673893,1,1789162770.0740776,38.991457125,-76.936557255,-10.533000000000001,0,1,8.608356,9.665881,77.38720900000001,1,1,1789162770.82962,-0.7558524377031529,0.6474166400192277,0.08158364421416953,-0.053692603225684636,169.21783158121661,3.084427835672656,-81.4537976556442,0.06802263680015219,0.22928006411014068,-0.7212325297112784,0.92172704870224,-4.33218577545166,-14.99623136083603
2026-09-11T17:39:30.867,31.17408236800003,-161.96682739257812,-14577.014465332031,-58308.057861328125,-110.94727676391602,-101.3055432510376,-5.6359381675720215,-3.860617644786835,-8.635955719369253,2.119111097355943,0.0,-0.17130088806152344,-1403.296875,-61.66831970214844,0.3662109673023224,131.83594822883606,493.3180751254605,1,1789162770.0740776,38.991457125,-76.936557255,-10.533000000000001,0,1,8.608356,9.665881,77.38720900000001,1,1,1789162770.8576198,-0.7622270006341761,0.6396318644745732,0.08377462800370446,-0.05350597308572188,169.1015115129283,3.397471251397541,-80.32838380182883,-0.15669042425629492,0.028979970498889448,-0.6678120155650116,0.21378497352600098,-0.8423912488937378,-12.952623533630371
2026-09-11T17:39:30.901,31.207485408000025,-162.14874267578125,-14593.386840820312,-58373.54736328125,-111.07188873291017,-101.43015522003175,-5.506892681121826,-3.7722214865684514,-8.438219144972367,2.646350697972223,0.0,-0.16701698303222656,-1368.203125,-60.12611389160156,0.1525879204273224,54.93165135383606,-2302.3143065723684,1,1789162770.0740776,38.991457125,-76.936557255,-10.533000000000001,0,1,8.608356,9.665881,77.38720900000001,1,1,1789162770.8896198,-0.7686609856349417,0.6318429267751995,0.08457229108667973,-0.0527478210660833,169.1439824452211,3.632588634726543,-79.18601644178693,-0.05087791849196151,-0.005847202060031403,-0.587618499759002,10.336209270477296,-1.3498853947639464,-16.12634972547531
2026-09-11T17:39:30.934,31.241040704,-162.32998657226562,-14609.698791503906,-58438.795166015625,-111.19604080200196,-101.55430728912354,-5.456237316131592,-3.737522561550141,-8.360599860303635,1.0340819231139207,0.0,-0.1684551239013672,-1379.984375,-60.64384460449219,-0.0915527418255806,-32.958987057209015,-2619.2776964659106,1,1789162770.0740776,38.991457125,-76.936557255,-10.533000000000001,0,1,8.608356,9.665881,77.38720900000001,1,1,1789162770.9296198,-0.776027117115856,0.6228762037980473,0.08414337194157614,-0.052221080047127166,169.26468307980636,3.7578900149893486,-77.85757496957201,0.012338430614048714,0.04606272961863435,-0.6026705682940515,3.1348918572044373,-2.3241760883331297,-8.198751801223755
2026-09-11T17:39:30.968,31.27443910400001,-162.51205444335938,-14626.084899902344,-58504.339599609375,-111.32075729370118,-101.67902378082276,-5.457960605621338,-3.738703014850617,-8.363240459132545,-0.03534460634268852,0.0,-0.17387771606445312,-1424.40625,-62.595977783203125,0.0457763709127903,16.479493528604507,1480.2649404102788,1,1789162770.0740776,38.991457125,-76.936557255,-10.533000000000001,0,1,8.608356,9.665881,77.38720900000001,1,1,1789162770.9616199,-0.7825511259100935,0.6145823590445416,0.08420175378239776,-0.05303134872940654,169.22735585466006,3.8187307648556112,-76.64935537650436,-0.144853252203419,-0.013446365623214714,-0.6601430388317485,7.8229609670257565,-1.72165550239563,-9.53147555820465
2026-09-11T17:39:31.003,31.307848576000026,-162.6975860595703,-14642.782745361328,-58571.13098144531,-111.44784645080567,-101.80611293792725,-5.5372209548950195,-3.7929963541030887,-8.48469120012322,-1.625088216073716,0.0,-0.17834854125976562,-1461.03125,-64.20547485351562,-0.2441406399011612,-87.89063036441803,-3123.968073873497,1,1789162770.0740776,38.991457125,-76.936557255,-10.533000000000001,0,1,8.608356,9.665881,77.38720900000001,1,1,1789162771.0016198,-0.7912774606389444,0.6033957635082939,0.08157497975020316,-0.05602727499870598,169.19512447177442,3.524976621010304,-74.98878136902425,-0.09771993762161131,0.2460802544239877,-0.7423204703984998,6.5057317173004146,-2.592093770751953,-5.418958746376037
2026-09-11T17:39:31.035,31.341258143999994,-162.8826141357422,-14659.435272216797,-58637.74108886719,-111.57459068298341,-101.932857170105,-5.537931442260742,-3.793483037948609,-8.48577988088002,-0.014567199597452651,0.0,-0.1820659637451172,-1491.484375,-65.54374694824219,-0.1831054836511612,-65.91797411441803,657.6755571943106,1,1789162770.0740776,38.991457125,-76.936557255,-10.533000000000001,0,1,8.608356,9.665881,77.38720900000001,1,1,1789162771.02962,-0.7978427497497302,0.5947118527353661,0.0795923655105851,-0.05856461594074443,169.13883412884132,3.2875011374754664,-73.714295812862,-0.24024753859674786,0.2675711916354947,-0.7696966578477317,10.6552196002388,-4.225195222187042,-1.9454432590866089
2026-09-11T17:39:31.068,31.374665375999996,-163.06568908691406,-14675.912017822266,-58703.64807128906,-111.69999702453615,-102.05826351165773,-5.485902786254883,-3.757843408584595,-8.40605630052029,1.0668237752835084,0.0,-0.17959976196289062,-1471.28125,-64.65591430664062,0.2593994438648224,93.38379979133606,4768.481684018158,1,1789162770.0740776,38.991457125,-76.936557255,-10.533000000000001,0,1,8.608356,9.665881,77.38720900000001,1,1,1789162771.0616198,-0.8053231370508223,0.5849371350099115,0.07649761248939585,-0.05874783655966548,169.3745204811231,3.123193098356758,-72.27519179611326,0.0313323252647274,0.3296005423172236,-0.7386955960750329,0.6243894157981873,-1.2759432525444032,-15.6739689535141
2026-09-11T17:39:31.101,31.408064608000018,-163.24197387695312,-14691.777648925781,-58767.110595703125,-111.8207521057129,-102.17901859283448,-5.329958915710449,-3.651021857261658,-8.167103295592462,3.198323581897518,0.0,-0.17596817016601562,-1441.53125,-63.348541259765625,0.09155276417732239,32.95899510383606,-1809.1674888650173,1,1789162771.0722558,38.99144745833333,-76.93657489,-10.586000000000002,0,1,8.608356,9.659664000000001,77.404804,1,1,1789162771.0896199,-0.8110395412512185,0.5775122938838879,0.07420965588747798,-0.056456531181476706,169.7722543544308,3.162341263728628,-71.18969517178576,0.3900842294133863,-0.030455122782675054,-0.6734562358330359,-8.160211666088104,1.6795849732017518,-4.0596589674568175
2026-09-11T17:39:31.135,31.441487744000028,-163.41212463378906,-14707.091217041016,-58828.36486816406,-111.93730537414551,-102.29557186126709,-5.1228461265563965,-3.509149596691132,-7.849744087086453,4.244732169072416,0.0,-0.16457748413085938,-1348.21875,-59.247894287109375,0.3509522080421448,126.34279489517212,2793.9867698622643,1,1789162771.0722558,38.99144745833333,-76.93657489,-10.586000000000002,0,1,8.608356,9.659664000000001,77.404804,1,1,1789162771.1296198,-0.8177039912829948,0.5683209316897537,0.07106584803344664,-0.05762938908610242,169.90682094973852,2.9071561990304526,-69.8569551397314,0.1047419208011601,0.08565046224529492,-0.5614855103359657,2.7556686954498293,5.069645867614746,-7.663700968399048
2026-09-11T17:39:31.170,31.474909056,-163.57937622070312,-14722.143859863281,-58888.575439453125,-112.05187271118164,-102.41013919830323,-5.020071983337402,-3.4387493085861207,-7.692263127653268,2.106448966009109,0.0,-0.15286827087402344,-1252.296875,-55.03257751464844,0.5493164658546448,197.75392770767212,2136.694478438113,1,1789162771.0722558,38.99144745833333,-76.93657489,-10.586000000000002,0,1,8.608356,9.659664000000001,77.404804,1,1,1789162771.16162,-0.8229229655335768,0.5611595739683687,0.06859598358332777,-0.05650058740666456,170.20134521660864,2.836539288821923,-68.82414578072932,0.01805857270453493,0.08051535452007721,-0.5184964800630186,6.434731570129395,2.956508890762329,-11.900468037776948
2026-09-11T17:39:31.203,31.508327456000018,-163.74378967285156,-14736.94107055664,-58947.76428222656,-112.16449592590332,-102.5227624130249,-4.968430995941162,-3.4033752322196964,-7.61313357243131,1.0585209455391928,0.0,-0.1425189971923828,-1167.515625,-51.30683898925781,0.2136230617761612,76.90430223941803,-3616.2600683514115,1,1789162771.0722558,38.99144745833333,-76.93657489,-10.586000000000002,0,1,8.608356,9.659664000000001,77.404804,1,1,1789162771.2016199,-0.8288365903317909,0.552808700801373,0.06923874981733334,-0.0513657704040523,170.67863807079914,3.3241218261390943,-67.67522545976968,-0.013885490463016487,-0.023421096831287506,-0.5146604209000604,-9.260223614730835,-4.4600644935607905,-16.380734230670928
2026-09-11T17:39:31.235,31.54174313599998,-163.90432739257812,-14751.389465332031,-59005.557861328125,-112.27446426391603,-102.6327307510376,-4.8390679359436035,-3.3147615361213685,-7.414910379655881,2.6518597286791423,0.0,-0.14013099670410156,-1147.953125,-50.44715881347656,0.1068115383386612,38.45215380191803,-1150.7217102134052,1,1789162771.0722558,38.99144745833333,-76.93657489,-10.586000000000002,0,1,8.608356,9.659664000000001,77.404804,1,1,1789162771.2296197,-0.8325390276348671,0.5476979045376718,0.06743005848809155,-0.04856912642951312,171.08293184196134,3.3866564557326533,-66.94314571209395,0.08099148034002125,-0.024318545132662992,-0.4335867355522701,1.2717263929748535,-3.431346891593933,-13.545925868415832
2026-09-11T17:39:31.269,31.575151360000007,-164.0655975341797,-14765.903778076172,-59063.61511230469,-112.3849343109131,-102.74320079803468,-4.814693927764893,-3.2980653405189515,-7.377562053773595,0.4997630404538548,0.0,-0.1367626190185547,-1120.359375,-49.23454284667969,0.1678466945886612,60.42481005191803,657.7020152278131,1,1789162771.0722558,38.99144745833333,-76.93657489,-10.586000000000002,0,1,8.608356,9.659664000000001,77.404804,1,1,1789162771.2616198,-0.8367948003763336,0.5414101663368402,0.06712430026951778,-0.04630142723042934,171.3461534316816,3.5662374652941815,-66.07603247753293,-0.03566981752178371,0.018487051035899534,-0.5091179533274272,-3.9295247198104857,-0.9305530338478089,-8.907282275409699
2026-09-11T17:39:31.302,31.608557824000002,-164.2239227294922,-14780.153045654297,-59120.61218261719,-112.49338706970215,-102.85165355682373,-4.789982318878174,-3.2811378884315494,-7.339696421867273,0.5067118773002901,0.0,-0.13576126098632812,-1112.15625,-48.874053955078125,0.1678466945886612,60.42481005191803,0.0,1,1789162771.0722558,38.99144745833333,-76.93657489,-10.586000000000002,0,1,8.608356,9.659664000000001,77.404804,1,1,1789162771.3016198,-0.8415537729522403,0.5342752987936407,0.0665513579581609,-0.043681450098869826,171.66597626557586,3.7462174888951756,-65.09332242431897,0.027745324586028658,-0.1538308768098274,-0.443777713054665,-1.9565247737693785,0.8925032312202453,-6.146219922370911
2026-09-11T17:39:31.337,31.641972415999987,-164.38796997070312,-14794.917297363281,-59179.669189453125,-112.60575942993165,-102.96402591705323,-4.870349884033203,-3.3361896705627445,-7.4628437512588155,-1.6475371637402887,0.0,-0.1340808868408203,-1098.390625,-48.26911926269531,0.0610351637005806,21.972658932209015,-1150.7592587012782,1,1789162771.0722558,38.99144745833333,-76.93657489,-10.586000000000002,0,1,8.608356,9.659664000000001,77.404804,1,1,1789162771.32962,-0.8445958306584712,0.5295203523362869,0.06596971948999333,-0.04375014750138582,171.71641853293647,3.7327276895637866,-64.44180545648516,-0.06437507319640924,0.009001361084235555,-0.4089245350898894,7.982024832649231,-2.0196796008110045,-17.19331326307297
2026-09-11T17:39:31.370,31.67538838400003,-164.55194091796875,-14809.674682617188,-59238.69873046875,-112.7180795288086,-103.07634601593018,-4.923593044281006,-3.3726612353324894,-7.5444283181202705,-1.091441216657212,0.0,-0.13227272033691406,-1083.578125,-47.61817932128906,0.2441406548023224,87.89063572883606,1972.6490280497974,1,1789162771.0722558,38.99144745833333,-76.93657489,-10.586000000000002,0,1,8.608356,9.659664000000001,77.404804,1,1,1789162771.3616197,-0.8483086261464395,0.5234593863077998,0.06667041264229276,-0.04379271366230099,171.69601062348679,3.8570138015862745,-63.63445109551426,-0.07563174874007188,0.00871687241616048,-0.4236781523228479,-0.49974689224243163,-0.12915358263015747,-15.531674459667206
2026-09-11T17:39:31.402,31.708794624000006,-164.7162322998047,-14824.460906982422,-59297.84362792969,-112.83061912536623,-103.1888856124878,-4.898514747619629,-3.355482602119446,-7.506000810038123,0.514234263211163,0.0,-0.1321697235107422,-1082.734375,-47.58110046386719,0.0762939602136612,27.46582567691803,-1808.7881201823475,1,1789162771.0722558,38.99144745833333,-76.93657489,-10.586000000000002,0,1,8.608356,9.659664000000001,77.404804,1,1,1789162771.40162,-0.8524656857618945,0.5165167776630349,0.06676553706167812,-0.04533250546753131,171.57068019118003,3.841732984418089,-62.707326318173735,0.07947775627976658,0.14991662689637972,-0.41387132178881697,-1.1602247806358337,1.2052373048782348,-5.785531329421998
2026-09-11T17:39:31.436,31.74220060800002,-164.8831024169922,-14839.479217529297,-59357.91687011719,-112.94492515563965,-103.30319164276123,-4.9764227867126465,-3.408849608898163,-7.625379404299748,-1.5975283583533197,0.0,-0.13347625732421875,-1093.4375,-48.05145263671875,-0.015258789993822575,-5.493164397776127,-986.619345644243,1,1789162771.0722558,38.99144745833333,-76.93657489,-10.586000000000002,0,1,8.608356,9.659664000000001,77.404804,1,1,1789162771.4296198,-0.8554006822269701,0.5118643080206546,0.0645833378991318,-0.04597385654887896,171.65924599334704,3.6363975322303337,-62.05710716698563,0.11217527808540395,0.039130456362638066,-0.39516383566839053,-0.8471965074729919,-0.3334261054992676,-9.685636098747253
2026-09-11T17:39:31.470,31.775617823999994,-165.05242919921875,-14854.718627929688,-59418.87451171875,-113.06091400146485,-103.41918048858643,-5.054304122924805,-3.4621983242034915,-7.744717081700715,-1.5964440396641049,0.0,-0.1340656280517578,-1098.265625,-48.26362609863281,0.0,0.0,164.38126975569097,1,1789162771.0722558,38.99144745833333,-76.93657489,-10.586000000000002,0,1,8.608356,9.659664000000001,77.404804,1,1,1789162771.45762,-0.8585453570748143,0.5064462047535138,0.06477670123112456,-0.04707537056312081,171.56188570350903,3.643325767670382,-61.340606100235185,-0.09613971651685564,-0.01860276636530676,-0.5078548585477588,2.5297234757232667,-2.3212340932846067,-11.375321921615601
2026-09-11T17:39:31.504,31.809036031999995,-165.22190856933594,-14869.971771240234,-59479.88708496094,-113.17700736999512,-103.5352738571167,-5.081296443939209,-3.4806880640983584,-7.786077451902189,-0.553283404510099,0.0,-0.13482666015625,-1104.5,-48.53759765625,-0.030517585575580597,-10.986330807209015,-328.75284058345824,1,1789162771.0722558,38.99144745833333,-76.93657489,-10.586000000000002,0,1,8.608356,9.659664000000001,77.404804,1,1,1789162771.5016198,-0.8635697693666797,0.4980625794960037,0.06321912104981331,-0.04673610034497512,171.72197880317043,3.5909706699360315,-60.208215575644,0.2233298876242416,0.15747948761112154,-0.502844018265283,3.379763911743164,-0.6382167925262451,-11.947049626045226
2026-09-11T17:39:31.536,31.842453920000025,-165.39695739746094,-14885.726165771484,-59542.90466308594,-113.29691581726075,-103.65518230438234,-5.238129615783691,-3.5881187868118287,-8.026393134421584,-3.214766974901917,0.0,-0.13529396057128906,-1108.328125,-48.70582580566406,-0.1831054836511612,-65.91797411441803,-1643.7796220742098,1,1789162771.0722558,38.99144745833333,-76.93657489,-10.586000000000002,0,1,8.608356,9.659664000000001,77.404804,1,1,1789162771.52962,-0.866877339495326,0.4924067325469912,0.06258190497363361,-0.04629031412479684,171.82661208234558,3.6071087845437058,-59.452992800303306,-0.23484015950821902,-0.16453044325625346,-0.5337817245861346,-4.924997777729035,-2.436069966678619,-6.125331757526397
2026-09-11T17:39:31.569,31.875858784000002,-165.57650756835938,-14901.885681152344,-59607.542724609375,-113.41990768432618,-103.77817417144776,-5.4211249351501465,-3.7134705805778507,-8.306797111170917,-3.7525012455105466,0.0,-0.13599205017089844,-1114.046875,-48.95713806152344,-0.0762939602136612,-27.46582567691803,1151.0942968523123,1,1789162771.0722558,38.99144745833333,-76.93657489,-10.586000000000002,0,1,8.608356,9.659664000000001,77.404804,1,1,1789162771.5616198,-0.8709699363089061,0.485212444268077,0.06286083539534514,-0.045041862160191994,171.96576718431362,3.772216865350632,-58.50887326153129,-0.019340342507199564,0.19672024878248567,-0.4801276853859509,-2.568852009868622,0.8912283666992188,-5.930963951320648
2026-09-11T17:39:31.604,31.909273247999977,-165.7582244873047,-14918.240203857422,-59672.96081542969,-113.54438377380372,-103.9026502609253,-5.421940326690674,-3.714029123783112,-8.308046536737445,-0.016715611696224476,0.0,-0.13575172424316406,-1112.078125,-48.87062072753906,-0.0610351599752903,-21.972657591104507,164.3949184945071,1,1789162771.0722558,38.99144745833333,-76.93657489,-10.586000000000002,0,1,8.608356,9.659664000000001,77.404804,1,1,1789162771.6016197,-0.8756958435998876,0.47702157005522616,0.060128712260467905,-0.04462901708334938,172.19536451771785,3.596578408316937,-57.40270830307877,0.2396138095453487,0.12113056247738685,-0.4376493384521373,2.0487072852897645,1.0528419613647462,-6.536034266300201
2026-09-11T17:39:31.637,31.94269942400001,-165.9419708251953,-14934.777374267578,-59739.10949707031,-113.6702500152588,-104.02851650238038,-5.501183986663818,-3.768311030864716,-8.42947170469021,-1.623934101272848,0.0,-0.134521484375,-1102.0,-48.427734375,0.0915527492761612,32.95898973941803,1643.3721682811051,1,1789162771.0722558,38.99144745833333,-76.93657489,-10.586000000000002,0,1,8.608356,9.659664000000001,77.404804,1,1,1789162771.6296198,-0.8788525881505506,0.47106598435635916,0.06115713083905499,-0.04443840716078718,172.1823389167241,3.762990058726417,-56.63992735887113,0.13015967429672912,-0.11898834535348901,-0.5046478160472193,-6.360985560913086,-5.144960940856934,-6.092185279979705
2026-09-11T17:39:31.671,31.976116511999976,-166.1234130859375,-14951.107177734375,-59804.4287109375,-113.7945379638672,-104.15280445098878,-5.476858615875244,-3.7516481518745426,-8.392197905946981,0.4986334832703221,0.0,-0.12926673889160156,-1058.953125,-46.53602600097656,0.1678467094898224,60.42481541633606,821.9096073525934,1,1789162771.0722558,38.99144745833333,-76.93657489,-10.586000000000002,0,1,8.608356,9.659664000000001,77.404804,1,1,1789162771.66162,-0.8825751549630908,0.4641937159870093,0.06022239105900893,-0.04425554762042686,172.28108511803288,3.7392138918725957,-55.73693447805088,-0.07694406180464641,-0.038874591094295696,-0.5446130633910862,3.9699281184768678,1.7499967213630676,-8.552575739059447
2026-09-11T17:39:31.703,32.009523263999995,-166.30650329589844,-14967.58529663086,-59870.34118652344,-113.91995475769043,-104.27822124481202,-5.504354476928711,-3.7704828166961675,-8.434329851235153,-0.5637981454052817,0.0,-0.12500762939453125,-1024.0625,-45.00274658203125,-0.03051757998764515,-10.986328795552254,-2137.6260766640157,1,1789162771.0722558,38.99144745833333,-76.93657489,-10.586000000000002,0,1,8.608356,9.659664000000001,77.404804,1,1,1789162771.7016199,-0.8871907527137279,0.45573630772293755,0.05958616271342289,-0.04057678320668388,172.7262959447518,3.9418475352164117,-54.628387405834125,0.0622063270678811,-0.03846356605545104,-0.4871213942316174,-6.622332787723541,2.725562279453278,-3.8877483901214602
2026-09-11T17:39:31.736,32.042927968000015,-166.48992919921875,-14984.093627929688,-59936.37451171875,-114.04560150146486,-104.40386798858643,-5.5322370529174805,-3.7895823812484744,-8.477054360344646,-0.5717627239653259,0.0,-0.118377685546875,-969.75,-42.615966796875,0.1373291313648224,49.43848729133606,1808.8714717200323,1,1789162771.0722558,38.99144745833333,-76.93657489,-10.586000000000002,0,1,8.608356,9.659664000000001,77.404804,1,1,1789162771.7296197,-0.8899650643775945,0.4506822613908824,0.05706820475635134,-0.03988613118455387,172.95214633362843,3.762766812626682,-53.94751392535918,0.06735190676861078,0.13155454143492298,-0.39807539392656743,-3.0772287542533876,1.001945447025299,-9.307393602008819
2026-09-11T17:39:31.771,32.07633440000001,-166.67147827148438,-15000.433044433594,-60001.732177734375,-114.16996261596681,-104.52822910308839,-5.428159713745117,-3.7182894039154055,-8.317576511979691,2.1341093036540046,0.0,-0.11687660217285156,-957.453125,-42.07557678222656,0.0610351599752903,21.972657591104507,-822.1719009153005,1,1789162771.0722558,38.99144745833333,-76.93657489,-10.586000000000002,0,1,8.608356,9.659664000000001,77.404804,1,1,1789162771.7616198,-0.8930464241315239,0.4447789267667865,0.05497089484337082,-0.0402242634513442,173.05134509228765,3.5776562733100876,-53.16818782434933,0.18517681564272037,0.12991079034539474,-0.4571123776057521,-0.21201977649688722,1.3794034117507936,-11.771608654651642
2026-09-11T17:39:31.805,32.10975436799998,-166.8519287109375,-15016.673583984375,-60066.6943359375,-114.2935711669922,-104.65183765411378,-5.3242716789245605,-3.6471261000633244,-8.158388734930476,2.129364811244975,0.0,-0.11671066284179688,-956.09375,-42.015838623046875,0.1831054836511612,65.91797411441803,1314.9419090809904,1,1789162771.0722558,38.99144745833333,-76.93657489,-10.586000000000002,0,1,8.608356,9.659664000000001,77.404804,1,1,1789162771.8016198,-0.896898088557613,0.43737645145567394,0.052387904020048184,-0.03913011584609631,173.32568301040067,3.425120956651556,-52.192556845062406,0.3003547581732554,0.10170574603439077,-0.4386338786831873,0.038344002132415775,0.5247538501548767,-11.024439978828429
2026-09-11T17:39:31.837,32.14316291199998,-167.02468872070312,-15032.221984863281,-60128.887939453125,-114.41191177368165,-104.77017826080323,-5.168243408203125,-3.540246734619141,-7.919306403496638,3.1991626287034256,0.0,-0.11649513244628906,-954.328125,-41.93824768066406,0.0915527492761612,32.95898973941803,-986.5435732548909,1,1789162771.0722558,38.99144745833333,-76.93657489,-10.586000000000002,0,1,8.608356,9.659664000000001,77.404804,1,1,1789162771.82962,-0.89954794684653,0.4323139782950744,0.0509321932539681,-0.03638718435409189,173.70196649216803,3.4496006935466887,-51.52681247979707,0.1323559966274388,-0.01574950210414643,-0.40462264754957383,-2.951017166671753,-0.03981499965667725,-8.139225434741974
2026-09-11T17:39:31.870,32.176562623999985,-167.19407653808594,-15047.466888427734,-60189.86755371094,-114.52794242858887,-104.88620891571045,-5.117178916931152,-3.5052675580978394,-7.8410602140699615,1.04728976469307,0.0,-0.11434364318847656,-936.703125,-41.16371154785156,0.2136230617761612,76.90430223941803,1315.7392644581348,1,1789162771.0722558,38.99144745833333,-76.93657489,-10.586000000000002,0,1,8.608356,9.659664000000001,77.404804,1,1,1789162771.8616197,-0.9022160643348469,0.4271594144981853,0.04856192442771892,-0.0343910941608885,174.04658337946503,3.3391247777595012,-50.844655233839696,-0.13810092239330332,-0.038372983467272526,-0.3754037414760863,2.73958578918457,-1.8387469053268433,-4.521454123573304
2026-09-11T17:39:31.904,32.20996223999998,-167.3592987060547,-15062.336883544922,-60249.34753417969,-114.64111961364748,-104.99938610076904,-4.9885454177856445,-3.4171536111831666,-7.643954928380375,2.6381724542785396,0.0,-0.10567855834960938,-865.71875,-38.044281005859375,0.06103518605232239,21.97266697883606,-1644.6786472211822,1,1789162771.0722558,38.99144745833333,-76.93657489,-10.586000000000002,0,1,8.608356,9.659664000000001,77.404804,1,1,1789162771.90162,-0.9051923145793205,0.4210178366619653,0.04740705142151363,-0.033517552335000145,174.2167527900558,3.302180599962853,-50.05446187160288,-0.18699509965744807,-0.0972930300865735,-0.3460322936259746,5.91409651304245,2.452937404956818,-4.223822291164398
2026-09-11T17:39:31.937,32.243364575999976,-167.5260772705078,-15077.346954345703,-60309.38781738281,-114.75536293029786,-105.11362941741945,-4.96372652053833,-3.4001526665687565,-7.605924898373194,0.5089747200439177,0.0,-0.105133056640625,-861.25,-37.847900390625,0.0610351599752903,21.972657591104507,-0.0002810501502686976,1,1789162771.0722558,38.99144745833333,-76.93657489,-10.586000000000002,0,1,8.608356,9.659664000000001,77.404804,1,1,1789162771.9296198,-0.907099298315913,0.4169113935800651,0.0488193930698418,-0.031183645684855536,174.40644130295215,3.5871358970140714,-49.54321081711006,0.047349560876129765,-0.0839049584603754,-0.3198842943713711,0.030989014511108397,2.0187970022964477,-14.341833595542909
2026-09-11T17:39:31.972,32.276773279999986,-167.69256591796875,-15092.330932617188,-60369.32373046875,-114.86940765380861,-105.22767414093019,-4.964638710021973,-3.4007775163650513,-7.6073226475596085,-0.018703203700887655,0.0,-0.10475730895996094,-858.171875,-37.71263122558594,-0.0762939527630806,-27.465822994709015,-1479.8083932198867,1,1789162771.0722558,38.99144745833333,-76.93657489,-10.586000000000002,0,1,8.608356,9.659664000000001,77.404804,1,1,1789162771.9696198,-0.909897323479587,0.41107253976112257,0.04735081989494237,-0.029396047936768897,174.6866740387053,3.5546728143819513,-48.78990276316499,-0.036815626175717986,0.0053188908954527195,-0.361298688593169,2.1468718534088134,0.2302601457977295,-15.390164497833252
2026-09-11T17:39:32.004,32.31018867199998,-167.8548126220703,-15106.933135986328,-60427.73254394531,-114.98054664611817,-105.33881313323975,-4.836324214935303,-3.312882087230683,-7.410706172223244,2.630387491320826,0.0,-0.10396957397460938,-851.71875,-37.429046630859375,-0.0610351599752903,-21.972657591104507,164.3902727104129,1,1789162771.0722558,38.99144745833333,-76.93657489,-10.586000000000002,0,1,8.608356,9.659664000000001,77.404804,1,1,1789162772.0016198,-0.9118872635672494,0.4066200808703646,0.0476795804383374,-0.02912706621059632,174.7166840589348,3.6274984792644562,-48.232608160743304,0.06249640078956255,-0.07499557622771993,-0.32360306740859546,0.20437058937072755,-1.6185876091957092,-11.233517760276793
2026-09-11T17:39:32.038,32.34359212800001,-168.01837158203125,-15121.653442382812,-60486.61376953125,-115.09258453369142,-105.45085102081299,-4.915944576263428,-3.367422034740448,-7.532708560174581,-1.6327636131337928,0.0,-0.10273933410644531,-841.640625,-36.98616027832031,-0.0457763709127903,-16.479493528604507,164.44897385752506,1,1789162771.0722558,38.99144745833333,-76.93657489,-10.586000000000002,0,1,8.608356,9.659664000000001,77.404804,1,1,1789162772.02962,-0.9132265057288264,0.4034315008371099,0.0479197764826538,-0.031049450695422982,174.51634960420503,3.5816320143502804,-47.839908496124146,-0.11549122913126798,0.026142239668071866,-0.3179722861758113,-4.14850721792221,2.518936160545349,-5.189286999588012
2026-09-11T17:39:32.072,32.37704950400001,-168.18710327148438,-15136.839294433594,-60547.357177734375,-115.2081657409668,-105.56643222808839,-4.943584442138672,-3.3863553428649906,-7.575061164247018,-0.565893395959735,0.0,-0.10261917114257812,-840.65625,-36.942901611328125,-0.1678466945886612,-60.42481005191803,-1313.4716997325775,1,1789162771.0722558,38.99144745833333,-76.93657489,-10.586000000000002,0,1,8.608356,9.659664000000001,77.404804,1,1,1789162772.06962,-0.9157189997345863,0.3979796733235777,0.04559359862702727,-0.03149788739875785,174.59829625887278,3.349746816524781,-47.13845911891026,-0.13812640420038244,-0.031948251957756205,-0.3426831813243226,0.9295723688316345,-0.26546601987838747,-10.561762224197388
2026-09-11T17:39:32.105,32.41046694400001,-168.348388671875,-15151.35498046875,-60605.419921875,-115.31864624023439,-105.67691272735597,-4.814866542816162,-3.2981835818290715,-7.377826552051422,2.6384953795364194,0.0,-0.10293960571289062,-843.28125,-37.058258056640625,-0.061035171151161194,-21.97266161441803,1150.6611050250149,1,1789162772.0755262,38.99143236,-76.93658409666666,-10.545000000000002,0,1,8.608356,6.927424,64.208169,1,1,1789162772.1016197,-0.9177082742606484,0.3935976108329373,0.04363814700118575,-0.031434952305499454,174.71043203899032,3.172870210445177,-46.57480044230692,-0.1508735909252482,0.08239978651345549,-0.33800936412040705,8.239841665401459,0.4619912891197204,-12.711183806648256
2026-09-11T17:39:32.138,32.443876063999994,-168.50848388671875,-15165.763549804688,-60663.05419921875,-115.42831146240235,-105.78657794952393,-4.816314697265625,-3.2991755676269534,-7.380045561083907,-0.029692066055086938,0.0,-0.1014251708984375,-830.875,-36.5130615234375,-0.0762939527630806,-27.465822994709015,-164.42101379183399,1,1789162772.0755262,38.99143236,-76.93658409666666,-10.545000000000002,0,1,8.608356,6.927424,64.208169,1,1,1789162772.1296198,-0.9191831589602686,0.39035886281145016,0.04276334279402141,-0.029892725226285086,174.9241102394471,3.1687486701707637,-46.1604268943359,0.08660236481933263,0.19968224705604526,-0.24268925422028792,-3.9510993501663205,-0.7046078141212463,-12.922222918128968
2026-09-11T17:39:32.171,32.477290272000005,-168.6680145263672,-15180.121307373047,-60720.48522949219,-115.53758995056154,-105.89585643768311,-4.790774822235107,-3.281680753231049,-7.340910775838952,0.5235741154151868,0.0,-0.10110664367675781,-828.265625,-36.39839172363281,-0.0915527418255806,-32.958987057209015,-164.39605758419464,1,1789162772.0755262,38.99143236,-76.93658409666666,-10.545000000000002,0,1,8.608356,6.927424,64.208169,1,1,1789162772.16162,-0.9210409943206767,0.38640215403880795,0.039980224055279706,-0.02790060607654022,175.27324199984236,2.985609779011385,-45.64204206728064,-0.028913473454388463,-0.039957916961008574,-0.2589791102608518,5.543503203430176,-1.8843478285789488,-5.424450470466613
2026-09-11T17:39:32.206,32.51070512000001,-168.82847595214844,-15194.56283569336,-60778.25134277344,-115.6475060272217,-106.00577251434326,-4.76500129699707,-3.2640258884429936,-7.301417968063238,0.5283538859147788,0.0,-0.10097503662109375,-827.1875,-36.35101318359375,0.0305175818502903,10.986329466104507,1315.143391443968,1,1789162772.0755262,38.99143236,-76.93658409666666,-10.545000000000002,0,1,8.608356,6.927424,64.208169,1,1,1789162772.2016199,-0.9228167958191772,0.38201643212924297,0.041284949174587,-0.027715697879042833,175.24923346515928,3.1540744553514823,-45.10682958529676,-0.12263311643042878,-0.03006085290464953,-0.2574639899371955,-2.1817835279846194,1.79304791557312,-13.34557600561142
2026-09-11T17:39:32.239,32.54412947200001,-168.98379516601562,-15208.541564941406,-60834.166259765625,-115.75389968872071,-106.11216617584229,-4.661489963531494,-3.193120625019074,-7.142807411012594,2.121365387245969,0.0,-0.10010528564453125,-820.0625,-36.03790283203125,0.0762939527630806,27.465822994709015,493.03853455725493,1,1789162772.0755262,38.99143236,-76.93658409666666,-10.545000000000002,0,1,8.608356,6.927424,64.208169,1,1,1789162772.2296197,-0.9242316692487809,0.378872831288606,0.039765064759230875,-0.025883177812269842,175.52124777448418,3.0892462672487033,-44.70149339270591,0.03503696113501057,0.02345705061387859,-0.28228012843960204,0.8295445371818543,0.6785221246910096,-12.702848154010773
2026-09-11T17:39:32.271,32.57756345600001,-169.1371612548828,-15222.344512939453,-60889.37805175781,-115.85895545959474,-106.21722194671632,-4.6104207038879395,-3.158138182163239,-7.064553915003658,1.0463139198677793,0.0,-0.10050201416015625,-823.3125,-36.18072509765625,-0.045776382088661194,-16.47949755191803,-1314.390787129321,1,1789162772.0755262,38.99143236,-76.93658409666666,-10.545000000000002,0,1,8.608356,6.927424,64.208169,1,1,1789162772.2616198,-0.9257622972463553,0.37487797797463396,0.04133218914485755,-0.02687602588357165,175.36088956414258,3.231883704582307,-44.22091154016482,-0.13988429982299114,-0.05901446893183386,-0.25683776580157996,0.39305053848266597,3.559323676204681,0.9072132064628601
2026-09-11T17:39:32.305,32.610977632000015,-169.29234313964844,-15236.31088256836,-60945.24353027344,-115.9652550506592,-106.32352153778076,-4.611650466918945,-3.158980569839478,-7.066438282568617,-0.02521048779532734,0.0,-0.10195159912109375,-835.1875,-36.70257568359375,-0.1831054836511612,-65.91797411441803,-1479.565935203317,1,1789162772.0755262,38.99143236,-76.93658409666666,-10.545000000000002,0,1,8.608356,6.927424,64.208169,1,1,1789162772.3016198,-0.9278684829210493,0.369504538589292,0.042255641900482574,-0.027220122910876554,175.30336604505973,3.3422068787827315,-43.56490399703061,0.004518308367562921,-0.06257214807909911,-0.3479989306271218,-1.2817291761398317,2.0944062750434878,-4.47232280626297
2026-09-11T17:39:32.338,32.64439257600003,-169.44720458984375,-15250.248413085938,-61000.99365234375,-116.07133514404298,-106.42960163116456,-4.612465858459473,-3.159539113044739,-7.0676877081351455,-0.016715371579279253,0.0,-0.10429191589355469,-854.359375,-37.54508972167969,-0.045776382088661194,-16.47949755191803,1479.5319292613003,1,1789162772.0755262,38.99143236,-76.93658409666666,-10.545000000000002,0,1,8.608356,6.927424,64.208169,1,1,1789162772.32962,-0.929317486556948,0.3659889948051399,0.041700545976384625,-0.026117605676463658,175.45729601932203,3.347323047264845,-43.12438157936098,-0.049824612288382926,0.07801237783979215,-0.3327018178650923,6.327054551353454,-0.28233345815658567,-16.5330315076828
2026-09-11T17:39:32.373,32.677802464000024,-169.6026611328125,-15264.239501953125,-61056.9580078125,-116.17782287597657,-106.53608936309816,-4.691062927246094,-3.2133781051635744,-7.1881221035333995,-1.6114687998608277,0.0,-0.11171913146972656,-915.203125,-40.21888732910156,-0.1678467094898224,-60.42481541633606,-1315.338676514738,1,1789162772.0755262,38.99143236,-76.93658409666666,-10.545000000000002,0,1,8.608356,6.927424,64.208169,1,1,1789162772.3696198,-0.9319013424554095,0.35975899082533097,0.03729314464089799,-0.027250280969893022,175.54253103293502,2.8602470111116522,-42.329339448742644,-0.13532323088875434,0.005154480879914853,-0.34487461673312675,3.4566480490112306,0.36843584657669065,-6.119840033435821
2026-09-11T17:39:32.406,32.71121795200003,-169.76246643066406,-15278.621978759766,-61114.48791503906,-116.28728950500489,-106.64555599212648,-4.7447991371154785,-3.250187408924103,-7.27046217100058,-1.1015641537398912,0.0,-0.11818122863769531,-968.140625,-42.54524230957031,-0.12207034230232239,-43.94532322883606,493.16928088850915,1,1789162772.0755262,38.99143236,-76.93658409666666,-10.545000000000002,0,1,8.608356,6.927424,64.208169,1,1,1789162772.40162,-0.9341996083220012,0.35411800314987996,0.03400891389060704,-0.02673808953800442,175.74948045000295,2.5565465622575476,-41.614348961811,-0.0906155749013684,0.06658361283188288,-0.40177985526392546,1.8152109449386595,1.3343908875083923,-15.794100417995452
2026-09-11T17:39:32.439,32.74463673600002,-169.92050170898438,-15292.845153808594,-61171.380615234375,-116.3955436706543,-106.75381015777589,-4.7457170486450195,-3.2508161783218386,-7.271868688085708,-0.018814849688599054,0.0,-0.11918067932128906,-976.328125,-42.90504455566406,-0.0457763746380806,-16.479494869709015,821.8679757807519,1,1789162772.0755262,38.99143236,-76.93658409666666,-10.545000000000002,0,1,8.608356,6.927424,64.208169,1,1,1789162772.4296198,-0.9362172939884098,0.34888830174587276,0.03381034489334103,-0.02511955254565028,175.94575369239078,2.623907725921878,-40.969451461029344,-0.020681628037357208,0.10241626957287765,-0.4298035598656472,5.5998914418601995,0.2039783233642578,-9.649547626152039
2026-09-11T17:39:32.472,32.77806307200001,-170.07904052734375,-15307.113647460938,-61228.45458984375,-116.50414276123048,-106.86240924835207,-4.773233890533447,-3.2696652150154115,-7.314032782335826,-0.5638977808868461,0.0,-0.11848068237304688,-970.59375,-42.653045654296875,0.030517593026161194,10.98633348941803,821.6822914463172,1,1789162772.0755262,38.99143236,-76.93658409666666,-10.545000000000002,0,1,8.608356,6.927424,64.208169,1,1,1789162772.4696198,-0.9391090544534149,0.34131971125452176,0.030385504863080413,-0.025529583759994423,176.05800583843904,2.2719779756744742,-40.025604947164204,-0.11167349592545557,-0.024831497399824123,-0.40449314411907583,-0.15406247404098508,0.36284605598449704,-7.325861870326996
2026-09-11T17:39:32.506,32.81147283199999,-170.2418670654297,-15321.768035888672,-61287.07214355469,-116.61567893981935,-106.97394542694093,-4.8784260749816895,-3.3417218613624575,-7.475218909633263,-2.1567543839608936,0.0,-0.1182403564453125,-968.625,-42.5665283203125,0.045776382088661194,16.47949755191803,164.41794441213258,1,1789162772.0755262,38.99143236,-76.93658409666666,-10.545000000000002,0,1,8.608356,6.927424,64.208169,1,1,1789162772.5016198,-0.9414297690389245,0.33487155587464873,0.02871104726139724,-0.02732593637120368,175.9443612196697,2.049191337271402,-39.23404754242147,-0.04574333436551938,0.09658791706876779,-0.4484773611315101,0.9697796344947816,4.274816872005463,-3.4971495141792297
2026-09-11T17:39:32.540,32.84489030399999,-170.40785217285156,-15336.70669555664,-61346.82678222656,-116.72937873840333,-107.08764522552491,-4.93076753616333,-3.3775757622718814,-7.555421801789275,-1.0729088337211046,0.0,-0.11759757995605469,-963.359375,-42.33512878417969,0.0457763709127903,16.479493528604507,-0.00012039550814434121,1,1789162772.0755262,38.99143236,-76.93658409666666,-10.545000000000002,0,1,8.608356,6.927424,64.208169,1,1,1789162772.52962,-0.9432332710122088,0.3298190470477445,0.027274042735481743,-0.028044950579201755,175.93228582745232,1.8883553143425718,-38.613322650862635,-0.0026539476605825776,-0.030204842567939066,-0.4353943730585606,-3.2212884451293946,3.659645707359314,-7.290067597236634
2026-09-11T17:39:32.574,32.87831398399999,-170.5772247314453,-15351.950225830078,-61407.80090332031,-116.84539894104005,-107.20366542816163,-5.034390926361084,-3.4485577845573427,-7.714204063523038,-2.1237045796711946,0.0,-0.11636543273925781,-953.265625,-41.89155578613281,0.0,0.0,-493.04844734646935,1,1789162772.0755262,38.99143236,-76.93658409666666,-10.545000000000002,0,1,8.608356,6.927424,64.208169,1,1,1789162772.56962,-0.9458933477249446,0.32234509125133776,0.023173314964802526,-0.029024375090705108,175.9935027283072,1.439836301379946,-37.686917553915414,0.0929213293761781,0.12020257091410147,-0.44647861007212625,-2.3490849797439575,0.9381041544723511,-6.988807304267883
2026-09-11T17:39:32.606,32.91174633600002,-170.74893188476562,-15367.403869628906,-61469.615478515625,-116.96301834106447,-107.32128482818604,-5.164582252502441,-3.5377388429641727,-7.913696409637099,-2.6675077603496016,0.0,-0.11546707153320312,-945.90625,-41.568145751953125,-0.0457763709127903,-16.479493528604507,-492.92055577148113,1,1789162772.0755262,38.99143236,-76.93658409666666,-10.545000000000002,0,1,8.608356,6.927424,64.208169,1,1,1789162772.6016197,-0.9481270971028285,0.3159378199940475,0.0209582301845747,-0.02826754719290517,176.16626063738502,1.2537636487025252,-36.900488177626976,0.19033408904943844,0.005043652472413214,-0.4349931218635271,4.952946730690002,-0.8810294505310059,-10.24481129096985
2026-09-11T17:39:32.639,32.94515628800002,-170.92337036132812,-15383.103332519531,-61532.413330078125,-117.08250869750978,-107.44077518463136,-5.269927978515625,-3.6099006652832033,-8.07511780888332,-2.1598900327372994,0.0,-0.11502456665039062,-942.28125,-41.408843994140625,-0.0457763746380806,-16.479494869709015,-4.014086902747745e-05,1,1789162772.0755262,38.99143236,-76.93658409666666,-10.545000000000002,0,1,8.608356,6.927424,64.208169,1,1,1789162772.6296198,-0.9498505291552379,0.31096048710393764,0.01864217271506145,-0.027203255688582093,176.37173603619308,1.0598192136049547,-36.288220160055424,-0.05180329206136889,0.0407206258441301,-0.4295949930200339,8.22307229362488,1.889839552669525,-9.322593909759522
2026-09-11T17:39:32.672,32.978567424000005,-171.10177612304688,-15399.159851074219,-61596.639404296875,-117.20471664428712,-107.5629831314087,-5.348805904388428,-3.6639320445060735,-8.195982561976711,-1.6171667800489142,0.0,-0.11406707763671875,-934.4375,-41.06414794921875,-0.01525880303233862,-5.493169091641903,328.8222758445699,1,1789162772.0755262,38.99143236,-76.93658409666666,-10.545000000000002,0,1,8.608356,6.927424,64.208169,1,1,1789162772.6696198,-0.9522816090156899,0.30320475504689565,0.016834298688778025,-0.030711887520926597,176.06025126483985,0.7699641700864944,-35.34924638951076,-0.1049284964981983,0.05924363066262073,-0.4553623359647774,-3.419971177406311,2.176291803894043,-12.940757486934663
2026-09-11T17:39:32.707,33.011976256000025,-171.28329467773438,-15415.496520996094,-61661.986083984375,-117.32905685424805,-107.68732334136963,-5.427212238311768,-3.717640383243561,-8.31612469408455,-1.6076089920609822,0.0,-0.11275863647460938,-923.71875,-40.593109130859375,0.0915527418255806,32.958987057209015,1150.9578110610776,1,1789162772.0755262,38.99143236,-76.93658409666666,-10.545000000000002,0,1,8.608356,6.927424,64.208169,1,1,1789162772.7016199,-0.9542621649097157,0.29681868304832487,0.01477463771920687,-0.0326205471374584,175.92681318033095,0.5060990482134121,-34.57410927960493,-0.1288709231770565,0.12120404083889583,-0.4373945203813462,6.339999329566955,3.0653627075576786,-8.138048636722564
2026-09-11T17:39:32.740,33.04540297599999,-171.47006225585938,-15432.305603027344,-61729.222412109375,-117.45699264526368,-107.81525913238526,-5.532143592834473,-3.789518361091614,-8.476911151332342,-2.150315012903642,0.0,-0.11116409301757812,-910.65625,-40.019073486328125,0.0915527492761612,32.95898973941803,8.024146595583774e-05,1,1789162772.0755262,38.99143236,-76.93658409666666,-10.545000000000002,0,1,8.608356,6.927424,64.208169,1,1,1789162772.7296197,-0.9557651349688672,0.2918880613574813,0.014736215431081244,-0.03312416594698459,175.87553719852235,0.5060213995529186,-33.98327741166616,0.03907076610221986,-0.022186974517202317,-0.3680721368872337,3.188730366592407,4.396909666519165,-12.812976835327149
2026-09-11T17:39:32.774,33.078830528000026,-171.65716552734375,-15449.144897460938,-61796.57958984375,-117.58515838623048,-107.94342487335206,-5.559757709503174,-3.8084340310096745,-8.519224299860573,-0.565870630252576,0.0,-0.1093597412109375,-895.875,-39.3695068359375,0.0762939602136612,27.46582567691803,-164.3304320488172,1,1789162772.0755262,38.99143236,-76.93658409666666,-10.545000000000002,0,1,8.608356,6.927424,64.208169,1,1,1789162772.7696197,-0.9581057427631915,0.28403622418757984,0.014258289694460026,-0.03396336568193758,175.80316582072763,0.45998956427398896,-33.04240325602918,0.06190508323898687,0.06571583512779129,-0.41662492774968846,-5.7408130046844486,1.2682940654182435,-14.026255593338012
2026-09-11T17:39:32.806,33.112240352000015,-171.8428192138672,-15465.853729248047,-61863.41491699219,-117.71233116149904,-108.07059764862062,-5.53536319732666,-3.7917237901687626,-8.481844555674567,0.5001594992214691,0.0,-0.10858345031738281,-889.515625,-39.09004211425781,0.0457763746380806,16.479494869709015,-328.8353391868408,1,1789162772.0755262,38.99143236,-76.93658409666666,-10.545000000000002,0,1,8.608356,6.927424,64.208169,1,1,1789162772.8016198,-0.9600057839060234,0.27770993619115253,0.013805752130741797,-0.03279462480029495,175.94945485536476,0.47512596848541355,-32.28494047358917,-0.0439849151441351,-0.01965834149691293,-0.4158590772739133,-5.054445559864044,-1.7650008961105348,-9.94384519750595
2026-09-11T17:39:32.839,33.145647775999976,-172.0306396484375,-15482.757568359375,-61931.0302734375,-117.8409881591797,-108.19925464630128,-5.614553928375244,-3.8459694409370426,-8.603188620564241,-1.6237603584264249,0.0,-0.10506820678710938,-860.71875,-37.824554443359375,0.1525879055261612,54.93164598941803,1151.0061691603053,1,1789162772.0755262,38.99143236,-76.93658409666666,-10.545000000000002,0,1,8.608356,6.927424,64.208169,1,1,1789162772.82962,-0.9613058128299343,0.2730542959626641,0.009934120950205103,-0.03512547389943438,175.81611133617884,-0.004747910020675717,-31.713711684764256,0.0005256931707006921,0.12625380196369101,-0.3706264262475275,1.5177752455329894,0.32312912282943723,-9.178632285385133
2026-09-11T17:39:32.873,33.17905843199998,-172.21884155273438,-15499.695739746094,-61998.782958984375,-117.96990646362306,-108.32817295074464,-5.616069316864014,-3.8470074820518496,-8.605510652406597,-0.031069162928347112,0.0,-0.10218048095703125,-837.0625,-36.78497314453125,0.1983642727136612,71.41113817691803,493.2406052577819,1,1789162772.0755262,38.99143236,-76.93658409666666,-10.545000000000002,0,1,8.608356,6.927424,64.208169,1,1,1789162772.8696198,-0.963091646665659,0.26697864564928736,0.007408929057100903,-0.03349612903498932,176.0735310944522,-0.20709873645946578,-30.98071338434203,0.07121554213375063,0.003231128044217102,-0.3873597704510231,-4.252065443630218,-1.7364635441398621,-12.742957353172303
2026-09-11T17:39:32.908,33.21248617600003,-172.40835571289062,-15516.752014160156,-62067.008056640625,-118.09972366333008,-108.45799015045166,-5.615804672241211,-3.84682620048523,-8.605105137091146,0.005423087080585219,0.0,-0.09990882873535156,-818.453125,-35.96717834472656,0.0762939527630806,27.465822994709015,-1314.6359856693457,1,1789162772.0755262,38.99143236,-76.93658409666666,-10.545000000000002,0,1,8.608356,6.927424,64.208169,1,1,1789162772.90162,-0.9645071043405145,0.2620632043903149,0.0031001099644805586,-0.032238360683574704,176.34107407165664,-0.6255001386219318,-30.38139529633445,0.05753059000178829,0.12373494278721278,-0.34569945933761925,0.7949270621109008,0.23339827384948733,-6.234675906829834
2026-09-11T17:39:32.941,33.245907423999995,-172.59397888183594,-15533.458099365234,-62133.83239746094,-118.22687553405763,-108.58514202117921,-5.564204692840576,-3.811480214595795,-8.526038418476626,1.0575902458660125,0.0,-0.0948333740234375,-776.875,-34.1400146484375,0.2136230766773224,76.90430760383606,1479.2530969871218,1,1789162772.0755262,38.99143236,-76.93658409666666,-10.545000000000002,0,1,8.608356,6.927424,64.208169,1,1,1789162772.9296198,-0.9654973674140194,0.25809848018630394,0.0015631185114216067,-0.0346058478098362,176.1216647484201,-0.8505905187151607,-29.904110395438785,-0.0036259215210182193,0.17813231771582086,-0.2727333519641183,4.484090786457061,0.020103632831573487,-3.611887321071625
2026-09-11T17:39:32.974,33.279331007999986,-172.77772521972656,-15549.99526977539,-62199.98107910156,-118.3527417755127,-108.71100826263428,-5.461389064788818,-3.7410515093803407,-8.368493891777774,2.107155989479586,0.0,-0.08841514587402344,-724.296875,-31.829452514648438,0.4119873642921448,148.31545114517212,2136.5495555879406,1,1789162772.0755262,38.99143236,-76.93658409666666,-10.545000000000002,0,1,8.608356,6.927424,64.208169,1,1,1789162772.9696198,-0.9667021711097883,0.25350612402749806,0.002323274697823679,-0.03487348343447802,176.06593541966822,-0.7557219515746171,-29.362571888002858,-0.10597307605551691,-0.08964761529821234,-0.28372281759930057,-1.1737579578590394,0.07619767175674438,-7.341454444084167
2026-09-11T17:39:33.006,33.31274563200003,-172.95826721191406,-15566.244049072266,-62264.97619628906,-118.47641304016115,-108.83467952728272,-5.462513446807861,-3.7418217110633853,-8.37021678387478,-0.023049838389431195,0.0,-0.08265876770019531,-677.140625,-29.757156372070312,0.5187988877296448,186.76759958267212,1150.7580763873982,1,1789162772.0755262,38.99143236,-76.93658409666666,-10.545000000000002,0,1,8.608356,6.927424,64.208169,1,1,1789162773.0016198,-0.9675637368934997,0.2501199677597434,0.0017862435630261312,-0.03545738442814014,176.0138577343015,-0.818245389549798,-28.959421399757886,0.06527705935383991,-0.05425338526531854,-0.22825084345023963,1.81138635137558,-0.04216859569549561,-6.57771252948761
2026-09-11T17:39:33.040,33.34615353600003,-173.13510131835938,-15582.159118652344,-62328.636474609375,-118.59754440307618,-108.95581089019777,-5.306829929351807,-3.6351785016059877,-8.131662718338367,3.192155049816827,0.0,-0.07444190979003906,-609.828125,-26.799087524414062,0.16784673929214478,60.42482614517212,-3781.8228116764744,1,1789162772.0755262,38.99143236,-76.93658409666666,-10.545000000000002,0,1,8.608356,6.927424,64.208169,1,1,1789162773.02962,-0.9683366070550313,0.24727649296349596,0.002607822855209596,-0.034230844640176165,176.12451344110198,-0.6806019608504652,-28.62703612925121,0.09087911961841955,-0.11820870677662314,-0.19253983615810885,-5.443083105773925,-6.424532653961182,3.225897570705414
2026-09-11T17:39:33.075,33.37956287999998,-173.31385803222656,-15598.24722290039,-62392.98889160156,-118.7199927520752,-109.07825923919678,-5.333720684051514,-3.6535986685752873,-8.172867458337695,-0.5513477597563006,0.0,-0.06776237487792969,-555.109375,-24.394454956054688,0.10681158304214478,38.45216989517212,-657.6799667192927,1,1789162772.0755262,38.99143236,-76.93658409666666,-10.545000000000002,0,1,8.608356,6.927424,64.208169,1,1,1789162773.06962,-0.9692582698274632,0.24363311208968141,0.005894256065555962,-0.0338610515194548,176.07140737426576,-0.2906761349052576,-28.209187121496207,0.07098987106146776,-0.0750748141757605,-0.2274308877676527,-3.880687602005005,-4.732885501060486,-2.2615115937995913
2026-09-11T17:39:33.108,33.41298844800002,-173.4877166748047,-15613.894500732422,-62455.57800292969,-118.83908592224122,-109.19735240936281,-5.205346584320068,-3.565662410259247,-7.9761596507230745,2.6308081979618763,0.0,-0.06310272216796875,-516.9375,-22.71697998046875,0.4272461533546448,153.80861520767212,3451.1439061367146,1,1789162773.0869834,38.991415565,-76.936586375,-10.452000000000002,0,1,17.156164000000004,6.959044,72.50522500000001,1,1,1789162773.1016197,-0.9699730599713321,0.24125238149415384,0.0059406037039770555,-0.03023674223328765,176.47268905992067,-0.17560731502060084,-27.929064981329127,0.1657785282043546,-0.11641049404829339,-0.11723079879673072,-1.7278336919975281,-2.4788269613838194,-12.879269790420533
2026-09-11T17:39:33.140,33.44640134399998,-173.65704345703125,-15629.133911132812,-62516.53564453125,-118.95507476806641,-109.31334125518799,-5.076778411865234,-3.477593212127686,-7.779154465210455,2.6357846423030704,0.0,-0.049846649169921875,-408.34375,-17.944793701171875,0.4425049424171448,159.30177927017212,164.4025128054377,1,1789162773.0869834,38.991415565,-76.936586375,-10.452000000000002,0,1,17.156164000000004,6.959044,72.50522500000001,1,1,1789162773.1296198,-0.9702675016888627,0.24004297679931758,0.009009329416261265,-0.029650909585444647,176.45317720437217,0.1860932309812444,-27.79753144122651,-0.2721196941991171,-0.10815194509370663,-0.152961528309409,-3.874705545406342,0.33146477546691894,-11.395621687450408
2026-09-11T17:39:33.174,33.47981404799998,-173.82322692871094,-15644.090423583984,-62576.36169433594,-119.068910446167,-109.42717693328858,-5.000375747680664,-3.4252573871612553,-7.66208255896844,1.5663450933642113,0.0,-0.03753471374511719,-307.484375,-13.512496948242188,0.3204346299171448,115.35646677017212,-1315.2276601139554,1,1789162773.0869834,38.991415565,-76.936586375,-10.452000000000002,0,1,17.156164000000004,6.959044,72.50522500000001,1,1,1789162773.1696198,-0.9707561305101917,0.23829831719799932,0.009622191558012784,-0.027456520666359733,176.68106338259312,0.3206241312544195,-27.59345120639736,-0.0038999382135813296,-0.04048552999388647,-0.10743129864555816,-5.475837317314148,0.5073960793685913,-17.305697473926546
2026-09-11T17:39:33.208,33.513224992000005,-173.98617553710938,-15658.755798339844,-62635.023193359375,-119.18053024291993,-109.53879673004151,-4.872607707977295,-3.337736279964447,-7.466303417959117,2.619534102261319,0.0,-0.03456878662109375,-283.1875,-12.44476318359375,0.1678466945886612,60.42481005191803,-1644.1216602025188,1,1789162773.0869834,38.991415565,-76.936586375,-10.452000000000002,0,1,17.156164000000004,6.959044,72.50522500000001,1,1,1789162773.2016199,-0.9708442229909163,0.23788327918000265,0.005938000327831379,-0.028944435110041345,176.61607373573742,-0.12840267935134397,-27.53175305334553,0.15000633681993225,0.2895602458155208,-0.011656879541144928,1.7460740612983705,-2.843340147895813,-1.499927142238617
2026-09-11T17:39:33.242,33.54664422399998,-174.14569091796875,-15673.112182617188,-62692.44873046875,-119.2897982788086,-109.64806476593019,-4.743375778198242,-3.2492124080657963,-7.26828115619585,2.64889007319876,0.0,-0.021421432495117188,-175.484375,-7.7117156982421875,0.8392334580421448,302.1240448951721,7232.339595459881,1,1789162773.0869834,38.991415565,-76.936586375,-10.452000000000002,0,1,17.156164000000004,6.959044,72.50522500000001,1,1,1789162773.2416198,-0.970646442887357,0.2387531060579858,0.0023743430827224115,-0.028927491296527177,176.715558773395,-0.5273441326423035,-27.622674670267642,0.07727096197354495,0.15192026487766921,0.04630288692370877,-2.2324839093208313,-1.058725951461792,-14.426268853435518
2026-09-11T17:39:33.274,33.58006934399998,-174.30075073242188,-15687.067565917969,-62748.270263671875,-119.39601425170899,-109.75428073883057,-4.638926982879639,-3.1776649832725528,-7.10823412507281,2.140528584287356,0.0,-0.0038909912109375,-31.875,-1.4007568359375,0.5187988877296448,186.76759958267212,-3451.190162144109,1,1789162773.0869834,38.991415565,-76.936586375,-10.452000000000002,0,1,17.156164000000004,6.959044,72.50522500000001,1,1,1789162773.2696197,-0.9701610340374045,0.2405310320372726,-4.3473162145633714e-05,-0.03053504171673268,176.60419036553512,-0.8464958448022004,-27.82392371336586,-0.11868413446486639,0.13811488502731928,0.09583917081966223,3.870880951843262,1.2428948414993286,-6.749328907318115
2026-09-11T17:39:33.307,33.61348489599999,-174.4546356201172,-15700.917205810547,-62803.66882324219,-119.50142539978029,-109.85969188690187,-4.638455390930176,-3.1773419427871707,-7.107511504087257,0.009667369414754259,0.0,0.008987427689135075,73.62500762939453,3.235473968088627,0.24414068460464478,87.89064645767212,-2959.010017999283,1,1789162773.0869834,38.991415565,-76.936586375,-10.452000000000002,0,1,17.156164000000004,6.959044,72.50522500000001,1,1,1789162773.3016198,-0.9694799417648773,0.24301774723065303,-0.0033039773390850383,-0.032250593486804834,176.50613772409318,-1.2652631261390659,-28.10594556431385,-0.02308128122592421,0.12475351693867669,0.1588816851321738,4.219605431594848,3.4619436400985717,-9.483619105415345
2026-09-11T17:39:33.340,33.646897344000024,-174.61102294921875,-15714.992065429688,-62859.96826171875,-119.60855072021485,-109.96681720733643,-4.66544771194458,-3.1958316826820377,-7.148871874288731,-0.5533787855007588,0.0,0.02441597171127796,200.01564025878906,8.789749816060066,0.6103516221046448,219.72658395767212,3945.713211431257,1,1789162773.0869834,38.991415565,-76.936586375,-10.452000000000002,0,1,17.156164000000004,6.959044,72.50522500000001,1,1,1789162773.32962,-0.9688039576008878,0.24565680169517534,-0.005513502538138673,-0.03226807722062941,176.5696526190046,-1.5206223659863514,-28.411340060627314,-0.051622301417937076,0.14514280232632484,0.1927723140144745,-0.4659139491844177,-2.424400052986145,-2.8721716993713375
2026-09-11T17:39:33.375,33.68030796800002,-174.76951599121094,-15729.256439208984,-62917.02575683594,-119.7171184539795,-110.07538494110108,-4.718711853027344,-3.2323176193237306,-7.230488590112131,-1.0920459504645843,0.0,0.04032516852021217,330.3437805175781,14.517060667276382,-0.0457763709127903,-16.479493528604507,-7069.789462366485,1,1789162773.0869834,38.991415565,-76.936586375,-10.452000000000002,0,1,17.156164000000004,6.959044,72.50522500000001,1,1,1789162773.3696198,-0.9675536641962417,0.2502362379072085,-0.006772662143832136,-0.034290861551713035,176.38821330215572,-1.7344626425618508,-28.946402620483333,-0.022495025130179314,0.07797659859012626,0.19776901713000905,7.58956269317627,7.2408382134246825,-8.982107016143798
2026-09-11T17:39:33.409,33.71373436800002,-174.93157958984375,-15743.842163085938,-62975.36865234375,-119.82813201904298,-110.18639850616456,-4.798336505889893,-3.286860506534577,-7.352497553987503,-1.6317308238653407,0.0,0.04349136725068092,356.2812805175781,15.656892210245132,0.274658203125,98.876953125,3451.058045545367,1,1789162773.0869834,38.991415565,-76.936586375,-10.452000000000002,0,1,17.156164000000004,6.959044,72.50522500000001,1,1,1789162773.40162,-0.966384120016263,0.25469098244965327,-0.007480974342906326,-0.034325953185664046,176.4129256275134,-1.8305684312582247,-29.471866983717387,-0.028631777313116575,-0.1501143727006307,0.3114114189846394,4.329734112911225,-0.8209146850395204,-8.677022129611968
2026-09-11T17:39:33.442,33.74715155199999,-175.090087890625,-15758.10791015625,-63032.431640625,-119.93671020507813,-110.29497669219971,-4.7468581199646,-3.251597812175751,-7.2736171532206235,1.0552263876828996,0.0,0.045202258974313736,370.2969055175781,16.272813230752945,0.030517593026161194,10.98633348941803,-2630.102513594622,1,1789162773.0869834,38.991415565,-76.936586375,-10.452000000000002,0,1,17.156164000000004,6.959044,72.50522500000001,1,1,1789162773.4416199,-0.9648898095154048,0.2603578183741681,-0.006174623087132717,-0.03410771077778991,176.40905863224842,-1.700563811778516,-30.14785806750288,-0.03684791476687988,0.11689569558034782,0.29373402618874006,-3.838224806804657,2.1445182573699952,-8.657997228298187
2026-09-11T17:39:33.475,33.78056595200002,-175.25189208984375,-15772.670288085938,-63090.68115234375,-120.04754608154298,-110.40581256866456,-4.825995922088623,-3.305807206630707,-7.394880115047207,-1.6223363117372454,0.0,0.04424667730927467,362.4687805175781,15.928803831338882,0.0,0.0,-328.79038646240303,1,1789162773.0869834,38.991415565,-76.936586375,-10.452000000000002,0,1,17.156164000000004,6.959044,72.50522500000001,1,1,1789162773.4696198,-0.9636736832462208,0.2646923486921091,-0.006580526601542925,-0.03503839939499736,176.32603821422535,-1.7897386770441388,-30.659948079717996,-0.03320122382776293,0.007749785477630421,0.34003656404659843,9.871472119312287,2.278575165081024,-7.614863850593567
2026-09-11T17:39:33.508,33.81398172799999,-175.4129638671875,-15787.166748046875,-63148.6669921875,-120.15788024902345,-110.51614673614503,-4.853413105010986,-3.3245879769325257,-7.436891501728082,-0.5620330439680875,0.0,0.04286957159638405,351.1875305175781,15.433045774698257,-0.03051757998764515,-10.986328795552254,-328.7767070129444,1,1789162773.0869834,38.991415565,-76.936586375,-10.452000000000002,0,1,17.156164000000004,6.959044,72.50522500000001,1,1,1789162773.5016198,-0.9623915724518844,0.2689907309140469,-0.009033148577088822,-0.036943878825865015,176.19876953631544,-2.1354482068590963,-31.160736912689096,0.011004475466749448,0.01494665064822904,0.23465777260138562,0.4731708703041077,2.3138791056632995,-5.205467972354889
2026-09-11T17:39:33.541,33.84739209600002,-175.57615661621094,-15801.854095458984,-63207.41638183594,-120.2696672821045,-110.62793376922609,-4.881593227386475,-3.3438913607597356,-7.480071941570625,-0.577766273846198,0.0,0.0423889197409153,347.2500305175781,15.260011106729507,-0.0457763709127903,-16.479493528604507,-164.41497241355358,1,1789162773.0869834,38.991415565,-76.936586375,-10.452000000000002,0,1,17.156164000000004,6.959044,72.50522500000001,1,1,1789162773.52962,-0.9614345174728406,0.27237156038057303,-0.008633069422578042,-0.037186984550548655,176.16701517366897,-2.1122642634784383,-31.563851122438216,-0.015155042960917162,0.08757573494316986,0.26899380950879526,7.2110259969329835,6.240069564418794,-3.083701143360138
2026-09-11T17:39:33.576,33.88081152000001,-175.7374267578125,-15816.368408203125,-63265.4736328125,-120.38013732910157,-110.73840381622315,-4.805514335632324,-3.2917773199081424,-7.36349615226409,1.5593937481272213,0.0,0.041479114443063736,339.7969055175781,14.932481199502945,-0.1525879055261612,-54.93164598941803,-1150.5929144927209,1,1789162773.0869834,38.991415565,-76.936586375,-10.452000000000002,0,1,17.156164000000004,6.959044,72.50522500000001,1,1,1789162773.56962,-0.9598141915297272,0.2779673789659977,-0.0067852404166439655,-0.03801071534972862,176.02996811677482,-1.957410785739388,-32.23475592744694,-0.06999485885490579,-0.07252192107886837,0.3185330604644771,1.1016790791702271,5.646178830623627,-4.3718046421051024
2026-09-11T17:39:33.609,33.91423295999999,-175.89817810058594,-15830.836029052734,-63323.34411621094,-120.49025199890137,-110.84851848602295,-4.832082748413086,-3.309976682662964,-7.404206967302614,-0.5445415504188534,0.0,0.041646961122751236,341.1719055175781,14.992906004190445,-0.1068115308880806,-38.452151119709015,493.0815329835294,1,1789162773.0869834,38.991415565,-76.936586375,-10.452000000000002,0,1,17.156164000000004,6.959044,72.50522500000001,1,1,1789162773.6016197,-0.9585172852155043,0.28213790220652296,-0.004248495410738522,-0.04030841560204378,175.7038885129183,-1.7701239227546803,-32.737002753404525,-0.2916782028628159,-0.1756570917706425,0.2584347420671547,-1.5526869201087952,7.124237143001556,-8.163545927143097
2026-09-11T17:39:33.641,33.94764358399999,-176.0572509765625,-15845.152587890625,-63380.6103515625,-120.59921691894532,-110.9574834060669,-4.727803707122803,-3.2385455393791203,-7.244420050508046,2.1379769286514256,0.0,0.04288101568818092,351.2812805175781,15.437165647745132,0.045776382088661194,16.47949755191803,1644.1371664183787,1,1789162773.0869834,38.991415565,-76.936586375,-10.452000000000002,0,1,17.156164000000004,6.959044,72.50522500000001,1,1,1789162773.6296198,-0.9572740988370576,0.28636378713886157,-0.001966754206800721,-0.04022701814797871,175.64606262419082,-1.5359725984826536,-33.2501929519665,0.10519832440055663,-0.14384078670433706,0.2515295214145644,-3.5095058933830265,-3.438603812713623,-6.127881486568452
2026-09-11T17:39:33.675,33.98105273599998,-176.2090301513672,-15858.812713623047,-63435.25085449219,-120.70318565368653,-111.06145214080811,-4.546463966369629,-3.114327816963196,-6.9665529191195255,3.7180746885153133,0.0,0.04586220160126686,375.7031555175781,16.51039257645607,-0.0305175818502903,-10.986329466104507,-822.1048836567483,1,1789162773.0869834,38.991415565,-76.936586375,-10.452000000000002,0,1,17.156164000000004,6.959044,72.50522500000001,1,1,1789162773.6696198,-0.9556019137548382,0.2922350830537227,-0.0022465863273415077,-0.03766419401166831,175.94607283955028,-1.5074701498476335,-33.955226665410606,0.027855454861829502,-0.1337718077166566,0.27336690648259226,2.770182537689209,1.1988629822731018,-10.52194722454071
2026-09-11T17:39:33.709,34.014461471999994,-176.35865783691406,-15872.279205322266,-63489.11682128906,-120.80568061828615,-111.16394710540773,-4.520907878875732,-3.096821897029877,-6.9273932914948855,0.5239922855301254,0.0,0.0459289588034153,376.2500305175781,16.534425169229507,-0.1068115234375,-38.4521484375,-822.1148795149011,1,1789162773.0869834,38.991415565,-76.936586375,-10.452000000000002,0,1,17.156164000000004,6.959044,72.50522500000001,1,1,1789162773.7016199,-0.9540297310852617,0.2975691178306307,-0.002592821571313852,-0.03568150214303121,176.1834474074033,-1.5003287415657278,-34.596202820290834,-0.062021147634244496,-0.16381991971776655,0.29291040531472395,1.5817146045875548,-0.24408752252578733,-9.03967205259323
2026-09-11T17:39:33.743,34.04787792000002,-176.5113067626953,-15886.017608642578,-63544.07043457031,-120.91024513244629,-111.26851161956787,-4.547656536102295,-3.115144727230072,-6.968380295342852,-0.5483177086978626,0.0,0.0449981726706028,368.6250305175781,16.199342161417007,-0.030517593026161194,-10.98633348941803,821.9250277007624,1,1789162773.0869834,38.991415565,-76.936586375,-10.452000000000002,0,1,17.156164000000004,6.959044,72.50522500000001,1,1,1789162773.7416198,-0.9522410482909909,0.3033224421095162,0.0015979569813673658,-0.03507033783526481,176.11400118973364,-1.0446722741684238,-35.30159158997543,-0.017761168599995096,-0.11177455048914606,0.2875520699781762,-2.025465524406433,-2.0214447978401187,-8.184532158489228
2026-09-11T17:39:33.776,34.08129155199998,-176.66165161132812,-15899.548645019531,-63598.194580078125,-121.01323135375978,-111.37149784088136,-4.496359348297119,-3.080006153583527,-6.889777544701869,1.0516238895126466,0.0,0.0440673865377903,361.0000305175781,15.864259153604507,-0.0762939527630806,-27.465822994709015,-493.1965942914934,1,1789162773.0869834,38.991415565,-76.936586375,-10.452000000000002,0,1,17.156164000000004,6.959044,72.50522500000001,1,1,1789162773.7696197,-0.9508123526604693,0.30762501947485704,0.0007550123426300832,-0.036361344553244176,176.00752755801471,-1.199607360231755,-35.815035764640356,-0.13254868097685896,-0.12366303522203063,0.30050188942919853,3.081249480819702,0.726574710483551,-8.157956136550903
2026-09-11T17:39:33.808,34.11470320000001,-176.80931091308594,-15912.837982177734,-63651.35192871094,-121.11437797546388,-111.47264446258546,-4.4452056884765625,-3.0449658966064455,-6.811394722186923,1.0487437487984403,0.0,0.042936328798532486,351.7344055175781,15.457078367471695,0.0,0.0,822.0433483163569,1,1789162773.0869834,38.991415565,-76.936586375,-10.452000000000002,0,1,17.156164000000004,6.959044,72.50522500000001,1,1,1789162773.8016198,-0.949425321409605,0.3121063505328138,1.4100093055583113e-05,-0.03436836953571997,176.2568293434906,-1.2277361744540685,-36.354563009256275,0.028820796471107565,-0.06902812098222613,0.2699806186678729,-1.1193310494613649,-1.9253396262550355,-9.946689126052856
2026-09-11T17:39:33.842,34.1481096,-176.9514617919922,-15925.631561279297,-63702.52624511719,-121.21175132751466,-111.57001781463624,-4.264194011688232,-2.9209728980064393,-6.534030283657919,3.7116540124061204,0.0,0.04085731878876686,334.7031555175781,14.70863476395607,-0.030517593026161194,-10.98633348941803,-328.8691235637893,1,1789162773.0869834,38.991415565,-76.936586375,-10.452000000000002,0,1,17.156164000000004,6.959044,72.50522500000001,1,1,1789162773.8376198,-0.9480358759322788,0.3165833255345901,0.001023104126906183,-0.03165326518262877,176.5214650003523,-1.037219871582183,-36.90054642089784,0.13061747415952724,-0.10007717930935485,0.2507600057473601,-0.20652805240631103,-4.057697637424469,-11.47417295524597
2026-09-11T17:39:33.876,34.18151532799999,-177.0921173095703,-15938.290557861328,-63753.16223144531,-121.30810035705568,-111.66636684417726,-4.212647914886475,-2.8856638216972352,-6.455046129422942,1.0569767049894414,0.0,0.034482959657907486,282.4844055175781,12.413865476846695,-0.2136230766773224,-76.90430760383606,-1973.2536322643716,1,1789162773.0869834,38.991415565,-76.936586375,-10.452000000000002,0,1,17.156164000000004,6.959044,72.50522500000001,1,1,1789162773.8696198,-0.9469677856844354,0.3198397164507356,-0.00013503419171991742,-0.030895799429649193,176.6497265756167,-1.1470896338489556,-37.2913925157581,0.07570173644307686,-0.10842369285824215,0.16553610197125257,-4.529691709709168,0.3218542583084107,-12.491907109031677
2026-09-11T17:39:33.910,34.21492995199998,-177.23089599609375,-15950.780639648438,-63803.12255859375,-121.40316375732422,-111.7614302444458,-4.110101699829102,-2.815419664382935,-6.297914424621805,2.1021980470085584,0.0,0.022687915712594986,185.85940551757812,8.167649656534195,-0.3967285752296448,-142.82228708267212,-1972.7284520352339,1,1789162773.0869834,38.991415565,-76.936586375,-10.452000000000002,0,1,17.156164000000004,6.959044,72.50522500000001,1,1,1789162773.90162,-0.9461507145892436,0.32219666285672144,-0.0014968770064906292,-0.0313989663123383,176.6481597176821,-1.321691742835092,-37.57225500246966,0.008829620685839314,-0.01374918024843573,0.12363441182229792,4.5892180761909485,0.717944858341217,-8.56552051727295
2026-09-11T17:39:33.942,34.24834556799999,-177.37130737304688,-15963.417663574219,-63853.670654296875,-121.49934555053711,-111.8576120376587,-4.190739154815674,-2.870656321048737,-6.4214753065692864,-1.653019255002806,0.0,0.0037460364401340485,30.687530517578125,1.3485731184482574,-0.4119873642921448,-148.31545114517212,-164.38913059384555,1,1789162773.0869834,38.991415565,-76.936586375,-10.452000000000002,0,1,17.156164000000004,6.959044,72.50522500000001,1,1,1789162773.9416199,-0.9454576956353431,0.32443348876305156,-0.0005251589127699654,-0.029195570572570436,176.8542277607533,-1.1423858109606488,-37.84791076327686,0.1236698420061134,0.07508249362446927,0.06800553257348266,-2.5483561110305786,-0.8901496351814271,-9.874904446868896
2026-09-11T17:39:33.975,34.28175459200003,-177.5061798095703,-15975.556182861328,-63902.22473144531,-121.59173316955567,-111.94999965667725,-4.114310264587402,-2.8183025312423706,-6.304363214124838,1.5670553502643207,0.0,-0.00148773193359375,-12.1875,-0.53558349609375,-0.2593994736671448,-93.38381052017212,1644.215665352574,1,1789162773.0869834,38.991415565,-76.936586375,-10.452000000000002,0,1,17.156164000000004,6.959044,72.50522500000001,1,1,1789162773.9696198,-0.9452007490789658,0.32509571007720756,-0.0038846269478524107,-0.0298870022490436,176.9049789557009,-1.5343223914975024,-37.91919747345199,-0.04512967660051818,0.02402969314145793,0.05210436135733792,3.546967297000885,1.0769663207626343,-10.027201723880767
2026-09-11T17:39:34.008,34.31516115200003,-177.6405487060547,-15987.649383544922,-63950.59753417969,-121.68377586364747,-112.04204235076905,-4.063411235809326,-2.783436696529389,-6.2263705631025985,1.0436822801563093,0.0,-0.013484954833984375,-110.46875,-4.854583740234375,-0.3204346299171448,-115.35646677017212,-657.7347757445834,1,1789162773.0869834,38.991415565,-76.936586375,-10.452000000000002,0,1,17.156164000000004,6.959044,72.50522500000001,1,1,1789162774.0016198,-0.9450521211580101,0.325605352689306,-0.005368942504597473,-0.0287891828852544,177.08011710734706,-1.6558312824802428,-37.9792378020657,0.0851055704528223,-0.014839836498006987,0.007831815952474156,3.4459588003349304,1.126882170085907,-9.147643270874022
2026-09-11T17:39:34.043,34.348570752,-177.77459716796875,-15999.713745117188,-63998.85498046875,-121.77559906005861,-112.13386554718018,-4.038052558898926,-2.7660660028457644,-6.187513427983539,0.5199312079055067,0.0,-0.03208732604980469,-262.859375,-11.551437377929688,-0.4730225205421448,-170.28810739517212,-1644.187318167493,1,1789162773.0869834,38.991415565,-76.936586375,-10.452000000000002,0,1,17.156164000000004,6.959044,72.50522500000001,1,1,1789162774.0416198,-0.944949833193413,0.3259350134950486,-0.004921797380295983,-0.02849483525607061,177.09594073112825,-1.5974203151117632,-38.02049816389643,0.15065158504439455,0.07875972782549612,0.0027986354555729074,2.6121974035835267,0.4794471264076233,-7.745488430747986
2026-09-11T17:39:34.076,34.38218259199999,-177.90687561035156,-16011.61880493164,-64046.47521972656,-121.86620979309083,-112.22447628021241,-3.935045003890991,-2.695505827665329,-6.029674811348707,2.0992654725374322,0.0,-0.03458404541015625,-283.3125,-12.45025634765625,0.0610351599752903,21.972657591104507,5720.030947021148,1,1789162774.0714095,38.99140069833334,-76.936587965,-10.360000000000003,0,1,17.156164000000004,6.959044,72.522256,1,1,1789162774.06962,-0.9449574708735922,0.32602738065095793,-0.007220659915093572,-0.026634327032050452,177.38352081137054,-1.7772260780563984,-38.030126852134536,0.02104081679741764,-0.00716248218433433,-0.029550867697216793,3.0174081882667543,-0.3867742823791504,-9.383199007759094
2026-09-11T17:39:34.109,34.415586975999986,-178.03732299804688,-16023.359069824219,-64093.436279296875,-121.95556625366211,-112.3138327407837,-3.908477783203125,-2.6773072814941408,-5.988965822955748,0.5447951433917092,0.0,-0.03452491760253906,-282.828125,-12.428970336914062,-0.015258795581758022,-5.493166409432888,-822.2221370866375,1,1789162774.0714095,38.99140069833334,-76.936587965,-10.360000000000003,0,1,17.156164000000004,6.959044,72.522256,1,1,1789162774.1016197,-0.9451178633319802,0.3257506611055525,-0.008561558577327395,-0.02377879128162212,177.74256852133053,-1.8151633551687685,-37.998968942614624,0.08604228866236766,-0.07028179098393365,-0.04053021042273752,2.243075091495514,-2.158149501094818,-9.713879251213074
2026-09-11T17:39:34.142,34.44899270399998,-178.16676330566406,-16035.008697509766,-64140.03479003906,-122.0442328643799,-112.40249935150148,-3.882434129714966,-2.659467378854752,-5.949059097294982,0.5340372357517162,0.0,-0.03518867492675781,-288.265625,-12.667922973632812,0.0,0.0,164.43785956211923,1,1789162774.0714095,38.99140069833334,-76.936587965,-10.360000000000003,0,1,17.156164000000004,6.959044,72.522256,1,1,1789162774.14162,-0.9453305576839506,0.3252566468423022,-0.007071788555805884,-0.02254418329580839,177.82005321326693,-1.6065347265138283,-37.942687817005904,0.0529108780046845,0.0112961199847577,-0.05733738205359252,-0.22457228870391846,1.1716985613250732,-7.198081218719483
2026-09-11T17:39:34.176,34.482400384000016,-178.29518127441406,-16046.566314697266,-64186.26525878906,-122.13219917297364,-112.49046566009523,-3.857349157333374,-2.6422841727733615,-5.910621359997671,0.5143489784795093,0.0,-0.035297393798828125,-289.15625,-12.707061767578125,-0.015258789993822575,-5.493164397776127,-164.428191295227,1,1789162774.0714095,38.99140069833334,-76.936587965,-10.360000000000003,0,1,17.156164000000004,6.959044,72.522256,1,1,1789162774.1696198,-0.9454482647646555,0.32491923187094623,-0.008170644417054054,-0.022097782325516298,177.9087417728654,-1.7082306269046246,-37.90111414282695,0.032596292709021694,-0.026804417586278512,-0.028989918875625815,1.722832300415039,1.0987370841217041,-10.210684148406981
2026-09-11T17:39:34.210,34.51582265600001,-178.42501831054688,-16058.251647949219,-64233.006591796875,-122.22113754272462,-112.5794040298462,-3.885113477706909,-2.661302732229233,-5.953164665867104,-0.5690384979176112,0.0,-0.03500175476074219,-286.734375,-12.600631713867188,0.0915527418255806,32.958987057209015,1150.4948393391714,1,1789162774.0714095,38.99140069833334,-76.936587965,-10.360000000000003,0,1,17.156164000000004,6.959044,72.522256,1,1,1789162774.2016199,-0.9454911791863215,0.3248039616247157,-0.008470204672723351,-0.021841983118565354,177.9474074532575,-1.730924292349531,-37.88719010311048,-0.009793915097566181,-0.01071736880479638,-0.05921238926901002,-3.856170976600647,0.8443525789260864,-6.866910642757416
2026-09-11T17:39:34.243,34.54922476799999,-178.5531463623047,-16069.783172607422,-64279.13269042969,-122.30890525817873,-112.66717174530031,-3.886353015899658,-2.6621518158912663,-5.955064011925696,-0.025420059127818265,0.0,-0.03494834899902344,-286.296875,-12.581405639648438,-0.0762939527630806,-27.465822994709015,-1809.0116592615832,1,1789162774.0714095,38.99140069833334,-76.936587965,-10.360000000000003,0,1,17.156164000000004,6.959044,72.522256,1,1,1789162774.2416198,-0.9455083444013732,0.3245100841516709,-0.010204163460233577,-0.024557096720228586,177.71673706536745,-2.019194302848617,-37.8454585876635,-0.037611321781702206,0.0495561806494262,-0.04342623525057171,1.9677043549537658,2.8903140021705624,-11.019536653747558
2026-09-11T17:39:34.276,34.582629183999984,-178.68356323242188,-16081.520690917969,-64326.082763671875,-122.39824081420899,-112.75650730133057,-3.9130911827087402,-2.680467460155487,-5.99603494129269,-0.548300088953,0.0,-0.034149169921875,-279.75,-12.293701171875,0.0,0.0,822.2213193223353,1,1789162774.0714095,38.99140069833334,-76.936587965,-10.360000000000003,0,1,17.156164000000004,6.959044,72.522256,1,1,1789162774.2696197,-0.945274729440792,0.3250701663024878,-0.012857018836032205,-0.024895178797518226,177.77989356965094,-2.32066604260235,-37.91015084324873,0.04569359248183755,0.10442968139797833,-0.0011595967550250324,0.36314025548934936,-1.1176639189338684,-12.47994299583435
2026-09-11T17:39:34.310,34.61603404800002,-178.8140411376953,-16093.263702392578,-64373.05480957031,-122.4876181793213,-112.84588466644288,-3.9133613109588623,-2.680652498006821,-5.996448859177742,-0.005539248755317201,0.0,-0.03433418273925781,-281.265625,-12.360305786132812,0.0,0.0,0.0,1,1789162774.0714095,38.99140069833334,-76.936587965,-10.360000000000003,0,1,17.156164000000004,6.959044,72.522256,1,1,1789162774.3016198,-0.945401918670128,0.32457921935406986,-0.013163836050878161,-0.026272722713280103,177.6406160727383,-2.4039991866650454,-37.847646732562374,0.08566145781958248,0.1691632452227472,-0.017760295935369097,-3.040257683143616,2.5492387095451354,-10.444376621761322
2026-09-11T17:39:34.344,34.649456896000004,-178.94802856445312,-16105.322570800781,-64421.290283203125,-122.5793995666504,-112.93766605377198,-3.992112159729004,-2.734596829414368,-6.117118891853894,-1.6139956537386921,0.0,-0.03357505798339844,-275.046875,-12.087020874023438,0.0762939527630806,27.465822994709015,821.7678815019024,1,1789162774.0714095,38.99140069833334,-76.936587965,-10.360000000000003,0,1,17.156164000000004,6.959044,72.522256,1,1,1789162774.3416197,-0.9451746603130787,0.32472630488696447,-0.017789973010935947,-0.02968510193320696,177.44238558039308,-3.0328401193476657,-37.85385228328487,0.05726669621888675,0.14645930418110417,0.0018847810592286765,-0.4119773732948303,1.9807471996688841,-10.025338460350037
2026-09-11T17:39:34.377,34.68288076800002,-179.0848846435547,-16117.639617919922,-64470.55847167969,-122.67314598083497,-113.03141246795656,-4.070989608764648,-2.788627882003784,-6.237982914289059,-1.6165407942381067,0.0,-0.03254127502441406,-266.578125,-11.714859008789062,0.0610351637005806,21.972658932209015,-164.34852498530492,1,1789162774.0714095,38.99140069833334,-76.936587965,-10.360000000000003,0,1,17.156164000000004,6.959044,72.522256,1,1,1789162774.3696198,-0.9449667428609186,0.3249600840375542,-0.02173862040518808,-0.031084257301910792,177.43786191009053,-3.513678787094935,-37.87607170216562,0.06375391051562447,0.19863417684022266,0.002780134965501767,0.1286632501220703,-0.4854291830062866,-6.463268922100068
2026-09-11T17:39:34.410,34.71629516799999,-179.2205810546875,-16129.852294921875,-64519.4091796875,-122.76609802246095,-113.12436450958253,-4.098072052001953,-2.8071793556213382,-6.279481378895256,-0.5551939767756088,0.0,-0.027826309204101562,-227.953125,-10.017471313476562,0.3356933891773224,120.84962010383606,2959.1122741008926,1,1789162774.0714095,38.99140069833334,-76.936587965,-10.360000000000003,0,1,17.156164000000004,6.959044,72.522256,1,1,1789162774.40162,-0.9447771967395986,0.32527375309764056,-0.024208580740219626,-0.031732927460053746,177.4603918595997,-3.806506314279055,-37.91135194228969,-0.0077239546047009056,0.16320940354541894,0.02450930961990597,5.899386537799836,2.921499149684906,-10.597262297782898
2026-09-11T17:39:34.443,34.74969443200001,-179.36175537109375,-16142.557983398438,-64570.23193359375,-122.86280242919923,-113.2210689163208,-4.282634735107422,-2.933604793548584,-6.562287029233583,-3.7852761643835136,0.0,-0.011106491088867188,-90.984375,-3.9983367919921875,0.7324219346046448,263.6718964576721,4276.210288757576,1,1789162774.0714095,38.99140069833334,-76.936587965,-10.360000000000003,0,1,17.156164000000004,6.959044,72.522256,1,1,1789162774.4416199,-0.9444065591881202,0.32645884007095827,-0.02398671242943986,-0.030749216718599082,177.56367185321702,-3.7488513461683386,-38.058351208774596,-0.023590568301656154,0.0250547250111542,0.06907856099760877,-0.25860136476516726,1.6045640994644164,-9.106847606201173
2026-09-11T17:39:34.477,34.78310227200001,-179.5089874267578,-16155.808868408203,-64623.23547363281,-122.96365638732911,-113.32192287445069,-4.387545585632324,-3.0054687261581425,-6.723042068177656,-2.1511098176227073,0.0,0.01699257083237171,139.20314025878906,6.117325499653816,0.9155274629592896,329.58988666534424,1973.1293674682765,1,1789162774.0714095,38.99140069833334,-76.936587965,-10.360000000000003,0,1,17.156164000000004,6.959044,72.522256,1,1,1789162774.4696198,-0.9438629092933323,0.3281702632918608,-0.021893886540177425,-0.03078545896106393,177.48805207701196,-3.5279475511667537,-38.266576478518395,0.030236433027400166,-0.09002460641664312,0.1509130353663433,0.750404870376587,1.6742893821144103,-8.286030987663269
2026-09-11T17:39:34.511,34.816518304,-179.6588897705078,-16169.300079345703,-64677.20031738281,-123.06633949279787,-113.42460597991945,-4.441006183624268,-3.0420892357826235,-6.804959815190185,-1.0958964135685172,0.0,0.0557251013815403,456.5000305175781,20.061036497354507,0.42724621295928955,153.80863666534424,-5260.386691036428,1,1789162774.0714095,38.99140069833334,-76.936587965,-10.360000000000003,0,1,17.156164000000004,6.959044,72.522256,1,1,1789162774.5016198,-0.9426718793054719,0.3318904582066412,-0.017837619243422233,-0.03000451728993671,177.43270148206284,-3.069454740092025,-38.7229075654114,0.03800297366584973,-0.20213949610992807,0.2720182905695762,-5.501628807239532,1.4653096671676635,-8.754690798892975
2026-09-11T17:39:34.545,34.84992841600001,-179.81134033203125,-16183.020629882812,-64732.08251953125,-123.17076812744142,-113.529034614563,-4.54587459564209,-3.1139240980148317,-6.9656498255521395,-2.150093427767642,0.0,0.08283425122499466,678.5781860351562,29.820330440998077,0.5187989473342896,186.76762104034424,986.4972728911358,1,1789162774.0714095,38.99140069833334,-76.936587965,-10.360000000000003,0,1,17.156164000000004,6.959044,72.522256,1,1,1789162774.5416198,-0.9401253132024249,0.3396903661494783,-0.010145152197371384,-0.025921545250391646,177.60005072787226,-2.1024263006731165,-39.688021650329894,-0.03664824910045173,-0.2416500851836505,0.43086122939235577,-1.1847414060401917,-0.6967624939918519,-9.830284188632966
2026-09-11T17:39:34.578,34.883347168,-179.96408081054688,-16196.767272949219,-64787.069091796875,-123.27539535522462,-113.6336618423462,-4.545731067657471,-3.113825781345368,-6.965429897426102,0.0029419611320000596,0.0,0.0834503248333931,683.6250610351562,30.042116940021515,0.0915527418255806,32.958987057209015,-4602.464926972359,1,1789162774.0714095,38.99140069833334,-76.936587965,-10.360000000000003,0,1,17.156164000000004,6.959044,72.522256,1,1,1789162774.56962,-0.9379690734632967,0.3456194143325068,-0.009078770278305828,-0.02605405137581475,177.55694880214392,-2.008100088539839,-40.41247454972864,-0.07317886300931906,-0.11642794734081333,0.439541973493,1.990259650325775,-0.21054877897262572,-9.807728893260956
2026-09-11T17:39:34.610,34.91676492800002,-180.11582946777344,-16210.42465209961,-64841.69860839844,-123.37934318542482,-113.7376096725464,-4.546462535858154,-3.114326837062836,-6.966550727144847,-0.014993695492096878,0.0,0.08275032788515091,677.8906860351562,29.790118038654327,-0.1068115308880806,-38.452151119709015,-2136.921749898099,1,1789162774.0714095,38.99140069833334,-76.936587965,-10.360000000000003,0,1,17.156164000000004,6.959044,72.522256,1,1,1789162774.6016197,-0.9356486115870679,0.35198220795200597,-0.008310623732490521,-0.024518043429283636,177.70459100987054,-1.8802966538558805,-41.193982278087155,-0.03508129249801122,-0.08944166644647701,0.38309994534568054,-2.3261374183654784,-0.14964948146820067,-9.780858671817779
2026-09-11T17:39:34.644,34.95016611199998,-180.2642822265625,-16223.785400390625,-64895.1416015625,-123.48103332519533,-113.83929981231691,-4.46952486038208,-3.0616245293617252,-6.848659022373215,1.5778574705968504,0.0,0.08146286755800247,667.3438110351562,29.32663232088089,0.015258791856467724,5.493165068328381,1315.6813898601636,1,1789162774.0714095,38.99140069833334,-76.936587965,-10.360000000000003,0,1,17.156164000000004,6.959044,72.522256,1,1,1789162774.64162,-0.9329147503067517,0.3593881287055232,-0.0062326738176906316,-0.021711641640269497,177.9344010644011,-1.5606388975377248,-42.108374220327974,-0.009472599982274024,-0.09397254118465428,0.3808828535968722,-2.042332962684631,0.8425873818969726,-11.014142996158599
2026-09-11T17:39:34.678,34.983580768000024,-180.41159057617188,-16237.043151855469,-64948.172607421875,-123.58193954467774,-113.94020603179932,-4.393255710601807,-3.009380161762238,-6.73179170043449,1.5635165479307258,0.0,0.08121681958436966,665.3281860351562,29.238055050373077,0.015258791856467724,5.493165068328381,0.0,1,1789162774.0714095,38.99140069833334,-76.936587965,-10.360000000000003,0,1,17.156164000000004,6.959044,72.522256,1,1,1789162774.6695764,-0.9310345966040167,0.3643033807686859,-0.0034064611855548076,-0.021119249728458928,177.88804419559096,-1.2451750986364458,-42.716743892227264,0.059230715226155965,-0.13498760407359583,0.33736760655444875,-4.381120959758758,-2.6330855684280396,-3.2502180631065367
2026-09-11T17:39:34.712,35.01699843199998,-180.5609130859375,-16250.482177734375,-65001.9287109375,-123.6842254638672,-114.04249195098878,-4.44605827331543,-3.0455499172210696,-6.812701139095084,-1.0823543937385862,0.0,0.0803527906537056,658.2500610351562,28.927004635334015,0.0,0.0,-164.3790861125331,1,1789162774.0714095,38.99140069833334,-76.936587965,-10.360000000000003,0,1,17.156164000000004,6.959044,72.522256,1,1,1789162774.7095764,-0.9281030964355874,0.3715873134906443,-0.00287143847299211,-0.023222094663840863,177.65127687342238,-1.2943102079014108,-43.61311626137787,-0.047652375501350784,-0.04003750397489952,0.38032085757773,1.2318133268165588,1.924064761734009,-10.478307631320952
2026-09-11T17:39:34.744,35.050398943999994,-180.7041015625,-16263.369140625,-65053.4765625,-123.7823095703125,-114.14057605743409,-4.3430328369140625,-2.9749774932861333,-6.654835122776776,2.1129144348118443,0.0,0.07905770093202591,647.6406860351562,28.460772335529327,-0.030517593026161194,-10.98633348941803,-328.9270981658407,1,1789162774.0714095,38.99140069833334,-76.936587965,-10.360000000000003,0,1,17.156164000000004,6.959044,72.522256,1,1,1789162774.7415764,-0.9258157540991664,0.37710028621526737,-0.004169126531495923,-0.025361032749472406,177.48787946497598,-1.5384041448970347,-44.29005106362954,-0.08428980356044014,0.012931493493876386,0.3571554514818596,1.9879060542869569,0.594773332309723,-3.6074743284988404
2026-09-11T17:39:34.777,35.08380508800002,-180.84683227539062,-16276.214904785156,-65104.859619140625,-123.88008010864259,-114.23834659576417,-4.266079425811768,-2.922264406681061,-6.536919306283683,1.577945859451243,0.0,0.07992363721132278,654.7344360351562,28.772509396076202,-0.015258789993822575,-5.493164397776127,164.43589214120937,1,1789162774.0714095,38.99140069833334,-76.936587965,-10.360000000000003,0,1,17.156164000000004,6.959044,72.522256,1,1,1789162774.7695765,-0.9236831354766599,0.3823803650559467,-0.0025946446037308788,-0.024248494284543835,177.5456590450093,-1.3372648195365275,-44.94787266628329,-0.07391504288781024,-0.014253580402262092,0.38650630444679784,-0.8257199436187744,-0.8246412121009826,-11.785239898376464
2026-09-11T17:39:34.811,35.11721020800002,-180.98635864257812,-16288.772277832031,-65155.089111328125,-123.97565567016602,-114.3339221572876,-4.2161712646484375,-2.8880773162841797,-6.4604449630551555,1.0234086989324904,0.0,0.08617592602968216,705.9531860351562,31.023333370685577,0.3204346001148224,115.35645604133606,3617.6975397520137,1,1789162774.0714095,38.99140069833334,-76.936587965,-10.360000000000003,0,1,17.156164000000004,6.959044,72.522256,1,1,1789162774.8015764,-0.9212866439720518,0.3882615994424342,-0.002353154494170076,-0.021870361246284373,177.79475926889293,-1.2215642200967252,-45.680920802292185,0.017191144066293747,-0.008025372966520327,0.41292517880131085,-3.6842603992652894,-0.7461880108070374,-8.166782121696471
2026-09-11T17:39:34.845,35.15061971199998,-181.1261444091797,-16301.352996826172,-65205.41198730469,-124.07140892028809,-114.42967540740968,-4.139886379241943,-2.8358221697807315,-6.343553529394972,1.5640802839667098,0.0,0.10592461377382278,867.7344360351562,38.1328609585762,0.8850098252296448,318.6035370826721,6083.510878867417,1,1789162774.0714095,38.99140069833334,-76.936587965,-10.360000000000003,0,1,17.156164000000004,6.959044,72.522256,1,1,1789162774.8415763,-0.9177089588770556,0.3965784705876652,-0.0049726491796008646,-0.022606552662352664,177.84734191449033,-1.5504659707873225,-46.71304717255583,0.024325526449670967,0.07338830251955837,0.46090218554353257,-2.8720736328697205,-2.0002624334907533,-5.2470481690406805
2026-09-11T17:39:34.878,35.184037983999985,-181.2623748779297,-16313.613739013672,-65254.45495605469,-124.16472679138185,-114.52299327850342,-4.11533260345459,-2.8190028333663943,-6.305929745361469,0.5032976095931673,0.0,0.11372185498476028,931.6094360351562,40.9398677945137,0.2288818508386612,82.39746630191803,-7068.171292061813,1,1789162774.0714095,38.99140069833334,-76.936587965,-10.360000000000003,0,1,17.156164000000004,6.959044,72.522256,1,1,1789162774.8695765,-0.9150406545492259,0.4026997433524704,-0.006295603518961616,-0.022223469628099058,177.95893918839425,-1.6858986977573114,-47.47754294798003,-0.013645158625016867,0.13187341308926234,0.4773421398997679,-2.7845983134269714,0.9136855955696106,-8.755965663414
2026-09-11T17:39:34.911,35.21745372800001,-181.39895629882812,-16325.906066894531,-65303.624267578125,-124.25828506469728,-114.61655155181886,-4.142542839050293,-2.837641844749451,-6.347624026372244,-0.5577913028973163,0.0,0.12918855249881744,1058.3126220703125,46.50787889957428,0.4577637314796448,164.79494333267212,2465.8279950521196,1,1789162774.0714095,38.99140069833334,-76.936587965,-10.360000000000003,0,1,17.156164000000004,6.959044,72.522256,1,1,1789162774.9015765,-0.9116660715026076,0.41032529973031445,-0.004244459214842056,-0.021911344965652425,177.90935682957658,-1.4738453518376238,-48.436495551941164,0.03927863481613239,0.007309787973202651,0.5519577579493287,-2.7660637446212766,1.7764746767997743,-8.548358879489898
2026-09-11T17:39:34.945,35.251088960000004,-181.5369415283203,-16338.324737548828,-65353.29895019531,-124.35280494689943,-114.71107143402101,-4.064874649047852,-2.7844391345977786,-6.228612953198317,1.581755409080598,0.0,0.14769364893436432,1209.9063720703125,53.169713616371155,0.5798340439796448,208.74025583267212,1306.5262192931214,1,1789162774.0714095,38.99140069833334,-76.936587965,-10.360000000000003,0,1,17.156164000000004,6.959044,72.522256,1,1,1789162774.9415765,-0.9067413167730992,0.4210714628160779,-0.005555893398881792,-0.02209388392869862,177.97115743651727,-1.6435671451980376,-49.789210056786985,-0.019839681206195142,0.02955732541544917,0.5965751804143866,-0.8140500299263,1.9365192074394226,-11.029049104404448
2026-09-11T17:39:34.979,35.284505728,-181.6756591796875,-16350.809326171875,-65403.2373046875,-124.44782653808595,-114.80609302520753,-4.144357204437256,-2.8388846850395204,-6.350404180922327,-1.6292883393675264,0.0,0.15763284265995026,1291.3282470703125,56.74782335758209,0.2746582627296448,98.87697458267212,-3287.66926981138,1,1789162774.0714095,38.99140069833334,-76.936587965,-10.360000000000003,0,1,17.156164000000004,6.959044,72.522256,1,1,1789162774.9695764,-0.9029923622397564,0.42905732791751955,-0.006082238858363394,-0.02185427801168963,178.0364108252079,-1.704107779090034,-50.80030652402816,0.0076653115418338965,0.0362295446128983,0.6413222808428676,-4.733768099575043,-2.500009325733185,-10.441924959220886
2026-09-11T17:39:35.013,35.31792163199998,-181.81448364257812,-16363.303527832031,-65453.214111328125,-124.54292129516602,-114.90118778228761,-4.144362926483154,-2.8388886046409607,-6.35041294882104,-0.00011729748326747771,0.0,0.1725769191980362,1413.7501220703125,62.12769091129303,0.6866455674171448,247.19240427017212,4438.4682721014215,1,1789162774.0714095,38.99140069833334,-76.936587965,-10.360000000000003,0,1,17.156164000000004,6.959044,72.522256,1,1,1789162775.0095766,-0.8974124314360713,0.44059401941957493,-0.006063485702696127,-0.022160146588751702,178.02597372219353,-1.7426419701306721,-52.26840052417219,-0.021227567027381034,0.0602656954725886,0.657732390068894,-3.1451888398742676,2.0587100684547424,-10.854000399017334
2026-09-11T17:39:35.046,35.351331200000004,-181.95521545410156,-16375.96939086914,-65503.87756347656,-124.63932258605958,-114.99758907318116,-4.1965131759643555,-2.8746115255355837,-6.43032284702841,-1.0692422270948472,0.0,0.1797657161951065,1472.6407470703125,64.71565783023834,-0.01525880303233862,-5.493169091641903,-7563.269700512979,1,1789162774.0714095,38.99140069833334,-76.936587965,-10.360000000000003,0,1,17.156164000000004,6.959044,72.522256,1,1,1789162775.0415764,-0.8925964384733514,0.45024914742673877,-0.00563622101423725,-0.02270542399652999,177.96702478551774,-1.7482473070471498,-53.50413831254505,0.03683587199504112,0.09218916375496648,0.6996079002790687,-4.90224634935379,1.2570164177322387,-8.168449252223969
2026-09-11T17:39:35.078,35.38473619199999,-182.0985870361328,-16388.872833251953,-65555.49133300781,-124.73753211975098,-115.09579860687256,-4.27558708190918,-2.9287771511077882,-6.551487900652704,-1.6214829679416036,0.0,0.18648339807987213,1527.6719970703125,67.13402330875397,0.3051758408546448,109.86330270767212,3453.2704512953874,1,1789162774.0714095,38.99140069833334,-76.936587965,-10.360000000000003,0,1,17.156164000000004,6.959044,72.522256,1,1,1789162775.0695765,-0.8879070800597759,0.4594032526176719,-0.006339212516966334,-0.023010498662364622,177.99101238401673,-1.8566772013792958,-54.68154693804429,-0.05987770877987026,0.0766686488486817,0.7405719995538519,-0.36245378997802735,-0.4180574963951111,-9.984052463169098
2026-09-11T17:39:35.112,35.41814144,-182.24691772460938,-16402.222595214844,-65608.89038085938,-124.83913864135744,-115.19740512847902,-4.40654182434082,-3.018481149673462,-6.752150030586656,-2.6853265261090633,0.0,0.19847871363162994,1625.9376220703125,71.45233690738678,0.3356934189796448,120.84963083267212,328.8803042263688,1,1789162775.089796,38.991387605,-76.93659251333334,-10.331000000000003,0,1,17.147881,6.959044,72.522256,1,1,1789162775.1095765,-0.8807082023849189,0.4730620201743624,-0.007082525297768128,-0.022698571670538934,178.09170425984814,-1.9456195032339503,-56.45148177946957,-0.1013842563861734,-0.023978380461449296,0.8023849294083335,-4.669142275009155,2.012716879196167,-8.16795891971588
2026-09-11T17:39:35.145,35.45154163199999,-182.39620971679688,-16415.65887451172,-65662.63549804688,-124.94140365600587,-115.29967014312746,-4.511468410491943,-3.0903558611869815,-6.912929181252188,-2.15192510011756,0.0,0.21056367456912994,1724.9376220703125,75.80292284488678,0.5035400986671448,181.27443552017212,1809.1154891421613,1,1789162775.089796,38.991387605,-76.93659251333334,-10.331000000000003,0,1,17.147881,6.959044,72.522256,1,1,1789162775.1415765,-0.8743427129468108,0.48458245398713706,-0.006836833160687257,-0.025650015924908308,177.80768827709875,-2.1097960019065742,-57.9522452079818,-0.12855030619346514,0.0071933745120946295,0.8713507421362634,1.2099444969558717,0.28096052713394165,-14.448824148807526
2026-09-11T17:39:35.180,35.48495894400003,-182.55010986328125,-16429.509887695312,-65718.03955078125,-125.04682525634766,-115.40509174346924,-4.590621471405029,-3.1445757079124452,-7.034215524142005,-1.6225077207107133,0.0,0.21852685511112213,1790.1719970703125,78.66966784000397,0.07629400491714478,27.46584177017212,-4602.662049832603,1,1789162775.089796,38.991387605,-76.93659251333334,-10.331000000000003,0,1,17.147881,6.959044,72.522256,1,1,1789162775.1695764,-0.8682557135730249,0.49542110639376497,-0.0069115550371892384,-0.02534114429821083,177.86910621633112,-2.126796044704627,-59.37804541160914,-0.02860001232073028,0.060589104982983144,0.879616097874933,-3.4069283326911926,1.1620880441665649,-13.001362584934233
2026-09-11T17:39:35.213,35.518376639999985,-182.70616149902344,-16443.55453491211,-65774.21813964844,-125.15372062683106,-115.51198711395264,-4.669643402099609,-3.1987057304382325,-7.15530093601966,-1.6198011534324523,0.0,0.22466279566287994,1840.4376220703125,80.87860643863678,0.12207034230232239,43.94532322883606,493.13637477235363,1,1789162775.089796,38.991387605,-76.93659251333334,-10.331000000000003,0,1,17.147881,6.959044,72.522256,1,1,1789162775.2095764,-0.8588715355288092,0.5114449379255523,-0.007194743445797926,-0.026683264332958565,177.7932319636403,-2.272531686347826,-61.50253563906149,-0.13577614382964687,-0.026791851215664155,0.9265815117826989,-2.278771298084259,0.3580407974052429,-12.496123968601228
2026-09-11T17:39:35.246,35.551787295999986,-182.86392211914062,-16457.752990722656,-65831.01196289062,-125.26178665161133,-115.62005313873291,-4.723479747772217,-3.235583627223969,-7.2377944417143105,-1.1037764953114169,0.0,0.22808648645877838,1868.4844970703125,82.11113512516022,0.0,0.0,-1315.3086018076042,1,1789162775.089796,38.991387605,-76.93659251333334,-10.331000000000003,0,1,17.147881,6.959044,72.522256,1,1,1789162775.2415764,-0.8509867916372181,0.5245795507967019,-0.005110462107776711,-0.02473173107506034,177.89372644174966,-1.985432078057657,-63.2659128212101,-0.1409379550924201,-0.04825678302131642,0.971341876713495,-1.3492969957542418,-2.811272401866913,-9.67847724412918
2026-09-11T17:39:35.279,35.585192000000006,-183.02369689941406,-16472.132720947266,-65888.53088378906,-125.37123237609865,-115.72949886322023,-4.802617073059082,-3.2897926950454712,-7.359056672882668,-1.6227974306094686,0.0,0.23037149012088776,1887.2032470703125,82.93373644351959,0.030517578125,10.986328125,328.8856600852804,1,1789162775.089796,38.991387605,-76.93659251333334,-10.331000000000003,0,1,17.147881,6.959044,72.522256,1,1,1789162775.2695765,-0.843929747600134,0.5359063647236907,-0.0028907102622694894,-0.024053963465348834,177.84981212737208,-1.7569901378107324,-64.79918215989669,0.002644348349696609,-0.009931621575548532,0.9873196678838022,-5.281665644111633,2.1643276906967164,-17.49143542798996
2026-09-11T17:39:35.313,35.618597056,-183.18338012695312,-16486.50421142578,-65946.01684570312,-125.4806153869629,-115.83888187408448,-4.804001331329346,-3.290740911960602,-7.361177773712863,-0.02838543108956725,0.0,0.23398400843143463,1916.7969970703125,84.23424303531647,0.3204346001148224,115.35645604133606,3124.38116901705,1,1789162775.089796,38.991387605,-76.93659251333334,-10.331000000000003,0,1,17.147881,6.959044,72.522256,1,1,1789162775.3095765,-0.8332987177923066,0.5522385005306877,-0.0003611448532002372,-0.025411710523106684,177.59462022410898,-1.6428110269423826,-67.0314742465099,-0.10428080481278319,-0.03035738434456337,0.965467971115908,1.568377560367584,2.6976133264923097,-12.641360457496644
2026-09-11T17:39:35.347,35.65200620799999,-183.34507751464844,-16501.05697631836,-66004.22790527344,-125.59137809753419,-115.94964458465577,-4.778658390045166,-3.273380997180939,-7.322344750315263,0.5196155466522508,0.0,0.24468232691287994,2004.4376220703125,88.08563768863678,0.2899170517921448,104.37013864517212,-328.8415520443971,1,1789162775.089796,38.991387605,-76.93659251333334,-10.331000000000003,0,1,17.147881,6.959044,72.522256,1,1,1789162775.3415763,-0.8241328229077303,0.5658593473581882,0.001440930520281499,-0.024621391770916618,177.57984910153922,-1.4605962740561385,-68.91705268644007,0.040807543240879415,-0.04721691585297819,1.0479904542757787,1.815309011440277,3.8356750777626036,-12.500340828170776
2026-09-11T17:39:35.380,35.685428,-183.5090789794922,-16515.817108154297,-66063.26843261719,-125.70371910095216,-116.06198558807374,-4.857536315917969,-3.327412376403809,-7.443209503408655,-1.6166511724700152,0.0,0.2476196438074112,2028.5001220703125,89.14307177066803,0.0762939527630806,27.465822994709015,-2301.023106434077,1,1789162775.089796,38.991387605,-76.93659251333334,-10.331000000000003,0,1,17.147881,6.959044,72.522256,1,1,1789162775.3695765,-0.8160326123421605,0.5774683398169597,0.0016481036360314486,-0.024867164242802237,177.56404139029542,-1.4915883571482793,-70.53882098658,-0.017638646486505094,-0.09946090355047565,1.049764755993356,3.652388786239624,0.29341497283935547,-7.566909331302643
2026-09-11T17:39:35.412,35.718835679999984,-183.67091369628906,-16530.382232666016,-66121.52893066406,-125.81457588195802,-116.1728423690796,-4.883522033691406,-3.3452125930786134,-7.483027454094957,-0.5328181027480549,0.0,0.2482147365808487,2033.3751220703125,89.35730516910553,0.015258795581758022,5.493166409432888,-657.712735074328,1,1789162775.089796,38.991387605,-76.93659251333334,-10.331000000000003,0,1,17.147881,6.959044,72.522256,1,1,1789162775.4095764,-0.8039941311379638,0.5941028905237867,0.005385111347450357,-0.02462098988196362,177.36354176876304,-1.180124779719024,-72.89714857012916,-0.01703039924218507,-0.07902589053642525,1.027127137463289,-1.5588651097106934,-0.4844485179901123,-5.692172019882202
2026-09-11T17:39:35.446,35.75224528000001,-183.835205078125,-16545.16845703125,-66180.673828125,-125.92711547851563,-116.28538196563721,-4.909740924835205,-3.363172533512116,-7.523202696653795,-0.5375682568330007,0.0,0.24807168543338776,2032.2032470703125,89.30580675601959,-0.015258789993822575,-5.493164397776127,-328.837543915523,1,1789162775.089796,38.991387605,-76.93659251333334,-10.331000000000003,0,1,17.147881,6.959044,72.522256,1,1,1789162775.4415765,-0.7942039065978516,0.6071200414468063,0.007307860564597091,-0.02433115682222793,177.2757658602669,-1.0277123841377096,-74.76693929434362,-0.14085592461757634,-0.0637755525983492,1.059507707476764,1.6873322268295288,0.2569342342376709,-12.50975521232605
2026-09-11T17:39:35.480,35.78565315200001,-183.99737548828125,-16559.763793945312,-66239.05517578125,-126.03820220947267,-116.39646869659424,-4.88461446762085,-3.345960910320282,-7.484701392090816,0.5151966336507406,0.0,0.2481994777917862,2033.2501220703125,89.35181200504303,0.0,0.0,164.42724630220278,1,1789162775.089796,38.991387605,-76.93659251333334,-10.331000000000003,0,1,17.147881,6.959044,72.522256,1,1,1789162775.4695764,-0.7854160281156772,0.6184160715748453,0.009840319647361354,-0.024215559175192164,177.12170061490892,-0.8304221003766302,-76.41108059538202,0.11226603520650764,-0.11350609164004963,1.0866585729195635,-0.9901774668312073,-0.5892816082191467,-8.254845840148926
2026-09-11T17:39:35.514,35.81907180799999,-184.15921020507812,-16574.32891845703,-66297.31567382812,-126.14905899047852,-116.5073254776001,-4.806691646575928,-3.2925837779045106,-7.3653001474241835,1.597225586085875,0.0,0.2481994777917862,2033.2501220703125,89.35181200504303,0.0,0.0,0.0,1,1789162775.089796,38.991387605,-76.93659251333334,-10.331000000000003,0,1,17.147881,6.959044,72.522256,1,1,1789162775.5095766,-0.7725015790376609,0.6344080930490682,0.012964273627713012,-0.024486924418374946,176.88817105341343,-0.6325331789394352,-78.77113831527399,-0.08713381757656491,-0.08376358679096385,1.0449389206115918,-4.542342288417816,-1.9242608947372437,-6.446303417320252
2026-09-11T17:39:35.547,35.85248086400003,-184.32049560546875,-16588.844604492188,-66355.37841796875,-126.2595394897461,-116.61780597686769,-4.781803607940674,-3.275535471439362,-7.327164171974227,0.5102899784156975,0.0,0.24764634668827057,2028.7188720703125,89.1526848077774,-0.0457763746380806,-16.479494869709015,-493.2643074287924,1,1789162775.089796,38.991387605,-76.93659251333334,-10.331000000000003,0,1,17.147881,6.959044,72.522256,1,1,1789162775.5415764,-0.7621701547843792,0.6467748248539846,0.012943618863098793,-0.024727390112579607,176.8792600717155,-0.702213272385378,-80.61650120921082,-0.18216769347935696,-0.05909318328109881,1.027748474676999,-2.057239070930481,-0.20584158689498902,-9.35358292427063
2026-09-11T17:39:35.579,35.88588751999998,-184.47560119628906,-16602.804107666016,-66411.21643066406,-126.36578681945802,-116.7240533065796,-4.678557872772217,-3.2048121428489686,-7.1689605915554875,2.1170430404794245,0.0,0.2477111965417862,2029.2501220703125,89.17603075504303,0.0457763709127903,16.479493528604507,986.5994488750603,1,1789162775.089796,38.991387605,-76.93659251333334,-10.331000000000003,0,1,17.147881,6.959044,72.522256,1,1,1789162775.5695765,-0.7532137081292236,0.6571483390263615,0.01062851248799869,-0.026687171513883973,176.89412780597056,-1.0923402072007133,-82.17713574820567,-0.0836305927019619,-0.03392972425754536,1.022433772571751,2.571107539405823,-1.3353715525245669,-11.861437570133209
2026-09-11T17:39:35.613,35.919291999999984,-184.6334991455078,-16617.014923095703,-66468.05969238281,-126.47394691467287,-116.83221340179445,-4.706027984619141,-3.2236291694641115,-7.211053081299454,-0.563308472849809,0.0,0.24575044214725494,2013.1876220703125,88.47015917301178,-0.2288818508386612,-82.39746630191803,-2959.9909901461738,1,1789162775.089796,38.991387605,-76.93659251333334,-10.331000000000003,0,1,17.147881,6.959044,72.522256,1,1,1789162775.6095765,-0.7411098212190946,0.6706723782902648,0.010507671212351745,-0.029058264517598815,176.72199348308285,-1.340985418086579,-84.24909697675922,0.06989136083026252,0.04815241233204715,0.964267184590536,0.3307783099555969,3.874411345901489,-11.910470820941926
2026-09-11T17:39:35.647,35.95269472000001,-184.7870635986328,-16630.835723876953,-66523.34289550781,-126.57913856506349,-116.93740505218507,-4.603377342224121,-3.1533134794235234,-7.0537613623468145,2.1050887484771454,0.0,0.2383575588464737,1952.6251220703125,85.80872118473053,-0.1983642876148224,-71.41114354133606,328.9050340982196,1,1789162775.089796,38.991387605,-76.93659251333334,-10.331000000000003,0,1,17.147881,6.959044,72.522256,1,1,1789162775.6415765,-0.7310743843752704,0.6814279492286907,0.01324603473424029,-0.031792091534207416,176.29865480276575,-1.3729592432816466,-85.92964458828514,-0.11083154909429352,0.002229309053572357,0.9745937741758108,3.7469248937988278,-1.9426973970413208,-1.4501093594169616
2026-09-11T17:39:35.681,35.986122368,-184.94387817382812,-16644.94903564453,-66579.79614257812,-126.68655654907228,-117.04482303619386,-4.657881259918213,-3.190648663043976,-7.13727778955792,-1.1168953203189358,0.0,0.22750283777713776,1863.7032470703125,81.90102159976959,-0.4882813096046448,-175.78127145767212,-3122.269563098801,1,1789162775.089796,38.991387605,-76.93659251333334,-10.331000000000003,0,1,17.147881,6.959044,72.522256,1,1,1789162775.6695764,-0.7220211764382642,0.6909007128084159,0.01413538143827067,-0.033790779912907985,176.08070807329696,-1.5059098054009912,-87.424930674537,-0.2714526293590049,-0.021067345802047954,0.9310830649894426,7.336256919498444,3.682887468242645,-10.633939169387817
2026-09-11T17:39:35.713,36.019537184,-185.09315490722656,-16658.38394165039,-66633.53576660156,-126.7888111114502,-117.14707759857178,-4.451589107513428,-3.049338538646698,-6.821176043858927,4.228966108844079,0.0,0.21303369104862213,1745.1719970703125,76.69212877750397,-0.15258795022964478,-54.93166208267212,3616.6474588693018,1,1789162775.089796,38.991387605,-76.93659251333334,-10.331000000000003,0,1,17.147881,6.959044,72.522256,1,1,1789162775.7095764,-0.7102226452381152,0.7028623886009039,0.014825171697480499,-0.03672153544375045,175.81166440757903,-1.7513478650356147,-89.33909330095724,-0.20528143782936828,0.07415310579778228,0.8662550788521407,6.579085460510254,1.7760824107933044,-4.660806622371674
2026-09-11T17:39:35.746,36.05293791999998,-185.2373046875,-16671.357421875,-66685.4296875,-126.88755371093751,-117.24582019805909,-4.427135467529297,-3.0325877952575686,-6.783705698052893,0.5015082119490262,0.0,0.20123673975467682,1648.5313720703125,72.44522631168365,-0.3967285752296448,-142.82228708267212,-2631.397853031241,1,1789162775.089796,38.991387605,-76.93659251333334,-10.331000000000003,0,1,17.147881,6.959044,72.522256,1,1,1789162775.7415764,-0.7014348905293495,0.7114522073117582,0.010963551908000116,-0.04128742652269775,175.77977689700845,-2.485561461935672,-90.72084127197218,-0.14145300175468364,0.1257652843060578,0.7645924424502744,3.1492095664405824,0.005001391582489014,-11.345607771625518
2026-09-11T17:39:35.781,36.086357952000014,-185.3834686279297,-16684.512176513672,-66738.04870605469,-126.98767601013185,-117.34594249725343,-4.3239264488220215,-2.961889617443085,-6.625558378317559,2.115443151413018,0.0,0.1959686428308487,1605.3751220703125,70.54871141910553,-0.015258789993822575,-5.493164397776127,4109.18585250729,1,1789162775.089796,38.991387605,-76.93659251333334,-10.331000000000003,0,1,17.147881,6.959044,72.522256,1,1,1789162775.7695765,-0.6938211443657173,0.7187057088621754,0.009234259230670025,-0.04459879075070532,175.6838577727524,-2.940160472899111,-91.90773794764004,-0.11059592964527429,0.08834943940057896,0.7592890849851643,-1.2430909745025636,-4.179005899925232,-7.885821594562531
2026-09-11T17:39:35.815,36.119773631999976,-185.5266571044922,-16697.399139404297,-66789.59655761719,-127.08576011657716,-117.44402660369875,-4.298376083374023,-2.9443876171112064,-6.586407518591632,0.5237660981879885,0.0,0.19544221460819244,1601.0626220703125,70.35919725894928,-0.015258789993822575,-5.493164397776127,0.0,1,1789162775.089796,38.991387605,-76.93659251333334,-10.331000000000003,0,1,17.147881,6.959044,72.522256,1,1,1789162775.8095765,-0.6832877315270054,0.7285360834411585,0.00929741392554932,-0.04760891894585951,175.4841608297771,-3.248348681630274,-93.54324203763204,-0.04462806897349501,0.12945089608749422,0.7448058192533398,-2.905416243419647,3.006326673583984,-5.0708226656341555
2026-09-11T17:39:35.847,36.15318537600001,-185.66732788085938,-16710.059509277344,-66840.23803710938,-127.18211959838868,-117.54038608551026,-4.220664978027344,-2.8911555099487307,-6.467330686177361,1.5932154622764196,0.0,0.19820787012577057,1623.7188720703125,71.3548332452774,0.2136230617761612,76.90430223941803,2466.122888919239,1,1789162775.089796,38.991387605,-76.93659251333334,-10.331000000000003,0,1,17.147881,6.959044,72.522256,1,1,1789162775.8415763,-0.6745930049096859,0.7365047664286672,0.00818111537573122,-0.049173937263391226,175.49513049540678,-3.519935785892662,-94.8859778639098,0.045887498561734116,0.133395863795777,0.7803871485820474,3.090075465965271,-1.8106018193626403,-12.902903817310333
2026-09-11T17:39:35.880,36.18659267200002,-185.80686950683594,-16722.618255615234,-66890.47302246094,-127.27770561218263,-117.63597209930421,-4.220612049102783,-2.8911192536354067,-6.4672495831142705,0.0010852812907706723,0.0,0.2018909603357315,1653.8907470703125,72.68074572086334,0.1220703199505806,43.945315182209015,-986.5805079585601,1,1789162775.089796,38.991387605,-76.93659251333334,-10.331000000000003,0,1,17.147881,6.959044,72.522256,1,1,1789162775.8695765,-0.6666823869771742,0.7436008588126117,0.008705396981456096,-0.050165463527797854,175.41175365239505,-3.611951170985294,-96.09902153322514,-0.1249315405223801,-0.130072931432905,0.7959308763673837,-1.5034575362968445,-5.749638989830017,-4.963145646858215
2026-09-11T17:39:35.914,36.21999715200002,-185.9480438232422,-16735.323944091797,-66941.29577636719,-127.37441001892091,-117.7326765060425,-4.247673034667969,-2.909656028747559,-6.508715168100295,-0.5549188346039665,0.0,0.20463372766971588,1676.3594970703125,73.66814196109772,0.015258795581758022,5.493166409432888,-1151.1075392514533,1,1789162775.089796,38.991387605,-76.93659251333334,-10.331000000000003,0,1,17.147881,6.959044,72.522256,1,1,1789162775.9095764,-0.6550724959426131,0.7537123188948399,0.008474251705366621,-0.052210654695302824,175.33303010023687,-3.876215530608694,-97.8523461202428,-0.015775507510001147,0.07975788162471167,0.8084785719587465,-2.118432567939758,3.266595168876648,-0.8293484041786194
2026-09-11T17:39:35.948,36.253400672,-186.09368896484375,-16748.432006835938,-66993.72802734375,-127.47417694091799,-117.83244342803955,-4.352329730987549,-2.981345865726471,-6.669080766209887,-2.1461761209284917,0.0,0.20380021631717682,1669.5313720703125,73.36807787418365,-0.0457763746380806,-16.479494869709015,-657.7947856739579,1,1789162775.089796,38.991387605,-76.93659251333334,-10.331000000000003,0,1,17.147881,6.959044,72.522256,1,1,1789162775.9415765,-0.6458904876401295,0.7615069445675156,0.009494660415791997,-0.05331512707507439,175.20846196658692,-3.9527997622215727,-99.22706045648972,-0.12728302262359206,0.058830511228673665,0.8155201028259176,-1.6255503308105468,-1.7848103294372557,-13.243488777427673
2026-09-11T17:39:35.982,36.286818015999984,-186.24298095703125,-16761.868286132812,-67047.47314453125,-127.57644195556641,-117.93470844268799,-4.431250095367432,-3.035406315326691,-6.790010547885396,-1.6177362749188808,0.0,0.204805389046669,1677.7657470703125,73.72994005680084,0.0762939527630806,27.465822994709015,1315.0452012115811,1,1789162775.089796,38.991387605,-76.93659251333334,-10.331000000000003,0,1,17.147881,6.959044,72.522256,1,1,1789162775.9695764,-0.6374121691532767,0.7685221072223022,0.009750823942402526,-0.05462983395866618,175.1326995270858,-4.102322886859146,-100.48095520162991,-0.011473619969685524,0.05459354993653223,0.8501481333171859,-0.45140010694503785,-1.2672153339004517,-4.357192733364105
2026-09-11T17:39:36.015,36.32023548799998,-186.39840698242188,-16775.85662841797,-67103.42651367188,-127.68290878295899,-118.04117527008057,-4.614131927490234,-3.1606803703308106,-7.070240627976931,-3.748759182146779,0.0,0.20448113977909088,1675.1094970703125,73.61321032047272,-0.1220703199505806,-43.945315182209015,-2136.9401664173047,1,1789162775.089796,38.991387605,-76.93659251333334,-10.331000000000003,0,1,17.147881,6.959044,72.522256,1,1,1789162776.0095766,-0.6246597204561024,0.778605826429605,0.012011893066672864,-0.05855693908095449,174.71389581843775,-4.368959597475922,-102.31948428047092,-0.13377268038128257,0.08152502749235592,0.8579312545835294,-1.8140341469192505,1.2039624403572082,-10.22872838470459
2026-09-11T17:39:36.047,36.353633504000015,-186.55511474609375,-16789.960327148438,-67159.84130859375,-127.79025360107423,-118.14852008819581,-4.745266437530518,-3.2505075097084046,-7.2711782160621,-2.6895950758721585,0.0,0.20462991297245026,1676.3282470703125,73.66676867008209,0.030517585575580597,10.986330807209015,1644.7577601424073,1,1789162775.089796,38.991387605,-76.93659251333334,-10.331000000000003,0,1,17.147881,6.959044,72.522256,1,1,1789162776.0415764,-0.6141180839140123,0.7867822945478629,0.014657928810395971,-0.06014769420992986,174.4205031948233,-4.39562434600828,-103.83850285873305,-0.12229783868112067,-0.0026010641842471494,0.8817750701596501,-2.0274268544387817,4.750929737358093,-12.124549993972778
2026-09-11T17:39:36.081,36.387041023999984,-186.71524047851562,-16804.371643066406,-67217.48657226562,-127.89993972778322,-118.25820621490479,-4.798588275909424,-3.2870329689979556,-7.352883341530852,-1.0933304624104112,0.0,0.20488549768924713,1678.4219970703125,73.75877916812897,0.0,0.0,-328.8580178121353,1,1789162776.0714653,38.99138309833333,-76.93660809166667,-10.338000000000001,0,1,17.147881,6.959044,72.522256,1,1,1789162776.0695765,-0.6041660508436109,0.7944391872731805,0.014264685330124581,-0.06038443081785519,174.49533012563165,-4.5142501754085025,-105.27734348149286,0.04060944837077807,-0.013537471810168818,0.9155555687661499,-9.070563000602721,4.451336574916839,-19.03049110437393
2026-09-11T17:39:36.115,36.420458559999986,-186.8797607421875,-16819.178466796875,-67276.7138671875,-128.01263610839845,-118.37090259552002,-4.852217674255371,-3.3237691068649293,-7.435059741555399,-1.0993071980822224,0.0,0.2050476223230362,1679.7501220703125,73.81714403629303,-0.1525879055261612,-54.93164598941803,-1643.7970169139687,1,1789162776.0714653,38.99138309833333,-76.93660809166667,-10.338000000000001,0,1,17.147881,6.959044,72.522256,1,1,1789162776.1095765,-0.5889740888926035,0.8055046700054375,0.016324156151166502,-0.06328721149261808,174.1920525738501,-4.745347163305173,-107.41161386748615,0.05828265237647264,0.05317861151194043,0.9719112031154956,-0.17338157485961916,2.5417856554222102,-11.230085432720184
2026-09-11T17:39:36.147,36.453865984000004,-187.04563903808594,-16834.107513427734,-67336.43005371094,-128.12626274108888,-118.48452922821046,-4.931562423706055,-3.3781202602386475,-7.5566398090520845,-1.6269184171066098,0.0,0.20390702784061432,1670.4063720703125,73.40653002262115,-0.0915527492761612,-32.95898973941803,657.7177650688764,1,1789162776.0714653,38.99138309833333,-76.93660809166667,-10.338000000000001,0,1,17.147881,6.959044,72.522256,1,1,1789162776.1415765,-0.5759783845595162,0.8145728703031959,0.019840119928660978,-0.06577468454838332,173.77240260016524,-4.835864587358183,-109.20908507870477,-0.24778928082754054,-0.11737670832219745,1.029455232152524,-0.5646669163131713,0.9941001268959045,-5.538796011352539
2026-09-11T17:39:36.181,36.48727273600002,-187.21075439453125,-16848.967895507812,-67395.87158203125,-128.23936676025392,-118.5976332473755,-4.959317684173584,-3.3971326136589055,-7.599169232415224,-0.5691170880739074,0.0,0.20450784265995026,1675.3282470703125,73.62282335758209,0.04577639698982239,16.47950291633606,1479.8952216523778,1,1789162776.0714653,38.99138309833333,-76.93660809166667,-10.338000000000001,0,1,17.147881,6.959044,72.522256,1,1,1789162776.1695764,-0.5645082705393313,0.8225194693731555,0.021623327587884,-0.06576143777946748,173.67290760920952,-4.805128098032883,-110.80939850065826,-0.11754181646943612,-0.16321167247344653,1.0275037795158695,1.1065824042510986,-4.160471331119537,-13.196907189159393
2026-09-11T17:39:36.214,36.52067801599998,-187.37557983398438,-16863.802185058594,-67455.20874023438,-128.3522721862793,-118.71053867340089,-4.907645225524902,-3.3617369794845584,-7.519991453750346,1.0595820233925841,0.0,0.20333291590213776,1665.7032470703125,73.19984972476959,-0.091552734375,-32.958984375,-1479.960272489981,1,1789162776.0714653,38.99138309833333,-76.93660809166667,-10.338000000000001,0,1,17.147881,6.959044,72.522256,1,1,1789162776.2095764,-0.5483636920756082,0.8334593042927064,0.023003948850104903,-0.06413787990280825,173.73933552700686,-4.685343668843187,-113.05882811230082,-0.020891591146372127,-0.2569807082673183,0.9717848412776511,5.647747894649506,0.7921812000656129,-8.985735476703644
2026-09-11T17:39:36.249,36.55408652800003,-187.54000854492188,-16878.60076904297,-67514.40307617188,-128.4649058532715,-118.82317234039307,-4.932776927947998,-3.378952195644379,-7.55850079555381,-0.5152943106174329,0.0,0.20308877527713776,1663.7032470703125,73.11195909976959,-0.01525880303233862,-5.493169091641903,822.1202813018505,1,1789162776.0714653,38.99138309833333,-76.93660809166667,-10.338000000000001,0,1,17.147881,6.959044,72.522256,1,1,1789162776.2415764,-0.5357208495751938,0.8416631841162444,0.025946909133434205,-0.06271374442782551,173.61504242038845,-4.460230003721795,-114.79737406207342,-0.18846344515715088,-0.30613511412293537,0.9423154804565024,-2.2312090447998045,-2.1863926535606386,-7.342729308605194
2026-09-11T17:39:36.282,36.58750934400001,-187.70166015625,-16893.1494140625,-67572.59765625,-128.57563720703126,-118.93390369415285,-4.829784870147705,-3.308402636051178,-7.400685925311324,2.110820332829972,0.0,0.20167161524295807,1652.0938720703125,72.6017814874649,-0.0762939527630806,-27.465822994709015,-657.4148002094652,1,1789162776.0714653,38.99138309833333,-76.93660809166667,-10.338000000000001,0,1,17.147881,6.959044,72.522256,1,1,1789162776.2695765,-0.5254118248807842,0.847984615869134,0.028689845027668703,-0.06357199318103464,173.3496601598198,-4.454544969131345,-116.17629440399301,-0.16757848626193636,-0.15871273726058074,0.8624715540996675,5.60901162651062,-0.9911581318473816,-10.353959307270049
2026-09-11T17:39:36.315,36.620916127999976,-187.86338806152344,-16907.70492553711,-67630.81970214844,-128.68642082214356,-119.04468730926514,-4.857116222381592,-3.3271246123313905,-7.442565793511513,-0.5604243820725808,0.0,0.1958484798669815,1604.3907470703125,70.50545275211334,-0.1373291313648224,-49.43848729133606,-657.7306063537937,1,1789162776.0714653,38.99138309833333,-76.93660809166667,-10.338000000000001,0,1,17.147881,6.959044,72.522256,1,1,1789162776.3095765,-0.5109924090417186,0.8564869225783137,0.03268668068172441,-0.06518044384692022,172.9357711161546,-4.4878163186248266,-118.08102814389369,-0.23370464829687151,-0.04387949725731464,0.8457940604322357,-2.079696299800873,-3.0042672770500185,-4.860371953163147
2026-09-11T17:39:36.349,36.654320928000004,-188.02392578125,-16922.1533203125,-67688.61328125,-128.79638916015625,-119.15465564727783,-4.806227207183838,-3.2922656369209293,-7.36458848631202,1.0435319298553476,0.0,0.186952605843544,1531.5157470703125,67.30293810367584,-0.4119873642921448,-148.31545114517212,-2959.9627554648796,1,1789162776.0714653,38.99138309833333,-76.93660809166667,-10.338000000000001,0,1,17.147881,6.959044,72.522256,1,1,1789162776.3415763,-0.49946144204621573,0.8632195286476467,0.03343842256730457,-0.06536195504006384,172.91099866918051,-4.556436656107594,-119.61000664124437,0.06337063621188652,-0.12499733943518028,0.8438618064173528,-3.4691024947166444,2.3801720607566836,-6.975862526054382
2026-09-11T17:39:36.383,36.6877384,-188.1861114501953,-16936.750030517578,-67747.00012207031,-128.9074863433838,-119.26575283050538,-4.833484649658203,-3.310936985015869,-7.406355102487172,-0.5587301186320093,0.0,0.18300248682498932,1499.1563720703125,65.88089525699615,-0.015258789993822575,-5.493164397776127,4273.880643856339,1,1789162776.0714653,38.99138309833333,-76.93660809166667,-10.338000000000001,0,1,17.147881,6.959044,72.522256,1,1,1789162776.3815765,-0.4855436798772501,0.8711963641109938,0.032503268312801356,-0.06486730794498122,173.10650214961024,-4.672538231548471,-121.45396672821823,0.1032634523917957,-0.03550505844039545,0.8608885404681086,2.5017745227622985,-4.887634440612793,-11.357179618816376
2026-09-11T17:39:36.415,36.721153791999996,-188.34849548339844,-16951.36459350586,-67805.45837402344,-129.01871940612793,-119.37698589324953,-4.833967208862305,-3.311267538070679,-7.407094528611926,-0.009892239325216975,0.0,0.18392755091190338,1506.7344970703125,66.21391832828522,0.0915527418255806,32.958987057209015,1150.7317183348032,1,1789162776.0714653,38.99138309833333,-76.93660809166667,-10.338000000000001,0,1,17.147881,6.959044,72.522256,1,1,1789162776.4095764,-0.47618597047952543,0.8760786313160696,0.03321856014770296,-0.06804175579413423,172.90703058909074,-5.0245988546162215,-122.63647152367484,-0.11694334306892726,-0.03840387579503283,0.7913870861927416,0.8317020002174377,-0.3362700340461731,-5.520947908058167
2026-09-11T17:39:36.448,36.75455465599998,-188.5116424560547,-16966.047821044922,-67864.19128417969,-129.13047508239748,-119.48874156951905,-4.913571834564209,-3.3657967066764836,-7.529072804841803,-1.6325676068088075,0.0,0.1849842220544815,1515.3907470703125,66.59431993961334,0.030517593026161194,10.98633348941803,-657.8468619194953,1,1789162776.0714653,38.99138309833333,-76.93660809166667,-10.338000000000001,0,1,17.147881,6.959044,72.522256,1,1,1789162776.4415765,-0.46514924835509397,0.8818628238689112,0.0346767789201798,-0.0689322684695758,172.77358153244896,-5.124364988665138,-124.05630192585201,-0.06039188277750779,-0.10300444553079975,0.8520400702263478,4.208131650905609,2.9429757135391235,-9.083409712314605
2026-09-11T17:39:36.481,36.78796124799999,-188.67822265625,-16981.0400390625,-67924.16015625,-129.24458251953126,-119.60284900665285,-4.993780612945557,-3.4207397198677065,-7.651976825044073,-1.6446757930654388,0.0,0.19449616968631744,1593.3126220703125,70.01862108707428,0.4577637314796448,164.79494333267212,4604.139501665651,1,1789162776.0714653,38.99138309833333,-76.93660809166667,-10.338000000000001,0,1,17.147881,6.959044,72.522256,1,1,1789162776.4695764,-0.45517547120924495,0.887133305388704,0.03541251891483949,-0.06749623977422846,172.83338005429144,-5.020864451169797,-125.36195434663273,-0.031291310027305536,-0.11522524095326404,0.842291184623483,-8.696733496437073,0.899465952835083,-9.635229916915893
2026-09-11T17:39:36.516,36.82137766400001,-188.84768676757812,-16996.29180908203,-67985.16723632812,-129.36066543579102,-119.7189319229126,-5.020550727844238,-3.4390772485733034,-7.692996708512212,-0.5487580925968966,0.0,0.20271874964237213,1660.6719970703125,72.97874987125397,0.2593994736671448,93.38381052017212,-2137.0075358306335,1,1789162776.0714653,38.99138309833333,-76.93660809166667,-10.338000000000001,0,1,17.147881,6.959044,72.522256,1,1,1789162776.5095766,-0.4390354873213773,0.8953886866998141,0.03783565285831897,-0.06399534338721623,172.85619271496836,-4.6678364971867765,-127.46831039544564,0.0588191665885357,-0.14463194445426608,0.9770236215604373,-3.312294158630371,-1.9721173475265503,-5.643040702571869
2026-09-11T17:39:36.549,36.85478521599998,-189.021240234375,-17011.91162109375,-68047.646484375,-129.47954956054687,-119.83781604766847,-5.17760705947876,-3.5466608357429505,-7.933654339081395,-3.220337340782676,0.0,0.2058410793542862,1686.2501220703125,74.10278856754303,0.015258789993822575,5.493164397776127,-2630.8616124423315,1,1789162776.0714653,38.99138309833333,-76.93660809166667,-10.338000000000001,0,1,17.147881,6.959044,72.522256,1,1,1789162776.5415764,-0.42621502745937506,0.9013669069975134,0.040283025359889646,-0.06523593492389433,172.6069403780337,-4.776237927814162,-129.0766125758332,-0.21054011486562718,-0.16880091487003318,0.9595352479225289,-0.48464465099334714,-0.5231847861289978,-7.768828258132935
2026-09-11T17:39:36.582,36.88819251199999,-189.19442749023438,-17027.498474121094,-68109.99389648438,-129.59818283081054,-119.95644931793214,-5.20369291305542,-3.564529645442963,-7.973625727995166,-0.5348774620971584,0.0,0.2060852199792862,1688.2501220703125,74.19067919254303,0.0,0.0,-164.43008131442167,1,1789162776.0714653,38.99138309833333,-76.93660809166667,-10.338000000000001,0,1,17.147881,6.959044,72.522256,1,1,1789162776.5695765,-0.41386487490846885,0.9070312073228232,0.0417818635736329,-0.06530337001881154,172.51262791994145,-4.811640700727536,-130.63195646493742,-0.10605597919498663,-0.09151127787349189,1.02898346965571,4.776132828273774,1.4232391379737854,-11.84574692987442
2026-09-11T17:39:36.615,36.921599168,-189.3678741455078,-17043.108673095703,-68172.43469238281,-129.71699378967287,-120.07526027679444,-5.203497409820557,-3.5643957257270817,-7.9733261581224895,0.004008773457634485,0.0,0.20503999292850494,1679.6876220703125,73.81439745426178,-0.1525879055261612,-54.93164598941803,-1644.3323746441397,1,1789162776.0714653,38.99138309833333,-76.93660809166667,-10.338000000000001,0,1,17.147881,6.959044,72.522256,1,1,1789162776.6095765,-0.3961595878400889,0.9146987445317406,0.04422658882203827,-0.06654169035720864,172.29138214723028,-4.97319206013145,-132.82948791136553,-0.06983673202467511,-0.09026301839246555,0.9498697890579095,3.6136525181007384,2.727033276977539,-10.924117947673798
2026-09-11T17:39:36.649,36.95500044800002,-189.54214477539062,-17058.793029785156,-68235.17211914062,-129.8363691711426,-120.19463565826418,-5.2302775382995605,-3.5827401137351993,-8.014361385413375,-0.5492121262450433,0.0,0.2055969387292862,1684.2501220703125,74.01489794254303,0.0,0.0,1644.5970330892576,1,1789162776.0714653,38.99138309833333,-76.93660809166667,-10.338000000000001,0,1,17.147881,6.959044,72.522256,1,1,1789162776.6415765,-0.38173528985408495,0.9207263157584655,0.04491393489437828,-0.06726037765403912,172.26455716690452,-5.138658959750725,-134.6143360500966,0.043907946124122146,-0.1470670278266486,1.0276455002511313,2.560026024723053,-0.4063875827026367,-11.552822289543153
2026-09-11T17:39:36.683,36.988422688000014,-189.7188720703125,-17074.698486328125,-68298.7939453125,-129.95742736816408,-120.31569385528566,-5.257078647613525,-3.6010988736152654,-8.055428761666207,-0.549297709551182,0.0,0.20477105677127838,1677.4844970703125,73.71758043766022,-0.015258789993822575,-5.493164397776127,-164.35656011617618,1,1789162776.0714653,38.99138309833333,-76.93660809166667,-10.338000000000001,0,1,17.147881,6.959044,72.522256,1,1,1789162776.6815765,-0.364360426435011,0.9278158966858986,0.04764019044015322,-0.06426160408723511,172.1999083348722,-4.8489684209332164,-136.78859561549004,0.005197939578289512,-0.0911356830184627,0.9590228192541435,-2.383114055805206,1.4576604800415038,-13.415791620769502
2026-09-11T17:39:36.715,37.02182671999998,-189.89556884765625,-17090.601196289062,-68362.40478515625,-130.07846466064453,-120.43673114776612,-5.309897422790527,-3.6372797346115116,-8.136363042706487,-1.083128557543134,0.0,0.20321084558963776,1664.7032470703125,73.15590441226959,-0.1678466945886612,-60.42481005191803,-1644.4615324940526,1,1789162776.0714653,38.99138309833333,-76.93660809166667,-10.338000000000001,0,1,17.147881,6.959044,72.522256,1,1,1789162776.7095764,-0.3518318796749247,0.9325119891535526,0.04952718247424767,-0.06467439002770972,172.04540173944378,-4.92023559342703,-138.31523723174632,-0.12252158989122633,-0.0637755525983492,0.9824501992707381,1.0373474541091918,2.319272763252258,-7.432165958080292
2026-09-11T17:39:36.748,37.05522787199999,-190.07217407226562,-17106.495666503906,-68425.98266601562,-130.19943923950197,-120.55770572662354,-5.284389019012451,-3.6198064780235293,-8.09727648090445,0.5231333514477836,0.0,0.19625283777713776,1607.7032470703125,70.65102159976959,-0.2593994438648224,-93.38379979133606,-986.7620655541401,1,1789162776.0714653,38.99138309833333,-76.93660809166667,-10.338000000000001,0,1,17.147881,6.959044,72.522256,1,1,1789162776.7415764,-0.33784024394031004,0.937765137935221,0.050338125341875005,-0.06266249903054852,172.112416422971,-4.7905176855980915,-140.04531344653824,0.1033870217028369,-0.09853326105304067,0.9413145341304837,1.5045362678146363,-2.7148730307769773,-8.642208521537782
2026-09-11T17:39:36.783,37.088643488,-190.2474365234375,-17122.269287109375,-68489.0771484375,-130.3194940185547,-120.67776050567628,-5.233521461486816,-3.5849622011184694,-8.019332053325128,1.0427542890439572,0.0,0.19186212122440338,1571.7344970703125,69.07036364078522,-0.015258789993822575,-5.493164397776127,2630.226400540533,1,1789162776.0714653,38.99138309833333,-76.93660809166667,-10.338000000000001,0,1,17.147881,6.959044,72.522256,1,1,1789162776.7815764,-0.32053224524490553,0.9438768877215008,0.05034290959892244,-0.061814982298370194,172.23300570662994,-4.842582273550953,-142.15700618391182,-0.022966613094068184,-0.1301397775432564,0.9207957453123377,-1.5360156148338318,-2.6046462829589845,-2.3142713716697694
2026-09-11T17:39:36.817,37.122059200000024,-190.4156951904297,-17137.412567138672,-68549.65026855469,-130.43475120544434,-120.79301769256593,-5.052978515625,-3.4612902832031254,-7.742685851832323,3.7010110068959476,0.0,0.18836213648319244,1543.0626220703125,67.81036913394928,-0.1525879204273224,-54.93165135383606,-1479.4982359205255,1,1789162776.0714653,38.99138309833333,-76.93660809166667,-10.338000000000001,0,1,17.147881,6.959044,72.522256,1,1,1789162776.8095765,-0.3091165077589469,0.9476563264450437,0.05111808549306968,-0.06149319405528569,172.21875597759797,-4.872916252093765,-143.53673000854232,-0.07904857981670117,-0.13090946774338588,0.891225853526274,-4.467223348178863,-2.4534277374649047,-5.525360900630951
2026-09-11T17:39:36.850,37.155473503999985,-190.58087158203125,-17152.278442382812,-68609.11376953125,-130.5478970336914,-120.906163520813,-4.976813793182373,-3.409117448329926,-7.625978544045101,1.5613922370868287,0.0,0.18551446497440338,1519.7344970703125,66.78520739078522,0.0,0.0,1643.956173796079,1,1789162776.0714653,38.99138309833333,-76.93660809166667,-10.338000000000001,0,1,17.147881,6.959044,72.522256,1,1,1789162776.8415763,-0.2964035744461482,0.9519017809320984,0.05066341137253733,-0.058831447899429117,172.427979764037,-4.701803951530032,-145.09755413698724,0.011759504901162194,-0.22504746614112925,0.878783750354657,-2.1346135407066344,-0.018926834812164308,-18.164367762088776
2026-09-11T17:39:36.882,37.18888137599998,-190.73992919921875,-17166.593627929688,-68666.37451171875,-130.65685150146484,-121.01511798858644,-4.848860263824463,-3.3214692807197572,-7.4299151769858485,2.6235782874818834,0.0,0.1838684231042862,1506.2501220703125,66.19263231754303,-0.1831054836511612,-65.91797411441803,-1973.1269957698016,1,1789162776.0714653,38.99138309833333,-76.93660809166667,-10.338000000000001,0,1,17.147881,6.959044,72.522256,1,1,1789162776.8815765,-0.2811826373678659,0.9563753079133519,0.05198480429003608,-0.05983456341797142,172.32413815657443,-4.888339398937229,-146.90428079705217,-0.2261615098026772,-0.1680844572120895,0.8052779871764393,-0.10934414930343628,-0.3251885193634033,-10.346015920639038
2026-09-11T17:39:36.916,37.222287488000006,-190.90081787109375,-17181.073608398438,-68724.29443359375,-130.76706024169923,-121.12532672882081,-4.7972612380981445,-3.286123948097229,-7.35084991968778,1.0580498749002567,0.0,0.1813526302576065,1485.6407470703125,65.28694689273834,-0.0610351637005806,-21.972658932209015,1315.487273172614,1,1789162776.0714653,38.99138309833333,-76.93660809166667,-10.338000000000001,0,1,17.147881,6.959044,72.522256,1,1,1789162776.9095764,-0.27061509950401025,0.9594873118643357,0.0538604725129226,-0.057014171856393916,172.26167445758216,-4.603386232762654,-148.18720143865255,0.04254833463681856,-0.19782521673192327,0.7849344294151934,-3.0846818083763123,-1.5935806512832642,-7.034506294021606
2026-09-11T17:39:36.951,37.25569862399999,-191.06076049804688,-17195.46844482422,-68781.87377929688,-130.87662094116212,-121.2348874282837,-4.772135257720947,-3.268912651538849,-7.312349345783029,0.5151365268869789,0.0,0.17989923059940338,1473.7344970703125,64.76372301578522,0.0,0.0,657.6447724560958,1,1789162776.0714653,38.99138309833333,-76.93660809166667,-10.338000000000001,0,1,17.147881,6.959044,72.522256,1,1,1789162776.9415765,-0.258973915168128,0.962487541068582,0.05668498419372078,-0.057767266831687765,171.98076183980396,-4.6943762101188495,-149.55125349688888,-0.11763187545883903,-0.19127639231259014,0.7846401669033072,0.08070873083114624,3.372997323131561,-8.692908902873993
2026-09-11T17:39:36.983,37.28911241600002,-191.2186737060547,-17209.680633544922,-68838.72253417969,-130.98479148864746,-121.34305797576906,-4.693347454071045,-3.214943006038666,-7.191622687094359,1.615190682342479,0.0,0.17855645716190338,1462.7344970703125,64.28032457828522,-0.1068115383386612,-38.45215380191803,-1150.786890691126,1,1789162776.0714653,38.99138309833333,-76.93660809166667,-10.338000000000001,0,1,17.147881,6.959044,72.522256,1,1,1789162776.9815764,-0.24543630757204393,0.9660960935857998,0.06003020911027814,-0.05306346085429007,171.8122147234324,-4.189855627173632,-151.19116337909554,0.08691181169571123,-0.19309136020173903,0.7548987092517726,-3.8899058531570434,-0.2764494680595398,-9.334754155960082
2026-09-11T17:39:37.016,37.32251852799999,-191.37535095214844,-17223.78158569336,-68895.12634277344,-131.09211540222168,-121.45038188934328,-4.720614910125732,-3.233621213436127,-7.233404647092258,-0.5591254497823619,0.0,0.17623521387577057,1443.7188720703125,63.444676995277405,-0.01525880303233862,-5.493169091641903,986.6154046992855,1,1789162776.0714653,38.99138309833333,-76.93660809166667,-10.338000000000001,0,1,17.147881,6.959044,72.522256,1,1,1789162777.0095766,-0.23577859400367768,0.9684538428676924,0.062023605764800836,-0.05156240076238015,171.6737110482138,-4.049824653938864,-152.33916389413343,-0.10646246637777611,-0.18309638317434315,0.7365340057964379,-3.2178561175727842,-3.398004281044006,-6.8703429703140255
2026-09-11T17:39:37.049,37.35591856000002,-191.5305938720703,-17237.753448486328,-68951.01379394531,-131.19845680236818,-121.55672328948975,-4.6441755294799805,-3.181260237693787,-7.116276480166838,1.5676923825189986,0.0,0.17345620691776276,1420.9532470703125,62.44423449039459,-0.1220703199505806,-43.945315182209015,-1151.2607559936164,1,1789162776.0714653,38.99138309833333,-76.93660809166667,-10.338000000000001,0,1,17.147881,6.959044,72.522256,1,1,1789162777.0415764,-0.22493381091759906,0.9711067648533132,0.061188673425149186,-0.05111142931564806,171.8247555020304,-4.114077180684234,-153.6234099966066,0.021990799509278156,-0.13485670437969627,0.7252335224885501,-1.2364224523925782,-3.8297910876655576,-10.630899107837676
2026-09-11T17:39:37.084,37.389325504,-191.6851806640625,-17251.666259765625,-69006.6650390625,-131.30434875488282,-121.6626152420044,-4.619579315185547,-3.1644118309021,-7.078587667551218,0.5043384630362497,0.0,0.17087937891483307,1399.8438720703125,61.516576409339905,-0.1983642727136612,-71.41113817691803,-822.1590994592948,1,1789162777.0748985,38.99138874166667,-76.93662384,-10.383000000000003,0,1,22.972849,12.208036000000002,122.9881,1,1,1789162777.0815763,-0.21198376391045498,0.9740328530340674,0.06230064205534378,-0.04941168938786933,171.79802291028022,-4.00501384307697,-155.15650588770046,-0.03258337727255694,-0.21748128930080862,0.6879114017639034,0.59526366481781,-2.046549822254181,-10.783980916862488
2026-09-11T17:39:37.117,37.422740095999984,-191.8377685546875,-17265.399169921875,-69061.5966796875,-131.40887145996095,-121.76713794708253,-4.542625904083252,-3.1116987442970276,-6.960671851058125,1.5775469173795407,0.0,0.16237260401248932,1330.1563720703125,58.454137444496155,-0.2899170219898224,-104.37012791633606,-986.3651706246271,1,1789162777.0748985,38.99138874166667,-76.93662384,-10.383000000000003,0,1,22.972849,12.208036000000002,122.9881,1,1,1789162777.1095765,-0.20309296574150815,0.976023303066908,0.061679619912535025,-0.04824296450391964,171.93289999718144,-3.9633940356491126,-156.21142593225974,0.11519295236210214,-0.15475380691828203,0.6851721075028983,-2.610824472560883,0.5891835417175293,-14.692813604831697
2026-09-11T17:39:37.151,37.45615215999999,-191.98619079589844,-17278.75717163086,-69115.02868652344,-131.51054069519043,-121.86880718231203,-4.465041160583496,-3.058553194999695,-6.841788643073755,1.590609586325669,0.0,0.1513977199792862,1240.2501220703125,54.50317919254303,-0.3204346299171448,-115.35646677017212,-328.81353435198827,1,1789162777.0748985,38.99138874166667,-76.93662384,-10.383000000000003,0,1,22.972849,12.208036000000002,122.9881,1,1,1789162777.1415765,-0.1937665917932319,0.9781269209972006,0.06112729270184778,-0.044561063859760296,172.11842615058688,-3.6398070836049743,-157.33877656518,-0.007408573608865531,-0.17087279522507565,0.6666953539095856,-1.61397848361969,-1.679683039703369,-5.03934331861496
2026-09-11T17:39:37.183,37.489558655999986,-192.13131713867188,-17291.81854248047,-69167.27416992188,-131.60995223999024,-121.96821872711183,-4.38765811920166,-3.0055458116531373,-6.723214503519,1.586738799141375,0.0,0.1394806057214737,1142.6251220703125,50.21301805973053,-0.5798340439796448,-208.74025583267212,-2795.3781522763175,1,1789162777.0748985,38.99138874166667,-76.93662384,-10.383000000000003,0,1,22.972849,12.208036000000002,122.9881,1,1,1789162777.1815765,-0.1837526531624775,0.9800730461392774,0.06219768526187436,-0.04269935169406181,172.0757263215689,-3.4879712218508994,-158.52027591933208,0.09051521846937872,-0.06430979788238467,0.5565842767305152,-2.39174390794754,2.8500086700057983,-8.285148389148713
2026-09-11T17:39:37.216,37.522933792,-192.2748565673828,-17304.737091064453,-69218.94836425781,-131.70827674865723,-122.06654323577882,-4.310864448547363,-2.952942147254944,-6.605543457531632,1.576133334652634,0.0,0.117097869515419,959.2657470703125,42.15523302555084,-0.8239746689796448,-296.6308808326721,-2633.4162353661422,1,1789162777.0748985,38.99138874166667,-76.93662384,-10.383000000000003,0,1,22.972849,12.208036000000002,122.9881,1,1,1789162777.2095764,-0.17697402667853931,0.9813095886915779,0.0618888647975623,-0.04337572405411876,172.1204328564972,-3.624919613204748,-159.30405594190302,0.04691584655700917,0.03265057244875872,0.5300945420083714,-3.5872726291656494,-0.3396042951011658,-8.911204935474396
2026-09-11T17:39:37.250,37.556337471999996,-192.418701171875,-17317.68310546875,-69270.732421875,-131.8068103027344,-122.16507678985597,-4.286156177520752,-2.9360169816017154,-6.567682940232892,0.5066856601797322,0.0,0.1045227199792862,856.2501220703125,37.62817919254303,-0.5340576767921448,-192.26076364517212,3124.5095506700004,1,1789162777.0748985,38.99138874166667,-76.93662384,-10.383000000000003,0,1,22.972849,12.208036000000002,122.9881,1,1,1789162777.2415764,-0.17027858112576483,0.9823539076629493,0.06248783936097992,-0.04562099123349328,172.031357452156,-3.9192931929765553,-160.05933803982037,-0.049080752961182944,-0.06536554754691604,0.44452157238186496,-1.3780304807281494,-1.2955565528678894,-7.6403611410140995
2026-09-11T17:39:37.285,37.58975324800002,-192.5633087158203,-17330.697784423828,-69322.79113769531,-131.90586647033692,-122.2641329574585,-4.28828763961792,-2.9374770331382756,-6.570948982503293,-0.043693479886834974,0.0,0.08137895166873932,666.6563720703125,29.296422600746155,-0.4882813096046448,-175.78127145767212,493.165030418173,1,1789162777.0748985,38.99138874166667,-76.93662384,-10.383000000000003,0,1,22.972849,12.208036000000002,122.9881,1,1,1789162777.2815764,-0.16347775857169652,0.9834541266728037,0.06294024187267389,-0.04616848639078924,171.99633022774992,-4.027227489109554,-160.84239515750124,0.01981297766863963,-0.011087727672069576,0.3718406518081399,1.7486237903404236,-1.764902829608917,-12.591738807678222
2026-09-11T17:39:37.318,37.62316672000003,-192.70542907714844,-17343.48861694336,-69373.95446777344,-132.00321891784668,-122.36148540496828,-4.237213134765625,-2.9024909973144535,-6.492687449253871,1.0470637658910524,0.0,0.07256127893924713,594.4219970703125,26.122060418128967,-0.3051758408546448,-109.86330270767212,1972.796144919842,1,1789162777.0748985,38.99138874166667,-76.93662384,-10.383000000000003,0,1,22.972849,12.208036000000002,122.9881,1,1,1789162777.3095765,-0.15940541385857152,0.9841203356541622,0.06098040301914311,-0.04876955435658035,172.185208731599,-4.390229812667433,-161.298547712387,0.26506350256622924,0.0823969939866523,0.3282121328972621,-1.9878079877853392,-3.01681978925705,-12.743643818683625
2026-09-11T17:39:37.350,37.65656822400001,-192.845703125,-17356.11328125,-69424.453125,-132.099306640625,-122.45757312774658,-4.212612152099609,-2.8856393241882325,-6.454991330055989,0.5045183931307311,0.0,0.06694413721561432,548.4063720703125,24.099889397621155,0.015258795581758022,5.493166409432888,3453.630983717527,1,1789162777.0748985,38.99138874166667,-76.93662384,-10.383000000000003,0,1,22.972849,12.208036000000002,122.9881,1,1,1789162777.3415763,-0.15632554900868187,0.9844783404864907,0.06018688134171806,-0.052366584330633036,172.2205890708647,-4.83520073446975,-161.6256874525942,0.20855585003903482,0.19522711960740452,0.2924457986678431,-0.49582423217773436,-0.032950344543457036,-9.026629207878113
2026-09-11T17:39:37.385,37.68997299199998,-192.98643493652344,-17368.77914428711,-69475.11657714844,-132.19570793151857,-122.55397441864015,-4.186129093170166,-2.867498428821564,-6.414411302839927,0.5430630551508616,0.0,0.06515885889530182,533.7813720703125,23.457189202308655,-0.1373291164636612,-49.43848192691803,-1644.4253807241744,1,1789162777.0748985,38.99138874166667,-76.93662384,-10.383000000000003,0,1,22.972849,12.208036000000002,122.9881,1,1,1789162777.3815765,-0.1514822870907521,0.9853828013247957,0.05920046137506896,-0.05068685158926751,172.38752527909242,-4.701020571092058,-162.207817347344,0.09865176890925109,-0.19721609682297725,0.24116296378941887,-8.852953433513642,2.437050631694794,0.8318981332206726
2026-09-11T17:39:37.418,37.72339372800002,-193.12841796875,-17381.5576171875,-69526.23046875,-132.29296630859375,-122.65123279571534,-4.211260795593262,-2.8847136449813844,-6.45292064464339,-0.5151058360833318,0.0,0.06411553919315338,525.2344970703125,23.081594109535217,-0.1220703274011612,-43.94531786441803,164.3639464580782,1,1789162777.0748985,38.99138874166667,-76.93662384,-10.383000000000003,0,1,22.972849,12.208036000000002,122.9881,1,1,1789162777.4095764,-0.14762024316289513,0.9859140054497281,0.05976272411749315,-0.051090649561907786,172.3346317682996,-4.76663820740549,-162.64928955706378,0.035142029955980626,-0.06244037572057354,0.30006363725402274,2.516092231998444,0.5020024217796326,-5.842507966861725
2026-09-11T17:39:37.452,37.756813952000016,-193.26759338378906,-17394.083404541016,-69576.33361816406,-132.38830146789553,-122.7465679550171,-4.159343719482422,-2.8491504478454592,-6.373368038308554,1.0641220458584773,0.0,0.06342126429080963,519.5469970703125,22.831655144691467,-0.0915527492761612,-32.95898973941803,328.73292904922056,1,1789162777.0748985,38.99138874166667,-76.93662384,-10.383000000000003,0,1,22.972849,12.208036000000002,122.9881,1,1,1789162777.4495764,-0.14300463434458463,0.986385545710972,0.05986706732221042,-0.05485584762518477,172.27885409583916,-5.226633194887592,-163.1486990293838,0.10369140712438472,0.009219876306585245,0.3008968574389248,2.2915199432945252,1.342432340641022,-11.654419185218812
2026-09-11T17:39:37.485,37.790235392,-193.40695190429688,-17406.62567138672,-69626.50268554688,-132.48376205444336,-122.84202854156496,-4.1345295906066895,-2.8321527695655826,-6.335345314883633,0.508586053739304,0.0,0.06096459925174713,499.4219970703125,21.947255730628967,-0.0610351599752903,-21.972657591104507,328.72108886747185,1,1789162777.0748985,38.99138874166667,-76.93662384,-10.383000000000003,0,1,22.972849,12.208036000000002,122.9881,1,1,1789162777.4815764,-0.13901194404336872,0.9869549414552191,0.060335854658489466,-0.05436182109751078,172.25497966988064,-5.194128646398692,-163.61349856055492,-0.0775655735512816,0.057166863385672666,0.22695127128920464,-4.729453173503876,1.7491141228485108,-3.3895705619049075
2026-09-11T17:39:37.518,37.823650655999984,-193.54576110839844,-17419.11849975586,-69676.47399902344,-132.57884635925294,-122.93711284637452,-4.135293006896973,-2.8326757097244264,-6.336515098703524,-0.015649738958939383,0.0,0.048774734139442444,399.5626220703125,17.55890429019928,-0.6256104111671448,-225.21974802017212,-6082.462506630597,1,1789162777.0748985,38.99138874166667,-76.93662384,-10.383000000000003,0,1,22.972849,12.208036000000002,122.9881,1,1,1789162777.5095766,-0.1359927852283709,0.9873520561221916,0.06020196167565043,-0.054932717459765114,172.27646734072246,-5.284533578210624,-163.95846290991676,0.1128381541353114,0.02628151694238101,0.228687873894939,3.3771161161994936,2.022327396354675,-11.268135235347748
2026-09-11T17:39:37.550,37.857051679999984,-193.68502807617188,-17431.65252685547,-69726.61010742188,-132.67424423217776,-123.03251071929932,-4.18706750869751,-2.8681412434577944,-6.415849238228774,-1.061809773657486,0.0,0.040679946541786194,333.2501220703125,14.64478075504303,0.0,0.0,6742.89949973311,1,1789162777.0748985,38.99138874166667,-76.93662384,-10.383000000000003,0,1,22.972849,12.208036000000002,122.9881,1,1,1789162777.5415764,-0.13244179746932389,0.9876947773437493,0.06112476163862496,-0.0564088699195192,172.1658198836578,-5.46504973470017,-164.35083290193037,0.03411979061308755,0.07755422891114364,0.21701319199542374,10.318655366687775,-0.8761261254501344,-5.620583473701477
2026-09-11T17:39:37.584,37.89045872000003,-193.82452392578125,-17444.207153320312,-69776.82861328125,-132.76979888916017,-123.12806537628175,-4.136521816253662,-2.8335174441337587,-6.3383980049520305,1.0364222428563363,0.0,0.040557876229286194,332.2501220703125,14.60083544254303,0.0457763709127903,16.479493528604507,493.29403408932353,1,1789162777.0748985,38.99138874166667,-76.93662384,-10.383000000000003,0,1,22.972849,12.208036000000002,122.9881,1,1,1789162777.5815763,-0.12881270230759032,0.9878544835575994,0.06251140425483645,-0.06035835797512316,171.9637354380425,-5.92036151500886,-164.72526154860412,-0.0058976420754140385,0.24096626518271913,0.18912475041073154,-6.721478020858765,0.8093428378486633,-4.256674569206238
2026-09-11T17:39:37.619,37.923873119999996,-193.9663543701172,-17456.971893310547,-69827.88757324219,-132.86695274353028,-123.22521923065186,-4.189817428588867,-2.870024938583374,-6.420062944218349,-1.0925677088216004,0.0,0.039459243416786194,323.2501220703125,14.20532763004303,0.0,0.0,-493.18537901681543,1,1789162777.0748985,38.99138874166667,-76.93662384,-10.383000000000003,0,1,22.972849,12.208036000000002,122.9881,1,1,1789162777.6095765,-0.1260698307646702,0.9879804830410348,0.06273743136048894,-0.06375717690785006,171.90007053604836,-6.324717546063155,-165.00804243603488,-0.05008379368230408,0.05524124162194733,0.2049365607691742,3.190103297615051,0.9543831937408448,-3.7682053246498106
2026-09-11T17:39:37.651,37.957297247999975,-194.1058349609375,-17469.525146484375,-69878.1005859375,-132.9624969482422,-123.32076343536377,-4.139395236968994,-2.8354857373237614,-6.34280095142215,1.0333613268724497,0.0,0.038368239998817444,314.3126220703125,13.81256639957428,0.0762939527630806,27.465822994709015,821.7364113351435,1,1789162777.0748985,38.99138874166667,-76.93662384,-10.383000000000003,0,1,22.972849,12.208036000000002,122.9881,1,1,1789162777.6415765,-0.12340617847297525,0.9881913559675933,0.06251349881158846,-0.06588491156523606,171.90921177460933,-6.591206816182683,-165.29674865746722,-0.024135809159979187,0.07754270973808047,0.18732671221532698,-2.2719066429710386,-0.9649743759155274,-4.951181533660889
2026-09-11T17:39:37.684,37.990702399999975,-194.24505615234375,-17482.055053710938,-69928.22021484375,-133.05786346435548,-123.41612995147706,-4.1931843757629395,-2.8723312973976136,-6.425222121952421,-1.1029903433414074,0.0,0.03903008997440338,319.7344970703125,14.050832390785217,0.0,0.0,-822.2032037066855,1,1789162777.0748985,38.99138874166667,-76.93662384,-10.383000000000003,0,1,22.972849,12.208036000000002,122.9881,1,1,1789162777.6815765,-0.12024688131705773,0.9885160280944955,0.06305141765774953,-0.06634205653393606,171.86157516541397,-6.661128030082217,-165.6543839829065,0.03762720427789535,0.07301323126330478,0.1868060804994571,1.297714015903473,2.660838388385773,-10.316792103157043
2026-09-11T17:39:37.717,38.02410764799998,-194.3863525390625,-17494.771728515625,-69979.0869140625,-133.15465148925782,-123.5129179763794,-4.246616840362549,-2.908932535648346,-6.507096760129615,-1.0956732981214083,0.0,0.039850249886512756,326.4532470703125,14.346089959144592,-0.1220703199505806,-43.945315182209015,-1315.5212971985184,1,1789162777.0748985,38.99138874166667,-76.93662384,-10.383000000000003,0,1,22.972849,12.208036000000002,122.9881,1,1,1789162777.7095764,-0.11714341972592675,0.9887081099599954,0.06368209166446953,-0.06839798034654986,171.77911307435832,-6.911228979879293,-165.9887746534553,-0.047034354413219584,-0.10587254509060202,0.24915238297334813,3.013681661205292,-0.5979114603614808,-13.010776969089507
2026-09-11T17:39:37.752,38.05750665599999,-194.52752685546875,-17507.477416992188,-70029.90966796875,-133.2513558959961,-123.60962238311768,-4.248525619506836,-2.9102400493621827,-6.510021585008454,-0.039148279908085615,0.0,0.04025079309940338,329.7344970703125,14.490285515785217,0.0,0.0,1315.7670785373148,1,1789162777.0748985,38.99138874166667,-76.93662384,-10.383000000000003,0,1,22.972849,12.208036000000002,122.9881,1,1,1789162777.7495766,-0.11346317041971533,0.9890249847165591,0.06476810423059333,-0.06899841475781783,171.6713899701345,-6.995115240598937,-166.401082565864,0.01782400045306689,0.11087902204994776,0.20528981540977784,2.070576115150452,2.8121550003814697,-5.3950305199813835
2026-09-11T17:39:37.786,38.090924031999975,-194.6710662841797,-17520.395965576172,-70081.58386230469,-133.3496804046631,-123.70794689178467,-4.249485969543457,-2.910897889137268,-6.5114931306757,-0.019685560442735072,0.0,0.04124261438846588,337.8594970703125,14.847341179847717,0.1678466945886612,60.42481005191803,1808.1853599737697,1,1789162777.0748985,38.99138874166667,-76.93662384,-10.383000000000003,0,1,22.972849,12.208036000000002,122.9881,1,1,1789162777.7815764,-0.11003695672258966,0.9892559235146947,0.06419124771519523,-0.07172216995522207,171.72251050545887,-7.341114560641009,-166.77399629029497,0.03508583035406641,0.0843980139740638,0.21743276914760315,1.3191905797576904,-1.3355676855278016,-6.075415908203125
2026-09-11T17:39:37.819,38.12433964799999,-194.81582641601562,-17533.424377441406,-70133.69750976562,-133.4488410949707,-123.8071075820923,-4.3027496337890625,-2.947383499145508,-6.593109115840875,-1.091873033501018,0.0,0.045249953866004944,370.6876220703125,16.28998339176178,0.2441406548023224,87.89063572883606,821.9458135054881,1,1789162777.0748985,38.99138874166667,-76.93662384,-10.383000000000003,0,1,22.972849,12.208036000000002,122.9881,1,1,1789162777.8095765,-0.10685431045937498,0.9894104895467266,0.06513608104517758,-0.07352775297283756,171.61208187103347,-7.560795244988355,-167.11689639871207,-0.0257010204331677,0.03400041009225114,0.26828485676663516,1.9817278646850587,-2.3800739942550657,-9.457141149978638
2026-09-11T17:39:37.851,38.15773968000002,-194.9594268798828,-17546.348419189453,-70185.39367675781,-133.54720741271973,-123.90547389984131,-4.32832145690918,-2.9649001979827885,-6.632292855186975,-0.5244515585273725,0.0,0.05319596827030182,435.7813720703125,19.150548577308655,0.1831054985523224,65.91797947883606,-657.8633292920005,1,1789162777.0748985,38.99138874166667,-76.93662384,-10.383000000000003,0,1,22.972849,12.208036000000002,122.9881,1,1,1789162777.8415763,-0.10267612595329097,0.9896499732188906,0.06653447772229579,-0.07499137911316434,171.46314434959385,-7.745171586733696,-167.5745691164632,-0.020503778986578982,0.04031361506256503,0.299679664818584,-3.8991241043090823,1.7322466845703124,-12.051196250762938
2026-09-11T17:39:37.885,38.191149887999984,-195.10667419433594,-17559.600677490234,-70238.40270996094,-133.64807182312012,-124.0063383102417,-4.380890369415283,-3.000909903049469,-6.712844271316808,-1.0778054739054455,0.0,0.06398774683475494,524.1876220703125,23.03558886051178,0.3814697563648224,137.32911229133606,2137.404616354895,1,1789162777.0748985,38.99138874166667,-76.93662384,-10.383000000000003,0,1,22.972849,12.208036000000002,122.9881,1,1,1789162777.8815765,-0.09694882345610224,0.9900632702071599,0.06888872715376085,-0.07503325854790417,171.23649010422955,-7.77122506461213,-168.2182598371247,-0.12310487892724284,-0.0012754866173574561,0.3410884739867754,-3.8007634031867985,0.9129991300582886,-9.533534954738617
2026-09-11T17:39:37.918,38.224553119999996,-195.25323486328125,-17572.791137695312,-70291.16455078125,-133.74846588134767,-124.10673236846925,-4.408111095428467,-3.0195561003685,-6.754554626808555,-0.5582153642804435,0.0,0.07537652552127838,617.4844970703125,27.135549187660217,0.15258795022964478,54.93166208267212,-2466.7508284418254,1,1789162777.0748985,38.99138874166667,-76.93662384,-10.383000000000003,0,1,22.972849,12.208036000000002,122.9881,1,1,1789162777.9095764,-0.09268899812370615,0.9904283538774071,0.06863873673358643,-0.07582314476550388,171.2886051872355,-7.901511335533446,-168.70432773265333,-0.022534818637124785,0.05854706975814978,0.37813343642620545,-0.3327396399879456,-0.06658715459823608,-8.264750556812286
2026-09-11T17:39:37.953,38.25796060800002,-195.40234375,-17586.2109375,-70344.84375,-133.85060546875002,-124.20887195587159,-4.434954643249512,-3.0379439306259157,-6.795687031643505,-0.5504104426349922,0.0,0.08503152430057526,696.5782470703125,30.611348748207092,0.22888189554214478,82.39748239517212,822.1456313171788,1,1789162777.0748985,38.99138874166667,-76.93662384,-10.383000000000003,0,1,22.972849,12.208036000000002,122.9881,1,1,1789162777.9495764,-0.08521258279794462,0.9909382841324484,0.06809479425381065,-0.0783787711633279,171.3806454301359,-8.263858052524085,-169.5464031575872,-0.03738076378751375,0.06022310943883994,0.41423469933908214,-1.3625359734725953,2.268082049407959,-7.719500807819367
2026-09-11T17:39:37.986,38.291381504000015,-195.5529022216797,-17599.761199951172,-70399.04479980469,-133.9537380218506,-124.31200450897218,-4.487497806549072,-3.0739359974861147,-6.876198992229132,-1.0769330319631096,0.0,0.09684564173221588,793.3594970703125,34.86443102359772,0.3967285752296448,142.82228708267212,1807.994755362276,1,1789162777.0748985,38.99138874166667,-76.93662384,-10.383000000000003,0,1,22.972849,12.208036000000002,122.9881,1,1,1789162777.9815764,-0.07819196278713218,0.9915262970438425,0.06625269858898929,-0.07982605561906612,171.63569259003424,-8.50747322610783,-170.35872496867339,-0.013079497414445505,0.043590121667333975,0.45801384016440716,2.5772857290077207,-0.43031580909729006,-10.024161662330629
2026-09-11T17:39:38.019,38.32479852800003,-195.70135498046875,-17613.121948242188,-70452.48779296875,-134.0554281616211,-124.41369464874269,-4.488711833953857,-3.0747676062583924,-6.878059248072631,-0.024885781937892544,0.0,0.11075593531131744,907.3126220703125,39.87213671207428,0.18310552835464478,65.91799020767212,-2301.3508586211224,1,1789162777.0748985,38.99138874166667,-76.93662384,-10.383000000000003,0,1,22.972849,12.208036000000002,122.9881,1,1,1789162778.0095766,-0.07206447683060772,0.9916634909843648,0.06572523747174623,-0.08420466131465563,171.70368076865006,-9.06370069688861,-171.02849123626095,-0.04724937897706529,0.1105290835349229,0.4817180294003681,1.988886719303131,0.14611908740997315,-6.26958758140564
2026-09-11T17:39:38.052,38.35819929600001,-195.85317993164062,-17626.786193847656,-70507.14477539062,-134.15942825317384,-124.51769474029543,-4.567288398742676,-3.1285925531387333,-6.998462225167166,-1.6114883011185666,0.0,0.11455346643924713,938.4219970703125,41.23924791812897,0.09155279397964478,32.95900583267212,-986.7732494959732,1,1789162777.0748985,38.99138874166667,-76.93662384,-10.383000000000003,0,1,22.972849,12.208036000000002,122.9881,1,1,1789162778.0495765,-0.062419813447803875,0.9921077267531451,0.06542516846375736,-0.08686525621522835,171.80184154204412,-9.450283657251534,-172.1210223107149,-0.16015211029470047,0.1431862882348392,0.5142473014661133,2.2484687490844726,1.1000119486427307,-13.25731615415573
2026-09-11T17:39:38.085,38.39160400000003,-196.00619506835938,-17640.557556152344,-70562.23022460938,-134.26424362182618,-124.62251010894776,-4.5951619148254395,-3.1476859116554263,-7.041172851770362,-0.5715769406812157,0.0,0.11617852747440338,951.7344970703125,41.82426989078522,0.2136230766773224,76.90430760383606,1315.5423191637192,1,1789162778.072167,38.99140013833333,-76.93663418,-10.457,0,1,17.147881,6.953769,72.539289,1,1,1789162778.0815763,-0.05405394723600476,0.9923396474622147,0.06575314588286456,-0.08953613052439409,171.82113560027884,-9.822245045612402,-173.0602585996008,-0.025965263281919643,0.13824351579319125,0.5755505951790124,1.4528552214622499,1.1043268747138977,-13.55671318359375
2026-09-11T17:39:38.120,38.425019808,-196.15933227539062,-17654.339904785156,-70617.35961914062,-134.3691426086426,-124.72740909576417,-4.544575214385986,-3.113034021854401,-6.963658781886179,1.0369909295939836,0.0,0.12227822840213776,1001.7032470703125,44.02016222476959,0.2136230766773224,76.90430760383606,0.0,1,1789162778.072167,38.99140013833333,-76.93663418,-10.457,0,1,17.147881,6.953769,72.539289,1,1,1789162778.1095765,-0.046623787378889704,0.9925716327648832,0.06542370683173086,-0.09136473534847792,171.91911166896935,-10.094457360878176,-173.90640184864233,0.009323723397078907,0.109881566382433,0.5530927455619006,-2.9724937305259704,-1.1563021205711366,-10.149098385391236
2026-09-11T17:39:38.153,38.45843740800001,-196.31544494628906,-17668.390045166016,-70673.56018066406,-134.476079788208,-124.8343462753296,-4.650382041931152,-3.1855116987228396,-7.1257867276369815,-2.168847459674647,0.0,0.1252746731042862,1026.2501220703125,45.09888231754303,-0.030517585575580597,-10.986330807209015,-2630.0703345251172,1,1789162778.072167,38.99140013833333,-76.93663418,-10.457,0,1,17.147881,6.953769,72.539289,1,1,1789162778.1495764,-0.03518709617980673,0.9927218198979926,0.06575276558936671,-0.09456125199150213,171.97744142796364,-10.551470479213702,-175.19798772820172,-0.11604746556387857,0.10476164302170764,0.5750212368168826,2.5359016653251647,-1.2967333508872985,-9.113712261314392
2026-09-11T17:39:38.186,38.49185174400003,-196.46946716308594,-17682.252044677734,-70729.00817871094,-134.58158500671388,-124.93985149383546,-4.625112533569336,-3.1682020854949955,-7.087066225606192,0.5180295436016774,0.0,0.13056184351444244,1069.5626220703125,47.00226366519928,-0.030517593026161194,-10.98633348941803,-8.027120499688747e-05,1,1789162778.072167,38.99140013833333,-76.93663418,-10.457,0,1,17.147881,6.953769,72.539289,1,1,1789162778.1815765,-0.02607222435490049,0.9929854154818091,0.06528396950688059,-0.09506948555152357,172.12662138813718,-10.68451413169428,-176.25453005943237,-0.12739158210306611,0.06630069496013459,0.5817428488321631,1.2822195086479187,0.9670337724494934,-12.303325226421357
2026-09-11T17:39:38.219,38.525260832000015,-196.62574768066406,-17696.317291259766,-70785.26916503906,-134.6886371612549,-125.04690364837647,-4.704187393188477,-3.222368364334107,-7.208232740546938,-1.62130372547541,0.0,0.13671685755252838,1119.9844970703125,49.21806871891022,0.19836431741714478,71.41115427017212,2466.319576267016,1,1789162778.072167,38.99140013833333,-76.93663418,-10.457,0,1,17.147881,6.953769,72.539289,1,1,1789162778.2095764,-0.01770165255081555,0.9931818074898605,0.065879535628357,-0.09453272213120638,172.15021324695786,-10.687020030225906,-177.2224748695169,0.052028265001950964,0.0327493580844216,0.6398022735973057,1.9606435668373108,2.4583310625457764,-11.355316355285645
2026-09-11T17:39:38.252,38.558660703999976,-196.78350830078125,-17710.515747070312,-70842.06298828125,-134.79670318603516,-125.15496967315674,-4.7305169105529785,-3.2404040837287904,-7.2485774958142155,-0.5399936680806597,0.0,0.14361001551151276,1176.4532470703125,51.69960558414459,0.3509522080421448,126.34279489517212,1644.6662018663915,1,1789162778.072167,38.99140013833333,-76.93663418,-10.457,0,1,17.147881,6.953769,72.539289,1,1,1789162778.2495766,-0.005147552413569521,0.9936665470122852,0.06510389597367268,-0.09144276232639242,172.38507074166384,-10.43133173420017,-178.71025087742228,-0.055056062188310724,-0.11470548190202014,0.6429405501253168,-0.9831166787147523,2.289950879268646,-11.700412374477386
2026-09-11T17:39:38.286,38.59206710400002,-196.9438018798828,-17724.942169189453,-70899.76867675781,-134.90650428771974,-125.26477077484132,-4.808859348297119,-3.294068653583527,-7.368621719719764,-1.6064158321358082,0.0,0.14824296534061432,1214.4063720703125,53.367467522621155,-0.015258789993822575,-5.493164397776127,-3946.4282081506535,1,1789162778.072167,38.99140013833333,-76.93663418,-10.457,0,1,17.147881,6.953769,72.539289,1,1,1789162778.2815764,0.005441429551669225,0.9936117459643896,0.06673901918229362,-0.0908404780074238,172.30766152755996,-10.442381667233757,-179.92356936970583,-0.052093714848900755,-0.028124584632487026,0.6726121946067716,-3.378587113723755,-1.1024636111831665,-14.18561365846634
2026-09-11T17:39:38.320,38.62548540800003,-197.10635375976562,-17739.571838378906,-70958.28735351562,-135.01785232543946,-125.37611881256105,-4.809765815734863,-3.2946895837783816,-7.370010701007467,-0.01858054181488037,0.0,0.15205956995487213,1245.6719970703125,54.74144518375397,-0.015258789993822575,-5.493164397776127,0.0,1,1789162778.072167,38.99140013833333,-76.93663418,-10.457,0,1,17.147881,6.953769,72.539289,1,1,1789162778.3095765,0.015447956194014853,0.993586184455531,0.06565375948585438,-0.09076033590672139,172.53971264283985,-10.508702337230826,178.9055492479009,-0.03468091396760372,-0.04039145674720397,0.7004446111224747,-3.1851999725341793,0.896033625278473,-11.63078515832901
2026-09-11T17:39:38.352,38.65888556800002,-197.2687530517578,-17754.187774658203,-71016.75109863281,-135.1290958404541,-125.4873623275757,-4.863125324249268,-3.3312408471107484,-7.451773548476075,-1.0943439592020838,0.0,0.153779998421669,1259.7657470703125,55.36079943180084,-0.0457763709127903,-16.479493528604507,-328.93043419053294,1,1789162778.072167,38.99140013833333,-76.93663418,-10.457,0,1,17.147881,6.953769,72.539289,1,1,1789162778.3495765,0.030225196439448713,0.9931626437692315,0.06488792346319897,-0.09221690685628782,172.78860037135652,-10.78331604619948,177.19518964564475,-0.09440695363547567,-0.0177588996719675,0.7257648007128573,1.2524072921562195,-0.85719929063797,-9.985425394191742
2026-09-11T17:39:38.386,38.69229564800003,-197.43344116210938,-17769.009704589844,-71076.03881835938,-135.24190719604493,-125.60017368316652,-4.915652751922607,-3.3672221350669864,-7.532261397340244,-1.076959048174297,0.0,0.1544666439294815,1265.3907470703125,55.60799181461334,0.015258795581758022,5.493166409432888,657.6655888890642,1,1789162778.072167,38.99140013833333,-76.93663418,-10.457,0,1,17.147881,6.953769,72.539289,1,1,1789162778.3815765,0.04123723688263909,0.9925583009412459,0.06754097470234464,-0.09255120886930294,172.6013768436585,-10.91166435486153,175.94949330225325,0.03502107863881742,0.029987723608990973,0.742426411884096,2.1457931218910216,4.327772782878876,-14.069993253059387
2026-09-11T17:39:38.419,38.72570124800001,-197.5983123779297,-17783.848114013672,-71135.39245605469,-135.35484397888186,-125.71311046600343,-4.941966533660889,-3.385247075557709,-7.572582040886062,-0.5395784087318652,0.0,0.15482713282108307,1268.3438720703125,55.737767815589905,-0.0915527418255806,-32.958987057209015,-1151.0690862210035,1,1789162778.072167,38.99140013833333,-76.93663418,-10.457,0,1,17.147881,6.953769,72.539289,1,1,1789162778.4095764,0.0518466633673673,0.9921282582468255,0.06522310907060096,-0.09348469783315286,172.99235831361372,-11.084752675985966,174.69794509076644,-0.029430614511754383,-0.003703937738582366,0.7448604480589271,4.817026559448243,3.062126513004303,-13.602412173347473
2026-09-11T17:39:38.454,38.759109344000024,-197.7673797607422,-17799.064178466797,-71196.25671386719,-135.4706551361084,-125.82892162322999,-5.021104335784912,-3.439456470012665,-7.693845002712646,-1.6226424413689793,0.0,0.15471650660037994,1267.4376220703125,55.69794237613678,-0.015258789993822575,-5.493164397776127,822.130739190265,1,1789162778.072167,38.99140013833333,-76.93663418,-10.457,0,1,17.147881,6.953769,72.539289,1,1,1789162778.4495764,0.06630236506879969,0.9914234069317261,0.06527498337614099,-0.0917758199059918,173.13958330982177,-10.989737202748133,173.0087218253953,-0.04626466421309009,-0.013107422682477415,0.7581623004200768,-2.303974388999939,0.16877244928359986,-8.52727458164215
2026-09-11T17:39:38.486,38.792516928,-197.93679809570312,-17814.31182861328,-71257.24731445312,-135.58670669555664,-125.94497318267823,-5.074263095855713,-3.4758702206611636,-7.7753002430680915,-1.0899845570552695,0.0,0.15471269190311432,1267.4063720703125,55.696569085121155,0.015258791856467724,5.493165068328381,328.8573476643213,1,1789162778.072167,38.99140013833333,-76.93663418,-10.457,0,1,17.147881,6.953769,72.539289,1,1,1789162778.4815764,0.07792380536612546,0.9905697972669641,0.0648081465214385,-0.09219143910474265,173.32686002144615,-11.112982206467807,171.65402694801804,0.09365628752419292,0.044066771086053634,0.7342870689174203,0.270369344959259,1.4021548401260375,-9.777328277759551
2026-09-11T17:39:38.519,38.825925568,-198.10678100585938,-17829.610290527344,-71318.44116210938,-135.70314498901368,-126.06141147613526,-5.101090908050537,-3.494247272014618,-7.816408536181582,-0.5500688251138599,0.0,0.15428926050662994,1263.9376220703125,55.54413378238678,-0.0610351599752903,-21.972657591104507,-822.1173522606447,1,1789162778.072167,38.99140013833333,-76.93663418,-10.457,0,1,17.147881,6.953769,72.539289,1,1,1789162778.5095766,0.08862694380823313,0.9898900527500754,0.06333104932330724,-0.09084121580689143,173.607967850241,-11.015311018112302,170.38463746823425,-0.06430892521775866,-0.09673016140280533,0.7667109230963449,1.2996753459358217,3.723585066413879,-11.371791527557372
2026-09-11T17:39:38.553,38.859326495999994,-198.28074645996094,-17845.267181396484,-71381.06872558594,-135.82231132507326,-126.18057781219484,-5.180907726287842,-3.548921792507172,-7.938711955322047,-1.6369162106084956,0.0,0.15424920618534088,1263.6094970703125,55.52971422672272,-0.0762939602136612,-27.46582567691803,-164.461540883381,1,1789162778.072167,38.99140013833333,-76.93663418,-10.457,0,1,17.147881,6.953769,72.539289,1,1,1789162778.5495765,0.10394442031806936,0.9889892050903163,0.059487605525828054,-0.08693178065798658,174.18428773387748,-10.62125601634729,168.54134636994021,0.11335599332437811,-0.19620502758729697,0.7876958893576989,-0.17642163640975952,-0.2718403424835205,-5.206742836875915
2026-09-11T17:39:38.587,38.89273295999999,-198.4561309814453,-17861.051788330078,-71444.20715332031,-135.94244972229004,-126.30071620941163,-5.23472261428833,-3.5857849907875066,-8.021172581396526,-1.103475012510754,0.0,0.15443040430545807,1265.0938720703125,55.594945549964905,0.0762939378619194,27.465817630290985,1644.3417449753738,1,1789162778.072167,38.99140013833333,-76.93663418,-10.457,0,1,17.147881,6.953769,72.539289,1,1,1789162778.5815763,0.11608620800728846,0.9880178996581129,0.05834662330916614,-0.08330842582883104,174.40400785679128,-10.263005571132835,167.10054984334454,0.07882133794809153,-0.2759468521828903,0.7814275393491612,2.7448813802719116,-1.1748366893768312,-6.168186818733215
2026-09-11T17:39:38.621,38.92615561600002,-198.6339874267578,-17877.058868408203,-71508.23547363281,-136.06428138732912,-126.4225478744507,-5.338685035705566,-3.6569992494583135,-8.180474341129003,-2.130718117397622,0.0,0.15377618372440338,1259.7344970703125,55.35942614078522,0.0,0.0,-821.7724417313934,1,1789162778.072167,38.99140013833333,-76.93663418,-10.457,0,1,17.147881,6.953769,72.539289,1,1,1789162778.6095765,0.12630236850950155,0.9869620037778829,0.05844130131478289,-0.08085993512408299,174.46751278338274,-10.042225999471777,165.90135303714658,-0.005182057082096364,-0.1435229622475489,0.7181471366596027,-1.9155329760932922,-1.4057833006858826,-2.3254509528541565
2026-09-11T17:39:38.653,38.959569472,-198.81346130371094,-17893.211517333984,-71572.84606933594,-136.187220993042,-126.54548748016359,-5.4168524742126465,-3.710543944835663,-8.300250413465593,-1.6024698070578622,0.0,0.14710046350955963,1205.0469970703125,52.95616686344147,-0.3356934189796448,-120.84963083267212,-3616.7520094878932,1,1789162778.072167,38.99140013833333,-76.93663418,-10.457,0,1,17.147881,6.953769,72.539289,1,1,1789162778.6495764,0.14128843974362504,0.9848588421083905,0.061423295634987586,-0.07948469455856946,174.25790443217875,-10.015769050808563,164.17561584626137,-0.49814175219456,-0.33965206801238407,0.6981278610733774,-11.383461441249848,-5.58420080160141,-1.7842219304275513
2026-09-11T17:39:38.686,38.992973984,-198.99295043945312,-17909.36553955078,-71637.46215820312,-136.3101710510254,-126.66843753814699,-5.443787097930908,-3.7289941620826723,-8.341522374021716,-0.5523271002134996,0.0,0.127626433968544,1045.5157470703125,45.94551622867584,-0.8850098848342896,-318.60355854034424,-5919.976550103396,1,1789162778.072167,38.99140013833333,-76.93663418,-10.457,0,1,17.147881,6.953769,72.539289,1,1,1789162778.6815765,0.15200566789197856,0.9832979561127866,0.06197899608988717,-0.07860032109870568,174.28963071569217,-9.986572987748099,162.92401470209492,-0.33287041667083495,-0.2075381485521969,0.5947890104578956,0.10169496217727662,1.899352003326416,-14.627697447757722
2026-09-11T17:39:38.720,39.026380512,-199.1731719970703,-17925.585479736328,-71702.34191894531,-136.43362281799318,-126.79188930511475,-5.393126010894775,-3.6942913174629215,-8.263894321454272,1.0388042905790857,0.0,0.1024952083826065,839.6407470703125,36.89827501773834,-0.07629406452178955,-27.46586322784424,8714.994126671776,1,1789162778.072167,38.99140013833333,-76.93663418,-10.457,0,1,17.147881,6.953769,72.539289,1,1,1789162778.7095764,0.16044549283040851,0.9819854027834658,0.06143000125559121,-0.07866554198846941,174.44016737874375,-10.032639490557445,161.92940256985017,0.03781377997493355,0.11353314424345554,0.5760631983803232,-6.9763528585624695,-1.120507847480774,-8.228073685207367
2026-09-11T17:39:38.755,39.05978070399999,-199.3518829345703,-17941.669464111328,-71766.67785644531,-136.55603981018066,-126.91430629730226,-5.342174053192139,-3.6593892264366152,-8.18582056736894,1.0449667782244791,0.0,0.08350373804569244,684.0626220703125,30.06134569644928,-0.8087158799171448,-291.1377167701721,-7894.321491996942,1,1789162778.072167,38.99140013833333,-76.93663418,-10.457,0,1,17.147881,6.953769,72.539289,1,1,1789162778.7495766,0.16971776363440463,0.9804853574180562,0.06136423745408181,-0.07796649894282676,174.530367613004,-10.00413344637665,160.83840441499967,0.03741479770792764,0.16606371500413045,0.49930274521298657,0.4694443432426453,0.4408089247703552,-10.815460263881684
2026-09-11T17:39:38.787,39.09320025599999,-199.5321044921875,-17957.889404296875,-71831.5576171875,-136.67949157714844,-127.03775806427002,-5.3173394203186035,-3.6423775029182437,-8.1477664256403,0.5090350558371505,0.0,0.0658874660730362,539.7501220703125,23.71948778629303,-0.3051758408546448,-109.86330270767212,5424.202396923535,1,1789162778.072167,38.99140013833333,-76.93663418,-10.457,0,1,17.147881,6.953769,72.539289,1,1,1789162778.7815764,0.17525875296024215,0.9797217834628575,0.060423895263813934,-0.0760167705202343,174.6574864686825,-9.795389536466933,160.17382586818815,-0.011698941976117991,0.12162920304468164,0.35152571744662675,-4.090549915466308,0.2975337659072876,-11.848492791919709
2026-09-11T17:39:38.820,39.12660384000003,-199.70657348632812,-17973.59161376953,-71894.36645507812,-136.79900283813478,-127.15726932525635,-5.2672343254089355,-3.6080555129051213,-8.070990320564418,1.0274942357406984,0.0,0.043916717171669006,359.7657470703125,15.810018181800842,-0.9307861924171448,-335.0830292701721,-6742.382091760666,1,1789162778.072167,38.99140013833333,-76.93663418,-10.457,0,1,17.147881,6.953769,72.539289,1,1,1789162778.8095765,0.17970859346057233,0.9791277385893725,0.059385625110527654,-0.07407456035317465,174.78252152892017,-9.578638508683884,159.63687564685807,0.05413295754693093,-0.015859981445797672,0.28798700602777316,-2.3701692775917054,-0.7954173946189881,-17.992653317756652
2026-09-11T17:39:38.853,39.160003328000016,-199.8826446533203,-17989.438018798828,-71957.75207519531,-136.91961158752443,-127.27787807464601,-5.269057273864746,-3.6093042325973514,-8.07378362696257,-0.03738739025672132,0.0,0.038118377327919006,312.2657470703125,13.722615838050842,0.21362310647964478,76.90431833267212,12335.139616601677,1,1789162778.072167,38.99140013833333,-76.93663418,-10.457,0,1,17.147881,6.953769,72.539289,1,1,1789162778.8495765,0.18471854813587887,0.9781541594362336,0.0586534310726884,-0.07518825290941221,174.93807527062572,-9.715739846012225,159.04243364447095,0.04350617133031305,-0.04790352838071277,0.2393780155634043,0.7098053387069703,-0.9107436005210876,-10.248047485523223
2026-09-11T17:39:38.888,39.19340870399998,-200.053466796875,-18004.81201171875,-72019.248046875,-137.03662475585938,-127.39489124298096,-5.140287399291992,-3.521096868515015,-7.876469373020337,2.640514032305365,0.0,0.037942901253700256,310.8282470703125,13.659444451332092,-0.1220703199505806,-43.945315182209015,-3617.6702071851773,1,1789162778.072167,38.99140013833333,-76.93663418,-10.457,0,1,17.147881,6.953769,72.539289,1,1,1789162778.8815765,0.1888262368055698,0.9776545614004349,0.0571872385813789,-0.07256604309321686,175.09147275443416,-9.40929140533754,158.5409568079032,-0.18561297342279376,-0.07657317933859761,0.2349405159402087,-1.6972369434928893,-1.8920950822067262,-7.380092645721436
2026-09-11T17:39:38.921,39.22681590399998,-200.22218322753906,-18019.996490478516,-72079.98596191406,-137.15219551086426,-127.51046199798584,-5.063557147979736,-3.4685366463661196,-7.758895504577031,1.5733201869326585,0.0,0.04570581018924713,374.4219970703125,16.454091668128967,0.1831054985523224,65.91797947883606,3288.6112772410656,1,1789162778.072167,38.99140013833333,-76.93663418,-10.457,0,1,17.147881,6.953769,72.539289,1,1,1789162778.9095764,0.19258916637320353,0.9771227388768152,0.056713248506272025,-0.07017245620192977,175.13074710508866,-9.147634049136917,158.08980589151105,-0.022855959219491743,-0.12867527176790794,0.2709173368774182,0.1843650230407715,1.541997671432495,-12.456014769439697
2026-09-11T17:39:38.955,39.260224096,-200.39456176757812,-18035.51055908203,-72142.04223632812,-137.27027481079102,-127.6285412979126,-5.116703987121582,-3.504942231178284,-7.840332478476825,-1.0897202941164146,0.0,0.053764358162879944,440.4376220703125,19.35516893863678,0.04577639698982239,16.47950291633606,-1479.8309517157902,1,1789162778.072167,38.99140013833333,-76.93663418,-10.457,0,1,17.147881,6.953769,72.539289,1,1,1789162778.9495764,0.1988660351720154,0.9762037420924401,0.05847965516695462,-0.06370780102337047,174.8466410046699,-8.490349251835786,157.3540233961474,-0.19624918441737238,-0.2411537135443833,0.3411862124248871,-2.293481273326874,1.515617782497406,-12.680881257648469
2026-09-11T17:39:38.988,39.29364400000003,-200.56710815429688,-18051.03973388672,-72204.15893554688,-137.38846908569337,-127.74673557281496,-5.194839954376221,-3.5584653687477115,-7.960060327370498,-1.601534749153802,0.0,0.058853164315223694,482.1251220703125,21.18713915348053,0.1831054985523224,65.91797947883606,1479.3123451958402,1,1789162778.072167,38.99140013833333,-76.93663418,-10.457,0,1,17.147881,6.953769,72.539289,1,1,1789162778.9815764,0.20482818253463062,0.9750501051500242,0.061076700639633205,-0.05993617209551645,174.51880569684414,-8.157921825480399,156.66399676768037,-0.2479224494494677,-0.26292826675933934,0.3633225723937816,1.0193032178115846,2.774301330757141,-14.613673938026428
2026-09-11T17:39:39.020,39.32705059199998,-200.74147033691406,-18066.732330322266,-72266.92932128906,-137.50790718078613,-127.86617366790773,-5.246662139892578,-3.5939635658264164,-8.039467532718353,-1.0626105494017244,0.0,0.059898391366004944,490.6876220703125,21.56342089176178,0.1068115308880806,38.452151119709015,-822.1679230006182,1,1789162778.072167,38.99140013833333,-76.93663418,-10.457,0,1,17.147881,6.953769,72.539289,1,1,1789162779.0095766,0.21025937959425506,0.9741307992854008,0.06164834974316209,-0.05531419483432852,174.3918932673566,-7.682922545595128,156.0167816362917,-0.09198879995683754,-0.4304536950120151,0.38900561593565375,1.5789687425422667,0.4237453534889221,-8.315941270656586
2026-09-11T17:39:39.054,39.36045084800003,-200.9145050048828,-18082.305450439453,-72329.22180175781,-137.62643592834473,-127.98470241546632,-5.16943359375,-3.54106201171875,-7.921130126428834,1.5838667256798036,0.0,0.05908586084842682,484.0313720703125,21.270909905433655,0.015258789993822575,5.493164397776127,-986.7884462287842,1,1789162778.072167,38.99140013833333,-76.93663418,-10.457,0,1,17.147881,6.953769,72.539289,1,1,1789162779.0495765,0.21725611786578872,0.9727537683670973,0.06061049108877191,-0.053630716454995626,174.523741772414,-7.508597578687885,155.17982659606173,-0.0055075609875933065,-0.13939211697392873,0.3546472388138186,2.8019560842132565,-2.9729840630340574,-4.089961516456603
2026-09-11T17:39:39.089,39.393865568000024,-201.08944702148438,-18098.050231933594,-72392.20092773438,-137.7462712097168,-128.10453769683838,-5.170689105987549,-3.5419220376014713,-7.923053949538,-0.02573793474017619,0.0,0.050905242562294006,417.0157470703125,18.325887322425842,-0.6866455674171448,-247.19240427017212,-7562.103428308768,1,1789162779.072153,38.991415886666665,-76.93663663333334,-10.490000000000002,0,1,17.139599999999998,6.953769,72.539289,1,1,1789162779.0815763,0.22319129841445295,0.9713691021276409,0.06289838767007602,-0.05168659954297881,174.2636152013646,-7.382359916608884,154.48990106585183,-0.28318019473485556,-0.2703403310267089,0.3652658219829521,5.074058860187531,-3.6794551406860347,-4.557052263660431
2026-09-11T17:39:39.122,39.427286528000025,-201.26046752929688,-18113.44207763672,-72453.76831054688,-137.86342025756838,-128.22168674468995,-5.093327522277832,-3.4889293527603153,-7.804512689603417,1.5856122876528567,0.0,0.037141814827919006,304.2657470703125,13.371053338050842,0.015258789993822575,5.493164397776127,7560.691514185767,1,1789162779.072153,38.991415886666665,-76.93663663333334,-10.490000000000002,0,1,17.139599999999998,6.953769,72.539289,1,1,1789162779.1215765,0.22812540389013364,0.9703885253059789,0.06106245330002886,-0.050757135965622764,174.48414557945512,-7.259767436500927,153.89167220563257,0.07460165541554482,-0.1651875597196293,0.18629993501637873,-8.698694826469422,2.7856770449447628,-5.148491334915161
2026-09-11T17:39:39.155,39.46070361599999,-201.4240264892578,-18128.162384033203,-72512.64953613281,-137.9754581451416,-128.3337246322632,-4.912108898162842,-3.364794595241547,-7.526831145404311,3.714708999147369,0.0,0.03206445276737213,262.6719970703125,11.543202996253967,-0.1373291313648224,-49.43848729133606,-1643.819224738261,1,1789162779.072153,38.991415886666665,-76.93663663333334,-10.490000000000002,0,1,17.139599999999998,6.953769,72.539289,1,1,1789162779.1495764,0.23103847516314976,0.9697290874147572,0.05973463786644959,-0.05175415978443522,174.68100484767794,-7.352708072239303,153.5401682878216,0.03145955976719779,0.10803396083627181,0.22991012797011062,2.3743861371612547,-0.8115983673858642,-1.903666929397583
2026-09-11T17:39:39.188,39.49411107200001,-201.5850067138672,-18142.650604248047,-72570.60241699219,-138.08572959899902,-128.44399608612062,-4.861544609069824,-3.33015805721283,-7.449351416456752,1.0367906502277784,0.0,0.01799584925174713,147.4219970703125,6.478505730628967,-0.5645752549171448,-203.24709177017212,-4604.020266575888,1,1789162779.072153,38.991415886666665,-76.93663663333334,-10.490000000000002,0,1,17.139599999999998,6.953769,72.539289,1,1,1789162779.1815765,0.2334568112819841,0.9691704152530013,0.058938672275301286,-0.05227672880735469,174.80246943639656,-7.403107854918954,153.24934467148154,0.15050410472260103,-0.09797562835702849,0.14273669141952547,0.4261970160293579,0.41050637577056887,-5.991667115821838
2026-09-11T17:39:39.221,39.527514208000014,-201.7449951171875,-18157.049560546875,-72628.1982421875,-138.19532165527346,-128.55358814239503,-4.837292671203613,-3.313545479774475,-7.412190139080332,0.49733586206854263,0.0,-0.0042247772216796875,-34.609375,-1.5209197998046875,-0.3204346299171448,-115.35646677017212,2631.2087883002805,1,1789162779.072153,38.991415886666665,-76.93663663333334,-10.490000000000002,0,1,17.139599999999998,6.953769,72.539289,1,1,1789162779.2095764,0.23429001981468184,0.969028249833796,0.05891093302632884,-0.051204878764171395,174.7838405448081,-7.287166575745819,153.14831493188322,0.004971570374305847,-0.04391388024357893,0.04168160413027818,-5.220472147102356,-1.747348925819397,-8.471670875225067
2026-09-11T17:39:39.256,39.561033952,-201.9063720703125,-18171.573486328125,-72686.2939453125,-138.30586486816406,-128.66413135528566,-4.759799480438232,-3.2604626441001896,-7.293447217475363,1.5836289105997752,0.0,-0.02700042724609375,-221.1875,-9.72015380859375,-1.1444092988967896,-411.98734760284424,-8849.43753844812,1,1789162779.072153,38.991415886666665,-76.93663663333334,-10.490000000000002,0,1,17.139599999999998,6.953769,72.539289,1,1,1789162779.2495766,0.23444437393872689,0.9689349016148286,0.06006792689862214,-0.05091989904980649,174.64758301050705,-7.287101555438322,153.13723939544022,0.041410729030368666,0.0024478242759220473,-0.02210895829963817,6.535740066795349,-4.134974040699006,-8.331926110420227
2026-09-11T17:39:39.289,39.59446870400001,-202.0672607421875,-18186.053466796875,-72744.2138671875,-138.41607360839845,-128.77434009552002,-4.786564350128174,-3.2787965798377994,-7.334459063703015,-0.5483496853096732,0.0,-0.043426513671875,-355.75,-15.633544921875,0.0457763746380806,16.479494869709015,12815.01482267575,1,1789162779.072153,38.991415886666665,-76.93663663333334,-10.490000000000002,0,1,17.139599999999998,6.953769,72.539289,1,1,1789162779.2815764,0.23309217737767834,0.9694157255015083,0.05847927598300335,-0.04981327409657573,174.78698936557683,-7.113868384169621,153.2844731341932,0.06497686272249689,-0.046609715806209366,-0.1259138118254025,-2.2536662736701962,0.4974913627052307,-3.798605940151215
2026-09-11T17:39:39.321,39.62787212799998,-202.2268524169922,-18200.416717529297,-72801.66687011719,-138.52539390563965,-128.88366039276124,-4.813164234161377,-3.2970175004005435,-7.375218102184458,-0.5454806238653854,0.0,-0.07143020629882812,-585.15625,-25.714874267578125,-0.8697510957717896,-313.11039447784424,-9866.949248910518,1,1789162779.072153,38.991415886666665,-76.93663663333334,-10.490000000000002,0,1,17.139599999999998,6.953769,72.539289,1,1,1789162779.3095765,0.23045047671339844,0.9700763281500917,0.05984407140652153,-0.04757291732586899,174.55648667150592,-6.885229695347675,153.60086363163816,-0.1759291886010284,-0.16468036703899977,-0.21565637303492333,2.840496219348908,-0.6526325682640075,-4.208425850410461
2026-09-11T17:39:39.355,39.661278847999995,-202.38865661621094,-18214.979095458984,-72859.91638183594,-138.6362297821045,-128.9944962692261,-4.839679718017578,-3.3151806068420413,-7.415847814159891,-0.5436961917090003,0.0,-0.09257316589355469,-758.359375,-33.32633972167969,-0.6103516817092896,-219.72660541534424,2795.3594085996583,1,1789162779.072153,38.991415886666665,-76.93663663333334,-10.490000000000002,0,1,17.139599999999998,6.953769,72.539289,1,1,1789162779.3495765,0.2252905923331969,0.9711659989462665,0.0613447999715666,-0.048141115621740206,174.3654135071943,-6.958294695950934,154.2219712511948,-0.030351275692181393,-0.004331907203449926,-0.28737998051392954,-0.25438450519561767,1.3257610353660585,-8.57120837436676
2026-09-11T17:39:39.388,39.69468713600003,-202.55264282226562,-18229.737854003906,-72918.95141601562,-138.74856033325196,-129.10682682037356,-4.918064594268799,-3.3688742470741273,-7.535957066647557,-1.6071952035385344,0.0,-0.10894393920898438,-892.46875,-39.219818115234375,-0.03051769733428955,-10.986371040344238,6248.157175093729,1,1789162779.072153,38.991415886666665,-76.93663663333334,-10.490000000000002,0,1,17.139599999999998,6.953769,72.539289,1,1,1789162779.3815765,0.2196907992858667,0.9723967989508892,0.06141385880564147,-0.04907907951257704,174.3405937825807,-7.03252721216583,154.8861717840485,-0.02585234047931561,-0.1465902038750037,-0.4018716595825803,0.1956426707267761,-0.35813886390686034,-9.788900124950409
2026-09-11T17:39:39.422,39.72809084800002,-202.7182159423828,-18244.639434814453,-72978.55773925781,-138.86197792053224,-129.2202444076538,-4.971635341644287,-3.405570209026337,-7.618043595710302,-1.0985594041828497,0.0,-0.11502456665039062,-942.28125,-41.408843994140625,-0.3509521782398224,-126.34278416633606,-3453.401021000592,1,1789162779.072153,38.991415886666665,-76.93663663333334,-10.490000000000002,0,1,17.139599999999998,6.953769,72.539289,1,1,1789162779.4215765,0.21133145602286885,0.9742059811878222,0.0625632588383774,-0.04845163110411081,174.13591076690614,-6.940982484447324,155.8772171856534,-0.0012550662651091224,0.026674739622855336,-0.4792038826128703,4.792509934043885,-4.140563831291199,-1.207296701412201
2026-09-11T17:39:39.456,39.76150080000002,-202.8875732421875,-18259.881591796875,-73039.5263671875,-138.97798767089844,-129.33625415802004,-5.0507731437683105,-3.459779603481293,-7.739306557536885,-1.6225522998343955,0.0,-0.12500953674316406,-1024.078125,-45.00343322753906,-0.3509521782398224,-126.34278416633606,0.0,1,1789162779.072153,38.991415886666665,-76.93663663333334,-10.490000000000002,0,1,17.139599999999998,6.953769,72.539289,1,1,1789162779.4495764,0.2047066140308084,0.9754964458478508,0.06484746565150805,-0.04792381984806036,173.8186931885678,-6.894898318325874,156.6697878593583,-0.13027975294926633,-0.0103421230156176,-0.5013665970534699,5.696879211959839,-0.44384898632049563,-8.113630077819824
2026-09-11T17:39:39.489,39.794922111999995,-203.06130981445312,-18275.51788330078,-73102.07153320312,-139.0969972229004,-129.455263710022,-5.18182897567749,-3.549552848339081,-7.9401235870147575,-2.6861077404100757,0.0,-0.13969993591308594,-1144.421875,-50.29197692871094,-0.19836431741714478,-71.41115427017212,1643.6108162422868,1,1789162779.072153,38.991415886666665,-76.93663663333334,-10.490000000000002,0,1,17.139599999999998,6.953769,72.539289,1,1,1789162779.4815764,0.19665480998423251,0.977237721921848,0.06563234431473673,-0.045007954217160015,173.60988250167935,-6.533306945877923,157.60914527505938,0.027775344249162958,0.16939677027666403,-0.4964241736776724,-4.035240408554078,-0.35009741077423095,-11.822701301994325
2026-09-11T17:39:39.522,39.828324959999975,-203.23480224609375,-18291.132202148438,-73164.52880859375,-139.21583953857424,-129.5741060256958,-5.260966777801514,-3.603762242794037,-8.061386548841341,-1.6228973785405416,0.0,-0.14505958557128906,-1188.328125,-52.22145080566406,-0.4730225205421448,-170.28810739517212,-2960.13540896449,1,1789162779.072153,38.991415886666665,-76.93663663333334,-10.490000000000002,0,1,17.139599999999998,6.953769,72.539289,1,1,1789162779.5215764,0.18523708637242367,0.9792640857616519,0.06728953424089477,-0.04691684933256347,173.38508947669374,-6.708438272174668,158.96516455475228,-0.013777105516467639,0.1338836833217094,-0.5959013087901915,2.8875681401252744,0.7935541310882569,-17.455445021896363
2026-09-11T17:39:39.556,39.86172329599998,-203.4156494140625,-18307.408447265625,-73229.6337890625,-139.33971984863283,-129.6979863357544,-5.365607738494873,-3.675441300868988,-8.221728035229473,-2.146186506864921,0.0,-0.16490554809570312,-1350.90625,-59.365997314453125,-0.7171631455421448,-258.1787323951721,-2631.5869449300562,1,1789162779.072153,38.991415886666665,-76.93663663333334,-10.490000000000002,0,1,17.139599999999998,6.953769,72.539289,1,1,1789162779.5495765,0.17638449888735938,0.9806852570004115,0.06914904609268056,-0.04861424357906094,173.14622003967347,-6.877338923820098,160.02008964057268,-0.09028780206784387,0.06486585978207006,-0.6555125057932824,-1.0403875156593323,4.322379125289917,-2.1020554621696474
2026-09-11T17:39:39.590,39.895143104,-203.5997772216797,-18323.979949951172,-73295.91979980469,-139.4658473968506,-129.8241138839722,-5.4187822341918945,-3.711865830421448,-8.30320738730638,-1.089908402598811,0.0,-0.18018722534179688,-1476.09375,-64.86740112304688,0.0,0.0,7725.320636043863,1,1789162779.072153,38.991415886666665,-76.93663663333334,-10.490000000000002,0,1,17.139599999999998,6.953769,72.539289,1,1,1789162779.5815763,0.16494758778573662,0.982444608604331,0.07035914118930467,-0.05142446459665978,172.97915283445414,-7.137707140483016,161.3768541232277,-0.04858333412436456,0.07355253800217103,-0.7475369104668605,5.480152243385315,2.1139215088653565,-3.5123498219299316
2026-09-11T17:39:39.622,39.92855753600003,-203.78543090820312,-18340.68878173828,-73362.75512695312,-139.59302017211914,-129.95128665924074,-5.524632453918457,-3.7843732309341434,-8.465401822955751,-2.169942631753612,0.0,-0.18508148193359375,-1516.1875,-66.62933349609375,-0.4119873344898224,-148.31544041633606,-4438.664120228252,1,1789162779.072153,38.991415886666665,-76.93663663333334,-10.490000000000002,0,1,17.139599999999998,6.953769,72.539289,1,1,1789162779.6215765,0.14958865699936783,0.9843567884535698,0.07394821819177055,-0.05653855099630348,172.54030408928102,-7.66795069370678,163.21883492976494,-0.05098857236653794,0.21211475091677645,-0.7934406405906381,1.6994924730300904,2.7936204315757753,0.23006401279449465
2026-09-11T17:39:39.655,39.96195705600002,-203.9731903076172,-18357.587127685547,-73430.34851074219,-139.72163536071778,-130.07990184783935,-5.630030632019043,-3.856570982933045,-8.626903594606837,-2.16164040677606,0.0,-0.195465087890625,-1601.25,-70.367431640625,-0.2136230766773224,-76.90430760383606,2138.088595660161,1,1789162779.072153,38.991415886666665,-76.93663663333334,-10.490000000000002,0,1,17.139599999999998,6.953769,72.539289,1,1,1789162779.6495764,0.13805036996817244,0.9856967376035328,0.07581057963522529,-0.05997326775134203,172.28765874149045,-7.999373094205538,164.5948247137241,-0.1029554017788187,0.15301947324057524,-0.8307097033060242,-1.611036488571167,4.6296214748573306,-4.53184917274475
2026-09-11T17:39:39.689,39.995364096,-204.16395568847656,-18374.75601196289,-73499.02404785156,-139.85230964660644,-130.21057613372804,-5.682960033416748,-3.8928276228904726,-8.708007388355558,-1.0852993847237895,0.0,-0.20743370056152344,-1699.296875,-74.67613220214844,-0.19836431741714478,-71.41115427017212,164.431010160321,1,1789162779.072153,38.991415886666665,-76.93663663333334,-10.490000000000002,0,1,17.139599999999998,6.953769,72.539289,1,1,1789162779.681568,0.12445923138861874,0.9871607211161609,0.07748723893809445,-0.06339825083806477,172.02979706526025,-8.305809343713674,166.2079952855509,-0.1777767941471896,0.060937123635830814,-0.8935284664084302,3.955022010231018,0.8926993642234802,-7.8286488241195675
2026-09-11T17:39:39.724,40.02877167999998,-204.3573455810547,-18392.161102294922,-73568.64440917969,-139.98478172302248,-130.34304821014405,-5.787430763244629,-3.964390072822571,-8.868088029756994,-2.1421019230888954,0.0,-0.20648956298828125,-1691.5625,-74.33624267578125,0.0,0.0,2137.5731411833744,1,1789162779.072153,38.991415886666665,-76.93663663333334,-10.490000000000002,0,1,17.139599999999998,6.953769,72.539289,1,1,1789162779.721568,0.10673337653738843,0.9888639837240518,0.08132134516773964,-0.06436495045003537,171.45099436715378,-8.317345881705704,168.30196864895024,-0.006957755063075395,0.06126786352908375,-0.8912586657162115,5.87398731388092,-0.8340555962562561,-13.160720650062562
2026-09-11T17:39:39.757,40.062189664000016,-204.5579071044922,-18410.211639404297,-73640.84655761719,-140.12216636657715,-130.48043285369874,-5.917834281921387,-4.05371648311615,-9.067905518781643,-2.673004161276623,0.0,-0.2078857421875,-1703.0,-74.8388671875,-0.1068115308880806,-38.452151119709015,-1150.6424540649834,1,1789162779.072153,38.991415886666665,-76.93663663333334,-10.490000000000002,0,1,17.139599999999998,6.953769,72.539289,1,1,1789162779.749568,0.09392911773769926,0.9897448872763079,0.0833194089697989,-0.06811941749860569,171.14782148024517,-8.655551457882366,169.82870714863733,-0.055177362571324336,0.14045292809329088,-0.9135819504479946,7.538862311840058,-1.3892100619125367,-14.292604211730957
2026-09-11T17:39:39.790,40.09560876799998,-204.75953674316406,-18428.358306884766,-73713.43322753906,-140.2602826690674,-130.61854915618898,-6.048592567443848,-4.143285908699036,-9.268266617526466,-2.680186326449388,0.0,-0.2076740264892578,-1701.265625,-74.76264953613281,0.0,0.0,1150.6038917067897,1,1789162779.072153,38.991415886666665,-76.93663663333334,-10.490000000000002,0,1,17.139599999999998,6.953769,72.539289,1,1,1789162779.781568,0.07918773103611337,0.9906633346606929,0.08592517646266319,-0.07023051090635983,170.73431464771244,-8.78679205921364,171.57309458557938,-0.07794727705869275,0.04218390988900215,-0.935951835470806,1.0295021339797974,1.4699187927436828,-14.94729617652893
2026-09-11T17:39:39.823,40.129012063999994,-204.95957946777344,-18446.36215209961,-73785.44860839844,-140.39731193542482,-130.7555784225464,-6.049546718597412,-4.143939502239228,-9.269728664636773,-0.019566737970754797,0.0,-0.2074737548828125,-1699.625,-74.6905517578125,-0.015258789993822575,-5.493164397776127,-164.44977159659013,1,1789162779.072153,38.991415886666665,-76.93663663333334,-10.490000000000002,0,1,17.139599999999998,6.953769,72.539289,1,1,1789162779.821568,0.06093779476116172,0.9917751409441995,0.08695222971869775,-0.07147002673643513,170.46220159190298,-8.763818082727251,173.70052007015482,-0.16041198982032243,0.03863478285507168,-0.9331996257733361,2.781362118873596,1.0570588209342957,-5.8587870061302185
2026-09-11T17:39:39.856,40.162421791999975,-205.16233825683594,-18464.610443115234,-73858.44177246094,-140.53620170593263,-130.89446819305422,-6.050139904022217,-4.144345834255219,-9.270637603469968,-0.012162086922459422,0.0,-0.2076244354248047,-1700.859375,-74.74479675292969,-0.0915527418255806,-32.958987057209015,-822.0905797092547,1,1789162779.072153,38.991415886666665,-76.93663663333334,-10.490000000000002,0,1,17.139599999999998,6.953769,72.539289,1,1,1789162779.849568,0.04778812346600634,0.9923726601028999,0.08758481600589434,-0.07239957694010092,170.27741816452607,-8.746658790183682,175.23139313355344,-0.06106156561149802,0.03873129956270696,-0.9535000739020577,3.741433169708252,-0.6990180235290527,-9.03094413394928
2026-09-11T17:39:39.891,40.19584064000003,-205.365478515625,-18482.89306640625,-73931.572265625,-140.67535278320312,-131.03361927032472,-6.051794528961182,-4.14547925233841,-9.273172987514327,-0.0339155342275338,0.0,-0.20724105834960938,-1697.71875,-74.60678100585938,0.0610351637005806,21.972658932209015,1643.732482619693,1,1789162779.072153,38.991415886666665,-76.93663663333334,-10.490000000000002,0,1,17.139599999999998,6.953769,72.539289,1,1,1789162779.881568,0.032740024380371095,0.9931919232845982,0.08657819787873823,-0.07072559634166158,170.26084237366834,-8.404303157927735,176.94120505847886,-0.031331278067176206,-0.12344940692158653,-0.9510491080334822,-4.09280544500351,0.25301157417297365,-4.61471536661148
2026-09-11T17:39:39.924,40.22925964799998,-205.56356811523438,-18500.721130371094,-74002.88452148438,-140.81104415893554,-131.16931064605714,-5.948745250701904,-4.074890496730805,-9.115270438284718,2.112233720633002,0.0,-0.2067279815673828,-1693.515625,-74.42207336425781,0.030517607927322388,10.98633885383606,-328.74464970319895,1,1789162779.072153,38.991415886666665,-76.93663663333334,-10.490000000000002,0,1,17.139599999999998,6.953769,72.539289,1,1,1789162779.921568,0.014227688649402576,0.993447466731013,0.08813950713561104,-0.07135216186857908,169.92577839552865,-8.295431007742405,179.09142617327183,-0.011930372634932438,0.019413471802858125,-0.8538025037050117,1.0525477618598937,2.2466054855537414,-8.882177250995637
2026-09-11T17:39:39.957,40.26267580799998,-205.76023864746094,-18518.421478271484,-74073.68591308594,-140.94576347351077,-131.30402996063233,-5.872274875640869,-4.022508289813996,-8.998094778574606,1.567571106817966,0.0,-0.20736122131347656,-1698.703125,-74.65003967285156,0.015258795581758022,5.493166409432888,-164.38670524688987,1,1789162779.072153,38.991415886666665,-76.93663663333334,-10.490000000000002,0,1,17.139599999999998,6.953769,72.539289,1,1,1789162779.949568,0.0006537633975262563,0.9936429663377017,0.08691326809300647,-0.07154936666684272,169.95609178426196,-8.18111505506781,-179.35526688822281,0.050693088124175306,0.13275620062492108,-0.9145675378765958,-0.6948992304611207,-1.257506750240326,-5.301278944435119
2026-09-11T17:39:39.990,40.296093824000025,-205.9529571533203,-18535.766143798828,-74143.06457519531,-141.07777565002442,-131.43604213714602,-5.769542694091797,-3.952136745452881,-8.84067811706531,2.1057965966928656,0.0,-0.2060527801513672,-1687.984375,-74.17900085449219,0.1373291164636612,49.43848192691803,1315.0186868493515,1,1789162779.072153,38.991415886666665,-76.93663663333334,-10.490000000000002,0,1,17.139599999999998,6.953769,72.539289,1,1,1789162779.981568,-0.013503719683870185,0.9932396585479049,0.08920404313628215,-0.07304292525961087,169.57041247331512,-8.20348217470687,-177.69216939867073,-0.35017849779701227,-0.0006255260039147677,-0.9095654242403801,-6.984100112190247,0.1810307619857788,-1.7311679530525206
2026-09-11T17:39:40.023,40.329498976000025,-206.13729858398438,-18552.356872558594,-74209.42749023438,-141.2040495300293,-131.5623160171509,-5.613457679748535,-3.8452185106277468,-8.601508837302573,3.200651050027655,0.0,-0.19586944580078125,-1604.5625,-70.51300048828125,0.7629395127296448,274.6582245826721,6742.066093749619,1,1789162779.072153,38.991415886666665,-76.93663663333334,-10.490000000000002,0,1,17.139599999999998,6.953769,72.539289,1,1,1789162780.021568,-0.0305652956834466,0.9928986169414561,0.08954180614886448,-0.07211355023243858,169.3987091790612,-7.916462887229533,-175.73789952596914,0.04026282598133199,-0.08154265531780107,-0.8315221540728277,-0.6447872481346131,0.20711645141601562,-12.978415023555756
2026-09-11T17:39:40.056,40.36290438399999,-206.3182373046875,-18568.641357421875,-74274.5654296875,-141.32799255371094,-131.68625904083254,-5.456746578216553,-3.737871406078339,-8.361380203289047,3.2134648542392115,0.0,-0.170166015625,-1394.0,-61.259765625,0.6561280488967896,236.20609760284424,-1151.0749091844236,1,1789162779.072153,38.991415886666665,-76.93663663333334,-10.490000000000002,0,1,17.139599999999998,6.953769,72.539289,1,1,1789162780.049568,-0.040743843288196045,0.9925632031557549,0.09049750947347085,-0.07048707508752096,169.21971728806304,-7.617048404857013,-174.5790053909932,-0.09653171746685357,0.0036555921183021233,-0.690806030328336,0.13268397668838502,-2.44254235578537,-11.62578376674652
2026-09-11T17:39:40.091,40.396326848,-206.4961395263672,-18584.652557373047,-74338.61022949219,-141.44985557556154,-131.8081220626831,-5.301725387573242,-3.631681890487671,-8.123841022028603,3.177189916058589,0.0,-0.16031455993652344,-1313.296875,-57.71324157714844,0.7934570908546448,285.6445527076721,1479.1983949720386,1,1789162780.0701842,38.99143157,-76.93664349166667,-10.547,0,1,17.139599999999998,6.953769,72.539289,1,1,1789162780.081568,-0.05055248300156195,0.9921036482127153,0.09052423497232304,-0.07057025257198367,169.14208960957492,-7.520074931894077,-173.45034166990928,-0.005048015795543199,-0.045977732084062216,-0.596207963139767,2.699476590023041,-2.4485244123840335,-11.286571737651826
2026-09-11T17:39:40.123,40.42973113599999,-206.66567993164062,-18599.911193847656,-74399.64477539062,-141.56599075317385,-131.92425724029542,-5.120608806610107,-3.5076170325279237,-7.846315838689871,3.7140398849333596,0.0,-0.14257431030273438,-1167.96875,-51.326751708984375,0.5798340439796448,208.74025583267212,-2302.2282910215927,1,1789162780.0701842,38.99143157,-76.93664349166667,-10.547,0,1,17.139599999999998,6.953769,72.539289,1,1,1789162780.121568,-0.061222824675797205,0.9915918972520058,0.08975295958704943,-0.07029709302844102,169.1544454436527,-7.3784265797847315,-172.23247558955782,-0.11005225958327805,-0.05723248776554766,-0.4974532198046482,2.013795610713959,0.9272187727928161,-3.926876924266815
2026-09-11T17:39:40.156,40.463141087999986,-206.83612060546875,-18615.250854492188,-74461.00341796875,-141.6827426147461,-132.04100910186767,-5.09523344039917,-3.4902349066734315,-7.8074331305329,0.5202679086307104,0.0,-0.13604354858398438,-1114.46875,-48.975677490234375,-0.04577639698982239,-16.47950291633606,-6741.097944379309,1,1789162780.0701842,38.99143157,-76.93664349166667,-10.547,0,1,17.139599999999998,6.953769,72.539289,1,1,1789162780.149568,-0.06828413941045204,0.9911962422634295,0.09142525339772267,-0.06714691853683995,168.94148149867632,-6.928218167569994,-171.4466744712263,-0.12544623811879324,-0.17348223698973236,-0.5270440555417356,2.683295617256164,4.245004655513763,-13.229367201194764
2026-09-11T17:39:40.190,40.496545696,-207.0030059814453,-18630.270538330078,-74521.08215332031,-141.79705909729006,-132.15532558441163,-5.018162727355957,-3.437441468238831,-7.6893375721162025,1.58042382759233,0.0,-0.1369781494140625,-1122.125,-49.3121337890625,-0.0305175818502903,-10.986329466104507,164.44358365856476,1,1789162780.0701842,38.99143157,-76.93664349166667,-10.547,0,1,17.139599999999998,6.953769,72.539289,1,1,1789162780.181568,-0.07601949809067877,0.9908706498425958,0.0897549146461692,-0.06588206499049835,169.09476807497288,-6.714089478877076,-170.5841176151845,0.03494969467241085,-0.03139288818977161,-0.4616882818386308,0.7204945873832702,-1.2325978588294983,-4.794275131072998
2026-09-11T17:39:40.224,40.529954815999986,-207.1654815673828,-18644.893341064453,-74579.57336425781,-141.90835487365723,-132.26662136077883,-4.8890700340271,-3.3490129733085636,-7.491528662554939,2.646836999307387,0.0,-0.14011573791503906,-1147.828125,-50.44166564941406,-0.1068115383386612,-38.45215380191803,-822.1055908034626,1,1789162780.0701842,38.99143157,-76.93664349166667,-10.547,0,1,17.139599999999998,6.953769,72.539289,1,1,1789162780.221568,-0.08590639705696343,0.9901126896799344,0.08933175862786066,-0.06570227986843925,169.0800696878467,-6.589608405166567,-169.45183572340858,0.1476246605226608,0.014173818855445951,-0.4839571122977517,4.921957716178894,-1.6438887666130066,-12.576146233921051
2026-09-11T17:39:40.258,40.56337571199998,-207.3294677734375,-18659.652099609375,-74638.6083984375,-142.0206854248047,-132.3789519119263,-4.86517858505249,-3.332647330760956,-7.454919762797406,0.48968293811182423,0.0,-0.1485767364501953,-1217.140625,-53.48762512207031,-0.3204346001148224,-115.35645604133606,-2301.08439460834,1,1789162780.0701842,38.99143157,-76.93664349166667,-10.547,0,1,17.139599999999998,6.953769,72.539289,1,1,1789162780.249568,-0.09327663102692905,0.9894446794528168,0.0897602357329216,-0.06512907559569042,168.99000688380642,-6.438586418708099,-168.60791153619053,-0.08242142859618022,-0.05977054556379781,-0.55920069981218,0.6899959053802491,-1.5456261319923401,-6.095715674037933
2026-09-11T17:39:40.290,40.59678233599999,-207.4858856201172,-18673.729705810547,-74694.91882324219,-142.1278316497803,-132.48609813690186,-4.815361022949219,-3.298522300720215,-7.378584244631826,1.0215048979727017,0.0,-0.16612625122070312,-1360.90625,-59.805450439453125,-0.8087158799171448,-291.1377167701721,-5261.86844647313,1,1789162780.0701842,38.99143157,-76.93664349166667,-10.547,0,1,17.139599999999998,6.953769,72.539289,1,1,1789162780.281568,-0.10258654109049682,0.9886226196723872,0.08924334925546185,-0.06431906461432484,169.00131633548506,-6.249847628683586,-167.5492555626786,0.026693240112926474,0.12200270350460843,-0.5498589995238056,-1.8549278780937195,0.41707683137893675,-7.895039845714568
2026-09-11T17:39:40.324,40.630187584,-207.64833068847656,-18688.34976196289,-74753.39904785156,-142.23910652160646,-132.59737300872803,-4.816326141357422,-3.299183406829834,-7.380063096881331,-0.019790486501364377,0.0,-0.17560768127441406,-1438.578125,-63.21876525878906,0.2899170219898224,104.37012791633606,11839.691915665793,1,1789162780.0701842,38.99143157,-76.93664349166667,-10.547,0,1,17.139599999999998,6.953769,72.539289,1,1,1789162780.321568,-0.11504621545659105,0.9874753650147589,0.08490733874557162,-0.06668969654473622,169.38579122654113,-6.440556013684289,-166.11047842742465,0.16434212222996325,0.21571449249901475,-0.583998861423291,-0.44934071041107176,-1.4909050240898132,-11.97029138692856
2026-09-11T17:39:40.359,40.66360764799998,-207.809814453125,-18702.88330078125,-74811.533203125,-142.34972290039065,-132.7079893875122,-4.818229675292969,-3.300487327575684,-7.382979884519686,-0.039016105590057595,0.0,-0.17922210693359375,-1468.1875,-64.51995849609375,-0.06103518605232239,-21.97266697883606,-3780.447425092733,1,1789162780.0701842,38.99143157,-76.93664349166667,-10.547,0,1,17.139599999999998,6.953769,72.539289,1,1,1789162780.349568,-0.12414279619796076,0.9864099817474399,0.08421080942168647,-0.06702576846042976,169.40197628744545,-6.3914965893144595,-165.06029828575913,0.06522574667383128,0.1653746590154431,-0.624266050727753,-3.250414196109772,0.41384063682556155,-2.297109733886719
2026-09-11T17:39:40.391,40.697039136,-207.9730682373047,-18717.576141357422,-74870.30456542969,-142.46155174255372,-132.8198182296753,-4.870041847229004,-3.335978665351868,-7.462371746044793,-1.0616140620532306,0.0,-0.18177223205566406,-1489.078125,-65.43800354003906,0.0,0.0,657.2446604477609,1,1789162780.0701842,38.99143157,-76.93664349166667,-10.547,0,1,17.139599999999998,6.953769,72.539289,1,1,1789162780.381568,-0.13547825175427103,0.984733019219817,0.08712467772473008,-0.06599859613045948,169.01494016160657,-6.10639172137447,-163.74527386185557,-0.03563142027823983,0.0501392951525175,-0.6562230293317692,-3.513722752952576,1.2384818489265443,-3.254336856174469
2026-09-11T17:39:40.424,40.730446624000024,-208.13819885253906,-18732.437896728516,-74929.75158691406,-142.57466621398927,-132.93293270111084,-4.949110984802246,-3.3901410245895387,-7.583529493086827,-1.6212640482766385,0.0,-0.18505096435546875,-1515.9375,-66.61834716796875,-0.1373291164636612,-49.43848192691803,-1479.8622969462403,1,1789162780.0701842,38.99143157,-76.93664349166667,-10.547,0,1,17.139599999999998,6.953769,72.539289,1,1,1789162780.421568,-0.14987285778513543,0.9826878171134531,0.08715145162652414,-0.06532537849490455,168.93793007167346,-5.8696506934772525,-162.08803448286798,0.09243769864045047,-0.1658055808077605,-0.7040241068853899,-7.404315071620941,-3.786739893455505,-12.720696257305146
2026-09-11T17:39:40.457,40.76385366400001,-208.307861328125,-18747.70751953125,-74990.830078125,-142.69088500976562,-133.04915149688722,-5.080177307128906,-3.479921455383301,-7.784362597045671,-2.687470389289202,0.0,-0.19075965881347656,-1562.703125,-68.67347717285156,-0.3051758110523224,-109.86329197883606,-1808.7448050453866,1,1789162780.0701842,38.99143157,-76.93664349166667,-10.547,0,1,17.139599999999998,6.953769,72.539289,1,1,1789162780.449568,-0.15958859244993998,0.9809107972316586,0.08805405902409012,-0.06776408874603856,168.72886219937374,-6.017729769588552,-160.9241795764114,-0.03716591375659325,0.07231684489175905,-0.7057526809765651,1.7194980393600463,3.8612704346847533,-9.177161287860871
2026-09-11T17:39:40.492,40.797275583999976,-208.48333740234375,-18763.500366210938,-75054.00146484375,-142.81108612060547,-133.16935260772706,-5.210893154144287,-3.569461810588837,-7.984658667208377,-2.6790907047119252,0.0,-0.20018959045410156,-1639.953125,-72.06825256347656,-0.640869140625,-230.712890625,-3615.8784009501787,1,1789162780.0701842,38.99143157,-76.93664349166667,-10.547,0,1,17.139599999999998,6.953769,72.539289,1,1,1789162780.489568,-0.17464178956232546,0.9780406930566857,0.09061556072695526,-0.06874204112336105,168.3265136398509,-5.901265085590601,-159.1478223552044,0.02187874937130012,0.048337242699833353,-0.8069922495677482,-4.209406515426636,2.799210222167969,-3.353678222312927
2026-09-11T17:39:40.525,40.83069897600001,-208.66781616210938,-18780.103454589844,-75120.41381835938,-142.93745407104493,-133.29572055816652,-5.419760704040527,-3.7125360822677616,-8.304706697986214,-4.28066282676485,0.0,-0.2161102294921875,-1770.375,-77.7996826171875,-0.1373291015625,-49.4384765625,5423.579212496716,1,1789162780.0701842,38.99143157,-76.93664349166667,-10.547,0,1,17.139599999999998,6.953769,72.539289,1,1,1789162780.521568,-0.1886221145849056,0.9751393383140806,0.09315719690545265,-0.0696182837091993,167.93585904656683,-5.775567260326539,-157.49403116335577,-0.07641993943027252,0.0790712690969771,-0.8957933801787433,-2.8381426233100893,1.7849083959388734,-12.431792343540192
2026-09-11T17:39:40.557,40.86410863999998,-208.85275268554688,-18796.74774169922,-75186.99096679688,-143.06413558959963,-133.4224020767212,-5.602224826812744,-3.83752400636673,-8.584296721471738,-3.7410709697367612,0.0,-0.2287445068359375,-1873.875,-82.3480224609375,-0.640869140625,-230.712890625,-5425.807756181921,1,1789162780.0701842,38.99143157,-76.93664349166667,-10.547,0,1,17.139599999999998,6.953769,72.539289,1,1,1789162780.549568,-0.20162565641597188,0.9724056355061569,0.09352422336912378,-0.07090553119396271,167.78714958903217,-5.7497724667493335,-155.95610100961062,0.04875193293010721,0.13405647091765685,-0.9392337525962561,7.178762117900848,2.339964795093536,-12.324997923278808
2026-09-11T17:39:40.591,40.897512224000025,-209.0463409423828,-18814.170684814453,-75256.68273925781,-143.19674354553223,-133.55501003265383,-5.733598709106445,-3.9275151157379153,-8.78560109998638,-2.694055505273768,0.0,-0.2522411346435547,-2066.359375,-90.80680847167969,-0.091552734375,-32.958984375,5920.140373253268,1,1789162780.0701842,38.99143157,-76.93664349166667,-10.547,0,1,17.139599999999998,6.953769,72.539289,1,1,1789162780.581568,-0.21789282861810938,0.9686797581640307,0.09293311617820675,-0.07446930426344855,167.66360033804804,-5.956587683876219,-154.0016807445623,0.017522931157097868,0.1183483331167827,-1.032487392662014,4.39592900150299,1.086871037425995,-13.145030009803772
2026-09-11T17:39:40.625,40.93102745599998,-209.24392700195312,-18831.95343017578,-75327.81372070312,-143.3320899963379,-133.69035648345948,-5.890729904174805,-4.035149984359742,-9.02637344389705,-3.211520917473167,0.0,-0.2479076385498047,-2030.859375,-89.24674987792969,-0.1678466945886612,-60.42481005191803,-819.5027764376998,1,1789162780.0701842,38.99143157,-76.93664349166667,-10.547,0,1,17.139599999999998,6.953769,72.539289,1,1,1789162780.621568,-0.23918490145954405,0.9633052044996382,0.09583893135748985,-0.07515693669883841,167.19197549173944,-5.6788070940930595,-151.47345774846215,0.0124347727887588,0.054391789875001685,-1.0969736433317752,-1.2878092992401122,2.415279868335724,-6.3236222237968445
2026-09-11T17:39:40.659,40.96444819200002,-209.44448852539062,-18850.003967285156,-75400.01586914062,-143.46947463989258,-133.82774112701418,-5.995879173278809,-4.107177233695984,-9.187493811954143,-2.1551664612101376,0.0,-0.24664878845214844,-2020.546875,-88.79356384277344,0.1525879204273224,54.93165135383606,3451.6433571546413,1,1789162780.0701842,38.99143157,-76.93664349166667,-10.547,0,1,17.139599999999998,6.953769,72.539289,1,1,1789162780.649568,-0.2542579154903838,0.9593579935037342,0.0970816238347211,-0.07456749308235835,166.9864405448529,-5.376864006540968,-149.69871023112663,-0.055972010979757354,0.022977259602505348,-1.1137382289288815,-1.0243046093940735,1.147083869419098,-11.317658818664551
2026-09-11T17:39:40.693,40.99786630400001,-209.64480590820312,-18868.03253173828,-75472.13012695312,-143.60669204711914,-133.96495853424074,-5.971542835235596,-4.090506842136383,-9.150203208071714,0.49884300943167764,0.0,-0.2446422576904297,-2004.109375,-88.07121276855469,0.2746582329273224,98.87696385383606,1315.0148189104693,1,1789162780.0701842,38.99143157,-76.93664349166667,-10.547,0,1,17.139599999999998,6.953769,72.539289,1,1,1789162780.689568,-0.2750711651574717,0.953277184375387,0.10136342148372635,-0.0729652015234498,166.45487835827433,-4.781024472299705,-147.2405670354592,-0.1251132292975127,0.05006442052760694,-1.015849168902752,11.524873336582184,-2.2779867660713196,-9.034082262001037
2026-09-11T17:39:40.725,41.031277504,-209.84326171875,-18885.8935546875,-75543.57421875,-143.74263427734377,-134.10090076446534,-5.946422100067139,-4.07329913854599,-9.11171067140745,0.5150280022985899,0.0,-0.2370586395263672,-1941.984375,-85.34111022949219,0.1983642727136612,71.41113817691803,-822.0544511100169,1,1789162780.0701842,38.99143157,-76.93664349166667,-10.547,0,1,17.139599999999998,6.953769,72.539289,1,1,1789162780.721568,-0.2911393900356712,0.94829689288682,0.10389254861742597,-0.07195274041088565,166.1352350719988,-4.35699810188568,-145.3356703899992,-0.05563045004514206,-0.09907082246265492,-1.0365477266338534,-0.2385957984352112,3.0789939512825013,-10.420546461868286
2026-09-11T17:39:40.758,41.06468028799998,-210.0390167236328,-18903.511505126953,-75614.04602050781,-143.8767264556885,-134.23499294281007,-5.9199066162109375,-4.0551360321044925,-9.071080959432015,0.5437602578728596,0.0,-0.2346973419189453,-1922.640625,-84.49104309082031,-0.2288818508386612,-82.39746630191803,-4604.664224363806,1,1789162780.0701842,38.99143157,-76.93664349166667,-10.547,0,1,17.139599999999998,6.953769,72.539289,1,1,1789162780.749568,-0.3040286120758833,0.9442129731908092,0.10504495038970905,-0.0706683995503486,165.9997365215798,-3.9897894114330748,-143.81366985256395,-0.043607749492779124,-0.017676694664198567,-0.9605445718289572,-4.049165851783752,1.2055315043830872,-4.219703498096466
2026-09-11T17:39:40.791,41.09808665600002,-210.23548889160156,-18921.19400024414,-75684.77600097656,-144.01130989074707,-134.36957637786867,-5.894578456878662,-4.037786242961884,-9.032270586439422,0.5193557450658975,0.0,-0.24940872192382812,-2043.15625,-89.78713989257812,-0.4272461533546448,-153.80861520767212,-2137.6507887855378,1,1789162780.0701842,38.99143157,-76.93664349166667,-10.547,0,1,17.139599999999998,6.953769,72.539289,1,1,1789162780.781568,-0.3198995735973797,0.9390622189485983,0.10532866293484787,-0.06879160210306852,165.97788268965022,-3.5437110407713517,-141.94035842628514,-0.09130358369250456,-0.005112942043717388,-1.0567918006277357,0.18769928409576417,-0.7784518898391725,-10.10800852121353
2026-09-11T17:39:40.826,41.131490848,-210.43478393554688,-18939.13055419922,-75756.52221679688,-144.1478269958496,-134.5060934829712,-5.922525405883789,-4.056929903030396,-9.075093734409428,-0.5730915469688452,0.0,-0.2682304382324219,-2197.34375,-96.56295776367188,-1.2817384004592896,-461.42582416534424,-9208.94027186401,1,1789162780.0701842,38.99143157,-76.93664349166667,-10.547,0,1,17.139599999999998,6.953769,72.539289,1,1,1789162780.821568,-0.3415620327927712,0.9312929118516746,0.10302963482742937,-0.0735784237166412,165.95377491460906,-3.822406682516791,-139.24678259539937,0.04859555142912852,0.2945559017335042,-1.1839224560076287,1.4353013176727294,0.9952769249153137,-12.425221887931825
2026-09-11T17:39:40.859,41.164903584,-210.63551330566406,-18957.196197509766,-75828.78479003906,-144.2853266143799,-134.64359310150147,-5.9750847816467285,-4.092933075428009,-9.155630537374742,-1.077528413046176,0.0,-0.3011951446533203,-2467.390625,-108.43025207519531,-0.6866456270217896,-247.19242572784424,6411.728702417066,1,1789162780.0701842,38.99143157,-76.93664349166667,-10.547,0,1,17.139599999999998,6.953769,72.539289,1,1,1789162780.849568,-0.3579505843967977,0.9249934436716403,0.10179037430653538,-0.07679341113016551,165.88482525118184,-3.967749455962576,-137.1980620355534,-0.02932624382248512,0.2761198143117629,-1.256957154820733,5.239398981914521,-2.261217394294739,-4.756911793956757
2026-09-11T17:39:40.892,41.19832393600001,-210.83843994140625,-18975.459594726562,-75901.83837890625,-144.4243313598633,-134.78259784698488,-6.054497241973877,-4.147330610752106,-9.277314358339526,-1.6276769114845009,0.0,-0.3148937225341797,-2579.609375,-113.36174011230469,-0.33569347858428955,-120.84965229034424,3780.414205017115,1,1789162780.0701842,38.99143157,-76.93664349166667,-10.547,0,1,17.139599999999998,6.953769,72.539289,1,1,1789162780.881568,-0.3788373133667292,0.9167468384743411,0.09993623664253096,-0.07791195514237131,165.94742595181648,-3.8492709976829667,-134.62056657108252,0.13154005520213144,0.43757847808450634,-1.379321490546355,0.08168939584732056,-1.9686850199699404,-12.637928129940033
2026-09-11T17:39:40.925,41.231738912000026,-211.03758239746094,-18993.382415771484,-75973.52966308594,-144.56074394226076,-134.91901042938233,-5.951749801635742,-4.076948614120484,-9.119874315767,2.106300978087953,0.0,-0.3156299591064453,-2585.640625,-113.62678527832031,0.1678467094898224,60.42481541633606,5424.946817456533,1,1789162780.0701842,38.99143157,-76.93664349166667,-10.547,0,1,17.139599999999998,6.953769,72.539289,1,1,1789162780.921568,-0.4050185561821,0.9055338476512633,0.09869913822132875,-0.07891070916189176,165.92724063081656,-3.6098831231964166,-131.35917327497256,0.03713362516543136,0.0876886577457739,-1.3793670436398318,-6.216925870037079,0.53799282787323,-2.447053414859772
2026-09-11T17:39:40.959,41.26513792000003,-211.2307891845703,-19010.771026611328,-76043.08410644531,-144.6930905914307,-135.05135707855226,-5.745431423187256,-3.9356205248832707,-8.803732383865574,4.231505595531414,0.0,-0.2959480285644531,-2424.40625,-106.54129028320312,0.8697510361671448,313.1103730201721,7565.660561050482,1,1789162780.0701842,38.99143157,-76.93664349166667,-10.547,0,1,17.139599999999998,6.953769,72.539289,1,1,1789162780.949568,-0.42228250411330753,0.897867618633738,0.09798774282255429,-0.07687410737898483,166.039421472197,-3.1694152400538913,-129.23504510110465,0.06208066336173751,0.014182196435855523,-1.2630895436805403,-3.9521780816841123,0.9915503978538514,-5.138194352245331
2026-09-11T17:39:40.993,41.29854243199998,-211.41590881347656,-19027.43179321289,-76109.72717285156,-144.81989753723147,-135.17816402435304,-5.513478755950928,-3.776732947826386,-8.448310996390438,4.75647053479289,0.0,-0.27022552490234375,-2213.6875,-97.28118896484375,0.6103516817092896,219.72660541534424,-2795.5435363035735,1,1789162780.0701842,38.99143157,-76.93664349166667,-10.547,0,1,17.139599999999998,6.953769,72.539289,1,1,1789162780.989568,-0.4437500155017842,0.8876562429454434,0.09766839288821004,-0.07492131294084843,166.10505311371784,-2.6553516360813205,-126.55434186829966,0.08656204771361158,0.04062026941214043,-1.0993537488327199,-0.5531931356239319,1.1220769115066527,-13.06490967798233
2026-09-11T17:39:41.027,41.33195254399999,-211.59336853027344,-19043.40316772461,-76173.61267089844,-144.9414574432373,-135.2997239303589,-5.2810587882995605,-3.617525269985199,-8.092173563853782,4.765254239229303,0.0,-0.24385643005371094,-1997.671875,-87.78831481933594,0.6103516817092896,219.72660541534424,0.0,1,1789162780.0701842,38.99143157,-76.93664349166667,-10.547,0,1,17.139599999999998,6.953769,72.539289,1,1,1789162781.021568,-0.45788630787945345,0.880407868061552,0.09883074541147507,-0.07385525487903702,166.0044538895813,-2.2660087806971627,-124.76535604050811,-0.08365328198223781,-0.07682782287646359,-0.9965264542209976,1.7358751451301575,-2.774203264255523,-10.506648850288391
2026-09-11T17:39:41.060,41.36536166399998,-211.76254272460938,-19058.628845214844,-76234.51538085938,-145.05734176635744,-135.415608253479,-5.099142551422119,-3.4929126477241517,-7.81342306666998,3.729898370896751,0.0,-0.24596786499023438,-2014.96875,-88.54843139648438,0.1525879055261612,54.93164598941803,-4932.633946239463,1,1789162780.0701842,38.99143157,-76.93664349166667,-10.547,0,1,17.139599999999998,6.953769,72.539289,1,1,1789162781.049568,-0.46930285173591557,0.8744297097367323,0.09915683504226634,-0.07276976121076854,166.00395493647713,-1.9596061247337677,-123.31488908233958,-0.019310322844065263,0.04177061592212989,-0.9084388142082177,5.585769865627289,-0.9736042280578613,-0.6291946743774414
2026-09-11T17:39:41.093,41.39878323200003,-211.92881774902344,-19073.59359741211,-76294.37438964844,-145.17124015808108,-135.52950664520264,-4.9689249992370605,-3.403713624477387,-7.613890534353487,2.6689059964699524,0.0,-0.242279052734375,-1984.75,-87.220458984375,0.0,0.0,-1643.5987081555832,1,1789162781.0714939,38.99143814,-76.936662615,-10.537000000000003,0,1,8.608356,6.922160999999999,64.352484,1,1,1789162781.089568,-0.48488359974487455,0.8662651574621455,0.0967130292367827,-0.07154831683122956,166.28742451232156,-1.7289049261093987,-121.31709875858436,0.018306409458318126,0.11636633721821793,-0.8300876679606134,6.157889836063385,-2.7052625136184694,-10.407307484149934
2026-09-11T17:39:41.126,41.432185119999986,-212.08935546875,-19088.0419921875,-76352.16796875,-145.28120849609377,-135.63947498321534,-4.839999675750732,-3.315399777889252,-7.4163380858295636,2.643977687376449,0.0,-0.24325180053710938,-1992.71875,-87.57064819335938,0.0610351487994194,21.972653567790985,657.8266943419153,1,1789162781.0714939,38.99143814,-76.936662615,-10.537000000000003,0,1,8.608356,6.922160999999999,64.352484,1,1,1789162781.121568,-0.49721159921230645,0.8592978643386121,0.09401299969177117,-0.07449403896148801,166.36182827527946,-1.9791852232343328,-119.65377277844566,-0.07712191085542464,0.13904654178203385,-0.8701537953352458,7.087266071891785,2.1470679864120483,-10.757404894924164
2026-09-11T17:39:41.159,41.46558588800002,-212.24778747558594,-19102.300872802734,-76409.20349121094,-145.3897344207764,-135.74800090789796,-4.815149307250977,-3.2983772754669194,-7.378259832379464,0.5096440423859246,0.0,-0.2428741455078125,-1989.625,-87.4346923828125,0.01525880303233862,5.493169091641903,-493.3863938736857,1,1789162781.0714939,38.99143814,-76.936662615,-10.537000000000003,0,1,8.608356,6.922160999999999,64.352484,1,1,1789162781.149568,-0.5081192489869792,0.853014168499058,0.09379579832815181,-0.07337578186809136,166.42663518354595,-1.7112359720636803,-118.23393292907791,-0.17737292495827814,0.087350936535513,-0.9078108447433503,-3.7351569136047362,-0.6694019400405884,-4.996782456912995
2026-09-11T17:39:41.194,41.498990816,-212.40383911132812,-19116.34552001953,-76465.38208007812,-145.49662979125978,-135.85489627838135,-4.6600236892700195,-3.1921162271499637,-7.14056063696752,3.1809991722482924,0.0,-0.23727798461914062,-1943.78125,-85.42007446289062,0.1983642876148224,71.41114354133606,1973.3008988892357,1,1789162781.0714939,38.99143814,-76.936662615,-10.537000000000003,0,1,8.608356,6.922160999999999,64.352484,1,1,1789162781.189568,-0.5223175982648861,0.8448288070197429,0.08935278925616383,-0.07392355798081314,166.80225603717454,-1.8088092945543262,-116.33765924387211,0.1538977229201788,0.25680373188116606,-0.8149315778021452,-2.7628275500679016,-3.1391087167739866,-5.569490826358796
2026-09-11T17:39:41.227,41.532405600000004,-212.5570831298828,-19130.137481689453,-76520.54992675781,-145.60160194396974,-135.9598684310913,-4.582438945770264,-3.138970677852631,-7.02167742898315,1.5904801089640583,0.0,-0.22590255737304688,-1850.59375,-81.32492065429688,0.3967285752296448,142.82228708267212,2137.1122297643174,1,1789162781.0714939,38.99143814,-76.936662615,-10.537000000000003,0,1,8.608356,6.922160999999999,64.352484,1,1,1789162781.221568,-0.5327597150474632,0.8383447194962377,0.0882165163158416,-0.07458594749962835,166.8504077151558,-1.779953838349765,-114.92372595438023,-0.1310892366563413,-0.0808251504623062,-0.762010576887799,4.660512422866821,0.6289985413742065,-8.198359535217286
2026-09-11T17:39:41.260,41.56581833600001,-212.7075958251953,-19143.683624267578,-76574.73449707031,-145.7047031402588,-136.06296962738037,-4.53094482421875,-3.103697204589844,-6.942772916494812,1.0556894611319532,0.0,-0.2076740264892578,-1701.265625,-74.76264953613281,0.3967285752296448,142.82228708267212,0.0,1,1789162781.0714939,38.99143814,-76.936662615,-10.537000000000003,0,1,8.608356,6.922160999999999,64.352484,1,1,1789162781.249568,-0.5413409026304101,0.8327999924655263,0.08863324323115074,-0.07442007715018711,166.8035674316272,-1.6040604699320054,-113.76468505273569,-0.020216672324625918,0.08020660577539943,-0.7024636080011817,7.690276990337372,0.020692031841278075,-13.050591968746184
2026-09-11T17:39:41.293,41.599241663999976,-212.859375,-19157.34375,-76629.375,-145.80867187500002,-136.16693836212158,-4.532721519470215,-3.1049142408370973,-6.945495349045038,-0.03641277874107381,0.0,-0.205047607421875,-1679.75,-73.817138671875,0.0762939602136612,27.46582567691803,-3451.37568005974,1,1789162781.0714939,38.99143814,-76.936662615,-10.537000000000003,0,1,8.608356,6.922160999999999,64.352484,1,1,1789162781.289568,-0.553573804133496,0.8247172750333008,0.08944519263837215,-0.07346439377481408,166.76614721639388,-1.2689576319407625,-112.1115088846288,-0.13447866606371428,0.005830097833361858,-0.7012673593318648,-3.9289363208007813,0.32960151193618775,-6.669012442493439
2026-09-11T17:39:41.326,41.632646239999985,-213.01409912109375,-19171.268920898438,-76685.07568359375,-145.91465789794924,-136.2729243850708,-4.638789176940918,-3.177570586204529,-7.108022964845485,-2.175041687923572,0.0,-0.1975574493408203,-1618.390625,-71.12068176269531,0.2288818657398224,82.39747166633606,1644.4347621536187,1,1789162781.0714939,38.99143814,-76.936662615,-10.537000000000003,0,1,8.608356,6.922160999999999,64.352484,1,1,1789162781.321568,-0.5629382515703462,0.8180128469659517,0.09183174669659758,-0.07431310393350574,166.47054777758694,-1.0420924482648641,-110.80661728030547,-0.037209546987893104,0.004538903252736454,-0.7234209980603541,-3.119593482952118,1.5694562918853758,-7.905532961387634
2026-09-11T17:39:41.359,41.66605353599999,-213.170166015625,-19185.31494140625,-76741.259765625,-146.02156372070314,-136.3798302078247,-4.666471481323242,-3.1965329647064213,-7.15044059750004,-0.5676118923808783,0.0,-0.1962451934814453,-1607.640625,-70.64826965332031,0.1831054985523224,65.91797947883606,-493.2902138352197,1,1789162781.0714939,38.99143814,-76.936662615,-10.537000000000003,0,1,8.608356,6.922160999999999,64.352484,1,1,1789162781.349568,-0.5709907253893683,0.8123171001691911,0.0928313298284336,-0.07411386168810755,166.3801984160582,-0.8248733016126446,-109.69349554831597,-0.07593997388597408,0.07055039715581558,-0.6490305274843005,0.3090075465965271,1.960937766342163,-6.125822090034485
2026-09-11T17:39:41.394,41.69947744000001,-213.3368377685547,-19200.315399169922,-76801.26159667969,-146.13573387145996,-136.49400035858156,-4.901998043060303,-3.3578686594963076,-7.511338268379348,-4.826955426565491,0.0,-0.1977977752685547,-1620.359375,-71.20719909667969,-0.0762939602136612,-27.46582567691803,-2793.922731339417,1,1789162781.0714939,38.99143814,-76.936662615,-10.537000000000003,0,1,8.608356,6.922160999999999,64.352484,1,1,1789162781.389568,-0.582826556943178,0.8037582708828529,0.09401858542396851,-0.07379940449653269,166.28039141728075,-0.5180013907565846,-108.04394585091158,-0.03577296648057658,0.048027621290529565,-0.7271638566412559,4.387103016357422,2.4622537226104737,-4.272561342468262
2026-09-11T17:39:41.427,41.73289580800002,-213.50613403320312,-19215.55206298828,-76862.20825195312,-146.25170181274416,-136.60996829986573,-5.085357666015625,-3.4834700012207036,-7.7923004680133765,-3.7584522896014643,0.0,-0.20195770263671875,-1654.4375,-72.70477294921875,-0.2288818508386612,-82.39746630191803,-1643.7559316175286,1,1789162781.0714939,38.99143814,-76.936662615,-10.537000000000003,0,1,8.608356,6.922160999999999,64.352484,1,1,1789162781.421568,-0.5921295973517042,0.7969555352453213,0.09178445693458215,-0.07628910962369317,166.3103854847254,-0.7392202501206127,-106.68734289564776,0.06663178391923792,0.05419770926217992,-0.7360945318907857,10.285018556632997,2.1289256836128234,-10.700232124481202
2026-09-11T17:39:41.459,41.76630358400001,-213.67926025390625,-19231.133422851562,-76924.53369140625,-146.3702932739258,-136.72855976104736,-5.2153000831604,-3.5724805569648748,-7.991411410533444,-2.6643663961407604,0.0,-0.20760726928710938,-1700.71875,-74.73861694335938,-0.030517607927322388,-10.98633885383606,2137.5600533272054,1,1789162781.0714939,38.99143814,-76.936662615,-10.537000000000003,0,1,8.608356,6.922160999999999,64.352484,1,1,1789162781.449568,-0.6011072731788094,0.7903888240585746,0.08871747373488413,-0.07800488951944076,166.4641541099633,-0.9540731559323193,-105.37927298646612,0.10394901772197908,0.16536977209353754,-0.7930931455365662,2.5089333773803713,0.8831869135665894,-9.231882395763396
2026-09-11T17:39:41.494,41.799710016000006,-213.86068725585938,-19247.461853027344,-76989.84741210938,-146.4945707702637,-136.85283725738526,-5.397308349609375,-3.697156219482422,-8.270302924754873,-3.732085561175027,0.0,-0.20841026306152344,-1707.296875,-75.02769470214844,-0.061035171151161194,-21.97266161441803,-328.86848737944956,1,1789162781.0714939,38.99143814,-76.936662615,-10.537000000000003,0,1,8.608356,6.922160999999999,64.352484,1,1,1789162781.489568,-0.61428354683804,0.780025218411451,0.09088770995052912,-0.07717387450552288,166.31335289850924,-0.5003983050986229,-103.49784175608372,-0.07104397626827959,-0.04338138028879546,-0.8926828543858389,-2.0394890341377256,2.262492258815765,-1.4751163173294066
2026-09-11T17:39:41.527,41.833117472000026,-214.0432586669922,-19263.893280029297,-77055.57312011719,-146.61963218688965,-136.97789867401124,-5.475879192352295,-3.7509772467613223,-8.390697133950693,-1.6110483623436433,0.0,-0.2091350555419922,-1713.234375,-75.28861999511719,0.0762939527630806,27.465822994709015,1479.8637947497975,1,1789162781.0714939,38.99143814,-76.936662615,-10.537000000000003,0,1,8.608356,6.922160999999999,64.352484,1,1,1789162781.521568,-0.6253078428865251,0.7716276798713353,0.08882982694091708,-0.07543266617737622,166.6188615457561,-0.30480876479886454,-101.92335048382543,0.04761799251508649,0.004933173130761972,-0.8570151312591576,3.3055275700187683,1.0175380207824707,-12.576440433425903
2026-09-11T17:39:41.561,41.866539967999984,-214.2288818359375,-19280.599365234375,-77122.3974609375,-146.7467840576172,-137.1050505447388,-5.502638339996338,-3.7693072628974917,-8.431700212279633,-0.5484334903112215,0.0,-0.209075927734375,-1712.75,-75.267333984375,0.0,0.0,-821.7765362211138,1,1789162781.0714939,38.99143814,-76.936662615,-10.537000000000003,0,1,8.608356,6.922160999999999,64.352484,1,1,1789162781.549568,-0.6347513193866634,0.7641107088711752,0.08805608940961414,-0.0739710229966188,166.79264820487165,-0.07200154924915327,-100.55843556072847,-0.04132084457389095,-0.06522976093111087,-0.8932408361477016,0.07894353380203246,0.5267151801872253,-8.061949031467437
2026-09-11T17:39:41.593,41.89995852800001,-214.4125518798828,-19297.129669189453,-77188.51867675781,-146.87259803771974,-137.2308645248413,-5.503158092498779,-3.7696632933616643,-8.43249662974602,-0.010653674609924104,0.0,-0.2091388702392578,-1713.265625,-75.28999328613281,0.0,0.0,0.0,1,1789162781.0714939,38.99143814,-76.936662615,-10.537000000000003,0,1,8.608356,6.922160999999999,64.352484,1,1,1789162781.589568,-0.6477785166559171,0.7534375944393946,0.08656706283176989,-0.07225599128873895,167.0524665315934,0.1874610431005184,-98.6457574664538,0.015042120158313129,-0.0697478947657486,-0.8871840200445056,1.7109662537193298,-0.9055460759353638,-8.501385025215148
2026-09-11T17:39:41.627,41.933365407999986,-214.59573364257812,-19313.61602783203,-77254.46411132812,-146.99807754516604,-137.3563440322876,-5.478556156158447,-3.7528109669685366,-8.394799049231684,0.5044567584025054,0.0,-0.2099323272705078,-1719.765625,-75.57563781738281,-0.0915527418255806,-32.958987057209015,-986.5927933777692,1,1789162781.0714939,38.99143814,-76.936662615,-10.537000000000003,0,1,8.608356,6.922160999999999,64.352484,1,1,1789162781.621568,-0.6582831942029304,0.7446311459971566,0.085417250778711,-0.06993987353688227,167.33227014020727,0.47548393778890036,-97.09688664541846,0.04146326344085369,-0.05196368781962717,-0.8563341037850294,1.3158563187026977,-0.6820525187492371,-11.45132346036911
2026-09-11T17:39:41.660,41.96677164800002,-214.77801513671875,-19330.021362304688,-77320.08544921875,-147.12294036865237,-137.48120685577393,-5.453488349914551,-3.7356395196914676,-8.35638761563051,0.5140191556143939,0.0,-0.2149181365966797,-1760.609375,-77.37052917480469,-0.2441406399011612,-87.89063036441803,-1644.3527708342517,1,1789162781.0714939,38.99143814,-76.936662615,-10.537000000000003,0,1,8.608356,6.922160999999999,64.352484,1,1,1789162781.649568,-0.6675323463817416,0.7365937956690545,0.08472886516525979,-0.06819945838310426,167.53228420381996,0.7246917874279337,-95.71076825227253,0.01491261672781515,-0.06030531444660887,-0.8737259607153025,7.9401504364585875,-1.6379067100143432,-5.875164111900329
2026-09-11T17:39:41.695,42.00017564799998,-214.95883178710938,-19346.294860839844,-77385.17944335938,-147.24679977416994,-137.6050662612915,-5.403176307678223,-3.701175770759583,-8.279294404884526,1.0317252105114374,0.0,-0.22083473205566406,-1809.078125,-79.50050354003906,-0.06103518605232239,-21.97266697883606,1973.3553881468495,1,1789162781.0714939,38.99143814,-76.936662615,-10.537000000000003,0,1,8.608356,6.922160999999999,64.352484,1,1,1789162781.689568,-0.6809655757768946,0.7243752621841536,0.08406457014042852,-0.06707840330230071,167.69141984991177,0.9918558030163082,-93.64545488574103,0.03291516436336106,-0.06635305483769442,-0.8842208000404697,0.5467207465171814,1.7612743690490724,-9.888927956600188
2026-09-11T17:39:41.728,42.033594368000024,-215.1402587890625,-19362.623291015625,-77450.4931640625,-147.3710772705078,-137.7293437576294,-5.430916786193848,-3.720177998542786,-8.321801177842659,-0.5686102813985262,0.0,-0.23762130737304688,-1946.59375,-85.54367065429688,-0.8697510361671448,-313.1103730201721,-8711.81499593529,1,1789162781.0714939,38.99143814,-76.936662615,-10.537000000000003,0,1,8.608356,6.922160999999999,64.352484,1,1,1789162781.721568,-0.6922645428667696,0.7136379628710474,0.08670048510694224,-0.06303718363747586,167.81213469590796,1.7230228150007578,-91.92592642264874,0.12783192867334428,0.03659815815091949,-0.9729042954598803,-4.333362573471069,0.6948011639595031,-7.9756505100440975
2026-09-11T17:39:41.760,42.066998144000024,-215.3198699951172,-19378.788299560547,-77515.15319824219,-147.4941109466553,-137.85237743377687,-5.431776523590088,-3.7207669186592103,-8.323118554624209,-0.017630345635907048,0.0,-0.2504539489746094,-2051.71875,-90.16342163085938,0.2899170219898224,104.37012791633606,12498.003247791712,1,1789162781.0714939,38.99143814,-76.936662615,-10.537000000000003,0,1,8.608356,6.922160999999999,64.352484,1,1,1789162781.749568,-0.7023780778651908,0.7039918962084823,0.08425994701038075,-0.06293414921163913,168.04546306614688,1.7050541764977776,-90.31003201235605,0.09066671304845184,0.1484554372466101,-1.0332158930917963,-3.8322427502059937,-0.7982613231658936,-15.28827340265274
2026-09-11T17:39:41.794,42.10040147199999,-215.49623107910156,-19394.66079711914,-77578.64318847656,-147.61491828918457,-137.97318477630617,-5.301793098449707,-3.6317282724380497,-8.123944775496701,2.6655621326491494,0.0,-0.2538928985595703,-2079.890625,-91.40144348144531,-0.09155276417732239,-32.95899510383606,-4111.240742848259,1,1789162781.0714939,38.99143814,-76.936662615,-10.537000000000003,0,1,8.608356,6.922160999999999,64.352484,1,1,1789162781.789568,-0.717180615043096,0.6891049429573344,0.08347836460007299,-0.06178758485224031,168.240837006142,1.9817903075588574,-87.91665461662224,-0.1351891896022012,-0.027451062074142413,-1.0382909614907456,5.4885859625244136,-1.4776660463714602,-6.409430412712098
2026-09-11T17:39:41.829,42.13381667200002,-215.67149353027344,-19410.43441772461,-77641.73767089844,-147.7349730682373,-138.0932395553589,-5.197677135467529,-3.560408837795258,-7.964407743815439,2.134341097545889,0.0,-0.25604248046875,-2097.5,-92.17529296875,-0.030517607927322388,-10.98633885383606,657.5647085750327,1,1789162781.0714939,38.99143814,-76.936662615,-10.537000000000003,0,1,8.608356,6.922160999999999,64.352484,1,1,1789162781.821568,-0.729240990423488,0.6768333631218201,0.08053004474351519,-0.06015885923938629,168.64547835454096,2.064044041328121,-85.93609871068674,-0.04949509412560639,0.06354918339436554,-1.029088363943755,-0.9758597575950623,-1.3448840031814577,-5.918705638618469
2026-09-11T17:39:41.861,42.16723651199999,-215.84042358398438,-19425.638122558594,-77702.55249023438,-147.8506901550293,-138.2089566421509,-5.016368389129639,-3.436212346553803,-7.686588105211612,3.7162503244056553,0.0,-0.25339317321777344,-2075.796875,-91.22154235839844,0.0762939602136612,27.46582567691803,1150.5789534239047,1,1789162781.0714939,38.99143814,-76.936662615,-10.537000000000003,0,1,8.608356,6.922160999999999,64.352484,1,1,1789162781.849568,-0.7390623173062927,0.6663162426912558,0.07906705919576135,-0.0596486044580609,168.83291618212988,2.1422898445506853,-84.28318618618702,0.05077564219779463,0.17612920333330695,-1.0466737778880744,8.0527307803154,-1.7960879771232605,-9.884416897525787
2026-09-11T17:39:41.894,42.20064239999999,-216.0025634765625,-19440.230712890625,-77760.9228515625,-147.96175598144532,-138.32002246856692,-4.913424491882324,-3.3656957769393925,-7.528847031449957,2.110902413802058,0.0,-0.24817657470703125,-2033.0625,-89.34356689453125,-0.0457763709127903,-16.479493528604507,-1315.4962144852084,1,1789162781.0714939,38.99143814,-76.936662615,-10.537000000000003,0,1,8.608356,6.922160999999999,64.352484,1,1,1789162781.889568,-0.7515165707758664,0.652561250359924,0.07879284622802972,-0.056376819360983134,169.17794135421298,2.570555271330749,-82.18078066077584,-0.03061272601413014,-0.06017022596250451,-0.9299637853401387,1.3273300993919372,-0.6187015587043762,-12.724030518360138
2026-09-11T17:39:41.927,42.23404841600001,-216.1619873046875,-19454.578857421875,-77818.3154296875,-148.07096130371096,-138.42922779083253,-4.784172058105469,-3.277157859802246,-7.330793351382969,2.6503584604972583,0.0,-0.24406814575195312,-1999.40625,-87.86453247070312,0.2593994438648224,93.38379979133606,3288.727794415578,1,1789162781.0714939,38.99143814,-76.936662615,-10.537000000000003,0,1,8.608356,6.922160999999999,64.352484,1,1,1789162781.921568,-0.7606917399053591,0.6422427869820518,0.07830507980534601,-0.052350681809913716,169.6028441414955,2.97431968654332,-80.61866170403516,0.06121655084907511,-0.011649549158286551,-0.8387542748943165,-0.08571012241363525,0.45748023004531857,-9.154409859485627
2026-09-11T17:39:41.962,42.26745161600002,-216.32095336914062,-19468.885803222656,-77875.54321289062,-148.17985305786135,-138.53811954498292,-4.707334041595459,-3.2245238184928895,-7.213054354180579,1.575718533234601,0.0,-0.2374134063720703,-1944.890625,-85.46882629394531,0.2899170219898224,104.37012791633606,328.9004683682085,1,1789162781.0714939,38.99143814,-76.936662615,-10.537000000000003,0,1,8.608356,6.922160999999999,64.352484,1,1,1789162781.961568,-0.7713063129959585,0.6297800885847341,0.07809554063290083,-0.048628161470899434,169.9978410853246,3.3951039361679567,-78.76121616746158,0.013267992973660893,-0.011324743384490406,-0.7982020733230039,-0.4126638388061523,-4.770837237186432,-10.706116114578247
2026-09-11T17:39:41.995,42.30087395200002,-216.47793579101562,-19483.014221191406,-77932.05688476562,-148.28738601684572,-138.64565250396728,-4.656010150909424,-3.1893669533729554,-7.134410686678937,1.051897303645474,0.0,-0.2297534942626953,-1882.140625,-82.71125793457031,0.09155276417732239,32.95899510383606,-2136.6290139772955,1,1789162781.0714939,38.99143814,-76.936662615,-10.537000000000003,0,1,8.608356,6.922160999999999,64.352484,1,1,1789162781.989568,-0.7782411149108777,0.6212973950112616,0.07797017597194696,-0.047444342901954636,170.15025187905638,3.5778736970245912,-77.51160449560622,0.006126803806200894,0.0019799015034623673,-0.7511244347443349,7.3114460945892334,0.9745848930740356,-11.380715579204558
2026-09-11T17:39:42.028,42.334278496000024,-216.63119506835938,-19496.807556152344,-77987.23022460938,-148.3923686218262,-138.75063510894776,-4.6579976081848145,-3.190728361606598,-7.137456070165073,-0.040755180901207215,0.0,-0.22576141357421875,-1849.4375,-81.27410888671875,0.2136230766773224,76.90430760383606,1315.5489414850579,1,1789162781.0714939,38.99143814,-76.936662615,-10.537000000000003,0,1,8.608356,6.922160999999999,64.352484,1,1,1789162782.021568,-0.7857417680968863,0.6118913974170609,0.07741266475047434,-0.04696882978322805,170.27641248734287,3.679375121780781,-76.13196546468384,0.10518279097021387,0.1414940169921055,-0.7611827672235782,-0.8587683546638488,1.862969331226349,-9.25277056060791
2026-09-11T17:39:42.061,42.36768019200002,-216.78485107421875,-19510.636596679688,-78042.54638671875,-148.49762298583985,-138.85588947296145,-4.581637382507324,-3.1384216070175173,-7.0204491925051755,1.5659909780953347,0.0,-0.2158660888671875,-1768.375,-77.7117919921875,0.2593994736671448,93.38381052017212,493.3732381833779,1,1789162781.0714939,38.99143814,-76.936662615,-10.537000000000003,0,1,8.608356,6.922160999999999,64.352484,1,1,1789162782.049568,-0.7921929363469582,0.6038033115761757,0.07509827638737734,-0.04703362005282014,170.4720362029383,3.56532659166058,-74.92596419181349,-0.04267103128323376,0.0979082586479015,-0.7515504696147467,-0.5513298720932007,-0.5229886531257629,-4.894008763217926
2026-09-11T17:39:42.096,42.40109824000001,-216.94053649902344,-19524.64828491211,-78098.59313964844,-148.60426750183106,-138.96253398895266,-4.609562873840332,-3.1575505685806275,-7.06323946085501,-0.5724140908265369,0.0,-0.2095489501953125,-1716.625,-75.4376220703125,0.13732916116714478,49.43849802017212,-1315.0173373386963,1,1789162782.0900733,38.991430793333336,-76.93668009666666,-10.459000000000003,0,1,8.608356,6.922160999999999,64.368529,1,1,1789162782.089568,-0.8010718207202127,0.5926152981033529,0.07068030093192436,-0.045774901005355036,170.94488662171096,3.3816221719467823,-73.2542947830896,0.040078344679396194,0.008898910257143488,-0.7167618688322949,0.26193562582015995,-1.3172292497253417,-5.756307511940002
2026-09-11T17:39:42.128,42.43450383999999,-217.09117126464844,-19538.20541381836,-78152.82165527344,-148.7074523162842,-139.0657188034058,-4.5066399574279785,-3.0870483708381657,-6.905530536055302,2.1104903891114954,0.0,-0.19794082641601562,-1621.53125,-71.25869750976562,0.3356934189796448,120.84963083267212,2137.699451964392,1,1789162782.0900733,38.991430793333336,-76.93668009666666,-10.459000000000003,0,1,8.608356,6.922160999999999,64.368529,1,1,1789162782.121568,-0.8073318085668469,0.5843815270678038,0.06798323947238868,-0.04573686531591149,171.16731122484163,3.2282913211613447,-72.04667226266652,0.020069017469907198,0.17877808953905877,-0.6266798410832611,1.7085145911788941,-0.2129023750114441,-10.464872520599366
2026-09-11T17:39:42.161,42.46791139200002,-217.2396697998047,-19551.570281982422,-78206.28112792969,-148.80917381286622,-139.16744029998782,-4.482245445251465,-3.070338129997254,-6.868150791869297,0.5001935143556079,0.0,-0.17230987548828125,-1411.5625,-62.03155517578125,0.9918214082717896,357.05570697784424,7070.439526516995,1,1789162782.0900733,38.991430793333336,-76.93668009666666,-10.459000000000003,0,1,8.608356,6.922160999999999,64.368529,1,1,1789162782.149568,-0.8124625110392412,0.5772144643066719,0.06780111549711249,-0.04616426202507671,171.16824100360594,3.260650249660997,-71.03569452674571,-0.12160372123760252,0.006691417819221061,-0.6056168586043431,2.5351171333122253,2.673881233100891,-3.89461304523468
2026-09-11T17:39:42.196,42.50132969600003,-217.38885498046875,-19564.996948242188,-78259.98779296875,-148.91136566162112,-139.2696321487427,-4.429744720458984,-3.0343751335144047,-6.787703859865787,1.076146667492165,0.0,-0.17034339904785156,-1395.453125,-61.32362365722656,0.5187988877296448,186.76759958267212,-5095.653788867594,1,1789162782.0900733,38.991430793333336,-76.93668009666666,-10.459000000000003,0,1,8.608356,6.922160999999999,64.368529,1,1,1789162782.189568,-0.8187854343274744,0.5683524000156155,0.06658717819737396,-0.046174772650980335,171.28341342086642,3.242043172310939,-69.77934056791143,-0.05016931481565181,0.04398805673678868,-0.537235382109981,-0.12356379203796387,1.8465922254562377,-4.998743786945343
2026-09-11T17:39:42.230,42.534744832,-217.53579711914062,-19578.221740722656,-78312.88696289062,-149.01202102661134,-139.37028751373293,-4.404443264007568,-3.0170436358451846,-6.748934403733852,0.5186720673300173,0.0,-0.16214942932128906,-1328.328125,-58.37379455566406,0.19836431741714478,71.41115427017212,-3452.2213320511637,1,1789162782.0900733,38.991430793333336,-76.93668009666666,-10.459000000000003,0,1,8.608356,6.922160999999999,64.368529,1,1,1789162782.221568,-0.823386492983323,0.5616015679877987,0.06683338216769504,-0.04660108404636759,171.25353767600168,3.3087749772293717,-68.84602437906194,-0.1273069336343444,0.026225317340466795,-0.5235919688142161,-2.986713373260498,1.9883963867950438,-12.845927179870605
2026-09-11T17:39:42.262,42.56815932799998,-217.68231201171875,-19591.408081054688,-78365.63232421875,-149.11238372802737,-139.47065021514894,-4.404618263244629,-3.017163510322571,-6.7492025553028085,-0.003587499191558713,0.0,-0.15852737426757812,-1298.65625,-57.069854736328125,0.09155279397964478,32.95900583267212,-1150.7624845673504,1,1789162782.0900733,38.991430793333336,-76.93668009666666,-10.459000000000003,0,1,8.608356,6.922160999999999,64.368529,1,1,1789162782.261568,-0.8286952275162949,0.5539438158918475,0.06354091697066333,-0.04871365924894811,171.29579621457984,2.94302251744504,-67.74576071204156,-0.1285295367753664,0.07100784795276331,-0.47340520070604436,7.301051045417786,0.6650870139694215,-12.356085004291534
2026-09-11T17:39:42.295,42.60156668799999,-217.82794189453125,-19604.514770507812,-78418.05908203125,-149.2121401977539,-139.5704066848755,-4.405688285827637,-3.0178964757919315,-6.750842152362044,-0.02194023919760086,0.0,-0.1586017608642578,-1299.265625,-57.09663391113281,0.0,0.0,-986.5791799369915,1,1789162782.0900733,38.991430793333336,-76.93668009666666,-10.459000000000003,0,1,8.608356,6.922160999999999,64.368529,1,1,1789162782.289568,-0.8322051028869909,0.5487187707586987,0.06113041792938967,-0.051043602436482094,171.24535395500234,2.6209884718134013,-66.99880451740047,-0.03978914362234073,0.09701691899890799,-0.4813796100584064,7.690963455848693,-1.0359745230865478,-11.171245531749726
2026-09-11T17:39:42.329,42.63497683200001,-217.9740753173828,-19617.666778564453,-78470.66711425781,-149.31224159240725,-139.67050807952882,-4.380423545837402,-3.000590128898621,-6.7121289569135145,0.5179967764671288,0.0,-0.16063690185546875,-1315.9375,-57.82928466796875,-0.0762939527630806,-27.465822994709015,-822.0803536403898,1,1789162782.0900733,38.991430793333336,-76.93668009666666,-10.459000000000003,0,1,8.608356,6.922160999999999,64.368529,1,1,1789162782.317568,-0.8359816599622659,0.5429991434169125,0.06022907468411047,-0.051566006418272935,171.2700881870417,2.5619869926901746,-66.20583907713527,-0.09742096272074469,0.09321419562466275,-0.506654246555312,-2.493635003128052,1.5110086569213868,-7.922792665672302
2026-09-11T17:39:42.363,42.668386527999985,-218.1222686767578,-19631.004180908203,-78524.01672363281,-149.4137540435791,-139.7720205307007,-4.407177925109863,-3.0189168787002565,-6.753124728660194,-0.5485458413523845,0.0,-0.16597366333007812,-1359.65625,-59.750518798828125,-0.1373291313648224,-49.43848729133606,-657.6732783393567,1,1789162782.0900733,38.991430793333336,-76.93668009666666,-10.459000000000003,0,1,8.608356,6.922160999999999,64.368529,1,1,1789162782.361568,-0.8418914395643408,0.5337456972050684,0.0601357400080235,-0.052134705111323267,171.2492583810075,2.613718904484235,-64.94810544303796,-0.04671583182473063,-0.09974085436249555,-0.5520081979647113,-5.047678971252441,0.47611286535263064,-3.7228005344009403
2026-09-11T17:39:42.397,42.70180812799998,-218.27215576171875,-19644.494018554688,-78577.97607421875,-149.51642669677736,-139.87469318389893,-4.460127830505371,-3.0551875638961796,-6.834259940712634,-1.0852468222923635,0.0,-0.17074203491210938,-1398.71875,-61.467132568359375,-0.09155276417732239,-32.95899510383606,493.07909218892894,1,1789162782.0900733,38.991430793333336,-76.93668009666666,-10.459000000000003,0,1,8.608356,6.922160999999999,64.368529,1,1,1789162782.389568,-0.8460083781477868,0.5273670572847822,0.05997415484223454,-0.05056591485873105,171.43172006616211,2.759496346396357,-64.08221441585725,0.04298135082423836,0.049728968245373636,-0.5718253644235558,-1.4519726229476928,-1.4798235094070435,-8.140304166259765
2026-09-11T17:39:42.430,42.73523251199998,-218.41815185546875,-19657.633666992188,-78630.53466796875,-149.6164340209961,-139.97470050811768,-4.382681846618652,-3.0021370649337773,-6.715589354272042,1.587179556170802,0.0,-0.172332763671875,-1411.75,-62.039794921875,0.0,0.0,986.0763658003732,1,1789162782.0900733,38.991430793333336,-76.93668009666666,-10.459000000000003,0,1,8.608356,6.922160999999999,64.368529,1,1,1789162782.421568,-0.8506170254626314,0.5201692502517802,0.05707173314032586,-0.051160965217298245,171.57285060081378,2.5142382550511835,-63.07849524678159,-0.01576782806129237,0.052276625354509755,-0.5564333057502178,0.9877258042907715,1.0638254095458983,-6.212512877464294
2026-09-11T17:39:42.463,42.768639296,-218.5664520263672,-19670.980682373047,-78683.92272949219,-149.71801963806155,-140.07628612518312,-4.4366455078125,-3.0391021728515626,-6.7982779457130444,-1.1065150095789338,0.0,-0.17376136779785156,-1423.453125,-62.55409240722656,0.0,0.0,0.0,1,1789162782.0900733,38.991430793333336,-76.93668009666666,-10.459000000000003,0,1,8.608356,6.922160999999999,64.368529,1,1,1789162782.457568,-0.8559661772224837,0.5117175738603739,0.05433760484836189,-0.050144319248781544,171.8608394025667,2.390090133800927,-61.91410782103626,-0.034656304825150606,0.08487693232081103,-0.5833284804576,0.20417445636749268,-0.6801892552185059,-9.153919526977539
2026-09-11T17:39:42.495,42.80204889600003,-218.7118682861328,-19684.068145751953,-78736.27258300781,-149.81762977600098,-140.17589626312258,-4.41257905960083,-3.022616655826569,-6.761400894386555,0.4934365279734073,0.0,-0.173431396484375,-1420.75,-62.435302734375,0.0,0.0,0.0,1,1789162782.0900733,38.991430793333336,-76.93668009666666,-10.459000000000003,0,1,8.608356,6.922160999999999,64.368529,1,1,1789162782.489568,-0.8603735244426157,0.5041897567808454,0.055841919269836386,-0.04931295618520959,171.87594097859986,2.657393698230465,-60.930431147813316,-0.051912026073768144,-0.012929748164624394,-0.5419482946891412,-2.4800037594032287,0.5621171872711181,-6.519166828022003
2026-09-11T17:39:42.529,42.83545379200001,-218.85726928710938,-19697.154235839844,-78788.61694335938,-149.91722946166993,-140.2754959487915,-4.336192607879639,-2.970291936397553,-6.644353830524225,1.5663787556485345,0.0,-0.1737384796142578,-1423.265625,-62.54585266113281,0.0457763709127903,16.479493528604507,493.3256947908122,1,1789162782.0900733,38.991430793333336,-76.93668009666666,-10.459000000000003,0,1,8.608356,6.922160999999999,64.368529,1,1,1789162782.521568,-0.8649370150452852,0.4966333379751687,0.05404701365336281,-0.048147771821207684,172.1190185287738,2.617663110535443,-59.90788446089884,-0.05711939043001842,-0.029074043745571942,-0.5566684016004614,4.903227014369964,-0.5027869537925721,-7.130611465606689
2026-09-11T17:39:42.564,42.86886886399998,-219.0059814453125,-19710.538330078125,-78842.1533203125,-150.01909729003907,-140.37736377716067,-4.363986015319824,-2.98933042049408,-6.686941706545447,-0.5697573866231674,0.0,-0.171478271484375,-1404.75,-61.732177734375,0.015258789993822575,5.493164397776127,-328.78364382512086,1,1789162782.0900733,38.991430793333336,-76.93668009666666,-10.459000000000003,0,1,8.608356,6.922160999999999,64.368529,1,1,1789162782.561568,-0.8699333758315845,0.4877955295664948,0.05399543279232862,-0.04853798704906593,172.10973952906193,2.6704706402387344,-58.74529347017925,-0.0475218248733016,0.024193055959444598,-0.5293695322370929,5.269113131904602,-0.9110378000259399,-9.672593254032135
2026-09-11T17:39:42.597,42.90228809600001,-219.1483612060547,-19723.352508544922,-78893.41003417969,-150.11662742614746,-140.47489391326906,-4.3128743171691895,-2.954318907260895,-6.608623181954393,1.0476456560448488,0.0,-0.16956520080566406,-1389.078125,-61.04347229003906,-0.0610351637005806,-21.972658932209015,-821.8568077794789,1,1789162782.0900733,38.991430793333336,-76.93668009666666,-10.459000000000003,0,1,8.608356,6.922160999999999,64.368529,1,1,1789162782.589568,-0.8734153074522653,0.48179279884768256,0.054100418382733,-0.04576619295282059,172.40070062737735,2.8891964261661305,-57.955881939459395,-0.07169027169029309,-0.15064547639201256,-0.530654269099486,-4.509980342884064,-1.143259275856018,-10.197935503196717
2026-09-11T17:39:42.630,42.93570105600003,-219.28994750976562,-19736.095275878906,-78944.38110351562,-150.21361404418946,-140.57188053131105,-4.234749794006348,-2.9008036088943485,-6.488912868858145,1.601632970156277,0.0,-0.1698474884033203,-1391.390625,-61.14509582519531,0.0610351599752903,21.972657591104507,1315.2177036481014,1,1789162782.0900733,38.991430793333336,-76.93668009666666,-10.459000000000003,0,1,8.608356,6.922160999999999,64.368529,1,1,1789162782.621568,-0.8773488100048926,0.474797481762914,0.05584731547466465,-0.04132183743333944,172.77553087907768,3.368419027535102,-57.05481636571192,0.07294481435662661,-0.10780741709936295,-0.5166525397082866,-3.76555752910614,1.5214037060928345,-7.515326351451874
2026-09-11T17:39:42.663,42.969106943999975,-219.42947387695312,-19748.65264892578,-78994.61059570312,-150.3091896057129,-140.66745609283447,-4.209723472595215,-2.8836605787277225,-6.450565002522636,0.5131739101398216,0.0,-0.170135498046875,-1393.75,-61.248779296875,0.0,0.0,-657.7480470250948,1,1789162782.0900733,38.991430793333336,-76.93668009666666,-10.459000000000003,0,1,8.608356,6.922160999999999,64.368529,1,1,1789162782.661568,-0.8825219127605564,0.46548246508180324,0.05481534127527202,-0.038424296476219956,173.16137554905237,3.496054575209244,-55.82738472159856,0.00553705705195201,-0.0751345044361787,-0.5572982909275062,-2.92326434671402,-2.236798835391998,-6.4406155602264406
2026-09-11T17:39:42.697,43.00251206400003,-219.56924438476562,-19761.231994628906,-79044.92797851562,-150.40493240356446,-140.76319889068606,-4.211159706115723,-2.8846443986892703,-6.4527657450994695,-0.029451172800640236,0.0,-0.1728992462158203,-1416.390625,-62.24372863769531,-0.0762939602136612,-27.46582567691803,-822.2040716175618,1,1789162782.0900733,38.991430793333336,-76.93668009666666,-10.459000000000003,0,1,8.608356,6.922160999999999,64.368529,1,1,1789162782.689568,-0.8858925610738329,0.45927181498624087,0.05298788837383248,-0.03815827405650953,173.3109044914255,3.372836718541513,-55.00417154964673,0.07727253276987174,0.01917261636608291,-0.5420458585943277,-4.138014102249145,3.0260380404090883,-2.839907820339203
2026-09-11T17:39:42.731,43.03593311999998,-219.7102508544922,-19773.922576904297,-79095.69030761719,-150.50152183532717,-140.85978832244874,-4.211901664733887,-2.885152640342713,-6.453902649299189,-0.01520722904277093,0.0,-0.173797607421875,-1423.75,-62.567138671875,-0.015258789993822575,-5.493164397776127,657.4496413031804,1,1789162782.0900733,38.991430793333336,-76.93668009666666,-10.459000000000003,0,1,8.608356,6.922160999999999,64.368529,1,1,1789162782.721568,-0.8894371539494558,0.4527952316151053,0.04962947058417712,-0.03761572876404094,173.5680880149265,3.108109620401902,-54.134207773754355,-0.039313890467022675,0.03186988667434165,-0.5563994463627291,3.1964776202201843,0.6754820631408691,-14.520314628486634
2026-09-11T17:39:42.764,43.06935129599998,-219.84898376464844,-19786.40853881836,-79145.63415527344,-150.5965538787842,-140.95482036590576,-4.161235809326172,-2.850446529388428,-6.376267290149483,1.03853995365537,0.0,-0.17726707458496094,-1452.171875,-63.81614685058594,-0.1068115383386612,-38.45215380191803,-986.2593758601312,1,1789162782.0900733,38.991430793333336,-76.93668009666666,-10.459000000000003,0,1,8.608356,6.922160999999999,64.368529,1,1,1789162782.761568,-0.8942652736767278,0.44299484579107296,0.05064826879058643,-0.038469985273553414,173.4620962684516,3.2390491486675232,-52.89019356510045,-0.09577982962509442,0.009865822662748347,-0.5394432236137539,5.727083694458007,-0.007060788116455078,-4.957065523757935
2026-09-11T17:39:42.796,43.102757344,-219.98854064941406,-19798.968658447266,-79195.87463378906,-150.69215034484864,-141.05041683197024,-4.2140655517578125,-2.8866349029541016,-6.45721837632896,-1.0832880790225348,0.0,-0.18130874633789062,-1485.28125,-65.27114868164062,-0.10681155323982239,-38.45215916633606,-0.00016058224037103508,1,1789162782.0900733,38.991430793333336,-76.93668009666666,-10.459000000000003,0,1,8.608356,6.922160999999999,64.368529,1,1,1789162782.789568,-0.8978784363277097,0.4358126010849739,0.050197662081914105,-0.036903726570176265,173.67263371948113,3.323677007626816,-51.96581603059621,-0.03725021315946458,0.06670124802346729,-0.6141684483403398,3.416931115856171,2.2798500296020507,-12.315191273117065
2026-09-11T17:39:42.830,43.13616528,-220.12921142578125,-19811.629028320312,-79246.51611328125,-150.78850982666017,-141.14677631378174,-4.215077877044678,-2.8873283457756043,-6.458769563742845,-0.020756829200779266,0.0,-0.1875934600830078,-1536.765625,-67.53364562988281,-0.09155276417732239,-32.95899510383606,164.42692127102572,1,1789162782.0900733,38.991430793333336,-76.93668009666666,-10.459000000000003,0,1,8.608356,6.922160999999999,64.368529,1,1,1789162782.821568,-0.9019321900060813,0.4280206428075453,0.04684496393245378,-0.033499303210917625,174.2213000387333,3.2002106176665612,-50.93582115165127,0.04025078320949323,0.02329002260446273,-0.6053386531215752,-0.31351860567092893,1.7288143570137025,-14.29701720430374
2026-09-11T17:39:42.864,43.16958041600003,-220.26979064941406,-19824.281158447266,-79297.12463378906,-150.88480659484864,-141.24307308197024,-4.215502738952637,-2.8876193761825566,-6.459420580222247,-0.008709538304798897,0.0,-0.1989269256591797,-1629.609375,-71.61369323730469,-0.5035400986671448,-181.27443552017212,-4438.5706051353645,1,1789162782.0900733,38.991430793333336,-76.93668009666666,-10.459000000000003,0,1,8.608356,6.922160999999999,64.368529,1,1,1789162782.861568,-0.907198071049507,0.41725466562839414,0.043775633748250796,-0.031207335441039964,174.64728512175736,3.0601054946018285,-49.54205484854115,0.0056812212481667426,0.0009765117164908274,-0.6216566089630963,1.2891822302627562,0.45149817344665527,-9.125774441013336
2026-09-11T17:39:42.898,43.203003551999984,-220.41258239746094,-19837.132415771484,-79348.52966308594,-150.98261894226076,-141.34088542938233,-4.269073963165283,-2.924315664768219,-6.541507839943217,-1.0979307443117723,0.0,-0.21259498596191406,-1741.578125,-76.53419494628906,-0.045776426792144775,-16.47951364517212,4930.564321529531,1,1789162782.0900733,38.991430793333336,-76.93668009666666,-10.459000000000003,0,1,8.608356,6.922160999999999,64.368529,1,1,1789162782.889568,-0.910923490078769,0.40924518416269207,0.041568893495256304,-0.03176163654377718,174.7211834488695,2.850814356704384,-48.51678688877218,-0.10149019787176947,-0.02994513757524231,-0.6636115316542368,3.7674207926368712,4.204110924339295,-15.27297502840042
2026-09-11T17:39:42.931,43.236423968,-220.5595703125,-19850.361328125,-79401.4453125,-151.08330566406252,-141.4415721511841,-4.400961399078369,-3.014658558368683,-6.743599137367305,-2.703224687581081,0.0,-0.21452903747558594,-1757.421875,-77.23045349121094,-0.06103518605232239,-21.97266697883606,-164.36519921421262,1,1789162782.0900733,38.991430793333336,-76.93668009666666,-10.459000000000003,0,1,8.608356,6.922160999999999,64.368529,1,1,1789162782.921568,-0.9154396567746157,0.39935175482168184,0.038915991532281764,-0.03120827339467286,174.93328020158052,2.6551385974008155,-47.25504388468168,0.02375934164032401,0.041414917820573445,-0.7309913636908795,5.319813513240814,1.962506830368042,-8.535512167778016
2026-09-11T17:39:42.963,43.269829184,-220.7078094482422,-19863.702850341797,-79454.81140136719,-151.1848494720459,-141.5431159591675,-4.480264186859131,-3.0689809679985047,-6.865114906940097,-1.6261654955265832,0.0,-0.21647262573242188,-1773.34375,-77.93014526367188,-0.0305175818502903,-10.986329466104507,328.88090029801697,1,1789162782.0900733,38.991430793333336,-76.93668009666666,-10.459000000000003,0,1,8.608356,6.922160999999999,64.368529,1,1,1789162782.961568,-0.9211503360524905,0.38642669161990245,0.03529019756026372,-0.03018397505694606,175.24160533888787,2.3892025617329224,-45.6158175100042,0.0721482460860164,0.08602448630399731,-0.7505765758921338,1.4632502706336976,0.7579559910011291,-9.89726360923767
2026-09-11T17:39:42.997,43.30323382400002,-220.85716247558594,-19877.144622802734,-79508.57849121094,-151.28715629577638,-141.64542278289795,-4.481557369232178,-3.069866797924042,-6.86709645204912,-0.026518170096640405,0.0,-0.21651268005371094,-1773.671875,-77.94456481933594,0.0457763746380806,16.479494869709015,822.2158459364147,1,1789162782.0900733,38.991430793333336,-76.93668009666666,-10.459000000000003,0,1,8.608356,6.922160999999999,64.368529,1,1,1789162782.989568,-0.9249368665412089,0.3774591423109597,0.03460413941360797,-0.02861716852255429,175.46128832647952,2.430623786162259,-44.49627244989772,0.03354802075013421,-0.08269125649853855,-0.757853551675399,-2.282890091152191,1.031463464012146,-6.862889916191101
2026-09-11T17:39:43.030,43.33663705600003,-221.01060485839844,-19890.95443725586,-79563.81774902344,-151.39226432800294,-141.75053081512453,-4.560849666595459,-3.1241820216178895,-6.988596147140941,-1.6260469553912604,0.0,-0.21559715270996094,-1766.171875,-77.61497497558594,0.0762939602136612,27.46582567691803,328.9002335823398,1,1789162782.0900733,38.991430793333336,-76.93668009666666,-10.459000000000003,0,1,8.608356,6.922160999999999,64.368529,1,1,1789162783.021568,-0.9292509634116526,0.36723118000198884,0.031897284525104826,-0.024828827454938713,176.0072378193033,2.352384755623805,-43.20893474558325,0.0727331059183597,0.14499218041187772,-0.7452425006321888,-0.5182814610481262,-0.10748088577270506,-11.179581184387207
2026-09-11T17:39:43.063,43.370043167999995,-221.16558837890625,-19904.902954101562,-79619.61181640625,-151.4984280395508,-141.85669452667238,-4.638985633850098,-3.177705159187317,-7.108323996034613,-1.6021959565208326,0.0,-0.21622467041015625,-1771.3125,-77.84088134765625,0.015258789993822575,5.493164397776127,-657.743746987505,1,1789162782.0900733,38.991430793333336,-76.93668009666666,-10.459000000000003,0,1,8.608356,6.922160999999999,64.368529,1,1,1789162783.061568,-0.9347249823524025,0.35356388451952564,0.029373431383087442,-0.020469207570093878,176.61269131698717,2.3175480510087705,-41.50723032347768,0.049741534615987994,0.05246826250637873,-0.7777106861741141,-0.894954893760681,-0.004412992572784423,-10.435158370609283
2026-09-11T17:39:43.098,43.403466208,-221.3241424560547,-19919.172821044922,-79676.69128417969,-151.60703758239748,-141.96530406951905,-4.691492080688477,-3.2136720752716066,-7.1887796959368355,-1.0761114513906245,0.0,-0.21790122985839844,-1785.046875,-78.44444274902344,-0.1068115383386612,-38.45215380191803,-1314.8210994478957,1,1789162783.0723135,38.991418233333334,-76.93668792666666,-10.361,0,1,8.608356,6.922160999999999,64.368529,1,1,1789162783.089568,-0.9382724733853209,0.34446296697725354,0.02480345707387589,-0.019360232069992565,176.93622010872508,1.9029728635060075,-40.36975858110602,0.08112848868630282,0.160050183066384,-0.7853039156178405,-1.0475463702774048,1.4221604064559938,-9.427426999988556
2026-09-11T17:39:43.131,43.43688428799999,-221.48272705078125,-19933.445434570312,-79733.78173828125,-151.71566802978518,-142.07393451690675,-4.71801233291626,-3.2318384480476383,-7.22941671449453,-0.5436091114760994,0.0,-0.2177715301513672,-1783.984375,-78.39775085449219,0.030517585575580597,10.986330807209015,1479.3933286754345,1,1789162783.0723135,38.991418233333334,-76.93668792666666,-10.361,0,1,8.608356,6.922160999999999,64.368529,1,1,1789162783.121568,-0.9425594999182458,0.33293521369565143,0.020361829992849793,-0.017920057886054087,177.28566566741978,1.5157668229216659,-38.94486153468654,0.15671922218895284,0.17727972437622164,-0.7874611425733056,6.994397094860077,0.2535019066810608,-7.073144495658875
2026-09-11T17:39:43.164,43.47029087999999,-221.64007568359375,-19947.606811523438,-79790.42724609375,-151.82345184326172,-142.18171833038332,-4.7460174560546875,-3.251021957397461,-7.272329002768114,-0.5742432316897044,0.0,-0.2149066925048828,-1760.515625,-77.36640930175781,0.0762939602136612,27.46582567691803,493.3006895676814,1,1789162783.0723135,38.991418233333334,-76.93668792666666,-10.361,0,1,8.608356,6.922160999999999,64.368529,1,1,1789162783.161568,-0.9474547182159193,0.3191580459066117,0.013607017230649878,-0.016809156598430363,177.67647758678038,0.8625924822478789,-37.25055035482755,0.03501811157908903,0.15132161694423515,-0.7320101123752686,3.066539505577087,1.382737672805786,-8.760770921993256
2026-09-11T17:39:43.197,43.50369619200001,-221.79632568359375,-19961.669311523438,-79846.67724609375,-151.93048309326173,-142.28874958038332,-4.643254280090332,-3.1806291818618777,-7.114864848474128,2.107232991434262,0.0,-0.20020294189453125,-1640.0625,-72.07305908203125,0.5187988877296448,186.76759958267212,4768.755756739816,1,1789162783.0723135,38.991418233333334,-76.93668792666666,-10.361,0,1,8.608356,6.922160999999999,64.368529,1,1,1789162783.189568,-0.9505111248087826,0.31007200896813786,0.012786702331986212,-0.014847596191950639,177.92777124188487,0.865208186818984,-36.14996532963471,0.1290330642645668,0.05501120722653447,-0.6692426619528713,7.4755113517951965,0.8856385761070251,-5.865749727745056
2026-09-11T17:39:43.231,43.53709750400003,-221.95291137695312,-19975.76202392578,-79903.04809570312,-152.0377442932129,-142.39601078033448,-4.669795989990234,-3.1988102531433107,-7.155534746651994,-0.5443220697863644,0.0,-0.165740966796875,-1357.75,-59.666748046875,0.8697510957717896,313.11039447784424,3782.5698252536554,1,1789162783.0723135,38.991418233333334,-76.93668792666666,-10.361,0,1,8.608356,6.922160999999999,64.368529,1,1,1789162783.221568,-0.9533493149489983,0.3013261501557191,0.010900674764469221,-0.01445026672029085,178.0444529451136,0.6919100598350654,-35.09228712990778,0.10900401483453026,-0.07101413113807048,-0.543146986819411,4.749851005840301,2.1330444766807557,-11.745817164726258
2026-09-11T17:39:43.265,43.57050287999999,-222.10574340820312,-19989.51690673828,-79958.06762695312,-152.14243423461915,-142.50070072174074,-4.5928425788879395,-3.146097166538239,-7.037618930158902,1.5779821369210696,0.0,-0.1424560546875,-1167.0,-51.2841796875,1.1291505098342896,406.49418354034424,2795.471874425432,1,1789162783.0723135,38.991418233333334,-76.93668792666666,-10.361,0,1,8.608356,6.922160999999999,64.368529,1,1,1789162783.261568,-0.9560574508814031,0.2925423304638111,0.012650646663228942,-0.01459782997428515,177.9759636123113,0.8966309544261373,-34.042827715349894,0.0029335494067520692,-0.1122840120978032,-0.41761662383067155,-3.770558920688629,-0.42198015645980835,-6.478469229850769
2026-09-11T17:39:43.299,43.603919968000014,-222.25936889648438,-20003.343200683594,-80013.37280273438,-152.2476676940918,-142.6059341812134,-4.5690412521362305,-3.129793257713318,-7.0011481248060905,0.48789136937695865,0.0,-0.11589813232421875,-949.4375,-41.72332763671875,0.6561280488967896,236.20609760284424,-5095.838570296441,1,1789162783.0723135,38.991418233333334,-76.93668792666666,-10.361,0,1,8.608356,6.922160999999999,64.368529,1,1,1789162783.289568,-0.9575285067343582,0.2877017413761943,0.014379063523152725,-0.01265343164413222,178.13684394956482,1.1606568338618626,-33.46601487819336,-0.011791269893548492,-0.12124907033359726,-0.37752414198433426,-7.125217808017731,-2.3556554353523254,-15.814694383335112
2026-09-11T17:39:43.331,43.637322143999995,-222.40780639648438,-20016.702575683594,-80066.81030273438,-152.3493473815918,-142.7076138687134,-4.466464042663574,-3.0595278692245484,-6.84396892722026,2.1036170963475174,0.0,-0.10065841674804688,-824.59375,-36.237030029296875,0.015258907340466976,5.493206642568111,-6907.121588737348,1,1789162783.0723135,38.991418233333334,-76.93668792666666,-10.361,0,1,8.608356,6.922160999999999,64.368529,1,1,1789162783.321568,-0.958820921741618,0.2833418604115165,0.014283316688408446,-0.013259601557861949,178.07863197899525,1.1389022644944715,-32.94504830529439,-0.09551680850681887,0.04630288692370877,-0.31642627352439473,-7.053236995830536,0.7383426906776428,-11.545271168918608
2026-09-11T17:39:43.364,43.670725600000026,-222.5577850341797,-20030.200653076172,-80120.80261230469,-152.4520827484131,-142.8103492355347,-4.468844413757324,-3.0611584234237674,-6.847616373084655,-0.04881393707338227,0.0,-0.09206008911132812,-754.15625,-33.141632080078125,0.4272461533546448,153.80861520767212,4440.121661811541,1,1789162783.0723135,38.991418233333334,-76.93668792666666,-10.361,0,1,8.608356,6.922160999999999,64.368529,1,1,1789162783.361568,-0.9601551070980369,0.27887971219038127,0.010815857246201778,-0.014535944214157083,178.05449804750182,0.7255123718663763,-32.40449000865227,0.012749281119968179,0.0775325868284189,-0.2369122143961867,2.9795545186424253,1.668307325515747,-9.447040300312043
2026-09-11T17:39:43.398,43.704131872000005,-222.7050018310547,-20043.450164794922,-80173.80065917969,-152.55292625427248,-142.91119274139405,-4.443978309631348,-3.0441251420974735,-6.809514007913095,0.5098827347841888,0.0,-0.07403373718261719,-606.484375,-26.652145385742188,0.6408692002296448,230.71291208267212,2302.091561580046,1,1789162783.0723135,38.991418233333334,-76.93668792666666,-10.361,0,1,8.608356,6.922160999999999,64.368529,1,1,1789162783.389568,-0.9608062496035275,0.276730562170759,0.011157770121937683,-0.012126452464166512,178.31062219985978,0.8439624301275745,-32.147266651660274,-0.003806039499824035,-0.035519893739037404,-0.1792610221430856,-3.9696339189720153,-1.5096357258987425,-8.751160404834748
2026-09-11T17:39:43.432,43.73754611200002,-222.8496856689453,-20056.471710205078,-80225.88684082031,-152.65203468322755,-143.01030117034912,-4.315572738647461,-2.956167325973511,-6.612757976855556,2.6323452553141293,0.0,-0.06000518798828125,-491.5625,-21.60186767578125,0.2899170517921448,104.37013864517212,-3781.1057033603006,1,1789162783.0723135,38.991418233333334,-76.93668792666666,-10.361,0,1,8.608356,6.922160999999999,64.368529,1,1,1789162783.429568,-0.9613466954035483,0.27488761210403545,0.008839242990695283,-0.01308433153700313,178.27982562219472,0.5616057667491502,-31.92314962767526,-0.06473391289061928,0.059947347417024836,-0.09010785862196324,1.7420533347320555,-1.271824459476471,-9.254045425128936
2026-09-11T17:39:43.466,43.771026592,-222.9930877685547,-20069.377899169922,-80277.51159667969,-152.75026512145996,-143.10853160858156,-4.264275550842285,-2.9210287523269653,-6.534155226214572,1.0495241898134833,0.0,-0.040252685546875,-329.75,-14.490966796875,0.7629395127296448,274.6582245826721,5086.190100548167,1,1789162783.0723135,38.991418233333334,-76.93668792666666,-10.361,0,1,8.608356,6.922160999999999,64.368529,1,1,1789162783.461568,-0.9615635160288813,0.2741514225083323,0.008879456320009242,-0.012560152638182292,178.3367617382153,0.5838286028514352,-31.83524164632492,0.001831723049968049,0.04819761635967381,-0.07241824852129991,-2.8441246799087523,1.8208007355308533,-5.544287735443115
2026-09-11T17:39:43.498,43.804445120000025,-223.132080078125,-20081.88720703125,-80327.548828125,-152.84547485351564,-143.2037413406372,-4.186675071716309,-2.8678724241256717,-6.415247906508743,1.5906244644064143,0.0,-0.034786224365234375,-284.96875,-12.523040771484375,-0.1220703274011612,-43.94531786441803,-9533.739560486712,1,1789162783.0723135,38.991418233333334,-76.93668792666666,-10.361,0,1,8.608356,6.922160999999999,64.368529,1,1,1789162783.489568,-0.9616549481854147,0.2738419115796237,0.009904154483523765,-0.011501122418762373,178.42148455106278,0.7305283558686348,-31.799845792451634,0.025575182194098905,0.005362698659677777,-0.03523331067585993,-2.412141740283966,-1.1197233154678345,-4.557542596168518
2026-09-11T17:39:43.531,43.83785158400002,-223.26870727539062,-20094.183654785156,-80376.73461914062,-152.9390644836426,-143.29733097076416,-4.109917640686035,-2.8152935838699342,-6.297632390546553,1.573912170283724,0.0,-0.034412384033203125,-281.90625,-12.388458251953125,-0.0305175818502903,-10.986329466104507,986.6051192463326,1,1789162783.0723135,38.991418233333334,-76.93668792666666,-10.361,0,1,8.608356,6.922160999999999,64.368529,1,1,1789162783.521568,-0.9616089550849309,0.27400881182852777,0.006804030176037875,-0.013457106455306648,178.30321482433277,0.32721231434205306,-31.814467164749956,-0.13981658104801373,0.05913751464409946,-0.04347318460745036,1.0349938580703735,1.0796141163063049,-18.0863068268013
2026-09-11T17:39:43.564,43.871257152,-223.40553283691406,-20106.497955322266,-80425.99182128906,-153.03278999328614,-143.3910564804077,-4.08504581451416,-2.7982563829422,-6.2595212574762815,0.5100108139979986,0.0,-0.03518867492675781,-288.265625,-12.667922973632812,0.0,0.0,328.8771939489786,1,1789162783.0723135,38.991418233333334,-76.93668792666666,-10.361,0,1,8.608356,6.922160999999999,64.368529,1,1,1789162783.561568,-0.9618524415153764,0.27319182771119843,0.004565818906746209,-0.013610999979253411,178.35663131158702,0.07714651024328247,-31.713036352296527,-0.08219436126049576,-0.0390302744635736,-0.0765171542696086,0.3510780757904053,-0.14356935836791992,-7.321448877754212
2026-09-11T17:39:43.599,43.90466105600001,-223.54161071777344,-20118.74496459961,-80474.97985839844,-153.12600334167482,-143.48426982879639,-4.060714244842529,-2.781589257717133,-6.2222379601761135,0.4989574040525878,0.0,-0.03628730773925781,-297.265625,-13.063430786132812,0.0,0.0,0.0,1,1789162783.0723135,38.991418233333334,-76.93668792666666,-10.361,0,1,8.608356,6.922160999999999,64.368529,1,1,1789162783.589568,-0.9620701033900781,0.272326109934993,0.004115105084300522,-0.015577930569351991,178.15387246961944,-0.032458938472814315,-31.60914954067558,-0.10176194563630499,0.13031204154042822,-0.11139337058051049,1.7136140492630005,1.4191203449058534,-8.946606942558288
2026-09-11T17:39:43.633,43.938082656000006,-223.6808624267578,-20131.277618408203,-80525.11047363281,-153.22139076232912,-143.5796572494507,-4.114206314086914,-2.8182313251495366,-6.304203930631562,-1.0963588646984908,0.0,-0.036224365234375,-296.75,-13.040771484375,0.0,0.0,0.0,1,1789162783.0723135,38.991418233333334,-76.93668792666666,-10.361,0,1,8.608356,6.922160999999999,64.368529,1,1,1789162783.629568,-0.9624784012085327,0.2708213711769934,0.0029818626517936547,-0.016799423085511234,178.05423608498654,-0.19247572394372117,-31.4277231403404,-0.04079078808006028,-0.03562182096735386,-0.0670375729703266,-4.276287869529724,-0.8264064091300964,-6.908294706439972
2026-09-11T17:39:43.666,43.97150275199999,-223.8153839111328,-20143.384552001953,-80573.53820800781,-153.31353797912598,-143.67180446624758,-4.089673042297363,-2.8014260339736943,-6.266611564901779,0.5028498773866248,0.0,-0.03579902648925781,-293.265625,-12.887649536132812,0.0,0.0,0.0,1,1789162783.0723135,38.991418233333334,-76.93668792666666,-10.361,0,1,8.608356,6.922160999999999,64.368529,1,1,1789162783.661568,-0.9626146499589833,0.2702252090559987,0.0019459417130469735,-0.018643641968116822,177.88268482477798,-0.3626606471366564,-31.35428733841118,-0.1575899669527728,0.00012740903539558605,-0.05829225168735861,0.8589644876670838,1.0583336854553222,-3.6247340327835085
2026-09-11T17:39:43.698,44.004909408,-223.95034790039062,-20155.531311035156,-80622.12524414062,-153.4059883117676,-143.76425479888917,-4.090887069702148,-2.802257642745972,-6.268471820745278,-0.024893505422316168,0.0,-0.03523826599121094,-288.671875,-12.685775756835938,0.015258791856467724,5.493165068328381,164.43325151510427,1,1789162783.0723135,38.991418233333334,-76.93668792666666,-10.361,0,1,8.608356,6.922160999999999,64.368529,1,1,1789162783.689568,-0.9626342424727092,0.2700637959279023,-0.001194515510336431,-0.019985857016932257,177.83162820078863,-0.7502911056844094,-31.328370958845838,-0.004387408673663345,0.08945126575736298,-0.04761362919195651,1.8810135675239563,0.7401078877067565,-6.5416240568923945
2026-09-11T17:39:43.732,44.03831273600002,-224.086669921875,-20167.80029296875,-80671.201171875,-153.49936889648438,-143.85763538360598,-4.092074394226074,-2.803070960044861,-6.270291159728118,-0.02434839124078923,0.0,-0.03559112548828125,-291.5625,-12.81280517578125,0.0,0.0,-164.44963413002174,1,1789162783.0723135,38.991418233333334,-76.93668792666666,-10.361,0,1,8.608356,6.922160999999999,64.368529,1,1,1789162783.729568,-0.9629135937076273,0.26896556773017144,-0.002767114222664504,-0.021148936321421244,177.7507832257389,-0.957208059226745,-31.193933313809115,-0.12109652855697296,0.019208046549898397,-0.09074176220628759,-6.109543050765991,-0.35794273090362544,-2.7569435599708556
2026-09-11T17:39:43.765,44.07171644800002,-224.22328186035156,-20180.09536743164,-80720.38146972656,-153.59294807434082,-143.95121456146242,-4.068007469177246,-2.786585116386414,-6.233413377743403,0.49353328332041435,0.0,-0.036678314208984375,-300.46875,-13.204193115234375,-0.045776382088661194,-16.47949755191803,-493.3433012451008,1,1789162783.0723135,38.991418233333334,-76.93668792666666,-10.361,0,1,8.608356,6.922160999999999,64.368529,1,1,1789162783.761568,-0.9629247325646381,0.2687971101336261,-0.00556113974772335,-0.02220690712003517,177.71972912789153,-1.297758549094148,-31.16795510154583,-0.10256427349344678,0.07830646581875318,-0.05392718322812079,-0.7777654243278503,0.019907499828338625,-7.984378428688049
2026-09-11T17:39:43.800,44.105133695999996,-224.3599395751953,-20192.394561767578,-80769.57824707031,-153.6865586090088,-144.04482509613038,-4.0967230796813965,-2.806255309581757,-6.277414346773787,-0.5886239703328027,0.0,-0.036346435546875,-297.75,-13.084716796875,0.0,0.0,493.14346746712715,1,1789162783.0723135,38.991418233333334,-76.93668792666666,-10.361,0,1,8.608356,6.922160999999999,64.368529,1,1,1789162783.789568,-0.9629755071727926,0.26844664339223717,-0.0070494268600436154,-0.023767158384812616,177.59263044767027,-1.5091894170599591,-31.121813476524224,-0.0390889175264406,0.03632955197903757,-0.017471094878313637,3.8095893883323666,1.4469712313652037,-10.856648194561005
2026-09-11T17:39:43.833,44.138554304000024,-224.4971160888672,-20204.740447998047,-80818.96179199219,-153.78052452087402,-144.13879100799562,-4.072397232055664,-2.78959210395813,-6.240139817372331,0.49859073849322705,0.0,-0.0358428955078125,-293.625,-12.9034423828125,0.015258795581758022,5.493166409432888,164.36464619160117,1,1789162783.0723135,38.991418233333334,-76.93668792666666,-10.361,0,1,8.608356,6.922160999999999,64.368529,1,1,1789162783.829568,-0.9631132173070124,0.2678427747645761,-0.01026162612696744,-0.023830184308527114,177.68308795695054,-1.8642580873711998,-31.04490567955097,0.06898693121187906,-0.009139765693918705,-0.04970540630047171,4.610204307537079,-0.04942551681518555,-16.9493238070488
2026-09-11T17:39:43.865,44.171959808,-224.63023376464844,-20216.72103881836,-80866.88415527344,-153.8717101287842,-144.22997661590577,-4.047573089599609,-2.7725875663757327,-6.202101750124664,0.5090340077614531,0.0,-0.035369873046875,-289.75,-12.733154296875,0.015258789993822575,5.493164397776127,-6.0219320779326855e-05,1,1789162783.0723135,38.991418233333334,-76.93668792666666,-10.361,0,1,8.608356,6.922160999999999,64.368529,1,1,1789162783.861568,-0.9631073984735897,0.26767898765834885,-0.008319312368368203,-0.0265120277110804,177.32702195204135,-1.7316393928049076,-31.02429382908904,-0.04376901791566339,-0.06327499216887722,-0.031427271176035894,9.058206621398925,-2.5884653101921082,-5.395128586483002
2026-09-11T17:39:43.899,44.205367104000004,-224.7623748779297,-20228.613739013672,-80914.45495605469,-153.96222679138185,-144.32049327850342,-3.9704174995422363,-2.719735987186432,-6.08387613454373,1.582037025363837,0.0,-0.03390312194824219,-277.734375,-12.205123901367188,0.045776382088661194,16.47949755191803,328.8602930970395,1,1789162783.0723135,38.991418233333334,-76.93668792666666,-10.361,0,1,8.608356,6.922160999999999,64.368529,1,1,1789162783.889568,-0.9632804009842157,0.26708731702403193,-0.005540378984265605,-0.02691725032955151,177.19634177810937,-1.4355463651309204,-30.958905266520137,-0.1131748281480211,-0.08044484321829663,-0.08397686602555757,-2.73615346162796,2.005852224082947,-9.717017379264831
2026-09-11T17:39:43.932,44.23877193599998,-224.89126586914062,-20240.213928222656,-80960.85571289062,-154.05051712036135,-144.40878360748292,-3.867488384246826,-2.649229543209076,-5.926157711187082,2.110666025125092,0.0,-0.032527923583984375,-266.46875,-11.710052490234375,0.0,0.0,-493.32676038996266,1,1789162783.0723135,38.991418233333334,-76.93668792666666,-10.361,0,1,8.608356,6.922160999999999,64.368529,1,1,1789162783.929568,-0.9632743207311977,0.2672260137786468,-0.005520436565108319,-0.025736459740111583,177.3264103632987,-1.3975994223948878,-30.976928566716982,-0.023069412987010648,-0.03641856377088928,-0.008189259383282594,5.385321936321259,2.9357187924194337,-13.82776899406433
2026-09-11T17:39:43.967,44.27218787200002,-225.0161590576172,-20251.454315185547,-81005.81726074219,-154.1360689544678,-144.49433544158936,-3.7372820377349854,-2.560038195848465,-5.726642349338901,2.6691261127775827,0.0,-0.030487060546875,-249.75,-10.975341796875,-0.0610351637005806,-21.972658932209015,-657.5503057039248,1,1789162783.0723135,38.991418233333334,-76.93668792666666,-10.361,0,1,8.608356,6.922160999999999,64.368529,1,1,1789162783.961568,-0.9632645556892829,0.26711055462046374,-0.005938430013954974,-0.027167672186740165,177.1808588196814,-1.4872275228351517,-30.960491619266836,-0.042515522446881074,-0.0010915289141972537,-0.005302310267558773,3.4241880369758606,3.48606799949646,-5.4473980318450925
2026-09-11T17:39:44.000,44.305609312,-225.1414031982422,-20262.726287841797,-81050.90515136719,-154.22186119079592,-144.5801276779175,-3.7119269371032715,-2.542669951915741,-5.687790694156536,0.5196737164147487,0.0,-0.030454635620117188,-249.484375,-10.963668823242188,-0.015258791856467724,-5.493165068328381,493.08150288822594,1,1789162783.0723135,38.991418233333334,-76.93668792666666,-10.361,0,1,8.608356,6.922160999999999,64.368529,1,1,1789162783.989568,-0.9631108527664454,0.2675122281340237,-0.006558897299228503,-0.028489892040485406,177.0543498417391,-1.5974230139743981,-31.005096915799637,-0.09213104429087507,0.04180831503397296,0.006090675490684612,0.12385799154281617,3.648956458683014,-8.895906561222077
2026-09-11T17:39:44.033,44.33902739199999,-225.264892578125,-20273.84033203125,-81095.361328125,-154.30645141601565,-144.66471790313722,-3.686640501022339,-2.5253487432003023,-5.649044253758723,0.5183184885380566,0.0,-0.031085968017578125,-254.65625,-11.190948486328125,-0.1220703274011612,-43.94531786441803,-1150.639198784049,1,1789162783.0723135,38.991418233333334,-76.93668792666666,-10.361,0,1,8.608356,6.922160999999999,64.368529,1,1,1789162784.029568,-0.9629685813124365,0.2679412847690624,-0.006353632381913131,-0.02930205926164854,176.95904095319958,-1.601004260161263,-31.055431459135328,-0.026840022303019198,0.03759491568673346,-0.006317568293443875,5.414055421295166,0.03755947011947632,-8.921796117649079
2026-09-11T17:39:44.066,44.37243251199999,-225.38494873046875,-20284.645385742188,-81138.58154296875,-154.38868988037112,-144.7469563674927,-3.6353163719177246,-2.4901917147636414,-5.570400220927968,1.0524443090359625,0.0,-0.032062530517578125,-262.65625,-11.542510986328125,-0.061035171151161194,-21.97266161441803,657.7631288258076,1,1789162783.0723135,38.991418233333334,-76.93668792666666,-10.361,0,1,8.608356,6.922160999999999,64.368529,1,1,1789162784.061568,-0.9628683519136882,0.26813870593382017,-0.009167793353339518,-0.030035359631346317,176.96454509309436,-1.9347901504394753,-31.0715483978399,-0.09558662167689864,0.13586672641782538,-0.004633849164044945,1.5118912554359436,-0.6953895629692077,-8.997895722904206
2026-09-11T17:39:44.099,44.405836351999994,-225.50413513183594,-20295.372161865234,-81181.48864746094,-154.47033256530764,-144.8285990524292,-3.5841996669769287,-2.4551767718791964,-5.49207402442554,1.0482310681777725,0.0,-0.032161712646484375,-263.46875,-11.578216552734375,-0.0610351637005806,-21.972658932209015,8.029642744343597e-05,1,1789162784.075146,38.991404573333334,-76.93668907,-10.287000000000003,0,1,20.657025,7.524049,72.965764,1,1,1789162784.089568,-0.9627925338366171,0.26852345724512655,-0.010996026449837977,-0.028368593548247834,177.20554636691446,-2.08654606672914,-31.116742531018474,-0.05679318839282069,0.22560527337006664,-0.04341209808363056,1.3952901850128172,-0.25075604463577267,-13.867485927219391
2026-09-11T17:39:44.134,44.43923935999999,-225.6228790283203,-20306.059112548828,-81224.23645019531,-154.55167213439944,-144.909938621521,-3.5856406688690186,-2.456163858175278,-5.494282073584635,-0.029550820575257174,0.0,-0.031703948974609375,-259.71875,-11.413421630859375,0.0305175818502903,10.986329466104507,986.7071970979389,1,1789162784.075146,38.991404573333334,-76.93668907,-10.287000000000003,0,1,20.657025,7.524049,72.965764,1,1,1789162784.129568,-0.9624752524470378,0.2691451158388333,-0.01571205321176323,-0.030909973001971163,177.07098379892014,-2.6872095155605056,-31.17735990939217,0.017169851049419416,0.1253376786393192,0.019671955065078486,-0.48493885049819946,1.3307624269485472,-9.736434546585082
2026-09-11T17:39:44.167,44.472653535999996,-225.7418670654297,-20316.768035888672,-81267.07214355469,-154.63317893981935,-144.99144542694094,-3.5603387355804443,-2.4388320338726044,-5.455511886794474,0.5186967442402151,0.0,-0.0315399169921875,-258.375,-11.3543701171875,-0.015258791856467724,-5.493165068328381,-493.18871530541304,1,1789162784.075146,38.991404573333334,-76.93668907,-10.287000000000003,0,1,20.657025,7.524049,72.965764,1,1,1789162784.161568,-0.9623699305457716,0.26945140452303074,-0.017469537525070918,-0.03057568708226491,177.16281276832018,-2.8718147697182466,-31.212015435802837,-0.0542331394459954,0.07737201653723542,-0.019570900501388013,2.1046051912117005,1.0805947813224792,-9.131756497611999
2026-09-11T17:39:44.200,44.50607222399998,-225.86099243164062,-20327.489318847656,-81309.95727539062,-154.71477981567384,-145.07304630279543,-3.5605509281158447,-2.4389773857593537,-5.455837029705062,-0.004349419305432598,0.0,-0.03130531311035156,-256.453125,-11.269912719726562,-0.0610351637005806,-21.972658932209015,-493.1221077227458,1,1789162784.075146,38.991404573333334,-76.93668907,-10.287000000000003,0,1,20.657025,7.524049,72.965764,1,1,1789162784.189568,-0.9622021857701133,0.26995930503251336,-0.018646332128531118,-0.030679661401837227,177.18908364683975,-3.0064056971275326,-31.270637929664304,-0.025111448211844013,0.07641592517299294,-0.018003943898947505,-0.7486396733474732,1.9348520769119264,-11.608425995960236
2026-09-11T17:39:44.233,44.53948428799998,-225.97630310058594,-20337.867279052734,-81351.46911621094,-154.79376762390137,-145.15203411102297,-3.4057257175445557,-2.332922116518021,-5.218598148975524,3.174160962977951,0.0,-0.03034210205078125,-248.5625,-10.92315673828125,0.045776382088661194,16.47949755191803,1150.8464871886617,1,1789162784.075146,38.991404573333334,-76.93668907,-10.287000000000003,0,1,20.657025,7.524049,72.965764,1,1,1789162784.229568,-0.9621353100421799,0.27040477632778276,-0.01870040350835071,-0.02876103297493396,177.4041376956947,-2.954269083144877,-31.32871631891386,0.040633010315679986,0.005386958736280498,0.04766319654271315,3.2154044550323486,3.515684082984924,-11.38179431072235
2026-09-11T17:39:44.266,44.572886208,-226.09292602539062,-20348.363342285156,-81393.45336914062,-154.8736543273926,-145.23192081451418,-3.407400369644165,-2.3340692532062532,-5.221164220665378,-0.034343435593873387,0.0,-0.03153800964355469,-258.359375,-11.353683471679688,0.0762939527630806,27.465822994709015,328.9129919114042,1,1789162784.075146,38.991404573333334,-76.93668907,-10.287000000000003,0,1,20.657025,7.524049,72.965764,1,1,1789162784.261568,-0.9622732289970375,0.2696167855956715,-0.01942785785016575,-0.03097708863058117,177.17917788301247,-3.100854278856644,-31.228034183802478,0.011709064885779559,0.08329356962340177,-0.02409427032378172,1.6109384220695495,5.491135691566467,-7.5404313758659365
2026-09-11T17:39:44.301,44.606287232,-226.2107391357422,-20358.966522216797,-81435.86608886719,-154.9543563079834,-145.312622795105,-3.5137362480163574,-2.406909329891205,-5.384102831717973,-2.180773759659358,0.0,-0.03177070617675781,-260.265625,-11.437454223632812,0.0,0.0,-822.3048189992378,1,1789162784.075146,38.991404573333334,-76.93668907,-10.287000000000003,0,1,20.657025,7.524049,72.965764,1,1,1789162784.289568,-0.9619375988599752,0.2705781993147694,-0.02145769661068285,-0.03167114161576747,177.16822183011706,-3.349182064947205,-31.3381410104696,-0.004880289654426544,-0.004061904768166403,-0.018094701020051212,-0.009414384155273438,0.9551677257537842,-13.031370934429168
2026-09-11T17:39:44.334,44.639703871999984,-226.3272247314453,-20369.450225830078,-81477.80090332031,-155.03414894104006,-145.39241542816163,-3.4898860454559326,-2.390571941137314,-5.347557133896991,0.4888998042262462,0.0,-0.030752182006835938,-251.921875,-11.070785522460938,0.1220703274011612,43.94531786441803,1315.0729057271608,1,1789162784.075146,38.991404573333334,-76.93668907,-10.287000000000003,0,1,20.657025,7.524049,72.965764,1,1,1789162784.329568,-0.9618016853963193,0.27076063674970274,-0.024202711660410003,-0.03225560887626418,177.1890113302917,-3.6707879488493544,-31.35521285427719,0.035564050569112854,0.06998491047816942,-0.018417063332894563,1.6095654910469055,2.2055156213760374,-8.524528719596864
2026-09-11T17:39:44.367,44.67312335999998,-226.44329833984375,-20379.896850585938,-81519.58740234375,-155.113659362793,-145.47192584991456,-3.4913175106048584,-2.391552494764328,-5.349750569891565,-0.02934077347368179,0.0,-0.02567291259765625,-210.3125,-9.24224853515625,0.2288818657398224,82.39747166633606,1150.5907511786656,1,1789162784.075146,38.991404573333334,-76.93668907,-10.287000000000003,0,1,20.657025,7.524049,72.965764,1,1,1789162784.361568,-0.9615061458940871,0.2716971229604837,-0.026746910533788474,-0.031164203179154144,177.39205578811288,-3.9203182999670245,-31.468607169513426,-0.005372821569339344,0.10943493662684765,0.02160368548118581,0.19073934564590453,0.063841292552948,-8.230917613754272
2026-09-11T17:39:44.400,44.70653372800001,-226.55865478515625,-20390.278930664062,-81561.11572265625,-155.19267852783204,-145.5509450149536,-3.4925522804260254,-2.3923983120918275,-5.3516426093678975,-0.02531601350510667,0.0,-0.018674850463867188,-152.984375,-6.7229461669921875,0.2746582329273224,98.87696385383606,493.2448570301069,1,1789162784.075146,38.991404573333334,-76.93668907,-10.287000000000003,0,1,20.657025,7.524049,72.965764,1,1,1789162784.389568,-0.9612686779089907,0.27252076971348255,-0.026896453536652723,-0.03116953212710696,177.39947754302102,-3.939215335438963,-31.566741290792947,0.020265890609532156,-0.017763612060947887,0.027101472624967947,-1.8401198363494873,-1.1366888202476502,-10.581767790527344
2026-09-11T17:39:44.434,44.73993772800003,-226.6732940673828,-20400.596466064453,-81602.38586425781,-155.27120643615723,-145.62947292327883,-3.4407835006713867,-2.3569366979599002,-5.27231723774136,1.061597836543752,0.0,-0.008815765380859375,-72.21875,-3.173675537109375,0.3509521782398224,126.34278416633606,822.2314786398238,1,1789162784.075146,38.991404573333334,-76.93668907,-10.287000000000003,0,1,20.657025,7.524049,72.965764,1,1,1789162784.429568,-0.9608383539910348,0.27412362526793654,-0.026120799065247426,-0.031041897911626242,177.39589364660074,-3.854005155896231,-31.75887315544475,0.006702064327658226,-0.0719943080459905,0.06545735186557093,2.5258008156585694,0.4583628285598755,-13.07412792913437
2026-09-11T17:39:44.468,44.77334329600001,-226.79205322265625,-20411.284790039062,-81645.13916015625,-155.35255645751954,-145.71082294464114,-3.51837420463562,-2.4100863301754,-5.391209578953555,-1.591041116724466,0.0,0.0035972597543150187,29.468751907348633,1.2950135115534067,0.1678467094898224,60.42481541633606,-1973.26292281705,1,1789162784.075146,38.991404573333334,-76.93668907,-10.287000000000003,0,1,20.657025,7.524049,72.965764,1,1,1789162784.461568,-0.9605065949582828,0.2756203919662851,-0.023184073275845044,-0.030380574720317036,177.38254523647808,-3.5135117433404677,-31.94170451710496,0.09217328125877333,-0.08211372704905362,0.10138268558984662,-3.763301999568939,1.6484978921890259,-11.604503335895538
2026-09-11T17:39:44.502,44.80676390399998,-226.9117889404297,-20422.061004638672,-81688.24401855469,-155.43457542419435,-145.79284191131592,-3.570725679397583,-2.4459470903873446,-5.471427814932315,-1.0730133997554703,0.0,0.009262085892260075,75.87500762939453,3.334350921213627,0.2593994438648224,93.38379979133606,986.1874558065462,1,1789162784.075146,38.991404573333334,-76.93668907,-10.287000000000003,0,1,20.657025,7.524049,72.965764,1,1,1789162784.501568,-0.959685039379356,0.27875512879590053,-0.02148065422503457,-0.028961782671124526,177.49625670606133,-3.2891984487373316,-32.32158910034092,0.01016060877341019,-0.17237220758546398,0.15981177109056158,2.9234604797172543,-0.9605613833427429,-7.914064747028351
2026-09-11T17:39:44.534,44.84018227199999,-227.03147888183594,-20432.833099365234,-81731.33239746094,-155.51656303405764,-145.8748295211792,-3.5721027851104736,-2.446890407800675,-5.473537955889119,-0.028227512885423207,0.0,0.0196762103587389,161.18751525878906,7.083435729146004,0.4577637314796448,164.79494333267212,2136.8830321488676,1,1789162784.075146,38.991404573333334,-76.93668907,-10.287000000000003,0,1,20.657025,7.524049,72.965764,1,1,1789162784.529568,-0.958951511115829,0.28148085229023245,-0.018375439525664415,-0.029032263860595448,177.3980583127939,-2.9569934155752424,-32.64990390973001,-0.05026792591838948,-0.1822181334947396,0.15186022555140063,-1.7022383350753785,-0.031773546524047847,-8.163545927143097
2026-09-11T17:39:44.567,44.87358784000003,-227.15283203125,-20443.7548828125,-81775.01953125,-155.59968994140627,-145.95795642852784,-3.6515145301818848,-2.5012874531745912,-5.595220680866563,-1.628382591005785,0.0,0.04057503119111061,332.3906555175781,14.60701122879982,0.24414068460464478,87.89064645767212,-2302.140076615974,1,1789162784.075146,38.991404573333334,-76.93668907,-10.287000000000003,0,1,20.657025,7.524049,72.965764,1,1,1789162784.561568,-0.9579129509137666,0.2849421507450073,-0.018135897550884933,-0.029695764353073282,177.32796990641378,-2.9616984284256227,-33.06233385186426,-0.010749133797182677,-0.2048726817185512,0.19926773135869658,2.426949782028198,2.025661657409668,-10.727494611930847
2026-09-11T17:39:44.600,44.90699424000002,-227.27320861816406,-20454.588775634766,-81818.35510253906,-155.6821479034424,-146.04041439056397,-3.6264355182647705,-2.484108330011368,-5.556792076797077,0.5142464666419744,0.0,0.042058948427438736,344.5469055175781,15.141221433877945,0.1525879055261612,54.93164598941803,-986.6073706913678,1,1789162784.075146,38.991404573333334,-76.93668907,-10.287000000000003,0,1,20.657025,7.524049,72.965764,1,1,1789162784.589568,-0.9569667913749605,0.2883106255512458,-0.016983988097841834,-0.02833879934038013,177.44958904194118,-2.7998399149496778,-33.47019455059748,0.0534651945751179,-0.23030474691398656,0.22629607468800597,-2.8405942858505244,-0.3172451327323913,-9.598553045310974
2026-09-11T17:39:44.635,44.94039929600001,-227.3917999267578,-20465.261993408203,-81861.04797363281,-155.76338294982912,-146.1216494369507,-3.54949688911438,-2.4314053690433504,-5.438898910708992,1.5776941361220809,0.0,0.047697070986032486,390.7344055175781,17.170945554971695,0.3204346001148224,115.35645604133606,1808.8522303908699,1,1789162784.075146,38.991404573333334,-76.93668907,-10.287000000000003,0,1,20.657025,7.524049,72.965764,1,1,1789162784.629568,-0.9554332958663174,0.29367653966298074,-0.014688718865590429,-0.026182985690929732,177.62476133217928,-2.4901043501365123,-34.120634081562976,0.09287385642052386,-0.11481980096802576,0.22417776857486046,-4.303354223976135,-2.5084430448722843,-11.618036513118744
2026-09-11T17:39:44.668,44.97381990399998,-227.50973510742188,-20475.87615966797,-81903.50463867188,-155.844168548584,-146.20243503570558,-3.4986443519592285,-2.396571381092072,-5.360977498863791,1.0422906714117213,0.0,0.05070114508271217,415.3437805175781,18.252412229776382,0.06103518605232239,21.97266697883606,-2794.1977914518807,1,1789162784.075146,38.991404573333334,-76.93668907,-10.287000000000003,0,1,20.657025,7.524049,72.965764,1,1,1789162784.661568,-0.954084748317881,0.29832022220363813,-0.01283671577456276,-0.02371827944225451,177.84358238249678,-2.214799319211173,-34.68482295027226,-0.014728484491729747,-0.16788269715055895,0.22112030079121678,-0.5012178897666931,0.754523663444519,-9.970028953437804
2026-09-11T17:39:44.702,45.00723750399999,-227.6213836669922,-20485.924530029297,-81943.69812011719,-155.92064781188967,-146.27891429901123,-3.395514488220215,-2.3259274244308474,-5.20295146839398,2.1139745721179732,0.0,0.05315399542450905,435.4375305175781,19.135438352823257,0.04577639698982239,16.47950291633606,-164.37937082551835,1,1789162784.075146,38.991404573333334,-76.93668907,-10.287000000000003,0,1,20.657025,7.524049,72.965764,1,1,1789162784.6895583,-0.9530392910246338,0.3018478121965733,-0.012545791834462722,-0.021133176350273918,178.12439309047033,-2.101580276824804,-35.11379893671043,0.007131066257798432,-0.11160490448585221,0.2107457146515121,-1.3997031775856017,-0.08953471597671508,-10.667968245449067
2026-09-11T17:39:44.734,45.04064208,-227.72525024414062,-20495.272521972656,-81981.09008789062,-155.99179641723634,-146.3500629043579,-3.1630144119262695,-2.1666648721694948,-4.84669128527535,4.767686686438037,0.0,0.05412674322724342,443.4062805175781,19.485627561807632,-0.04577634111046791,-16.479482799768448,-986.6608010859104,1,1789162784.075146,38.991404573333334,-76.93668907,-10.287000000000003,0,1,20.657025,7.524049,72.965764,1,1,1789162784.7295582,-0.9515635293968457,0.30672574295298904,-0.01176358008338851,-0.017543839812790504,178.49947187228867,-1.8996963819406247,-35.707399327463676,-0.04195963508012088,-0.12396550078140124,0.21547398612808996,2.2055156213760374,1.2565260852241515,-10.25814833518982
2026-09-11T17:39:44.769,45.074057856000024,-227.82864379882812,-20504.57794189453,-82018.31176757812,-156.0626210021973,-146.42088748931886,-3.060758352279663,-2.0966194713115693,-4.690004186004758,2.096177591622279,0.0,0.054441455751657486,445.9844055175781,19.598924070596695,0.0305175818502903,10.986329466104507,821.9414765603842,1,1789162784.075146,38.991404573333334,-76.93668907,-10.287000000000003,0,1,20.657025,7.524049,72.965764,1,1,1789162784.7615583,-0.9504351270534499,0.31046868263742466,-0.00998964112991636,-0.01350827281225062,178.88370247835036,-1.5687712731266188,-36.164955102827065,0.06826000157842343,-0.0444465547312876,0.2106795666728615,-4.8127116333770745,-2.110881447315216,-9.91020838745117
2026-09-11T17:39:44.802,45.10747619199998,-227.92376708984375,-20513.139038085938,-82052.55615234375,-156.12778045654298,-146.48604694366458,-2.8795835971832275,-1.972514764070511,-4.412389862362448,3.713671058942859,0.0,0.055715564638376236,456.4219055175781,20.057603269815445,0.030517585575580597,10.986330807209015,4.013079847686387e-05,1,1789162784.075146,38.991404573333334,-76.93668907,-10.287000000000003,0,1,20.657025,7.524049,72.965764,1,1,1789162784.7895582,-0.9493961509774156,0.3137669152170809,-0.009050751294824298,-0.010740359650621244,179.15667463910978,-1.370957317671952,-36.566424828556485,0.06448136374785571,-0.0621434952148093,0.2102489939463945,-1.577203545513153,-1.618097276687622,-8.361738326911926
2026-09-11T17:39:44.834,45.14103183999998,-228.0137481689453,-20521.237335205078,-82084.94934082031,-156.18941749572755,-146.54768398284912,-2.699763059616089,-1.8493376958370211,-4.136850608082094,3.6708296687781568,0.0,0.0549926795065403,450.5000305175781,19.797364622354507,-0.0915527418255806,-32.958987057209015,-1309.6250701048373,1,1789162784.075146,38.991404573333334,-76.93668907,-10.287000000000003,0,1,20.657025,7.524049,72.965764,1,1,1789162784.8295581,-0.9479816032357863,0.3179720220626766,-0.012025154512557895,-0.008948115490431886,179.4658949773377,-1.6325634067475954,-37.07735940282243,0.005713509839328637,-0.028980319564739846,0.1756324826281894,2.780871786365509,-1.787556191482544,-8.541003891868591
2026-09-11T17:39:44.868,45.174436832000026,-228.0967254638672,-20528.705291748047,-82114.82116699219,-156.24625694274903,-146.60452342987062,-2.4673848152160645,-1.6901585984230043,-3.780777108140217,4.765129038612185,0.0,0.054288867861032486,444.7344055175781,19.543992429971695,0.0,0.0,986.6485541192683,1,1789162784.075146,38.991404573333334,-76.93668907,-10.287000000000003,0,1,20.657025,7.524049,72.965764,1,1,1789162784.8615582,-0.9468575140635164,0.32125974361963844,-0.013543594452910245,-0.008342436106870568,179.5932202014906,-1.7769058298124014,-37.476862735842396,-0.06865165346257096,-0.015760497678433995,0.1861473932397544,1.5117931889343261,-1.712633384246826,-11.507613632297517
2026-09-11T17:39:44.901,45.207845280000015,-228.1776885986328,-20535.991973876953,-82143.96789550781,-156.3017166900635,-146.65998317718507,-2.443345308303833,-1.6736915361881257,-3.743941339003498,0.4929011438928301,0.0,0.054044727236032486,442.7344055175781,19.456101804971695,0.0,0.0,0.0,1,1789162784.075146,38.991404573333334,-76.93668907,-10.287000000000003,0,1,20.657025,7.524049,72.965764,1,1,1789162784.8895583,-0.9460306970468284,0.32371925730607803,-0.01351439134543901,-0.007008845900391877,179.74139602805266,-1.7253137446572067,-37.77664950214475,0.010629753276346266,-0.0002049016541841343,0.1859950259960553,2.450779941921234,0.544367150478363,-9.306707136497497
2026-09-11T17:39:44.935,45.241253664,-228.25418090820312,-20542.87628173828,-82171.50512695312,-156.35411392211915,-146.71238040924072,-2.3407914638519287,-1.6034421527385714,-3.5867979436707444,2.1027471262779156,0.0,0.05492592230439186,449.9531555175781,19.77333202958107,0.1831054836511612,65.91797411441803,1973.0967566240452,1,1789162784.075146,38.991404573333334,-76.93668907,-10.287000000000003,0,1,20.657025,7.524049,72.965764,1,1,1789162784.9295583,-0.9446380647742314,0.3277465932461356,-0.014230607179714621,-0.006211844689260977,179.86197556807613,-1.7740099830205938,-38.26677571361196,-0.004780631354137668,0.04948916000614961,0.1838824794694414,2.1684464837646487,-0.6957818289756775,-10.82820890909195
2026-09-11T17:39:44.969,45.27467372799998,-228.32681274414062,-20549.413146972656,-82197.65258789062,-156.40386672973634,-146.76213321685793,-2.2118947505950928,-1.5151479041576386,-3.389289334640383,2.6419533062826064,0.0,0.056570056825876236,463.4219055175781,20.365220457315445,0.0457763746380806,16.479494869709015,-1479.305343183465,1,1789162784.075146,38.991404573333334,-76.93668907,-10.287000000000003,0,1,20.657025,7.524049,72.965764,1,1,1789162784.961558,-0.94367735492894,0.3305488263175787,-0.013789616383836923,-0.00451327978054808,-179.9657156354324,-1.6623617855785753,-38.60890344728043,0.0178522747869492,-0.042726532753447184,0.13753351585347998,-2.688395075340271,-0.36706291555404663,-9.708387527122497
2026-09-11T17:39:45.002,45.308098271999995,-228.39932250976562,-20555.939025878906,-82223.75610351562,-156.45353591918948,-146.81180240631105,-2.1612436771392822,-1.4804519188404084,-3.3116766258956845,1.0380391522234833,0.0,0.057111743837594986,467.8594055175781,20.560227781534195,0.015258789993822575,5.493164397776127,-328.69051173678133,1,1789162784.075146,38.991404573333334,-76.93668907,-10.287000000000003,0,1,20.657025,7.524049,72.965764,1,1,1789162785.0015583,-0.942452380964627,0.3340404692972245,-0.012660859885258035,-0.006338541848209208,179.80001172396,-1.610176019119733,-39.02966095025991,0.004976806362061831,0.06151063882803616,0.16314622262649675,-1.0219510133552552,1.9336752788925171,-9.925114495697022
2026-09-11T17:39:45.035,45.341502112,-228.4696044921875,-20562.264404296875,-82249.0576171875,-156.50167907714845,-146.85994556427002,-2.1100893020629883,-1.445411171913147,-3.2332927073934,1.0490035554970827,0.0,0.06016731634736061,492.8906555175781,21.66023388504982,0.2136230617761612,76.90430223941803,2137.812234809841,1,1789162784.075146,38.991404573333334,-76.93668907,-10.287000000000003,0,1,20.657025,7.524049,72.965764,1,1,1789162785.0295582,-0.9416232420627337,0.3364697885146585,-0.010075425795645677,-0.005677782947949535,179.77577073752965,-1.3061884840028408,-39.32406207603744,-0.010884571347137436,-0.06353120650307,0.1784789401052669,-1.0244026758956908,4.26687348537445,-8.312999275608064
2026-09-11T17:39:45.068,45.37490403200002,-228.5399169921875,-20568.592529296875,-82274.3701171875,-156.54984313964846,-146.90810962677003,-2.0842955112457275,-1.4277424252033235,-3.1937688466430787,0.5289739844240845,0.0,0.06344223767518997,519.7188110351562,22.83920556306839,0.09155276417732239,32.95899510383606,-1315.6521282477029,1,1789162784.075146,38.991404573333334,-76.93668907,-10.287000000000003,0,1,20.657025,7.524049,72.965764,1,1,1789162785.0615582,-0.9406013881317717,0.33926089542118787,-0.011900295292047872,-0.005427380082499508,179.87760931510996,-1.4938395115750267,-39.665640352676796,0.006677280652279905,-0.06228032902816565,0.1325628181438001,2.26308065782547,1.525424432659149,-11.3432541755867
2026-09-11T17:39:45.102,45.40830860800003,-228.60928344726562,-20574.835510253906,-82299.34204101562,-156.59735916137697,-146.95562564849854,-2.0587496757507324,-1.4102435278892518,-3.1546249281702985,0.5238473110410613,0.0,0.06850243359804153,561.1719360351562,24.660876095294952,0.1525879204273224,54.93165135383606,657.7738406257208,1,1789162785.0760598,38.99139395833333,-76.936690695,-10.200000000000003,0,1,20.430399999999995,15.856324000000003,169.28612099999998,1,1,1789162785.1015582,-0.9393983215896582,0.3426231143429181,-0.01065842069651634,-0.005156838251164316,179.86331105145624,-1.349939487808019,-40.07485781835421,-0.034120488744788346,-0.056007615696498037,0.13733088312732342,-0.9838031442260743,1.217299484577179,-8.157465804042817
2026-09-11T17:39:45.136,45.44171440000002,-228.67820739746094,-20581.038665771484,-82324.15466308594,-156.64457206726075,-147.00283855438232,-2.058527946472168,-1.4100916433334352,-3.15428517209519,0.00454665334133142,0.0,0.07336807996034622,601.0313110351562,26.41250878572464,0.1373291313648224,49.43848729133606,-164.43747427094664,1,1789162785.0760598,38.99139395833333,-76.936690695,-10.200000000000003,0,1,20.430399999999995,15.856324000000003,169.28612099999998,1,1,1789162785.1295583,-0.938356535852463,0.34542860997716546,-0.011978498242191079,-0.004754220448254663,179.9629244440933,-1.476371469258599,-40.41894930053898,-0.0006354743806511353,-0.05813290312665153,0.2024965904748861,-0.24840244859695432,-1.1509084629821777,-11.061411049938203
2026-09-11T17:39:45.170,45.475129503999995,-228.74591064453125,-20587.131958007812,-82348.52783203125,-156.69094879150393,-147.0492152786255,-2.0061919689178467,-1.374241498708725,-3.0740906825087766,1.0728724538682028,0.0,0.0787811353802681,645.3750610351562,28.361208736896515,0.015258817933499813,5.493174456059933,-1315.1332054903735,1,1789162785.0760598,38.99139395833333,-76.936690695,-10.200000000000003,0,1,20.430399999999995,15.856324000000003,169.28612099999998,1,1,1789162785.1615582,-0.9372403771457244,0.3484483104639476,-0.012326182707928195,-0.003509359259412869,-179.8846918380514,-1.464115368850758,-40.78984462778692,0.000822748209390127,-0.051398899273681804,0.164240369534572,-9.193832593135832,-1.8725798483848572,-10.705331582565307
2026-09-11T17:39:45.203,45.508547711999995,-228.8128662109375,-20593.157958984375,-82372.6318359375,-156.7368133544922,-147.09507984161377,-2.006409168243408,-1.3743902802467347,-3.0744234973307383,-0.004452109999724606,0.0,0.08132363110780716,666.2031860351562,29.276507198810577,0.0610351599752903,21.972657591104507,493.1288695984035,1,1789162785.0760598,38.99139395833333,-76.936690695,-10.200000000000003,0,1,20.430399999999995,15.856324000000003,169.28612099999998,1,1,1789162785.201558,-0.9359266688136589,0.35203820795715474,-0.01010112297297069,-0.0028875692836010844,-179.902182842868,-1.1999123353801773,-41.22746656730323,0.044447252862988396,0.018411129213437783,0.17921773797763615,-2.89766898979187,0.8322903992271423,-8.692908902873993
2026-09-11T17:39:45.235,45.54195372800001,-228.8771209716797,-20598.940887451172,-82395.76354980469,-156.7808278656006,-147.13909435272217,-1.954592227935791,-1.338895676136017,-2.9950243292233703,1.0625213168401153,0.0,0.0826721265912056,677.2500610351562,29.761965572834015,0.0,0.0,-657.7455267666368,1,1789162785.0760598,38.99139395833333,-76.936690695,-10.200000000000003,0,1,20.430399999999995,15.856324000000003,169.28612099999998,1,1,1789162785.2295582,-0.9349758600444947,0.3545690712997844,-0.0096882334512776,-0.002655737987697108,-179.8908758246165,-1.1459813341221454,-41.537356229632124,0.0588179448580593,0.05599731825391127,0.17123023865588408,2.4042964201545716,0.459833826084137,-10.247164887008667
2026-09-11T17:39:45.269,45.57535574399998,-228.9402618408203,-20604.623565673828,-82418.49426269531,-156.82407936096192,-147.18234584808351,-1.9294074773788452,-1.321644122004509,-2.956433701692259,0.5164824222443447,0.0,0.0826721265912056,677.2500610351562,29.761965572834015,0.0,0.0,0.0,1,1789162785.0760598,38.99139395833333,-76.936690695,-10.200000000000003,0,1,20.430399999999995,15.856324000000003,169.28612099999998,1,1,1789162785.2615583,-0.9338684334467304,0.35747360974114184,-0.009583100829963196,-0.0032452317128686004,-179.9547171959652,-1.1585354413523214,-41.89294817259161,0.024871465439694793,0.029222920330767056,0.17671458676442586,1.293399089832306,0.7676645746612549,-10.748480843276976
